case,season,age,matches,wins,losses,titles,majorTitles,centuries,highestBreak,overall,cash,cashDelta,recordedCategoryTotal,unclassifiedCashChange,prizeMoney,sponsorIncome,coachingStaffCosts,facilityCosts,equipmentMaintenance,tournamentEntryFees,travelHotelCosts,treatmentRecoveryCosts,teamAndStoryEvents,other
age12-104729,2026/27,13,26,4,22,0,0,0,35,50,1241.5,-6758.5,-6758.5,-0.0,0,2900,-156,0,-11165,-429,-2530.8,0,450.0,4172.3
age12-104729,2027/28,14,20,0,20,0,0,0,41,53,1207.3,-34.2,-34.2,-0.0,0,2550,-464,0,-4036,-155,-1615,0,-50,3735.8
age12-104729,2028/29,15,23,3,20,0,0,0,30,56,1208.1,0.8,0.8,-0.0,3,2550,-156,0,-3816,-140,-2280,0,-50,3889.8
age12-104729,2029/30,16,26,3,23,0,0,0,50,59,2126.9,918.8,918.8,-0.0,60,2550,-1500,0,-1092,-189,-2565,0,50,3604.8
age12-104729,2030/31,17,25,6,19,0,0,0,49,62,4661.12,2534.22,2534.22,0.0,8,2956,-970,0,-84,-300,-2565,-180,-50,3719.22
age12-104729,2031/32,18,23,6,17,0,0,0,91,66,6835.76,2174.64,2174.64,0.0,0,2912,-1762,0,-38,-330,-2530.8,0,50,3873.44
age12-104729,2032/33,19,29,18,11,1,0,0,93,70,9573.86,2738.1,2738.1,0.0,65,7987,-6912,0,0,-375,-2291.4,0,450,3814.5
age12-104729,2033/34,20,27,14,13,0,0,0,97,73,8940.84,-633.02,-633.02,0.0,40,7644,-9180,0,-84,-375,-2257.2,0,200,3379.18
age12-104729,2034/35,21,31,22,9,2,0,2,112,77,11182.86,2242.02,2242.02,0.0,160,8469,-7134,0,0,-375,-2565,0,-50,3737.02
age12-104729,2035/36,22,18,7,11,0,0,1,124,80,17438.51,6255.65,6255.65,0.0,4500,8282,-2666,0,-122,-1685,-4009,-180,200,1935.65
age12-104729,2036/37,23,29,19,10,0,0,9,138,81,5653.12,-11785.39,-11785.39,0.0,1220,7426,-13780,0,0,-1785,-4041,-180,200,-845.39
age12-104729,2037/38,24,15,3,12,0,0,2,114,82,33835.39,28182.27,28182.27,0.0,5250,30194,-3544,0,-480,0,-5480.64,0,1400,842.91
age12-104729,2038/39,25,23,12,11,0,0,17,140,83,113494.22,79658.83,79658.83,0.0,32500,60362,-1872,0,-122,0,-6444.6,0,400,-5164.57
age12-104729,2039/40,26,47,39,8,2,0,26,144,85,251599.4,138105.18,138105.18,0.0,83670,59651,-1872,0,0,-1685,-3556.08,-360,450,1807.26
age12-104729,2040/41,27,38,29,9,0,0,22,142,86,301297.65,49698.25,49698.25,0.0,37120,27781,-1872,0,-122,-1785,-4041,-180,300,-7502.75
age12-104729,2041/42,28,27,14,11,0,0,18,141,86,367366.34,66068.69,66068.69,0.0,39650,39387,-1872,0,-84,0,-6193.8,-180,2000,-6638.51
age12-104729,2042/43,29,22,10,10,0,0,9,139,87,440549.83,73183.49,73183.49,0.0,24600,60688,-1872,0,-122,0,-5647.84,-180,2000,-6282.67
age12-104729,2043/44,30,34,26,8,2,0,20,147,88,513594.81,73044.98,73044.98,0.0,13320,64756,-1872,0,0,-1685,-3556.08,-180,450,1812.06
age12-104729,2044/45,31,33,26,7,2,0,17,144,89,616135.51,102540.7,102540.7,0.0,86970,27588,-1872,0,-122,-725,-3225,-180,-50,-5843.3
age12-104729,2045/46,32,24,12,10,0,0,9,131,89,665131.5,48995.99,48995.99,0.0,26500,33738,-1872,0,-84,0,-6379,-180,2000,-4727.01
age12-104729,2046/47,33,32,18,11,0,0,20,142,90,742268.7,77137.2,77137.2,0.0,40500,53631,-1872,0,-38,0,-6193.8,0,0,-8890.0
age12-104729,2047/48,34,16,13,3,0,0,6,136,90,779690.79,37422.09,37422.09,0.0,0,46870,-1872,0,-84,-1235,-1568.28,0,300,-4988.63
age12-104729,2048/49,35,24,13,9,0,0,14,130,91,852952.67,73261.88,73261.88,0.0,36500,50207,-1872,0,0,0,-6323,0,1000,-6250.12
age12-104729,2049/50,36,20,9,9,0,0,10,138,91,927427.36,74474.69,74474.69,0.0,19600,66980,-156,0,-122,0,-6228,-180,1400,-6819.31
age12-104729,2050/51,37,19,14,5,0,0,9,141,91,983602.48,56175.12,56175.12,0.0,750,66200,-1872,0,0,-1235,-1632,0,450,-6485.88
age12-104729,2051/52,38,21,10,11,0,0,13,144,91,1051737.11,68134.63,68134.63,0.0,25250,55375,-1755,0,-84,0,-6193.8,-180,2000,-6277.57
age12-104729,2052/53,39,21,9,10,0,0,17,135,91,1130292.53,78555.42,78555.42,0.0,29500,65243,-1833,0,-122,0,-6673.8,0,0,-7558.78
age12-104729,2053/54,40,15,11,4,0,0,4,142,91,1171306.63,41014.1,41014.1,0.0,0,50572,-1872,0,0,-1235,-1632,0,200,-5018.9
age12-104729,2054/55,41,18,14,4,1,0,6,135,91,1199726.34,28419.71,28419.71,0.0,4500,27375,-1872,0,0,-375,-1632,0,450,-26.29
age12-104729,2055/56,42,18,13,5,0,0,12,139,90,1219582.91,19856.57,19856.57,0.0,2500,24370,-1872,0,-122,-375,-1632,-360,200,-2852.43
age12-104729,2056/57,43,9,5,4,0,0,4,132,89,1236963.05,17380.14,17380.14,0.0,0,24616,-1872,0,0,-1235,-1632,-180,200,-2516.86
age12-104729,2057/58,44,18,13,5,0,0,6,136,88,1254461.66,17498.61,17498.61,0.0,1450,23734,-1872,0,0,-1335,-1750.68,0,300,-3027.71
age12-104729,2058/59,45,39,25,13,0,0,19,143,88,1332600.02,78138.36,78138.36,0.0,59900,33479,-1872,0,-122,0,-5731.44,-180,400,-7735.2
age12-104729,2059/60,46,28,15,11,0,0,11,144,87,1434631.54,102031.52,102031.52,0.0,52500,62677,-1872,0,-84,0,-6149.44,-360,2000,-6680.04
age12-104729,2060/61,47,21,8,11,0,0,11,138,85,1518416.64,83785.1,83785.1,0.0,30700,66793,-1872,0,0,0,-5989.84,0,1000,-6846.06
age12-104729,2061/62,48,13,8,5,0,0,2,111,84,1571442.98,53026.34,53026.34,0.0,212.5,62157,-1872,0,-122,-375,-1632,0,300,-5642.16
age12-104729,2062/63,49,16,10,6,0,0,5,129,83,1582534.94,11091.96,11091.96,0.0,0,19158,-1872,0,0,-1335,-2202,0,-50,-2607.04
age12-104729,2063/64,50,7,2,5,0,0,0,94,81,1599356.1,16821.16,16821.16,0.0,0,22339,-1443,0,0,-375,-1632,0,200,-2267.84
age12-104729,2064/65,51,11,6,5,0,0,3,133,80,1609909.45,10553.35,10553.35,0.0,150,14768,-585,0,0,-375,-1632,-180,300,-1892.65
age12-104729,2065/66,52,10,5,5,0,0,2,112,78,1614190.73,4281.28,4281.28,0.0,125,9352,-1872,0,-84,-375,-1632,-180,300,-1352.72
age12-104729,2066/67,53,6,2,4,0,0,0,73,76,1628592.7,14401.97,14401.97,0.0,0,20168,-1716,0,0,-375,-1632,0,50,-2093.03
age12-104729,2067/68,54,9,2,7,0,0,0,63,74,1642179.7,13587.0,13587.0,0.0,0,21108,-1872,0,0,-1335,-2202,0,50,-2162.0
age12-104729,2068/69,55,8,1,7,0,0,1,127,73,1653082.75,10903.05,10903.05,0.0,0,18142,-1872,0,-38,-1335,-2202,0,150,-1941.95
age12-104729,2069/70,56,6,1,5,0,0,0,60,71,1671315.12,18232.37,18232.37,0.0,0,24477,-1872,0,0,-375,-1632,0,50,-2415.63
age12-104729,2070/71,57,6,0,6,0,0,0,50,68,1683776.5,12461.38,12461.38,0.0,0,18344,-1872,0,0,-375,-1632,0,-50,-1953.62
age12-104729,2071/72,58,6,0,6,0,0,0,38,67,1697176.58,13400.08,13400.08,0.0,0,19338,-1872,0,0,-375,-1436.16,-180,-50,-2024.76
age12-104729,2072/73,59,6,1,5,0,0,0,62,64,1708709.23,11532.65,11532.65,0.0,0,17316,-1872,0,0,-375,-1632,0,-50,-1854.35
age12-104729,2073/74,60,8,0,8,0,0,0,50,62,1719600.71,10891.48,10891.48,0.0,0,17770,-1872,0,-84,-1335,-2006.16,0,300,-1881.36
age12-104729,2074/75,61,8,1,7,0,0,0,33,60,1723244.76,3644.05,3644.05,0.0,0,10366,-1872,0,0,-1335,-2133.6,0,-50,-1331.35
age12-104729,2075/76,62,6,1,5,0,0,0,33,58,1728223.15,4978.39,4978.39,0.0,0,10008,-1872,0,0,-375,-1436.16,0,-50,-1296.45
age12-104729,2076/77,63,7,1,6,0,0,0,25,56,1741519.82,13296.67,13296.67,0.0,0,19219,-1872,0,0,-375,-1436.16,-180,-50,-2009.17
age12-104729,2077/78,64,6,0,6,0,0,0,28,54,1757771.68,16251.86,16251.86,0.0,0,22425,-1872,0,0,-375,-1632,0,-50,-2244.14
age12-104729,2078/79,65,6,0,6,0,0,0,22,51,1771834.86,14063.18,14063.18,0.0,0,18308,-585,0,0,-375,-1499.88,0,150,-1934.94
age12-130363,2026/27,13,20,2,18,0,0,0,40,50,955.05,-7044.95,-7044.95,-0.0,0,2950,-156,0,-12647,-124,-1675.8,0,200,4407.85
age12-130363,2027/28,14,20,5,15,0,0,0,51,53,1158.05,203.0,203.0,-0.0,0,2310,-117,0,-4010,-80,-1710,0,-50,3860.0
age12-130363,2028/29,15,26,7,19,0,0,0,57,56,1208.61,50.56,50.56,-0.0,12,2484,-156,0,-3280,-96,-2565,0,50,3601.56
age12-130363,2029/30,16,27,6,21,0,0,0,53,59,3019.41,1810.8,1810.8,-0.0,200,2550,-1500,0,0,-254,-2565,-180,50,3509.8
age12-130363,2030/31,17,24,6,18,0,0,0,59,62,4966.63,1947.22,1947.22,0.0,0,2956,-1564,0,-84,-300,-2565,-360,50,3814.22
age12-130363,2031/32,18,25,4,21,0,0,0,67,66,6936.47,1969.84,1969.84,0.0,3,2912,-1795,0,-38,-330,-2565,0,50,3732.84
age12-130363,2032/33,19,33,17,16,0,0,0,92,70,8918.24,1981.77,1981.77,0.0,110,8319,-6171,0,0,-375,-2565,0,300,2363.77
age12-130363,2033/34,20,24,11,13,0,0,1,101,73,12981.45,4063.21,4063.21,0.0,3,8138,-5050,0,-84,-375,-2565,0,450,3546.21
age12-130363,2034/35,21,32,20,12,0,0,4,126,77,20265.65,7284.2,7284.2,0.0,38,8281,-1872,0,0,-375,-2257.2,0,450,3019.4
age12-130363,2035/36,22,18,7,11,0,0,3,108,80,23360.84,3095.19,3095.19,0.0,0,8125,-1872,0,-122,-1685,-3562.12,0,200,2011.31
age12-130363,2036/37,23,25,17,8,1,0,9,132,81,41986.6,18625.76,18625.76,0.0,10600,14257,-1872,0,-480,-825,-3756,-180,300,581.76
age12-130363,2037/38,24,19,7,10,0,0,13,142,82,86915.51,44928.91,44928.91,0.0,17850,34713,-1872,0,0,0,-5514.84,0,2000,-2247.25
age12-130363,2038/39,25,20,10,9,0,0,10,143,84,157996.18,71080.67,71080.67,0.0,23600,61963,-1872,0,-122,0,-6228,0,400,-6660.33
age12-130363,2039/40,26,33,27,6,2,0,12,139,85,290290.95,132294.77,132294.77,0.0,87450,51725,-1014,0,-84,-725,-3225,-180,450,-2102.23
age12-130363,2040/41,27,29,16,12,0,0,9,134,86,351548.6,61257.65,61257.65,0.0,37950,35187,-936,0,-38,0,-5613.52,0,1000,-6291.83
age12-130363,2041/42,28,32,19,11,0,0,24,139,86,438192.1,86643.5,86643.5,0.0,38000,65018,-1794,0,-84,0,-5480.64,-180,800,-9635.86
age12-130363,2042/43,29,39,30,9,1,0,16,142,87,562644.55,124452.45,124452.45,0.0,78510,59026,-1872,0,-122,-1685,-4041,0,300,-5663.55
age12-130363,2043/44,30,26,16,8,0,0,24,140,88,651947.97,89303.42,89303.42,0.0,55100,48305,-1872,0,-84,0,-6513,-180,1000,-6452.58
age12-130363,2044/45,31,18,5,12,0,0,5,132,89,719634.24,67686.27,67686.27,0.0,16750,65558,-1872,0,0,0,-6383.8,0,400,-6765.93
age12-130363,2045/46,32,17,13,4,0,0,20,139,89,764518.71,44884.47,44884.47,0.0,750,54119,-1872,0,-122,-1235,-1436.16,-180,200,-5339.37
age12-130363,2046/47,33,28,14,11,0,0,22,147,90,836437.81,71919.1,71919.1,0.0,41250,45294,-1872,0,-84,0,-6228,0,1000,-7440.9
age12-130363,2047/48,34,24,12,9,0,0,10,140,90,913894.59,77456.78,77456.78,0.0,27100,65427,-1872,0,-38,0,-6383.8,-360,1400,-7816.42
age12-130363,2048/49,35,15,12,3,0,0,6,139,91,955908.43,42013.84,42013.84,0.0,0,51350,-1872,0,0,-1235,-1568.28,0,450,-5110.88
age12-130363,2049/50,36,37,26,8,0,0,25,141,91,1050148.88,94240.45,94240.45,0.0,67100,42056,-1872,0,-84,0,-6193.8,0,1000,-7765.75
age12-130363,2050/51,37,34,23,11,0,0,17,140,91,1168677.4,118528.52,118528.52,0.0,71000,62932,-1872,0,-122,0,-6491.44,0,1000,-7918.04
age12-130363,2051/52,38,27,16,10,0,0,20,142,91,1280649.88,111972.48,111972.48,0.0,66850,60395,-1872,0,-122,0,-6957.6,-180,1400,-7540.92
age12-130363,2052/53,39,24,12,10,0,0,8,132,91,1376071.61,95421.73,95421.73,0.0,49500,59961,-1872,0,-84,0,-5982.24,0,2000,-8101.03
age12-130363,2053/54,40,21,10,9,0,0,11,135,91,1467694.53,91622.92,91622.92,0.0,34400,71713,-1872,0,-38,0,-5580.96,-180,1000,-7819.12
age12-130363,2054/55,41,11,7,4,0,0,6,145,91,1526757.57,59063.04,59063.04,0.0,125,67268,-585,0,-84,-375,-1632,0,200,-5853.96
age12-130363,2055/56,42,12,7,5,0,0,6,138,90,1550669.53,23911.96,23911.96,0.0,1250,28912,-1326,0,0,-375,-1436.16,-360,200,-2952.88
age12-130363,2056/57,43,18,15,3,2,0,10,145,89,1588888.87,38219.34,38219.34,0.0,16500,23725,-1833,0,0,-375,-1568.28,0,300,1470.62
age12-130363,2057/58,44,24,13,10,0,0,12,141,88,1652897.14,64008.27,64008.27,0.0,31900,44312,-1872,0,-122,0,-6228,-180,2000,-5801.73
age12-130363,2058/59,45,25,14,9,0,0,9,142,87,1745834.79,92937.65,92937.65,0.0,43350,64259,-1872,0,-84,0,-6159.6,-180,2000,-8375.75
age12-130363,2059/60,46,19,16,3,1,0,9,141,86,1817022.99,71188.2,71188.2,0.0,11000,61998,-1872,0,0,-375,-1436.16,-180,450,1603.36
age12-130363,2060/61,47,26,15,11,0,0,16,141,85,1877769.63,60746.64,60746.64,0.0,35850,38212,-1872,0,-122,0,-6288.8,-180,400,-5252.56
age12-130363,2061/62,48,20,7,12,0,0,5,144,83,1940750.8,62981.17,62981.17,0.0,20250,55866,-1872,0,0,0,-5480.64,0,0,-5782.19
age12-130363,2062/63,49,17,12,5,0,0,5,135,82,1985638.9,44888.1,44888.1,0.0,1440,53768,-1872,0,-84,-1335,-1917,0,300,-5411.9
age12-130363,2063/64,50,16,3,13,0,0,2,124,80,2024934.94,39296.04,39296.04,0.0,10250,42293,-1872,0,-38,0,-6228,0,400,-5508.96
age12-130363,2064/65,51,15,2,13,0,0,3,121,79,2081422.41,56487.47,56487.47,0.0,9750,59569,-1872,0,-84,0,-6228,0,1400,-6047.53
age12-130363,2065/66,52,6,0,6,0,0,0,99,76,2132070.21,50647.8,50647.8,0.0,0,59693,-1872,0,0,-375,-1632,0,-50,-5116.2
age12-130363,2066/67,53,9,4,5,0,0,2,127,75,2151288.35,19218.14,19218.14,0.0,0,25778,-1872,0,0,-375,-1632,0,-50,-2630.86
age12-130363,2067/68,54,6,0,6,0,0,0,46,72,2165806.95,14518.6,14518.6,0.0,0,21274,-1872,0,0,-1235,-1632,0,150,-2166.4
age12-130363,2068/69,55,8,1,7,0,0,0,49,71,2180325.21,14518.26,14518.26,0.0,0,22330,-1443,0,0,-1335,-2202,-540,-50,-2241.74
age12-130363,2069/70,56,6,0,6,0,0,0,62,68,2186886.49,6561.28,6561.28,0.0,0,10275,-585,0,0,-375,-1499.88,0,50,-1303.84
age12-130363,2070/71,57,6,0,6,0,0,0,34,66,2191132.42,4245.93,4245.93,0.0,0,9051,-1716,0,0,-375,-1436.16,0,-50,-1227.91
age12-130363,2071/72,58,6,1,5,0,0,0,39,64,2201505.21,10372.79,10372.79,0.0,0,15837,-1872,0,0,-375,-1436.16,0,-50,-1731.05
age12-130363,2072/73,59,6,0,6,0,0,0,33,62,2215846.01,14340.8,14340.8,0.0,0,20345,-1872,0,-84,-375,-1632,0,50,-2091.2
age12-130363,2073/74,60,8,0,8,0,0,0,28,59,2224212.18,8366.17,8366.17,0.0,0,15374,-1872,0,-38,-1335,-2006.16,0,-50,-1706.67
age12-130363,2074/75,61,8,0,8,0,0,0,30,57,2225969.05,1756.87,1756.87,0.0,0,8161,-1872,0,0,-1335,-2001.48,0,-50,-1145.65
age12-130363,2075/76,62,6,0,6,0,0,0,35,54,2231180.07,5211.02,5211.02,0.0,0,10153,-1872,0,0,-375,-1436.16,0,50,-1308.82
age12-130363,2076/77,63,6,0,6,0,0,0,29,51,2245631.35,14451.28,14451.28,0.0,0,20266,-1872,0,0,-375,-1436.16,0,-50,-2081.56
age12-130363,2077/78,64,6,0,6,0,0,0,19,49,2260342.59,14711.24,14711.24,0.0,0,20776,-1872,0,0,-375,-1632,0,-50,-2135.76
age12-130363,2078/79,65,6,0,6,0,0,0,22,46,2271159.87,10817.28,10817.28,0.0,0,16544,-1872,0,0,-375,-1632,0,-50,-1797.72
age15-104729,2026/27,16,31,21,10,2,0,0,84,66,4360.45,-3639.55,-3639.55,0.0,1450,2950,-1500,0,-8527,-290,-2257.2,0,450,4084.65
age15-104729,2027/28,17,37,30,7,3,0,0,80,70,5990.09,1629.64,1629.64,0.0,440,3135,-2537,0,0,-300,-2565,0,200,3256.64
age15-104729,2028/29,18,42,35,7,3,0,0,95,73,7975.38,1985.29,1985.29,0.0,750,3411,-2576,0,-84,-300,-2565,0,300,3049.29
age15-104729,2029/30,19,54,37,17,0,0,5,144,76,8019.54,44.16,44.16,0.0,5303,9772,-6287,0,-122,-1895,-4611,-360,200,-1955.84
age15-104729,2030/31,20,38,22,16,0,0,3,132,79,3284.74,-4734.8,-4734.8,0.0,350,9716,-8012,0,0,-1745,-3943.08,-180,50,-970.72
age15-104729,2031/32,21,16,4,12,0,0,2,109,81,29571.99,26287.25,26287.25,0.0,12250,22184,-4536,0,-602,0,-5480.64,0,1000,1471.89
age15-104729,2032/33,22,20,9,10,0,0,3,136,83,101893.31,72321.32,72321.32,0.0,22750,60988,-1872,0,0,0,-5480.64,0,400,-4464.04
age15-104729,2033/34,23,32,25,7,1,0,14,135,84,185098.92,83205.61,83205.61,0.0,46000,51612,-1872,0,-122,-725,-2838.0,-180,200,-8869.39
age15-104729,2034/35,24,20,8,12,0,0,9,132,86,240455.87,55356.95,55356.95,0.0,13850,55137,-1872,0,0,0,-6276.4,-180,400,-5701.65
age15-104729,2035/36,25,24,13,11,0,0,13,138,87,330034.78,89578.91,89578.91,0.0,38100,67350,-1872,0,-84,0,-5549.04,-180,0,-8186.05
age15-104729,2036/37,26,36,32,4,4,0,17,143,88,488251.18,158216.4,158216.4,0.0,93250,56893,-1872,0,-122,-725,-3225,-180,200,13997.4
age15-104729,2037/38,27,25,15,8,0,0,17,141,88,557819.26,69568.08,69568.08,0.0,52400,30100,-1872,0,-84,0,-6474,-180,400,-4721.92
age15-104729,2038/39,28,24,13,10,0,0,14,139,89,647151.03,89331.77,89331.77,0.0,44500,59273,-1872,0,-38,0,-6494,0,1000,-7037.23
age15-104729,2039/40,29,40,31,9,1,0,19,144,90,695730.08,48579.05,48579.05,0.0,7500,52773,-1833,0,-84,-1685,-3590.28,0,-50,-4451.67
age15-104729,2040/41,30,28,16,11,0,0,20,147,90,755608.88,59878.8,59878.8,0.0,33100,40212,-1755,0,-122,0,-6159.6,0,1000,-6396.6
age15-104729,2041/42,31,31,20,10,1,0,19,141,91,957869.9,202261.02,202261.02,0.0,153000,60204,-1872,0,-84,0,-6483.84,0,0,-2503.14
age15-104729,2042/43,32,27,15,11,0,0,15,141,91,1082682.07,124812.17,124812.17,0.0,76550,65091,-1872,0,-38,0,-6956.08,-180,0,-7782.75
age15-104729,2043/44,33,24,12,9,0,0,17,138,92,1206368.36,123686.29,123686.29,0.0,67200,69596,-156,0,-84,0,-6722,0,2000,-8147.71
age15-104729,2044/45,34,31,20,10,0,0,21,138,92,1355066.32,148697.96,148697.96,0.0,94100,71500,-1872,0,-122,0,-7273,0,1000,-8635.04
age15-104729,2045/46,35,34,23,9,1,0,27,144,93,1600193.31,245126.99,245126.99,0.0,188850,66342,-1872,0,-122,0,-7241.56,0,1000,-1829.45
age15-104729,2046/47,36,27,13,12,0,0,20,136,93,1798900.08,198706.77,198706.77,0.0,94950,125574,-1872,0,-84,0,-8107.32,-180,1400,-12973.91
age15-104729,2047/48,37,34,20,12,0,0,16,144,93,2071160.51,272260.43,272260.43,0.0,124600,173257,-1872,0,-122,0,-7843,0,2000,-17759.57
age15-104729,2048/49,38,22,11,9,0,0,15,143,93,2212354.67,141194.16,141194.16,0.0,50250,109340,-1872,0,-84,0,-6991.8,-180,1400,-10668.04
age15-104729,2049/50,39,38,27,9,0,0,21,138,93,2472534.45,260179.78,260179.78,0.0,204200,71488,-1872,0,-122,0,-6567.44,0,2000,-8946.78
age15-104729,2050/51,40,28,15,10,0,0,14,138,93,2611096.25,138561.8,138561.8,0.0,83000,73424,-1872,0,0,0,-7316.32,-180,400,-8893.88
age15-104729,2051/52,41,31,16,12,0,0,20,141,92,2779381.51,168285.26,168285.26,0.0,112850,72830,-1872,0,-122,0,-7566.68,-180,2000,-9654.06
age15-104729,2052/53,42,28,17,11,1,0,13,135,92,3064242.13,284860.62,284860.62,0.0,190450,104231,-1872,0,-84,0,-7853,0,2000,-2011.38
age15-104729,2053/54,43,35,23,11,1,0,27,141,91,3582344.41,518102.28,518102.28,0.0,406050,121094,-1872,0,-122,0,-8409,-720,2000,81.28
age15-104729,2054/55,44,25,13,11,0,0,16,142,90,3894397.41,312053,312053,0,90200,253500,-1794,0,-122,0,-8836,-180,1400,-22115
age15-104729,2055/56,45,19,9,10,0,0,10,141,90,4158211.63,263814.22,263814.22,0.0,71850,219284,-1794,0,0,0,-7981,-180,2000,-19364.78
age15-104729,2056/57,46,18,13,5,0,0,10,139,88,4177418.51,19206.88,19206.88,0.0,2690,24388,-1872,0,-84,-1235,-1632,0,200,-3248.12
age15-104729,2057/58,47,18,11,7,0,0,10,142,87,4192638.05,15219.54,15219.54,0.0,0,21944,-1014,0,0,-1335,-1937.76,0,450,-2887.7
age15-104729,2058/59,48,13,8,5,0,0,5,139,86,4210951.23,18313.18,18313.18,0.0,462.5,23194,-1014,0,-38,-375,-1568.28,0,200,-2548.04
age15-104729,2059/60,49,10,5,5,0,0,7,130,85,4223478.83,12527.6,12527.6,0.0,350,18012,-1872,0,-84,-375,-1499.88,0,50,-2053.52
age15-104729,2060/61,50,18,14,4,0,0,4,138,84,4239019.22,15540.39,15540.39,0.0,2890,18712,-1872,0,0,-375,-1436.16,0,200,-2578.45
age15-104729,2061/62,51,9,4,5,0,0,0,91,82,4256692.87,17673.65,17673.65,0.0,150,23550,-1872,0,0,-375,-1436.16,-180,300,-2463.19
age15-104729,2062/63,52,13,6,7,0,0,2,123,80,4270528.86,13835.99,13835.99,0.0,0,21175,-1872,0,0,-1335,-1937.76,0,300,-2494.25
age15-104729,2063/64,53,6,1,5,0,0,0,90,78,4285546.43,15017.57,15017.57,0.0,0,20601,-1872,0,-84,-375,-1436.16,0,300,-2116.27
age15-104729,2064/65,54,7,2,5,0,0,0,74,76,4298500.15,12953.72,12953.72,0.0,0,18762,-1872,0,0,-375,-1632,0,50,-1979.28
age15-104729,2065/66,55,6,1,5,0,0,0,64,74,4310920.91,12420.76,12420.76,0.0,0,18408,-1872,0,0,-375,-1632,-360,200,-1948.24
age15-104729,2066/67,56,6,0,6,0,0,0,58,72,4325380.43,14459.52,14459.52,0.0,0,20400,-1872,0,-38,-375,-1499.88,0,-50,-2105.6
age15-104729,2067/68,57,8,0,8,0,0,0,51,70,4338038.65,12658.22,12658.22,0.0,0,20106,-1872,0,0,-1335,-2202,0,50,-2088.78
age15-104729,2068/69,58,8,0,8,0,0,0,55,68,4342585.53,4546.88,4546.88,0.0,0,11308,-1872,0,0,-1335,-2202,0,50,-1402.12
age15-104729,2069/70,59,7,2,5,0,0,0,63,66,4346694.69,4109.16,4109.16,0.0,0,9170,-1755,0,0,-375,-1632,0,-50,-1248.84
age15-104729,2070/71,60,6,1,5,0,0,0,46,64,4356304.45,9609.76,9609.76,0.0,0,15219,-1833,0,0,-375,-1632,0,-50,-1719.24
age15-104729,2071/72,61,6,0,6,0,0,0,34,62,4369735.29,13430.84,13430.84,0.0,0,19263,-1872,0,0,-375,-1436.16,-180,50,-2019.0
age15-104729,2072/73,62,6,0,6,0,0,0,52,60,4382580.54,12845.25,12845.25,0.0,0,17436,-585,0,-84,-375,-1632,0,-50,-1864.75
age15-104729,2073/74,63,8,0,8,0,0,0,46,57,4394095.74,11515.2,11515.2,0.0,0,18194,-1443,0,0,-1335,-1937.76,0,-50,-1913.04
age15-104729,2074/75,64,4,0,4,0,0,0,37,55,4397267.0,3171.26,3171.26,0.0,0,17863,-1872,0,0,-275,-1291,0,-50,-11203.74
age15-104729,2075/76,65,6,0,6,0,0,0,20,53,4404978.57,7711.57,7711.57,0.0,0,20587,-1872,0,0,-375,-1219.68,0,-50,-9358.75
age15-130363,2026/27,16,30,20,10,1,0,0,59,66,4631.85,-3368.15,-3368.15,-0.0,2060,2950,-1500,0,-8515,-291,-2565,0,450,4042.85
age15-130363,2027/28,17,30,17,13,0,0,1,115,69,6225.65,1593.8,1593.8,0.0,38,2550,-1525,0,0,-300,-2565,-180,200.0,3375.8
age15-130363,2028/29,18,41,32,9,2,0,1,115,73,7854.86,1629.21,1629.21,0.0,1283,2748,-2620,0,-84,-300,-2565,0,300,2867.21
age15-130363,2029/30,19,48,38,10,1,0,1,102,76,12759.55,4904.69,4904.69,0.0,7853,10290,-7211,0,-38,-935,-4041,-1080,450,-383.31
age15-130363,2030/31,20,18,5,12,0,0,1,107,79,59051.21,46291.66,46291.66,0.0,14500,39106,-1872,0,-564,0,-5480.64,-180,1400,-617.7
age15-130363,2031/32,21,17,6,10,0,0,6,123,81,122851.32,63800.11,63800.11,-0.0,11600,64060,-1872,0,-38,0,-5514.84,-180,1400,-5655.05
age15-130363,2032/33,22,31,22,9,0,0,11,134,83,152068.03,29216.71,29216.71,0.0,3280,45068,-1872,0,-84,-1685,-3756,0,50,-11784.29
age15-130363,2033/34,23,22,10,11,0,0,8,134,84,204733.22,52665.19,52665.19,0.0,32250,31622,-1872,0,-84,0,-6513,0,2000,-4737.81
age15-130363,2034/35,24,17,6,10,0,0,8,123,85,270951.95,66218.73,66218.73,0.0,14000,65013,-1872,0,-38,0,-6228,0,2000,-6656.27
age15-130363,2035/36,25,34,26,8,1,0,14,137,87,319374.22,48422.27,48422.27,0.0,9170,51523,-1872,0,-84,-1685,-4041,-180,450,-4858.73
age15-130363,2036/37,26,21,10,10,0,0,15,138,87,367414.48,48040.26,48040.26,0.0,18100,43464,-1872,0,-38,0,-5480.64,-360,0,-5773.1
age15-130363,2037/38,27,25,16,9,0,0,24,140,88,475529.29,108114.81,108114.81,0.0,60000,62663,-1872,0,-84,0,-5815.04,-180,1000,-7597.15
age15-130363,2038/39,28,43,39,4,4,0,11,138,89,633933.72,158404.43,158404.43,0.0,95000,54223,-1872,0,-122,-725,-2838.0,0,300,14438.43
age15-130363,2039/40,29,31,19,10,1,0,19,141,90,798197.8,164264.08,164264.08,0.0,144600,29450,-1872,0,-84,0,-7234,0,1000,-1595.92
age15-130363,2040/41,30,20,9,9,0,0,16,141,90,893949.26,95751.46,95751.46,0.0,51150,60086,-1755,0,-38,0,-6907.16,0,1000,-7784.38
age15-130363,2041/42,31,16,6,9,0,0,7,136,91,984856.72,90907.46,90907.46,0.0,33150,72293,-1833,0,-84,0,-5664.56,-360,1000,-7593.98
age15-130363,2042/43,32,13,9,4,0,0,6,135,91,1037367.55,52510.83,52510.83,0.0,0,61326,-1014,0,0,-1235,-1185.36,0,300,-5680.81
age15-130363,2043/44,33,27,16,9,0,0,21,141,92,1104688.55,67321.0,67321.0,0.0,41100,37216,-1014,0,-122,0,-6228,-180,2000,-5451.0
age15-130363,2044/45,34,25,15,10,0,0,15,131,92,1190334.72,85646.17,85646.17,0.0,40500,59534,-1872,0,-84,0,-6551,0,800,-6680.83
age15-130363,2045/46,35,12,9,3,0,0,7,135,93,1234377.79,44043.07,44043.07,0.0,0,53387,-1872,0,0,-1235,-1185.36,-180,300,-5171.57
age15-130363,2046/47,36,35,22,10,0,0,23,144,93,1319698.79,85321.0,85321.0,0.0,62900,39191,-1872,0,-122,0,-6608,-180,400,-8388.0
age15-130363,2047/48,37,27,17,9,0,0,19,137,93,1430252.54,110553.75,110553.75,0.0,57600,68758,-1872,0,-84,0,-6646,-180,2000,-9022.25
age15-130363,2048/49,38,29,17,11,1,0,9,136,93,1593079.34,162826.8,162826.8,0.0,101850,69004,-1872,0,-38,0,-6430.64,0,2000,-1686.56
age15-130363,2049/50,39,18,7,10,0,0,16,135,93,1677165.95,84086.61,84086.61,0.0,32750,65011,-1872,0,-84,0,-5982.24,0,1400,-7136.15
age15-130363,2050/51,40,26,15,9,0,0,14,141,93,1771753.93,94587.98,94587.98,0.0,43000,65854,-1872,0,-122,0,-5815.04,0,1000,-7456.98
age15-130363,2051/52,41,14,11,3,1,0,6,129,92,1828134.7,56380.77,56380.77,0.0,9350,50325,-1872,0,0,-375,-1568.28,0,450,71.05
age15-130363,2052/53,42,17,4,12,0,0,6,135,92,1875286.14,47151.44,47151.44,0.0,15250,44464,-1872,0,0,0,-6228,0,1400,-5862.56
age15-130363,2053/54,43,26,12,12,0,0,15,138,91,1947409.4,72123.26,72123.26,0.0,23900,63188,-1872,0,-122,0,-6228,-180,1000,-7562.74
age15-130363,2054/55,44,18,14,4,0,0,6,133,90,1983533.87,36124.47,36124.47,0.0,2090,41949,-1872,0,0,-375,-1499.88,0,200,-4367.65
age15-130363,2055/56,45,20,17,3,1,0,9,137,89,2009135.08,25601.21,25601.21,0.0,2100,27167,-1716,0,-84,-375,-1436.16,-180,50,75.37
age15-130363,2056/57,46,11,6,5,0,0,5,130,88,2021935.66,12800.58,12800.58,0.0,0,19939,-1872,0,0,-1235,-1436.16,-180,-50,-2365.26
age15-130363,2057/58,47,14,10,4,0,0,8,139,87,2039341.89,17406.23,17406.23,0.0,0,23579,-156,0,-38,-1335,-1917,0,50,-2776.77
age15-130363,2058/59,48,25,13,12,0,0,7,137,85,2111557.51,72215.62,72215.62,0.0,42800,42062,-1872,0,-84,0,-6228,0,2000,-6462.38
age15-130363,2059/60,49,19,7,10,0,0,10,138,84,2178200.8,66643.29,66643.29,0.0,20250,60084,-1872,0,-84,0,-6228,-360,1400,-6546.71
age15-130363,2060/61,50,12,7,5,0,0,3,125,82,2219896.98,41696.18,41696.18,0.0,250,50170,-1872,0,-38,-375,-1499.88,-360,-50,-4528.94
age15-130363,2061/62,51,10,6,4,0,0,3,128,80,2240319.72,20422.74,20422.74,0.0,0,26659,-1872,0,0,-375,-1568.28,0,200,-2620.98
age15-130363,2062/63,52,8,3,5,0,0,0,99,79,2256723.76,16404.04,16404.04,0.0,0,23436,-1872,0,0,-1235,-1632,0,200,-2492.96
age15-130363,2063/64,53,6,0,6,0,0,0,80,76,2273726.13,17002.37,17002.37,0.0,0,23349,-1872,0,0,-375,-1632,-180,50,-2337.63
age15-130363,2064/65,54,8,4,4,0,0,0,52,74,2287719.21,13993.08,13993.08,0.0,0,19812,-1872,0,0,-375,-1436.16,0,-50,-2085.76
age15-130363,2065/66,55,7,1,6,0,0,1,108,72,2304066.38,16347.17,16347.17,0.0,0,22507,-1872,0,-84,-375,-1436.16,-180,50,-2262.67
age15-130363,2066/67,56,6,1,5,0,0,0,94,70,2320943.38,16877.0,16877.0,0.0,0,23016,-1872,0,0,-375,-1632,0,50,-2310.0
age15-130363,2067/68,57,8,0,8,0,0,0,62,67,2331724.1,10780.72,10780.72,0.0,0,18084,-1872,0,0,-1335,-2133.6,0,-50,-1912.68
age15-130363,2068/69,58,8,1,7,0,0,0,53,65,2333216.29,1492.19,1492.19,0.0,0,8161,-1872,0,0,-1335,-2006.16,-360,50,-1145.65
age15-130363,2069/70,59,7,1,6,0,0,0,36,63,2337443.61,4227.32,4227.32,0.0,0,9383,-1833,0,0,-375,-1632,0,-50,-1265.68
age15-130363,2070/71,60,6,1,5,0,0,0,35,60,2347702.5,10258.89,10258.89,0.0,0,15603,-1755,0,0,-375,-1436.16,0,-50,-1727.95
age15-130363,2071/72,61,6,0,6,0,0,0,46,58,2363614.88,15912.38,15912.38,0.0,0,21732,-1443,0,0,-375,-1568.28,-180,-50,-2203.34
age15-130363,2072/73,62,6,0,6,0,0,0,27,55,2378282.96,14668.08,14668.08,0.0,0,19368,-585,0,-38,-375,-1632,0,-50,-2019.92
age15-130363,2073/74,63,8,0,8,0,0,0,27,52,2386547.84,8264.88,8264.88,0.0,0,15148,-1872,0,0,-1335,-1937.76,0,-50,-1688.36
age15-130363,2074/75,64,8,0,8,0,0,0,43,50,2387909.09,1361.25,1361.25,0.0,0,8022,-1872,0,-84,-1335,-2006.16,-180,-50,-1133.59
age15-130363,2075/76,65,6,0,6,0,0,0,25,48,2393556.54,5647.45,5647.45,0.0,0,10904,-1872,0,0,-375,-1597.8,0,-50,-1361.75
age18-104729,2026/27,19,44,35,9,4,0,1,102,72,31751.87,23751.87,23751.87,0.0,7910,25303,-6726,0,-8782,-810,-3556.08,-180,200,10392.95
age18-104729,2027/28,20,18,6,10,0,0,0,91,75,81896.62,50144.75,50144.75,0.0,14000,41418,-1794,0,0,0,-5549.04,0,1400,669.79
age18-104729,2028/29,21,16,3,13,0,0,1,102,79,139904.67,58008.05,58008.05,0.0,7750,64411,-1872,0,-84,0,-6228,0,0,-5968.95
age18-104729,2029/30,22,38,32,6,2,0,12,137,82,229291.46,89386.79,89386.79,0.0,40040,54767,-1872,0,-38,-1685,-3756,-180,200,1910.79
age18-104729,2030/31,23,27,14,13,0,0,8,130,82,280906.52,51615.06,51615.06,0.0,32600,31999,-1872,0,-84,0,-6228,-360,1400,-5839.94
age18-104729,2031/32,24,25,13,11,0,0,8,130,84,365137.96,84231.44,84231.44,0.0,36600,61584,-1872,0,-122,0,-6228,-180,1400,-6950.56
age18-104729,2032/33,25,43,35,8,2,0,17,141,86,491406.38,126268.42,126268.42,0.0,82520,48748,-1872,0,-84,-1685,-4041,0,200,2482.42
age18-104729,2033/34,26,41,33,8,1,0,19,140,87,589563.68,98157.3,98157.3,0.0,82000,29528,-1872,0,-38,-1785,-4311,0,200,-5564.7
age18-104729,2034/35,27,38,26,10,1,0,25,141,87,836480.34,246916.66,246916.66,0.0,216700,40854,-1872,0,-122,0,-7273,0,1000,-2370.34
age18-104729,2035/36,28,31,15,15,1,0,13,131,88,1083254.74,246774.4,246774.4,0.0,166450,94159,-1872,0,-84,0,-7245.04,0,1000,-5633.56
age18-104729,2036/37,29,18,6,10,0,0,10,139,89,1236193.19,152938.45,152938.45,0.0,54200,115365,-156,0,-122,0,-6901.84,-180,1000,-10266.71
age18-104729,2037/38,30,31,18,12,1,1,18,140,90,1889265.09,653071.9,653071.9,0.0,527650,135230,-1872,0,-84,0,-8952.24,-180,1400,-119.86
age18-104729,2038/39,31,33,17,15,0,0,25,145,91,2259976.49,370711.4,370711.4,0.0,198300,204659,-1872,0,-122,0,-9574.4,0,1000,-21679.2
age18-104729,2039/40,32,32,19,10,1,0,12,144,91,2733220.77,473244.28,473244.28,0.0,188200,282473,-1872,0,-122,0,-7942.88,0,1000,11508.16
age18-104729,2040/41,33,25,14,10,0,0,16,138,92,3044753.98,311533.21,311533.21,0.0,76100,267688,-1872,0,0,0,-6400.24,-180,400,-24202.55
age18-104729,2041/42,34,21,10,10,0,0,12,140,92,3133906.5,89152.52,89152.52,0.0,35100,68301,-1755,0,-84,0,-5815.04,-180,2000,-8414.44
age18-104729,2042/43,35,15,13,2,0,0,9,134,93,3165022.88,31116.38,31116.38,0.0,750,38472,-1833,0,-38,-1235,-1185.36,0,200,-4014.26
age18-104729,2043/44,36,27,16,10,0,0,11,134,93,3225149.4,60126.52,60126.52,0.0,37400,35668,-1872,0,-84,0,-5480.64,-180,0,-5324.84
age18-104729,2044/45,37,28,17,10,0,0,16,141,93,3337492.74,112343.34,112343.34,0.0,66600,58380,-1872,0,-122,0,-5872.04,-180,2000,-6590.62
age18-104729,2045/46,38,12,6,6,0,0,6,138,93,3378489.32,40996.58,40996.58,0.0,0,50465,-1872,0,0,-1235,-1499.88,-180,50,-4731.54
age18-104729,2046/47,39,15,10,5,0,0,9,139,93,3400560.81,22071.49,22071.49,0.0,750,29408,-1872,0,0,-1335,-1686.96,-180,200,-3212.55
age18-104729,2047/48,40,28,16,10,0,0,14,144,93,3481604.14,81043.33,81043.33,0.0,67000,24938,-1872,0,-122,0,-5647.84,0,1400,-4652.83
age18-104729,2048/49,41,29,20,8,0,0,19,139,92,3744475.53,262871.39,262871.39,0.0,219600,61007,-1872,0,-168,0,-6988,0,0,-8707.61
age18-104729,2049/50,42,19,5,12,0,0,15,137,92,3838201.11,93725.58,93725.58,0.0,71300,38194,-1872,0,-38,0,-8836,0,0,-5022.42
age18-104729,2050/51,43,42,28,14,2,0,24,138,91,4248620.31,410419.2,410419.2,0.0,345750,69212,-1014,0,-84,0,-8219,0,1000,3774.2
age18-104729,2051/52,44,25,14,11,0,0,24,147,90,4377201.39,128581.08,128581.08,0.0,74600,70382,-1014,0,-122,0,-7368,-360,1000,-8536.92
age18-104729,2052/53,45,41,19,19,1,0,12,137,89,4690566.36,313364.97,313364.97,0.0,229800,98432,-1872,0,-122,0,-8043,0,2000,-6830.03
age18-104729,2053/54,46,27,14,12,0,0,16,136,88,4921426.56,230860.2,230860.2,0.0,108850,146100,-1872,0,-84,0,-8504,-360,1000,-14269.8
age18-104729,2054/55,47,27,14,11,0,0,13,136,87,5153803.39,232376.83,232376.83,0.0,114050,141776,-1872,0,-38,0,-8646,0,1400,-14293.17
age18-104729,2055/56,48,26,15,10,0,0,12,137,86,5315905.9,162102.51,162102.51,0.0,55325,126287,-1833,0,-84,0,-6166.16,-540,1400,-12286.33
age18-104729,2056/57,49,20,7,11,0,0,8,138,84,5411824.44,95918.54,95918.54,0.0,20500,90075,-1755,0,-84,0,-5598.44,-180,1400,-8439.02
age18-104729,2057/58,50,18,12,6,0,0,2,133,83,5470399.55,58575.11,58575.11,0.0,1250,69894,-1872,0,-38,-1335,-2202,-540,-50,-6531.89
age18-104729,2058/59,51,12,7,5,0,0,4,139,82,5494370.23,23970.68,23970.68,0.0,750,29863,-1872,0,0,-375,-1436.16,0,50,-3009.16
age18-104729,2059/60,52,10,6,4,0,0,1,107,80,5506187.89,11817.66,11817.66,0.0,0,17293,-1872,0,-84,-375,-1499.88,0,450,-2094.46
age18-104729,2060/61,53,7,2,5,0,0,1,103,78,5519406.59,13218.7,13218.7,0.0,0,18812,-1872,0,0,-375,-1436.16,0,50,-1960.14
age18-104729,2061/62,54,6,0,6,0,0,0,69,76,5537003.98,17597.39,17597.39,0.0,0,23563,-1872,0,0,-375,-1436.16,0,50,-2332.45
age18-104729,2062/63,55,9,1,8,0,0,0,73,74,5550629.62,13625.64,13625.64,0.0,0,20801,-1872,0,0,-1335,-1937.76,0,150,-2180.6
age18-104729,2063/64,56,8,3,5,0,0,0,54,72,5555056.03,4426.41,4426.41,0.0,0,9326,-1872,0,0,-375,-1632,0,300,-1320.59
age18-104729,2064/65,57,6,1,5,0,0,0,56,70,5567246.01,12189.98,12189.98,0.0,0,17843,-1872,0,0,-375,-1436.16,0,-50,-1919.86
age18-104729,2065/66,58,6,0,6,0,0,0,47,68,5582988.25,15742.24,15742.24,0.0,0,20862,-585,0,0,-375,-1632,-360,-50,-2117.76
age18-104729,2066/67,59,7,2,5,0,0,0,97,66,5595303.08,12314.83,12314.83,0.0,0,17281,-1443,0,0,-375,-1499.88,0,200,-1848.29
age18-104729,2067/68,60,7,2,5,0,0,0,72,64,5611728.94,16425.86,16425.86,0.0,0,23583,-1872,0,-38,-1235,-1632,0,50,-2430.14
age18-104729,2068/69,61,8,1,7,0,0,0,34,61,5622339.78,10610.84,10610.84,0.0,0,18094,-1872,0,-84,-1335,-2202,0,-50,-1940.16
age18-104729,2069/70,62,4,0,4,0,0,0,37,59,5634048.51,11708.73,11708.73,0.0,0,16814,-1872,0,0,-175,-1632,0,-50,-1376.27
age18-104729,2070/71,63,6,0,6,0,0,0,14,57,5651920.5,17871.99,17871.99,0.0,0,23998,-1794,0,0,-375,-1632,0,50,-2375.01
age18-104729,2071/72,64,6,0,6,0,0,0,35,55,5663276.16,11355.66,11355.66,0.0,0,17230,-1794,0,0,-375,-1632,-180,-50,-1843.34
age18-104729,2072/73,65,6,0,6,0,0,0,34,53,5669778.05,6501.89,6501.89,0.0,0,11875,-1872,0,0,-375,-1632,0,-50,-1444.11
age18-130363,2026/27,19,45,30,15,1,0,0,83,72,24686.18,16686.18,16686.18,0.0,5450,26645,-5230,0,-8782,-1770,-4576.8,-180,-50,5179.98
age18-130363,2027/28,20,47,35,12,2,0,3,134,75,43245.23,18559.05,18559.05,0.0,270,22700,-1755,0,-84,-1830,-4224.88,-360,300,3542.93
age18-130363,2028/29,21,59,49,10,3,0,5,131,79,64328.68,21083.45,21083.45,0.0,3060,24103,-1872,0,-122,-1830,-4546.08,0,50,2240.53
age18-130363,2029/30,22,30,19,11,0,0,7,141,81,90652.43,26323.75,26323.75,0.0,12890,25377,-1872,0,0,-1785,-3806.88,-360,450,-4569.37
age18-130363,2030/31,23,39,29,10,1,0,8,138,82,111115.84,20463.41,20463.41,0.0,5400,26846,-1872,0,-122,-1785,-3806.88,-720,450,-3926.71
age18-130363,2031/32,24,33,24,9,2,0,11,138,84,204500.84,93385.0,93385.0,0.0,78600,24342,-1872,0,-84,-1785,-4006.44,-180,-50,-1579.56
age18-130363,2032/33,25,39,31,8,1,0,23,138,85,248677.78,44176.94,44176.94,0.0,26250,27500,-1872,0,-38,-825,-3305.28,0,300,-3832.78
age18-130363,2033/34,26,22,11,10,0,0,9,147,86,304351.2,55673.42,55673.42,0.0,27600,39040,-1872,0,-84,0,-5480.64,0,1400,-4929.94
age18-130363,2034/35,27,27,14,11,0,0,16,147,87,397350.36,92999.16,92999.16,0.0,45200,63436,-1872,0,-122,0,-6228,0,0,-7414.84
age18-130363,2035/36,28,42,38,4,5,0,25,139,88,565433.3,168082.94,168082.94,0.0,100000,53171,-1872,0,-84,-725,-3225,-180,200,20797.94
age18-130363,2036/37,29,23,12,10,0,0,12,136,89,627426.91,61993.61,61993.61,0.0,31900,42050,-1872,0,-38,0,-5613.52,-180,1000,-5252.87
age18-130363,2037/38,30,27,15,10,1,0,28,138,90,861666.98,234240.07,234240.07,0.0,174500,65152,-156,0,-84,0,-6483.84,-180,1000,491.91
age18-130363,2038/39,31,25,12,12,0,0,19,141,91,972031.78,110364.8,110364.8,0.0,60800,66158,-1872,0,-122,0,-6913.24,0,400,-8085.96
age18-130363,2039/40,32,22,11,9,0,0,16,139,91,1069515.75,97483.97,97483.97,0.0,42350,70098,-1872,0,-84,0,-6437,-180,1400,-7791.03
age18-130363,2040/41,33,19,15,4,0,0,13,132,92,1119338.27,49822.52,49822.52,0.0,3150,57025,-1833,0,-38,-1335,-1436.16,-180,50,-5580.32
age18-130363,2041/42,34,24,11,10,0,0,10,139,92,1178937.92,59599.65,59599.65,0.0,26150,47556,-1755,0,-84,0,-5591.88,0,400,-7075.47
age18-130363,2042/43,35,25,13,11,0,0,22,136,93,1287433.64,108495.72,108495.72,0.0,56350,65900,-1872,0,0,0,-6418,0,2000,-7464.28
age18-130363,2043/44,36,19,15,4,0,0,10,135,93,1325825.48,38391.84,38391.84,0.0,750,46832,-1872,0,-122,-1235,-1499.88,0,450,-4911.28
age18-130363,2044/45,37,17,14,3,0,0,7,144,93,1344963.4,19137.92,19137.92,0.0,750,25926,-1872,0,0,-1335,-1568.28,0,450,-3212.8
age18-130363,2045/46,38,30,19,9,0,0,28,142,93,1431874.34,86910.94,86910.94,0.0,70500,29136,-1872,0,-122,0,-6513,0,1000,-5218.06
age18-130363,2046/47,39,23,10,12,0,0,17,139,93,1513222.62,81348.28,81348.28,0.0,35350,59820,-1872,0,-84,0,-5898.64,0,1000,-6967.08
age18-130363,2047/48,40,13,8,5,0,0,5,134,93,1545768.9,32546.28,32546.28,0.0,0,40749,-1872,0,0,-1235,-1436.16,0,450,-4109.56
age18-130363,2048/49,41,20,16,4,0,0,9,131,92,1571290.54,25521.64,25521.64,0.0,3500,28697,-1872,0,0,-375,-1436.16,-180,450,-3262.2
age18-130363,2049/50,42,27,25,2,2,0,13,141,91,1608019.54,36729,36729,0,13100,25376,-1872,0,-122,-375,-1632,0,50,2204
age18-130363,2050/51,43,23,12,10,0,0,18,136,91,1680806.09,72786.55,72786.55,0.0,37100,51276,-1872,0,-84,0,-7355,-720,1400,-6958.45
age18-130363,2051/52,44,24,14,8,0,0,14,138,89,1769295.79,88489.7,88489.7,0.0,34600,67067,-1014,0,-38,0,-6228,-180,2000,-7717.3
age18-130363,2052/53,45,17,13,4,0,0,7,136,88,1823481.68,54185.89,54185.89,0.0,1940,61099,-1014,0,-84,-375,-1632,-180,200,-5768.11
age18-130363,2053/54,46,16,12,4,0,0,6,136,87,1846604.04,23122.36,23122.36,0.0,1915,28132,-1872,0,0,-375,-1632,0,200,-3245.64
age18-130363,2054/55,47,10,6,4,0,0,6,133,86,1865227.22,18623.18,18623.18,0.0,350,24462,-1872,0,0,-375,-1632,0,300,-2609.82
age18-130363,2055/56,48,13,9,4,0,0,5,138,85,1882178.1,16950.88,16950.88,0.0,350,23050,-1794,0,-38,-375,-1436.16,-180,-50,-2575.96
age18-130363,2056/57,49,12,7,5,0,0,3,136,83,1898794.26,16616.16,16616.16,0.0,0,23640,-1794,0,-84,-1235,-1597.8,0,450,-2763.04
age18-130363,2057/58,50,16,9,7,0,0,3,138,82,1914434.78,15640.52,15640.52,0.0,0,23894,-1872,0,0,-1335,-1937.76,-360,50,-2798.72
age18-130363,2058/59,51,7,3,4,0,0,1,121,80,1932546.23,18111.45,18111.45,0.0,0,24266,-1872,0,0,-375,-1568.28,0,50,-2389.27
age18-130363,2059/60,52,7,1,6,0,0,1,102,78,1943142.24,10596.01,10596.01,0.0,0,15912,-1872,0,0,-375,-1632,0,300,-1736.99
age18-130363,2060/61,53,6,0,6,0,0,0,62,76,1958338.13,15195.89,15195.89,0.0,0,21281,-1872,0,0,-375,-1632,0,-50,-2156.11
age18-130363,2061/62,54,7,1,6,0,0,0,72,74,1969034.2,10696.07,10696.07,0.0,0,16419,-1872,0,0,-375,-1632,0,-50,-1793.93
age18-130363,2062/63,55,6,0,6,0,0,0,68,72,1983727.24,14693.04,14693.04,0.0,0,21541,-1872,0,0,-1235,-1499.88,0,-50,-2191.08
age18-130363,2063/64,56,6,0,6,0,0,0,57,69,1999958.14,16230.9,16230.9,0.0,0,22291,-1872,0,-84,-375,-1436.16,0,-50,-2242.94
age18-130363,2064/65,57,6,0,6,0,0,0,44,67,2006229.52,6271.38,6271.38,0.0,0,11556,-1872,0,0,-375,-1568.28,0,-50,-1419.34
age18-130363,2065/66,58,6,0,6,0,0,0,43,65,2015391.6,9162.08,9162.08,0.0,0,14612,-1872,0,0,-375,-1436.16,-180,50,-1636.76
age18-130363,2066/67,59,6,0,6,0,0,0,39,63,2025738.18,10346.58,10346.58,0.0,0,14528,-585,0,-38,-375,-1499.88,0,-50,-1633.54
age18-130363,2067/68,60,8,0,8,0,0,0,42,61,2031531.6,5793.42,5793.42,0.0,0,12238,-1443,0,0,-1335,-2138.28,0,-50,-1478.3
age18-130363,2068/69,61,8,0,8,0,0,0,30,58,2033196.74,1665.14,1665.14,0.0,0,8222,-1872,0,0,-1335,-2133.6,0,-50,-1166.26
age18-130363,2069/70,62,6,0,6,0,0,0,33,55,2036582.77,3386.03,3386.03,0.0,0,8268,-1872,0,0,-375,-1436.16,0,-50,-1148.81
age18-130363,2070/71,63,6,0,6,0,0,0,22,53,2042970.37,6387.6,6387.6,0.0,0,11397,-1755,0,0,-375,-1436.16,0,-50,-1393.24
age18-130363,2071/72,64,6,0,6,0,0,0,21,50,2057876.01,14905.64,14905.64,0.0,0,20715,-1833,0,0,-375,-1436.16,0,-50,-2115.2
age18-130363,2072/73,65,6,0,6,0,0,0,21,48,2071496.97,13620.96,13620.96,0.0,0,19585,-1872,0,0,-375,-1632,0,-50,-2035.04
age21-104729,2026/27,22,21,15,6,0,0,0,76,77,24763.44,16763.44,16763.44,0.0,1290,25459,-8691,0,-8782,-1335,-1854.16,-180,-50,10906.6
age21-104729,2027/28,23,25,11,13,0,0,1,110,80,78437.11,53673.67,53673.67,-0.0,17500,38588,-546,0,0,0,-5549.04,0,1000,2680.71
age21-104729,2028/29,24,21,9,10,0,0,7,137,83,145628.04,67190.93,67190.93,0.0,18150,61884,-1443,0,-122,0,-6228,0,1000,-6050.07
age21-104729,2029/30,25,49,45,4,4,0,28,141,84,301451.52,155823.48,155823.48,0.0,91940,55080,-1872,0,-84,-1685,-3756,0,200,16000.48
age21-104729,2030/31,26,21,9,11,0,0,7,137,85,350764.82,49313.3,49313.3,0.0,29750,31607,-1872,0,-38,0,-6228,-360,2000,-5545.7
age21-104729,2031/32,27,20,8,10,0,0,4,137,87,412417.98,61653.16,61653.16,0.0,13500,62004,-1872,0,-84,0,-6228,0,1000,-6666.84
age21-104729,2032/33,28,35,29,6,2,0,14,137,88,501796.7,89378.72,89378.72,0.0,47470,49174,-1872,0,-84,-725,-3225,0,300,-1659.28
age21-104729,2033/34,29,28,14,11,0,0,11,141,88,565571.86,63775.16,63775.16,0.0,37600,39404,-1872,0,-38,0,-6379,0,1000,-5939.84
age21-104729,2034/35,30,28,14,9,1,0,21,140,89,683012.52,117440.66,117440.66,0.0,66250,61250,-1872,0,-84,0,-6608,0,400,-1895.34
age21-104729,2035/36,31,33,27,6,2,0,18,141,90,808382.57,125370.05,125370.05,0.0,82220,48018,-1872,0,-122,-1685,-3590.64,0,-50,2451.69
age21-104729,2036/37,32,24,14,10,0,0,19,142,91,864014.14,55631.57,55631.57,0.0,34400,33046,-1872,0,0,0,-5564.24,0,400,-4778.19
age21-104729,2037/38,33,29,17,12,0,0,19,136,91,964339.39,100325.25,100325.25,0.0,51150,62490,-1872,0,-122,0,-5815.04,0,2000,-7505.71
age21-104729,2038/39,34,15,11,4,1,0,7,141,92,1030274.98,65935.59,65935.59,0.0,9450,58509,-1872,0,0,-375,-1632,0,50,1805.59
age21-104729,2039/40,35,26,14,10,0,0,17,140,92,1122509.27,92234.29,92234.29,0.0,73000,31712,-1872,0,-84,0,-6513,0,400,-4408.71
age21-104729,2040/41,36,28,16,11,0,0,21,138,92,1224445.47,101936.2,101936.2,0.0,52250,65308,-1833,0,-122,0,-6149.44,0,1000,-8517.36
age21-104729,2041/42,37,21,8,11,0,0,11,136,92,1306522.42,82076.95,82076.95,0.0,29100,67639,-1755,0,-84,0,-5898.64,0,1000,-7924.41
age21-104729,2042/43,38,16,10,6,0,0,7,133,92,1345773.74,39251.32,39251.32,0.0,540,46188,-156,0,-38,-1235,-1436.16,0,200,-4811.52
age21-104729,2043/44,39,20,17,3,0,0,13,142,92,1366712.42,20938.68,20938.68,0.0,2540,25864,-1872,0,0,-1335,-1436.16,0,450,-3272.16
age21-104729,2044/45,40,21,11,10,0,0,11,138,92,1419255.9,52543.48,52543.48,0.0,22400,42124,-1872,0,-84,0,-5591.88,0,1000,-5432.64
age21-104729,2045/46,41,23,11,12,0,0,8,144,92,1499482.98,80227.08,80227.08,0.0,33750,60540,-1872,0,-122,0,-5480.64,0,400,-6988.28
age21-104729,2046/47,42,21,15,6,0,0,6,132,91,1541803.8,42320.82,42320.82,0.0,2000,50708,-1872,0,0,-1335,-1917,0,50,-5313.18
age21-104729,2047/48,43,18,13,5,0,0,9,130,91,1564902.17,23098.37,23098.37,0.0,1025,28871,-1872,0,-84,-375,-1632,0,450,-3284.63
age21-104729,2048/49,44,14,10,4,0,0,9,132,90,1581922.11,17019.94,17019.94,0.0,462.5,22938,-1872,0,0,-375,-1632,0,50,-2551.56
age21-104729,2049/50,45,15,11,4,0,0,8,139,89,1594627.56,12705.45,12705.45,0.0,602.5,17972,-1872,0,-38,-375,-1632,-180,450,-2222.05
age21-104729,2050/51,46,12,8,4,0,0,3,130,88,1613297.92,18670.36,18670.36,0.0,412.5,24520,-1872,0,0,-375,-1436.16,-180,200,-2598.98
age21-104729,2051/52,47,18,14,4,0,0,6,104,87,1630229.24,16931.32,16931.32,0.0,350,24268,-1872,0,-84,-1235,-1436.16,0,150,-3209.52
age21-104729,2052/53,48,9,4,5,0,0,2,135,86,1648615.46,18386.22,18386.22,0.0,0,24263,-1872,0,0,-375,-1436.16,-180,450,-2463.62
age21-104729,2053/54,49,10,4,6,0,0,5,130,84,1665665.2,17049.74,17049.74,0.0,0,22836,-1872,0,0,-375,-1436.16,0,200,-2303.1
age21-104729,2054/55,50,9,4,5,0,0,3,136,83,1683120.02,17454.82,17454.82,0.0,350,23196,-1872,0,0,-375,-1632,0,200,-2412.18
age21-104729,2055/56,51,8,3,5,0,0,0,94,82,1700176.46,17056.44,17056.44,0.0,0,23038,-1794,0,0,-375,-1632,0,200,-2380.56
age21-104729,2056/57,52,9,4,5,0,0,1,100,80,1717978.54,17802.08,17802.08,0.0,0,24076,-936,0,-122,-1235,-1436.16,-360,300,-2484.76
age21-104729,2057/58,53,9,2,7,0,0,0,83,78,1734525.72,16547.18,16547.18,0.0,0,23150,-1014,0,0,-1335,-1937.76,0,50,-2366.06
age21-104729,2058/59,54,8,3,5,0,0,1,130,76,1750529.74,16004.02,16004.02,0.0,0,22111,-1872,0,0,-375,-1568.28,0,-50,-2241.7
age21-104729,2059/60,55,8,3,5,0,0,0,67,74,1760391.02,9861.28,9861.28,0.0,0,15619,-1872,0,0,-375,-1499.88,-180,-50,-1780.84
age21-104729,2060/61,56,6,1,5,0,0,0,64,72,1775698.13,15307.11,15307.11,0.0,0,20912,-1872,0,0,-375,-1436.16,0,200,-2121.73
age21-104729,2061/62,57,6,0,6,0,0,0,40,70,1785761.05,10062.92,10062.92,0.0,0,15409,-1872,0,0,-375,-1436.16,0,50,-1712.92
age21-104729,2062/63,58,8,0,8,0,0,0,59,67,1796847.8,11086.75,11086.75,0.0,0,18278,-1872,0,0,-1335,-2006.16,0,-50,-1928.09
age21-104729,2063/64,59,6,0,6,0,0,0,41,66,1803024.88,6177.08,6177.08,0.0,0,11575,-1872,0,0,-375,-1499.88,-180,-50,-1421.04
age21-104729,2064/65,60,6,1,5,0,0,0,44,64,1814055.58,11030.7,11030.7,0.0,0,16788,-1872,0,0,-375,-1632,0,-50,-1828.3
age21-104729,2065/66,61,7,2,5,0,0,0,53,61,1828994.6,14939.02,14939.02,0.0,0,21104,-1872,0,-84,-375,-1632,0,-50,-2151.98
age21-104729,2066/67,62,6,0,6,0,0,0,47,59,1846082.72,17088.12,17088.12,0.0,0,23148,-1872,0,0,-375,-1436.16,0,-50,-2326.72
age21-104729,2067/68,63,8,0,8,0,0,0,29,57,1857552.44,11469.72,11469.72,0.0,0,18806,-1872,0,0,-1335,-2202,0,50,-1977.28
age21-104729,2068/69,64,8,0,8,0,0,0,35,55,1860622.3,3069.86,3069.86,0.0,0,9694,-1872,0,0,-1335,-2202,0,50,-1265.14
age21-104729,2069/70,65,6,0,6,0,0,0,27,52,1864433.76,3811.46,3811.46,0.0,0,8867,-1872,0,-38,-375,-1597.8,0,50,-1222.74
age21-130363,2026/27,22,21,15,6,0,0,2,101,78,26705.77,18705.77,18705.77,0.0,1760,26687,-8510,0,-8782,-1335,-2072.8,0,300,10658.57
age21-130363,2027/28,23,20,8,12,0,0,4,130,80,68076.96,41371.19,41371.19,0.0,10500,32431,-1794,0,0,0,-5480.64,0,1000,4714.83
age21-130363,2028/29,24,22,10,10,0,0,3,129,82,137531.63,69454.67,69454.67,0.0,21850,59144,-1872,0,-84,0,-5549.04,-180,1400,-5254.29
age21-130363,2029/30,25,42,36,6,2,0,14,147,84,281723.32,144191.69,144191.69,0.0,87280,61766,-1014,0,-122,-1685,-3756,0,300,1422.69
age21-130363,2030/31,26,30,15,11,0,0,20,141,85,355568.22,73844.9,73844.9,0.0,40350,45464,-1014,0,0,0,-5397.04,-180,1000,-6378.06
age21-130363,2031/32,27,23,12,9,0,0,13,142,86,438475.1,82906.88,82906.88,0.0,30500,65118,-1872,0,-122,0,-5647.84,0,2000,-7069.28
age21-130363,2032/33,28,41,36,5,4,0,22,141,88,597854.16,159379.06,159379.06,0.0,95750,54676,-1872,0,-84,-725,-3225,0,200,14659.06
age21-130363,2033/34,29,24,12,10,0,0,16,142,88,655401.28,57547.12,57547.12,0.0,38600,31276,-1872,0,-38,0,-6379,-360,1000,-4679.88
age21-130363,2034/35,30,29,17,9,0,0,17,139,89,747039.36,91638.08,91638.08,0.0,49000,57338,-1872,0,-84,0,-6608,-180,2000,-7955.92
age21-130363,2035/36,31,37,28,9,0,0,13,136,90,780912.43,33873.07,33873.07,0.0,10200,42733,-1872,0,-122,-1685,-3590.64,-180,200,-11810.29
age21-130363,2036/37,32,31,20,10,0,0,26,144,90,898505.53,117593.1,117593.1,0.0,76250,54190,-1872,0,-84,0,-6149.44,-360,2000,-6381.46
age21-130363,2037/38,33,35,23,12,0,0,19,135,91,1086959.26,188453.73,188453.73,0.0,139150,65269,-1872,0,-122,0,-6567.44,-360,800,-7843.83
age21-130363,2038/39,34,17,5,11,0,0,8,138,92,1175239.42,88280.16,88280.16,0.0,37100,65417,-1872,0,0,0,-7273,0,2000,-7091.84
age21-130363,2039/40,35,20,9,10,0,0,11,140,92,1276748.91,101509.49,101509.49,0.0,45100,71300,-1872,0,-122,0,-6722,0,2000,-8174.51
age21-130363,2040/41,36,21,18,3,3,0,10,139,92,1371750.99,95002.08,95002.08,0.0,28500,58917,-1872,0,0,-375,-1917,-360,200,11909.08
age21-130363,2041/42,37,25,13,11,0,0,12,142,92,1447564.76,75813.77,75813.77,0.0,36900,54340,-1755,0,-122,0,-6116.76,-540,400,-7292.47
age21-130363,2042/43,38,22,12,10,0,0,9,141,92,1534329.36,86764.6,86764.6,0.0,31600,68500,-1833,0,-84,0,-5971.88,-360,2000,-7086.52
age21-130363,2043/44,39,16,13,3,0,0,5,138,92,1573607.4,39278.04,39278.04,0.0,1250,47224,-1872,0,0,-1235,-1249.08,0,-50,-4789.88
age21-130363,2044/45,40,18,6,11,0,0,9,133,92,1624608.5,51001.1,51001.1,0.0,14350,46296,-585,0,-122,0,-5480.64,-360,2000,-5097.26
age21-130363,2045/46,41,19,9,10,0,0,10,137,92,1690997.94,66389.44,66389.44,0.0,14100,64294,-1443,0,0,0,-5591.88,-360,2000,-6609.68
age21-130363,2046/47,42,21,19,2,2,0,9,142,91,1770860.12,79862.18,79862.18,0.0,13500,61180,-1872,0,-84,-375,-1436.16,-360,50,9259.34
age21-130363,2047/48,43,21,11,9,0,0,17,138,91,1826146.73,55286.61,55286.61,0.0,26600,40439,-1872,0,-38,0,-5480.64,-180,2000,-6181.75
age21-130363,2048/49,44,27,17,9,0,0,18,133,90,1910281.44,84134.71,84134.71,0.0,41200,55623,-1872,0,-84,0,-5591.88,-360,2000,-6780.41
age21-130363,2049/50,45,20,16,4,0,0,11,138,88,1957542.69,47261.25,47261.25,0.0,1650,55147,-1872,0,0,-375,-1632,-360,200,-5496.75
age21-130363,2050/51,46,22,20,2,3,0,6,117,87,2001886.65,44343.96,44343.96,0.0,12500,29276,-1872,0,-122,-375,-1632,0,200,6368.96
age21-130363,2051/52,47,24,15,8,0,0,13,142,85,2071815.57,69928.92,69928.92,0.0,29600,54251,-1872,0,0,0,-6228,-180,1400,-7042.08
age21-130363,2052/53,48,25,12,12,0,0,15,135,85,2160478.24,88662.67,88662.67,0.0,37000,68126,-1872,0,-122,0,-6133,0,400,-8736.33
age21-130363,2053/54,49,13,8,5,0,0,2,112,83,2202471.92,41993.68,41993.68,0.0,500,49928,-1872,0,0,-375,-1436.16,-180,50,-4621.16
age21-130363,2054/55,50,15,10,5,0,0,1,131,82,2222646.26,20174.34,20174.34,0.0,900,25600,-1872,0,-84,-375,-1436.16,0,200,-2758.5
age21-130363,2055/56,51,10,5,5,0,0,0,97,80,2240670.34,18024.08,18024.08,0.0,350,23544,-1833,0,0,-375,-1436.16,0,200,-2425.76
age21-130363,2056/57,52,7,2,5,0,0,0,70,78,2257349.88,16679.54,16679.54,0.0,0,23412,-1755,0,0,-1235,-1568.28,0,200,-2374.18
age21-130363,2057/58,53,9,2,7,0,0,0,64,76,2267963.92,10614.04,10614.04,0.0,0,18388,-1872,0,0,-1335,-2133.6,-360,-50,-2023.36
age21-130363,2058/59,54,8,2,6,0,0,0,69,74,2274986.62,7022.7,7022.7,0.0,0,12216,-1872,0,0,-375,-1568.28,0,150,-1528.02
age21-130363,2059/60,55,6,0,6,0,0,0,46,71,2288635.73,13649.11,13649.11,0.0,0,17810,-156,0,-38,-375,-1632,0,-50,-1909.89
age21-130363,2060/61,56,6,1,5,0,0,0,71,69,2298254.9,9619.17,9619.17,0.0,0,15210,-1872,0,-84,-375,-1499.88,0,-50,-1709.95
age21-130363,2061/62,57,6,1,5,0,0,0,36,67,2308189.71,9934.81,9934.81,0.0,0,15522,-1872,0,0,-375,-1568.28,0,-50,-1721.91
age21-130363,2062/63,58,8,0,8,0,0,0,48,65,2317599.19,9409.48,9409.48,0.0,0,16510,-1872,0,0,-1335,-2133.6,0,50,-1809.92
age21-130363,2063/64,59,6,0,6,0,0,0,53,62,2322030.24,4431.05,4431.05,0.0,0,9516,-1872,0,0,-375,-1436.16,-180,50,-1271.79
age21-130363,2064/65,60,6,0,6,0,0,0,32,60,2327822.3,5792.06,5792.06,0.0,0,11094,-1872,0,0,-375,-1632,0,-50,-1372.94
age21-130363,2065/66,61,6,0,6,0,0,0,24,57,2341263.9,13441.6,13441.6,0.0,0,19188,-1872,0,0,-375,-1436.16,0,-50,-2013.24
age21-130363,2066/67,62,6,0,6,0,0,0,27,55,2351330.6,10066.7,10066.7,0.0,0,15584,-1872,0,0,-375,-1499.88,0,-50,-1720.42
age21-130363,2067/68,63,8,0,8,0,0,0,25,53,2356695.02,5364.42,5364.42,0.0,0,12238,-1872,0,0,-1335,-2138.28,0,-50,-1478.3
age21-130363,2068/69,64,8,0,8,0,0,0,30,50,2358391.76,1696.74,1696.74,0.0,0,8222,-1872,0,0,-1335,-2202,0,50,-1166.26
age21-130363,2069/70,65,6,0,6,0,0,0,18,47,2361616.15,3224.39,3224.39,0.0,0,8268,-1872,0,0,-375,-1597.8,0,-50,-1148.81
age30-104729,2026/27,31,18,5,13,0,0,0,92,77,41627.48,33627.48,33627.48,0.0,9250,28746,-7014,0,-8782,0,-6152,0,1400,16179.48
age30-104729,2027/28,32,18,5,12,0,0,2,135,80,96793.97,55166.49,55166.49,0.0,12250,49898,-3158,0,0,0,-6193.8,0,0,2370.29
age30-104729,2028/29,33,15,13,2,0,0,7,136,82,132146.86,35352.89,35352.89,0.0,540,43555,-1872,0,-84,-1235,-1283.28,0,200,-4467.83
age30-104729,2029/30,34,29,17,11,0,0,10,135,84,193352.07,61205.21,61205.21,0.0,45850,27479,-1872,0,-122,0,-6228,0,2000,-5901.79
age30-104729,2030/31,35,30,18,10,0,0,8,134,85,326802.46,133450.39,133450.39,0.0,88500,60028,-1872,0,0,0,-6703,0,2000,-8502.61
age30-104729,2031/32,36,27,16,9,1,0,21,145,86,471156.4,144353.94,144353.94,0.0,86850,68252,-1872,0,-122,0,-7178,-180,1000,-2396.06
age30-104729,2032/33,37,18,6,10,0,0,6,136,87,644678.14,173521.74,173521.74,0.0,118250,70342,-1872,0,0,0,-7273,0,1400,-7325.26
age30-104729,2033/34,38,36,24,9,0,0,27,141,88,811178.7,166500.56,166500.56,0.0,112600,72062,-1872,0,-122,0,-7843,0,1400,-9724.44
age30-104729,2034/35,39,25,14,10,0,0,15,144,89,1048472.06,237293.36,237293.36,0.0,153150,104950,-1872,0,-84,0,-8741,0,1400,-11509.64
age30-104729,2035/36,40,33,20,13,0,0,22,141,89,1288090.92,239618.86,239618.86,0.0,116550,147150,-1872,0,-122,0,-8033,0,1400,-15454.14
age30-104729,2036/37,41,24,12,12,0,0,19,141,88,1479821.64,191730.72,191730.72,0.0,79900,132451,-1443,0,-84,0,-7483.52,-540,1400,-12469.76
age30-104729,2037/38,42,35,24,10,0,0,22,143,87,1716138.03,236316.39,236316.39,0.0,126600,130104,-585,0,-122,0,-6901.84,-180,1000,-13598.77
age30-104729,2038/39,43,19,5,12,0,0,9,120,87,1819044.98,102906.95,102906.95,0.0,44850,72914,-1872,0,-84,0,-7311,0,2000,-7590.05
age30-104729,2039/40,44,17,5,11,0,0,9,132,86,1904635.16,85590.18,85590.18,0.0,25250,74191,-1872,0,-38,0,-5497.36,0,1400,-7843.46
age30-104729,2040/41,45,15,12,3,0,0,7,135,85,1961677.68,57042.52,57042.52,0.0,540,67214,-1872,0,0,-1335,-1436.16,0,200,-6268.32
age30-104729,2041/42,46,15,2,13,0,0,6,138,84,2013102.57,51424.89,51424.89,0.0,4750,58955,-1755,0,-84,0,-5480.64,-180,1000,-5780.47
age30-104729,2042/43,47,15,2,13,0,0,1,131,83,2066428.6,53326.03,53326.03,0.0,4250,61820,-1833,0,0,0,-5480.64,-540,1000,-5890.33
age30-104729,2043/44,48,8,3,5,0,0,0,91,82,2095978.45,29549.85,29549.85,0.0,0,36867,-1872,0,-38,-375,-1568.28,0,-50,-3413.87
age30-104729,2044/45,49,9,5,4,0,0,2,120,80,2110778.62,14800.17,14800.17,0.0,0,20966,-1872,0,0,-375,-1436.16,-180,50,-2352.67
age30-104729,2045/46,50,11,4,7,0,0,0,81,79,2121741.52,10962.9,10962.9,0.0,0,18470,-1872,0,-84,-1335,-2001.48,-180,50,-2084.62
age30-104729,2046/47,51,11,3,8,0,0,0,65,77,2138151.02,16409.5,16409.5,0.0,0,23752,-1872,0,0,-1335,-1937.76,0,300,-2497.74
age30-104729,2047/48,52,9,4,5,0,0,1,111,76,2156251.72,18100.7,18100.7,0.0,0,24356,-1872,0,0,-375,-1499.88,0,-50,-2458.42
age30-104729,2048/49,53,8,3,5,0,0,0,74,74,2169430.59,13178.87,13178.87,0.0,0,18648,-1872,0,0,-375,-1504.56,0,300,-2017.57
age30-104729,2049/50,54,6,0,6,0,0,0,43,72,2182129.61,12699.02,12699.02,0.0,0,18408,-1872,0,0,-375,-1563.6,0,50,-1948.38
age30-104729,2050/51,55,6,0,6,0,0,0,53,70,2197590.5,15460.89,15460.89,0.0,0,21374,-1872,0,0,-375,-1436.16,0,-50,-2179.95
age30-104729,2051/52,56,8,1,7,0,0,0,49,68,2207199.83,9609.33,9609.33,0.0,0,15238,-585,0,0,-1335,-1937.76,0,-50,-1720.91
age30-104729,2052/53,57,7,1,6,0,0,0,38,67,2211045.69,3845.86,3845.86,0.0,0,8745,-1443,0,-84,-375,-1568.28,-180,-50,-1198.86
age30-104729,2053/54,58,6,1,5,0,0,0,43,64,2219315.37,8269.68,8269.68,0.0,0,13840,-1872,0,-38,-375,-1632,0,-50,-1603.32
age30-104729,2054/55,59,7,1,6,0,0,0,39,63,2224605.63,5290.26,5290.26,0.0,0,10561,-1872,0,0,-375,-1632,0,-50,-1341.74
age30-104729,2055/56,60,6,0,6,0,0,0,43,60,2235553.46,10947.83,10947.83,0.0,0,16516,-1833,0,0,-375,-1499.88,0,-50,-1810.29
age30-104729,2056/57,61,8,0,8,0,0,0,27,58,2248534.85,12981.39,12981.39,0.0,0,20352,-1755,0,0,-1335,-2138.28,0,-50,-2092.33
age30-104729,2057/58,62,8,0,8,0,0,0,33,56,2250485.43,1950.58,1950.58,0.0,0,8492,-1872,0,0,-1335,-2202,0,50,-1182.42
age30-104729,2058/59,63,6,0,6,0,0,0,21,54,2254107.74,3622.31,3622.31,0.0,0,8600,-1872,0,0,-375,-1499.88,0,-50,-1180.81
age30-104729,2059/60,64,6,0,6,0,0,0,26,51,2262702.45,8594.71,8594.71,0.0,0,14126,-1872,0,0,-375,-1436.16,-180,-50,-1618.13
age30-104729,2060/61,65,6,0,6,0,0,0,17,49,2272239.25,9536.8,9536.8,0.0,0,15091,-1872,0,0,-375,-1568.28,0,-50,-1688.92
age30-130363,2026/27,31,19,6,13,0,0,0,99,77,48859.43,40859.43,40859.43,0.0,14250,29604,-5054,0,-8782,0,-6152,-180,2000.0,15173.43
age30-130363,2027/28,32,22,10,10,0,0,2,109,80,111531.95,62672.52,62672.52,0.0,21600,50701,-3158,0,0,0,-5808.84,0,0,-661.64
age30-130363,2028/29,33,15,12,3,0,0,9,129,82,153831.68,42299.73,42299.73,0.0,540,50711,-1872,0,-84,-1235,-1185.36,0,450,-5024.91
age30-130363,2029/30,34,25,12,13,0,0,9,142,84,220017.66,66185.98,66185.98,0.0,35450,44533,-1872,0,-38,0,-6288.8,0,1000,-6598.22
age30-130363,2030/31,35,29,17,10,0,0,8,134,85,323235.18,103217.52,103217.52,0.0,51350,66975,-1872,0,-84,0,-5872.04,-360,2000,-8919.44
age30-130363,2031/32,36,22,20,2,3,0,13,138,86,414343.42,91108.24,91108.24,0.0,22500,58068,-1872,0,-122,-375,-1436.16,0,450,13895.4
age30-130363,2032/33,37,28,16,9,0,0,13,141,87,464726.26,50382.84,50382.84,0.0,34700,28600,-1872,0,0,0,-5564.24,-360,400,-5520.92
age30-130363,2033/34,38,27,15,11,0,0,26,145,87,571330.78,106604.52,106604.52,0.0,65350,54952,-1872,0,-122,0,-5731.44,-180,1400,-7192.04
age30-130363,2034/35,39,18,15,3,1,0,9,135,88,632323.34,60992.56,60992.56,0.0,12300,51358,-1872,0,-84,-375,-1436.16,-180,300,981.72
age30-130363,2035/36,40,28,15,11,0,0,9,147,89,703361.85,71038.51,71038.51,0.0,55250,29156,-1872,0,-122,0,-6703,-180,1400,-5890.49
age30-130363,2036/37,41,26,16,10,0,0,20,140,88,801613.33,98251.48,98251.48,0.0,50100,62773,-1872,0,0,0,-6744.8,-180,1400,-7224.72
age30-130363,2037/38,42,17,13,4,1,0,8,132,87,840731.61,39118.28,39118.28,0.0,2440,39519,-585,0,-84,-375,-1436.16,0,450,-810.56
age30-130363,2038/39,43,9,5,4,0,0,3,126,86,859967.95,19236.34,19236.34,0.0,0,24850,-1443,0,0,-375,-1436.16,-180,300,-2479.5
age30-130363,2039/40,44,22,19,3,1,0,8,142,86,884930.48,24962.53,24962.53,0.0,6000,23831,-1872,0,-38,-1235,-1436.16,0,300,-587.31
age30-130363,2040/41,45,23,12,10,0,0,10,137,85,934459.29,49528.81,49528.81,0.0,32400,27929,-1872,0,-84,0,-5480.64,-360,1400,-4403.55
age30-130363,2041/42,46,14,1,12,0,0,3,139,83,988112.94,53653.65,53653.65,0.0,3250,63156,-1755,0,0,0,-5397.04,-360,1000,-6240.31
age30-130363,2042/43,47,9,4,5,0,0,2,136,82,1025918.74,37805.8,37805.8,0.0,0,45772,-1833,0,-122,-375,-1499.88,0,50,-4186.32
age30-130363,2043/44,48,8,3,5,0,0,0,95,81,1040420.76,14502.02,14502.02,0.0,0,19942,-1872,0,0,-375,-1568.28,0,450,-2074.7
age30-130363,2044/45,49,10,5,5,0,0,1,120,80,1056403.84,15983.08,15983.08,0.0,0,21778,-1872,0,0,-375,-1436.16,0,200,-2311.76
age30-130363,2045/46,50,7,2,5,0,0,1,104,78,1073420.92,17017.08,17017.08,0.0,0,24196,-1872,0,0,-1235,-1436.16,-180,-50,-2405.76
age30-130363,2046/47,51,9,1,8,0,0,0,74,76,1089605.68,16184.76,16184.76,0.0,0,23928,-1872,0,0,-1335,-1937.76,-180,-50,-2368.48
age30-130363,2047/48,52,8,3,5,0,0,0,64,74,1106880.33,17274.65,17274.65,0.0,0,23211,-1872,0,0,-375,-1436.16,0,50,-2303.19
age30-130363,2048/49,53,6,0,6,0,0,0,48,72,1121022.55,14142.22,14142.22,0.0,0,19970,-1872,0,0,-375,-1568.28,0,50,-2062.5
age30-130363,2049/50,54,6,1,5,0,0,0,67,70,1128507.61,7485.06,7485.06,0.0,0,13030,-1872,0,-84,-375,-1632,0,-50,-1531.94
age30-130363,2050/51,55,7,1,6,0,0,0,41,69,1138084.51,9576.9,9576.9,0.0,0,15200,-1872,0,0,-375,-1632,0,-50,-1694.1
age30-130363,2051/52,56,6,0,6,0,0,0,55,67,1155522.06,17437.55,17437.55,0.0,0,24054,-1443,0,0,-1235,-1597.8,0,50,-2390.65
age30-130363,2052/53,57,6,1,5,0,0,0,52,65,1168150.9,12628.84,12628.84,0.0,0,16899,-585,0,0,-375,-1436.16,0,-50,-1824
age30-130363,2053/54,58,6,0,6,0,0,0,34,63,1179850.36,11699.46,11699.46,0.0,0,17294,-1872,0,0,-375,-1436.16,0,-50,-1861.38
age30-130363,2054/55,59,6,0,6,0,0,0,52,61,1190514.46,10664.1,10664.1,0.0,0,16348,-1872,0,-38,-375,-1568.28,0,-50,-1780.62
age30-130363,2055/56,60,6,1,5,0,0,0,42,58,1200949.34,10434.88,10434.88,0.0,0,16106,-1833,0,0,-375,-1632,0,-50,-1781.12
age30-130363,2056/57,61,9,1,8,0,0,0,50,55,1210006.78,9057.44,9057.44,0.0,0,15892,-1755,0,0,-1335,-2001.48,-180,200,-1763.08
age30-130363,2057/58,62,8,0,8,0,0,0,21,53,1222068.1,12061.32,12061.32,0.0,0,19692,-1872,0,0,-1335,-2138.28,-180,-50,-2055.4
age30-130363,2058/59,63,6,0,6,0,0,0,42,50,1240719.77,18651.67,18651.67,0.0,0,25037,-1872,0,0,-375,-1632,0,-50,-2456.33
age30-130363,2059/60,64,6,0,6,0,0,0,30,48,1255202.95,14483.18,14483.18,0.0,0,20622,-1872,0,-84,-375,-1632,0,-50,-2125.82
age30-130363,2060/61,65,6,0,6,0,0,0,27,45,1264923.14,9720.19,9720.19,0.0,0,15237,-1872,0,0,-375,-1499.88,0,-50,-1719.93
age40-104729,2026/27,41,22,9,13,0,0,1,130,74,62021.95,54021.95,54021.95,0.0,34862.5,32320,-8598,0,-8782,0,-7302,0,800.0,10721.45
age40-104729,2027/28,42,16,4,12,0,0,1,121,74,128171.33,66149.38,66149.38,0.0,23850,53438,-1794,0,0,0,-6672.6,0,0,-2672.02
age40-104729,2028/29,43,9,4,5,0,0,0,77,75,164596.28,36424.95,36424.95,0.0,0,45326,-1872,0,-84,-1235,-1568.28,0,150,-4291.77
age40-104729,2029/30,44,16,9,7,0,0,1,103,74,181754.6,17158.32,17158.32,0.0,1200,24420,-1872,0,-38,-1335,-2202,-180,200,-3034.68
age40-104729,2030/31,45,6,0,6,0,0,1,119,74,198592.46,16837.86,16837.86,0.0,0,22549,-1872,0,0,-375,-1499.88,0,300,-2264.26
age40-104729,2031/32,46,11,6,5,0,0,0,85,74,212946.99,14354.53,14354.53,0.0,250,19888,-1872,0,0,-375,-1436.16,0,50,-2150.31
age40-104729,2032/33,47,9,3,6,0,0,0,86,73,226617.37,13670.38,13670.38,0.0,350,19076,-1872,0,0,-375,-1632,0,200,-2076.62
age40-104729,2033/34,48,12,8,4,1,0,0,99,73,247693.09,21075.72,21075.72,0.0,1000,24328,-1872,0,-84,-375,-1632,-540,50,200.72
age40-104729,2034/35,49,8,1,7,0,0,0,91,72,257442.65,9749.56,9749.56,0.0,0,17141,-1872,0,0,-1335,-2202,-180,50,-1852.44
age40-104729,2035/36,50,6,0,6,0,0,0,60,71,262671.33,5228.68,5228.68,0.0,0,10401,-1872,0,0,-375,-1632,0,50,-1343.32
age40-104729,2036/37,51,6,1,5,0,0,0,52,70,277982.7,15311.37,15311.37,0.0,0,19801,-585,0,0,-375,-1436.16,0,-50,-2043.47
age40-104729,2037/38,52,7,1,6,0,0,0,59,70,292095.73,14113.03,14113.03,0.0,0,19613,-1443,0,0,-375,-1632,0,50,-2099.97
age40-104729,2038/39,53,6,0,6,0,0,0,59,69,308626.34,16530.61,16530.61,0.0,0,22635,-1872,0,0,-375,-1632,0,50,-2275.39
age40-104729,2039/40,54,8,1,7,0,0,0,70,67,317471.23,8844.89,8844.89,0.0,0,15802,-1872,0,0,-1335,-2202,0,200,-1748.11
age40-104729,2040/41,55,8,0,8,0,0,0,57,66,320489.63,3018.4,3018.4,0.0,0,9876,-1872,0,-122,-1335,-2001.48,-180,-50,-1297.12
age40-104729,2041/42,56,6,0,6,0,0,0,32,64,324131.73,3642.1,3642.1,0.0,0,8584,-1755,0,0,-375,-1568.28,0,-50,-1193.62
age40-104729,2042/43,57,6,1,5,0,0,0,47,62,329218.92,5087.19,5087.19,0.0,0,10088,-1833,0,0,-375,-1499.88,-180,200,-1312.93
age40-104729,2043/44,58,6,0,6,0,0,0,39,61,339251.8,10032.88,10032.88,0.0,0,15636,-1872,0,0,-375,-1568.28,0,-50,-1737.84
age40-104729,2044/45,59,6,0,6,0,0,0,26,59,353132.1,13880.3,13880.3,0.0,0,19652,-1872,0,0,-375,-1436.16,0,-50,-2038.54
age40-104729,2045/46,60,8,0,8,0,0,0,28,56,361467.36,8335.26,8335.26,0.0,0,15528,-1872,0,0,-1335,-2202,0,-50,-1733.74
age40-104729,2046/47,61,8,0,8,0,0,0,22,54,365049.28,3581.92,3581.92,0.0,0,10038,-1872,0,0,-1335,-2001.48,0,50,-1297.6
age40-104729,2047/48,62,6,1,5,0,0,0,23,52,370859.05,5809.77,5809.77,0.0,0,11063,-1872,0,0,-375,-1568.28,0,-50,-1387.95
age40-104729,2048/49,63,6,0,6,0,0,0,32,50,384058.37,13199.32,13199.32,0.0,0,19002,-1872,0,0,-375,-1499.88,0,-50,-2005.8
age40-104729,2049/50,64,6,0,6,0,0,0,24,47,393929.23,9870.86,9870.86,0.0,0,15326,-1872,0,0,-375,-1436.16,0,-50,-1721.98
age40-104729,2050/51,65,6,0,6,0,0,0,22,46,403048.5,9119.27,9119.27,0.0,0,14152,-1443,0,0,-375,-1632,0,50,-1632.73
age40-130363,2026/27,41,19,6,13,0,0,0,76,74,63625.32,55625.32,55625.32,0.0,32350,31854,-7234,0,-8782,0,-6703,0,1000,13140.32
age40-130363,2027/28,42,16,4,10,0,0,1,113,74,123675.8,60050.48,60050.48,0.0,21000,49947,-3158,0,0,0,-6216.6,0,1000,-2521.92
age40-130363,2028/29,43,13,11,2,0,0,2,137,74,169760.0,46084.2,46084.2,0.0,540,54810,-1872,0,-84,-1235,-1185.36,0,450,-5339.44
age40-130363,2029/30,44,15,2,12,0,0,0,91,75,202672.55,32912.55,32912.55,0.0,5250,41069,-1872,0,-38,0,-6228,0,0,-5268.45
age40-130363,2030/31,45,16,3,13,0,0,0,80,74,261853.26,59180.71,59180.71,0.0,7500,65938,-1872,0,0,0,-5480.64,-540,800,-7164.65
age40-130363,2031/32,46,8,3,5,0,0,0,85,74,310215.16,48361.9,48361.9,0.0,62.5,56936,-1872,0,0,-375,-1436.16,0,-50,-4903.44
age40-130363,2032/33,47,6,1,5,0,0,0,47,73,327772.8,17557.64,17557.64,0.0,0,23712,-1872,0,-84,-375,-1436.16,0,-50,-2337.2
age40-130363,2033/34,48,6,0,6,0,0,0,49,72,336814.6,9041.8,9041.8,0.0,0,14142,-1872,0,0,-375,-1436.16,0,200,-1617.04
age40-130363,2034/35,49,9,2,7,0,0,0,71,71,338373.94,1559.34,1559.34,0.0,0,8016,-1872,0,0,-1335,-2006.16,0,-50,-1193.5
age40-130363,2035/36,50,6,0,6,0,0,0,58,70,342719.9,4345.96,4345.96,0.0,0,9059,-1443,0,0,-375,-1632,0,-50,-1213.04
age40-130363,2036/37,51,7,2,5,0,0,0,81,69,357880.74,15160.84,15160.84,0.0,0,19596,-585,0,0,-375,-1436.16,0,50,-2089.0
age40-130363,2037/38,52,6,0,6,0,0,0,32,67,372234.51,14353.77,14353.77,0.0,0,20375,-1872,0,0,-375,-1632,0,-50,-2092.23
age40-130363,2038/39,53,6,0,6,0,0,0,56,66,387359.63,15125.12,15125.12,0.0,0,21183,-1872,0,0,-375,-1436.16,-180,-50,-2144.72
age40-130363,2039/40,54,8,0,8,0,0,0,40,65,396479.0,9119.37,9119.37,0.0,0,16210,-1872,0,0,-1335,-2069.88,0,-50,-1763.75
age40-130363,2040/41,55,8,0,8,0,0,0,36,63,400650.29,4171.29,4171.29,0.0,0,10589,-1872,0,0,-1335,-2069.88,0,200,-1340.83
age40-130363,2041/42,56,6,0,6,0,0,0,49,61,405761.98,5111.69,5111.69,0.0,0,10208,-1755,0,-84,-375,-1632,0,50,-1300.31
age40-130363,2042/43,57,6,0,6,0,0,0,30,59,418951.14,13189.16,13189.16,0.0,0,18904,-1833,0,-38,-375,-1436.16,0,-50,-1982.68
age40-130363,2043/44,58,6,0,6,0,0,0,33,57,433044.76,14093.62,14093.62,0.0,0,19954,-1872,0,0,-375,-1499.88,0,-50,-2063.5
age40-130363,2044/45,59,6,0,6,0,0,0,39,55,444686.36,11641.6,11641.6,0.0,0,17244,-1872,0,0,-375,-1436.16,0,-50,-1869.24
age40-130363,2045/46,60,8,0,8,0,0,0,46,52,455600.54,10914.18,10914.18,0.0,0,18248,-1872,0,0,-1335,-2138.28,0,-50,-1938.54
age40-130363,2046/47,61,8,0,8,0,0,0,22,50,458564.8,2964.26,2964.26,0.0,0,9636,-1872,0,0,-1335,-2069.88,-180,50,-1264.86
age40-130363,2047/48,62,6,0,6,0,0,0,26,47,463047.14,4482.34,4482.34,0.0,0,9669,-1872,0,0,-375,-1632,0,-50,-1257.66
age40-130363,2048/49,63,6,0,6,0,0,0,33,45,477210.33,14163.19,14163.19,0.0,0,20164,-1872,0,0,-375,-1632,0,-50,-2071.81
age40-130363,2049/50,64,6,0,6,0,0,0,22,42,489604.3,12393.97,12393.97,0.0,0,18161,-1872,0,0,-375,-1632,0,50,-1938.03
age40-130363,2050/51,65,6,0,6,0,0,0,15,40,501869.84,12265.54,12265.54,0.0,0,16732,-585,0,0,-375,-1632,0,-50,-1824.46
age50-104729,2026/27,51,7,3,4,0,0,0,54,67,27727.22,19727.22,19727.22,0.0,125,25709,-9126,0,-8782,-175,-1436.16,0,-50,13462.38
age50-104729,2027/28,52,8,4,4,0,0,0,59,65,53793.1,26065.88,26065.88,0.0,62.5,21540,-3158,0,0,-75,-1003.2,-720,200,9219.58
age50-104729,2028/29,53,9,1,8,0,0,0,72,65,67483.12,13690.02,13690.02,0.0,0,13835,-1872,0,0,-1335,-2202,0,-50,5314.02
age50-104729,2029/30,54,8,0,8,0,0,0,66,63,73920.65,6437.53,6437.53,0.0,0,7758,-1872,0,0,-1335,-2202,0,-50,4138.53
age50-104729,2030/31,55,6,0,6,0,0,0,38,62,82344.0,8423.35,8423.35,0.0,0,9284,-1872,0,0,-375,-1499.88,0,-50,2936.23
age50-104729,2031/32,56,9,4,5,0,0,0,41,60,96549.5,14205.5,14205.5,0.0,125,17794,-1872,0,0,-375,-1436.16,0,50,-80.34
age50-104729,2032/33,57,6,0,6,0,0,0,49,59,111008.02,14458.52,14458.52,0.0,0,20364,-1872,0,-84,-375,-1632,0,50,-1992.48
age50-104729,2033/34,58,6,0,6,0,0,0,79,57,125842.18,14834.16,14834.16,0.0,0,20586,-1872,0,0,-375,-1436.16,0,50,-2118.68
age50-104729,2034/35,59,8,0,8,0,0,0,32,55,135625.78,9783.6,9783.6,0.0,0,15698,-585,0,0,-1335,-2202,0,-50,-1742.4
age50-104729,2035/36,60,6,0,6,0,0,0,21,53,141670.01,6044.23,6044.23,0.0,0,10811,-1443,0,0,-375,-1632,0,50,-1366.77
age50-104729,2036/37,61,6,0,6,0,0,0,26,51,156704.04,15034.03,15034.03,0.0,0,20898,-1872,0,0,-375,-1436.16,0,-50,-2130.81
age50-104729,2037/38,62,6,0,6,0,0,0,21,48,174052.01,17347.97,17347.97,0.0,0,23636,-1872,0,0,-375,-1632,0,-50,-2359.03
age50-104729,2038/39,63,6,0,6,0,0,0,24,47,190265.77,16213.76,16213.76,0.0,0,22442,-1872,0,-38,-375,-1632,0,-50,-2261.24
age50-104729,2039/40,64,8,0,8,0,0,0,25,44,199051.07,8785.3,8785.3,0.0,0,16000,-1872,0,0,-1335,-2202,0,-50,-1755.7
age50-104729,2040/41,65,8,0,8,0,0,0,22,42,202348.66,3297.59,3297.59,0.0,0,10263,-1872,0,0,-1335,-2202,-180,-50,-1326.41
age50-130363,2026/27,51,6,2,4,0,0,0,83,66,26263.97,18263.97,18263.97,0.0,0,26687,-11306,0,-8782,-175,-1632,0,-50,13521.97
age50-130363,2027/28,52,7,3,4,0,0,0,50,65,54690.2,28426.23,28426.23,0.0,0,22704,-1794,0,0,-75,-1003.2,-720,50,9264.43
age50-130363,2028/29,53,8,1,7,0,0,0,81,64,70666.29,15976.09,15976.09,0.0,0,16643,-1872,0,0,-1335,-2138.28,0,50,4628.37
age50-130363,2029/30,54,9,2,7,0,0,0,56,62,77081.92,6415.63,6415.63,0.0,0,8115,-1872,0,0,-1335,-2001.48,0,50,3459.11
age50-130363,2030/31,55,6,0,6,0,0,0,37,61,83836.28,6754.36,6754.36,0.0,0,8197,-1872,0,0,-375,-1568.28,0,-50,2422.64
age50-130363,2031/32,56,8,2,6,0,0,0,48,59,90735.1,6898.82,6898.82,0.0,62.5,9504,-1872,0,0,-375,-1499.88,-180,150,1109.2
age50-130363,2032/33,57,6,0,6,0,0,0,43,57,104693.7,13958.6,13958.6,0.0,0,19328,-1872,0,-84,-375,-1568.28,0,50,-1520.12
age50-130363,2033/34,58,6,0,6,0,0,0,33,55,116718.88,12025.18,12025.18,0.0,0,16992,-1014,0,0,-375,-1499.88,-180,-50,-1847.94
age50-130363,2034/35,59,8,0,8,0,0,0,25,52,121291.1,4572.22,4572.22,0.0,0,10440,-1014,0,0,-1335,-2138.28,0,-50,-1330.5
age50-130363,2035/36,60,6,0,6,0,0,0,19,50,125548.06,4256.96,4256.96,0.0,0,9285,-1872,0,0,-375,-1499.88,0,-50,-1231.16
age50-130363,2036/37,61,6,0,6,0,0,0,22,48,135257.42,9709.36,9709.36,0.0,0,15125,-1872,0,0,-375,-1436.16,0,-50,-1682.48
age50-130363,2037/38,62,6,0,6,0,0,0,21,45,148140.01,12882.59,12882.59,0.0,0,18794,-1872,0,0,-375,-1632,0,-50,-1982.41
age50-130363,2038/39,63,6,0,6,0,0,0,23,42,163226.67,15086.66,15086.66,0.0,0,21033,-1872,0,0,-375,-1436.16,-180,50,-2133.18
age50-130363,2039/40,64,8,0,8,0,0,0,16,40,172376.44,9149.77,9149.77,0.0,0,16210,-1872,0,-38,-1335,-2001.48,0,-50,-1763.75
age50-130363,2040/41,65,8,0,8,0,0,0,14,38,176165.86,3789.42,3789.42,0.0,0,10521,-1872,0,0,-1335,-2138.28,0,-50,-1336.3
age13-104729,2026/27,14,26,4,22,0,0,0,35,50,1241.5,-6758.5,-6758.5,-0.0,0,2900,-156,0,-11165,-429,-2530.8,0,450.0,4172.3
age13-104729,2027/28,15,20,0,20,0,0,0,41,53,1207.3,-34.2,-34.2,-0.0,0,2550,-464,0,-4036,-155,-1615,0,-50,3735.8
age13-104729,2028/29,16,23,3,20,0,0,0,30,56,1208.1,0.8,0.8,-0.0,3,2550,-156,0,-3816,-140,-2280,0,-50,3889.8
age13-104729,2029/30,17,23,0,23,0,0,0,42,59,2118.9,910.8,910.8,-0.0,0,2550,-1500,0,-930,-354,-2565,-230,50,3889.8
age13-104729,2030/31,18,23,1,22,0,0,0,58,63,4491.12,2372.22,2372.22,0.0,0,2956,-1564,0,-84,-300,-2565,-180,200,3909.22
age13-104729,2031/32,19,28,9,19,0,0,0,83,67,6584.65,2093.53,2093.53,0.0,160,8119,-6239,0,-38,-325,-2530.8,0,-50,2997.33
age13-104729,2032/33,20,30,16,14,0,0,0,95,71,10695.82,4111.17,4111.17,0.0,51,7832,-4109,0,0,-375,-2565,0,200,3077.17
age13-104729,2033/34,21,36,23,13,1,0,2,136,74,15727.76,5031.94,5031.94,0.0,825,7806,-4560,0,-84,-375,-2565,0,450,3534.94
age13-104729,2034/35,22,15,6,9,0,0,1,122,78,21693.8,5966.04,5966.04,0.0,120,8788,-1872,0,0,-1460,-2772,0,300,2862.04
age13-104729,2035/36,23,30,19,11,0,0,7,132,80,31805.27,10111.47,10111.47,0.0,4500,15025,-1872,0,-518,-1785,-4193.88,0,200,-1244.65
age13-104729,2036/37,24,27,16,11,0,0,7,141,82,53350.91,21545.64,21545.64,0.0,5550,26938,-1872,0,-84,-1785,-3939.0,-180,200,-3282.36
age13-104729,2037/38,25,21,8,11,0,0,15,141,83,100042.39,46691.48,46691.48,0.0,24250,31700,-1872,0,-122,0,-6228,0,2000,-3036.52
age13-104729,2038/39,26,24,14,10,1,0,12,138,84,280468.16,180425.77,180425.77,0.0,123500,64075,-1872,0,0,0,-6988,0,2000,-289.23
age13-104729,2039/40,27,32,21,9,1,0,17,140,85,445736.18,165268.02,165268.02,0.0,105150,68788,-1833,0,-84,0,-6316.64,0,1400,-1836.34
age13-104729,2040/41,28,15,4,9,0,0,7,136,86,533179.32,87443.14,87443.14,0.0,30850,71775,-1755,0,-38,0,-5872.04,0,800,-8316.82
age13-104729,2041/42,29,25,12,13,0,0,10,139,87,619594.04,86414.72,86414.72,0.0,31500,69994,-1872,0,-84,0,-6323,0,2000,-8800.28
age13-104729,2042/43,30,36,28,8,1,0,20,144,88,663679.84,44085.8,44085.8,0.0,3850,52225,-1872,0,-122,-1685,-3556.08,-180,200,-4774.12
age13-104729,2043/44,31,20,7,11,0,0,15,138,88,714941.13,51261.29,51261.29,0.0,27350,34162,-1872,0,-84,0,-5480.64,-180,2000,-4634.07
age13-104729,2044/45,32,21,8,11,0,0,12,130,89,780082.57,65141.44,65141.44,0.0,18000,59288,-1872,0,-38,0,-5514.84,-180,2000,-6541.72
age13-104729,2045/46,33,15,11,4,0,0,5,117,90,822263.96,42181.39,42181.39,0.0,0,51837,-1872,0,0,-1235,-1499.88,-180,300,-5168.73
age13-104729,2046/47,34,38,24,12,0,0,22,141,90,907930.98,85667.02,85667.02,0.0,68050,30063,-156,0,-168,0,-5731.44,-360,1400,-7430.54
age13-104729,2047/48,35,27,16,11,0,0,21,138,90,1013947.7,106016.72,106016.72,0.0,55350,65713,-1872,0,-38,0,-6703,0,2000,-8433.28
age13-104729,2048/49,36,34,24,10,1,0,27,138,90,1306326.54,292378.84,292378.84,0.0,234750,66300,-1872,0,-122,0,-7463,0,2000,-1214.16
age13-104729,2049/50,37,24,12,10,0,0,15,135,90,1501756.84,195430.3,195430.3,0.0,91400,127076,-1872,0,-84,0,-9007,-180,400,-12302.7
age13-104729,2050/51,38,20,9,11,0,0,20,137,90,1718106.84,216350.0,216350.0,0.0,63700,176488,-1872,0,-122,0,-7692.08,0,1400,-15551.92
age13-104729,2051/52,39,33,21,10,0,0,24,132,90,1971219.5,253112.66,253112.66,0.0,156850,116994,-1872,0,-84,0,-6567.44,-180,800,-12827.9
age13-104729,2052/53,40,19,8,11,0,0,14,138,90,2070860.05,99640.55,99640.55,0.0,44850,71005,-1872,0,-38,0,-6548.44,0,800,-8556.01
age13-104729,2053/54,41,29,18,10,1,0,20,138,90,2271487.73,200627.68,200627.68,0.0,139750,72495,-1872,0,-84,0,-7190.6,0,0,-2470.72
age13-104729,2054/55,42,20,15,5,0,0,13,141,89,2320035.01,48547.28,48547.28,0.0,4502.5,53155,-1794,0,-122,-375,-1568.28,0,-50,-5200.94
age13-104729,2055/56,43,19,17,2,2,0,9,130,89,2358456.33,38421.32,38421.32,0.0,11850,27465,-1794,0,0,-375,-1632,-180,200,2887.32
age13-104729,2056/57,44,23,11,10,0,0,7,132,88,2408551.49,50095.16,50095.16,0.0,26500,33642,-1872,0,-84,0,-5480.64,0,2000,-4610.2
age13-104729,2057/58,45,21,9,11,0,0,16,134,87,2475213.65,66662.16,66662.16,0.0,22150,59500,-1872,0,-38,0,-5514.84,0,0,-7563.0
age13-104729,2058/59,46,14,10,4,0,0,11,135,86,2524842.55,49628.9,49628.9,0.0,475,58240,-1872,0,-84,-375,-1632,0,200,-5323.1
age13-104729,2059/60,47,27,25,2,3,0,9,135,85,2566893.8,42051.25,42051.25,0.0,17750,23213,-1872,0,0,-375,-1499.88,-180,300,4715.13
age13-104729,2060/61,48,21,8,12,0,0,11,137,84,2598773.05,31879.25,31879.25,0.0,16000,25326,-1443,0,-122,0,-5480.64,-180,1400,-3621.11
age13-104729,2061/62,49,15,2,12,0,0,5,128,83,2646886.45,48113.4,48113.4,0.0,5250,54217,-585,0,0,0,-6228,-180,1000,-5360.6
age13-104729,2062/63,50,20,13,7,0,0,4,127,81,2671649.72,24763.27,24763.27,0.0,1250,32853,-1872,0,0,-1335,-2202,0,-50,-3880.73
age13-104729,2063/64,51,8,4,4,0,0,1,136,80,2686328.0,14678.28,14678.28,0.0,0,20431,-1872,0,0,-375,-1632,0,300,-2173.72
age13-104729,2064/65,52,11,6,5,0,0,0,91,78,2695280.75,8952.75,8952.75,0.0,0,14888,-1872,0,-84,-375,-1632,0,-50,-1922.25
age13-104729,2065/66,53,10,4,6,0,0,1,124,76,2707143.1,11862.35,11862.35,0.0,750,17308,-1872,0,0,-375,-1499.88,-540,50,-1958.77
age13-104729,2066/67,54,8,3,5,0,0,0,73,74,2724171.58,17028.48,17028.48,0.0,0,22962,-1872,0,-38,-375,-1436.16,0,150,-2362.36
age13-104729,2067/68,55,7,1,6,0,0,0,56,72,2741484.01,17312.43,17312.43,0.0,0,24483,-1872,0,0,-1235,-1632,0,50,-2481.57
age13-104729,2068/69,56,7,0,7,0,0,0,77,70,2754239.5,12755.49,12755.49,0.0,0,18625,-1872,0,0,-375,-1603.36,0,-50,-1969.15
age13-104729,2069/70,57,7,1,6,0,0,0,63,68,2764099.76,9860.26,9860.26,0.0,0,15264,-1755,0,0,-375,-1499.88,0,-50,-1723.86
age13-104729,2070/71,58,6,0,6,0,0,0,65,66,2778337.0,14237.24,14237.24,0.0,0,20155,-1833,0,0,-375,-1568.28,0,-50,-2091.48
age13-104729,2071/72,59,6,0,6,0,0,0,27,64,2790029.97,11692.97,11692.97,0.0,0,17484,-1872,0,-84,-375,-1632,0,50,-1878.03
age13-104729,2072/73,60,6,0,6,0,0,0,30,62,2799285.82,9255.85,9255.85,0.0,0,14570,-1872,0,0,-375,-1632,0,200,-1635.15
age13-104729,2073/74,61,8,0,8,0,0,0,47,60,2805970.91,6685.09,6685.09,0.0,0,13516,-1872,0,0,-1335,-2006.16,0,-50,-1567.75
age13-104729,2074/75,62,8,2,6,0,0,0,47,58,2809042.32,3071.41,3071.41,0.0,0,8674,-1872,0,0,-375,-1822,-180,-50,-1303.59
age13-104729,2075/76,63,6,1,5,0,0,0,27,56,2814993.87,5951.55,5951.55,0.0,0,10216,-1014,0,0,-375,-1499.88,0,-50,-1325.57
age13-104729,2076/77,64,6,0,6,0,0,0,21,53,2829115.63,14121.76,14121.76,0.0,0,19112,-1014,0,0,-375,-1568.28,0,-50,-1982.96
age13-104729,2077/78,65,6,0,6,0,0,0,23,51,2843222.94,14107.31,14107.31,0.0,0,19789,-1872,0,0,-375,-1436.16,0,50,-2048.53
age13-130363,2026/27,14,20,2,18,0,0,0,40,50,955.05,-7044.95,-7044.95,-0.0,0,2950,-156,0,-12647,-124,-1675.8,0,200,4407.85
age13-130363,2027/28,15,20,5,15,0,0,0,51,53,1158.05,203.0,203.0,-0.0,0,2310,-117,0,-4010,-80,-1710,0,-50,3860.0
age13-130363,2028/29,16,26,7,19,0,0,0,57,56,1208.61,50.56,50.56,-0.0,12,2484,-156,0,-3280,-96,-2565,0,50,3601.56
age13-130363,2029/30,17,24,3,21,0,0,0,53,59,3163.41,1954.8,1954.8,-0.0,0,2550,-1500,0,0,-275,-2565,0,-50,3794.8
age13-130363,2030/31,18,23,4,19,0,0,0,46,63,4811.36,1647.95,1647.95,0.0,0,2650,-1564,0,-84,-300,-2565,-360,-50,3920.95
age13-130363,2031/32,19,28,7,21,0,0,0,74,67,7242.88,2431.52,2431.52,0.0,80,7826,-5766,0,-38,-325,-2291.4,0,-50,2995.92
age13-130363,2032/33,20,34,23,11,1,0,0,91,71,11093.83,3850.95,3850.95,0.0,148,7650,-4412,0,0,-375,-2530.8,0,300,3070.75
age13-130363,2033/34,21,25,15,10,1,0,2,112,74,15802.83,4709,4709,0,40,8313,-3954,0,-84,-375,-2565,0,300,3034
age13-130363,2034/35,22,16,8,8,1,0,0,97,79,93693.49,77890.66,77890.66,0.0,75180,8632,-1872,0,-480,-1460,-2439.36,-180,200.0,310.02
age13-130363,2035/36,23,31,21,10,0,0,7,144,80,98105.23,4411.74,4411.74,0.0,2750,14343,-1872,0,-122,-1785,-3590.28,0,200,-5511.98
age13-130363,2036/37,24,14,2,12,0,0,0,98,82,139622.25,41517.02,41517.02,0.0,8250,44325,-1872,0,0,0,-5514.84,0,1000,-4671.14
age13-130363,2037/38,25,26,11,12,0,0,11,138,83,215279.18,75656.93,75656.93,0.0,30250,58650,-1872,0,-84,0,-5480.64,0,1400,-7206.43
age13-130363,2038/39,26,28,19,9,0,0,11,135,84,252325.67,37046.49,37046.49,0.0,6800,48675,-1872,0,-38,-1685,-3369.0,0,200,-11664.51
age13-130363,2039/40,27,26,15,10,0,0,16,139,85,316893.86,64568.19,64568.19,0.0,47600,28863,-1872,0,-84,0,-6228,0,1400,-5110.81
age13-130363,2040/41,28,21,10,9,0,0,7,129,86,399518.85,82624.99,82624.99,0.0,33750,63288,-1794,0,-122,0,-6551,0,2000,-7946.01
age13-130363,2041/42,29,41,34,7,2,0,21,138,87,544368.72,144849.87,144849.87,0.0,84010,66319,-1794,0,0,-1685,-3556.08,0,-50,1605.95
age13-130363,2042/43,30,21,9,10,0,0,14,138,88,584607.26,40238.54,40238.54,0.0,23500,28919,-1872,0,-122,0,-6228,-180,400,-4178.46
age13-130363,2043/44,31,27,19,8,0,0,17,144,88,671761.8,87154.54,87154.54,0.0,34400,68182,-1872,0,-84,0,-6228,0,1000,-8243.46
age13-130363,2044/45,32,19,13,6,0,0,7,144,89,726495.92,54734.12,54734.12,0.0,1440,64176,-1872,0,-38,-1235,-1436.16,0,50,-6350.72
age13-130363,2045/46,33,18,13,5,0,0,10,141,90,755996.89,29500.97,29500.97,0.0,540,37862,-1872,0,-84,-1335,-1686.96,-180,450,-4193.07
age13-130363,2046/47,34,19,15,4,0,0,13,138,90,772534.13,16537.24,16537.24,0.0,350,23544,-1014,0,0,-1335,-1917,-180,300,-3210.76
age13-130363,2047/48,35,29,17,11,0,0,13,141,91,836044.45,63510.32,63510.32,0.0,48200,25839,-1014,0,-122,0,-5480.64,-180,2000,-5732.04
age13-130363,2048/49,36,31,18,12,0,0,16,138,91,992015.03,155970.58,155970.58,0.0,109000,61812,-1872,0,-84,0,-6316.64,-540,800,-6828.78
age13-130363,2049/50,37,22,9,11,0,0,11,138,91,1095273.35,103258.32,103258.32,0.0,53450,65200,-1872,0,-122,0,-6240.64,0,400,-7557.04
age13-130363,2050/51,38,26,12,12,0,0,16,134,91,1211833.61,116560.26,116560.26,0.0,63100,68537,-1872,0,0,0,-6801.8,-180,2000,-8222.94
age13-130363,2051/52,39,29,15,11,0,0,24,145,91,1325693.04,113859.43,113859.43,0.0,59150,69237,-1872,0,-122,0,-6240.64,-180,2000,-8112.93
age13-130363,2052/53,40,25,14,11,0,0,21,138,91,1464526.79,138833.75,138833.75,0.0,83500,71719,-1872,0,-84,0,-6513,0,1000,-8916.25
age13-130363,2053/54,41,33,21,8,1,1,20,141,90,1845517.61,380990.82,380990.82,0.0,298600,94176,-1872,0,-122,0,-6483.84,-360,0,-2947.34
age13-130363,2054/55,42,37,22,13,1,1,22,139,90,2486865.53,641347.92,641347.92,0.0,503550,148388,-1872,0,-84,0,-8871.28,-540,2000,-1222.8
age13-130363,2055/56,43,24,11,13,0,0,7,133,89,2858787.19,371921.66,371921.66,0.0,118550,287486,-1755,0,-122,0,-7608.48,0,0,-24628.86
age13-130363,2056/57,44,28,16,10,0,0,14,140,88,3242162.79,383375.6,383375.6,0.0,112200,304540,-1833,0,0,0,-7608.48,0,2000,-25922.92
age13-130363,2057/58,45,26,13,12,0,0,18,142,87,3495605.43,253442.64,253442.64,0.0,96700,182312,-1872,0,-122,0,-6149.44,-180,400,-17645.92
age13-130363,2058/59,46,25,12,12,0,0,8,130,86,3669337.55,173732.12,173732.12,0.0,79900,116924,-1872,0,-84,0,-6994.24,-360,1000,-14781.64
age13-130363,2059/60,47,25,13,10,0,0,8,136,85,3781484.93,112147.38,112147.38,0.0,58850,67699,-1872,0,-38,0,-6400.24,-540,2000,-7551.38
age13-130363,2060/61,48,19,6,12,0,0,7,142,83,3849130.36,67645.43,67645.43,0.0,17100,65075,-1872,0,-84,0,-6513,0,400,-6460.57
age13-130363,2061/62,49,8,4,4,0,0,1,100,81,3900095.26,50964.9,50964.9,0.0,0,58220,-585,0,0,-375,-1436.16,0,200,-5058.94
age13-130363,2062/63,50,16,12,4,0,0,3,144,80,3930635.41,30540.15,30540.15,0.0,1440,37188,-1443,0,0,-1235,-1436.16,0,50,-4023.69
age13-130363,2063/64,51,8,2,6,0,0,1,112,78,3950021.07,19385.66,19385.66,0.0,350,24887,-1872,0,-84,-375,-1436.16,0,450,-2534.18
age13-130363,2064/65,52,8,2,6,0,0,0,74,76,3968188.99,18167.92,18167.92,0.0,0,24700,-1872,0,-38,-375,-1632,-180,50,-2485.08
age13-130363,2065/66,53,7,1,6,0,0,0,91,75,3985762.77,17573.78,17573.78,0.0,0,23796,-1872,0,0,-375,-1632,-180,200,-2363.22
age13-130363,2066/67,54,6,1,5,0,0,0,82,72,4002846.85,17084.08,17084.08,0.0,0,22938,-1872,0,0,-375,-1499.88,0,200,-2307.04
age13-130363,2067/68,55,8,1,7,0,0,0,62,71,4013301.73,10454.88,10454.88,0.0,0,17488,-1872,0,0,-1335,-2138.28,0,200,-1887.84
age13-130363,2068/69,56,9,1,8,0,0,0,64,68,4015445.37,2143.64,2143.64,0.0,0,8518,-1872,0,0,-1335,-1937.76,0,-50,-1179.6
age13-130363,2069/70,57,6,0,6,0,0,0,41,66,4030670.09,15224.72,15224.72,0.0,0,21120,-1872,0,0,-375,-1436.16,0,-50,-2162.12
age13-130363,2070/71,58,6,0,6,0,0,0,35,64,4045083.46,14413.37,14413.37,0.0,0,19963,-1716,0,0,-375,-1436.16,0,50,-2072.47
age13-130363,2071/72,59,6,0,6,0,0,0,37,62,4057016.3,11932.84,11932.84,0.0,0,17632,-1872,0,-84,-375,-1436.16,0,-50,-1882
age13-130363,2072/73,60,6,0,6,0,0,0,39,59,4073181.45,16165.15,16165.15,0.0,0,22339,-1872,0,0,-375,-1632,0,-50,-2244.85
age13-130363,2073/74,61,8,0,8,0,0,0,27,57,4082028.98,8847.53,8847.53,0.0,0,15787,-1872,0,0,-1335,-1937.76,0,-50,-1744.71
age13-130363,2074/75,62,4,0,4,0,0,0,82,54,4080371.47,-1657.51,-1657.51,0.0,0,12634,-1872,0,0,-275,-1291,0,-50,-10803.51
age13-130363,2075/76,63,6,0,6,0,0,0,18,51,4093811.71,13440.24,13440.24,0.0,0,27189,-1872,0,0,-375,-1386,-180,-50,-9885.76
age13-130363,2076/77,64,6,0,6,0,0,0,36,49,4109661.43,15849.72,15849.72,0.0,0,20229,-156,0,0,-375,-1436.16,-360,50,-2102.12
age13-130363,2077/78,65,4,0,4,0,0,0,14,46,4127512.79,17851.36,17851.36,0.0,0,22758,-1872,0,0,-75,-1140,0,-50,-1769.64
age14-104729,2026/27,15,25,5,20,0,0,0,46,52,1785.65,-6214.35,-6214.35,0.0,0,2950,-1500,0,-9347,-459,-2333.2,0,200,4274.85
age14-104729,2027/28,16,26,7,19,0,0,0,38,56,1192.45,-593.2,-593.2,-0.0,80,2550,-425,0,-3494,-255,-2565,0,-50,3565.8
age14-104729,2028/29,17,23,1,22,0,0,0,77,58,1299.9,107.45,107.45,-0.0,0,2820,-310,0,-3418,-195,-2565,0,50,3725.45
age14-104729,2029/30,18,23,2,21,0,0,0,44,63,3306.26,2006.36,2006.36,-0.0,0,2712,-1500,0,0,-300,-2565,-180,-50,3889.36
age14-104729,2030/31,19,24,3,21,0,0,0,61,66,6911.5,3605.24,3605.24,0.0,8,8444,-5612,0,-84,-375,-2257.2,0,50,3431.44
age14-104729,2031/32,20,24,11,13,0,0,1,123,70,10454.65,3543.15,3543.15,0.0,0,8301,-5528,0,-38,-325,-2257.2,0,-50,3440.35
age14-104729,2032/33,21,35,20,15,1,0,2,136,73,15201.67,4747.02,4747.02,0.0,333,8462,-4560,0,0,-375,-2565,0,50,3402.02
age14-104729,2033/34,22,18,10,8,0,0,5,135,78,25478.01,10276.34,10276.34,0.0,4500,9594,-1872,0,-564,-1460,-2737.8,0,200,2616.14
age14-104729,2034/35,23,24,14,10,0,0,3,117,80,30939.2,5461.19,5461.19,0.0,120,15851,-1872,0,0,-1785,-4247.28,-180,200,-2625.53
age14-104729,2035/36,24,16,3,12,0,0,5,122,82,75122.84,44183.64,44183.64,0.0,5000,48469,-1872,0,-122,0,-5514.84,-180,400,-1996.52
age14-104729,2036/37,25,18,5,11,0,0,2,127,83,141207.78,66084.94,66084.94,0.0,14350,64144,-1872,0,0,0,-5278,-540,2000,-6719.06
age14-104729,2037/38,26,38,28,10,1,0,18,141,85,204113.38,62905.6,62905.6,0.0,20060,55894,-1872,0,-122,-1685,-3556.08,-180,150,-5783.32
age14-104729,2038/39,27,37,30,7,2,0,22,141,86,303040.18,98926.8,98926.8,0.0,81130,29200,-1833,0,-84,-1685,-3756,0,50,-4095.2
age14-104729,2039/40,28,22,11,9,0,0,11,140,86,355424.94,52384.76,52384.76,0.0,37000,28588,-1755,0,0,0,-7355,-180,400,-4313.24
age14-104729,2040/41,29,42,28,10,2,0,28,141,87,654218.8,298793.86,298793.86,0.0,237000,64912,-1872,0,-122,0,-6483.84,-360,1400,4319.7
age14-104729,2041/42,30,27,12,12,0,0,13,140,88,909629.31,255410.51,255410.51,0.0,121000,160761,-1872,0,-122,0,-9056.4,0,800,-16100.09
age14-104729,2042/43,31,72,47,25,1,0,41,144,89,1245525.84,335896.53,335896.53,0.0,171500,172287,-1872,0,-206,0,-7069.04,0,400,856.57
age14-104729,2043/44,32,29,18,10,0,0,19,137,89,1458770.08,213244.24,213244.24,0.0,114800,117957,-1872,0,-84,0,-6799.24,-360,2000,-12397.52
age14-104729,2044/45,33,28,16,9,0,0,22,139,90,1729973.42,271203.34,271203.34,0.0,178400,113677,-1443,0,-38,0,-8273.76,0,400,-11518.9
age14-104729,2045/46,34,23,12,10,0,0,11,136,90,1924468.38,194494.96,194494.96,0.0,72200,141076,-585,0,-84,0,-6400.24,0,1400,-13111.8
age14-104729,2046/47,35,20,9,9,0,0,9,140,91,2072564.92,148096.54,148096.54,0.0,29500,137863,-1872,0,-122,0,-5413.76,0,1000,-12858.7
age14-104729,2047/48,36,13,10,3,0,0,1,125,91,2142260.65,69695.73,69695.73,0.0,350,81037,-1872,0,0,-1235,-1347,0,50,-7287.27
age14-104729,2048/49,37,26,15,10,0,0,10,135,91,2212043.46,69782.81,69782.81,0.0,43100,40675,-1872,0,-84,0,-6228,-360,0,-5448.19
age14-104729,2049/50,38,25,14,10,0,0,15,141,91,2308557.96,96514.5,96514.5,0.0,45400,65019,-1872,0,-38,0,-6608,-180,2000,-7206.5
age14-104729,2050/51,39,15,12,3,0,0,3,115,91,2349584.57,41026.61,41026.61,0.0,750,49281,-1872,0,-84,-1235,-1347,0,450,-4916.39
age14-104729,2051/52,40,29,17,11,0,0,14,141,91,2436145.63,86561.06,86561.06,0.0,40000,60582,-1872,0,0,0,-5677.04,-180,1400,-7691.9
age14-104729,2052/53,41,23,10,11,0,0,14,138,90,2517790.36,81644.73,81644.73,0.0,29100,67308,-1872,0,-122,0,-6316.6,0,1400,-7852.67
age14-104729,2053/54,42,23,19,4,1,0,10,142,90,2564020.56,46230.2,46230.2,0.0,5440,46305,-1794,0,0,-375,-1632,0,50,-1763.8
age14-104729,2054/55,43,11,7,4,0,0,6,141,89,2584506.5,20485.94,20485.94,0.0,350,26735,-1794,0,-84,-375,-1632,0,200,-2914.06
age14-104729,2055/56,44,13,8,5,0,0,5,144,88,2602614.3,18107.8,18107.8,0.0,250,24362,-1872,0,0,-375,-1632,-360,300,-2565.2
age14-104729,2056/57,45,11,9,2,0,0,5,144,87,2619119.44,16505.14,16505.14,0.0,0,23671,-1872,0,-38,-1235,-1185.36,0,-50,-2785.5
age14-104729,2057/58,46,24,12,10,0,0,13,128,86,2695101.6,75982.16,75982.16,0.0,43900,43859,-1872,0,-84,0,-5514.84,0,2000,-6306.0
age14-104729,2058/59,47,23,11,12,0,0,7,136,85,2772671.35,77569.75,77569.75,0.0,26500,66259,-1872,0,0,0,-5916.44,-180,400,-7620.81
age14-104729,2059/60,48,15,11,4,0,0,11,140,84,2803482.5,30811.15,30811.15,0.0,1290,36249,-1014,0,-122,-375,-1436.16,-180,50,-3650.69
age14-104729,2060/61,49,9,5,4,0,0,0,91,82,2819976.01,16493.51,16493.51,0.0,0,21212,-1014,0,0,-375,-1436.16,0,300,-2193.33
age14-104729,2061/62,50,8,3,5,0,0,2,116,81,2837471.72,17495.71,17495.71,0.0,0,23538,-1872,0,0,-375,-1436.16,-180,200,-2379.13
age14-104729,2062/63,51,13,9,4,0,0,3,109,79,2853464.84,15993.12,15993.12,0.0,0,23430,-1872,0,0,-1235,-1436.16,-180,50,-2763.72
age14-104729,2063/64,52,9,4,5,0,0,0,97,78,2870901.01,17436.17,17436.17,0.0,0,23262,-1872,0,0,-375,-1632,0,450,-2396.83
age14-104729,2064/65,53,6,1,5,0,0,2,134,76,2881481.82,10580.81,10580.81,0.0,0,16298,-1872,0,0,-375,-1632,0,-50,-1788.19
age14-104729,2065/66,54,7,1,6,0,0,0,40,74,2890626.68,9144.86,9144.86,0.0,0,14458,-1872,0,-84,-375,-1632,0,300,-1650.14
age14-104729,2066/67,55,7,2,5,0,0,0,65,72,2908080.04,17453.36,17453.36,0.0,0,23876,-1872,0,0,-375,-1499.88,-180,-50,-2445.76
age14-104729,2067/68,56,8,0,8,0,0,0,75,70,2918929.5,10849.46,10849.46,0.0,0,17960,-1872,0,0,-1335,-1937.76,0,-50,-1915.78
age14-104729,2068/69,57,9,2,7,0,0,0,44,68,2920880.76,1951.26,1951.26,0.0,0,8481,-1716,0,-38,-1335,-2202,0,-50,-1188.74
age14-104729,2069/70,58,7,1,6,0,0,0,47,66,2934417.11,13536.35,13536.35,0.0,0,19210,-1872,0,0,-375,-1632,0,200,-1994.65
age14-104729,2070/71,59,7,1,6,0,0,0,51,64,2946699.65,12282.54,12282.54,0.0,0,18142,-1872,0,0,-375,-1632,0,-50,-1930.46
age14-104729,2071/72,60,6,0,6,0,0,0,35,62,2962893.57,16193.92,16193.92,0.0,0,22382,-1872,0,0,-375,-1632,0,-50,-2259.08
age14-104729,2072/73,61,6,0,6,0,0,0,36,60,2970856.81,7963.24,7963.24,0.0,0,13362,-1872,0,0,-375,-1632,0,50,-1569.76
age14-104729,2073/74,62,8,0,8,0,0,0,21,58,2977734.0,6877.19,6877.19,0.0,0,13740,-1872,0,-84,-1335,-1937.76,0,-50,-1584.05
age14-104729,2074/75,63,8,0,8,0,0,0,51,55,2981084.87,3350.87,3350.87,0.0,0,8662,-156,0,0,-1335,-2202,-360,-50,-1208.13
age14-104729,2075/76,64,6,0,6,0,0,0,26,53,2986039.96,4955.09,4955.09,0.0,0,10071,-1872,0,0,-375,-1499.88,0,-50,-1319.03
age14-104729,2076/77,65,6,0,6,0,0,0,30,51,2998985.8,12945.84,12945.84,0.0,0,18626,-1872,0,0,-375,-1436.16,0,-50,-1947.0
age14-130363,2026/27,15,24,4,20,0,0,0,34,52,1234.5,-6765.5,-6765.5,-0.0,0,2900,-156,0,-11563,-285,-2428.2,0,450,4316.7
age14-130363,2027/28,16,23,7,16,0,0,0,56,55,1137.19,-97.31,-97.31,-0.0,8,2292,-464,0,-3658,-231,-1900,0,300,3555.69
age14-130363,2028/29,17,23,4,19,0,0,0,44,58,1208.06,70.87,70.87,-0.0,0,2502,-156,0,-3552,-184,-2280,0,-50,3790.87
age14-130363,2029/30,18,23,0,23,0,0,0,38,63,2288.13,1080.07,1080.07,-0.0,0,2776,-1500,0,-1066,-348,-2565,-50,-50,3883.07
age14-130363,2030/31,19,28,12,16,0,0,0,85,66,5943.59,3655.46,3655.46,0.0,43,7974,-4380,0,-84,-375,-2565,-540,450,3132.46
age14-130363,2031/32,20,24,7,17,0,0,1,127,70,9559.91,3616.32,3616.32,0.0,0,7686,-4800,0,-38,-325,-2257.2,0,-50,3400.52
age14-130363,2032/33,21,34,23,11,2,0,2,126,74,13104.69,3544.78,3544.78,0.0,308,7771,-6520,0,0,-375,-2257.2,0,-50,4667.98
age14-130363,2033/34,22,18,7,11,0,0,0,87,78,13966.46,861.77,861.77,0.0,4500,8482,-3700,0,-84,-1685,-4440,0,-50,-2161.23
age14-130363,2034/35,23,29,20,9,1,0,7,136,80,93954.87,79988.41,79988.41,0.0,75470,16892,-1872,0,-480,-1785,-3793.68,-180,450,-4712.91
age14-130363,2035/36,24,15,2,11,0,0,4,136,82,121142.51,27187.64,27187.64,0.0,4000,33941,-1872,0,-122,0,-6663,-180,1400,-3316.36
age14-130363,2036/37,25,17,6,10,0,0,6,145,83,183943.67,62801.16,62801.16,0.0,12000,63438,-1872,0,0,0,-6228,-180,2000,-6356.84
age14-130363,2037/38,26,31,20,11,0,0,14,141,85,227529.09,43585.42,43585.42,0.0,9850,52926,-1872,0,-84,-1685,-3556.08,-180,50,-11863.5
age14-130363,2038/39,27,27,16,11,0,0,8,143,86,244451.85,16922.76,16922.76,0.0,7750,26340,-1872,0,-38,-1685,-4006.8,-180,300,-9685.44
age14-130363,2039/40,28,48,38,10,2,0,22,144,87,340839.53,96387.68,96387.68,0.0,83130,24262,-1833,0,-84,-1785,-4044.48,0,200,-3457.84
age14-130363,2040/41,29,44,34,10,1,0,23,143,87,435555.09,94715.56,94715.56,0.0,81170,25544,-1755,0,-122,-1785,-3806.88,-180,200,-4549.56
age14-130363,2041/42,30,35,24,11,0,0,17,136,88,451477.71,15922.62,15922.62,0.0,3600,27880,-1872,0,-122,-1785,-4291.8,-540,450,-7396.58
age14-130363,2042/43,31,24,14,10,0,0,11,138,89,516547.16,65069.45,65069.45,0.0,34950,41406,-1872,0,0,0,-6228,0,2000,-5186.55
age14-130363,2043/44,32,23,12,9,0,0,15,141,89,597199.87,80652.71,80652.71,0.0,28500,65392,-1872,0,-84,0,-6193.8,0,2000,-7089.49
age14-130363,2044/45,33,13,9,4,0,0,7,137,90,645815.21,48615.34,48615.34,0.0,350,57264,-1443,0,-38,-1235,-1436.16,0,450,-5296.5
age14-130363,2045/46,34,14,9,5,0,0,4,130,90,669721.9,23906.69,23906.69,0.0,0,30948,-585,0,-84,-1335,-1853.28,0,300,-3484.03
age14-130363,2046/47,35,22,17,5,1,0,12,147,91,695213.89,25491.99,25491.99,0.0,7440,23418,-1872,0,0,-1335,-2001.48,-180,450,-427.53
age14-130363,2047/48,36,23,18,5,0,0,13,138,91,716264.23,21050.34,21050.34,0.0,4440,24408,-1872,0,-84,-1235,-1436.16,0,200,-3370.5
age14-130363,2048/49,37,19,14,5,0,0,7,138,91,734053.51,17789.28,17789.28,0.0,750,24800,-1872,0,-38,-1335,-1686.96,0,300,-3128.76
age14-130363,2049/50,38,19,14,5,0,0,6,138,91,752149.59,18096.08,18096.08,0.0,150,26000,-1872,0,0,-1335,-1917,0,450,-3379.92
age14-130363,2050/51,39,23,12,10,0,0,16,142,91,815733.15,63583.56,63583.56,0.0,44000,39038,-1872,0,-84,0,-7355,0,1000,-11143.44
age14-130363,2051/52,40,28,18,10,0,0,18,136,91,922696.81,106963.66,106963.66,0.0,57100,64444,-1872,0,-122,0,-6893,-180,2000,-7513.34
age14-130363,2052/53,41,24,20,4,1,0,15,140,90,1003076.12,80379.31,80379.31,0.0,13250,69599,-1872,0,0,-375,-1917,0,450,1244.31
age14-130363,2053/54,42,17,13,4,0,0,9,135,89,1029318.67,26242.55,26242.55,0.0,1462.5,32195,-1872,0,-84,-375,-1632,0,-50,-3401.95
age14-130363,2054/55,43,16,13,3,1,0,7,134,88,1053672.93,24354.26,24354.26,0.0,3250,24973,-1794,0,-38,-375,-1632,0,150,-179.74
age14-130363,2055/56,44,21,16,5,0,0,8,141,88,1073728.31,20055.38,20055.38,0.0,3215,24083,-1794,0,0,-375,-1632,-360,150,-3231.62
age14-130363,2056/57,45,15,13,2,0,0,8,133,87,1090371.27,16642.96,16642.96,0.0,890,23370,-1872,0,-84,-1235,-1347,-180,200,-3099.04
age14-130363,2057/58,46,27,12,12,0,0,19,142,85,1145349.66,54978.39,54978.39,0.0,23150,45638,-1872,0,-38,0,-5480.64,0,1000,-7418.97
age14-130363,2058/59,47,23,11,11,0,0,10,141,84,1222827.69,77478.03,77478.03,0.0,29900,60922,-1872,0,-84,0,-5480.64,-360,2000,-7547.33
age14-130363,2059/60,48,11,7,4,0,0,3,133,83,1266989.47,44161.78,44161.78,0.0,0,51518,-1014,0,0,-375,-1568.28,0,300,-4698.94
age14-130363,2060/61,49,8,3,5,0,0,1,123,82,1281278.57,14289.1,14289.1,0.0,0,19260,-1014,0,0,-375,-1436.16,-180,50,-2015.74
age14-130363,2061/62,50,6,1,5,0,0,1,124,80,1299077.35,17798.78,17798.78,0.0,0,23586,-1872,0,-84,-375,-1568.28,0,450,-2337.94
age14-130363,2062/63,51,15,9,6,0,0,5,127,78,1312342.53,13265.18,13265.18,0.0,0,21216,-1872,0,0,-1335,-2167.8,0,50,-2626.02
age14-130363,2063/64,52,7,2,5,0,0,0,79,76,1327938.67,15596.14,15596.14,0.0,0,21545,-1872,0,-38,-375,-1436.16,0,-50,-2177.7
age14-130363,2064/65,53,6,1,5,0,0,0,51,74,1343407.85,15469.18,15469.18,0.0,0,21406,-1872,0,0,-375,-1568.28,0,50,-2171.54
age14-130363,2065/66,54,6,0,6,0,0,0,50,72,1354323.63,10915.78,10915.78,0.0,0,16512,-1872,0,0,-375,-1436.16,-180,50,-1783.06
age14-130363,2066/67,55,6,0,6,0,0,0,88,70,1363427.82,9104.19,9104.19,0.0,0,14606,-1872,0,0,-375,-1568.28,0,-50,-1636.53
age14-130363,2067/68,56,8,1,7,0,0,0,49,68,1370509.89,7082.07,7082.07,0.0,0,13947,-1872,0,0,-1335,-2001.48,0,-50,-1606.45
age14-130363,2068/69,57,8,0,8,0,0,0,77,65,1372120.33,1610.44,1610.44,0.0,0,8047,-1872,0,0,-1335,-2138.28,0,50,-1141.28
age14-130363,2069/70,58,6,0,6,0,0,0,45,63,1375845.49,3725.16,3725.16,0.0,0,8851,-1755,0,-84,-375,-1632,0,-50,-1229.84
age14-130363,2070/71,59,6,0,6,0,0,0,35,61,1385207.19,9361.7,9361.7,0.0,0,14728,-1833,0,0,-375,-1436.16,0,-50,-1672.14
age14-130363,2071/72,60,6,0,6,0,0,0,49,59,1397361.33,12154.14,12154.14,0.0,0,17962,-1872,0,0,-375,-1436.16,-180,-50,-1894.7
age14-130363,2072/73,61,6,0,6,0,0,0,44,56,1411334.25,13972.92,13972.92,0.0,0,19966,-1872,0,0,-375,-1632,0,-50,-2064.08
age14-130363,2073/74,62,8,0,8,0,0,0,22,53,1420472.23,9137.98,9137.98,0.0,0,15826,-1872,0,0,-1335,-1937.76,0,200,-1743.26
age14-130363,2074/75,63,8,0,8,0,0,0,28,51,1423673.87,3201.64,3201.64,0.0,0,8064,-156,0,0,-1335,-2006.16,-180,-50,-1135.2
age14-130363,2075/76,64,6,0,6,0,0,0,20,48,1428427.46,4753.59,4753.59,0.0,0,9975,-1872,0,0,-375,-1632,0,-50,-1292.41
age14-130363,2076/77,65,6,0,6,0,0,0,21,46,1442376.79,13949.33,13949.33,0.0,0,19728,-1872,0,0,-375,-1436.16,0,-50,-2045.51
age16-104729,2026/27,17,34,24,10,2,0,1,126,66,3864.85,-4135.15,-4135.15,-0.0,2503,2950,-1500,0,-9695,-340,-2291.4,0,450,3788.25
age16-104729,2027/28,18,40,31,9,3,0,1,121,70,6837.88,2973.03,2973.03,0.0,1416,3177,-2130,0,0,-300,-2565,0,200,3175.03
age16-104729,2028/29,19,49,33,16,2,0,3,122,74,6158.72,-679.16,-679.16,0.0,1393,10464,-5282,0,-122,-1930,-4861.8,-360,300,-280.36
age16-104729,2029/30,20,38,20,18,0,0,1,123,76,3527.01,-2631.71,-2631.71,0.0,753,9774,-6536,0,0,-1745,-3806.88,-540,200,-730.83
age16-104729,2030/31,21,39,29,10,1,0,5,115,80,8667.31,5140.3,5140.3,0.0,665,9179,-4864,0,-84,-375,-2565,0,200,2984.3
age16-104729,2031/32,22,26,17,9,0,0,5,141,82,16166.28,7498.97,7498.97,0.0,12270,8482,-5220,0,-38,-1685,-3656.4,0,200,-2853.63
age16-104729,2032/33,23,18,7,11,0,0,4,118,83,60725.44,44559.16,44559.16,0.0,19750,30842,-1872,0,-564,0,-5278,0,1400,281.16
age16-104729,2033/34,24,22,9,11,0,0,9,134,85,135543.13,74817.69,74817.69,0.0,25250,63369,-1872,0,-122,0,-6228,-180,1000,-6399.31
age16-104729,2034/35,25,29,20,9,1,0,15,142,86,262256.01,126712.88,126712.88,0.0,77250,62400,-1872,0,0,-1685,-4041,-180,450,-5609.12
age16-104729,2035/36,26,36,25,11,0,0,18,140,87,294849.45,32593.44,32593.44,0.0,7870,40598,-1872,0,-84,-1785,-4326,0,450,-8257.56
age16-104729,2036/37,27,22,9,11,0,0,14,142,88,340037.24,45187.79,45187.79,0.0,31250,26459,-1872,0,-122,0,-6513,0,0,-4014.21
age16-104729,2037/38,28,24,13,11,0,0,16,140,88,421810.08,81772.84,81772.84,0.0,32000,62051,-1872,0,0,0,-5480.64,-180,2000,-6745.52
age16-104729,2038/39,29,38,30,8,3,0,17,139,89,574040.5,152230.42,152230.42,0.0,87750,63500,-1872,0,-122,-1685,-4041,-360,200,8860.42
age16-104729,2039/40,30,35,26,9,1,0,14,136,90,603141.09,29100.59,29100.59,0.0,9700,32888,-1833,0,-84,-1685,-4041,0,300,-6144.41
age16-104729,2040/41,31,43,34,9,2,0,17,139,91,668203.54,65062.45,65062.45,0.0,45750,28705,-1755,0,-122,-1785,-4326,-720,450,-1134.55
age16-104729,2041/42,32,22,17,5,0,0,11,136,91,688944.14,20740.6,20740.6,0.0,900,28209,-1872,0,0,-1335,-1686.96,-360,450,-3564.44
age16-104729,2042/43,33,23,12,11,0,0,17,137,92,742617.98,53673.84,53673.84,0.0,34750,31756,-1443,0,-122,0,-6228,-180,0,-4859.16
age16-104729,2043/44,34,32,19,10,0,0,25,141,92,859768.12,117150.14,117150.14,0.0,69400,61400,-585,0,-84,0,-6608,0,1400,-7772.86
age16-104729,2044/45,35,23,20,3,2,0,10,135,93,938444.96,78676.84,78676.84,0.0,18300,57516,-1872,0,0,-375,-1632,0,450,6289.84
age16-104729,2045/46,36,18,6,11,0,0,6,142,93,991749.4,53304.44,53304.44,0.0,11250,55742,-1872,0,-122,0,-6323,0,400,-5770.56
age16-104729,2046/47,37,17,5,10,0,0,8,134,93,1059878.22,68128.82,68128.82,0.0,20000,63807,-1872,0,0,0,-7545,0,1000,-7261.18
age16-104729,2047/48,38,12,8,4,0,0,5,131,93,1100382.08,40503.86,40503.86,0.0,0,49349,-1872,0,0,-1235,-1436.16,0,300,-4601.98
age16-104729,2048/49,39,20,14,6,0,0,10,139,93,1122238.58,21856.5,21856.5,0.0,3150,26725,-1872,0,-122,-1335,-1750.68,0,300,-3238.82
age16-104729,2049/50,40,19,13,6,0,0,9,139,93,1140506.8,18268.22,18268.22,0.0,2000,23922,-1872,0,0,-1335,-1853.28,0,450,-3043.5
age16-104729,2050/51,41,14,9,5,0,0,8,139,92,1159270.74,18763.94,18763.94,0.0,890,24252,-1872,0,0,-375,-1632,0,300,-2799.06
age16-104729,2051/52,42,22,16,6,1,0,7,131,92,1177351.45,18080.71,18080.71,0.0,3790,20418,-1872,0,-84,-1335,-1937.76,-360,200,-738.53
age16-104729,2052/53,43,16,11,5,1,0,7,134,91,1197446.99,20095.54,20095.54,0.0,2250,21427,-1872,0,0,-375,-1632,0,200,97.54
age16-104729,2053/54,44,19,14,5,0,0,7,135,90,1213535.62,16088.63,16088.63,0.0,1750,20241,-1872,0,-38,-375,-1436.16,0,450,-2631.21
age16-104729,2054/55,45,18,15,3,1,0,8,139,89,1238019.04,24483.42,24483.42,0.0,6000,22222,-1794,0,-84,-375,-1568.28,0,50,32.7
age16-104729,2055/56,46,16,12,4,0,0,8,142,88,1256933.98,18914.94,18914.94,0.0,2250,22943,-1794,0,0,-375,-1632,-180,300,-2597.06
age16-104729,2056/57,47,9,4,5,0,0,1,117,87,1274154.86,17220.88,17220.88,0.0,0,24076,-1872,0,0,-1235,-1436.16,-180,450,-2581.96
age16-104729,2057/58,48,17,10,7,0,0,6,135,86,1286219.15,12064.29,12064.29,0.0,800,18365,-585,0,-122,-1335,-1937.76,-540,-50,-2530.95
age16-104729,2058/59,49,14,9,5,0,0,5,130,84,1302593.47,16374.32,16374.32,0.0,1250,20233,-1443,0,0,-375,-1436.16,0,450,-2304.52
age16-104729,2059/60,50,12,8,4,0,0,5,131,83,1313881.67,11288.2,11288.2,0.0,540,16572,-1872,0,0,-375,-1499.88,-180,200,-2096.92
age16-104729,2060/61,51,9,4,5,0,0,1,133,82,1327897.51,14015.84,14015.84,0.0,150,19712,-1872,0,0,-375,-1436.16,0,-50,-2113.0
age16-104729,2061/62,52,7,2,5,0,0,0,74,80,1345255.29,17357.78,17357.78,0.0,0,23611,-1872,0,0,-375,-1436.16,-180,-50,-2340.06
age16-104729,2062/63,53,8,3,5,0,0,2,134,78,1361578.77,16323.48,16323.48,0.0,0,23575,-1872,0,-84,-1235,-1470.36,0,-50,-2540.16
age16-104729,2063/64,54,7,2,5,0,0,0,80,76,1378630.31,17051.54,17051.54,0.0,0,23389,-1872,0,0,-375,-1632,0,-50,-2408.46
age16-104729,2064/65,55,9,4,5,0,0,0,60,74,1390340.56,11710.25,11710.25,0.0,62.5,17461,-1872,0,0,-375,-1632,0,-50,-1884.25
age16-104729,2065/66,56,6,0,6,0,0,0,54,72,1404053.65,13713.09,13713.09,0.0,0,19976,-1872,0,0,-375,-1632,-360,50,-2073.91
age16-104729,2066/67,57,6,1,5,0,0,0,68,70,1418613.1,14559.45,14559.45,0.0,0,20397,-1872,0,-38,-375,-1499.88,0,50,-2102.67
age16-104729,2067/68,58,8,0,8,0,0,0,62,68,1430752.12,12139.02,12139.02,0.0,0,19541,-1872,0,0,-1335,-2202,0,50,-2042.98
age16-104729,2068/69,59,8,0,8,0,0,0,36,66,1433943.17,3191.05,3191.05,0.0,0,9843,-1872,0,0,-1335,-2202,0,50,-1292.95
age16-104729,2069/70,60,7,1,6,0,0,0,53,64,1438536.99,4593.82,4593.82,0.0,0,9691,-1755,0,0,-375,-1632,0,-50,-1285.18
age16-104729,2070/71,61,6,0,6,0,0,0,59,62,1448014.43,9477.44,9477.44,0.0,0,15052,-1833,0,0,-375,-1632,0,-50,-1684.56
age16-104729,2071/72,62,6,0,6,0,0,0,27,59,1461376.67,13362.24,13362.24,0.0,0,19388,-1872,0,-84,-375,-1436.16,-180,-50,-2028.6
age16-104729,2072/73,63,6,0,6,0,0,0,28,57,1474561.87,13185.2,13185.2,0.0,0,17246,-156,0,0,-375,-1632,0,-50,-1847.8
age16-104729,2073/74,64,8,0,8,0,0,0,38,55,1485189.27,10627.4,10627.4,0.0,0,17664,-1872,0,0,-1335,-2006.16,0,50,-1873.44
age16-104729,2074/75,65,8,1,7,0,0,0,46,52,1488497.55,3308.28,3308.28,0.0,0,10198,-1872,0,0,-1335,-2133.6,-180,-50,-1319.12
age16-130363,2026/27,17,32,22,10,1,0,0,56,66,4421.85,-3578.15,-3578.15,-0.0,2080,2950,-1500,0,-8515,-331,-2565,0,450,3852.85
age16-130363,2027/28,18,34,25,9,2,0,0,95,70,6240.65,1818.8,1818.8,0.0,316,2550,-1778,0,0,-300,-2565,0,300,3295.8
age16-130363,2028/29,19,41,34,7,3,0,0,93,74,8582.79,2342.14,2342.14,0.0,628,9413,-8850,0,-84,-375,-2565,0,200,3975.14
age16-130363,2029/30,20,33,19,14,0,0,0,96,77,2907.0,-5675.79,-5675.79,0.0,3,8752,-7526,0,-38,-1745,-4326,-180,-50,-565.79
age16-130363,2030/31,21,48,42,6,5,0,5,141,80,19681.19,16774.19,16774.19,0.0,7645,10166,-5814,0,-84,-375,-2257.2,0,300,7193.39
age16-130363,2031/32,22,40,31,9,1,0,21,142,82,24955.27,5274.08,5274.08,0.0,5200,9005,-1872,0,-518,-1785,-4193.88,-360,450,-652.04
age16-130363,2032/33,23,16,4,11,0,0,5,138,83,62894.29,37939.02,37939.02,-0.0,4500,40429,-1872,0,0,0,-5514.84,0,1000,-603.14
age16-130363,2033/34,24,23,10,12,0,0,7,145,85,139346.52,76452.23,76452.23,0.0,26600,63981,-1872,0,-84,0,-6228,0,400,-6344.77
age16-130363,2034/35,25,28,19,9,0,0,4,141,86,197521.77,58175.25,58175.25,0.0,15370,62188,-1872,0,-38,-1685,-3305.28,-180,450,-12752.47
age16-130363,2035/36,26,20,7,11,0,0,10,134,87,258099.83,60578.06,60578.06,0.0,19250,54275,-585,0,-84,0,-5514.84,-360,400,-6803.1
age16-130363,2036/37,27,28,17,9,0,0,21,139,88,432570.42,174470.59,174470.59,0.0,128400,61379,-1404,0,-122,0,-6513,-180,1400,-8489.41
age16-130363,2037/38,28,21,9,11,0,0,13,141,89,528604.17,96033.75,96033.75,0.0,44000,66183,-1755,0,-84,0,-6651.04,0,2000,-7659.21
age16-130363,2038/39,29,20,10,10,0,0,11,141,89,635851.13,107246.96,107246.96,0.0,53250,69000,-1872,0,-38,0,-6765.04,0,1000,-7328.0
age16-130363,2039/40,30,38,32,6,2,0,21,142,90,767137.36,131286.23,131286.23,0.0,81750,53032,-1872,0,-84,-1685,-3590.64,0,300,3435.87
age16-130363,2040/41,31,18,6,11,0,0,16,135,90,803479.02,36341.66,36341.66,0.0,9500,37291,-1872,0,-84,0,-5480.64,0,2000,-5012.7
age16-130363,2041/42,32,23,11,11,0,0,14,139,91,873873.45,70394.43,70394.43,0.0,19650,65302,-1872,0,-38,0,-5480.64,0,1000,-8166.93
age16-130363,2042/43,33,14,10,4,1,0,7,130,92,934397.25,60523.8,60523.8,0.0,9000,54764,-1872,0,0,-375,-1632,0,-50,688.8
age16-130363,2043/44,34,25,16,8,0,0,15,135,92,1034883.3,100486.05,100486.05,0.0,65600,49690,-1872,0,-122,0,-6418,0,0,-6391.95
age16-130363,2044/45,35,56,39,17,1,0,36,144,93,2026621.8,991738.5,991738.5,0.0,837800,181029,-1872,0,-206,0,-8328,0,1000,-17684.5
age16-130363,2045/46,36,38,23,13,1,0,27,142,93,2845799.38,819177.58,819177.58,0.0,534750,294326,-1872,0,-122,0,-9701,-360,1000,1156.58
age16-130363,2046/47,37,23,10,12,0,0,15,136,93,3262557.6,416758.22,416758.22,0.0,195600,252573,-1872,0,-84,0,-9121,0,2000,-22337.78
age16-130363,2047/48,38,29,15,11,0,0,13,137,93,3489587.92,227030.32,227030.32,0.0,81900,171585,-1872,0,-122,0,-8646,0,2000,-17814.68
age16-130363,2048/49,39,22,18,4,0,0,12,137,93,3608122.42,118534.5,118534.5,0.0,1290,133469,-1872,0,0,-1235,-1632,0,450,-11935.5
age16-130363,2049/50,40,23,11,11,0,0,13,136,93,3659087.8,50965.38,50965.38,0.0,26750,35513,-1443,0,-84,0,-6288.8,0,1400,-4881.82
age16-130363,2050/51,41,26,15,9,0,0,18,142,92,3748999.03,89911.23,89911.23,0.0,42100,59381,-585,0,-122,0,-5514.84,0,2000,-7347.93
age16-130363,2051/52,42,16,14,2,0,0,12,140,91,3787967.47,38968.44,38968.44,0.0,1250,46512,-1755,0,0,-1235,-1347,0,450,-4906.56
age16-130363,2052/53,43,27,14,12,0,0,9,135,91,3856226.72,68259.25,68259.25,0.0,37600,43563,-1833,0,-122,0,-6323,0,2000,-6625.75
age16-130363,2053/54,44,27,15,10,0,0,20,138,90,3971442.4,115215.68,115215.68,0.0,60750,68587,-1872,0,-84,0,-5898.64,0,1400,-7666.68
age16-130363,2054/55,45,14,10,4,0,0,7,144,89,4018135.16,46692.76,46692.76,0.0,2000,53045,-1872,0,0,-375,-1499.88,0,300,-4905.36
age16-130363,2055/56,46,15,10,5,0,0,5,133,87,4041804.6,23669.44,23669.44,0.0,1375,29426,-1872,0,-38,-375,-1436.16,-360,50,-3100.4
age16-130363,2056/57,47,9,5,4,0,0,4,135,86,4058881.86,17077.26,17077.26,0.0,0,24350,-1872,0,-84,-1235,-1632,-180,200,-2469.74
age16-130363,2057/58,48,18,12,6,0,0,10,139,85,4074316.53,15434.67,15434.67,0.0,150,23926,-1872,0,0,-1335,-2202,-180,-50,-3002.33
age16-130363,2058/59,49,13,8,5,0,0,2,132,83,4093711.79,19395.26,19395.26,0.0,1312.5,24539,-1872,0,0,-375,-1632,0,50,-2627.24
age16-130363,2059/60,50,10,5,5,0,0,1,111,82,4103475.05,9763.26,9763.26,0.0,0,15637,-1872,0,0,-375,-1632,-180,50,-1864.74
age16-130363,2060/61,51,9,3,6,0,0,2,110,80,4115039.46,11564.41,11564.41,0.0,0,17388,-1872,0,0,-375,-1632,0,50,-1994.59
age16-130363,2061/62,52,10,5,5,0,0,0,85,78,4133495.22,18455.76,18455.76,0.0,750,24024,-1872,0,-122,-375,-1632,0,150,-2467.24
age16-130363,2062/63,53,9,4,5,0,0,1,112,76,4150788.05,17292.83,17292.83,0.0,0,24600,-1872,0,0,-1235,-1632,0,-50,-2518.17
age16-130363,2063/64,54,6,0,6,0,0,0,67,74,4170103.69,19315.64,19315.64,0.0,0,25451,-1872,0,0,-375,-1436.16,-180,200,-2472.2
age16-130363,2064/65,55,6,1,5,0,0,0,71,71,4186301.99,16198.3,16198.3,0.0,0,21388,-1014,0,0,-375,-1568.28,0,-50,-2182.42
age16-130363,2065/66,56,6,0,6,0,0,0,89,69,4195091.88,8789.89,8789.89,0.0,0,13288,-1014,0,0,-375,-1499.88,0,-50,-1559.23
age16-130363,2066/67,57,7,1,6,0,0,0,56,67,4199149.93,4058.05,4058.05,0.0,0,8893,-1716,0,0,-375,-1568.28,0,50,-1225.67
age16-130363,2067/68,58,6,0,6,0,0,0,37,65,4211501.21,12351.28,12351.28,0.0,0,19132,-1872,0,0,-1235,-1632,0,-50,-1991.72
age16-130363,2068/69,59,8,0,8,0,0,0,69,63,4226041.61,14540.4,14540.4,0.0,0,22624,-1872,0,0,-1335,-2202,-360,-50,-2264.6
age16-130363,2069/70,60,4,0,4,0,0,0,40,60,4242004.89,15963.28,15963.28,0.0,0,21510,-1872,0,-84,-175,-1632,0,-50,-1733.72
age16-130363,2070/71,61,6,0,6,0,0,0,36,57,4261787.24,19782.35,19782.35,0.0,0,26068,-1872,0,0,-375,-1436.16,0,-50,-2552.49
age16-130363,2071/72,62,6,0,6,0,0,0,27,55,4275719.25,13932.01,13932.01,0.0,0,19719,-1872,0,0,-375,-1436.16,0,-50,-2053.83
age16-130363,2072/73,63,6,0,6,0,0,0,25,52,4291688.24,15968.99,15968.99,0.0,0,22125,-1872,0,0,-375,-1632,0,-50,-2227.01
age16-130363,2073/74,64,4,0,4,0,0,0,16,50,4310830.39,19142.15,19142.15,0.0,0,23993,-1872,0,0,-75,-1003.2,0,-50,-1850.65
age16-130363,2074/75,65,4,0,4,0,0,0,23,48,4322899.9,12069.51,12069.51,0.0,0,27401,-1872,0,0,-275,-1291,0,50,-11943.49
age17-104729,2026/27,18,36,22,14,1,0,0,71,68,5067.65,-2932.35,-2932.35,0.0,523,2950,-2370,0,-8385,-332,-2257.2,0,450,6488.85
age17-104729,2027/28,19,32,24,8,2,0,0,77,71,10215.16,5147.51,5147.51,0.0,200,9292,-7855,0,0,-375,-2565,0,200,6250.51
age17-104729,2028/29,20,36,28,8,3,0,3,105,75,18050.2,7835.04,7835.04,0.0,255,8619,-5064,0,-84,-375,-2565,0,300,6749.04
age17-104729,2029/30,21,39,31,8,2,0,4,119,79,28156.85,10106.65,10106.65,0.0,1157,8577,-1872,0,-518,-375,-2565,0,300,5402.65
age17-104729,2030/31,22,30,17,13,0,0,2,131,80,41758.32,13601.47,13601.47,0.0,13450,8139,-1872,0,0,-1785,-4326,-540,450,85.47
age17-104729,2031/32,23,27,16,11,0,0,5,139,82,50936.31,9177.99,9177.99,0.0,350,16579,-1443,0,-122,-1785,-3806.88,0,450,-1044.13
age17-104729,2032/33,24,18,4,13,0,0,3,118,84,92757.19,41820.88,41820.88,0.0,11750,38422,-585,0,0,0,-5583.24,0,0,-2182.88
age17-104729,2033/34,25,19,7,10,0,0,11,138,85,163777.06,71019.87,71019.87,0.0,22250,63572,-1872,0,-84,0,-6228,0,0,-6618.13
age17-104729,2034/35,26,39,32,7,2,0,16,136,86,233147.82,69370.76,69370.76,0.0,14850,61412,-1872,0,-122,-1685,-4041,-180,200,808.76
age17-104729,2035/36,27,29,17,12,0,0,11,143,87,314786.67,81638.85,81638.85,0.0,34600,63006,-1872,0,-84,0,-6193.8,0,400,-8217.35
age17-104729,2036/37,28,27,14,9,0,0,12,137,88,406509.83,91723.16,91723.16,0.0,44400,60856,-1872,0,-38,0,-5799.84,0,2000,-7823.0
age17-104729,2037/38,29,41,34,7,2,0,17,140,89,532248.09,125738.26,125738.26,0.0,80600,51654,-1872,0,-84,-1685,-4041,0,200,966.26
age17-104729,2038/39,30,21,7,11,0,0,9,136,90,575608.1,43360.01,43360.01,0.0,15850,39662,-1872,0,-122,0,-6220.4,0,1400,-5337.59
age17-104729,2039/40,31,29,14,11,0,0,10,136,90,665917.49,90309.39,90309.39,0.0,36150,68444,-1872,0,0,0,-5583.24,-720,2000,-8109.37
age17-104729,2040/41,32,17,11,6,0,0,8,140,91,718006.9,52089.41,52089.41,0.0,1440,61512,-1833,0,-84,-1335,-1686.96,-180,150,-5893.63
age17-104729,2041/42,33,19,14,5,0,0,10,134,91,738912.87,20905.97,20905.97,0.0,1790,27584,-1755,0,-38,-1335,-1917,0,50,-3473.03
age17-104729,2042/43,34,30,19,11,0,0,13,141,92,840158.24,101245.37,101245.37,0.0,88500,23951,-1872,0,-84,0,-6418,-360,1400,-3871.63
age17-104729,2043/44,35,30,18,12,0,0,21,141,92,1018781.25,178623.01,178623.01,0.0,134850,59822,-1872,0,-122,0,-7178,-180,1400,-8096.99
age17-104729,2044/45,36,29,17,9,0,0,16,141,92,1139231.55,120450.3,120450.3,0.0,68950,68239,-1872,0,-84,0,-7159,0,1000,-8623.7
age17-104729,2045/46,37,29,17,10,0,0,19,143,92,1262386.79,123155.24,123155.24,0.0,67050,71229,-1872,0,-38,0,-6483.84,0,2000,-8729.92
age17-104729,2046/47,38,27,17,10,0,0,18,134,92,1408658.06,146271.27,146271.27,0.0,93800,69127,-585,0,-84,0,-6107.64,0,0,-9879.09
age17-104729,2047/48,39,18,6,10,0,0,8,142,92,1496027.38,87369.32,87369.32,0.0,36250,66589,-1443,0,-122,0,-6513,0,1000,-8391.68
age17-104729,2048/49,40,31,18,12,0,0,20,139,92,1612416.94,116389.56,116389.56,0.0,67650,66616,-1872,0,-84,0,-7368,0,1000,-9552.44
age17-104729,2049/50,41,16,12,4,1,0,5,138,92,1679003.82,66586.88,66586.88,0.0,1350,67164,-1872,0,0,-375,-1632,0,50,1901.88
age17-104729,2050/51,42,19,16,3,1,0,11,141,91,1714625.36,35621.54,35621.54,0.0,7440,32191,-1872,0,-38,-375,-1436.16,0,50,-338.3
age17-104729,2051/52,43,24,20,4,0,0,7,133,91,1737035.1,22409.74,22409.74,0.0,5210,25336,-1872,0,-84,-1235,-1436.16,0,200,-3709.1
age17-104729,2052/53,44,17,14,3,1,0,7,145,90,1758439.91,21404.81,21404.81,0.0,1350,23748,-1872,0,0,-375,-1436.16,-360,450,-100.03
age17-104729,2053/54,45,17,13,4,1,0,7,134,89,1779772.8,21332.89,21332.89,0.0,2250,22806,-1872,0,0,-375,-1436.16,-180,200,-59.95
age17-104729,2054/55,46,14,10,4,0,0,7,136,88,1797903.27,18130.47,18130.47,0.0,1290,23256,-1872,0,-122,-375,-1632,0,300,-2714.53
age17-104729,2055/56,47,9,4,5,0,0,7,138,87,1814845.71,16942.44,16942.44,0.0,62.5,22943,-1794,0,0,-375,-1632,0,50,-2312.06
age17-104729,2056/57,48,10,4,6,0,0,0,96,86,1832088.19,17242.48,17242.48,0.0,0,24076,-1794,0,0,-1235,-1436.16,0,200,-2568.36
age17-104729,2057/58,49,16,9,7,0,0,4,135,84,1847213.61,15125.42,15125.42,0.0,0,23229,-1872,0,0,-1335,-1937.76,-180,50,-2828.82
age17-104729,2058/59,50,13,8,5,0,0,2,102,83,1863961.18,16747.57,16747.57,0.0,750,22081,-1872,0,-84,-375,-1568.28,0,200,-2384.15
age17-104729,2059/60,51,8,4,4,0,0,2,144,81,1874729.02,10767.84,10767.84,0.0,0,16203,-1872,0,0,-375,-1499.88,0,200,-1888.28
age17-104729,2060/61,52,7,2,5,0,0,2,134,79,1885404.22,10675.2,10675.2,0.0,0,16050,-1872,0,0,-375,-1568.28,0,200,-1759.52
age17-104729,2061/62,53,10,4,6,0,0,1,101,78,1904146.62,18742.4,18742.4,0.0,0,23400,-156,0,-38,-375,-1436.16,-180,-50,-2422.44
age17-104729,2062/63,54,8,4,4,0,0,1,122,76,1921077.44,16930.82,16930.82,0.0,0,23894,-1872,0,0,-1235,-1632,0,300,-2524.18
age17-104729,2063/64,55,7,2,5,0,0,0,75,74,1936279.17,15201.73,15201.73,0.0,0,21292,-1872,0,0,-375,-1632,0,-50,-2161.27
age17-104729,2064/65,56,6,1,5,0,0,0,42,72,1951099.95,14820.78,14820.78,0.0,0,20883,-1872,0,0,-375,-1632,0,-50,-2133.22
age17-104729,2065/66,57,6,0,6,0,0,0,52,70,1960689.75,9589.8,9589.8,0.0,0,15500,-1872,0,-84,-375,-1632,-180,-50,-1717.2
age17-104729,2066/67,58,6,1,5,0,0,0,39,67,1968781.41,8091.66,8091.66,0.0,0,12914,-1872,0,0,-375,-1499.88,0,450,-1525.46
age17-104729,2067/68,59,8,0,8,0,0,0,68,66,1980301.13,11519.72,11519.72,0.0,0,18956,-1872,0,0,-1335,-2202,0,-50,-1977.28
age17-104729,2068/69,60,8,0,8,0,0,0,23,64,1983463.31,3162.18,3162.18,0.0,0,9631,-1872,0,0,-1335,-2202,0,200,-1259.82
age17-104729,2069/70,61,6,0,6,0,0,0,46,61,1988834.32,5371.01,5371.01,0.0,0,10653,-1872,0,0,-375,-1632,0,-50,-1352.99
age17-104729,2070/71,62,6,0,6,0,0,0,56,59,2004124.11,15289.79,15289.79,0.0,0,21259,-1755,0,0,-375,-1632,0,-50,-2157.21
age17-104729,2071/72,63,6,0,6,0,0,0,38,57,2019167.07,15042.96,15042.96,0.0,0,21080,-1833,0,0,-375,-1436.16,-180,-50,-2162.88
age17-104729,2072/73,64,6,0,6,0,0,0,41,55,2029309.39,10142.32,10142.32,0.0,0,15807,-1872,0,0,-375,-1632,0,-50,-1735.68
age17-104729,2073/74,65,8,0,8,0,0,0,31,52,2035890.63,6581.24,6581.24,0.0,0,13404,-1872,0,0,-1335,-2006.16,0,-50,-1559.6
age17-130363,2026/27,18,38,26,12,0,0,0,77,68,3533.85,-4466.15,-4466.15,0.0,351,2950,-2094,0,-9139,-361,-2496.6,0,450,5873.45
age17-130363,2027/28,19,36,24,12,1,0,0,82,71,7854.36,4320.51,4320.51,0.0,688,7439,-6701,0,0,-375,-2565,0,200,5634.51
age17-130363,2028/29,20,40,29,11,1,0,1,131,75,12066.87,4212.51,4212.51,0.0,1253,7958,-8040,0,0,-375,-2257.2,0,200,5473.71
age17-130363,2029/30,21,47,33,14,1,0,4,131,78,18266.18,6199.31,6199.31,0.0,1700,10098,-1872,0,-122,-1745,-3995.64,-360,450,2045.95
age17-130363,2030/31,22,32,23,9,2,0,5,135,80,94983.14,76716.96,76716.96,0.0,79220,9835,-1872,0,-480,-1685,-4440,-180,300,-3981.04
age17-130363,2031/32,23,41,34,7,3,0,11,136,82,125386.83,30403.69,30403.69,0.0,20500,19437,-1872,0,-122,-825,-3692.28,-180,200,-3042.03
age17-130363,2032/33,24,17,6,9,0,0,6,139,84,156399.19,31012.36,31012.36,0.0,11100,29978,-1872,0,-84,0,-5480.64,-180,1400,-3849.0
age17-130363,2033/34,25,22,10,11,0,0,17,137,85,231636.27,75237.08,75237.08,0.0,25750,64012,-1872,0,-38,0,-6228,0,1000,-7386.92
age17-130363,2034/35,26,30,22,8,1,0,19,143,86,298984.93,67348.66,67348.66,0.0,36100,42925,-1872,0,-84,-1685,-3756,-360,300,-4219.34
age17-130363,2035/36,27,23,12,11,0,0,11,138,87,343379.73,44394.8,44394.8,0.0,26500,30638,-1872,0,-38,0,-6323,-360,1000,-5150.2
age17-130363,2036/37,28,35,25,8,1,0,23,140,88,552750.81,209371.08,209371.08,0.0,152050,66376,-1872,0,-84,0,-7273,0,1000,-825.92
age17-130363,2037/38,29,21,9,10,0,0,16,133,89,664560.67,111809.86,111809.86,0.0,60250,66944,-1872,0,-122,0,-7273,0,1400,-7517.14
age17-130363,2038/39,30,27,15,10,0,0,21,138,90,796490.53,131929.86,131929.86,0.0,83100,65138,-1755,0,-84,0,-7178,-180,1400,-8511.14
age17-130363,2039/40,31,30,20,10,0,0,22,139,90,925904.07,129413.54,129413.54,0.0,76250,67204,-1833,0,-122,0,-5982.24,0,2000,-8103.22
age17-130363,2040/41,32,28,18,10,1,0,25,139,91,1127857.51,201953.44,201953.44,0.0,142850,67312,-156,0,-84,0,-6421.8,-180,400,-1766.76
age17-130363,2041/42,33,26,13,12,0,0,24,136,91,1272929.07,145071.56,145071.56,0.0,91700,71209,-1872,0,-122,0,-6799.24,0,1000,-10044.2
age17-130363,2042/43,34,27,14,12,0,0,17,138,92,1463660.19,190731.12,190731.12,0.0,100500,111958,-1872,0,0,0,-8741,0,400,-11513.88
age17-130363,2043/44,35,19,7,11,0,0,15,135,92,1631722.95,168062.76,168062.76,0.0,47250,141700,-1872,0,-122,0,-7558,-360,2000,-12975.24
age17-130363,2044/45,36,33,19,13,0,0,17,144,92,1827307.31,195584.36,195584.36,0.0,101350,112196,-1872,0,-84,0,-6739.84,-180,2000,-11085.8
age17-130363,2045/46,37,30,20,9,0,0,20,139,92,1978130.33,150823.02,150823.02,0.0,87400,80768,-1872,0,-122,0,-7408.4,0,1400,-9342.58
age17-130363,2046/47,38,26,15,10,0,0,16,142,92,2105940.17,127809.84,127809.84,0.0,73700,71770,-1872,0,-84,0,-7083,0,1400,-10021.16
age17-130363,2047/48,39,29,18,9,1,0,14,141,92,2314201.56,208261.39,208261.39,0.0,144100,72707,-1872,0,-38,0,-5815.04,-180,1000,-1640.57
age17-130363,2048/49,40,17,5,10,0,0,6,136,92,2407232.1,93030.54,93030.54,0.0,37950,71213,-1872,0,-84,0,-7273,0,400,-7303.46
age17-130363,2049/50,41,25,14,9,0,0,15,134,92,2515261.48,108029.38,108029.38,0.0,53750,70551,-1872,0,-122,0,-7463,0,1400,-8214.62
age17-130363,2050/51,42,12,8,4,0,0,10,141,91,2550330.03,35068.55,35068.55,0.0,1250,41584,-1872,0,0,-375,-1632,0,150,-4036.45
age17-130363,2051/52,43,12,8,4,0,0,5,125,90,2568043.49,17713.46,17713.46,0.0,0,24845,-1872,0,0,-1235,-1499.88,0,200,-2724.66
age17-130363,2052/53,44,17,14,3,1,0,9,140,89,2590058.03,22014.54,22014.54,0.0,1350,24416,-1872,0,0,-375,-1436.16,-180,200,-88.3
age17-130363,2053/54,45,9,4,5,0,0,2,112,88,2608312.09,18254.06,18254.06,0.0,150,24160,-1716,0,-84,-375,-1436.16,-180,200,-2464.78
age17-130363,2054/55,46,13,8,5,0,0,4,139,87,2625604.13,17292.04,17292.04,0.0,890,22004,-1443,0,0,-375,-1436.16,0,200,-2547.8
age17-130363,2055/56,47,14,9,5,0,0,5,136,86,2644570.11,18965.98,18965.98,0.0,850,23614,-585,0,-38,-375,-1436.16,-360,-50,-2653.86
age17-130363,2056/57,48,13,9,4,0,0,5,141,84,2660832.23,16262.12,16262.12,0.0,0,23376,-1872,0,0,-1235,-1568.28,-180,450,-2708.6
age17-130363,2057/58,49,13,6,7,0,0,2,115,83,2676826.17,15993.94,15993.94,0.0,450,23550,-1872,0,-84,-1335,-2202,-180,300,-2633.06
age17-130363,2058/59,50,10,5,5,0,0,1,105,81,2695904.02,19077.85,19077.85,0.0,0,25241,-1872,0,0,-375,-1632,0,300,-2584.15
age17-130363,2059/60,51,10,5,5,0,0,3,115,79,2710861.89,14957.87,14957.87,0.0,0,21018,-1872,0,0,-375,-1632,0,200,-2381.13
age17-130363,2060/61,52,9,5,4,0,0,0,80,78,2724672.03,13810.14,13810.14,0.0,62.5,19518,-1872,0,0,-375,-1436.16,0,-50,-2037.2
age17-130363,2061/62,53,7,2,5,0,0,1,101,76,2742132.14,17460.11,17460.11,0.0,0,23707,-1872,0,-38,-375,-1568.28,0,-50,-2343.61
age17-130363,2062/63,54,10,5,5,0,0,1,109,74,2759113.08,16980.94,16980.94,0.0,0,24359,-1872,0,-84,-1235,-1597.8,0,-50,-2539.26
age17-130363,2063/64,55,6,0,6,0,0,0,60,71,2778296.03,19182.95,19182.95,0.0,0,25469,-1872,0,0,-375,-1436.16,-180,50,-2472.89
age17-130363,2064/65,56,7,2,5,0,0,0,66,69,2788601.99,10305.96,10305.96,0.0,0,15824,-1872,0,0,-375,-1568.28,0,50,-1752.76
age17-130363,2065/66,57,6,0,6,0,0,0,45,67,2803964.29,15362.3,15362.3,0.0,0,21672,-1872,0,0,-375,-1632,-180,-50,-2200.7
age17-130363,2066/67,58,6,0,6,0,0,0,46,65,2811177.11,7212.82,7212.82,0.0,0,12394,-1872,0,0,-375,-1499.88,0,50,-1484.3
age17-130363,2067/68,59,8,0,8,0,0,0,36,63,2812765.55,1588.44,1588.44,0.0,0,8052,-1794,0,0,-1335,-2138.28,0,-50,-1146.28
age17-130363,2068/69,60,8,0,8,0,0,0,36,60,2814429.53,1663.98,1663.98,0.0,0,8294,-1794,0,0,-1335,-2202,-180,50,-1169.02
age17-130363,2069/70,61,6,1,5,0,0,0,28,57,2818858.15,4428.62,4428.62,0.0,0,8480,-1014,0,0,-375,-1436.16,0,-50,-1176.22
age17-130363,2070/71,62,6,0,6,0,0,0,20,55,2829523.39,10665.24,10665.24,0.0,0,15229,-1014,0,0,-375,-1436.16,0,-50,-1688.6
age17-130363,2071/72,63,6,0,6,0,0,0,19,52,2841044.1,11520.71,11520.71,0.0,0,17086,-1872,0,0,-375,-1436.16,0,-50,-1832.13
age17-130363,2072/73,64,6,0,6,0,0,0,20,50,2851840.68,10796.58,10796.58,0.0,0,16624,-1872,0,-84,-375,-1632,0,-50,-1814.42
age17-130363,2073/74,65,8,0,8,0,0,0,15,48,2859759.37,7918.69,7918.69,0.0,0,14780,-1872,0,0,-1335,-1937.76,0,-50,-1666.55
age19-104729,2026/27,20,44,32,12,3,0,1,102,71,23223.87,15223.87,15223.87,0.0,2910,25303,-6726,0,-8302,-1795,-4057.68,-180,200,7871.55
age19-104729,2027/28,21,40,26,14,2,0,2,110,75,43158.33,19934.46,19934.46,0.0,90,24044,-1755,0,-564,-1830,-4413.64,0,450,3913.1
age19-104729,2028/29,22,34,22,12,0,0,3,123,80,60087.6,16929.27,16929.27,0.0,2070,26395,-1872,0,-122,-1785,-4561.8,-360,50,-2884.93
age19-104729,2029/30,23,28,18,10,0,0,8,132,81,73198.07,13110.47,13110.47,0.0,350,22461,-1872,0,0,-1785,-3556.08,-180,50,-2357.45
age19-104729,2030/31,24,20,9,10,0,0,8,134,83,131239.2,58041.13,58041.13,0.0,29350,41268,-1872,0,-122,0,-5549.04,0,400,-5433.83
age19-104729,2031/32,25,20,7,13,0,0,6,140,84,192064.48,60825.28,60825.28,0.0,14200,60046,-1872,0,-84,0,-6228,0,1000,-6236.72
age19-104729,2032/33,26,39,33,6,3,0,19,140,86,347621.4,155556.92,155556.92,0.0,90380,63772,-1872,0,0,-725,-3225,0,-50,7276.92
age19-104729,2033/34,27,28,15,13,0,0,15,138,87,416034.1,68412.7,68412.7,0.0,31000,51600,-1872,0,-122,0,-6379,0,1000,-6814.3
age19-104729,2034/35,28,29,17,10,0,0,14,130,88,522677.08,106642.98,106642.98,0.0,63100,58840,-1872,0,-122,0,-6703,-180,1000,-7420.02
age19-104729,2035/36,29,35,27,8,2,0,13,139,89,654715.35,132038.27,132038.27,0.0,80620,56277,-1872,0,-84,-1685,-3556.08,-180,450,2068.35
age19-104729,2036/37,30,42,32,10,1,0,20,142,90,765169.18,110453.83,110453.83,0.0,81450,36787,-156,0,-38,-1785,-4040.64,0,450,-2213.53
age19-104729,2037/38,31,33,26,7,1,0,14,138,90,787828.03,22658.85,22658.85,0.0,8170,28975,-1872,0,-84,-1685,-3756,-180,200,-7109.15
age19-104729,2038/39,32,21,9,10,0,0,20,136,91,840552.5,52724.47,52724.47,0.0,30750,33326,-1872,0,-84,0,-6228,-180,1400,-4387.53
age19-104729,2039/40,33,21,10,10,0,0,12,138,91,913616.87,73064.37,73064.37,0.0,25250,61792,-1872,0,-38,0,-5480.64,-540,400,-6446.99
age19-104729,2040/41,34,20,17,3,0,0,5,117,92,964456.58,50839.71,50839.71,0.0,2350,59346,-1872,0,-84,-1335,-1436.16,-180,-50,-5899.13
age19-104729,2041/42,35,24,14,9,0,0,14,136,92,1021929.42,57472.84,57472.84,0.0,42100,34713,-1755,0,0,0,-7640,-180,400,-10165.16
age19-104729,2042/43,36,30,18,10,0,0,16,140,92,1133698.58,111769.16,111769.16,0.0,63250,62396,-1833,0,-122,0,-5815.04,-180,1000,-6926.8
age19-104729,2043/44,37,20,10,8,0,0,13,138,92,1225567.64,91869.06,91869.06,0.0,39100,67336,-1872,0,-84,0,-5763.36,-180,1000,-7667.58
age19-104729,2044/45,38,14,11,3,0,0,9,135,92,1272803.8,47236.16,47236.16,0.0,0,57082,-1872,0,-38,-1235,-1347,0,200,-5553.84
age19-104729,2045/46,39,32,20,11,0,0,27,142,92,1389966.64,117162.84,117162.84,0.0,88150,43226,-1872,0,-84,0,-6893,0,1000,-6364.16
age19-104729,2046/47,40,30,15,13,0,0,23,135,92,1486369.92,96403.28,96403.28,0.0,52450,62108,-1872,0,-122,0,-6796.96,0,0,-9363.76
age19-104729,2047/48,41,25,13,11,0,0,11,133,92,1595111.16,108741.24,108741.24,0.0,58650,65503,-1872,0,-84,0,-5922.48,-360,1400,-8573.28
age19-104729,2048/49,42,32,20,12,0,0,22,144,91,1714964.63,119853.47,119853.47,0.0,69000,67088,-1872,0,-122,0,-7083,-360,1400,-8197.53
age19-104729,2049/50,43,22,11,11,0,0,15,136,90,1812735.34,97770.71,97770.71,0.0,43150,69270,-1872,0,0,0,-6342,0,1400,-7835.29
age19-104729,2050/51,44,19,16,3,1,0,13,143,90,1877495.36,64760.02,64760.02,0.0,4625,62340,-1014,0,-38,-375,-1632,0,50,804.02
age19-104729,2051/52,45,19,15,4,0,0,5,136,88,1907326.32,29830.96,29830.96,0.0,4440,33525,-1014,0,-84,-1235,-1632,-180,-50,-3939.04
age19-104729,2052/53,46,9,4,5,0,0,3,138,88,1924817.46,17491.14,17491.14,0.0,0,23850,-1872,0,0,-375,-1632,-360,300,-2419.86
age19-104729,2053/54,47,16,11,5,0,0,4,131,87,1944996.06,20178.6,20178.6,0.0,3150,23400,-1872,0,0,-375,-1436.16,-180,200,-2708.24
age19-104729,2054/55,48,12,7,5,0,0,2,123,85,1962214.06,17218.0,17218.0,0.0,750,22678,-1872,0,-84,-375,-1436.16,0,-50,-2392.84
age19-104729,2055/56,49,11,7,4,0,0,4,142,84,1979936.68,17722.62,17722.62,0.0,400,23290,-1833,0,0,-375,-1436.16,0,200,-2523.22
age19-104729,2056/57,50,10,6,4,0,0,5,134,83,1996429.84,16493.16,16493.16,0.0,0,23700,-1755,0,-38,-1235,-1436.16,-180,50,-2612.68
age19-104729,2057/58,51,12,5,7,0,0,1,130,81,2009202.64,12772.8,12772.8,0.0,0,20456,-1872,0,0,-1335,-1937.76,-180,-50,-2308.44
age19-104729,2058/59,52,8,3,5,0,0,2,128,80,2024170.94,14968.3,14968.3,0.0,0,20891,-1872,0,0,-375,-1436.16,0,-50,-2189.54
age19-104729,2059/60,53,8,4,4,0,0,1,133,78,2031880.22,7709.28,7709.28,0.0,0,13013,-1872,0,-84,-375,-1436.16,0,50,-1586.56
age19-104729,2060/61,54,6,1,5,0,0,0,82,76,2047221.93,15341.71,15341.71,0.0,0,21112,-1872,0,0,-375,-1436.16,0,50,-2137.13
age19-104729,2061/62,55,9,3,6,0,0,0,83,74,2056980.17,9758.24,9758.24,0.0,350,14794,-1872,0,0,-375,-1436.16,0,50,-1752.6
age19-104729,2062/63,56,7,1,6,0,0,0,65,72,2069519.24,12539.07,12539.07,0.0,0,19266,-1872,0,0,-1235,-1470.36,0,-50,-2099.57
age19-104729,2063/64,57,6,0,6,0,0,0,71,70,2083208.38,13689.14,13689.14,0.0,0,19850,-1872,0,0,-375,-1632,-180,-50,-2051.86
age19-104729,2064/65,58,6,0,6,0,0,0,60,67,2088862.14,5653.76,5653.76,0.0,0,10960,-1872,0,0,-375,-1632,0,-50,-1377.24
age19-104729,2065/66,59,7,1,6,0,0,0,39,65,2095006.74,6144.6,6144.6,0.0,0,10104,-585,0,0,-375,-1632,0,-50,-1317.4
age19-104729,2066/67,60,7,1,6,0,0,0,55,64,2111237.06,16230.32,16230.32,0.0,0,21916,-1443,0,0,-375,-1632,0,50,-2285.68
age19-104729,2067/68,61,8,0,8,0,0,0,24,61,2121114.88,9877.82,9877.82,0.0,0,17238,-1872,0,-38,-1335,-2202,0,-50,-1863.18
age19-104729,2068/69,62,8,0,8,0,0,0,30,59,2122569.92,1455.04,1455.04,0.0,0,8150,-1872,0,-84,-1335,-2202,0,-50,-1151.96
age19-104729,2069/70,63,6,0,6,0,0,0,28,57,2126419.38,3849.46,3849.46,0.0,0,8867,-1872,0,0,-375,-1597.8,0,50,-1222.74
age19-104729,2070/71,64,6,0,6,0,0,0,16,55,2131701.42,5282.04,5282.04,0.0,0,10402,-1794,0,0,-375,-1568.28,0,-50,-1332.68
age19-104729,2071/72,65,6,0,6,0,0,0,31,52,2142023.26,10321.84,10321.84,0.0,0,16307,-1794,0,0,-375,-1632,-360,-50,-1774.16
age19-130363,2026/27,20,41,26,15,1,0,2,124,72,23301.18,15301.18,15301.18,0.0,3250,26645,-5230,0,-8302,-1795,-4576.8,0,-50,5359.98
age19-130363,2027/28,21,43,30,13,1,0,1,115,75,41023.23,17722.05,17722.05,0.0,1498,22700,-1755,0,-480,-1830,-4224.88,-180,200,1793.93
age19-130363,2028/29,22,31,22,9,0,0,5,112,80,61359.48,20336.25,20336.25,0.0,6140,24597,-1872,0,-122,-1785,-3793.68,-360,50,-2518.07
age19-130363,2029/30,23,19,6,13,0,0,2,106,81,115931.77,54572.29,54572.29,0.0,23250,42030,-1872,0,0,0,-5863.44,0,1000,-3972.27
age19-130363,2030/31,24,20,7,12,0,0,5,131,83,185085.7,69153.93,69153.93,0.0,17650,64493,-1872,0,-84,0,-5583.24,0,2000,-7449.83
age19-130363,2031/32,25,43,37,6,2,0,9,138,84,314796.42,129710.72,129710.72,0.0,83290,51982,-1872,0,-122,-1685,-3305.28,-540,150,1813.0
age19-130363,2032/33,26,20,10,10,0,0,10,138,86,358677.38,43880.96,43880.96,0.0,23200,30288,-1872,0,0,0,-5480.64,-180,2000,-4074.4
age19-130363,2033/34,27,30,19,10,0,0,18,140,87,456577.3,97899.92,97899.92,0.0,55000,57438,-1872,0,-122,0,-6125.4,-360,1000,-7058.68
age19-130363,2034/35,28,35,29,6,2,0,11,143,87,587958.96,131381.66,131381.66,0.0,83120,53536,-1872,0,-84,-1685,-3305.28,-180,450,1401.94
age19-130363,2035/36,29,27,15,12,0,0,17,133,88,652315.38,64356.42,64356.42,0.0,47650,30300,-1872,0,-38,0,-6513,-360,2000,-6810.58
age19-130363,2036/37,30,29,18,9,1,0,25,142,89,851376.2,199060.82,199060.82,0.0,150750,59975,-1872,0,-84,0,-7425,-540,1000,-2743.18
age19-130363,2037/38,31,30,19,10,1,0,19,142,90,1067118.97,215742.77,215742.77,0.0,154900,66940,-156,0,-122,0,-6913.24,-180,2000,-725.99
age19-130363,2038/39,32,28,17,10,1,0,29,144,91,1338921.35,271802.38,271802.38,0.0,179800,105721,-1872,0,-84,0,-8646,-180,0,-2936.62
age19-130363,2039/40,33,32,21,10,0,0,23,140,91,1600811.39,261890.04,261890.04,0.0,114800,173576,-1872,0,-122,0,-9121,-180,2000,-17190.96
age19-130363,2040/41,34,25,12,12,0,0,12,133,92,1809834.64,209023.25,209023.25,0.0,71000,163901,-1872,0,-38,0,-8551,0,1000,-16416.75
age19-130363,2041/42,35,26,15,9,1,0,17,141,92,2137685.19,327850.55,327850.55,0.0,188800,145188,-1755,0,-84,0,-7368,0,2000,1069.55
age19-130363,2042/43,36,58,37,20,3,0,28,140,92,2718009.89,580324.7,580324.7,0.0,419000,143325,-1833,0,-206,0,-8989,-540,1000,28567.7
age19-130363,2043/44,37,27,15,12,0,0,18,141,92,3130966.75,412956.86,412956.86,0.0,212150,231612,-1872,0,-38,0,-9026,-720,2000,-21149.14
age19-130363,2044/45,38,23,11,12,0,0,18,136,92,3442750.57,311783.82,311783.82,0.0,99000,243080,-1872,0,-84,0,-9212,-180,2000,-20948.18
age19-130363,2045/46,39,24,11,9,0,0,15,139,92,3616327.49,173576.92,173576.92,0.0,51750,143000,-1872,0,-84,0,-6342,-180,1400,-14095.08
age19-130363,2046/47,40,31,20,9,0,0,18,134,92,3804816.55,188489.06,188489.06,0.0,68400,142038,-1872,0,-122,0,-7197,-180,2000,-14577.94
age19-130363,2047/48,41,35,20,11,1,0,23,142,92,4065775.47,260958.92,260958.92,0.0,191900,79591,-1872,0,-122,0,-6572.76,-360,2000,-3605.32
age19-130363,2048/49,42,80,44,35,1,0,31,139,91,4513162.07,447386.6,447386.6,0.0,373900,87088,-1872,0,-206,0,-7232.72,-180,1400,-5510.68
age19-130363,2049/50,43,39,25,14,2,0,19,142,90,5114474.58,601312.51,601312.51,0.0,428300,176750,-1872,0,-122,0,-8620.48,-540,2000,5416.99
age19-130363,2050/51,44,34,18,12,1,0,19,141,89,5555948.02,441473.44,441473.44,0.0,154800,292500,-1872,0,-84,0,-8871.28,0,1000,4000.72
age19-130363,2051/52,45,27,12,10,0,0,19,135,88,5830734.55,274786.53,274786.53,0.0,134400,164204,-1014,0,-38,0,-7906.04,-180,1000,-15679.43
age19-130363,2052/53,46,18,6,9,0,0,12,138,87,5972828.58,142094.03,142094.03,0.0,23600,137852,-1014,0,-84,0,-6437,0,800,-12622.97
age19-130363,2053/54,47,17,13,4,1,0,9,132,86,6034822.38,61993.8,61993.8,0.0,2440,61016,-1872,0,0,-375,-1436.16,0,450,1770.96
age19-130363,2054/55,48,19,15,4,0,0,11,142,84,6066593.85,31771.47,31771.47,0.0,3665,35918,-1872,0,-122,-375,-1436.16,-180,50,-3876.37
age19-130363,2055/56,49,7,2,5,0,0,1,103,83,6084814.43,18220.58,18220.58,0.0,0,24375,-1833,0,0,-375,-1436.16,0,-50,-2460.26
age19-130363,2056/57,50,11,4,7,0,0,1,141,81,6097434.83,12620.4,12620.4,0.0,0,19912,-1755,0,0,-1335,-2202,0,200,-2199.6
age19-130363,2057/58,51,10,4,6,0,0,1,102,79,6113594.27,16159.44,16159.44,0.0,0,22902,-1872,0,0,-375,-1822,-180,-50,-2443.56
age19-130363,2058/59,52,7,2,5,0,0,0,83,78,6124943.5,11349.23,11349.23,0.0,0,16723,-1872,0,0,-375,-1499.88,0,200,-1826.89
age19-130363,2059/60,53,8,3,5,0,0,0,87,76,6139299.25,14355.75,14355.75,0.0,0,20285,-1872,0,0,-375,-1632,0,50,-2100.25
age19-130363,2060/61,54,6,1,5,0,0,0,56,73,6156118.91,16819.66,16819.66,0.0,0,23126,-1872,0,-84,-375,-1632,0,-50,-2293.34
age19-130363,2061/62,55,6,0,6,0,0,0,41,71,6168255.29,12136.38,12136.38,0.0,0,17610,-1872,0,0,-375,-1632,0,300,-1894.62
age19-130363,2062/63,56,9,1,8,0,0,0,84,69,6174994.12,6738.83,6738.83,0.0,0,13672,-1872,0,0,-1335,-2001.48,0,-50,-1674.69
age19-130363,2063/64,57,6,0,6,0,0,0,29,67,6178554.42,3560.3,3560.3,0.0,0,8714,-1872,0,-38,-375,-1436.16,-180,-50,-1202.54
age19-130363,2064/65,58,6,0,6,0,0,0,32,65,6192252.15,13697.73,13697.73,0.0,0,19557,-1872,0,0,-375,-1632,0,50,-2030.27
age19-130363,2065/66,59,6,0,6,0,0,0,52,62,6203882.55,11630.4,11630.4,0.0,0,17211,-1872,0,0,-375,-1436.16,0,-50,-1847.44
age19-130363,2066/67,60,6,0,6,0,0,0,27,60,6214298.48,10415.93,10415.93,0.0,0,14594,-585,0,0,-375,-1632,0,50,-1636.07
age19-130363,2067/68,61,8,0,8,0,0,0,26,57,6221234.0,6935.52,6935.52,0.0,0,13547,-1443,0,0,-1335,-2202,0,-50,-1581.48
age19-130363,2068/69,62,7,0,7,0,0,0,27,55,6224948.73,3714.73,3714.73,0.0,0,8897,-1872,0,0,-375,-1667.08,0,-50,-1218.19
age19-130363,2069/70,63,6,0,6,0,0,0,31,52,6239085.57,14136.84,14136.84,0.0,0,20221,-1872,0,-84,-375,-1632,0,-50,-2071.16
age19-130363,2070/71,64,4,0,4,0,0,0,27,50,6258891.28,19805.71,19805.71,0.0,0,25301,-1794,0,0,-175,-1436.16,0,-50,-2040.13
age19-130363,2071/72,65,6,0,6,0,0,0,21,47,6276112.74,17221.46,17221.46,0.0,0,23600,-1794,0,0,-375,-1436.16,-360,-50,-2363.38
age20-104729,2026/27,21,42,29,13,2,0,2,117,71,21935.07,13935.07,13935.07,0.0,2090,25303,-7518,0,-8302,-1795,-4057.68,0,300,7914.75
age20-104729,2027/28,22,20,8,12,0,0,0,97,76,40572.8,18637.73,18637.73,0.0,0,22203,-1794,0,-480,-1785,-3995.64,0,450,4039.37
age20-104729,2028/29,23,29,21,8,1,0,9,143,80,69022.46,28449.66,28449.66,0.0,11750,23267,-1872,0,-122,-825,-3780,0,450,-418.34
age20-104729,2029/30,24,18,5,11,0,0,3,122,82,98318.7,29296.24,29296.24,0.0,14500,24120,-1872,0,0,0,-5613.52,-180,0,-1658.24
age20-104729,2030/31,25,22,9,13,0,0,2,127,83,159983.68,61664.98,61664.98,0.0,19600,55325,-1872,0,-84,0,-5583.24,-180,1400,-6940.78
age20-104729,2031/32,26,38,30,8,0,0,18,139,85,207208.1,47224.42,47224.42,0.0,18370,47990,-1872,0,-38,-1685,-3590.64,-180,300,-12069.94
age20-104729,2032/33,27,26,13,10,0,0,22,141,86,281055.12,73847.02,73847.02,0.0,43150,44642,-1872,0,-84,0,-5731.44,0,0,-6257.54
age20-104729,2033/34,28,27,15,11,0,0,16,139,87,372753.46,91698.34,91698.34,0.0,44700,61400,-1872,0,-122,0,-5929.04,0,1000,-7478.62
age20-104729,2034/35,29,27,19,8,0,0,11,139,88,428529.98,55776.52,55776.52,0.0,13790,61900,-1872,0,-84,-1685,-3756,-180,450,-12786.48
age20-104729,2035/36,30,18,6,12,0,0,11,140,89,484103.47,55573.49,55573.49,0.0,13750,54750,-1872,0,0,0,-6323,-180,2000,-6551.51
age20-104729,2036/37,31,35,23,12,1,0,18,137,90,690643.05,206539.58,206539.58,0.0,155150,60598,-1872,0,-122,0,-6805.6,0,1400,-1808.82
age20-104729,2037/38,32,24,12,10,0,0,15,140,90,874647.68,184004.63,184004.63,0.0,133050,65152,-156,0,-122,0,-6651.04,0,1000,-8268.33
age20-104729,2038/39,33,30,15,12,0,0,24,141,91,1234518.74,359871.06,359871.06,0.0,271100,108869,-1872,0,-84,0,-7775.68,-180,1000,-11186.26
age20-104729,2039/40,34,30,18,10,0,0,24,142,92,1494240.82,259722.08,259722.08,0.0,110550,175500,-1872,0,-122,0,-8026.48,-360,1000,-16947.44
age20-104729,2040/41,35,29,15,11,0,0,21,141,92,1725321.88,231081.06,231081.06,0.0,99500,156096,-1872,0,0,0,-7274.08,0,1000,-16368.86
age20-104729,2041/42,36,16,6,10,0,0,4,139,92,1813342.98,88021.1,88021.1,0.0,22100,81038,-1755,0,-122,0,-5763.36,-360,1000,-8116.54
age20-104729,2042/43,37,19,14,5,0,0,10,139,92,1854921.14,41578.16,41578.16,0.0,540,51076,-1833,0,0,-1235,-1632,0,200,-5537.84
age20-104729,2043/44,38,29,17,10,0,0,22,144,92,1944114.61,89193.47,89193.47,0.0,46600,55945,-1872,0,-84,0,-6193.8,-180,2000,-7021.73
age20-104729,2044/45,39,17,5,11,0,0,10,134,92,2010697.88,66583.27,66583.27,0.0,17750,61619,-1872,0,-122,0,-5647.84,0,1000,-6143.89
age20-104729,2045/46,40,15,11,4,0,0,10,133,92,2055512.23,44814.35,44814.35,0.0,1250,53217,-1872,0,0,-1235,-1499.88,-180,200,-5065.77
age20-104729,2046/47,41,19,13,6,0,0,7,135,92,2081569.42,26057.19,26057.19,0.0,1440,33406,-1872,0,0,-1335,-1937.76,0,-50,-3594.05
age20-104729,2047/48,42,18,14,4,0,0,8,138,91,2102688.85,21119.43,21119.43,0.0,2052.5,25449,-1872,0,-84,-375,-1436.16,0,450,-3064.91
age20-104729,2048/49,43,21,17,4,0,0,7,134,90,2119254.34,16565.49,16565.49,0.0,2440,20712,-1872,0,-38,-375,-1632,0,200,-2869.51
age20-104729,2049/50,44,18,14,4,0,0,12,141,89,2138973.9,19719.56,19719.56,0.0,2250,23745,-1872,0,0,-375,-1436.16,-180,300,-2712.28
age20-104729,2050/51,45,11,7,4,0,0,5,138,88,2157925.44,18951.54,18951.54,0.0,750,24736,-1872,0,-84,-375,-1632,0,-50,-2521.46
age20-104729,2051/52,46,13,9,4,0,0,9,134,88,2175907.52,17982.08,17982.08,0.0,0,24024,-1014,0,0,-1235,-1499.88,0,450,-2743.04
age20-104729,2052/53,47,11,7,4,0,0,4,139,86,2194551.11,18643.59,18643.59,0.0,0,24168,-1014,0,0,-375,-1436.16,-180,-50,-2469.25
age20-104729,2053/54,48,13,8,5,0,0,4,117,85,2209055.77,14504.66,14504.66,0.0,350,20178,-1872,0,-38,-375,-1632,0,200,-2306.34
age20-104729,2054/55,49,10,5,5,0,0,4,124,84,2225526.12,16470.35,16470.35,0.0,750,21685,-1872,0,0,-375,-1632,0,200,-2285.65
age20-104729,2055/56,50,18,14,4,0,0,5,125,82,2244721.06,19194.94,19194.94,0.0,2602.5,23340,-1833,0,-84,-375,-1499.88,-360,200,-2795.68
age20-104729,2056/57,51,9,3,6,0,0,1,121,81,2261392.54,16671.48,16671.48,0.0,0,24076,-1755,0,0,-1235,-1436.16,-360,-50,-2568.36
age20-104729,2057/58,52,10,3,7,0,0,0,74,79,2276951.6,15559.06,15559.06,0.0,0,22800,-1872,0,0,-1335,-1937.76,0,200,-2296.18
age20-104729,2058/59,53,8,3,5,0,0,0,75,77,2293266.67,16315.07,16315.07,0.0,0,22385,-1872,0,0,-375,-1568.28,0,50,-2304.65
age20-104729,2059/60,54,7,2,5,0,0,0,79,76,2307397.43,14130.76,14130.76,0.0,0,19880,-1872,0,0,-375,-1632,0,200,-2070.24
age20-104729,2060/61,55,7,1,6,0,0,0,58,74,2321476.21,14078.78,14078.78,0.0,0,20024,-1872,0,-84,-375,-1499.88,0,-50,-2064.34
age20-104729,2061/62,56,7,1,6,0,0,0,62,72,2339412.07,17935.86,17935.86,0.0,0,24143,-1872,0,-38,-375,-1436.16,0,-50,-2435.98
age20-104729,2062/63,57,10,3,7,0,0,0,72,69,2354853.19,15441.12,15441.12,0.0,0,22870,-1872,0,0,-1335,-1937.76,0,50,-2334.12
age20-104729,2063/64,58,6,0,6,0,0,0,63,67,2367255.44,12402.25,12402.25,0.0,0,18233,-1872,0,0,-375,-1436.16,-180,-50,-1917.59
age20-104729,2064/65,59,6,1,5,0,0,0,73,65,2381753.22,14497.78,14497.78,0.0,0,20533,-1872,0,0,-375,-1632,0,-50,-2106.22
age20-104729,2065/66,60,7,1,6,0,0,0,32,64,2394457.07,12703.85,12703.85,0.0,0,18577,-1872,0,0,-375,-1632,0,-50,-1944.15
age20-104729,2066/67,61,6,0,6,0,0,0,38,61,2412734.16,18277.09,18277.09,0.0,0,23242,-585,0,0,-375,-1632,0,-50,-2322.91
age20-104729,2067/68,62,8,0,8,0,0,0,37,59,2424844.42,12110.26,12110.26,0.0,0,19146,-1443,0,0,-1335,-2202,0,-50,-2005.74
age20-104729,2068/69,63,8,0,8,0,0,0,22,57,2426047.67,1203.25,1203.25,0.0,0,7988,-1872,0,0,-1335,-2202,-180,-50,-1145.75
age20-104729,2069/70,64,6,0,6,0,0,0,23,54,2430523.14,4475.47,4475.47,0.0,0,9671,-1872,0,-84,-375,-1632,0,50,-1282.53
age20-104729,2070/71,65,6,0,6,0,0,0,22,52,2441331.55,10808.41,10808.41,0.0,0,16470,-1794,0,0,-375,-1632,0,-50,-1810.59
age20-130363,2026/27,21,41,26,15,1,0,1,126,72,25800.18,17800.18,17800.18,0.0,2350,26645,-4150,0,-8782,-1795,-4576.8,0,200,7908.98
age20-130363,2027/28,22,30,19,11,1,0,1,130,76,50202.09,24401.91,24401.91,0.0,3640,22872,-1794,0,0,-1785,-3806.88,0,450,4825.79
age20-130363,2028/29,23,31,23,8,1,0,1,102,80,72150.63,21948.54,21948.54,0.0,3670,26019,-1872,0,-122,-1785,-3793.68,-360,200,-7.78
age20-130363,2029/30,24,23,12,11,0,0,9,131,82,137590.57,65439.94,65439.94,0.0,34250,44105,-1872,0,-84,0,-5480.64,0,0,-5478.42
age20-130363,2030/31,25,19,7,12,0,0,6,135,83,210125.9,72535.33,72535.33,0.0,22000,65101,-1872,0,-38,0,-5465.44,-180,0,-7010.23
age20-130363,2031/32,26,31,23,8,0,0,10,139,85,247613.1,37487.2,37487.2,0.0,3390,53250,-1872,0,-84,-1685,-3305.28,-540,450,-12116.52
age20-130363,2032/33,27,24,13,9,0,0,16,145,86,307036.02,59422.92,59422.92,0.0,40500,29976,-1872,0,0,0,-5480.64,-360,1000,-4340.44
age20-130363,2033/34,28,21,9,11,0,0,12,136,87,379907.58,72871.56,72871.56,0.0,27600,57976,-1872,0,-122,0,-5480.64,0,1000,-6229.8
age20-130363,2034/35,29,41,34,7,3,0,16,140,88,451633.34,71725.76,71725.76,0.0,15570,54094,-1872,0,-84,-1685,-3590.28,-180,450,9023.04
age20-130363,2035/36,30,30,21,9,0,0,16,135,89,464436.28,12802.94,12802.94,0.0,2730,27351,-1872,0,-38,-1685,-3756,0,300,-10227.06
age20-130363,2036/37,31,25,12,11,0,0,27,144,90,609828.03,145391.75,145391.75,0.0,113650,45827,-1872,0,-84,0,-6418,0,1000,-6711.25
age20-130363,2037/38,32,28,15,12,0,0,16,140,90,746844.47,137016.44,137016.44,0.0,87700,64150,-1872,0,-122,0,-6316.64,0,1400,-7922.92
age20-130363,2038/39,33,26,14,10,0,0,19,141,91,899180.49,152336.02,152336.02,0.0,89750,77198,-156,0,-84,0,-7293.24,0,2000,-9078.74
age20-130363,2039/40,34,78,50,25,2,0,30,142,91,2127652.7,1228472.21,1228472.21,0.0,1019300,201692,-1872,0,-244,0,-7412.24,-540,1000,16548.45
age20-130363,2040/41,35,33,16,16,0,0,19,141,92,2576518.81,448866.11,448866.11,0.0,228800,254134,-1872,0,-84,0,-8536.88,0,2000,-25575.01
age20-130363,2041/42,36,34,22,10,1,0,16,135,92,3057230.8,480711.99,480711.99,0.0,247350,227364,-1755,0,-122,0,-9311,-540,2000,15725.99
age20-130363,2042/43,37,25,14,9,0,0,20,142,92,3393921.68,336690.88,336690.88,0.0,114300,252512,-1833,0,-122,0,-8409,0,2000,-21757.12
age20-130363,2043/44,38,32,18,12,0,0,16,142,92,3679799.0,285877.32,285877.32,0.0,113450,200312,-1872,0,0,0,-9121,0,2000,-18891.68
age20-130363,2044/45,39,29,17,10,0,0,18,136,92,3914701.96,234902.96,234902.96,0.0,84600,177112,-1872,0,-122,0,-7558,0,0,-17257.04
age20-130363,2045/46,40,20,10,10,0,0,17,140,92,4049624.08,134922.12,134922.12,0.0,47250,105300,-1872,0,-84,0,-6065.84,0,800,-10406.04
age20-130363,2046/47,41,27,14,10,0,0,22,138,91,4201172.4,151548.32,151548.32,0.0,88350,84276,-1872,0,-122,0,-7302,-180,0,-11601.68
age20-130363,2047/48,42,17,13,4,0,0,11,138,91,4251410.63,50238.23,50238.23,0.0,2840,56339,-1872,0,0,-375,-1499.88,0,300,-5493.89
age20-130363,2048/49,43,17,13,4,0,0,5,130,90,4275339.68,23929.05,23929.05,0.0,1700,29226,-1872,0,0,-375,-1436.16,0,-50,-3263.79
age20-130363,2049/50,44,16,12,4,0,0,14,144,88,4295796.89,20457.21,20457.21,0.0,1852.5,25492,-1872,0,-84,-375,-1632,0,50,-2974.29
age20-130363,2050/51,45,15,11,4,0,0,7,139,87,4316069.43,20272.54,20272.54,0.0,2062.5,24449,-1872,0,0,-375,-1499.88,0,200,-2692.08
age20-130363,2051/52,46,14,10,4,0,0,5,131,87,4332222.2,16152.77,16152.77,0.0,0,23484,-1872,0,-38,-1235,-1534.08,0,300,-2952.15
age20-130363,2052/53,47,22,10,12,0,0,13,135,85,4379926.0,47703.8,47703.8,0.0,26750,31588,-1443,0,-84,0,-5480.64,0,2000,-5626.56
age20-130363,2053/54,48,17,4,13,0,0,4,127,84,4442662.4,62736.4,62736.4,0.0,12750,62464,-585,0,0,0,-5746.08,-180,400,-6366.52
age20-130363,2054/55,49,11,6,5,0,0,1,106,83,4476211.8,33549.4,33549.4,0.0,350,41064,-1872,0,-84,-375,-1632,0,-50,-3851.6
age20-130363,2055/56,50,12,8,4,0,0,2,125,81,4490725.32,14513.52,14513.52,0.0,750,20164,-1833,0,-38,-375,-1632,-180,-50,-2292.48
age20-130363,2056/57,51,16,11,5,0,0,3,119,79,4506733.96,16008.64,16008.64,0.0,350,23506,-1755,0,0,-1235,-1597.8,-180,-50,-3029.56
age20-130363,2057/58,52,11,4,7,0,0,0,69,77,4521541.38,14807.42,14807.42,0.0,0,22488,-1872,0,0,-1335,-1937.76,-360,200,-2375.82
age20-130363,2058/59,53,7,2,5,0,0,0,70,75,4540716.42,19175.04,19175.04,0.0,0,25307,-1872,0,0,-375,-1568.28,0,150,-2466.68
age20-130363,2059/60,54,6,1,5,0,0,0,64,73,4555334.01,14617.59,14617.59,0.0,0,20491,-1872,0,-84,-375,-1632,0,200,-2110.41
age20-130363,2060/61,55,6,0,6,0,0,0,76,71,4567727.9,12393.89,12393.89,0.0,0,17945,-1872,0,0,-375,-1436.16,0,50,-1917.95
age20-130363,2061/62,56,6,0,6,0,0,0,49,69,4578678.0,10950.1,10950.1,0.0,0,16644,-1872,0,0,-375,-1568.28,0,-50,-1828.62
age20-130363,2062/63,57,8,1,7,0,0,0,69,66,4585490.81,6812.81,6812.81,0.0,0,13553,-1872,0,0,-1335,-2001.48,0,50,-1581.71
age20-130363,2063/64,58,7,1,6,0,0,0,34,64,4590284.54,4793.73,4793.73,0.0,0,9814,-1872,0,0,-375,-1436.16,0,-50,-1287.11
age20-130363,2064/65,59,6,0,6,0,0,0,32,62,4602469.1,12184.56,12184.56,0.0,0,18036,-1872,0,0,-375,-1632,0,-50,-1922.44
age20-130363,2065/66,60,6,0,6,0,0,0,25,60,4612780.78,10311.68,10311.68,0.0,0,15812,-1872,0,-38,-375,-1436.16,0,-50,-1729.16
age20-130363,2066/67,61,6,0,6,0,0,0,27,57,4621903.94,9123.16,9123.16,0.0,0,14588,-1872,0,0,-375,-1632,0,50,-1635.84
age20-130363,2067/68,62,8,0,8,0,0,0,44,54,4629587.84,7683.9,7683.9,0.0,0,13428,-585,0,0,-1335,-2202,0,-50,-1572.1
age20-130363,2068/69,63,8,0,8,0,0,0,53,52,4631814.1,2226.26,2226.26,0.0,0,8222,-1443,0,0,-1335,-2001.48,0,-50,-1166.26
age20-130363,2069/70,64,6,1,5,0,0,0,32,49,4635914.54,4100.44,4100.44,0.0,0,9238,-1872,0,-84,-375,-1632,0,50,-1224.56
age20-130363,2070/71,65,4,0,4,0,0,0,20,47,4654093.22,18178.68,18178.68,0.0,0,23515,-1794,0,0,-175,-1436.16,0,-50,-1881.16
age22-104729,2026/27,23,21,15,6,0,0,0,76,77,24763.44,16763.44,16763.44,0.0,1290,25459,-8691,0,-8782,-1335,-1854.16,-180,-50,10906.6
age22-104729,2027/28,24,25,11,13,0,0,1,110,80,78437.11,53673.67,53673.67,-0.0,17500,38588,-546,0,0,0,-5549.04,0,1000,2680.71
age22-104729,2028/29,25,21,9,10,0,0,7,137,83,145628.04,67190.93,67190.93,0.0,18150,61884,-1443,0,-122,0,-6228,0,1000,-6050.07
age22-104729,2029/30,26,49,45,4,4,0,28,141,84,301451.52,155823.48,155823.48,0.0,91940,55080,-1872,0,-84,-1685,-3756,0,200,16000.48
age22-104729,2030/31,27,21,9,11,0,0,7,137,85,350764.82,49313.3,49313.3,0.0,29750,31607,-1872,0,-38,0,-6228,-360,2000,-5545.7
age22-104729,2031/32,28,20,8,10,0,0,4,137,87,412417.98,61653.16,61653.16,0.0,13500,62004,-1872,0,-84,0,-6228,0,1000,-6666.84
age22-104729,2032/33,29,35,29,6,2,0,14,137,88,501796.7,89378.72,89378.72,0.0,47470,49174,-1872,0,-84,-725,-3225,0,300,-1659.28
age22-104729,2033/34,30,28,14,11,0,0,11,141,88,565571.86,63775.16,63775.16,0.0,37600,39404,-1872,0,-38,0,-6379,0,1000,-5939.84
age22-104729,2034/35,31,28,14,9,1,0,21,140,89,683012.52,117440.66,117440.66,0.0,66250,61250,-1872,0,-84,0,-6608,0,400,-1895.34
age22-104729,2035/36,32,18,16,2,1,0,9,136,90,728795.13,45782.61,45782.61,0.0,2500,48018,-1872,0,0,-1335,-1499.88,0,50,-78.51
age22-104729,2036/37,33,19,8,9,0,0,10,142,91,763407.1,34611.97,34611.97,0.0,13000,33046,-1872,0,-122,0,-5564.24,-180,400,-4095.79
age22-104729,2037/38,34,25,14,11,0,0,17,141,91,850671.55,87264.45,87264.45,0.0,38350,62097,-1872,0,-84,0,-5480.64,0,1400,-7145.91
age22-104729,2038/39,35,12,9,3,0,0,6,133,92,898752.16,48080.61,48080.61,0.0,350,57422,-1872,0,0,-1235,-1347,0,200,-5437.39
age22-104729,2039/40,36,32,19,10,0,0,16,144,92,973996.52,75244.36,75244.36,0.0,57500,31658,-1872,0,-122,0,-6228,-180,400,-5911.64
age22-104729,2040/41,37,27,16,11,0,0,13,133,92,1078874.49,104877.97,104877.97,0.0,56000,64947,-1833,0,-122,0,-5815.04,0,400,-8698.99
age22-104729,2041/42,38,24,13,10,0,0,13,139,92,1265170.02,186295.53,186295.53,0.0,133900,66986,-1755,0,0,0,-6316.64,0,2000,-8518.83
age22-104729,2042/43,39,26,15,10,0,0,22,136,92,1385752.7,120582.68,120582.68,0.0,67850,66376,-156,0,-122,0,-6400.24,-360,1000,-7605.08
age22-104729,2043/44,40,20,11,9,0,0,7,131,92,1480272.58,94519.88,94519.88,0.0,38000,69588,-1872,0,-84,0,-6073.44,0,2000,-7038.68
age22-104729,2044/45,41,17,14,3,1,0,5,124,91,1550474.84,70202.26,70202.26,0.0,6500,65632,-1872,0,0,-375,-1632,-360,200,2109.26
age22-104729,2045/46,42,8,3,5,0,0,4,113,91,1573533.2,23058.36,23058.36,0.0,0,30496,-1872,0,0,-1235,-1499.88,-180,300,-2950.76
age22-104729,2046/47,43,23,18,5,1,0,13,138,90,1600737.04,27203.84,27203.84,0.0,7400,24286,-1872,0,-122,-375,-1686.96,-360,200,-266.2
age22-104729,2047/48,44,14,10,4,0,0,4,139,89,1618790.34,18053.3,18053.3,0.0,475,23580,-1872,0,0,-375,-1568.28,0,450,-2636.42
age22-104729,2048/49,45,12,8,4,0,0,5,131,88,1636716.65,17926.31,17926.31,0.0,750,23520,-1872,0,0,-375,-1632,-180,200,-2484.69
age22-104729,2049/50,46,14,9,5,0,0,9,131,88,1654010.36,17293.71,17293.71,0.0,475,23306,-1872,0,0,-375,-1499.88,-180,50,-2610.41
age22-104729,2050/51,47,10,5,5,0,0,1,121,86,1672208.11,18197.75,18197.75,0.0,0,24131,-1872,0,-84,-375,-1568.28,0,450,-2483.97
age22-104729,2051/52,48,14,10,4,0,0,6,133,85,1689995.49,17787.38,17787.38,0.0,890,24101,-1872,0,-38,-1235,-1499.88,0,300,-2858.74
age22-104729,2052/53,49,13,8,5,0,0,3,129,84,1708543.88,18548.39,18548.39,0.0,500,24168,-1872,0,0,-375,-1436.16,0,200,-2636.45
age22-104729,2053/54,50,12,9,3,1,0,6,143,82,1727532.54,18988.66,18988.66,0.0,2500,20178,-1872,0,0,-375,-1632,0,450,-260.34
age22-104729,2054/55,51,9,3,6,0,0,1,120,81,1743253.36,15720.82,15720.82,0.0,62.5,21498,-1872,0,-84,-375,-1632,0,300,-2176.68
age22-104729,2055/56,52,9,4,5,0,0,0,88,79,1761007.88,17754.52,17754.52,0.0,0,23564,-1794,0,0,-375,-1499.88,-180,450,-2410.6
age22-104729,2056/57,53,7,2,5,0,0,0,62,78,1778616.96,17609.08,17609.08,0.0,0,24076,-936,0,0,-1235,-1436.16,-360,-50,-2449.76
age22-104729,2057/58,54,8,1,7,0,0,0,56,76,1785402.92,6785.96,6785.96,0.0,0,12900,-1014,0,0,-1335,-2006.16,-180,-50,-1528.88
age22-104729,2058/59,55,8,3,5,0,0,1,100,74,1790315.78,4912.86,4912.86,0.0,0,10213,-1872,0,0,-375,-1632,0,-50,-1371.14
age22-104729,2059/60,56,7,2,5,0,0,0,62,72,1802355.68,12039.9,12039.9,0.0,0,17659,-1872,0,0,-375,-1436.16,0,-50,-1885.94
age22-104729,2060/61,57,6,1,5,0,0,0,56,69,1818343.99,15988.31,15988.31,0.0,0,22038,-1872,0,0,-375,-1632,0,50,-2220.69
age22-104729,2061/62,58,6,0,6,0,0,0,69,67,1830802.44,12458.45,12458.45,0.0,0,18075,-1872,0,-38,-375,-1436.16,-180,200,-1915.39
age22-104729,2062/63,59,8,0,8,0,0,0,54,65,1841834.38,11031.94,11031.94,0.0,0,18512,-1872,0,-84,-1335,-2202,0,-50,-1937.06
age22-104729,2063/64,60,6,1,5,0,0,0,29,64,1846737.54,4903.16,4903.16,0.0,0,10003,-1872,0,0,-375,-1499.88,0,-50,-1302.96
age22-104729,2064/65,61,6,0,6,0,0,0,45,61,1852483.24,5745.7,5745.7,0.0,0,10828,-1872,0,0,-375,-1436.16,0,-50,-1349.14
age22-104729,2065/66,62,6,0,6,0,0,0,40,59,1866352.42,13869.18,13869.18,0.0,0,19846,-1872,0,0,-375,-1632,0,-50,-2047.82
age22-104729,2066/67,63,6,0,6,0,0,0,33,57,1882044.32,15691.9,15691.9,0.0,0,21618,-1872,0,0,-375,-1436.16,0,-50,-2192.94
age22-104729,2067/68,64,8,0,8,0,0,0,38,54,1894348.74,12304.42,12304.42,0.0,0,19812,-1872,0,0,-1335,-2202,0,-50,-2048.58
age22-104729,2068/69,65,8,0,8,0,0,0,29,52,1897330.16,2981.42,2981.42,0.0,0,9710,-1872,0,0,-1335,-2202,0,-50,-1269.58
age22-130363,2026/27,23,21,15,6,0,0,2,101,78,26705.77,18705.77,18705.77,0.0,1760,26687,-8510,0,-8782,-1335,-2072.8,0,300,10658.57
age22-130363,2027/28,24,20,8,12,0,0,4,130,80,68076.96,41371.19,41371.19,0.0,10500,32431,-1794,0,0,0,-5480.64,0,1000,4714.83
age22-130363,2028/29,25,22,10,10,0,0,3,129,82,137531.63,69454.67,69454.67,0.0,21850,59144,-1872,0,-84,0,-5549.04,-180,1400,-5254.29
age22-130363,2029/30,26,42,36,6,2,0,14,147,84,281723.32,144191.69,144191.69,0.0,87280,61766,-1014,0,-122,-1685,-3756,0,300,1422.69
age22-130363,2030/31,27,30,15,11,0,0,20,141,85,355568.22,73844.9,73844.9,0.0,40350,45464,-1014,0,0,0,-5397.04,-180,1000,-6378.06
age22-130363,2031/32,28,23,12,9,0,0,13,142,86,438475.1,82906.88,82906.88,0.0,30500,65118,-1872,0,-122,0,-5647.84,0,2000,-7069.28
age22-130363,2032/33,29,41,36,5,4,0,22,141,88,597854.16,159379.06,159379.06,0.0,95750,54676,-1872,0,-84,-725,-3225,0,200,14659.06
age22-130363,2033/34,30,24,12,10,0,0,16,142,88,655401.28,57547.12,57547.12,0.0,38600,31276,-1872,0,-38,0,-6379,-360,1000,-4679.88
age22-130363,2034/35,31,29,17,9,0,0,17,139,89,747039.36,91638.08,91638.08,0.0,49000,57338,-1872,0,-84,0,-6608,-180,2000,-7955.92
age22-130363,2035/36,32,14,9,5,0,0,6,139,90,780881.59,33842.23,33842.23,0.0,0,42733,-1872,0,-38,-1335,-1750.68,0,200,-4095.09
age22-130363,2036/37,33,24,21,3,0,0,10,135,90,802149.1,21267.51,21267.51,0.0,3940,25315,-1872,0,-84,-1335,-1568.28,0,450,-3578.21
age22-130363,2037/38,34,34,24,9,1,0,28,143,91,990761.89,188612.79,188612.79,0.0,151650,49128,-1872,0,-84,0,-6988,0,1000,-4221.21
age22-130363,2038/39,35,28,17,11,0,0,25,141,92,1180671.06,189909.17,189909.17,0.0,143050,64244,-1872,0,-122,0,-7463,0,1400,-9327.83
age22-130363,2039/40,36,26,13,13,0,0,20,142,92,1386108.56,205437.5,205437.5,0.0,174750,45652,-1872,0,-38,0,-8741,-360,2000,-5953.5
age22-130363,2040/41,37,24,13,10,0,0,15,136,92,1520372.8,134264.24,134264.24,0.0,82950,68276,-1872,0,-84,0,-6400.24,-360,400,-8645.52
age22-130363,2041/42,38,28,16,11,0,0,17,139,92,1623293.75,102920.95,102920.95,0.0,60750,58618,-1755,0,-122,0,-6893,-180,0,-7497.05
age22-130363,2042/43,39,29,17,10,0,0,12,147,92,1732480.71,109186.96,109186.96,0.0,62850,62588,-1833,0,-84,0,-6931,-180,1000,-8223.04
age22-130363,2043/44,40,33,22,9,1,0,21,139,92,1890361.36,157880.65,157880.65,0.0,99200,68476,-1872,0,-122,0,-6681.44,0,1000,-2119.91
age22-130363,2044/45,41,28,16,12,0,0,19,136,91,2188562.55,298201.19,298201.19,0.0,246500,68638,-585,0,-122,0,-7843,0,1000,-9386.81
age22-130363,2045/46,42,20,7,10,0,0,10,139,90,2383230.17,194667.62,194667.62,0.0,69300,147988,-1443,0,0,0,-8836,0,1400,-13741.38
age22-130363,2046/47,43,28,14,11,0,0,19,132,90,2675898.29,292668.12,292668.12,0.0,133500,186888,-1872,0,-84,0,-8931,0,1000,-17832.88
age22-130363,2047/48,44,25,14,11,0,0,16,141,89,2909641.8,233743.51,233743.51,0.0,69850,189044,-1872,0,-122,0,-6798,0,2000,-18358.49
age22-130363,2048/49,45,35,21,12,0,0,19,142,88,3067806.36,158164.56,158164.56,0.0,71850,106932,-1872,0,-122,0,-7178,-180,2000,-13265.44
age22-130363,2049/50,46,34,21,12,1,0,24,138,87,3296530.44,228724.08,228724.08,0.0,167100,69912,-1872,0,-84,0,-7273,0,1400,-458.92
age22-130363,2050/51,47,19,7,11,0,0,9,138,85,3398706.48,102176.04,102176.04,0.0,46650,70226,-1872,0,0,0,-6651.04,0,1400,-7576.92
age22-130363,2051/52,48,20,7,10,0,0,9,145,84,3502761.66,104055.18,104055.18,0.0,46350,71874,-1872,0,-122,0,-6483.84,-180,2000,-7510.98
age22-130363,2052/53,49,9,5,4,0,0,1,114,82,3562826.9,60065.24,60065.24,0.0,0,70100,-1872,0,0,-375,-1632,-180,50,-6025.76
age22-130363,2053/54,50,10,5,5,0,0,1,120,81,3578020.33,15193.43,15193.43,0.0,0,21157,-1872,0,0,-375,-1436.16,-180,150,-2250.41
age22-130363,2054/55,51,6,1,5,0,0,0,81,79,3596616.25,18595.92,18595.92,0.0,0,24700,-1872,0,0,-375,-1632,0,200,-2425.08
age22-130363,2055/56,52,8,3,5,0,0,1,111,78,3614284.2,17667.95,17667.95,0.0,0,24088,-1833,0,0,-375,-1632,-180,50,-2450.05
age22-130363,2056/57,53,11,5,6,0,0,0,82,75,3626066.2,11782.0,11782.0,0.0,0,19170,-1755,0,0,-1335,-2138.28,0,-50,-2109.72
age22-130363,2057/58,54,9,2,7,0,0,0,67,73,3639846.67,13780.47,13780.47,0.0,0,21612,-1872,0,-84,-1335,-1937.76,-360,-50,-2192.77
age22-130363,2058/59,55,7,1,6,0,0,0,64,71,3658664.2,18817.53,18817.53,0.0,0,25145,-1872,0,-38,-375,-1632,0,50,-2460.47
age22-130363,2059/60,56,6,0,6,0,0,0,48,69,3675448.98,16784.78,16784.78,0.0,0,20942,-156,0,0,-375,-1436.16,0,-50,-2140.06
age22-130363,2060/61,57,7,1,6,0,0,0,54,66,3689173.06,13724.08,13724.08,0.0,0,19552,-1872,0,0,-375,-1499.88,0,-50,-2031.04
age22-130363,2061/62,58,6,0,6,0,0,0,32,65,3704825.16,15652.1,15652.1,0.0,0,21732,-1872,0,0,-375,-1568.28,0,-50,-2214.62
age22-130363,2062/63,59,8,1,7,0,0,0,55,62,3714113.08,9287.92,9287.92,0.0,0,16174,-1872,0,0,-1335,-1937.76,0,50,-1791.32
age22-130363,2063/64,60,6,0,6,0,0,0,26,60,3719724.83,5611.75,5611.75,0.0,0,10881,-1872,0,0,-375,-1436.16,-180,-50,-1356.09
age22-130363,2064/65,61,6,0,6,0,0,0,24,57,3733861.03,14136.2,14136.2,0.0,0,20030,-1872,0,0,-375,-1632,0,50,-2064.8
age22-130363,2065/66,62,6,0,6,0,0,0,27,54,3749553.48,15692.45,15692.45,0.0,0,21540,-1872,0,0,-375,-1436.16,-180,200,-2184.39
age22-130363,2066/67,63,6,0,6,0,0,0,58,52,3760182.83,10629.35,10629.35,0.0,0,16430,-1872,0,-84,-375,-1632,0,-50,-1787.65
age22-130363,2067/68,64,8,0,8,0,0,0,23,49,3766672.06,6489.23,6489.23,0.0,0,13519,-1872,0,0,-1335,-2202,0,-50,-1570.77
age22-130363,2068/69,65,8,0,8,0,0,0,34,47,3768095.7,1423.64,1423.64,0.0,0,8021,-1872,0,0,-1335,-2202,0,-50,-1138.36
age23-104729,2026/27,24,21,15,6,0,0,0,76,77,24763.44,16763.44,16763.44,0.0,1290,25459,-8691,0,-8782,-1335,-1854.16,-180,-50,10906.6
age23-104729,2027/28,25,25,11,13,0,0,1,110,80,78437.11,53673.67,53673.67,-0.0,17500,38588,-546,0,0,0,-5549.04,0,1000,2680.71
age23-104729,2028/29,26,21,9,10,0,0,7,137,83,145628.04,67190.93,67190.93,0.0,18150,61884,-1443,0,-122,0,-6228,0,1000,-6050.07
age23-104729,2029/30,27,49,45,4,4,0,28,141,84,301451.52,155823.48,155823.48,0.0,91940,55080,-1872,0,-84,-1685,-3756,0,200,16000.48
age23-104729,2030/31,28,21,9,11,0,0,7,137,85,350764.82,49313.3,49313.3,0.0,29750,31607,-1872,0,-38,0,-6228,-360,2000,-5545.7
age23-104729,2031/32,29,20,8,10,0,0,4,137,87,412417.98,61653.16,61653.16,0.0,13500,62004,-1872,0,-84,0,-6228,0,1000,-6666.84
age23-104729,2032/33,30,35,29,6,2,0,14,137,88,501796.7,89378.72,89378.72,0.0,47470,49174,-1872,0,-84,-725,-3225,0,300,-1659.28
age23-104729,2033/34,31,28,14,11,0,0,11,141,88,565571.86,63775.16,63775.16,0.0,37600,39404,-1872,0,-38,0,-6379,0,1000,-5939.84
age23-104729,2034/35,32,28,14,9,1,0,21,140,89,683012.52,117440.66,117440.66,0.0,66250,61250,-1872,0,-84,0,-6608,0,400,-1895.34
age23-104729,2035/36,33,22,18,4,1,0,12,136,90,733023.53,50011.01,50011.01,0.0,7210,48018,-1872,0,-38,-1335,-1750.68,0,50,-271.31
age23-104729,2036/37,34,23,21,2,1,0,12,138,91,761419.92,28396.39,28396.39,0.0,4690,28546,-1872,0,-84,-1335,-1436.16,-180,450,-382.45
age23-104729,2037/38,35,26,17,9,0,0,21,145,91,829766.17,68346.25,68346.25,0.0,44000,36538,-1872,0,-84,0,-6228,0,1400,-5407.75
age23-104729,2038/39,36,21,11,9,0,0,10,141,91,901811.8,72045.63,72045.63,0.0,25200,59446,-1872,0,-38,0,-6326.8,0,2000,-6363.57
age23-104729,2039/40,37,12,9,3,0,0,5,138,91,946266.75,44454.95,44454.95,0.0,0,54176,-1872,0,0,-1235,-1470.36,0,50,-5193.69
age23-104729,2040/41,38,36,21,11,1,0,26,142,91,1147112.45,200845.7,200845.7,0.0,177250,37523,-1833,0,-122,0,-7368,0,1000,-5604.3
age23-104729,2041/42,39,72,40,31,0,0,34,142,91,1468330.3,321217.85,321217.85,0.0,248450,92397,-1755,0,-206,0,-6901.84,0,2000,-12766.31
age23-104729,2042/43,40,27,14,11,0,0,17,141,91,1723534.98,255204.68,255204.68,0.0,111900,166008,-156,0,-84,0,-7692.08,0,1000,-15771.24
age23-104729,2043/44,41,32,20,11,0,0,33,141,91,2030267.52,306732.54,306732.54,0.0,190750,138804,-1872,0,-122,0,-7733.88,-180,1400,-14313.58
age23-104729,2044/45,42,63,42,20,0,0,44,138,90,2637181.98,606914.46,606914.46,0.0,496650,140652,-1872,0,-122,0,-8504,-180,0,-19709.54
age23-104729,2045/46,43,44,31,13,2,0,38,144,90,3622105.9,984923.92,984923.92,0.0,674850,288224,-1872,0,-206,0,-9701,-540,1000,33168.92
age23-104729,2046/47,44,36,18,18,0,0,24,136,89,4268344.46,646238.56,646238.56,0.0,361150,327092,-1872,0,-122,0,-10081,-360,1000,-30568.44
age23-104729,2047/48,45,30,12,15,0,0,17,141,88,4845385.37,577040.91,577040.91,0.0,216700,408479,-1872,0,-84,0,-8620.48,0,0,-37561.61
age23-104729,2048/49,46,21,9,12,0,0,12,138,87,5090379.93,244994.56,244994.56,0.0,62250,210485,-1872,0,-122,0,-8130.24,0,800,-18416.2
age23-104729,2049/50,47,23,12,10,0,0,13,139,86,5222419.21,132039.28,132039.28,0.0,43900,105672,-1872,0,-84,0,-6798,0,2000,-10778.72
age23-104729,2050/51,48,9,4,5,0,0,5,127,85,5250906.83,28487.62,28487.62,0.0,0,35456,-1872,0,0,-375,-1632,0,300,-3389.38
age23-104729,2051/52,49,15,12,3,0,0,8,142,83,5262332.81,11425.98,11425.98,0.0,1250,16938,-1872,0,-38,-1235,-1347,0,200,-2470.02
age23-104729,2052/53,50,15,2,12,0,0,1,108,82,5281470.29,19137.48,19137.48,0.0,2500,27284,-1872,0,0,0,-6228,-360,1000,-3186.52
age23-104729,2053/54,51,15,2,13,0,0,3,137,81,5338401.9,56931.61,56931.61,0.0,9250,62175,-1872,0,-84,0,-6228,-180,0,-6129.39
age23-104729,2054/55,52,8,3,5,0,0,0,70,79,5382362.47,43960.57,43960.57,0.0,0,52169,-1872,0,0,-375,-1436.16,0,50,-4575.27
age23-104729,2055/56,53,9,4,5,0,0,2,127,77,5398258.06,15895.59,15895.59,0.0,0,21739,-1794,0,0,-375,-1499.88,0,150,-2324.53
age23-104729,2056/57,54,7,1,6,0,0,0,76,75,5416419.45,18161.39,18161.39,0.0,0,24550,-936,0,0,-1235,-1568.28,-180,-50,-2419.33
age23-104729,2057/58,55,8,0,8,0,0,0,57,73,5433244.02,16824.57,16824.57,0.0,0,23581,-1014,0,0,-1335,-2001.48,0,-50,-2355.95
age23-104729,2058/59,56,8,2,6,0,0,0,70,71,5450631.35,17387.33,17387.33,0.0,0,23382,-1872,0,-38,-375,-1568.28,0,200,-2341.39
age23-104729,2059/60,57,8,3,5,0,0,0,71,69,5464918.13,14286.78,14286.78,0.0,0,20192,-1872,0,-84,-375,-1632,0,200,-2142.22
age23-104729,2060/61,58,6,1,5,0,0,0,39,67,5478383.37,13465.24,13465.24,0.0,0,19438,-1872,0,0,-375,-1632,0,-50,-2043.76
age23-104729,2061/62,59,6,0,6,0,0,0,39,65,5494236.59,15853.22,15853.22,0.0,0,21802,-1872,0,0,-375,-1436.16,0,-50,-2215.62
age23-104729,2062/63,60,8,0,8,0,0,0,29,63,5506531.55,12294.96,12294.96,0.0,0,19612,-1872,0,0,-1335,-2138.28,0,50,-2021.76
age23-104729,2063/64,61,6,1,5,0,0,0,33,61,5512030.89,5499.34,5499.34,0.0,0,10539,-1872,0,0,-375,-1499.88,0,50,-1342.78
age23-104729,2064/65,62,6,0,6,0,0,0,44,59,5521994.3,9963.41,9963.41,0.0,0,15631,-1872,0,0,-375,-1632,0,-50,-1738.59
age23-104729,2065/66,63,4,0,4,0,0,0,29,56,5539626.83,17632.53,17632.53,0.0,0,23424,-1872,0,0,-175,-1632,-180,-50,-1882.47
age23-104729,2066/67,64,6,0,6,0,0,0,23,54,5556697.53,17070.7,17070.7,0.0,0,23116,-1872,0,0,-375,-1436.16,0,-50,-2312.14
age23-104729,2067/68,65,8,0,8,0,0,0,27,52,5569151.91,12454.38,12454.38,0.0,0,19993,-1872,0,0,-1335,-2202,0,-50,-2079.62
age23-130363,2026/27,24,21,15,6,0,0,2,101,78,26705.77,18705.77,18705.77,0.0,1760,26687,-8510,0,-8782,-1335,-2072.8,0,300,10658.57
age23-130363,2027/28,25,20,8,12,0,0,4,130,80,68076.96,41371.19,41371.19,0.0,10500,32431,-1794,0,0,0,-5480.64,0,1000,4714.83
age23-130363,2028/29,26,22,10,10,0,0,3,129,82,137531.63,69454.67,69454.67,0.0,21850,59144,-1872,0,-84,0,-5549.04,-180,1400,-5254.29
age23-130363,2029/30,27,42,36,6,2,0,14,147,84,281723.32,144191.69,144191.69,0.0,87280,61766,-1014,0,-122,-1685,-3756,0,300,1422.69
age23-130363,2030/31,28,30,15,11,0,0,20,141,85,355568.22,73844.9,73844.9,0.0,40350,45464,-1014,0,0,0,-5397.04,-180,1000,-6378.06
age23-130363,2031/32,29,23,12,9,0,0,13,142,86,438475.1,82906.88,82906.88,0.0,30500,65118,-1872,0,-122,0,-5647.84,0,2000,-7069.28
age23-130363,2032/33,30,41,36,5,4,0,22,141,88,597854.16,159379.06,159379.06,0.0,95750,54676,-1872,0,-84,-725,-3225,0,200,14659.06
age23-130363,2033/34,31,24,12,10,0,0,16,142,88,655401.28,57547.12,57547.12,0.0,38600,31276,-1872,0,-38,0,-6379,-360,1000,-4679.88
age23-130363,2034/35,32,29,17,9,0,0,17,139,89,747039.36,91638.08,91638.08,0.0,49000,57338,-1872,0,-84,0,-6608,-180,2000,-7955.92
age23-130363,2035/36,33,14,9,5,0,0,6,139,90,780881.59,33842.23,33842.23,0.0,0,42733,-1872,0,-38,-1335,-1750.68,0,200,-4095.09
age23-130363,2036/37,34,24,21,3,0,0,13,141,90,802149.1,21267.51,21267.51,0.0,3940,25315,-1872,0,-84,-1335,-1568.28,0,450,-3578.21
age23-130363,2037/38,35,24,12,10,0,0,15,142,91,871417.89,69268.79,69268.79,0.0,32600,49128,-1872,0,0,0,-6228,0,2000,-6359.21
age23-130363,2038/39,36,26,15,10,0,0,18,144,91,972891.96,101474.07,101474.07,0.0,54600,62700,-1872,0,-122,0,-6608,0,0,-7223.93
age23-130363,2039/40,37,13,10,3,0,0,7,139,91,1017643.46,44751.5,44751.5,0.0,750,53006,-1872,0,-84,-1235,-1249.08,0,450,-5014.42
age23-130363,2040/41,38,31,19,10,0,0,25,140,91,1094009.06,76365.6,76365.6,0.0,55500,34987,-1872,0,-122,0,-5731.44,0,800,-7195.96
age23-130363,2041/42,39,28,15,10,0,0,21,138,91,1192082.94,98073.88,98073.88,0.0,48000,65743,-1755,0,0,0,-5815.04,-360,1000,-8739.08
age23-130363,2042/43,40,24,13,11,0,0,13,136,91,1288796.42,96713.48,96713.48,0.0,46000,67112,-1833,0,-122,0,-7083,0,400,-7760.52
age23-130363,2043/44,41,32,20,10,1,0,22,139,91,1412748.26,123951.84,123951.84,0.0,60350,70920,-1872,0,-84,0,-7083,0,2000,-279.16
age23-130363,2044/45,42,23,9,12,0,0,8,136,90,1511871.24,99122.98,99122.98,0.0,43550,67898,-585,0,-122,0,-6233.04,0,2000,-7384.98
age23-130363,2045/46,43,27,15,12,0,0,19,137,90,1616722.92,104851.68,104851.68,0.0,50400,68222,-1443,0,0,0,-6233.04,0,1400,-7494.28
age23-130363,2046/47,44,13,8,5,0,0,10,135,89,1667998.1,51275.18,51275.18,0.0,500,60336,-1872,0,-84,-375,-1632,-360,200,-5437.82
age23-130363,2047/48,45,18,14,4,1,0,7,145,87,1698345.99,30347.89,30347.89,0.0,6500,27507,-1872,0,-38,-375,-1436.16,-180,200,42.05
age23-130363,2048/49,46,21,18,3,1,0,8,147,86,1724499.52,26153.53,26153.53,0.0,6462.5,23732,-1872,0,0,-375,-1568.28,0,200,-425.69
age23-130363,2049/50,47,9,4,5,0,0,4,135,85,1741564.2,17064.68,17064.68,0.0,750,22412,-1872,0,0,-375,-1499.88,-180,150,-2320.44
age23-130363,2050/51,48,15,11,4,0,0,3,123,84,1761092.51,19528.31,19528.31,0.0,2062.5,23519,-1872,0,-84,-375,-1436.16,-180,450,-2556.03
age23-130363,2051/52,49,15,12,3,0,0,10,132,82,1777536.16,16443.65,16443.65,0.0,0,23646,-1872,0,0,-1235,-1534.08,0,300,-2861.27
age23-130363,2052/53,50,16,4,12,0,0,1,125,81,1813649.56,36113.4,36113.4,0.0,10650,36988,-1872,0,-38,0,-5480.64,-180,1400,-5353.96
age23-130363,2053/54,51,17,4,12,0,0,1,135,79,1874534.22,60884.66,60884.66,0.0,12000,61716,-1872,0,-84,0,-5651.08,-360,1400,-6264.26
age23-130363,2054/55,52,8,3,5,0,0,0,82,77,1901631.92,27097.7,27097.7,0.0,0,33968,-1872,0,0,-375,-1632,0,200,-3191.3
age23-130363,2055/56,53,6,1,5,0,0,0,88,75,1916613.74,14981.82,14981.82,0.0,0,21094,-1833,0,0,-375,-1632,-180,50,-2142.18
age23-130363,2056/57,54,9,2,7,0,0,0,63,73,1929001.42,12387.68,12387.68,0.0,0,19696,-1755,0,0,-1335,-2202,-180,200,-2036.32
age23-130363,2057/58,55,8,1,7,0,0,0,67,70,1943041.38,14039.96,14039.96,0.0,0,21904,-1872,0,0,-1335,-2202,-180,-50,-2225.04
age23-130363,2058/59,56,7,2,5,0,0,0,68,68,1962136.01,19094.63,19094.63,0.0,0,25325,-1872,0,-84,-375,-1632,0,200,-2467.37
age23-130363,2059/60,57,6,0,6,0,0,0,53,66,1978597.84,16461.83,16461.83,0.0,0,20800,-156,0,0,-375,-1632,0,-50,-2125.17
age23-130363,2060/61,58,6,0,6,0,0,0,38,64,1992375.76,13777.92,13777.92,0.0,0,19513,-1872,0,0,-375,-1499.88,0,50,-2038.2
age23-130363,2061/62,59,7,1,6,0,0,0,40,61,2002697.6,10321.84,10321.84,0.0,0,15756,-1872,0,-38,-375,-1568.28,0,150,-1730.88
age23-130363,2062/63,60,6,0,6,0,0,0,31,59,2017265.61,14568.01,14568.01,0.0,0,21281,-1872,0,0,-1235,-1499.88,0,50,-2156.11
age23-130363,2063/64,61,6,0,6,0,0,0,36,57,2033355.48,16089.87,16089.87,0.0,0,22057,-1872,0,0,-375,-1436.16,0,-50,-2233.97
age23-130363,2064/65,62,6,0,6,0,0,0,19,54,2039626.86,6271.38,6271.38,0.0,0,11556,-1872,0,0,-375,-1568.28,0,-50,-1419.34
age23-130363,2065/66,63,6,0,6,0,0,0,25,52,2048788.94,9162.08,9162.08,0.0,0,14612,-1872,0,0,-375,-1436.16,-180,50,-1636.76
age23-130363,2066/67,64,6,0,6,0,0,0,17,49,2057886.52,9097.58,9097.58,0.0,0,14528,-1872,0,0,-375,-1499.88,0,-50,-1633.54
age23-130363,2067/68,65,8,0,8,0,0,0,17,46,2063250.94,5364.42,5364.42,0.0,0,12238,-1872,0,0,-1335,-2138.28,0,-50,-1478.3
age24-104729,2026/27,25,21,15,6,0,0,0,76,77,24763.44,16763.44,16763.44,0.0,1290,25459,-8691,0,-8782,-1335,-1854.16,-180,-50,10906.6
age24-104729,2027/28,26,25,11,13,0,0,1,110,80,78437.11,53673.67,53673.67,-0.0,17500,38588,-546,0,0,0,-5549.04,0,1000,2680.71
age24-104729,2028/29,27,21,9,10,0,0,7,137,83,145628.04,67190.93,67190.93,0.0,18150,61884,-1443,0,-122,0,-6228,0,1000,-6050.07
age24-104729,2029/30,28,49,45,4,4,0,28,141,84,301451.52,155823.48,155823.48,0.0,91940,55080,-1872,0,-84,-1685,-3756,0,200,16000.48
age24-104729,2030/31,29,21,9,11,0,0,7,137,85,350764.82,49313.3,49313.3,0.0,29750,31607,-1872,0,-38,0,-6228,-360,2000,-5545.7
age24-104729,2031/32,30,20,8,10,0,0,4,137,87,412417.98,61653.16,61653.16,0.0,13500,62004,-1872,0,-84,0,-6228,0,1000,-6666.84
age24-104729,2032/33,31,34,28,6,2,0,16,147,88,500691.7,88273.72,88273.72,0.0,46420,49174,-1872,0,-84,-725,-3225,0,150,-1564.28
age24-104729,2033/34,32,24,13,11,0,0,19,139,88,568130.7,67439.0,67439.0,0.0,39600,39356,-1872,0,-38,0,-6379,-180,2000,-5048.0
age24-104729,2034/35,33,21,11,10,0,0,13,136,89,642755.32,74624.62,74624.62,0.0,26750,60938,-1872,0,-84,0,-6228,0,2000,-6879.38
age24-104729,2035/36,34,26,21,5,0,0,13,140,90,686077.07,43321.75,43321.75,0.0,5610,47910,-1872,0,0,-1335,-1750.68,0,200,-5440.57
age24-104729,2036/37,35,15,11,4,0,0,10,140,91,708148.86,22071.79,22071.79,0.0,1440,28546,-1872,0,-122,-1335,-1436.16,0,200,-3349.05
age24-104729,2037/38,36,34,24,9,1,0,22,141,91,885323.52,177174.66,177174.66,0.0,151750,36736,-1872,0,-84,0,-7083,-360,800,-2712.34
age24-104729,2038/39,37,37,24,9,1,0,24,141,91,1124628.13,239304.61,239304.61,0.0,180800,67108,-1872,0,-122,0,-6950,-360,2000,-1299.39
age24-104729,2039/40,38,33,21,12,0,0,26,139,91,1488511.76,363883.63,363883.63,0.0,243100,142546,-1872,0,-122,0,-7775.68,-360,2000,-13632.69
age24-104729,2040/41,39,22,8,11,0,0,13,141,91,1728377.52,239865.76,239865.76,0.0,82950,183976,-1833,0,0,0,-8931,0,1000,-17296.24
age24-104729,2041/42,40,30,17,12,0,0,30,141,91,2014473.14,286095.62,286095.62,0.0,136650,177914,-1755,0,-122,0,-8551,-180,1000,-18860.38
age24-104729,2042/43,41,27,15,10,0,0,10,144,90,2203348.18,188875.04,188875.04,0.0,113650,92346,-156,0,-84,0,-8128,0,1000,-9752.96
age24-104729,2043/44,42,26,15,10,0,0,22,138,90,2379820.48,176472.3,176472.3,0.0,122600,71032,-1872,0,-122,0,-7729,-180,1400,-8656.7
age24-104729,2044/45,43,24,11,12,0,0,8,139,89,2552939.92,173119.44,173119.44,0.0,122450,67840,-1872,0,-84,0,-7149.12,0,0,-8065.44
age24-104729,2045/46,44,24,12,10,0,0,12,135,88,2730755.84,177815.92,177815.92,0.0,61100,136500,-1872,0,-38,0,-6651.04,-180,2000,-13043.04
age24-104729,2046/47,45,28,17,10,0,0,20,140,87,2924712.14,193956.3,193956.3,0.0,82750,132612,-1872,0,-84,0,-5982.24,-180,800,-14087.46
age24-104729,2047/48,46,19,7,11,0,0,6,136,86,3046669.6,121957.46,121957.46,0.0,38100,101483,-1872,0,-122,0,-6513,0,2000,-11118.54
age24-104729,2048/49,47,12,8,4,0,0,1,101,85,3103745.44,57075.84,57075.84,0.0,750,66056,-1872,0,0,-375,-1632,-180,150,-5821.16
age24-104729,2049/50,48,14,10,4,0,0,3,136,84,3131118.93,27373.49,27373.49,0.0,1650,33034,-1872,0,0,-375,-1436.16,-180,-50,-3397.35
age24-104729,2050/51,49,10,5,5,0,0,5,139,83,3149229.4,18110.47,18110.47,0.0,150,24179,-1872,0,0,-375,-1632,0,150,-2489.53
age24-104729,2051/52,50,12,8,4,0,0,5,131,81,3166054.77,16825.37,16825.37,0.0,350,23406,-1872,0,-84,-1235,-1436.16,0,300,-2603.47
age24-104729,2052/53,51,7,2,5,0,0,0,87,80,3183778.96,17724.19,17724.19,0.0,0,24168,-1872,0,0,-375,-1436.16,-540,200,-2420.65
age24-104729,2053/54,52,12,6,6,0,0,0,85,78,3192523.46,8744.5,8744.5,0.0,462.5,13764,-1872,0,0,-375,-1568.28,-180,300,-1786.72
age24-104729,2054/55,53,10,5,5,0,0,0,82,77,3207089.0,14565.54,14565.54,0.0,0,20696,-1872,0,-38,-375,-1632,-180,200,-2233.46
age24-104729,2055/56,54,7,1,6,0,0,0,76,75,3224752.04,17663.04,17663.04,0.0,0,23796,-1794,0,0,-375,-1632,-180,200,-2351.96
age24-104729,2056/57,55,6,0,6,0,0,0,51,73,3242662.12,17910.08,17910.08,0.0,0,23848,-936,0,0,-1235,-1436.16,0,50,-2380.76
age24-104729,2057/58,56,8,1,7,0,0,0,49,71,3255242.88,12580.76,12580.76,0.0,0,19328,-1014,0,-84,-1335,-2069.88,-180,-50,-2014.36
age24-104729,2058/59,57,7,2,5,0,0,0,42,68,3261611.7,6368.82,6368.82,0.0,0,11513,-1872,0,0,-375,-1436.16,0,-50,-1411.02
age24-104729,2059/60,58,6,1,5,0,0,0,77,66,3273178.57,11566.87,11566.87,0.0,0,17147,-1872,0,0,-375,-1436.16,0,-50,-1846.97
age24-104729,2060/61,59,6,0,6,0,0,0,40,64,3285140.3,11961.73,11961.73,0.0,0,17617,-1872,0,0,-375,-1568.28,0,50,-1889.99
age24-104729,2061/62,60,6,0,6,0,0,0,35,63,3301056.97,15916.67,15916.67,0.0,0,21866,-1872,0,0,-375,-1436.16,0,-50,-2216.17
age24-104729,2062/63,61,8,0,8,0,0,0,47,60,3314081.71,13024.74,13024.74,0.0,0,20518,-1872,0,0,-1335,-2133.6,0,-50,-2102.66
age24-104729,2063/64,62,6,0,6,0,0,0,45,58,3319481.3,5399.59,5399.59,0.0,0,10473,-1872,0,0,-375,-1436.16,0,-50,-1340.25
age24-104729,2064/65,63,6,0,6,0,0,0,69,56,3329781.26,10299.96,10299.96,0.0,0,15882,-1872,0,0,-375,-1632,0,50,-1753.04
age24-104729,2065/66,64,6,0,6,0,0,0,33,53,3340631.94,10850.68,10850.68,0.0,0,16786,-1872,0,0,-375,-1632,-180,-50,-1826.32
age24-104729,2066/67,65,6,0,6,0,0,0,31,51,3348333.16,7701.22,7701.22,0.0,0,13028,-1872,0,0,-375,-1499.88,0,-50,-1529.9
age24-130363,2026/27,25,21,15,6,0,0,2,101,78,26705.77,18705.77,18705.77,0.0,1760,26687,-8510,0,-8782,-1335,-2072.8,0,300,10658.57
age24-130363,2027/28,26,20,8,12,0,0,4,130,80,68076.96,41371.19,41371.19,0.0,10500,32431,-1794,0,0,0,-5480.64,0,1000,4714.83
age24-130363,2028/29,27,22,10,10,0,0,3,129,82,137531.63,69454.67,69454.67,0.0,21850,59144,-1872,0,-84,0,-5549.04,-180,1400,-5254.29
age24-130363,2029/30,28,49,43,6,2,0,14,147,84,280883.32,143351.69,143351.69,0.0,87010,61766,-1014,0,-122,-1685,-3756,-180,300,1032.69
age24-130363,2030/31,29,24,12,12,0,0,8,135,85,352532.38,71649.06,71649.06,0.0,38750,45520,-1014,0,-38,0,-5480.64,-180,400,-6308.3
age24-130363,2031/32,30,17,5,11,0,0,3,130,86,420918.28,68385.9,68385.9,0.0,15750,65426,-1872,0,-84,0,-5480.64,-180,1400,-6573.46
age24-130363,2032/33,31,35,29,6,3,0,20,142,88,499131.34,78213.06,78213.06,0.0,23500,54676,-1872,0,-84,-725,-3225,0,200,5743.06
age24-130363,2033/34,32,28,17,10,0,0,25,141,88,564587.3,65455.96,65455.96,0.0,48400,31220,-1872,0,-38,0,-6664,-360,0,-5230.04
age24-130363,2034/35,33,30,19,10,0,0,26,139,89,694771.52,130184.22,130184.22,0.0,88600,57212,-1872,0,-84,0,-7273,0,1000,-7398.78
age24-130363,2035/36,34,19,8,10,0,0,6,136,90,802994.78,108223.26,108223.26,0.0,55150,68563,-1872,0,-122,0,-6744.8,-360,2000,-8390.94
age24-130363,2036/37,35,26,14,10,0,0,26,138,90,930941.3,127946.52,127946.52,0.0,74000,70011,-1872,0,-84,0,-6533.24,-180,1000,-8395.24
age24-130363,2037/38,36,28,15,12,0,0,20,144,90,1033972.17,103030.87,103030.87,0.0,49850,68138,-1872,0,-38,0,-6233.04,0,1000,-7814.09
age24-130363,2038/39,37,23,12,9,0,0,15,136,90,1136156.37,102184.2,102184.2,0.0,49000,67777,-1872,0,-84,0,-5763.36,0,1000,-7873.44
age24-130363,2039/40,38,19,14,5,0,0,15,142,90,1184410.16,48253.79,48253.79,0.0,2690,55737,-1872,0,-38,-1235,-1499.88,0,50,-5578.33
age24-130363,2040/41,39,16,13,3,0,0,7,138,90,1205909.2,21499.04,21499.04,0.0,1440,27958,-1872,0,-84,-1335,-1436.16,-180,300,-3291.8
age24-130363,2041/42,40,28,16,11,0,0,14,144,90,1256772.74,50863.54,50863.54,0.0,38000,26410,-1755,0,-84,0,-6228,0,400,-5879.46
age24-130363,2042/43,41,21,7,13,0,0,7,133,90,1317881.26,61108.52,61108.52,0.0,15500,58814,-1833,0,-38,0,-5480.64,-180,1000,-6673.84
age24-130363,2043/44,42,13,9,4,0,0,7,139,89,1356773.14,38891.88,38891.88,0.0,125,47242,-1872,0,0,-375,-1499.88,-180,-50,-4498.24
age24-130363,2044/45,43,11,6,5,0,0,1,100,89,1377192.24,20419.1,20419.1,0.0,0,25440,-585,0,-84,-375,-1568.28,-180,450,-2678.62
age24-130363,2045/46,44,14,9,5,0,0,3,141,88,1394760.38,17568.14,17568.14,0.0,750,24136,-1443,0,0,-1235,-1597.8,-360,150,-2832.06
age24-130363,2046/47,45,12,6,6,0,0,6,140,87,1410946.1,16185.72,16185.72,0.0,0,23948,-1872,0,0,-1335,-2006.16,-180,200,-2569.12
age24-130363,2047/48,46,16,12,4,0,0,5,138,86,1428973.71,18027.61,18027.61,0.0,1275,23009,-1872,0,0,-375,-1632,0,300,-2677.39
age24-130363,2048/49,47,11,6,5,0,0,2,129,84,1445703.02,16729.31,16729.31,0.0,350,22309,-1872,0,-122,-375,-1436.16,0,300,-2424.53
age24-130363,2049/50,48,9,4,5,0,0,1,111,83,1464487.16,18784.14,18784.14,0.0,0,24895,-1872,0,0,-375,-1568.28,0,200,-2495.58
age24-130363,2050/51,49,10,6,4,0,0,0,95,81,1482564.47,18077.31,18077.31,0.0,0,24137,-1872,0,0,-375,-1499.88,0,200,-2512.81
age24-130363,2051/52,50,12,8,4,0,0,3,126,80,1499238.24,16673.77,16673.77,0.0,540,23064,-1872,0,0,-1235,-1568.28,0,300,-2554.95
age24-130363,2052/53,51,7,2,5,0,0,0,78,78,1517670.82,18432.58,18432.58,0.0,0,24572,-1872,0,0,-375,-1499.88,-180,200,-2412.54
age24-130363,2053/54,52,8,3,5,0,0,0,66,76,1533763.9,16093.08,16093.08,0.0,0,22212,-1872,0,-84,-375,-1436.16,-180,50,-2221.76
age24-130363,2054/55,53,8,2,6,0,0,0,76,74,1548717.72,14953.82,14953.82,0.0,0,21012,-1872,0,0,-375,-1632,0,-50,-2129.18
age24-130363,2055/56,54,7,2,5,0,0,0,74,72,1566425.4,17707.68,17707.68,0.0,0,23544,-1833,0,0,-375,-1436.16,0,150,-2342.16
age24-130363,2056/57,55,6,0,6,0,0,0,63,70,1582903.54,16478.14,16478.14,0.0,0,23412,-1755,0,0,-1235,-1568.28,0,-50,-2325.58
age24-130363,2057/58,56,8,0,8,0,0,0,48,68,1593563.18,10659.64,10659.64,0.0,0,18388,-1872,0,-38,-1335,-2133.6,-360,-50,-1939.76
age24-130363,2058/59,57,6,0,6,0,0,0,42,65,1598184.44,4621.26,4621.26,0.0,0,9772,-1872,0,0,-375,-1568.28,0,-50,-1285.46
age24-130363,2059/60,58,7,1,6,0,0,0,40,64,1604221.44,6037,6037,0,0,9516,-156,0,0,-375,-1632,0,-50,-1266
age24-130363,2060/61,59,6,0,6,0,0,0,29,61,1619417.33,15195.89,15195.89,0.0,0,21281,-1872,0,0,-375,-1632,0,-50,-2156.11
age24-130363,2061/62,60,6,1,5,0,0,0,34,59,1630338.43,10921.1,10921.1,0.0,0,16666,-1872,0,0,-375,-1632,0,-50,-1815.9
age24-130363,2062/63,61,8,0,8,0,0,0,28,56,1636196.07,5857.64,5857.64,0.0,0,12597,-1872,0,-84,-1335,-2001.48,0,50,-1496.88
age24-130363,2063/64,62,6,0,6,0,0,0,20,53,1639332.86,3136.79,3136.79,0.0,0,8210,-1872,0,0,-375,-1436.16,-180,-50,-1160.05
age24-130363,2064/65,63,6,0,6,0,0,0,29,51,1645344.18,6011.32,6011.32,0.0,0,11360,-1872,0,0,-375,-1632,0,-50,-1419.68
age24-130363,2065/66,64,6,0,6,0,0,0,34,49,1658785.78,13441.6,13441.6,0.0,0,19188,-1872,0,0,-375,-1436.16,0,-50,-2013.24
age24-130363,2066/67,65,6,0,6,0,0,0,22,46,1668720.36,9934.58,9934.58,0.0,0,15584,-1872,0,0,-375,-1632,0,-50,-1720.42
age25-104729,2026/27,26,17,4,13,0,0,1,102,77,37131.48,29131.48,29131.48,0.0,5000,28746,-7014,0,-8782,0,-6152,0,800,16533.48
age25-104729,2027/28,27,21,9,11,0,0,3,131,80,96250.97,59119.49,59119.49,0.0,14650,49898,-3158,0,0,0,-6193.8,0,1400,2523.29
age25-104729,2028/29,28,53,48,5,3,0,17,135,82,233504.21,137253.24,137253.24,0.0,92540,43988,-1872,0,-122,-1685,-3369.0,-540,200,8113.24
age25-104729,2029/30,29,18,7,10,0,0,5,141,84,269711.77,36207.56,36207.56,0.0,19350,28460,-1872,0,-84,0,-6228,-180,2000,-5238.44
age25-104729,2030/31,30,21,9,11,0,0,9,135,85,337220.24,67508.47,67508.47,0.0,21850,60018,-1872,0,0,0,-6228,-180,1400,-7479.53
age25-104729,2031/32,31,46,39,7,3,0,21,139,86,474612.78,137392.54,137392.54,0.0,88370,48096,-1872,0,-122,-1685,-3943.08,0,200,8348.62
age25-104729,2032/33,32,16,14,2,0,0,10,141,87,495929.6,21316.82,21316.82,0.0,750,28060,-1872,0,-84,-1235,-1185.36,0,200,-3316.82
age25-104729,2033/34,33,20,9,10,0,0,9,133,89,555562.74,59633.14,59633.14,0.0,22600,48072,-1872,0,-38,0,-5549.04,0,2000,-5579.82
age25-104729,2034/35,34,33,19,10,0,0,23,136,90,653934.54,98371.8,98371.8,0.0,53350,60070,-1872,0,-84,0,-6228,-180,2000,-8684.2
age25-104729,2035/36,35,24,20,4,0,0,10,138,90,710397.44,56462.9,56462.9,0.0,6110,60973,-1872,0,-84,-1335,-1436.16,0,300,-6192.94
age25-104729,2036/37,36,28,15,10,0,0,9,142,90,770939.59,60542.15,60542.15,0.0,30350,41438,-1443,0,-38,0,-5480.64,0,1400,-5684.21
age25-104729,2037/38,37,27,15,11,0,0,11,141,90,866511.19,95571.6,95571.6,0.0,47350,60501,-585,0,-84,0,-5647.84,0,1000,-6962.56
age25-104729,2038/39,38,16,12,4,0,0,8,142,90,911487.94,44976.75,44976.75,0.0,350,54941,-1872,0,-38,-1235,-1470.36,-180,-50,-5468.89
age25-104729,2039/40,39,30,18,9,0,0,15,139,90,976008.37,64520.43,64520.43,0.0,42600,34154,-1872,0,-84,0,-6228,-180,2000,-5869.57
age25-104729,2040/41,40,26,15,10,0,0,16,145,90,1054348.09,78339.72,78339.72,0.0,27100,66765,-1872,0,-122,0,-5480.64,-180,400,-8270.64
age25-104729,2041/42,41,20,17,3,1,0,8,136,90,1110423.42,56075.33,56075.33,0.0,3350,55522,-1755,0,0,-375,-1436.16,0,50,719.49
age25-104729,2042/43,42,20,16,4,1,0,13,142,89,1144219.54,33796.12,33796.12,0.0,6275,31682,-1833,0,0,-375,-1632,0,200,-520.88
age25-104729,2043/44,43,17,13,4,0,0,6,141,88,1165587.02,21367.48,21367.48,0.0,4460,23698,-1872,0,-84,-375,-1632,0,200,-3027.52
age25-104729,2044/45,44,12,8,4,0,0,2,137,87,1182556.8,16969.78,16969.78,0.0,462.5,23136,-1872,0,0,-375,-1499.88,-540,200,-2541.84
age25-104729,2045/46,45,14,8,6,0,0,5,133,87,1195084.56,12527.76,12527.76,0.0,0,20460,-1872,0,-38,-1335,-1937.76,-360,150,-2539.48
age25-104729,2046/47,46,17,13,4,2,0,6,134,86,1222594.42,27509.86,27509.86,0.0,21000,10622,-1872,0,-84,-375,-1853.28,-180,50,202.14
age25-104729,2047/48,47,15,3,12,0,0,8,138,84,1257006.75,34412.33,34412.33,0.0,6250,39514,-1872,0,0,0,-6228,0,1000,-4251.67
age25-104729,2048/49,48,21,10,11,0,0,10,142,83,1334640.62,77633.87,77633.87,0.0,30600,61512,-1872,0,-122,0,-6228,-180,1000,-7076.13
age25-104729,2049/50,49,8,2,6,0,0,0,94,82,1387037.47,52396.85,52396.85,0.0,150,60938,-1872,0,0,-375,-1436.16,0,300,-5307.99
age25-104729,2050/51,50,7,1,6,0,0,0,89,80,1408796.5,21759.03,21759.03,0.0,0,27666,-1872,0,0,-375,-1436.16,0,450,-2673.81
age25-104729,2051/52,51,8,4,4,0,0,0,96,79,1423782.02,14985.52,14985.52,0.0,0,20372,-585,0,0,-1235,-1568.28,0,200,-2198.2
age25-104729,2052/53,52,7,1,6,0,0,0,45,77,1441406.48,17624.46,17624.46,0.0,0,23040,-1443,0,0,-375,-1597.8,0,300,-2299.74
age25-104729,2053/54,53,7,2,5,0,0,0,99,76,1453852.88,12446.4,12446.4,0.0,0,18212,-1872,0,-84,-375,-1436.16,0,-50,-1948.44
age25-104729,2054/55,54,6,0,6,0,0,0,57,74,1471058.88,17206.0,17206.0,0.0,0,23136,-1872,0,0,-375,-1568.28,0,200,-2314.72
age25-104729,2055/56,55,6,0,6,0,0,0,49,72,1487066.88,16008.0,16008.0,0.0,0,22112,-1833,0,0,-375,-1632,0,-50,-2214.0
age25-104729,2056/57,56,9,1,8,0,0,0,66,70,1492152.42,5085.54,5085.54,0.0,0,11754,-1755,0,0,-1335,-2035.68,0,-50,-1492.78
age25-104729,2057/58,57,8,0,8,0,0,0,60,68,1493518.36,1365.94,1365.94,0.0,0,7956,-1872,0,0,-1335,-2202,0,-50,-1131.06
age25-104729,2058/59,58,6,1,5,0,0,0,28,66,1497261.98,3743.62,3743.62,0.0,0,8843,-1872,0,0,-375,-1597.8,0,-50,-1204.58
age25-104729,2059/60,59,7,1,6,0,0,0,56,64,1507518.3,10256.32,10256.32,0.0,0,15700,-1872,0,-38,-375,-1470.36,0,50,-1738.32
age25-104729,2060/61,60,6,0,6,0,0,0,44,62,1519685.45,12167.15,12167.15,0.0,0,18003,-1872,0,0,-375,-1632,0,-50,-1906.85
age25-104729,2061/62,61,6,0,6,0,0,0,27,60,1534038.62,14353.17,14353.17,0.0,0,20169,-1872,0,0,-375,-1436.16,0,-50,-2082.67
age25-104729,2062/63,62,8,0,8,0,0,0,41,57,1545872.08,11833.46,11833.46,0.0,0,19112,-1872,0,0,-1335,-2138.28,0,50,-1983.26
age25-104729,2063/64,63,6,0,6,0,0,0,41,55,1550476.62,4604.54,4604.54,0.0,0,9963,-1872,0,-84,-375,-1499.88,-180,-50,-1297.58
age25-104729,2064/65,64,6,0,6,0,0,0,35,52,1555272.32,4795.7,4795.7,0.0,0,9698,-1872,0,0,-375,-1436.16,0,50,-1269.14
age25-104729,2065/66,65,6,0,6,0,0,0,22,50,1564903.08,9630.76,9630.76,0.0,0,15148,-1872,0,0,-375,-1632,0,50,-1688.24
age25-130363,2026/27,26,19,7,12,0,0,4,131,77,50269.43,42269.43,42269.43,0.0,18000,29604,-7014,0,-8782,0,-6152,0,1400.0,15213.43
age25-130363,2027/28,27,22,11,10,0,0,4,118,80,123651.8,73382.37,73382.37,0.0,28950,53851,-1794,0,-84,0,-5503.44,0,0,-2037.19
age25-130363,2028/29,28,49,42,7,2,0,12,142,82,252546.72,128894.92,128894.92,0.0,86820,49579,-1872,0,-38,-1685,-3654.0,-360,200,-95.08
age25-130363,2029/30,29,33,21,10,0,0,17,137,84,342039.64,89492.92,89492.92,0.0,57850,46701,-1872,0,-122,0,-6444.6,0,1000,-7619.48
age25-130363,2030/31,30,19,7,10,0,0,6,140,85,417448.38,75408.74,75408.74,0.0,22600,67133,-1872,0,-84,0,-5765.64,-180,1400,-7822.62
age25-130363,2031/32,31,43,38,5,3,0,19,133,86,494802.24,77353.86,77353.86,0.0,18250,56126,-1872,0,-84,-1685,-3305.28,-360,450,9834.14
age25-130363,2032/33,32,23,11,11,0,0,12,142,87,538719.0,43916.76,43916.76,0.0,25950,27976,-1872,0,-38,0,-5480.64,-180,1400,-3838.6
age25-130363,2033/34,33,32,20,11,0,0,23,142,88,670150.9,131431.9,131431.9,0.0,88000,57500,-1872,0,-84,0,-6149.44,0,1400,-7362.66
age25-130363,2034/35,34,19,7,11,0,0,6,133,89,760029.1,89878.2,89878.2,0.0,36350,66686,-1872,0,-122,0,-5982.24,0,2000,-7181.56
age25-130363,2035/36,35,22,10,11,0,0,7,138,90,857229.0,97199.9,97199.9,0.0,44900,68094,-1872,0,0,0,-6513,0,1000,-8409.1
age25-130363,2036/37,36,13,11,2,0,0,6,140,90,910528.73,53299.73,53299.73,0.0,0,63355,-1872,0,-84,-1235,-1185.36,0,150,-5828.91
age25-130363,2037/38,37,24,13,10,0,0,15,140,90,977050.48,66521.75,66521.75,0.0,47000,31249,-1872,0,-38,0,-6228,-540,1000,-4049.25
age25-130363,2038/39,38,22,11,10,0,0,14,141,90,1065899.79,88849.31,88849.31,0.0,38250,65258,-1872,0,-84,0,-6608,0,1000,-7094.69
age25-130363,2039/40,39,18,16,2,0,0,8,144,90,1108109.06,42209.27,42209.27,0.0,1790,49448,-1872,0,0,-1235,-1249.08,0,450,-5122.65
age25-130363,2040/41,40,35,22,11,0,0,23,137,90,1279269.72,171160.66,171160.66,0.0,145600,38643,-156,0,-122,0,-5647.84,-180,1000,-7976.5
age25-130363,2041/42,41,17,7,10,0,0,13,142,89,1367465.9,88196.18,88196.18,0.0,36700,66935,-1755,0,-84,0,-6065.84,-360,1000,-8173.98
age25-130363,2042/43,42,23,11,9,0,0,8,131,88,1454057.96,86592.06,86592.06,0.0,29900,71066,-1833,0,-38,0,-6418,0,1400,-7484.94
age25-130363,2043/44,43,15,11,4,0,0,7,141,88,1498841.1,44783.14,44783.14,0.0,1352.5,52182,-1872,0,-84,-375,-1499.88,-180,200,-4940.48
age25-130363,2044/45,44,10,5,5,0,0,2,124,86,1518112.46,19271.36,19271.36,0.0,62.5,25738,-1872,0,0,-375,-1568.28,-360,200,-2553.86
age25-130363,2045/46,45,20,17,3,2,0,14,144,86,1558394.64,40282.18,40282.18,0.0,17600,24336,-1872,0,0,-375,-1632,0,50,2175.18
age25-130363,2046/47,46,18,7,11,0,0,9,130,85,1604143.72,45749.08,45749.08,0.0,19750,37748,-1872,0,-122,0,-6228,0,2000,-5526.92
age25-130363,2047/48,47,19,7,12,0,0,5,138,83,1672207.54,68063.82,68063.82,0.0,20000,61600,-1872,0,0,0,-6082.56,-180,2000,-7401.62
age25-130363,2048/49,48,12,7,5,0,0,4,115,82,1695548.36,23340.82,23340.82,0.0,350,30254,-1872,0,-84,-375,-1568.28,-360,50,-3053.9
age25-130363,2049/50,49,17,13,4,0,0,4,141,80,1713188.93,17640.57,17640.57,0.0,4360,19855,-1872,0,0,-375,-1632,-180,200,-2715.43
age25-130363,2050/51,50,12,7,5,0,0,1,104,79,1731657.0,18468.07,18468.07,0.0,812.5,24370,-1872,0,-38,-375,-1632,-180,-50,-2567.43
age25-130363,2051/52,51,10,4,6,0,0,0,92,77,1748391.11,16734.11,16734.11,0.0,0,23448,-1872,0,0,-1235,-1436.16,0,300,-2470.73
age25-130363,2052/53,52,9,4,5,0,0,1,132,75,1765115.26,16724.15,16724.15,0.0,0,22681,-1872,0,0,-375,-1436.16,0,50,-2323.69
age25-130363,2053/54,53,6,0,6,0,0,0,86,73,1778157.84,13042.58,13042.58,0.0,0,18740,-1872,0,-84,-375,-1436.16,0,50,-1980.26
age25-130363,2054/55,54,7,1,6,0,0,0,54,71,1793552.02,15394.18,15394.18,0.0,0,21032,-1443,0,0,-375,-1632,0,-50,-2137.82
age25-130363,2055/56,55,7,2,5,0,0,0,81,69,1811032.4,17480.38,17480.38,0.0,0,22410,-546,0,0,-375,-1632,-180,50,-2246.62
age25-130363,2056/57,56,6,0,6,0,0,0,57,67,1827592.48,16560.08,16560.08,0.0,0,23420,-1755,0,0,-1235,-1597.8,0,50,-2322.12
age25-130363,2057/58,57,9,1,8,0,0,0,47,65,1842631.32,15038.84,15038.84,0.0,0,22566,-1872,0,0,-1335,-1937.76,-180,50,-2252.4
age25-130363,2058/59,58,6,0,6,0,0,0,35,63,1860706.24,18074.92,18074.92,0.0,0,24357,-1872,0,0,-375,-1568.28,0,-50,-2416.8
age25-130363,2059/60,59,6,0,6,0,0,0,38,61,1872238.88,11532.64,11532.64,0.0,0,17326,-1872,0,0,-375,-1632,0,-50,-1864.36
age25-130363,2060/61,60,6,0,6,0,0,0,23,58,1881107.46,8868.58,8868.58,0.0,0,14197,-1872,0,0,-375,-1499.88,0,50,-1631.54
age25-130363,2061/62,61,6,0,6,0,0,0,38,56,1890326.64,9219.18,9219.18,0.0,0,14767,-1872,0,0,-375,-1568.28,0,-50,-1682.54
age25-130363,2062/63,62,8,0,8,0,0,0,36,53,1896109.73,5783.09,5783.09,0.0,0,12673,-1872,0,-122,-1335,-2001.48,0,-50,-1509.43
age25-130363,2063/64,63,7,1,6,0,0,0,28,51,1901626.54,5516.81,5516.81,0.0,0,10486,-1872,0,0,-375,-1436.16,0,50,-1336.03
age25-130363,2064/65,64,6,0,6,0,0,0,46,48,1914187.98,12561.44,12561.44,0.0,0,18332,-1872,0,0,-375,-1632,0,50,-1941.56
age25-130363,2065/66,65,6,0,6,0,0,0,21,45,1924537.66,10349.68,10349.68,0.0,0,15812,-1872,0,0,-375,-1436.16,0,-50,-1729.16
age26-104729,2026/27,27,17,4,13,0,0,1,102,77,37131.48,29131.48,29131.48,0.0,5000,28746,-7014,0,-8782,0,-6152,0,800,16533.48
age26-104729,2027/28,28,21,9,11,0,0,3,131,80,96250.97,59119.49,59119.49,0.0,14650,49898,-3158,0,0,0,-6193.8,0,1400,2523.29
age26-104729,2028/29,29,53,48,5,3,0,17,135,82,233504.21,137253.24,137253.24,0.0,92540,43988,-1872,0,-122,-1685,-3369.0,-540,200,8113.24
age26-104729,2029/30,30,18,7,10,0,0,5,141,84,269711.77,36207.56,36207.56,0.0,19350,28460,-1872,0,-84,0,-6228,-180,2000,-5238.44
age26-104729,2030/31,31,21,9,11,0,0,9,135,85,337220.24,67508.47,67508.47,0.0,21850,60018,-1872,0,0,0,-6228,-180,1400,-7479.53
age26-104729,2031/32,32,25,20,5,1,0,17,139,86,393283.98,56063.74,56063.74,0.0,13140,48096,-1872,0,-122,-1235,-1750.68,0,300,-492.58
age26-104729,2032/33,33,17,13,4,0,0,7,131,87,412060.28,18776.3,18776.3,0.0,350,25976,-1872,0,0,-1235,-1436.16,0,200,-3206.54
age26-104729,2033/34,34,35,22,11,1,0,22,142,88,600826.34,188766.06,188766.06,0.0,152600,47276,-1872,0,-122,0,-6331.84,0,1000,-3784.1
age26-104729,2034/35,35,24,12,10,0,0,13,133,89,710662.0,109835.66,109835.66,0.0,63600,61304,-1872,0,-84,0,-7558,0,2000,-7554.34
age26-104729,2035/36,36,31,18,9,0,0,18,142,89,847616.08,136954.08,136954.08,0.0,83600,71085,-1872,0,-122,0,-6065.84,-180,400,-9891.08
age26-104729,2036/37,37,21,10,9,0,0,13,138,89,944768.09,97152.01,97152.01,0.0,41950,69742,-1443,0,-84,0,-5982.24,0,1000,-8030.75
age26-104729,2037/38,38,26,13,11,0,0,11,140,89,1049846.64,105078.55,105078.55,0.0,47850,72060,-585,0,-38,0,-6706.8,0,1000,-8501.65
age26-104729,2038/39,39,8,4,4,0,0,3,133,89,1108756.68,58910.04,58910.04,0.0,0,69066,-1872,0,-84,-1235,-1436.16,0,450,-5978.8
age26-104729,2039/40,40,22,16,6,0,0,9,139,89,1133241.68,24485.0,24485.0,0.0,1250,32133,-1872,0,0,-1335,-1917,0,300,-4074.0
age26-104729,2040/41,41,15,10,5,0,0,5,130,89,1152509.12,19267.44,19267.44,0.0,3300,24300,-1872,0,0,-1335,-1917,-360,300,-3148.56
age26-104729,2041/42,42,25,14,10,0,0,23,139,88,1228013.42,75504.3,75504.3,0.0,46500,41556,-1755,0,-122,0,-5480.64,-180,1400,-6414.06
age26-104729,2042/43,43,24,13,10,0,0,17,134,87,1327346.58,99333.16,99333.16,0.0,50000,61654,-1833,0,-84,0,-5815.04,-180,2000,-6408.8
age26-104729,2043/44,44,14,10,4,0,0,10,139,86,1378142.28,50795.7,50795.7,0.0,625,59148,-1872,0,0,-375,-1436.16,-360,450,-5384.14
age26-104729,2044/45,45,14,9,5,0,0,3,125,86,1400209.3,22067.02,22067.02,0.0,2000,26714,-1872,0,-38,-375,-1632,-360,450,-2819.98
age26-104729,2045/46,46,15,11,4,0,0,4,129,85,1415219.0,15009.7,15009.7,0.0,0,22962,-1872,0,-84,-1235,-1632,-360,200,-2969.3
age26-104729,2046/47,47,11,5,6,0,0,2,139,83,1429402.06,14183.06,14183.06,0.0,0,22232,-1872,0,0,-1335,-2202,-360,200,-2479.94
age26-104729,2047/48,48,9,5,4,0,0,4,139,82,1447020.24,17618.18,17618.18,0.0,0,23502,-1872,0,0,-375,-1632,0,450,-2454.82
age26-104729,2048/49,49,10,6,4,0,0,1,107,81,1457538.93,10518.69,10518.69,0.0,350,15665,-1872,0,0,-375,-1632,-180,450,-1887.31
age26-104729,2049/50,50,7,1,6,0,0,0,95,80,1473501.87,15962.94,15962.94,0.0,0,21914,-1872,0,0,-375,-1436.16,0,-50,-2217.9
age26-104729,2050/51,51,9,4,5,0,0,0,78,78,1491406.76,17904.89,17904.89,0.0,62.5,24155,-1872,0,0,-375,-1632,-180,200,-2453.61
age26-104729,2051/52,52,11,3,8,0,0,1,110,76,1507675.43,16268.67,16268.67,0.0,0,22595,-585,0,-122,-1335,-1937.76,0,50,-2396.57
age26-104729,2052/53,53,6,0,6,0,0,0,94,75,1520541.62,12866.19,12866.19,0.0,0,18485,-1443,0,0,-375,-1632,-180,-50,-1938.81
age26-104729,2053/54,54,7,1,6,0,0,0,73,73,1534799.0,14257.38,14257.38,0.0,0,19806,-1872,0,0,-375,-1436.16,0,200,-2065.46
age26-104729,2054/55,55,6,0,6,0,0,0,41,71,1550912.7,16113.7,16113.7,0.0,0,22234,-1872,0,0,-375,-1568.28,0,-50,-2255.02
age26-104729,2055/56,56,7,1,6,0,0,0,76,69,1565270.54,14357.84,14357.84,0.0,0,20316,-1833,0,0,-375,-1597.8,0,-50,-2102.36
age26-104729,2056/57,57,6,0,6,0,0,0,43,67,1580473.62,15203.08,15203.08,0.0,0,21936,-1755,0,0,-1235,-1470.36,0,-50,-2222.56
age26-104729,2057/58,58,8,0,8,0,0,0,36,65,1589194.4,8720.78,8720.78,0.0,0,15758,-1872,0,0,-1335,-2035.68,0,-50,-1744.54
age26-104729,2058/59,59,6,1,5,0,0,0,37,63,1593318.67,4124.27,4124.27,0.0,0,9143,-1872,0,0,-375,-1499.88,0,-50,-1221.85
age26-104729,2059/60,60,6,1,5,0,0,0,40,61,1602360.71,9042.04,9042.04,0.0,0,14300,-1872,0,0,-375,-1436.16,0,50,-1624.8
age26-104729,2060/61,61,6,0,6,0,0,0,33,59,1612438.46,10077.75,10077.75,0.0,0,15654,-1872,0,-84,-375,-1568.28,0,50,-1726.97
age26-104729,2061/62,62,6,0,6,0,0,0,27,57,1624272.6,11834.14,11834.14,0.0,0,17324,-1872,0,0,-375,-1436.16,0,50,-1856.7
age26-104729,2062/63,63,8,0,8,0,0,0,23,55,1635946.85,11674.25,11674.25,0.0,0,19010,-1872,0,0,-1335,-2099.4,0,-50,-1979.35
age26-104729,2063/64,64,6,0,6,0,0,0,32,52,1641628.0,5681.15,5681.15,0.0,0,10973,-1872,0,0,-375,-1436.16,-180,-50,-1378.69
age26-104729,2064/65,65,6,0,6,0,0,0,15,50,1651927.96,10299.96,10299.96,0.0,0,15882,-1872,0,0,-375,-1632,0,50,-1753.04
age26-130363,2026/27,27,19,7,12,0,0,4,131,77,50269.43,42269.43,42269.43,0.0,18000,29604,-7014,0,-8782,0,-6152,0,1400.0,15213.43
age26-130363,2027/28,28,22,11,10,0,0,4,118,80,123651.8,73382.37,73382.37,0.0,28950,53851,-1794,0,-84,0,-5503.44,0,0,-2037.19
age26-130363,2028/29,29,49,42,7,2,0,12,142,82,252546.72,128894.92,128894.92,0.0,86820,49579,-1872,0,-38,-1685,-3654.0,-360,200,-95.08
age26-130363,2029/30,30,33,21,10,0,0,17,137,84,342039.64,89492.92,89492.92,0.0,57850,46701,-1872,0,-122,0,-6444.6,0,1000,-7619.48
age26-130363,2030/31,31,19,7,10,0,0,6,140,85,417448.38,75408.74,75408.74,0.0,22600,67133,-1872,0,-84,0,-5765.64,-180,1400,-7822.62
age26-130363,2031/32,32,15,13,2,0,0,7,136,86,464689.56,47241.18,47241.18,0.0,540,56126,-1872,0,0,-1235,-1185.36,0,300,-5432.46
age26-130363,2032/33,33,27,15,10,0,0,9,137,87,512896.52,48206.96,48206.96,0.0,31900,27976,-1872,0,-122,0,-5480.64,-540,400,-4054.4
age26-130363,2033/34,34,20,8,11,0,0,7,135,88,576448.82,63552.3,63552.3,0.0,17500,57500,-1872,0,0,0,-5480.64,0,2000,-6095.06
age26-130363,2034/35,35,15,11,4,0,0,9,138,89,625585.02,49136.2,49136.2,0.0,2000,56636,-1872,0,-84,-1235,-1185.36,-180,450,-5393.44
age26-130363,2035/36,36,24,13,10,0,0,19,137,89,673691.33,48106.31,48106.31,0.0,32900,27457,-1872,0,-38,0,-7545,-180,2000,-4615.69
age26-130363,2036/37,37,35,26,7,1,1,33,139,89,1270205.76,596514.43,596514.43,0.0,546750,58706,-1872,0,-168,0,-6767.6,0,800,-933.97
age26-130363,2037/38,38,38,23,12,2,0,28,142,89,2078645.49,808439.73,808439.73,0.0,505300,262072,-1872,0,-122,0,-8811.68,-540,2000,50413.41
age26-130363,2038/39,39,38,22,15,1,0,21,136,89,2865276.61,786631.12,786631.12,0.0,403550,385476,-1872,0,-122,0,-9701,-180,1400,8080.12
age26-130363,2039/40,40,25,13,11,0,0,12,140,89,3325161.73,459885.12,459885.12,0.0,117000,385476,-1872,0,-122,0,-9121,0,1400,-32875.88
age26-130363,2040/41,41,19,5,13,0,0,11,136,89,3492060.86,166899.13,166899.13,0.0,52700,134852,-156,0,0,0,-8551,0,1000,-12945.87
age26-130363,2041/42,42,25,10,12,0,0,12,138,88,3596259.51,104198.65,104198.65,0.0,49750,70412,-1755,0,-84,0,-6400.24,-180,1000,-8544.11
age26-130363,2042/43,43,10,6,4,0,0,3,118,87,3667302.91,71043.4,71043.4,0.0,33000,55812,-1833,0,-38,-175,-1219.68,-180,50,-14372.92
age26-130363,2043/44,44,16,12,4,0,0,6,140,86,3691868.64,24565.73,24565.73,0.0,6292.5,35888,-1872,0,-84,-175,-1436.16,0,450,-14497.61
age26-130363,2044/45,45,16,13,3,1,0,6,133,85,3701489.14,9620.5,9620.5,0.0,1605,11100,-1872,0,0,-75,-1386,0,450,-201.5
age26-130363,2045/46,46,7,3,4,0,0,4,118,84,3715669.5,14180.36,14180.36,0.0,4562.5,13650,-1872,0,0,-75,-1140,0,200,-1145.14
age26-130363,2046/47,47,6,2,4,0,0,0,73,83,3732560.02,16890.52,16890.52,0.0,62.5,21294,-1872,0,0,-175,-1045,-180,450,-1643.98
age26-130363,2047/48,48,12,8,4,0,0,1,103,82,3774115.5,41555.48,41555.48,0.0,33412.5,23494,-1872,0,-84,-175,-1386,0,200,-12034.02
age26-130363,2048/49,49,9,5,4,0,0,5,131,80,3785915.41,11799.91,11799.91,0.0,4562.5,23957,-1872,0,0,-175,-1436.16,0,50,-13286.43
age26-130363,2049/50,50,5,1,4,0,0,1,120,78,3803789.6,17874.19,17874.19,0.0,0,24325,-1872,0,0,-75,-1386,0,200,-3317.81
age26-130363,2050/51,51,8,4,4,0,0,0,79,76,3828084.03,24294.43,24294.43,0.0,4562.5,24475,-1872,0,-38,-75,-1003.2,0,200,-1954.87
age26-130363,2051/52,52,4,0,4,0,0,0,94,75,3849068.28,20984.25,20984.25,0.0,0,26151,-1872,0,0,-75,-1140,0,-50,-2029.75
age26-130363,2052/53,53,4,0,4,0,0,0,56,73,3859677.22,10608.94,10608.94,0.0,0,25832,-1872,0,0,-175,-1386,0,50,-11840.06
age26-130363,2053/54,54,5,1,4,0,0,0,52,71,3866127.88,6450.66,6450.66,0.0,0,23038,-1872,0,0,-175,-1436.16,0,-50,-13054.18
age26-130363,2054/55,55,4,0,4,0,0,0,49,69,3871523.84,5395.96,5395.96,0.0,0,21844,-1443,0,0,-175,-1632,-180,-50,-12968.04
age26-130363,2055/56,56,4,0,4,0,0,0,68,67,3891063.46,19539.62,19539.62,0.0,0,24662,-546,0,0,-75,-1219.68,0,50,-3331.7
age26-130363,2056/57,57,4,0,4,0,0,0,70,65,3910414.72,19351.26,19351.26,0.0,0,24088,-1755,0,0,-75,-1003.2,0,-50,-1853.54
age26-130363,2057/58,58,4,0,4,0,0,0,61,63,3930199.6,19784.88,19784.88,0.0,0,24850,-1872,0,0,-175,-1045,0,-50,-1923.12
age26-130363,2058/59,59,6,2,4,0,0,0,39,60,3935695.3,5495.7,5495.7,0.0,0,20475,-1872,0,-84,-175,-1219.68,-180,-50,-11398.62
age26-130363,2059/60,60,4,0,4,0,0,0,74,58,3942907.74,7212.44,7212.44,0.0,0,23975,-1872,0,0,-175,-1436.16,-180,50,-13149.4
age26-130363,2060/61,61,4,0,4,0,0,0,43,56,3960878.86,17971.12,17971.12,0.0,0,24706,-1872,0,0,-75,-1386,0,50,-3451.88
age26-130363,2061/62,62,4,0,4,0,0,0,26,53,3984175.26,23296.4,23296.4,0.0,0,28819,-1872,0,0,-75,-1140,-180,-50,-2205.6
age26-130363,2062/63,63,4,0,4,0,0,0,18,50,4005840.4,21665.14,21665.14,0.0,0,26868,-1872,0,0,-75,-1140,0,-50,-2065.86
age26-130363,2063/64,64,4,0,4,0,0,0,26,48,4024738.76,18898.36,18898.36,0.0,0,23763,-1872,0,0,-175,-1045,0,50,-1822.64
age26-130363,2064/65,65,4,0,4,0,0,0,21,45,4045720.32,20981.56,20981.56,0.0,0,26538,-1872,0,0,-175,-1436.16,0,50,-2123.28
age27-104729,2026/27,28,17,4,13,0,0,1,102,77,37131.48,29131.48,29131.48,0.0,5000,28746,-7014,0,-8782,0,-6152,0,800,16533.48
age27-104729,2027/28,29,21,9,11,0,0,3,131,80,96250.97,59119.49,59119.49,0.0,14650,49898,-3158,0,0,0,-6193.8,0,1400,2523.29
age27-104729,2028/29,30,53,48,5,3,0,17,135,82,233504.21,137253.24,137253.24,0.0,92540,43988,-1872,0,-122,-1685,-3369.0,-540,200,8113.24
age27-104729,2029/30,31,18,7,10,0,0,5,141,84,269711.77,36207.56,36207.56,0.0,19350,28460,-1872,0,-84,0,-6228,-180,2000,-5238.44
age27-104729,2030/31,32,21,9,11,0,0,9,135,85,337220.24,67508.47,67508.47,0.0,21850,60018,-1872,0,0,0,-6228,-180,1400,-7479.53
age27-104729,2031/32,33,25,20,5,1,0,17,139,86,393283.98,56063.74,56063.74,0.0,13140,48096,-1872,0,-122,-1235,-1750.68,0,300,-492.58
age27-104729,2032/33,34,17,13,4,0,0,7,131,87,412060.28,18776.3,18776.3,0.0,350,25976,-1872,0,0,-1235,-1436.16,0,200,-3206.54
age27-104729,2033/34,35,35,22,11,1,0,22,142,88,600826.34,188766.06,188766.06,0.0,152600,47276,-1872,0,-122,0,-6331.84,0,1000,-3784.1
age27-104729,2034/35,36,24,12,10,0,0,13,133,89,710662.0,109835.66,109835.66,0.0,63600,61304,-1872,0,-84,0,-7558,0,2000,-7554.34
age27-104729,2035/36,37,28,15,9,0,0,14,133,89,837634.08,126972.08,126972.08,0.0,73200,71085,-1872,0,-122,0,-5815.04,-180,400,-9723.88
age27-104729,2036/37,38,21,8,10,0,0,12,142,89,921434.96,83800.88,83800.88,0.0,28750,69559,-1443,0,0,0,-5982.24,0,800,-7882.88
age27-104729,2037/38,39,19,14,5,0,0,6,132,89,965240.52,43805.56,43805.56,0.0,2190,50059,-585,0,-84,-1235,-1632,0,300,-5207.44
age27-104729,2038/39,40,18,16,2,2,0,8,128,89,1012079.97,46839.45,46839.45,0.0,21540,26209,-1872,0,-38,-275,-1632,0,450,2457.45
age27-104729,2039/40,41,22,12,10,0,0,12,140,88,1069935.29,57855.32,57855.32,0.0,32150,36651,-1872,0,-84,0,-6228,0,2000,-4761.68
age27-104729,2040/41,42,31,19,10,0,0,21,141,87,1167959.14,98023.85,98023.85,0.0,49450,64170,-1872,0,-84,0,-5815.04,-180,1000,-8645.11
age27-104729,2041/42,43,18,14,4,1,0,7,137,86,1228903.64,60944.5,60944.5,0.0,2790,61659,-1755,0,-38,-375,-1436.16,0,50,49.66
age27-104729,2042/43,44,11,6,5,0,0,2,102,86,1257594.08,28690.44,28690.44,0.0,540,35064,-1833,0,0,-375,-1632,0,450,-3523.56
age27-104729,2043/44,45,9,5,4,0,0,5,130,85,1275262.56,17668.48,17668.48,0.0,0,23836,-1872,0,0,-375,-1632,0,200,-2488.52
age27-104729,2044/45,46,14,10,4,0,0,6,139,84,1293458.12,18195.56,18195.56,0.0,2000,22568,-1872,0,-84,-375,-1499.88,-360,300,-2481.56
age27-104729,2045/46,47,12,8,4,0,0,4,139,83,1309126.3,15668.18,15668.18,0.0,0,23066,-1872,0,0,-1235,-1470.36,-180,-50,-2590.46
age27-104729,2046/47,48,11,5,6,0,0,0,94,82,1324777.12,15650.82,15650.82,0.0,0,23552,-1872,0,0,-1335,-2202,0,50,-2542.18
age27-104729,2047/48,49,11,6,5,0,0,1,130,80,1342064.64,17287.52,17287.52,0.0,62.5,23205,-1872,0,-38,-375,-1632,0,300,-2362.98
age27-104729,2048/49,50,9,5,4,0,0,0,93,79,1360476.89,18412.25,18412.25,0.0,400,24274,-1872,0,-84,-375,-1632,0,300,-2598.75
age27-104729,2049/50,51,8,2,6,0,0,0,85,78,1375278.14,14801.25,14801.25,0.0,0,20912,-1872,0,0,-375,-1632,0,-50,-2181.75
age27-104729,2050/51,52,8,3,5,0,0,0,96,75,1386838.48,11560.34,11560.34,0.0,0,16929,-1872,0,0,-375,-1436.16,0,200,-1885.5
age27-104729,2051/52,53,7,2,5,0,0,0,59,74,1402061.04,15222.56,15222.56,0.0,0,20848,-585,0,0,-1235,-1568.28,0,-50,-2187.16
age27-104729,2052/53,54,7,1,6,0,0,0,81,72,1419335.5,17274.46,17274.46,0.0,0,23040,-1443,0,0,-375,-1597.8,0,-50,-2299.74
age27-104729,2053/54,55,6,0,6,0,0,0,43,70,1432173.56,12838.06,12838.06,0.0,0,18434,-1872,0,0,-375,-1436.16,0,50,-1962.78
age27-104729,2054/55,56,6,0,6,0,0,0,51,68,1447702.32,15528.76,15528.76,0.0,0,21212,-1872,0,0,-375,-1568.28,0,300,-2167.96
age27-104729,2055/56,57,7,1,6,0,0,0,69,67,1461610.18,13907.86,13907.86,0.0,0,19860,-1833,0,0,-375,-1632,0,-50,-2062.14
age27-104729,2056/57,58,6,0,6,0,0,0,54,65,1478932.36,17322.18,17322.18,0.0,0,24136,-1755,0,0,-1235,-1470.36,0,50,-2403.46
age27-104729,2057/58,59,8,0,8,0,0,0,20,63,1487430.76,8498.4,8498.4,0.0,0,15604,-1872,0,-84,-1335,-2035.68,0,-50,-1728.92
age27-104729,2058/59,60,6,1,5,0,0,0,33,61,1491555.03,4124.27,4124.27,0.0,0,9143,-1872,0,0,-375,-1499.88,0,-50,-1221.85
age27-104729,2059/60,61,6,0,6,0,0,0,37,59,1500559.07,9004.04,9004.04,0.0,0,14300,-1872,0,-38,-375,-1436.16,0,50,-1624.8
age27-104729,2060/61,62,6,0,6,0,0,0,26,56,1510620.82,10061.75,10061.75,0.0,0,15654,-1872,0,0,-375,-1568.28,0,-50,-1726.97
age27-104729,2061/62,63,6,0,6,0,0,0,40,54,1522454.96,11834.14,11834.14,0.0,0,17324,-1872,0,0,-375,-1436.16,0,50,-1856.7
age27-104729,2062/63,64,8,0,8,0,0,0,30,52,1534129.21,11674.25,11674.25,0.0,0,19010,-1872,0,0,-1335,-2099.4,0,-50,-1979.35
age27-104729,2063/64,65,6,0,6,0,0,0,25,50,1539810.36,5681.15,5681.15,0.0,0,10973,-1872,0,0,-375,-1436.16,-180,-50,-1378.69
age27-130363,2026/27,28,19,7,12,0,0,4,131,77,50269.43,42269.43,42269.43,0.0,18000,29604,-7014,0,-8782,0,-6152,0,1400.0,15213.43
age27-130363,2027/28,29,22,11,10,0,0,4,118,80,123651.8,73382.37,73382.37,0.0,28950,53851,-1794,0,-84,0,-5503.44,0,0,-2037.19
age27-130363,2028/29,30,49,42,7,2,0,12,142,82,252546.72,128894.92,128894.92,0.0,86820,49579,-1872,0,-38,-1685,-3654.0,-360,200,-95.08
age27-130363,2029/30,31,33,21,10,0,0,17,137,84,342039.64,89492.92,89492.92,0.0,57850,46701,-1872,0,-122,0,-6444.6,0,1000,-7619.48
age27-130363,2030/31,32,19,7,10,0,0,6,140,85,417448.38,75408.74,75408.74,0.0,22600,67133,-1872,0,-84,0,-5765.64,-180,1400,-7822.62
age27-130363,2031/32,33,15,13,2,0,0,7,136,86,464689.56,47241.18,47241.18,0.0,540,56126,-1872,0,0,-1235,-1185.36,0,300,-5432.46
age27-130363,2032/33,34,27,15,10,0,0,9,137,87,512896.52,48206.96,48206.96,0.0,31900,27976,-1872,0,-122,0,-5480.64,-540,400,-4054.4
age27-130363,2033/34,35,20,8,11,0,0,7,135,88,576448.82,63552.3,63552.3,0.0,17500,57500,-1872,0,0,0,-5480.64,0,2000,-6095.06
age27-130363,2034/35,36,14,10,4,0,0,9,138,89,624835.02,48386.2,48386.2,0.0,1250,56636,-1872,0,-84,-1235,-1185.36,-180,450,-5393.44
age27-130363,2035/36,37,26,14,10,0,0,16,142,89,877163.33,252328.31,252328.31,0.0,238850,27457,-1872,0,-38,0,-6798,-540,1000,-5730.69
age27-130363,2036/37,38,27,11,14,0,0,10,136,89,965827.19,88663.86,88663.86,0.0,42800,61257,-1872,0,-84,0,-7375.6,-180,1000,-6881.54
age27-130363,2037/38,39,22,11,9,0,0,13,142,89,1086512.54,120685.35,120685.35,0.0,103600,28086,-1872,0,-84,0,-6639.48,-180,2000,-4225.17
age27-130363,2038/39,40,18,14,4,1,0,5,132,89,1121911.42,35398.88,35398.88,0.0,10550,28600,-1872,0,-38,-375,-1632,0,450,-284.12
age27-130363,2039/40,41,28,16,12,0,0,12,140,88,1191792.44,69881.02,69881.02,0.0,34625,48750,-1872,0,-84,0,-6228,-180,800,-5929.98
age27-130363,2040/41,42,25,13,11,0,0,12,139,87,1274952.4,83159.96,83159.96,0.0,29400,67288,-156,0,-38,0,-6193.8,-180,1400,-8360.24
age27-130363,2041/42,43,17,14,3,1,0,10,144,86,1327837.13,52884.73,52884.73,0.0,2440,54157,-1755,0,-84,-375,-1436.16,0,300,-362.11
age27-130363,2042/43,44,21,18,3,1,0,11,137,85,1348962.14,21125.01,21125.01,0.0,5360,20662,-1833,0,0,-375,-1499.88,0,50,-1239.11
age27-130363,2043/44,45,13,8,5,0,0,5,135,85,1366618.94,17656.8,17656.8,0.0,1250,22481,-1872,0,-84,-375,-1436.16,0,200,-2507.04
age27-130363,2044/45,46,13,9,4,0,0,7,139,83,1385828.29,19209.35,19209.35,0.0,2000,23388,-1872,0,0,-375,-1568.28,0,200,-2563.37
age27-130363,2045/46,47,7,3,4,0,0,0,88,82,1401789.56,15961.27,15961.27,0.0,0,22801,-1872,0,-38,-1235,-1632,0,300,-2362.73
age27-130363,2046/47,48,11,4,7,0,0,1,114,81,1418318.98,16529.42,16529.42,0.0,0,23926,-1872,0,0,-1335,-1937.76,-180,450,-2521.82
age27-130363,2047/48,49,8,3,5,0,0,0,99,79,1432575.56,14256.58,14256.58,0.0,0,19669,-1872,0,0,-375,-1499.88,0,450,-2115.54
age27-130363,2048/49,50,10,4,6,0,0,1,106,78,1450888.3,18312.74,18312.74,0.0,0,24662,-1872,0,0,-375,-1436.16,0,-50,-2616.1
age27-130363,2049/50,51,7,2,5,0,0,1,107,76,1468373.18,17484.88,17484.88,0.0,0,23738,-1872,0,-84,-375,-1632,0,50,-2340.12
age27-130363,2050/51,52,6,1,5,0,0,0,99,74,1486507.52,18134.34,18134.34,0.0,0,24376,-1872,0,0,-375,-1632,0,50,-2412.66
age27-130363,2051/52,53,10,3,7,0,0,1,106,72,1499890.22,13382.7,13382.7,0.0,0,20862,-1872,0,0,-1335,-1937.76,0,-50,-2284.54
age27-130363,2052/53,54,6,0,6,0,0,0,75,71,1503655.6,3765.38,3765.38,0.0,0,8943,-1872,0,0,-375,-1499.88,-180,-50,-1200.74
age27-130363,2053/54,55,6,0,6,0,0,0,57,69,1517991.52,14335.92,14335.92,0.0,0,20133,-1872,0,0,-375,-1436.16,0,-50,-2063.92
age27-130363,2054/55,56,7,1,6,0,0,0,41,66,1534152.95,16161.43,16161.43,0.0,0,21886,-1443,0,0,-375,-1632,0,-50,-2224.57
age27-130363,2055/56,57,6,0,6,0,0,0,32,65,1550634.52,16481.57,16481.57,0.0,0,21238,-546,0,0,-375,-1632,0,-50,-2153.43
age27-130363,2056/57,58,10,2,8,0,0,0,52,63,1563622.96,12988.44,12988.44,0.0,0,20464,-1755,0,-38,-1335,-2202,0,50,-2195.56
age27-130363,2057/58,59,8,0,8,0,0,0,24,60,1576768.57,13145.61,13145.61,0.0,0,20725,-1872,0,-84,-1335,-2202,0,50,-2136.39
age27-130363,2058/59,60,6,0,6,0,0,0,35,58,1595693.34,18924.77,18924.77,0.0,0,25217,-1872,0,0,-375,-1632,0,50,-2463.23
age27-130363,2059/60,61,6,0,6,0,0,0,33,55,1611235.38,15542.04,15542.04,0.0,0,21656,-1872,0,0,-375,-1632,0,-50,-2184.96
age27-130363,2060/61,62,6,0,6,0,0,0,49,52,1622992.66,11757.28,11757.28,0.0,0,17340,-1872,0,0,-375,-1436.16,0,-50,-1849.56
age27-130363,2061/62,63,6,0,6,0,0,0,27,50,1633763.9,10771.24,10771.24,0.0,0,16450,-1872,0,0,-375,-1568.28,0,-50,-1813.48
age27-130363,2062/63,64,9,1,8,0,0,0,39,48,1640349.66,6585.76,6585.76,0.0,0,13412,-1872,0,0,-1335,-2001.48,0,-50,-1567.76
age27-130363,2063/64,65,6,0,6,0,0,0,20,45,1657621.93,17272.27,17272.27,0.0,0,23395,-1872,0,0,-375,-1499.88,0,-50,-2325.85
age28-104729,2026/27,29,17,4,13,0,0,1,102,77,37131.48,29131.48,29131.48,0.0,5000,28746,-7014,0,-8782,0,-6152,0,800,16533.48
age28-104729,2027/28,30,21,9,11,0,0,3,131,80,96250.97,59119.49,59119.49,0.0,14650,49898,-3158,0,0,0,-6193.8,0,1400,2523.29
age28-104729,2028/29,31,53,48,5,3,0,17,135,82,233504.21,137253.24,137253.24,0.0,92540,43988,-1872,0,-122,-1685,-3369.0,-540,200,8113.24
age28-104729,2029/30,32,18,7,10,0,0,5,141,84,269711.77,36207.56,36207.56,0.0,19350,28460,-1872,0,-84,0,-6228,-180,2000,-5238.44
age28-104729,2030/31,33,21,9,11,0,0,9,135,85,337220.24,67508.47,67508.47,0.0,21850,60018,-1872,0,0,0,-6228,-180,1400,-7479.53
age28-104729,2031/32,34,23,20,3,1,0,12,138,86,393618.38,56398.14,56398.14,0.0,13140,48096,-1872,0,-122,-1235,-1499.88,0,300,-408.98
age28-104729,2032/33,35,25,14,8,0,0,16,143,87,458746.28,65127.9,65127.9,0.0,32700,44294,-1872,0,-84,0,-5480.64,-180,1400,-5649.46
age28-104729,2033/34,36,31,20,10,0,0,40,141,88,736845.36,278099.08,278099.08,0.0,230900,63162,-1872,0,-122,0,-6024.04,0,1000,-8944.88
age28-104729,2034/35,37,21,9,10,0,0,10,141,89,898902.2,162056.84,162056.84,0.0,75650,106564,-1872,0,-122,0,-8836,0,1000,-10327.16
age28-104729,2035/36,38,34,21,13,0,0,19,144,89,1240115.96,341213.76,341213.76,0.0,201000,168057,-1872,0,-84,0,-8790.96,-180,400,-17316.28
age28-104729,2036/37,39,28,14,11,0,0,15,136,89,1419327.12,179211.16,179211.16,0.0,56350,145288,-1443,0,-38,0,-6400.24,0,0,-14545.6
age28-104729,2037/38,40,19,8,10,0,0,8,136,89,1565891.24,146564.12,146564.12,0.0,47000,118099,-585,0,-84,0,-7345.72,-180,1000,-11340.16
age28-104729,2038/39,41,24,21,3,1,0,7,136,88,1641973.04,76081.8,76081.8,0.0,8585,70200,-1872,0,0,-375,-1632,0,50,1125.8
age28-104729,2039/40,42,16,11,5,0,0,10,138,87,1660749.88,18776.84,18776.84,0.0,890,25350,-1872,0,-84,-1235,-1436.16,0,300,-3136.0
age28-104729,2040/41,43,19,13,6,0,0,12,135,86,1680112.76,19362.88,19362.88,0.0,3300,24388,-1872,0,-38,-1335,-2202,0,450,-3328.12
age28-104729,2041/42,44,10,6,4,0,0,5,123,86,1698164.8,18052.04,18052.04,0.0,750,23850,-1755,0,0,-375,-1436.16,-540,50,-2491.8
age28-104729,2042/43,45,8,4,4,0,0,4,125,85,1715249.95,17085.15,17085.15,0.0,0,23281,-1833,0,0,-375,-1632,-180,200,-2375.85
age28-104729,2043/44,46,12,8,4,0,0,4,138,84,1728004.34,12754.39,12754.39,0.0,1250,17312,-1872,0,-84,-375,-1436.16,-180,200,-2060.45
age28-104729,2044/45,47,15,11,4,1,0,3,126,83,1749370.53,21366.19,21366.19,0.0,2500,22900,-1872,0,0,-375,-1632,0,-50,-104.81
age28-104729,2045/46,48,11,7,4,0,0,1,102,82,1764551.16,15180.63,15180.63,0.0,0,22125,-1872,0,0,-1235,-1436.16,-360,450,-2491.21
age28-104729,2046/47,49,11,4,7,0,0,0,83,80,1780257.18,15706.02,15706.02,0.0,0,23919,-1872,0,-38,-1335,-2138.28,-360,-50,-2419.7
age28-104729,2047/48,50,8,4,4,0,0,1,101,79,1799144.64,18887.46,18887.46,0.0,0,25007,-1872,0,-84,-375,-1436.16,0,200,-2552.38
age28-104729,2048/49,51,6,0,6,0,0,0,59,78,1814682.78,15538.14,15538.14,0.0,0,21562,-1872,0,0,-375,-1632,0,50,-2194.86
age28-104729,2049/50,52,6,1,5,0,0,0,90,75,1827513.28,12830.5,12830.5,0.0,0,18500,-1872,0,0,-375,-1436.16,0,-50,-1936.34
age28-104729,2050/51,53,8,3,5,0,0,0,81,74,1837859.44,10346.16,10346.16,0.0,0,15932,-1872,0,0,-375,-1632,0,50,-1756.84
age28-104729,2051/52,54,7,2,5,0,0,0,63,72,1851757.04,13897.6,13897.6,0.0,0,19394,-585,0,0,-1235,-1632,0,50,-2094.4
age28-104729,2052/53,55,8,2,6,0,0,0,86,71,1869600.66,17843.62,17843.62,0.0,0,23757,-1443,0,0,-375,-1632,0,-50,-2413.38
age28-104729,2053/54,56,6,0,6,0,0,0,43,68,1883076.01,13475.35,13475.35,0.0,0,19407,-1872,0,0,-375,-1436.16,-180,-50,-2018.49
age28-104729,2054/55,57,7,1,6,0,0,0,42,67,1894885.55,11809.54,11809.54,0.0,0,17576,-1872,0,0,-375,-1568.28,0,-50,-1901.18
age28-104729,2055/56,58,6,0,6,0,0,0,37,65,1911377.55,16492.0,16492.0,0.0,0,22525,-1833,0,0,-375,-1499.88,0,-50,-2275.12
age28-104729,2056/57,59,8,0,8,0,0,0,42,63,1921881.58,10504.03,10504.03,0.0,0,18075,-1755,0,0,-1335,-2138.28,-360,-50,-1932.69
age28-104729,2057/58,60,8,0,8,0,0,0,49,61,1923326.04,1444.46,1444.46,0.0,0,7956,-1872,0,-122,-1335,-2001.48,0,-50,-1131.06
age28-104729,2058/59,61,6,0,6,0,0,0,36,59,1926971.98,3645.94,3645.94,0.0,0,8774,-1872,0,0,-375,-1632,0,-50,-1199.06
age28-104729,2059/60,62,6,0,6,0,0,0,26,56,1940364.02,13392.04,13392.04,0.0,0,18840,-1872,0,0,-375,-1436.16,0,200,-1964.8
age28-104729,2060/61,63,6,0,6,0,0,0,25,54,1955098.66,14734.64,14734.64,0.0,0,20792,-1872,0,0,-375,-1632,0,-50,-2128.36
age28-104729,2061/62,64,6,0,6,0,0,0,23,52,1971067.26,15968.6,15968.6,0.0,0,21920,-1872,0,0,-375,-1436.16,0,-50,-2218.24
age28-104729,2062/63,65,8,0,8,0,0,0,29,50,1984913.88,13846.62,13846.62,0.0,0,21376,-1872,0,0,-1335,-2202,0,50,-2170.38
age28-130363,2026/27,29,19,7,12,0,0,4,131,77,50269.43,42269.43,42269.43,0.0,18000,29604,-7014,0,-8782,0,-6152,0,1400.0,15213.43
age28-130363,2027/28,30,22,11,10,0,0,4,118,80,123651.8,73382.37,73382.37,0.0,28950,53851,-1794,0,-84,0,-5503.44,0,0,-2037.19
age28-130363,2028/29,31,47,40,7,1,0,16,142,82,244694.12,121042.32,121042.32,0.0,85010,49579,-1872,0,-38,-1685,-3369.0,-360,50,-6272.68
age28-130363,2029/30,32,26,14,12,0,0,12,136,84,314405.51,69711.39,69711.39,0.0,37000,46905,-1872,0,-84,0,-6288.8,0,400,-6348.81
age28-130363,2030/31,33,22,10,11,0,0,10,137,85,397038.46,82632.95,82632.95,0.0,30250,67217,-1872,0,-122,0,-5872.04,-180,1000,-7788.01
age28-130363,2031/32,34,17,15,2,0,0,11,142,86,445453.24,48414.78,48414.78,0.0,2000,55668,-1872,0,0,-1235,-1185.36,0,450,-5410.86
age28-130363,2032/33,35,23,12,11,0,0,15,138,87,496544.4,51091.16,51091.16,0.0,32750,27976,-1872,0,0,0,-5480.64,-360,2000,-3922.2
age28-130363,2033/34,36,29,17,11,0,0,19,145,88,615344.28,118799.88,118799.88,0.0,75850,57072,-1872,0,-122,0,-5815.04,-360,400,-6353.08
age28-130363,2034/35,37,22,20,2,2,0,13,139,89,690625.14,75280.86,75280.86,0.0,17900,56118,-1872,0,-84,-375,-1436.16,0,200,4830.02
age28-130363,2035/36,38,27,16,9,0,0,13,136,89,738865.8,48240.66,48240.66,0.0,34500,27788,-1872,0,-38,0,-6323,-360,0,-5454.34
age28-130363,2036/37,39,27,19,8,0,0,21,137,89,821663.6,82797.8,82797.8,0.0,37400,59451,-1872,0,-84,0,-6383.8,0,1400,-7113.4
age28-130363,2037/38,40,17,14,3,1,0,6,133,89,871296.64,49633.04,49633.04,0.0,9850,44685,-1872,0,-84,-375,-1436.16,-180,300,-1254.8
age28-130363,2038/39,41,19,7,9,0,0,9,135,88,929899.17,58602.53,58602.53,0.0,18100,51489,-1872,0,-38,0,-5632.64,0,2000,-5443.83
age28-130363,2039/40,42,30,18,11,0,0,18,137,87,1035426.39,105527.22,105527.22,0.0,55400,65163,-1872,0,-84,0,-5514.84,-180,0,-7384.94
age28-130363,2040/41,43,19,15,4,0,0,13,138,86,1081265.52,45839.13,45839.13,0.0,400,54048,-156,0,-38,-1335,-1917,0,450,-5612.87
age28-130363,2041/42,44,22,9,12,0,0,13,138,85,1140789.66,59524.14,59524.14,0.0,33750,38468,-1755,0,-84,0,-6428.36,-540,2000,-5886.5
age28-130363,2042/43,45,19,6,11,0,0,8,138,85,1211309.26,70519.6,70519.6,0.0,25250,58400,-1833,0,-84,0,-5911.08,0,1000,-6302.32
age28-130363,2043/44,46,12,8,4,0,0,3,138,83,1244295.22,32985.96,32985.96,0.0,150,40392,-1872,0,-38,-375,-1499.88,0,200,-3971.16
age28-130363,2044/45,47,10,5,5,0,0,1,114,82,1254539.66,10244.44,10244.44,0.0,125,15492,-1872,0,0,-375,-1568.28,-180,450,-1827.28
age28-130363,2045/46,48,7,2,5,0,0,2,105,81,1268215.38,13675.72,13675.72,0.0,0,20696,-1872,0,0,-1235,-1632,0,-50,-2231.28
age28-130363,2046/47,49,12,6,6,0,0,1,107,79,1278901.76,10686.38,10686.38,0.0,0,18160,-1872,0,-84,-1335,-2001.48,-180,50,-2051.14
age28-130363,2047/48,50,10,5,5,0,0,1,102,78,1293759.0,14857.24,14857.24,0.0,0,20443,-1872,0,0,-375,-1436.16,0,200,-2102.6
age28-130363,2048/49,51,8,2,6,0,0,0,75,76,1309923.23,16164.23,16164.23,0.0,0,21911,-1872,0,0,-375,-1436.16,0,200,-2263.61
age28-130363,2049/50,52,6,0,6,0,0,0,63,74,1327420.96,17497.73,17497.73,0.0,0,23769,-1872,0,0,-375,-1632,0,-50,-2342.27
age28-130363,2050/51,53,6,1,5,0,0,0,99,72,1342441.78,15020.82,15020.82,0.0,0,20886,-1872,0,0,-375,-1632,0,150,-2136.18
age28-130363,2051/52,54,8,1,7,0,0,0,99,71,1350996.25,8554.47,8554.47,0.0,0,15739,-1872,0,0,-1335,-2202,0,-50,-1725.53
age28-130363,2052/53,55,6,0,6,0,0,0,43,68,1356360.82,5364.57,5364.57,0.0,0,10492,-1872,0,0,-375,-1499.88,0,-50,-1330.55
age28-130363,2053/54,56,6,0,6,0,0,0,52,66,1370960.68,14599.86,14599.86,0.0,0,20354,-1872,0,-38,-375,-1436.16,0,50,-2082.98
age28-130363,2054/55,57,7,1,6,0,0,0,48,64,1386054.82,15094.14,15094.14,0.0,0,20724,-1443,0,0,-375,-1632,0,-50,-2129.86
age28-130363,2055/56,58,6,0,6,0,0,0,45,63,1403231.16,17176.34,17176.34,0.0,0,22084,-546,0,-84,-375,-1632,0,-50,-2220.66
age28-130363,2056/57,59,9,1,8,0,0,0,41,60,1415694.96,12463.8,12463.8,0.0,0,19752,-1755,0,0,-1335,-2202,0,50,-2046.2
age28-130363,2057/58,60,8,0,8,0,0,0,50,58,1429354.2,13659.24,13659.24,0.0,0,21492,-1872,0,0,-1335,-2202,-180,-50,-2193.76
age28-130363,2058/59,61,7,1,6,0,0,0,49,55,1448382.83,19028.63,19028.63,0.0,0,25325,-1872,0,0,-375,-1632,0,50,-2467.37
age28-130363,2059/60,62,7,1,6,0,0,0,35,52,1462851.81,14468.98,14468.98,0.0,0,20497,-1872,0,0,-375,-1632,0,-50,-2099.02
age28-130363,2060/61,63,7,1,6,0,0,0,23,50,1477259.04,14407.23,14407.23,0.0,0,19937,-1872,0,0,-375,-1436.16,0,200,-2046.61
age28-130363,2061/62,64,6,0,6,0,0,0,26,48,1494401.53,17142.49,17142.49,0.0,0,23229,-1872,0,0,-375,-1568.28,0,50,-2321.23
age28-130363,2062/63,65,8,0,8,0,0,0,15,45,1505795.66,11394.13,11394.13,0.0,0,18661,-1872,0,0,-1335,-2133.6,0,50,-1976.27
age29-104729,2026/27,30,17,4,13,0,0,1,102,77,37131.48,29131.48,29131.48,0.0,5000,28746,-7014,0,-8782,0,-6152,0,800,16533.48
age29-104729,2027/28,31,21,9,11,0,0,3,131,80,96250.97,59119.49,59119.49,0.0,14650,49898,-3158,0,0,0,-6193.8,0,1400,2523.29
age29-104729,2028/29,32,15,12,3,0,0,8,137,82,132273.53,36022.56,36022.56,0.0,540,43988,-1872,0,-84,-1235,-1283.28,0,450,-4481.16
age29-104729,2029/30,33,34,20,12,0,0,18,141,84,198679.62,66406.09,66406.09,0.0,52400,28394,-1872,0,-122,0,-6228,-360,1000,-6805.91
age29-104729,2030/31,34,21,10,10,0,0,12,136,85,283892.64,85213.02,85213.02,0.0,42000,60142,-1872,0,0,0,-8020,0,0,-7036.98
age29-104729,2031/32,35,24,14,8,0,0,17,133,86,387364.68,103472.04,103472.04,0.0,51850,67800,-1872,0,-122,0,-6912,0,1000,-8271.96
age29-104729,2032/33,36,23,13,10,0,0,10,133,87,485747.04,98382.36,98382.36,0.0,44500,69270,-1872,0,-84,0,-6988,0,1000,-7443.64
age29-104729,2033/34,37,22,18,4,0,0,15,144,88,539115.2,53368.16,53368.16,0.0,3960,60118,-1872,0,-38,-1235,-1632,0,450,-6382.84
age29-104729,2034/35,38,19,14,5,0,0,12,136,89,565897.86,26782.66,26782.66,0.0,2590,32876,-1872,0,0,-1335,-1750.68,-360,300,-3665.66
age29-104729,2035/36,39,20,18,2,2,0,14,143,89,609510.35,43612.49,43612.49,0.0,16200,27762,-1872,0,-84,-375,-1436.16,0,450,2967.65
age29-104729,2036/37,40,24,12,10,0,0,17,137,89,663217.15,53706.8,53706.8,0.0,41750,23712,-1443,0,-122,0,-6228,-180,400,-4182.2
age29-104729,2037/38,41,25,15,10,0,0,12,141,88,733191.11,69973.96,69973.96,0.0,31400,50770,-585,0,0,0,-6228,0,1000,-6383.04
age29-104729,2038/39,42,7,2,5,0,0,4,138,87,771794.86,38603.75,38603.75,0.0,0,46401,-1872,0,0,-375,-1632,0,200,-4118.25
age29-104729,2039/40,43,27,20,7,0,0,13,138,86,791399.72,19604.86,19604.86,0.0,4790,23397,-1872,0,-122,-1335,-2001.48,0,200,-3451.66
age29-104729,2040/41,44,17,12,5,0,0,6,132,86,806806.76,15407.04,15407.04,0.0,500,22720,-1872,0,0,-1335,-1853.28,0,200,-2952.68
age29-104729,2041/42,45,24,9,12,0,0,11,128,85,859563.24,52756.48,52756.48,0.0,25600,41934,-1755,0,-84,0,-6098.8,-180,0,-6659.72
age29-104729,2042/43,46,24,13,9,0,0,18,137,84,954731.18,95167.94,95167.94,0.0,46400,61422,-1833,0,-122,0,-5480.64,0,2000,-7218.42
age29-104729,2043/44,47,10,6,4,0,0,5,130,83,1002876.76,48145.58,48145.58,0.0,0,56802,-1872,0,0,-375,-1436.16,-180,200,-4993.26
age29-104729,2044/45,48,14,11,3,1,0,9,142,82,1028318.4,25441.64,25441.64,0.0,9150,19720,-1872,0,0,-375,-1436.16,0,300,-45.2
age29-104729,2045/46,49,16,3,12,0,0,2,135,80,1060585.08,32266.68,32266.68,0.0,9750,34364,-1872,0,-84,0,-6228,0,400,-4063.32
age29-104729,2046/47,50,15,2,12,0,0,1,134,79,1108135.04,47549.96,47549.96,0.0,3500,58520,-1872,0,-38,0,-6228,-180,400,-6552.04
age29-104729,2047/48,51,7,2,5,0,0,0,79,77,1129809.93,21674.89,21674.89,0.0,0,28311,-1872,0,0,-375,-1632,0,-50,-2707.11
age29-104729,2048/49,52,9,4,5,0,0,0,93,75,1141846.37,12036.44,12036.44,0.0,0,17747,-1872,0,0,-375,-1632,0,50,-1881.56
age29-104729,2049/50,53,6,0,6,0,0,0,93,74,1159713.19,17866.82,17866.82,0.0,0,23983,-1872,0,0,-375,-1436.16,0,-50,-2383.02
age29-104729,2050/51,54,7,1,6,0,0,0,69,72,1177666.75,17953.56,17953.56,0.0,0,24287,-1872,0,0,-375,-1632,0,-50,-2404.44
age29-104729,2051/52,55,6,0,6,0,0,0,83,70,1195355.62,17688.87,17688.87,0.0,0,23400,-585,0,-84,-1235,-1632,0,150,-2325.13
age29-104729,2052/53,56,6,0,6,0,0,0,46,68,1208886.56,13530.94,13530.94,0.0,0,19020,-1443,0,0,-375,-1632,0,-50,-1989.06
age29-104729,2053/54,57,6,0,6,0,0,0,42,67,1215267.12,6380.56,6380.56,0.0,0,11748,-1872,0,0,-375,-1632,0,-50,-1438.44
age29-104729,2054/55,58,6,0,6,0,0,0,40,65,1225974.48,10707.36,10707.36,0.0,0,16440,-1872,0,0,-375,-1632,0,-50,-1803.64
age29-104729,2055/56,59,6,0,6,0,0,0,52,63,1236098.12,10123.64,10123.64,0.0,0,15742,-1833,0,0,-375,-1632,0,-50,-1728.36
age29-104729,2056/57,60,8,0,8,0,0,0,39,61,1239575.2,3477.08,3477.08,0.0,0,10140,-1755,0,0,-1335,-2035.68,-180,-50,-1307.24
age29-104729,2057/58,61,8,0,8,0,0,0,38,59,1241075.32,1500.12,1500.12,0.0,0,7800,-1872,0,0,-1335,-2167.8,0,200,-1125.08
age29-104729,2058/59,62,6,0,6,0,0,0,30,56,1244882.49,3807.17,3807.17,0.0,0,8741,-1872,0,0,-375,-1436.16,0,-50,-1200.67
age29-104729,2059/60,63,6,0,6,0,0,0,32,55,1254315.13,9432.64,9432.64,0.0,0,15059,-1872,0,0,-375,-1632,0,-50,-1697.36
age29-104729,2060/61,64,6,0,6,0,0,0,28,52,1267125.21,12810.08,12810.08,0.0,0,18736,-1872,0,-38,-375,-1632,0,-50,-1958.92
age29-104729,2061/62,65,7,1,6,0,0,0,21,50,1279375.42,12250.21,12250.21,0.0,0,17978,-1872,0,-84,-375,-1436.16,0,-50,-1910.63
age29-130363,2026/27,30,19,7,12,0,0,4,131,77,50269.43,42269.43,42269.43,0.0,18000,29604,-7014,0,-8782,0,-6152,0,1400.0,15213.43
age29-130363,2027/28,31,22,11,10,0,0,4,118,80,123651.8,73382.37,73382.37,0.0,28950,53851,-1794,0,-84,0,-5503.44,0,0,-2037.19
age29-130363,2028/29,32,15,13,2,0,0,10,138,82,164228.64,40576.84,40576.84,0.0,350,49579,-1872,0,0,-1235,-1283.28,0,50,-5011.88
age29-130363,2029/30,33,21,9,11,0,0,6,136,84,217678.23,53449.59,53449.59,0.0,19150,46905,-1872,0,-38,0,-6288.8,0,2000,-6406.61
age29-130363,2030/31,34,24,11,13,0,0,7,133,85,300196.62,82518.39,82518.39,0.0,31150,66921,-1872,0,-84,0,-5514.84,-180,400,-8301.77
age29-130363,2031/32,35,23,21,2,2,0,14,138,86,374563.24,74366.62,74366.62,0.0,18150,54700,-1872,0,-38,-375,-1436.16,0,450,4787.78
age29-130363,2032/33,36,23,12,11,0,0,12,138,87,417711.84,43148.6,43148.6,0.0,24350,28288,-1872,0,-84,0,-5564.24,0,2000,-3969.16
age29-130363,2033/34,37,29,18,10,0,0,17,136,88,510622.22,92910.38,92910.38,0.0,49600,57934,-1872,0,-122,0,-6159.6,-180,1000,-7290.02
age29-130363,2034/35,38,10,7,3,0,0,3,142,89,558337.2,47714.98,47714.98,0.0,0,56842,-1872,0,0,-1235,-1185.36,0,450,-5284.66
age29-130363,2035/36,39,24,12,10,0,0,14,139,89,604951.86,46614.66,46614.66,0.0,30800,27788,-1872,0,-84,0,-6323,-360,2000,-5334.34
age29-130363,2036/37,40,41,30,10,0,0,24,144,89,753305.06,148353.2,148353.2,0.0,106100,59451,-1872,0,-122,0,-6801.8,-720,400,-8082.0
age29-130363,2037/38,41,26,13,12,0,0,10,142,88,838232.15,84927.09,84927.09,0.0,34250,66479,-1872,0,-84,0,-6392.64,0,0,-7453.27
age29-130363,2038/39,42,18,7,11,0,0,10,142,87,910786.79,72554.64,72554.64,0.0,19650,66401,-1872,0,-38,0,-5962,0,2000,-7624.36
age29-130363,2039/40,43,16,12,4,1,0,15,136,86,975580.57,64793.78,64793.78,0.0,9600,57883,-1872,0,-84,-375,-1436.16,0,200,877.94
age29-130363,2040/41,44,27,12,12,0,0,16,135,85,1028746.37,53165.8,53165.8,0.0,32500,31836,-156,0,0,0,-5480.64,-180,1000,-6353.56
age29-130363,2041/42,45,21,8,12,0,0,9,145,85,1097277.12,68530.75,68530.75,0.0,17500,64288,-1755,0,-122,0,-5480.64,-360,2000,-7539.61
age29-130363,2042/43,46,10,5,5,0,0,4,142,83,1149483.72,52206.6,52206.6,0.0,62.5,61330,-1833,0,0,-375,-1632,0,-50,-5295.9
age29-130363,2043/44,47,12,8,4,0,0,5,147,82,1172108.2,22624.48,22624.48,0.0,540,29088,-1872,0,0,-375,-1632,0,-50,-3074.52
age29-130363,2044/45,48,7,3,4,0,0,2,118,81,1189960.14,17851.94,17851.94,0.0,0,23692,-1872,0,0,-375,-1499.88,-180,450,-2363.18
age29-130363,2045/46,49,7,2,5,0,0,1,126,79,1206917.3,16957.16,16957.16,0.0,0,23832,-1872,0,-84,-1235,-1470.36,0,200,-2413.48
age29-130363,2046/47,50,10,3,7,0,0,0,85,78,1217656.88,10739.58,10739.58,0.0,0,17896,-1872,0,0,-1335,-2001.48,0,-50,-1897.94
age29-130363,2047/48,51,7,2,5,0,0,0,86,76,1232514.12,14857.24,14857.24,0.0,0,20443,-1872,0,0,-375,-1436.16,0,200,-2102.6
age29-130363,2048/49,52,8,2,6,0,0,0,64,74,1248415.35,15901.23,15901.23,0.0,0,21674,-1872,0,-38,-375,-1436.16,0,200,-2251.61
age29-130363,2049/50,53,6,0,6,0,0,0,49,72,1264738.41,16323.06,16323.06,0.0,0,22243,-1872,0,0,-375,-1632,0,200,-2240.94
age29-130363,2050/51,54,8,3,5,0,0,0,75,71,1279587.84,14849.43,14849.43,0.0,0,20883,-1872,0,0,-375,-1632,0,50,-2204.57
age29-130363,2051/52,55,8,0,8,0,0,0,44,69,1287503.91,7916.07,7916.07,0.0,0,14939,-1872,0,0,-1335,-2202,0,50,-1663.93
age29-130363,2052/53,56,6,1,5,0,0,0,43,66,1292688.48,5184.57,5184.57,0.0,0,10492,-1872,0,0,-375,-1499.88,-180,-50,-1330.55
age29-130363,2053/54,57,6,0,6,0,0,0,32,65,1307142.34,14453.86,14453.86,0.0,0,20354,-1872,0,-84,-375,-1436.16,0,-50,-2082.98
age29-130363,2054/55,58,6,0,6,0,0,0,56,63,1322409.48,15267.14,15267.14,0.0,0,20914,-1443,0,0,-375,-1632,0,-50,-2146.86
age29-130363,2055/56,59,6,0,6,0,0,0,38,60,1336435.14,14025.66,14025.66,0.0,0,18486,-546,0,0,-375,-1632,0,50,-1957.34
age29-130363,2056/57,60,8,0,8,0,0,0,37,58,1349003.26,12568.12,12568.12,0.0,0,20068,-1755,0,0,-1335,-1937.76,-360,-50,-2062.12
age29-130363,2057/58,61,8,0,8,0,0,0,33,55,1352392.9,3389.64,3389.64,0.0,0,9960,-1872,0,0,-1335,-2001.48,0,-50,-1311.88
age29-130363,2058/59,62,7,1,6,0,0,0,30,52,1358196.32,5803.42,5803.42,0.0,0,10920,-1872,0,0,-375,-1436.16,0,-50,-1383.42
age29-130363,2059/60,63,6,0,6,0,0,0,38,50,1370317.4,12121.08,12121.08,0.0,0,17981,-1872,0,0,-375,-1632,0,-50,-1930.92
age29-130363,2060/61,64,6,0,6,0,0,0,20,48,1383822.84,13505.44,13505.44,0.0,0,19260,-1872,0,0,-375,-1436.16,0,-50,-2021.4
age29-130363,2061/62,65,6,0,6,0,0,0,21,45,1394807.61,10984.77,10984.77,0.0,0,16679,-1872,0,0,-375,-1568.28,0,-50,-1828.95
age31-104729,2026/27,32,18,5,13,0,0,0,92,77,41627.48,33627.48,33627.48,0.0,9250,28746,-7014,0,-8782,0,-6152,0,1400,16179.48
age31-104729,2027/28,33,18,5,12,0,0,2,135,80,96793.97,55166.49,55166.49,0.0,12250,49898,-3158,0,0,0,-6193.8,0,0,2370.29
age31-104729,2028/29,34,15,13,2,0,0,7,136,82,132146.86,35352.89,35352.89,0.0,540,43555,-1872,0,-84,-1235,-1283.28,0,200,-4467.83
age31-104729,2029/30,35,29,17,11,0,0,10,135,84,193352.07,61205.21,61205.21,0.0,45850,27479,-1872,0,-122,0,-6228,0,2000,-5901.79
age31-104729,2030/31,36,25,13,10,0,0,11,133,85,318927.46,125575.39,125575.39,0.0,80150,60028,-1872,0,0,0,-6418,0,2000,-8312.61
age31-104729,2031/32,37,26,15,11,0,0,11,139,86,446891.56,127964.1,127964.1,0.0,75000,68300,-1872,0,-122,0,-7178,-180,2000,-7983.9
age31-104729,2032/33,38,25,14,9,0,0,13,144,87,618619.34,171727.78,171727.78,0.0,117200,70656,-1872,0,-84,0,-7273,0,1000,-7899.22
age31-104729,2033/34,39,33,22,10,0,0,22,141,87,792088.76,173469.42,173469.42,0.0,118950,72188,-1872,0,-122,0,-7558,0,1000,-9116.58
age31-104729,2034/35,40,38,28,9,1,0,28,141,88,1206683.16,414594.4,414594.4,0.0,289350,138158,-1872,0,-122,0,-9121,0,2000,-3798.6
age31-104729,2035/36,41,34,20,12,1,0,19,141,88,1627957.7,421274.54,421274.54,0.0,248550,180557,-1872,0,-84,0,-8453.28,0,2000,576.82
age31-104729,2036/37,42,32,16,15,1,0,22,141,87,2156789.54,528831.84,528831.84,0.0,356750,181012,-1443,0,-122,0,-8620.48,-360,0,1615.32
age31-104729,2037/38,43,24,11,11,0,0,11,141,87,2393160.02,236370.48,236370.48,0.0,91250,168433,-585,0,-122,0,-8026.48,0,1000,-15579.04
age31-104729,2038/39,44,41,27,13,1,0,30,142,86,3031899.38,638739.36,638739.36,0.0,466900,180388,-1872,0,-122,0,-9289.28,-540,2000,1274.64
age31-104729,2039/40,45,25,10,13,0,0,9,135,85,3378273.48,346374.1,346374.1,0.0,149000,229632,-1872,0,-84,0,-8369.68,0,1400,-23332.22
age31-104729,2040/41,46,27,11,14,0,0,11,136,84,3632835.24,254561.76,254561.76,0.0,81450,202276,-1872,0,-38,0,-7775.68,0,400,-19878.56
age31-104729,2041/42,47,29,16,12,0,0,15,145,83,3852757.83,219922.59,219922.59,0.0,98450,143101,-1755,0,-84,0,-6233.04,-180,1400,-14776.37
age31-104729,2042/43,48,22,8,12,0,0,5,131,82,3951626.86,98869.03,98869.03,0.0,37500,78272,-1833,0,-84,0,-6233.04,-180,0,-8572.93
age31-104729,2043/44,49,16,4,11,0,0,2,128,80,4018657.88,67031.02,67031.02,0.0,11750,69023,-1872,0,-38,0,-5765.64,0,400,-6466.34
age31-104729,2044/45,50,18,12,6,0,0,4,133,79,4079615.19,60957.31,60957.31,0.0,5210,66451,-1872,0,-84,-375,-1632,-360,-50,-6330.69
age31-104729,2045/46,51,6,0,6,0,0,0,72,77,4101481.39,21866.2,21866.2,0.0,0,29039,-1872,0,0,-1235,-1499.88,0,200,-2765.92
age31-104729,2046/47,52,10,3,7,0,0,1,104,76,4116460.72,14979.33,14979.33,0.0,0,22637,-1872,0,0,-1335,-2006.16,-180,50,-2314.51
age31-104729,2047/48,53,7,2,5,0,0,1,109,74,4133181.6,16720.88,16720.88,0.0,0,22825,-1872,0,0,-375,-1632,0,50,-2275.12
age31-104729,2048/49,54,8,3,5,0,0,0,79,72,4142511.4,9329.8,9329.8,0.0,0,15072,-1872,0,0,-375,-1632,0,-50,-1813.2
age31-104729,2049/50,55,6,1,5,0,0,0,49,71,4145834.32,3322.92,3322.92,0.0,0,8424,-1872,0,0,-375,-1632,0,-50,-1172.08
age31-104729,2050/51,56,6,0,6,0,0,0,49,68,4149141.84,3307.52,3307.52,0.0,0,8308,-1872,0,0,-375,-1632,0,50,-1171.48
age31-104729,2051/52,57,9,2,7,0,0,0,55,67,4152083.36,2941.52,2941.52,0.0,0,8476,-585,0,-122,-1335,-2001.48,-180,-50,-1261
age31-104729,2052/53,58,6,0,6,0,0,0,53,65,4155845.89,3762.53,3762.53,0.0,0,8567,-1443,0,0,-375,-1568.28,-180,-50,-1188.19
age31-104729,2053/54,59,7,1,6,0,0,0,41,63,4165084.16,9238.27,9238.27,0.0,0,14737,-1872,0,0,-375,-1632,0,50,-1669.73
age31-104729,2054/55,60,6,0,6,0,0,0,53,60,4179870.35,14786.19,14786.19,0.0,0,20848,-1872,0,0,-375,-1632,0,-50,-2132.81
age31-104729,2055/56,61,6,1,5,0,0,0,32,59,4197320.56,17450.21,17450.21,0.0,0,23677,-1833,0,0,-375,-1632,0,-50,-2336.79
age31-104729,2056/57,62,8,0,8,0,0,0,29,57,4208524.31,11203.75,11203.75,0.0,0,18278,-1755,0,0,-1335,-2006.16,0,-50,-1928.09
age31-104729,2057/58,63,4,0,4,0,0,0,32,54,4215664.78,7140.47,7140.47,0.0,0,22106,-1872,0,0,-275,-1136.08,-180,50,-11552.45
age31-104729,2058/59,64,6,0,6,0,0,0,15,52,4224928.1,9263.32,9263.32,0.0,0,22277,-1872,0,0,-375,-1219.68,0,-50,-9497.0
age31-104729,2059/60,65,6,0,6,0,0,0,38,50,4237574.3,12646.2,12646.2,0.0,0,18512,-1872,0,0,-375,-1632,0,-50,-1936.8
age31-130363,2026/27,32,19,6,13,0,0,0,99,77,48859.43,40859.43,40859.43,0.0,14250,29604,-5054,0,-8782,0,-6152,-180,2000.0,15173.43
age31-130363,2027/28,33,22,10,10,0,0,2,109,80,111531.95,62672.52,62672.52,0.0,21600,50701,-3158,0,0,0,-5808.84,0,0,-661.64
age31-130363,2028/29,34,15,12,3,0,0,9,129,82,153831.68,42299.73,42299.73,0.0,540,50711,-1872,0,-84,-1235,-1185.36,0,450,-5024.91
age31-130363,2029/30,35,25,12,13,0,0,9,142,84,220017.66,66185.98,66185.98,0.0,35450,44533,-1872,0,-38,0,-6288.8,0,1000,-6598.22
age31-130363,2030/31,36,27,16,9,0,0,10,134,85,316015.18,95997.52,95997.52,0.0,43900,66975,-1872,0,-84,0,-5872.04,-180,2000,-8869.44
age31-130363,2031/32,37,11,9,2,0,0,7,135,86,364647.82,48632.64,48632.64,0.0,0,58068,-1872,0,0,-1235,-1185.36,0,200,-5343.0
age31-130363,2032/33,38,26,12,13,0,0,13,139,86,410008.26,45360.44,45360.44,0.0,28100,28600,-1872,0,-122,0,-5564.24,-180,1000,-4601.32
age31-130363,2033/34,39,24,13,11,0,0,15,139,87,520670.98,110662.72,110662.72,0.0,68400,54952,-1872,0,-84,0,-5647.84,-360,2000,-6725.44
age31-130363,2034/35,40,14,9,5,0,0,6,137,88,566523.14,45852.16,45852.16,0.0,3960,51358,-1872,0,-38,-1235,-1470.36,0,200,-5050.48
age31-130363,2035/36,41,17,13,4,1,0,10,142,88,596480.1,29956.96,29956.96,0.0,6962.5,27098,-1872,0,0,-375,-1917,-180,200,40.46
age31-130363,2036/37,42,18,14,4,0,0,9,135,87,615556.28,19076.18,19076.18,0.0,1540,24382,-1872,0,-84,-375,-1632,-180,200,-2902.82
age31-130363,2037/38,43,15,11,4,0,0,7,134,86,635411.92,19855.64,19855.64,0.0,1565,23316,-585,0,0,-375,-1499.88,0,200,-2765.48
age31-130363,2038/39,44,19,16,3,1,0,4,138,86,654080.75,18668.83,18668.83,0.0,7440,15298,-1443,0,-38,-375,-1436.16,-180,150,-747.01
age31-130363,2039/40,45,10,5,5,0,0,1,129,84,668950.8,14870.05,14870.05,0.0,0,21489,-1872,0,-84,-1235,-1436.16,0,450,-2441.79
age31-130363,2040/41,46,14,7,7,0,0,4,142,83,686761.97,17811.17,17811.17,0.0,1200,24792,-1872,0,0,-1335,-2074.56,-180,200,-2919.27
age31-130363,2041/42,47,8,3,5,0,0,3,145,82,705423.48,18661.51,18661.51,0.0,0,24619,-1755,0,0,-375,-1499.88,0,200,-2527.61
age31-130363,2042/43,48,9,4,5,0,0,1,118,81,714317.3,8893.82,8893.82,0.0,0,13990,-1833,0,0,-375,-1436.16,0,200,-1652.02
age31-130363,2043/44,49,6,1,5,0,0,0,78,80,729905.4,15588.1,15588.1,0.0,0,21500,-1872,0,0,-375,-1436.16,0,-50,-2178.74
age31-130363,2044/45,50,11,7,4,0,0,2,132,78,739850.48,9945.08,9945.08,0.0,62.5,15764,-1872,0,0,-375,-1568.28,-180,-50,-1836.14
age31-130363,2045/46,51,7,2,5,0,0,0,73,76,752392.56,12542.08,12542.08,0.0,0,19848,-1872,0,-84,-1235,-1632,-360,-50,-2072.92
age31-130363,2046/47,52,9,1,8,0,0,0,94,74,768052.12,15659.56,15659.56,0.0,0,23432,-1872,0,0,-1335,-2001.48,-180,-50,-2333.96
age31-130363,2047/48,53,6,1,5,0,0,0,70,72,785283.0,17230.88,17230.88,0.0,0,23231,-1872,0,-38,-375,-1436.16,0,50,-2328.96
age31-130363,2048/49,54,6,1,5,0,0,0,49,70,799555.43,14272.43,14272.43,0.0,0,20083,-1872,0,0,-375,-1436.16,0,-50,-2077.41
age31-130363,2049/50,55,6,0,6,0,0,0,45,69,811335.99,11780.56,11780.56,0.0,0,17600,-1872,0,0,-375,-1632,0,-50,-1890.44
age31-130363,2050/51,56,6,1,5,0,0,0,46,67,823118.6,11782.61,11782.61,0.0,0,17484,-1872,0,0,-375,-1632,0,50,-1872.39
age31-130363,2051/52,57,8,1,7,0,0,0,64,65,831651.56,8532.96,8532.96,0.0,0,15116,-1443,0,0,-1335,-2069.88,0,-50,-1685.16
age31-130363,2052/53,58,6,0,6,0,0,0,41,63,838257.56,6606.0,6606.0,0.0,0,10582,-585,0,0,-375,-1632,0,-50,-1334.0
age31-130363,2053/54,59,7,1,6,0,0,0,60,61,852606.94,14349.38,14349.38,0.0,0,19882,-1872,0,0,-375,-1436.16,0,200,-2049.46
age31-130363,2054/55,60,6,0,6,0,0,0,23,58,870866.6,18259.66,18259.66,0.0,0,24542,-1872,0,0,-375,-1568.28,0,-50,-2417.06
age31-130363,2055/56,61,6,0,6,0,0,0,37,55,887274.84,16408.24,16408.24,0.0,0,22440,-1833,0,-84,-375,-1436.16,0,-50,-2253.6
age31-130363,2056/57,62,8,0,8,0,0,0,26,53,896248.56,8973.72,8973.72,0.0,0,15900,-1755,0,0,-1335,-2138.28,0,50,-1748.0
age31-130363,2057/58,63,9,1,8,0,0,0,25,50,901378.26,5129.7,5129.7,0.0,0,12222,-1872,0,0,-1335,-2001.48,-360,-50,-1473.82
age31-130363,2058/59,64,6,0,6,0,0,0,20,48,918742.96,17364.7,17364.7,0.0,0,23426,-1872,0,0,-375,-1436.16,0,-50,-2328.14
age31-130363,2059/60,65,6,0,6,0,0,0,13,45,928585.5,9842.54,9842.54,0.0,0,15431,-1872,0,0,-375,-1568.28,0,-50,-1723.18
age32-104729,2026/27,33,18,5,13,0,0,0,92,77,41627.48,33627.48,33627.48,0.0,9250,28746,-7014,0,-8782,0,-6152,0,1400,16179.48
age32-104729,2027/28,34,18,5,12,0,0,2,135,80,96793.97,55166.49,55166.49,0.0,12250,49898,-3158,0,0,0,-6193.8,0,0,2370.29
age32-104729,2028/29,35,15,13,2,0,0,7,136,82,132146.86,35352.89,35352.89,0.0,540,43555,-1872,0,-84,-1235,-1283.28,0,200,-4467.83
age32-104729,2029/30,36,24,13,10,0,0,13,142,83,181246.07,49099.21,49099.21,0.0,33400,27479,-1872,0,-38,0,-6228,-180,2000,-5461.79
age32-104729,2030/31,37,27,14,13,0,0,15,136,84,272592.46,91346.39,91346.39,0.0,45350,60028,-1872,0,-84,0,-6608,0,2000,-7467.61
age32-104729,2031/32,38,23,19,4,0,0,8,120,86,316703.18,44110.72,44110.72,0.0,5210,48564,-1872,0,-84,-1235,-1499.88,0,450,-5422.4
age32-104729,2032/33,39,23,12,11,0,0,12,140,86,385455.76,68752.58,68752.58,0.0,34850,44956,-1872,0,-38,0,-5564.24,0,2000,-5579.18
age32-104729,2033/34,40,32,20,10,1,0,15,141,87,516884.4,131428.64,131428.64,0.0,80000,62580,-1872,0,-122,0,-6248.24,0,0,-2909.12
age32-104729,2034/35,41,30,18,11,0,0,18,140,87,663388.48,146504.08,146504.08,0.0,98300,64052,-1872,0,-84,0,-7083,-180,1400,-8028.92
age32-104729,2035/36,42,29,15,11,0,0,11,137,86,803124.72,139736.24,139736.24,0.0,89600,69051,-1872,0,-122,0,-6576.24,0,1400,-11744.52
age32-104729,2036/37,43,21,9,10,0,0,9,137,86,898409.77,95285.05,95285.05,0.0,43850,66754,-1443,0,-84,0,-6741,0,800,-7850.95
age32-104729,2037/38,44,20,15,5,0,0,7,143,85,946693.49,48283.72,48283.72,0.0,2100,54033,-585,0,0,-375,-1568.28,-180,200,-5341.0
age32-104729,2038/39,45,10,5,5,0,0,0,99,84,966856.13,20162.64,20162.64,0.0,125,26700,-1872,0,-38,-375,-1632,-360,300,-2685.36
age32-104729,2039/40,46,11,6,5,0,0,3,133,83,982643.4,15787.27,15787.27,0.0,0,23145,-1872,0,0,-1235,-1632,0,50,-2668.73
age32-104729,2040/41,47,15,9,6,0,0,4,111,82,999563.78,16920.38,16920.38,0.0,600,24445,-1872,0,-84,-1335,-2202,0,300,-2931.62
age32-104729,2041/42,48,10,6,4,0,0,0,83,80,1017325.4,17761.62,17761.62,0.0,350,23640,-1755,0,0,-375,-1436.16,-180,50,-2532.22
age32-104729,2042/43,49,10,4,6,0,0,0,99,79,1035323.66,17998.26,17998.26,0.0,750,23388,-1833,0,0,-375,-1632,-180,300,-2419.74
age32-104729,2043/44,50,6,0,6,0,0,0,58,78,1051934.9,16611.24,16611.24,0.0,0,22496,-1872,0,0,-375,-1436.16,0,50,-2251.6
age32-104729,2044/45,51,8,3,5,0,0,1,132,76,1062682.56,10747.66,10747.66,0.0,0,16432,-1872,0,0,-375,-1632,0,50,-1855.34
age32-104729,2045/46,52,8,3,5,0,0,0,99,75,1077102.44,14419.88,14419.88,0.0,0,21408,-1872,0,0,-1235,-1499.88,-180,50,-2251.24
age32-104729,2046/47,53,8,0,8,0,0,0,65,73,1094337.56,17235.12,17235.12,0.0,0,25006,-1872,0,-122,-1335,-1937.76,0,-50,-2454.12
age32-104729,2047/48,54,7,1,6,0,0,0,51,71,1112481.13,18143.57,18143.57,0.0,0,24261,-1872,0,0,-375,-1436.16,0,-50,-2384.27
age32-104729,2048/49,55,7,1,6,0,0,0,57,70,1129901.65,17420.52,17420.52,0.0,0,23769,-1872,0,0,-375,-1632,0,-50,-2419.48
age32-104729,2049/50,56,7,1,6,0,0,0,33,67,1143003.29,13101.64,13101.64,0.0,0,18797,-1872,0,0,-375,-1436.16,0,-50,-1962.2
age32-104729,2050/51,57,7,1,6,0,0,0,56,66,1156174.41,13171.12,13171.12,0.0,0,19103,-1872,0,0,-375,-1632,0,-50,-2002.88
age32-104729,2051/52,58,6,0,6,0,0,0,46,64,1172526.2,16351.79,16351.79,0.0,0,21982,-585,0,0,-1235,-1632,0,50,-2228.21
age32-104729,2052/53,59,7,1,6,0,0,0,39,62,1190308.74,17782.54,17782.54,0.0,0,23628,-1443,0,0,-375,-1632,0,-50,-2345.46
age32-104729,2053/54,60,6,0,6,0,0,0,43,60,1203069.84,12761.1,12761.1,0.0,0,18434,-1872,0,0,-375,-1436.16,0,-50,-1939.74
age32-104729,2054/55,61,6,0,6,0,0,0,47,58,1215433.26,12363.42,12363.42,0.0,0,18168,-1872,0,0,-375,-1568.28,0,-50,-1939.3
age32-104729,2055/56,62,7,1,6,0,0,0,25,56,1226745.32,11312.06,11312.06,0.0,0,17028,-1833,0,0,-375,-1632,0,-50,-1825.94
age32-104729,2056/57,63,7,1,6,0,0,0,31,53,1240853.52,14108.2,14108.2,0.0,0,21204,-1755,0,-84,-1235,-1632,-180,-50,-2159.8
age32-104729,2057/58,64,8,0,8,0,0,0,42,51,1256081.52,15228.0,15228.0,0.0,0,23158,-1872,0,0,-1335,-2167.8,-180,-50,-2325.2
age32-104729,2058/59,65,6,0,6,0,0,0,26,49,1273402.42,17320.9,17320.9,0.0,0,23292,-1872,0,0,-375,-1436.16,0,50,-2337.94
age32-130363,2026/27,33,19,6,13,0,0,0,99,77,48859.43,40859.43,40859.43,0.0,14250,29604,-5054,0,-8782,0,-6152,-180,2000.0,15173.43
age32-130363,2027/28,34,22,10,10,0,0,2,109,80,111531.95,62672.52,62672.52,0.0,21600,50701,-3158,0,0,0,-5808.84,0,0,-661.64
age32-130363,2028/29,35,15,12,3,0,0,9,129,82,153831.68,42299.73,42299.73,0.0,540,50711,-1872,0,-84,-1235,-1185.36,0,450,-5024.91
age32-130363,2029/30,36,24,11,13,0,0,6,142,83,215268.46,61436.78,61436.78,0.0,30450,44533,-1872,0,-38,0,-6288.8,0,1000,-6347.42
age32-130363,2030/31,37,21,10,11,0,0,6,136,84,293589.62,78321.16,78321.16,0.0,25100,66933,-1872,0,-84,0,-5514.84,-180,2000,-8061.0
age32-130363,2031/32,38,11,7,4,0,0,7,134,85,341401.6,47811.98,47811.98,0.0,0,57612,-1872,0,0,-1235,-1436.16,0,-50,-5206.86
age32-130363,2032/33,39,20,17,3,0,0,8,138,86,363591.64,22190.04,22190.04,0.0,2190,27976,-1872,0,-122,-1335,-1436.16,0,200,-3410.8
age32-130363,2033/34,40,20,7,12,0,0,9,136,87,441502.04,77910.4,77910.4,0.0,37750,53088,-1872,0,0,0,-5834.04,-180,1400,-6441.56
age32-130363,2034/35,41,20,9,10,0,0,13,139,87,518317.4,76815.36,76815.36,0.0,27250,63810,-1872,0,-122,0,-6228,0,800,-6822.64
age32-130363,2035/36,42,21,19,2,2,0,7,142,86,583771.8,65454.4,65454.4,0.0,10750,52901,-1872,0,0,-375,-1436.16,-180,300,5366.56
age32-130363,2036/37,43,21,10,11,0,0,9,136,85,646724.0,62952.2,62952.2,0.0,23750,53073,-1872,0,-84,0,-5583.24,-360,0,-5971.56
age32-130363,2037/38,44,20,7,12,0,0,9,140,84,723448.68,76724.68,76724.68,0.0,26250,63892,-585,0,-122,0,-6228,0,0,-6482.32
age32-130363,2038/39,45,17,13,4,0,0,5,123,83,775585.17,52136.49,52136.49,0.0,2150,59070,-1443,0,0,-375,-1632,0,-50,-5583.51
age32-130363,2039/40,46,9,4,5,0,0,2,130,82,796964.11,21378.94,21378.94,0.0,0,28605,-1872,0,0,-1235,-1499.88,0,200,-2819.18
age32-130363,2040/41,47,10,4,6,0,0,1,138,81,814783.96,17819.85,17819.85,0.0,0,25452,-1872,0,0,-1335,-2074.56,0,200,-2550.59
age32-130363,2041/42,48,7,1,6,0,0,0,66,80,832681.36,17897.4,17897.4,0.0,0,24097,-1755,0,0,-375,-1632,0,-50,-2387.6
age32-130363,2042/43,49,6,0,6,0,0,0,69,78,843968.52,11287.16,11287.16,0.0,0,17066,-1833,0,0,-375,-1499.88,-180,-50,-1840.96
age32-130363,2043/44,50,6,0,6,0,0,0,72,76,856299.58,12331.06,12331.06,0.0,0,18076,-1872,0,-84,-375,-1436.16,0,-50,-1927.78
age32-130363,2044/45,51,6,1,5,0,0,0,71,75,866894.64,10595.06,10595.06,0.0,0,16564,-1872,0,0,-375,-1499.88,-360,-50,-1812.06
age32-130363,2045/46,52,9,3,6,0,0,0,71,72,878938.68,12044.04,12044.04,0.0,0,19440,-1872,0,0,-1335,-2006.16,-360,200,-2022.8
age32-130363,2046/47,53,8,0,8,0,0,0,66,71,892239.02,13300.34,13300.34,0.0,0,20616,-1872,0,-38,-1335,-2065.2,-180,300,-2125.46
age32-130363,2047/48,54,6,1,5,0,0,0,58,69,909794.49,17555.47,17555.47,0.0,0,23640,-1872,0,0,-375,-1436.16,0,-50,-2351.37
age32-130363,2048/49,55,6,0,6,0,0,0,29,68,920248.61,10454.12,10454.12,0.0,0,16085,-1872,0,0,-375,-1568.28,0,-50,-1765.6
age32-130363,2049/50,56,6,1,5,0,0,0,43,66,926444.71,6196.1,6196.1,0.0,0,11542,-1872,0,0,-375,-1632,0,-50,-1416.9
age32-130363,2050/51,57,6,1,5,0,0,0,51,64,936177.4,9732.69,9732.69,0.0,0,15371,-1872,0,0,-375,-1632,0,-50,-1709.31
age32-130363,2051/52,58,8,0,8,0,0,0,41,61,944698.84,8521.44,8521.44,0.0,0,15104,-1443,0,0,-1335,-2069.88,0,-50,-1684.68
age32-130363,2052/53,59,6,1,5,0,0,0,41,59,951220.84,6522.0,6522.0,0.0,0,10582,-585,0,-84,-375,-1632,0,-50,-1334.0
age32-130363,2053/54,60,6,0,6,0,0,0,40,57,965255.62,14034.78,14034.78,0.0,0,20002,-1872,0,0,-375,-1436.16,-180,-50,-2054.06
age32-130363,2054/55,61,6,0,6,0,0,0,22,54,975957.72,10702.1,10702.1,0.0,0,16348,-1872,0,0,-375,-1568.28,0,-50,-1780.62
age32-130363,2055/56,62,6,0,6,0,0,0,27,51,986492.6,10534.88,10534.88,0.0,0,16106,-1833,0,0,-375,-1632,0,50,-1781.12
age32-130363,2056/57,63,8,0,8,0,0,0,38,49,995480.04,8987.44,8987.44,0.0,0,15892,-1755,0,0,-1335,-2001.48,0,-50,-1763.08
age32-130363,2057/58,64,8,0,8,0,0,0,15,47,998865.0,3384.96,3384.96,0.0,0,9950,-1872,0,0,-1335,-2006.16,0,-50,-1301.88
age32-130363,2058/59,65,6,0,6,0,0,0,34,44,1003324.48,4459.48,4459.48,0.0,0,9643,-1872,0,0,-375,-1632,0,-50,-1254.52
age33-104729,2026/27,34,18,5,13,0,0,0,92,77,41627.48,33627.48,33627.48,0.0,9250,28746,-7014,0,-8782,0,-6152,0,1400,16179.48
age33-104729,2027/28,35,18,5,12,0,0,2,135,80,96793.97,55166.49,55166.49,0.0,12250,49898,-3158,0,0,0,-6193.8,0,0,2370.29
age33-104729,2028/29,36,15,13,2,0,0,7,136,82,132146.86,35352.89,35352.89,0.0,540,43555,-1872,0,-84,-1235,-1283.28,0,200,-4467.83
age33-104729,2029/30,37,25,13,11,0,0,7,130,83,179326.07,47179.21,47179.21,0.0,32000,27479,-1872,0,-38,0,-6228,-360,1400,-5201.79
age33-104729,2030/31,38,27,16,10,0,0,8,134,84,263637.46,84311.39,84311.39,0.0,38850,60028,-1872,0,-84,0,-6418,-180,2000,-8012.61
age33-104729,2031/32,39,21,18,3,1,0,12,138,85,319814.4,56176.94,56176.94,0.0,11100,48840,-1872,0,-122,-375,-1499.88,0,300,-194.18
age33-104729,2032/33,40,26,13,10,0,0,13,143,86,379850.74,60036.34,60036.34,0.0,28000,45124,-1872,0,0,0,-5564.24,-180,400,-5871.42
age33-104729,2033/34,41,32,17,10,1,0,26,139,86,587952.7,208101.96,208101.96,0.0,154450,62366,-1872,0,-122,0,-6996.84,-180,2000,-1543.2
age33-104729,2034/35,42,24,12,10,0,0,20,142,85,727574.06,139621.36,139621.36,0.0,91200,63836,-1872,0,-84,0,-7843,-180,2000,-7435.64
age33-104729,2035/36,43,26,14,12,1,0,7,138,84,913510.16,185936.1,185936.1,0.0,125350,70487,-1872,0,-122,0,-6659.84,-180,2000,-3067.06
age33-104729,2036/37,44,11,7,4,0,0,7,140,83,961222.91,47712.75,47712.75,0.0,0,55645,-1443,0,0,-375,-1632,0,450,-4932.25
age33-104729,2037/38,45,10,6,4,0,0,0,99,83,984060.03,22837.12,22837.12,0.0,0,28432,-585,0,0,-375,-1632,0,-50,-2952.88
age33-104729,2038/39,46,8,3,5,0,0,1,112,82,1002240.62,18180.59,18180.59,0.0,0,24425,-1872,0,0,-375,-1632,0,50,-2415.41
age33-104729,2039/40,47,9,5,4,0,0,2,133,80,1018358.68,16118.06,16118.06,0.0,0,22973,-1872,0,0,-1235,-1632,0,300,-2415.94
age33-104729,2040/41,48,10,4,6,0,0,2,129,79,1034958.87,16600.19,16600.19,0.0,0,23112,-1872,0,-84,-375,-1822,0,50,-2408.81
age33-104729,2041/42,49,8,3,5,0,0,0,74,78,1046141.22,11182.35,11182.35,0.0,0,16814,-1755,0,0,-375,-1632,0,-50,-1819.65
age33-104729,2042/43,50,6,1,5,0,0,0,85,76,1060622.3,14481.08,14481.08,0.0,0,20202,-1833,0,0,-375,-1632,0,200,-2080.92
age33-104729,2043/44,51,6,1,5,0,0,1,132,75,1073006.8,12384.5,12384.5,0.0,0,17860,-1872,0,0,-375,-1632,0,300,-1896.5
age33-104729,2044/45,52,8,3,5,0,0,0,60,73,1085339.9,12333.1,12333.1,0.0,0,18260,-1872,0,-38,-375,-1436.16,-180,-50,-1975.74
age33-104729,2045/46,53,7,2,5,0,0,0,80,71,1100347.52,15007.62,15007.62,0.0,0,21972,-1872,0,0,-1235,-1499.88,0,-50,-2307.5
age33-104729,2046/47,54,8,1,7,0,0,0,48,70,1114069.66,13722.14,13722.14,0.0,0,19788,-1872,0,0,-375,-1626.16,0,-50,-2142.7
age33-104729,2047/48,55,6,0,6,0,0,0,47,69,1126127.02,12057.36,12057.36,0.0,0,17912,-1872,0,0,-375,-1632,0,-50,-1925.64
age33-104729,2048/49,56,6,0,6,0,0,0,56,67,1141588.4,15461.38,15461.38,0.0,0,21597,-1872,0,0,-375,-1632,0,-50,-2206.62
age33-104729,2049/50,57,6,0,6,0,0,0,48,65,1151179.08,9590.68,9590.68,0.0,0,15107,-1872,0,-84,-375,-1436.16,0,-50,-1699.16
age33-104729,2050/51,58,7,1,6,0,0,0,46,63,1159417.52,8238.44,8238.44,0.0,0,13757,-1872,0,0,-375,-1632,0,-50,-1589.56
age33-104729,2051/52,59,6,0,6,0,0,0,96,62,1174215.42,14797.9,14797.9,0.0,0,20407,-585,0,0,-1235,-1632,0,-50,-2107.1
age33-104729,2052/53,60,6,0,6,0,0,0,27,59,1192340.18,18124.76,18124.76,0.0,0,23886,-1443,0,0,-375,-1632,0,50,-2361.24
age33-104729,2053/54,61,6,0,6,0,0,0,29,57,1206497.52,14157.34,14157.34,0.0,0,19968,-1872,0,0,-375,-1436.16,0,-50,-2077.5
age33-104729,2054/55,62,6,0,6,0,0,0,29,55,1219022.5,12524.98,12524.98,0.0,0,18336,-1872,0,0,-375,-1568.28,0,-50,-1945.74
age33-104729,2055/56,63,6,0,6,0,0,0,38,53,1230434.56,11412.06,11412.06,0.0,0,17028,-1833,0,0,-375,-1632,0,50,-1825.94
age33-104729,2056/57,64,8,0,8,0,0,0,28,51,1233676.24,3241.68,3241.68,0.0,0,9692,-1755,0,0,-1335,-2035.68,0,-50,-1274.64
age33-104729,2057/58,65,7,0,7,0,0,0,23,49,1236855.26,3179.02,3179.02,0.0,0,8478,-1872,0,0,-375,-1822,0,-50,-1179.98
age33-130363,2026/27,34,19,6,13,0,0,0,99,77,48859.43,40859.43,40859.43,0.0,14250,29604,-5054,0,-8782,0,-6152,-180,2000.0,15173.43
age33-130363,2027/28,35,22,10,10,0,0,2,109,80,111531.95,62672.52,62672.52,0.0,21600,50701,-3158,0,0,0,-5808.84,0,0,-661.64
age33-130363,2028/29,36,20,16,4,0,0,16,147,82,153516.68,41984.73,41984.73,0.0,890,50711,-1872,0,-84,-1235,-1470.36,0,450,-5404.91
age33-130363,2029/30,37,24,13,11,0,0,9,136,83,211370.34,57853.66,57853.66,0.0,27600,44484,-1872,0,-38,0,-6193.8,0,400,-6526.54
age33-130363,2030/31,38,20,9,11,0,0,8,135,84,282748.54,71378.2,71378.2,0.0,19500,66570,-1872,0,-84,0,-5514.84,-180,400,-7440.96
age33-130363,2031/32,39,16,14,2,0,0,8,141,85,331744.06,48995.52,48995.52,0.0,1250,57374,-1872,0,0,-1235,-1185.36,0,200,-5536.12
age33-130363,2032/33,40,19,6,11,0,0,8,139,86,368239.06,36495.0,36495.0,0.0,19650,28288,-1872,0,-122,0,-5480.64,-180,0,-3788.36
age33-130363,2033/34,41,21,11,9,0,0,11,141,85,430991.24,62752.18,62752.18,0.0,22000,53710,-1872,0,0,0,-5954.4,0,1000,-6131.42
age33-130363,2034/35,42,11,6,5,0,0,4,129,85,471811.02,40819.78,40819.78,0.0,0,50248,-1872,0,-84,-1235,-1470.36,0,50,-4816.86
age33-130363,2035/36,43,10,5,5,0,0,4,134,84,492398.7,20587.68,20587.68,0.0,0,27014,-1872,0,0,-375,-1632,0,200,-2747.32
age33-130363,2036/37,44,18,12,6,0,0,7,141,83,507792.38,15393.68,15393.68,0.0,2752.5,18591,-1872,0,-38,-375,-1436.16,0,200,-2428.66
age33-130363,2037/38,45,10,6,4,0,0,6,135,82,525151.56,17359.18,17359.18,0.0,250,22013,-585,0,0,-375,-1499.88,-180,50,-2313.94
age33-130363,2038/39,46,13,9,4,1,0,0,99,81,541224.56,16073,16073.0,0.0,2850,17169,-1443,0,-84,-375,-1436.16,-180,150,-577.84
age33-130363,2039/40,47,7,2,5,0,0,1,113,79,555311.23,14086.67,14086.67,0.0,0,20800,-1872,0,0,-1235,-1436.16,0,50,-2220.17
age33-130363,2040/41,48,10,3,7,0,0,0,81,78,563784.87,8473.64,8473.64,0.0,0,15729,-1872,0,0,-1335,-2006.16,-360,200,-1882.2
age33-130363,2041/42,49,12,8,4,1,0,2,126,76,571653.5,7868.63,7868.63,0.0,2500,9688,-1755,0,0,-375,-1563.6,0,50,-675.77
age33-130363,2042/43,50,7,1,6,0,0,0,79,75,582881.3,11227.8,11227.8,0.0,0,16708,-1833,0,0,-375,-1504.56,0,50,-1817.64
age33-130363,2043/44,51,8,3,5,0,0,0,95,73,598816.22,15934.92,15934.92,0.0,0,22146,-1872,0,-38,-375,-1499.88,-180,50,-2296.2
age33-130363,2044/45,52,6,1,5,0,0,0,63,71,616079.72,17263.5,17263.5,0.0,0,23352,-1872,0,0,-375,-1568.28,0,50,-2323.22
age33-130363,2045/46,53,9,1,8,0,0,0,54,70,629482.04,13402.32,13402.32,0.0,0,20912,-1872,0,-84,-1335,-2202,0,200,-2216.68
age33-130363,2046/47,54,8,0,8,0,0,0,60,69,632526.24,3044.2,3044.2,0.0,0,9656,-1872,0,0,-1335,-2001.48,-180,50,-1273.32
age33-130363,2047/48,55,6,0,6,0,0,0,59,67,637813.02,5286.78,5286.78,0.0,0,10149,-1872,0,0,-375,-1504.56,0,200,-1310.66
age33-130363,2048/49,56,6,0,6,0,0,0,33,65,651918.51,14105.49,14105.49,0.0,0,20100,-1872,0,0,-375,-1632,0,-50,-2065.51
age33-130363,2049/50,57,6,1,5,0,0,0,40,63,664414.43,12495.92,12495.92,0.0,0,18382,-1872,0,0,-375,-1632,0,-50,-1957.08
age33-130363,2050/51,58,6,0,6,0,0,0,25,60,676656.47,12242.04,12242.04,0.0,0,18109,-1872,0,0,-375,-1632,0,-50,-1937.96
age33-130363,2051/52,59,8,0,8,0,0,0,29,58,685195.81,8539.34,8539.34,0.0,0,15260,-1443,0,0,-1335,-2202,0,-50,-1690.66
age33-130363,2052/53,60,6,0,6,0,0,0,52,56,692080.68,6884.87,6884.87,0.0,0,10768,-585,0,0,-375,-1632,0,50,-1341.13
age33-130363,2053/54,61,6,0,6,0,0,0,31,53,706295.46,14214.78,14214.78,0.0,0,20002,-1872,0,0,-375,-1436.16,0,-50,-2054.06
age33-130363,2054/55,62,6,0,6,0,0,0,15,51,716849.84,10554.38,10554.38,0.0,0,16348,-1872,0,-84,-375,-1632,0,-50,-1780.62
age33-130363,2055/56,63,6,0,6,0,0,0,29,48,727411.56,10561.72,10561.72,0.0,0,16248,-1833,0,0,-375,-1632,0,-50,-1796.28
age33-130363,2056/57,64,8,0,8,0,0,0,14,46,736799.04,9387.48,9387.48,0.0,0,16204,-1755,0,0,-1335,-2001.48,0,50,-1775.04
age33-130363,2057/58,65,8,0,8,0,0,0,29,43,739642.34,2843.3,2843.3,0.0,0,9936,-1872,0,-38,-1335,-2138.28,-360,-50,-1299.42
age34-104729,2026/27,35,18,5,13,0,0,0,92,77,41627.48,33627.48,33627.48,0.0,9250,28746,-7014,0,-8782,0,-6152,0,1400,16179.48
age34-104729,2027/28,36,23,10,12,0,0,1,110,78,113316.88,71689.4,71689.4,0.0,31250,49510,-3158,0,-84,0,-6193.8,0,0,365.2
age34-104729,2028/29,37,21,18,3,2,0,8,136,80,174866.56,61549.68,61549.68,0.0,17250,44207,-1872,0,-38,-375,-1568.28,0,450,3495.96
age34-104729,2029/30,38,18,6,11,0,0,7,129,81,203358.13,28491.57,28491.57,0.0,12250,28296,-1872,0,0,0,-6228,-180,1000,-4774.43
age34-104729,2030/31,39,24,12,12,0,0,1,112,82,280023.04,76664.91,76664.91,0.0,31500,60503,-1872,0,-84,0,-6228,-180,400,-7374.09
age34-104729,2031/32,40,11,9,2,0,0,9,138,83,319747.52,39724.48,39724.48,0.0,0,48267,-1872,0,0,-1235,-1249.08,0,450,-4636.44
age34-104729,2032/33,41,19,8,10,0,0,10,137,82,374879.88,55132.36,55132.36,0.0,21600,44316,-1872,0,-122,0,-5480.64,0,1400,-4709.0
age34-104729,2033/34,42,27,16,11,1,0,10,143,82,470323.97,95444.09,95444.09,0.0,39600,61755,-1872,0,-84,0,-5549.04,-180,800,974.13
age34-104729,2034/35,43,13,8,5,0,0,1,131,82,521063.37,50739.4,50739.4,0.0,0,60912,-1872,0,0,-1235,-1632,0,300,-5733.6
age34-104729,2035/36,44,12,8,4,0,0,5,139,82,549622.92,28559.55,28559.55,0.0,540,35446,-1872,0,-38,-375,-1632,0,50,-3559.45
age34-104729,2036/37,45,8,3,5,0,0,3,120,82,565901.81,16278.89,16278.89,0.0,0,21131,-585,0,0,-375,-1632,0,-50,-2210.11
age34-104729,2037/38,46,12,8,4,0,0,3,131,81,579143.55,13241.74,13241.74,0.0,540,17818,-1443,0,0,-375,-1436.16,-180,450,-2132.1
age34-104729,2038/39,47,7,1,6,0,0,1,102,79,596643.92,17500.37,17500.37,0.0,0,23896,-1872,0,-84,-375,-1632,0,-50,-2382.63
age34-104729,2039/40,48,9,2,7,0,0,0,99,78,608328.04,11684.12,11684.12,0.0,0,18324,-1872,0,0,-1335,-1937.76,0,450,-1945.12
age34-104729,2040/41,49,8,1,7,0,0,0,75,77,623376.93,15048.89,15048.89,0.0,0,22338,-1872,0,0,-1335,-2138.28,0,300,-2243.83
age34-104729,2041/42,50,7,2,5,0,0,0,99,75,641331.76,17954.83,17954.83,0.0,0,23940,-1755,0,0,-375,-1632,0,200,-2423.17
age34-104729,2042/43,51,6,0,6,0,0,0,59,74,658170.45,16838.69,16838.69,0.0,0,23027,-1833,0,0,-375,-1632,0,-50,-2298.31
age34-104729,2043/44,52,7,1,6,0,0,0,46,72,671041.46,12871.01,12871.01,0.0,0,18776,-1872,0,0,-375,-1632,0,-50,-1975.99
age34-104729,2044/45,53,6,2,4,0,0,0,69,71,685229.5,14188.04,14188.04,0.0,0,19720,-1872,0,0,-375,-1436.16,0,200,-2048.8
age34-104729,2045/46,54,10,3,7,0,0,0,79,70,697946.42,12716.92,12716.92,0.0,0,20373,-1872,0,-38,-1335,-2001.48,-180,-50,-2179.6
age34-104729,2046/47,55,8,0,8,0,0,0,50,68,714088.78,16142.36,16142.36,0.0,0,23796,-1872,0,-84,-1335,-1937.76,0,-50,-2374.88
age34-104729,2047/48,56,6,0,6,0,0,0,74,66,732279.15,18190.37,18190.37,0.0,0,24480,-1872,0,0,-375,-1568.28,0,-50,-2424.35
age34-104729,2048/49,57,6,0,6,0,0,0,38,65,748721.2,16442.05,16442.05,0.0,0,22438,-1872,0,0,-375,-1436.16,0,-50,-2262.79
age34-104729,2049/50,58,6,0,6,0,0,0,40,62,761744.2,13023.0,13023.0,0.0,0,18837,-1872,0,0,-375,-1632,0,50,-1985.0
age34-104729,2050/51,59,6,0,6,0,0,0,40,61,777438.0,15693.8,15693.8,0.0,0,21137,-1443,0,0,-375,-1436.16,0,-50,-2139.04
age34-104729,2051/52,60,8,0,8,0,0,0,50,59,787872.4,10434.4,10434.4,0.0,0,16121,-585,0,0,-1335,-1937.76,0,-50,-1778.84
age34-104729,2052/53,61,6,0,6,0,0,0,36,57,790976.29,3103.89,3103.89,0.0,0,8124,-1872,0,0,-375,-1568.28,0,-50,-1154.83
age34-104729,2053/54,62,6,0,6,0,0,0,27,55,794866.52,3890.23,3890.23,0.0,0,8948,-1872,0,0,-375,-1632,0,50,-1228.77
age34-104729,2054/55,63,6,0,6,0,0,0,20,52,803026.09,8159.57,8159.57,0.0,0,13554,-1872,0,0,-375,-1632,0,50,-1565.43
age34-104729,2055/56,64,6,0,6,0,0,0,20,50,813364.5,10338.41,10338.41,0.0,0,15734,-1833,0,0,-375,-1499.88,0,50,-1737.71
age34-104729,2056/57,65,8,0,8,0,0,0,28,48,822135.32,8770.82,8770.82,0.0,0,15674,-1755,0,-84,-1335,-1937.76,0,-50,-1741.42
age34-130363,2026/27,35,19,6,13,0,0,0,99,77,48859.43,40859.43,40859.43,0.0,14250,29604,-5054,0,-8782,0,-6152,-180,2000.0,15173.43
age34-130363,2027/28,36,23,10,11,0,0,3,119,78,114855.93,65996.5,65996.5,0.0,24500,51070,-3158,0,-84,0,-5685.84,0,0,-645.66
age34-130363,2028/29,37,11,9,2,0,0,4,126,80,156372.36,41516.43,41516.43,0.0,0,50360,-1872,0,0,-1235,-1185.36,0,300,-4851.21
age34-130363,2029/30,38,18,5,12,0,0,1,133,81,199255.15,42882.79,42882.79,0.0,12250,44474,-1872,0,-38,0,-6193.8,0,0,-5737.41
age34-130363,2030/31,39,21,8,12,0,0,4,140,82,270674.79,71419.64,71419.64,0.0,18750,66802,-1872,0,-84,0,-5514.84,-180,1400,-7881.52
age34-130363,2031/32,40,15,10,5,0,0,11,131,83,318261.19,47586.4,47586.4,0.0,1250,55885,-1872,0,0,-1235,-1436.16,0,300,-5305.44
age34-130363,2032/33,41,20,17,3,1,0,10,140,82,345011.47,26750.28,26750.28,0.0,1940,28288,-1872,0,-38,-375,-1436.16,-180,450,-26.56
age34-130363,2033/34,42,10,6,4,0,0,7,126,82,353843.41,8831.94,8831.94,0.0,62.5,14413,-1872,0,-84,-375,-1568.28,0,-50,-1694.28
age34-130363,2034/35,43,12,7,5,0,0,0,87,82,365559.92,11716.51,11716.51,0.0,0,18479,-1872,0,0,-1235,-1632,0,450,-2473.49
age34-130363,2035/36,44,7,3,4,0,0,2,110,81,380909.91,15349.99,15349.99,0.0,0,21073,-1872,0,0,-375,-1632,0,300,-2144.01
age34-130363,2036/37,45,10,5,5,0,0,2,121,81,392705.5,11795.59,11795.59,0.0,0,17513,-1872,0,0,-375,-1436.16,0,50,-2084.25
age34-130363,2037/38,46,6,1,5,0,0,0,80,80,409252.75,16547.25,16547.25,0.0,0,22493,-1872,0,0,-375,-1499.88,0,50,-2248.87
age34-130363,2038/39,47,6,1,5,0,0,0,93,79,421764.56,12511.81,12511.81,0.0,0,16205,-156,0,0,-375,-1436.16,0,50,-1776.03
age34-130363,2039/40,48,14,8,6,0,0,4,136,77,429599.44,7834.88,7834.88,0.0,0,14612,-1872,0,-84,-1335,-1937.76,0,450,-1998.36
age34-130363,2040/41,49,9,1,8,0,0,0,76,76,444154.08,14554.64,14554.64,0.0,0,22193,-1872,0,0,-1335,-2138.28,0,-50,-2243.08
age34-130363,2041/42,50,6,0,6,0,0,0,47,75,462032.39,17878.31,17878.31,0.0,0,23862,-1755,0,-38,-375,-1499.88,0,50,-2365.81
age34-130363,2042/43,51,6,0,6,0,0,0,90,73,473119.1,11086.71,11086.71,0.0,0,16590,-1833,0,0,-375,-1436.16,0,-50,-1809.13
age34-130363,2043/44,52,6,0,6,0,0,0,63,71,485773.23,12654.13,12654.13,0.0,0,18360,-1872,0,0,-375,-1568.28,0,50,-1940.59
age34-130363,2044/45,53,7,1,6,0,0,0,51,70,496995.81,11222.58,11222.58,0.0,0,16677,-1872,0,0,-375,-1436.16,0,50,-1821.26
age34-130363,2045/46,54,6,0,6,0,0,0,47,68,509963.69,12967.88,12967.88,0.0,0,19954,-1872,0,0,-1235,-1568.28,-180,-50,-2080.84
age34-130363,2046/47,55,8,0,8,0,0,0,60,67,520075.23,10111.54,10111.54,0.0,0,17321,-1872,0,0,-1335,-2001.48,-180,50,-1870.98
age34-130363,2047/48,56,7,1,6,0,0,0,82,64,525300.38,5225.15,5225.15,0.0,0,10270,-1872,0,-84,-375,-1436.16,0,50,-1327.69
age34-130363,2048/49,57,6,0,6,0,0,0,43,63,538073.68,12773.3,12773.3,0.0,0,18596,-1872,0,0,-375,-1568.28,0,-50,-1957.42
age34-130363,2049/50,58,6,0,6,0,0,0,26,60,550409.95,12336.27,12336.27,0.0,0,18097,-1872,0,0,-375,-1632,0,50,-1931.73
age34-130363,2050/51,59,6,0,6,0,0,0,22,58,562757.41,12347.46,12347.46,0.0,0,17795,-1872,0,0,-375,-1499.88,0,200,-1900.66
age34-130363,2051/52,60,8,0,8,0,0,0,33,56,570890.24,8132.83,8132.83,0.0,0,15155,-1872,0,0,-1335,-2069.88,0,-50,-1695.29
age34-130363,2052/53,61,6,0,6,0,0,0,32,53,576804.69,5914.45,5914.45,0.0,0,10906,-1443,0,0,-375,-1568.28,-180,-50,-1375.27
age34-130363,2053/54,62,6,0,6,0,0,0,21,50,591959.14,15154.45,15154.45,0.0,0,19828,-585,0,0,-375,-1436.16,-180,-50,-2047.39
age34-130363,2054/55,63,6,0,6,0,0,0,25,48,602597.52,10638.38,10638.38,0.0,0,16348,-1872,0,0,-375,-1632,0,-50,-1780.62
age34-130363,2055/56,64,7,1,6,0,0,0,21,45,612951.52,10354.0,10354.0,0.0,0,16020,-1833,0,0,-375,-1632,0,-50,-1776.0
age34-130363,2056/57,65,6,0,6,0,0,0,16,43,629164.26,16212.74,16212.74,0.0,0,23206,-1755,0,0,-1235,-1632,0,-50,-2321.26
age35-104729,2026/27,36,20,10,10,0,0,0,99,76,71373.07,63373.07,63373.07,0.0,39450,37310,-10314,0,-8782,0,-6342,0,800.0,11251.07
age35-104729,2027/28,37,19,8,11,0,0,3,136,77,150780.79,79407.72,79407.72,0.0,37700,55294,-1365,0,0,0,-6798,0,0,-5423.28
age35-104729,2028/29,38,12,9,3,0,0,3,119,78,186953.09,36172.3,36172.3,0.0,0,43194,-585,0,-84,-1235,-1185.36,0,450,-4382.34
age35-104729,2029/30,39,22,9,11,0,0,3,138,80,232875.12,45922.03,45922.03,0.0,27000,30477,-1872,0,-38,0,-6323,0,2000,-5321.97
age35-104729,2030/31,40,18,6,11,0,0,4,135,81,295698.2,62823.08,62823.08,0.0,15850,61229,-1872,0,-84,0,-6228,-180,1400,-7291.92
age35-104729,2031/32,41,15,11,4,1,0,6,139,81,341356.92,45658.72,45658.72,0.0,1750,46778,-1872,0,0,-375,-1499.88,0,450,427.6
age35-104729,2032/33,42,17,14,3,1,0,7,135,81,364780.24,23423.32,23423.32,0.0,1540,25606,-1872,0,0,-375,-1436.16,-180,200,-59.52
age35-104729,2033/34,43,13,8,5,0,0,2,120,81,383345.14,18564.9,18564.9,0.0,850,24328,-1872,0,-122,-375,-1568.28,-180,200,-2695.82
age35-104729,2034/35,44,8,3,5,0,0,4,129,82,400289.5,16944.36,16944.36,0.0,0,24076,-1872,0,0,-1235,-1499.88,-180,200,-2544.76
age35-104729,2035/36,45,13,9,4,0,0,3,135,81,418268.12,17978.62,17978.62,0.0,690,23480,-1872,0,0,-375,-1470.36,0,200,-2674.02
age35-104729,2036/37,46,8,4,4,0,0,1,112,80,431994.68,13726.56,13726.56,0.0,0,19217,-1872,0,0,-375,-1436.16,0,200,-2007.28
age35-104729,2037/38,47,6,0,6,0,0,1,128,79,450330.95,18336.27,18336.27,0.0,0,24430,-1872,0,0,-375,-1632,0,200,-2414.73
age35-104729,2038/39,48,7,1,6,0,0,0,81,78,461575.11,11244.16,11244.16,0.0,0,17010,-1872,0,0,-375,-1632,0,-50,-1836.84
age35-104729,2039/40,49,12,6,6,0,0,2,139,77,468420.36,6845.25,6845.25,0.0,0,14090,-1872,0,-84,-1335,-2202,0,200,-1951.75
age35-104729,2040/41,50,9,2,7,0,0,0,93,75,471905.22,3484.86,3484.86,0.0,0,9943,-1872,0,0,-1335,-2202,0,300,-1349.14
age35-104729,2041/42,51,7,2,5,0,0,1,109,74,475798.56,3893.34,3893.34,0.0,0,8514,-1755,0,0,-375,-1597.8,0,300,-1192.86
age35-104729,2042/43,52,6,1,5,0,0,0,73,72,481762.2,5963.64,5963.64,0.0,0,10388,-975,0,-38,-375,-1470.36,-180,-50,-1336.0
age35-104729,2043/44,53,7,2,5,0,0,0,71,71,492508.66,10746.46,10746.46,0.0,0,15548,-1014,0,0,-375,-1632,0,-50,-1730.54
age35-104729,2044/45,54,6,0,6,0,0,0,54,70,508339.04,15830.38,15830.38,0.0,0,21776,-1872,0,0,-375,-1436.16,0,-50,-2212.46
age35-104729,2045/46,55,8,0,8,0,0,0,64,68,518807.28,10468.24,10468.24,0.0,0,17872,-1872,0,0,-1335,-2069.88,-180,-50,-1896.88
age35-104729,2046/47,56,8,0,8,0,0,0,62,66,522325.92,3518.64,3518.64,0.0,0,10084,-1872,0,0,-1335,-2099.4,0,50,-1308.96
age35-104729,2047/48,57,6,0,6,0,0,0,47,65,528062.56,5736.64,5736.64,0.0,0,10941,-1872,0,-84,-375,-1436.16,0,-50,-1387.2
age35-104729,2048/49,58,6,1,5,0,0,0,66,63,541377.08,13314.52,13314.52,0.0,0,19122,-1872,0,0,-375,-1499.88,0,-50,-2010.6
age35-104729,2049/50,59,6,0,6,0,0,0,31,61,551467.2,10090.12,10090.12,0.0,0,15554,-1872,0,0,-375,-1436.16,0,-50,-1730.72
age35-104729,2050/51,60,6,0,6,0,0,0,19,59,560069.4,8602.2,8602.2,0.0,0,14084,-1872,0,0,-375,-1568.28,0,-50,-1616.52
age35-104729,2051/52,61,8,0,8,0,0,0,29,57,566414.38,6344.98,6344.98,0.0,0,13356,-1872,0,0,-1335,-2202,0,-50,-1552.02
age35-104729,2052/53,62,6,1,5,0,0,0,38,55,572229.56,5815.18,5815.18,0.0,0,11141,-1872,0,0,-375,-1632,0,-50,-1396.82
age35-104729,2053/54,63,6,0,6,0,0,0,21,52,586144.3,13914.74,13914.74,0.0,0,19692,-1872,0,0,-375,-1436.16,0,-50,-2044.1
age35-104729,2054/55,64,6,0,6,0,0,0,14,50,597047.96,10903.66,10903.66,0.0,0,16656,-1872,0,0,-375,-1632,0,-50,-1823.34
age35-104729,2055/56,65,6,0,6,0,0,0,27,48,610429.68,13381.72,13381.72,0.0,0,19488,-1833,0,0,-375,-1632,-180,-50,-2036.28
age35-130363,2026/27,36,20,10,10,0,0,3,113,76,73828.88,65828.88,65828.88,0.0,42700,34654,-8598,0,-8782,0,-6342,-180,1400,10976.88
age35-130363,2027/28,37,22,11,9,0,0,2,128,77,155698.99,81870.11,81870.11,0.0,37950,57589,-1794,0,-84,0,-6005.04,0,0,-5785.85
age35-130363,2028/29,38,11,9,2,0,0,3,121,78,198860.38,43161.39,43161.39,0.0,0,52112,-1872,0,0,-1235,-1283.28,0,450,-5010.33
age35-130363,2029/30,39,19,7,12,0,0,2,142,80,252635.33,53774.95,53774.95,0.0,18850,48222,-1872,0,-38,0,-6288.8,0,1400,-6498.25
age35-130363,2030/31,40,21,9,10,0,0,9,136,81,329683.58,77048.25,77048.25,0.0,24000,66401,-1872,0,-84,0,-5431.24,0,1000,-6965.51
age35-130363,2031/32,41,14,10,4,1,0,6,132,81,381650.62,51967.04,51967.04,0.0,1750,52334,-1872,0,0,-375,-1436.16,0,450,1116.2
age35-130363,2032/33,42,17,13,4,0,0,11,136,81,406324.82,24674.2,24674.2,0.0,4085,27612,-1872,0,0,-375,-1436.16,-180,-50,-3109.64
age35-130363,2033/34,43,16,12,4,0,0,4,138,81,424106.6,17781.78,17781.78,0.0,1140,23696,-1872,0,-122,-375,-1568.28,-540,200,-2776.94
age35-130363,2034/35,44,8,3,5,0,0,0,83,81,439321.76,15215.16,15215.16,0.0,0,22564,-1872,0,0,-1235,-1597.8,-360,50,-2334.04
age35-130363,2035/36,45,8,3,5,0,0,1,133,81,456380.48,17058.72,17058.72,0.0,0,23027,-1872,0,0,-375,-1436.16,0,50,-2335.12
age35-130363,2036/37,46,9,3,6,0,0,1,102,80,471021.67,14641.19,14641.19,0.0,0,20260,-1872,0,0,-375,-1436.16,0,200,-2135.65
age35-130363,2037/38,47,10,5,5,0,0,0,79,78,486032.61,15010.94,15010.94,0.0,62.5,20742,-1872,0,0,-375,-1436.16,-180,200,-2130.4
age35-130363,2038/39,48,8,2,6,0,0,0,79,77,502560.74,16528.13,16528.13,0.0,0,22955,-1872,0,-84,-375,-1436.16,-360,50,-2349.71
age35-130363,2039/40,49,9,3,6,0,0,1,130,75,518828.44,16267.7,16267.7,0.0,0,23343,-1872,0,0,-1235,-1436.16,0,50,-2582.14
age35-130363,2040/41,50,9,2,7,0,0,2,122,74,536210.53,17382.09,17382.09,0.0,0,23136,-156,0,0,-1335,-1937.76,0,50,-2375.15
age35-130363,2041/42,51,9,4,5,0,0,0,78,73,542340.5,6129.97,6129.97,0.0,0,11119,-1755,0,-38,-375,-1436.16,0,50,-1434.87
age35-130363,2042/43,52,6,0,6,0,0,0,75,70,550923.9,8583.4,8583.4,0.0,0,14018,-1833,0,0,-375,-1568.28,0,-50,-1608.32
age35-130363,2043/44,53,6,1,5,0,0,0,66,70,564171.3,13247.4,13247.4,0.0,0,18764,-1872,0,0,-375,-1499.88,0,200,-1969.72
age35-130363,2044/45,54,7,1,6,0,0,0,51,68,579894.28,15722.98,15722.98,0.0,0,21586,-1872,0,0,-375,-1470.36,0,50,-2195.66
age35-130363,2045/46,55,6,0,6,0,0,0,67,66,595651.04,15756.76,15756.76,0.0,0,23134,-1872,0,-84,-1235,-1632,-180,-50,-2324.24
age35-130363,2046/47,56,8,0,8,0,0,0,35,64,604471.44,8820.4,8820.4,0.0,0,15724,-1872,0,0,-1335,-2001.48,0,50,-1745.12
age35-130363,2047/48,57,6,0,6,0,0,0,48,62,609555.59,5084.15,5084.15,0.0,0,10023,-1872,0,0,-375,-1436.16,0,50,-1305.69
age35-130363,2048/49,58,6,0,6,0,0,0,33,60,623286.03,13730.44,13730.44,0.0,0,19698,-1872,0,0,-375,-1632,0,-50,-2038.56
age35-130363,2049/50,59,6,0,6,0,0,0,23,58,635718.06,12432.03,12432.03,0.0,0,18269,-1872,0,0,-375,-1597.8,0,-50,-1942.17
age35-130363,2050/51,60,6,0,6,0,0,0,29,55,647891.2,12173.14,12173.14,0.0,0,17826,-1872,0,0,-375,-1470.36,0,-50,-1885.5
age35-130363,2051/52,61,8,0,8,0,0,0,30,53,656809.93,8918.73,8918.73,0.0,0,15920,-1872,0,0,-1335,-2099.4,0,50,-1744.87
age35-130363,2052/53,62,6,0,6,0,0,0,43,50,661917.72,5107.79,5107.79,0.0,0,10168,-1872,0,0,-375,-1568.28,0,50,-1294.93
age35-130363,2053/54,63,6,0,6,0,0,0,30,48,676028.64,14110.92,14110.92,0.0,0,19888,-1872,0,0,-375,-1436.16,0,-50,-2043.92
age35-130363,2054/55,64,6,0,6,0,0,0,19,45,687061.46,11032.82,11032.82,0.0,0,16306,-1443,0,0,-375,-1632,0,-50,-1773.18
age35-130363,2055/56,65,6,0,6,0,0,0,37,43,699008.1,11946.64,11946.64,0.0,0,16248,-546,0,0,-375,-1534.08,0,-50,-1796.28
age36-104729,2026/27,37,20,10,10,0,0,0,99,76,71373.07,63373.07,63373.07,0.0,39450,37310,-10314,0,-8782,0,-6342,0,800.0,11251.07
age36-104729,2027/28,38,19,8,11,0,0,3,136,77,150780.79,79407.72,79407.72,0.0,37700,55294,-1365,0,0,0,-6798,0,0,-5423.28
age36-104729,2028/29,39,12,9,3,0,0,3,119,78,186953.09,36172.3,36172.3,0.0,0,43194,-585,0,-84,-1235,-1185.36,0,450,-4382.34
age36-104729,2029/30,40,22,9,11,0,0,3,138,80,232875.12,45922.03,45922.03,0.0,27000,30477,-1872,0,-38,0,-6323,0,2000,-5321.97
age36-104729,2030/31,41,18,6,11,0,0,4,135,80,295698.2,62823.08,62823.08,0.0,15850,61229,-1872,0,-84,0,-6228,-180,1400,-7291.92
age36-104729,2031/32,42,12,8,4,1,0,4,130,80,340750.52,45052.32,45052.32,0.0,1000,46778,-1872,0,0,-375,-1499.88,0,450,571.2
age36-104729,2032/33,43,16,12,4,0,0,6,138,81,360998.64,20248.12,20248.12,0.0,1000,25606,-1872,0,0,-375,-1436.16,-360,450,-2764.72
age36-104729,2033/34,44,10,5,5,0,0,3,126,81,379131.94,18133.3,18133.3,0.0,125,24328,-1872,0,0,-375,-1568.28,0,50,-2554.42
age36-104729,2034/35,45,11,4,7,0,0,4,134,80,388311.32,9179.38,9179.38,0.0,0,16548,-1872,0,-122,-1335,-2133.6,0,-50,-1856.02
age36-104729,2035/36,46,7,3,4,0,0,0,93,80,404368.46,16057.14,16057.14,0.0,0,21755,-1872,0,0,-375,-1436.16,0,200,-2214.7
age36-104729,2036/37,47,6,1,5,0,0,0,90,78,419493.55,15125.09,15125.09,0.0,0,20769,-1872,0,0,-375,-1568.28,0,300,-2128.63
age36-104729,2037/38,48,8,4,4,0,0,1,110,77,434609.87,15116.32,15116.32,0.0,0,21355,-1872,0,0,-375,-1632,0,-50,-2309.68
age36-104729,2038/39,49,6,0,6,0,0,0,71,76,450519.29,15909.42,15909.42,0.0,0,21692,-1872,0,0,-375,-1632,0,300,-2203.58
age36-104729,2039/40,50,9,2,7,0,0,0,82,75,459505.11,8985.82,8985.82,0.0,0,16000,-1872,0,0,-1335,-2001.48,0,-50,-1755.7
age36-104729,2040/41,51,9,1,8,0,0,1,116,73,472554.21,13049.1,13049.1,0.0,0,20569,-1872,0,0,-1335,-2138.28,0,-50,-2124.62
age36-104729,2041/42,52,6,0,6,0,0,0,43,72,490091.52,17537.31,17537.31,0.0,0,23718,-1755,0,-84,-375,-1632,-180,200,-2354.69
age36-104729,2042/43,53,6,0,6,0,0,0,61,70,505119.2,15027.68,15027.68,0.0,0,20036,-975,0,0,-375,-1632,0,50,-2076.32
age36-104729,2043/44,54,7,1,6,0,0,0,78,69,518773.32,13654.12,13654.12,0.0,0,18698,-1014,0,0,-375,-1632,0,-50,-1972.88
age36-104729,2044/45,55,6,0,6,0,0,0,32,68,534603.7,15830.38,15830.38,0.0,0,21776,-1872,0,0,-375,-1436.16,0,-50,-2212.46
age36-104729,2045/46,56,8,0,8,0,0,0,56,66,545213.94,10610.24,10610.24,0.0,0,17872,-1872,0,-38,-1335,-2069.88,0,-50,-1896.88
age36-104729,2046/47,57,8,0,8,0,0,0,42,65,548732.58,3518.64,3518.64,0.0,0,10084,-1872,0,0,-1335,-2099.4,0,50,-1308.96
age36-104729,2047/48,58,6,0,6,0,0,0,42,62,554553.22,5820.64,5820.64,0.0,0,10941,-1872,0,0,-375,-1436.16,0,-50,-1387.2
age36-104729,2048/49,59,6,0,6,0,0,0,32,61,567867.74,13314.52,13314.52,0.0,0,19122,-1872,0,0,-375,-1499.88,0,-50,-2010.6
age36-104729,2049/50,60,6,0,6,0,0,0,51,58,578057.86,10190.12,10190.12,0.0,0,15554,-1872,0,0,-375,-1436.16,0,50,-1730.72
age36-104729,2050/51,61,6,0,6,0,0,0,46,56,586660.06,8602.2,8602.2,0.0,0,14084,-1872,0,0,-375,-1568.28,0,-50,-1616.52
age36-104729,2051/52,62,8,0,8,0,0,0,27,54,592921.04,6260.98,6260.98,0.0,0,13356,-1872,0,-84,-1335,-2202,0,-50,-1552.02
age36-104729,2052/53,63,7,1,6,0,0,0,46,52,598978.62,6057.58,6057.58,0.0,0,11411,-1872,0,0,-375,-1632,0,-50,-1424.42
age36-104729,2053/54,64,6,0,6,0,0,0,32,50,612328.3,13349.68,13349.68,0.0,0,19088,-1872,0,0,-375,-1436.16,0,-50,-2005.16
age36-104729,2054/55,65,6,0,6,0,0,0,20,47,625193.34,12865.04,12865.04,0.0,0,18568,-1872,0,0,-375,-1436.16,0,-50,-1969.8
age36-130363,2026/27,37,20,10,10,0,0,3,113,76,73828.88,65828.88,65828.88,0.0,42700,34654,-8598,0,-8782,0,-6342,-180,1400,10976.88
age36-130363,2027/28,38,22,11,9,0,0,2,128,77,155698.99,81870.11,81870.11,0.0,37950,57589,-1794,0,-84,0,-6005.04,0,0,-5785.85
age36-130363,2028/29,39,11,9,2,0,0,3,121,78,198860.38,43161.39,43161.39,0.0,0,52112,-1872,0,0,-1235,-1283.28,0,450,-5010.33
age36-130363,2029/30,40,19,7,12,0,0,2,142,80,252635.33,53774.95,53774.95,0.0,18850,48222,-1872,0,-38,0,-6288.8,0,1400,-6498.25
age36-130363,2030/31,41,21,9,10,0,0,9,136,80,329683.58,77048.25,77048.25,0.0,24000,66401,-1872,0,-84,0,-5431.24,0,1000,-6965.51
age36-130363,2031/32,42,21,16,5,0,0,7,140,80,376259.42,46575.84,46575.84,0.0,3090,52334,-1872,0,0,-375,-1436.16,-180,200,-5185.0
age36-130363,2032/33,43,11,7,4,0,0,4,131,80,397688.82,21429.4,21429.4,0.0,250,27612,-1872,0,0,-375,-1436.16,-180,200,-2769.44
age36-130363,2033/34,44,8,3,5,0,0,0,85,80,409970.16,12281.34,12281.34,0.0,150,17870,-1872,0,-122,-375,-1568.28,0,200,-2001.38
age36-130363,2034/35,45,13,5,8,0,0,2,105,80,415137.4,5167.24,5167.24,0.0,0,11910,-1872,0,0,-1335,-2202,0,450,-1783.76
age36-130363,2035/36,46,9,5,4,0,0,1,104,79,430513.52,15376.12,15376.12,0.0,0,21603,-1872,0,0,-375,-1632,0,-50,-2297.88
age36-130363,2036/37,47,7,1,6,0,0,0,84,77,442491.27,11977.75,11977.75,0.0,0,17363,-1872,0,0,-375,-1499.88,0,300,-1938.37
age36-130363,2037/38,48,6,0,6,0,0,0,70,76,456293.33,13802.06,13802.06,0.0,0,19610,-1872,0,0,-375,-1568.28,0,50,-2042.66
age36-130363,2038/39,49,7,1,6,0,0,0,72,75,471850.61,15557.28,15557.28,0.0,0,21597,-1872,0,0,-375,-1436.16,-180,50,-2226.56
age36-130363,2039/40,50,9,2,7,0,0,1,107,74,480952.98,9102.37,9102.37,0.0,0,16210,-1872,0,0,-1335,-2138.28,0,50,-1812.35
age36-130363,2040/41,51,8,0,8,0,0,0,59,72,485501.22,4548.24,4548.24,0.0,0,9699,-156,0,-84,-1335,-2069.88,-180,-50,-1275.88
age36-130363,2041/42,52,7,2,5,0,0,1,102,70,489887.24,4386.02,4386.02,0.0,0,9454,-1755,0,0,-375,-1632,0,-50,-1255.98
age36-130363,2042/43,53,7,1,6,0,0,0,58,70,498050.56,8163.32,8163.32,0.0,0,13210,-1833,0,0,-375,-1499.88,0,200,-1538.8
age36-130363,2043/44,54,7,1,6,0,0,0,47,68,512628.96,14578.4,14578.4,0.0,0,20500,-1872,0,-38,-375,-1436.16,0,-50,-2150.44
age36-130363,2044/45,55,6,0,6,0,0,0,36,66,523354.16,10725.2,10725.2,0.0,0,16376,-1872,0,0,-375,-1568.28,0,-50,-1785.52
age36-130363,2045/46,56,8,0,8,0,0,0,40,64,534509.5,11155.34,11155.34,0.0,0,18784,-1872,0,0,-1335,-2202,-180,-50,-1989.66
age36-130363,2046/47,57,8,0,8,0,0,0,37,62,537940.46,3430.96,3430.96,0.0,0,10186,-1872,0,0,-1335,-2099.4,-180,50,-1318.64
age36-130363,2047/48,58,6,0,6,0,0,0,33,60,542399.96,4459.5,4459.5,0.0,0,9487,-1872,0,0,-375,-1470.36,0,-50,-1260.14
age36-130363,2048/49,59,6,0,6,0,0,0,25,58,556332.35,13932.39,13932.39,0.0,0,19908,-1872,0,0,-375,-1632,0,-50,-2046.61
age36-130363,2049/50,60,6,0,6,0,0,0,27,55,568744.27,12411.92,12411.92,0.0,0,18382,-1872,0,-84,-375,-1632,0,-50,-1957.08
age36-130363,2050/51,61,6,0,6,0,0,0,33,53,580841.9,12097.63,12097.63,0.0,0,17903,-1872,0,0,-375,-1597.8,0,-50,-1910.57
age36-130363,2051/52,62,8,0,8,0,0,0,35,50,589701.52,8859.62,8859.62,0.0,0,15833,-1872,0,0,-1335,-1971.96,0,-50,-1744.42
age36-130363,2052/53,63,6,0,6,0,0,0,24,48,594876.22,5174.7,5174.7,0.0,0,10341,-1872,0,0,-375,-1534.08,0,-50,-1335.22
age36-130363,2053/54,64,6,0,6,0,0,0,20,45,608810.96,13934.74,13934.74,0.0,0,19684,-1872,0,0,-375,-1436.16,-180,150,-2036.1
age36-130363,2054/55,65,6,0,6,0,0,0,17,43,619843.78,11032.82,11032.82,0.0,0,16306,-1443,0,0,-375,-1632,0,-50,-1773.18
age37-104729,2026/27,38,20,10,10,0,0,0,99,76,71373.07,63373.07,63373.07,0.0,39450,37310,-10314,0,-8782,0,-6342,0,800.0,11251.07
age37-104729,2027/28,39,19,8,11,0,0,3,136,77,150780.79,79407.72,79407.72,0.0,37700,55294,-1365,0,0,0,-6798,0,0,-5423.28
age37-104729,2028/29,40,12,9,3,0,0,3,119,78,186953.09,36172.3,36172.3,0.0,0,43194,-585,0,-84,-1235,-1185.36,0,450,-4382.34
age37-104729,2029/30,41,19,6,11,0,0,2,122,79,223445.12,36492.03,36492.03,0.0,17000,30477,-1872,0,-38,0,-6323,0,2000,-4751.97
age37-104729,2030/31,42,15,2,13,0,0,1,139,79,279207.02,55761.9,55761.9,0.0,9250,61025,-1872,0,-84,0,-6133,-360,0,-6064.1
age37-104729,2031/32,43,14,11,3,1,0,8,128,79,323578.66,44371.64,44371.64,0.0,1000,46234,-1872,0,0,-375,-1499.88,0,450,434.52
age37-104729,2032/33,44,14,10,4,0,0,7,130,79,346953.14,23374.48,23374.48,0.0,3960,25522,-1872,0,0,-375,-1436.16,0,450,-2874.36
age37-104729,2033/34,45,9,4,5,0,0,4,121,79,365237.54,18284.4,18284.4,0.0,62.5,24328,-1872,0,0,-375,-1568.28,-180,300,-2410.82
age37-104729,2034/35,46,9,5,4,0,0,1,115,78,382265.5,17027.96,17027.96,0.0,0,24076,-1872,0,0,-1235,-1499.88,0,200,-2641.16
age37-104729,2035/36,47,6,0,6,0,0,0,75,77,399214.48,16948.98,16948.98,0.0,0,23159,-1872,0,-122,-375,-1470.36,0,-50,-2320.66
age37-104729,2036/37,48,6,2,4,0,0,0,75,76,415288.94,16074.46,16074.46,0.0,0,21750,-1872,0,0,-375,-1436.16,0,200,-2192.38
age37-104729,2037/38,49,7,2,5,0,0,1,108,75,432325.33,17036.39,17036.39,0.0,0,23294,-1872,0,0,-375,-1632,0,-50,-2328.61
age37-104729,2038/39,50,6,0,6,0,0,0,76,74,449832.74,17507.41,17507.41,0.0,0,23570,-1872,0,0,-375,-1632,0,150,-2333.59
age37-104729,2039/40,51,8,1,7,0,0,0,74,72,460299.39,10466.65,10466.65,0.0,0,17384,-1872,0,0,-1335,-2001.48,0,150,-1858.87
age37-104729,2040/41,52,8,1,7,0,0,0,72,71,462497.22,2197.83,2197.83,0.0,0,8734,-1872,0,0,-1335,-2138.28,-180,200,-1210.89
age37-104729,2041/42,53,6,0,6,0,0,0,71,70,467191.02,4693.8,4693.8,0.0,0,9699,-1755,0,0,-375,-1632,0,50,-1293.2
age37-104729,2042/43,54,7,1,6,0,0,0,52,69,476784.18,9593.16,9593.16,0.0,0,13988,-975,0,0,-375,-1632,0,200,-1612.84
age37-104729,2043/44,55,6,0,6,0,0,0,51,67,492972.66,16188.48,16188.48,0.0,0,21320,-1014,0,0,-375,-1632,0,50,-2160.52
age37-104729,2044/45,56,6,1,5,0,0,0,40,66,500326.98,7354.32,7354.32,0.0,0,12780,-1872,0,-84,-375,-1632,0,50,-1512.68
age37-104729,2045/46,57,8,0,8,0,0,0,47,64,502095.98,1769.0,1769.0,0.0,0,8330,-1872,0,0,-1335,-2133.6,0,-50,-1170.4
age37-104729,2046/47,58,8,0,8,0,0,0,38,62,503023.06,927.08,927.08,0.0,0,7270,-1872,0,0,-1335,-2006.16,0,-50,-1079.76
age37-104729,2047/48,59,6,0,6,0,0,0,35,60,508855.58,5832.52,5832.52,0.0,0,11157,-1872,0,0,-375,-1632,0,-50,-1395.48
age37-104729,2048/49,60,6,0,6,0,0,0,32,58,522287.98,13432.4,13432.4,0.0,0,19122,-1872,0,0,-375,-1632,0,200,-2010.6
age37-104729,2049/50,61,6,0,6,0,0,0,25,56,532126.61,9838.63,9838.63,0.0,0,15332,-1872,0,-38,-375,-1436.16,0,-50,-1722.21
age37-104729,2050/51,62,6,0,6,0,0,0,39,54,540676.52,8549.91,8549.91,0.0,0,14107,-1872,0,0,-375,-1632,0,-50,-1628.09
age37-104729,2051/52,63,8,0,8,0,0,0,46,51,547423.62,6747.1,6747.1,0.0,0,13601,-1872,0,0,-1335,-2001.48,0,-50,-1595.42
age37-104729,2052/53,64,6,0,6,0,0,0,20,50,550510.2,3086.58,3086.58,0.0,0,8103,-1872,0,0,-375,-1568.28,0,-50,-1151.14
age37-104729,2053/54,65,6,0,6,0,0,0,24,47,554906.22,4396.02,4396.02,0.0,0,9602,-1872,0,0,-375,-1632,0,-50,-1276.98
age37-130363,2026/27,38,20,10,10,0,0,3,113,76,73828.88,65828.88,65828.88,0.0,42700,34654,-8598,0,-8782,0,-6342,-180,1400,10976.88
age37-130363,2027/28,39,22,11,9,0,0,2,128,77,155698.99,81870.11,81870.11,0.0,37950,57589,-1794,0,-84,0,-6005.04,0,0,-5785.85
age37-130363,2028/29,40,11,9,2,0,0,3,121,78,198860.38,43161.39,43161.39,0.0,0,52112,-1872,0,0,-1235,-1283.28,0,450,-5010.33
age37-130363,2029/30,41,19,7,12,0,0,2,142,79,252635.33,53774.95,53774.95,0.0,18850,48222,-1872,0,-38,0,-6288.8,0,1400,-6498.25
age37-130363,2030/31,42,16,3,13,0,0,2,104,79,312634.94,59999.61,59999.61,0.0,6750,66449,-1872,0,-84,0,-5431.24,-360,1000,-6452.15
age37-130363,2031/32,43,11,7,4,0,0,3,139,79,357173.46,44538.52,44538.52,0.0,125,52604,-1872,0,0,-375,-1436.16,0,200,-4707.32
age37-130363,2032/33,44,8,2,6,0,0,0,98,79,378106.46,20933.0,20933.0,0.0,0,27612,-1872,0,0,-375,-1436.16,-360,50,-2685.84
age37-130363,2033/34,45,14,8,6,0,0,1,100,79,395541.04,17434.58,17434.58,0.0,250,23696,-1872,0,0,-375,-1568.28,-360,200,-2536.14
age37-130363,2034/35,46,8,3,5,0,0,0,67,77,410824.8,15283.76,15283.76,0.0,0,22564,-1872,0,0,-1235,-1597.8,-180,-50,-2345.44
age37-130363,2035/36,47,6,1,5,0,0,0,62,76,427748.12,16923.32,16923.32,0.0,0,23027,-1872,0,-84,-375,-1436.16,0,-50,-2286.52
age37-130363,2036/37,48,8,4,4,0,0,0,63,75,442101.31,14353.19,14353.19,0.0,0,20260,-1872,0,-38,-375,-1436.16,0,-50,-2135.65
age37-130363,2037/38,49,8,3,5,0,0,0,93,74,456979.75,14878.44,14878.44,0.0,0,20742,-1872,0,0,-375,-1436.16,0,-50,-2130.4
age37-130363,2038/39,50,7,2,5,0,0,0,96,73,467751.3,10771.55,10771.55,0.0,0,16380,-1872,0,0,-375,-1436.16,-180,50,-1795.29
age37-130363,2039/40,51,7,1,6,0,0,0,65,72,481842.15,14090.85,14090.85,0.0,0,20872,-1872,0,0,-1235,-1436.16,0,-50,-2187.99
age37-130363,2040/41,52,8,0,8,0,0,0,61,70,493239.61,11397.46,11397.46,0.0,0,16699,-156,0,0,-1335,-2040.36,0,50,-1820.18
age37-130363,2041/42,53,6,1,5,0,0,0,45,69,497788.72,4549.11,4549.11,0.0,0,9476,-1755,0,0,-375,-1597.8,0,50,-1249.09
age37-130363,2042/43,54,6,0,6,0,0,0,68,67,511766.26,13977.54,13977.54,0.0,0,19758,-1833,0,0,-375,-1470.36,0,-50,-2052.1
age37-130363,2043/44,55,7,2,5,0,0,0,56,66,526390.72,14624.46,14624.46,0.0,0,20534,-1872,0,0,-375,-1499.88,0,-50,-2112.66
age37-130363,2044/45,56,6,1,5,0,0,0,37,64,542891.84,16501.12,16501.12,0.0,0,22784,-1872,0,-84,-375,-1436.16,-180,-50,-2285.72
age37-130363,2045/46,57,8,0,8,0,0,0,53,62,555484.5,12592.66,12592.66,0.0,0,19928,-1872,0,0,-1335,-2006.16,0,-50,-2072.18
age37-130363,2046/47,58,8,0,8,0,0,0,47,59,557840.22,2355.72,2355.72,0.0,0,9028,-1872,0,0,-1335,-2001.48,-180,-50,-1233.8
age37-130363,2047/48,59,6,0,6,0,0,0,33,57,562682.52,4842.3,4842.3,0.0,0,9741,-1872,0,0,-375,-1568.28,0,200,-1283.42
age37-130363,2048/49,60,6,0,6,0,0,0,30,55,576614.91,13932.39,13932.39,0.0,0,19908,-1872,0,0,-375,-1632,0,-50,-2046.61
age37-130363,2049/50,61,6,0,6,0,0,0,23,52,589072.83,12457.92,12457.92,0.0,0,18382,-1872,0,-38,-375,-1632,0,-50,-1957.08
age37-130363,2050/51,62,6,0,6,0,0,0,22,50,601384.11,12311.28,12311.28,0.0,0,18187,-1872,0,0,-375,-1632,0,-50,-1946.72
age37-130363,2051/52,63,8,0,8,0,0,0,42,47,610152.17,8768.06,8768.06,0.0,0,15974,-1872,0,0,-1335,-2202,0,-50,-1746.94
age37-130363,2052/53,64,6,0,6,0,0,0,30,45,615194.16,5041.99,5041.99,0.0,0,10168,-1872,0,0,-375,-1534.08,0,-50,-1294.93
age37-130363,2053/54,65,6,0,6,0,0,0,20,42,629305.08,14110.92,14110.92,0.0,0,19888,-1872,0,0,-375,-1436.16,0,-50,-2043.92
age38-104729,2026/27,39,20,10,10,0,0,0,99,76,71373.07,63373.07,63373.07,0.0,39450,37310,-10314,0,-8782,0,-6342,0,800.0,11251.07
age38-104729,2027/28,40,19,8,11,0,0,3,136,77,150780.79,79407.72,79407.72,0.0,37700,55294,-1365,0,0,0,-6798,0,0,-5423.28
age38-104729,2028/29,41,17,15,2,0,0,7,118,77,188737.26,37956.47,37956.47,0.0,2190,42960,-585,0,-84,-1235,-1185.36,0,450,-4554.17
age38-104729,2029/30,42,18,5,12,0,0,3,114,78,214054.26,25317,25317,0,7000,30243,-1872,0,-38,0,-6323,0,800,-4493
age38-104729,2030/31,43,16,3,13,0,0,1,101,78,272139.98,58085.72,58085.72,0.0,11750,60821,-1872,0,-84,0,-6228,-180,1000,-7121.28
age38-104729,2031/32,44,16,12,4,1,0,4,127,78,316887.14,44747.16,44747.16,0.0,1750,45970,-1872,0,0,-375,-1499.88,0,450,324.04
age38-104729,2032/33,45,10,6,4,0,0,0,91,78,336587.42,19700.28,19700.28,0.0,540,25522,-1872,0,0,-375,-1436.16,0,50,-2728.56
age38-104729,2033/34,46,6,0,6,0,0,2,118,77,345033.86,8446.44,8446.44,0.0,0,13696,-1872,0,0,-375,-1436.16,-180,200,-1586.4
age38-104729,2034/35,47,8,0,8,0,0,0,83,76,347463.62,2429.76,2429.76,0.0,0,8788,-1872,0,0,-1335,-2138.28,0,200,-1212.96
age38-104729,2035/36,48,7,1,6,0,0,1,102,75,353049.2,5585.58,5585.58,0.0,0,10922,-1872,0,-122,-375,-1632,0,50,-1385.42
age38-104729,2036/37,49,9,4,5,0,0,0,96,74,366132.34,13083.14,13083.14,0.0,0,18701,-1872,0,0,-375,-1436.16,0,150,-2084.7
age38-104729,2037/38,50,7,1,6,0,0,1,117,73,384468.61,18336.27,18336.27,0.0,0,24430,-1872,0,0,-375,-1632,0,200,-2414.73
age38-104729,2038/39,51,6,0,6,0,0,0,82,72,401751.81,17283.2,17283.2,0.0,0,23747,-1872,0,0,-375,-1632,-180,-50,-2354.8
age38-104729,2039/40,52,10,3,7,0,0,0,69,71,414064.27,12312.46,12312.46,0.0,0,19678,-1872,0,0,-1335,-2001.48,0,-50,-2107.06
age38-104729,2040/41,53,9,2,7,0,0,0,76,70,427499.91,13435.64,13435.64,0.0,0,20983,-1872,0,0,-1335,-2138.28,0,-50,-2152.08
age38-104729,2041/42,54,7,2,5,0,0,0,51,69,444785.86,17285.95,17285.95,0.0,0,23425,-1755,0,0,-375,-1632,0,-50,-2327.05
age38-104729,2042/43,55,6,1,5,0,0,0,59,67,462017.16,17231.3,17231.3,0.0,0,22418,-975,0,0,-375,-1632,0,50,-2254.7
age38-104729,2043/44,56,6,0,6,0,0,0,53,65,475817.98,13800.82,13800.82,0.0,0,18948,-1014,0,-84,-375,-1632,0,-50,-1992.18
age38-104729,2044/45,57,6,0,6,0,0,0,38,64,489555.98,13738.0,13738.0,0.0,0,19390,-1872,0,0,-375,-1436.16,0,50,-2018.84
age38-104729,2045/46,58,8,0,8,0,0,0,46,62,497891.24,8335.26,8335.26,0.0,0,15528,-1872,0,0,-1335,-2202,0,-50,-1733.74
age38-104729,2046/47,59,8,0,8,0,0,0,41,60,500892.6,3001.36,3001.36,0.0,0,10076,-1872,0,0,-1335,-2133.6,-360,-50,-1324.04
age38-104729,2047/48,60,6,1,5,0,0,0,29,58,505592.61,4700.01,4700.01,0.0,0,9661,-1872,0,-38,-375,-1436.16,0,50,-1289.83
age38-104729,2048/49,61,6,0,6,0,0,0,29,56,514448.69,8856.08,8856.08,0.0,0,14348,-1872,0,0,-375,-1568.28,0,-50,-1626.64
age38-104729,2049/50,62,7,1,6,0,0,0,37,53,523086.83,8638.14,8638.14,0.0,0,13869,-1872,0,0,-375,-1436.16,0,50,-1597.7
age38-104729,2050/51,63,6,0,6,0,0,0,39,51,538457.73,15370.9,15370.9,0.0,0,21365,-1872,0,0,-375,-1632,0,50,-2165.1
age38-104729,2051/52,64,8,0,8,0,0,0,28,49,546510.3,8052.57,8052.57,0.0,0,15222,-1872,0,0,-1335,-2202,0,-50,-1710.43
age38-104729,2052/53,65,6,0,6,0,0,0,27,47,551102.06,4591.76,4591.76,0.0,0,9765,-1872,0,0,-375,-1597.8,0,-50,-1278.44
age38-130363,2026/27,39,20,10,10,0,0,3,113,76,73828.88,65828.88,65828.88,0.0,42700,34654,-8598,0,-8782,0,-6342,-180,1400,10976.88
age38-130363,2027/28,40,22,11,9,0,0,2,128,77,155698.99,81870.11,81870.11,0.0,37950,57589,-1794,0,-84,0,-6005.04,0,0,-5785.85
age38-130363,2028/29,41,18,16,2,2,0,4,136,77,226664.14,70965.15,70965.15,0.0,16850,51913,-1872,0,0,-375,-1568.28,0,450,5567.43
age38-130363,2029/30,42,23,10,12,0,0,3,111,77,280802.45,54138.31,54138.31,0.0,20500,47777,-1872,0,-122,0,-6193.8,0,400,-6350.89
age38-130363,2030/31,43,16,3,12,0,0,1,102,77,339263.76,58461.31,58461.31,0.0,6000,66617,-1872,0,0,0,-5431.24,-180,0,-6672.45
age38-130363,2031/32,44,13,9,4,1,0,1,103,77,390527.7,51263.94,51263.94,0.0,1000,52760,-1872,0,0,-375,-1436.16,-180,200,1167.1
age38-130363,2032/33,45,12,7,5,0,0,2,110,77,411353.5,20825.8,20825.8,0.0,125,27612,-1872,0,0,-375,-1436.16,-360,-50,-2818.04
age38-130363,2033/34,46,11,6,5,0,0,1,104,76,428948.28,17594.78,17594.78,0.0,500,23696,-1872,0,-122,-375,-1568.28,-180,50,-2533.94
age38-130363,2034/35,47,8,1,7,0,0,1,106,76,437895.66,8947.38,8947.38,0.0,0,15846,-1872,0,0,-1335,-2001.48,0,50,-1740.14
age38-130363,2035/36,48,12,7,5,0,0,0,88,75,441846.73,3951.07,3951.07,0.0,250,8717,-1872,0,0,-375,-1499.88,-180,200,-1289.05
age38-130363,2036/37,49,6,1,5,0,0,0,71,74,447384.75,5538.02,5538.02,0.0,0,10620,-1872,0,0,-375,-1436.16,0,-50,-1348.82
age38-130363,2037/38,50,8,2,6,0,0,1,117,72,459251.01,11866.26,11866.26,0.0,62.5,17603,-1872,0,0,-375,-1632,0,-50,-1870.24
age38-130363,2038/39,51,7,1,6,0,0,0,87,71,473943.55,14692.54,14692.54,0.0,0,20712,-1872,0,0,-375,-1436.16,-180,-50,-2106.3
age38-130363,2039/40,52,6,0,6,0,0,0,64,70,489294.32,15350.77,15350.77,0.0,0,22257,-1872,0,0,-1235,-1499.88,0,-50,-2249.35
age38-130363,2040/41,53,10,2,8,0,0,0,79,69,502451.56,13157.24,13157.24,0.0,0,18851,-156,0,-84,-1335,-2006.16,-180,150,-2082.6
age38-130363,2041/42,54,6,1,5,0,0,0,77,67,517322.3,14870.74,14870.74,0.0,0,20708,-1755,0,0,-375,-1632,0,50,-2125.26
age38-130363,2042/43,55,6,0,6,0,0,0,46,65,529012.56,11690.26,11690.26,0.0,0,16920,-1833,0,0,-375,-1499.88,0,300,-1821.86
age38-130363,2043/44,56,6,1,5,0,0,0,40,63,541595.54,12582.98,12582.98,0.0,0,18390,-1872,0,0,-375,-1568.28,0,-50,-1941.74
age38-130363,2044/45,57,6,0,6,0,0,0,21,61,552891.22,11295.68,11295.68,0.0,0,16864,-1872,0,0,-375,-1436.16,0,-50,-1835.16
age38-130363,2045/46,58,8,0,8,0,0,0,26,59,564361.74,11470.52,11470.52,0.0,0,18796,-1872,0,-38,-1335,-2040.36,0,-50,-1990.12
age38-130363,2046/47,59,8,0,8,0,0,0,32,57,567836.78,3475.04,3475.04,0.0,0,10228,-1872,0,0,-1335,-2001.48,-180,-50,-1314.48
age38-130363,2047/48,60,7,1,6,0,0,0,55,54,573317.46,5480.68,5480.68,0.0,0,10594,-1872,0,0,-375,-1470.36,0,-50,-1345.96
age38-130363,2048/49,61,6,0,6,0,0,0,39,52,586107.8,12790.34,12790.34,0.0,0,18684,-1872,0,0,-375,-1632,0,-50,-1964.66
age38-130363,2049/50,62,6,0,6,0,0,0,27,50,596815.16,10707.36,10707.36,0.0,0,16440,-1872,0,0,-375,-1632,0,-50,-1803.64
age38-130363,2050/51,63,6,0,6,0,0,0,25,47,607606.02,10790.86,10790.86,0.0,0,16606,-1872,0,-84,-375,-1632,0,-50,-1802.14
age38-130363,2051/52,64,8,0,8,0,0,0,22,44,612164.22,4558.2,4558.2,0.0,0,11328,-1872,0,0,-1335,-2202,0,50,-1410.8
age38-130363,2052/53,65,6,0,6,0,0,0,14,42,616940.54,4776.32,4776.32,0.0,0,9958,-1872,0,0,-375,-1597.8,0,-50,-1286.88
age39-104729,2026/27,40,20,10,10,0,0,0,99,76,71373.07,63373.07,63373.07,0.0,39450,37310,-10314,0,-8782,0,-6342,0,800.0,11251.07
age39-104729,2027/28,41,21,9,12,0,0,3,136,76,145740.79,74367.72,74367.72,0.0,32750,55294,-1365,0,0,0,-7083,0,0,-5228.28
age39-104729,2028/29,42,18,14,4,1,0,3,122,76,198212.49,52471.7,52471.7,0.0,11450,43194,-585,0,-84,-375,-1436.16,0,300,7.86
age39-104729,2029/30,43,21,8,12,0,0,1,130,77,235824.12,37611.63,37611.63,0.0,20250,30357,-1872,0,-38,0,-6228,0,400,-5257.37
age39-104729,2030/31,44,16,3,13,0,0,2,130,77,291939.4,56115.28,56115.28,0.0,10250,60389,-1872,0,-84,0,-6133,-360,0,-6074.72
age39-104729,2031/32,45,11,7,4,0,0,1,127,77,330541.54,38602.14,38602.14,0.0,250,46054,-1872,0,0,-375,-1499.88,0,200,-4154.98
age39-104729,2032/33,46,13,9,4,1,0,1,121,76,353368.62,22827.08,22827.08,0.0,1000,25522,-1872,0,0,-375,-1436.16,-360,150,198.24
age39-104729,2033/34,47,6,1,5,0,0,2,123,75,371670.52,18301.9,18301.9,0.0,0,24328,-1872,0,0,-375,-1568.28,0,200,-2410.82
age39-104729,2034/35,48,10,3,7,0,0,0,71,75,380105.7,8435.18,8435.18,0.0,0,15652,-1872,0,-122,-1335,-2202,0,200,-1885.82
age39-104729,2035/36,49,7,1,6,0,0,0,64,74,385409.42,5303.72,5303.72,0.0,0,10322,-1872,0,0,-375,-1632,0,200,-1339.28
age39-104729,2036/37,50,7,1,6,0,0,0,52,73,397922.48,12513.06,12513.06,0.0,0,18179,-1872,0,0,-375,-1436.16,0,-50,-1932.78
age39-104729,2037/38,51,6,0,6,0,0,0,53,71,415426.09,17503.61,17503.61,0.0,0,23780,-1872,0,0,-375,-1632,0,-50,-2347.39
age39-104729,2038/39,52,6,0,6,0,0,0,53,70,423387.47,7961.38,7961.38,0.0,0,13456,-1872,0,0,-375,-1632,0,-50,-1565.62
age39-104729,2039/40,53,9,1,8,0,0,0,53,69,425039.61,1652.14,1652.14,0.0,0,8333,-1872,0,0,-1335,-2202,0,-50,-1221.86
age39-104729,2040/41,54,9,2,7,0,0,0,76,68,426229.02,1189.41,1189.41,0.0,0,8022,-1872,0,0,-1335,-2202,-180,-50,-1193.59
age39-104729,2041/42,55,6,0,6,0,0,0,46,66,429772.36,3543.34,3543.34,0.0,0,8514,-1755,0,0,-375,-1597.8,0,-50,-1192.86
age39-104729,2042/43,56,6,1,5,0,0,0,38,65,435970,6197.64,6197.64,0.0,0,10388,-975,0,-84,-375,-1470.36,0,50,-1336.0
age39-104729,2043/44,57,6,0,6,0,0,0,48,63,446947.16,10977.16,10977.16,0.0,0,15798,-1014,0,0,-375,-1632,0,-50,-1749.84
age39-104729,2044/45,58,6,0,6,0,0,0,36,61,460405.16,13458.0,13458.0,0.0,0,19390,-1872,0,0,-375,-1436.16,-180,-50,-2018.84
age39-104729,2045/46,59,8,0,8,0,0,0,32,59,468560.42,8155.26,8155.26,0.0,0,15528,-1872,0,0,-1335,-2202,-180,-50,-1733.74
age39-104729,2046/47,60,8,0,8,0,0,0,25,57,471741.78,3181.36,3181.36,0.0,0,10076,-1872,0,0,-1335,-2133.6,-180,-50,-1324.04
age39-104729,2047/48,61,6,0,6,0,0,0,35,55,476379.79,4638.01,4638.01,0.0,0,9661,-1872,0,0,-375,-1436.16,0,-50,-1289.83
age39-104729,2048/49,62,6,0,6,0,0,0,32,53,485197.87,8818.08,8818.08,0.0,0,14348,-1872,0,-38,-375,-1568.28,0,-50,-1626.64
age39-104729,2049/50,63,6,0,6,0,0,0,37,50,493862.95,8665.08,8665.08,0.0,0,14012,-1872,0,0,-375,-1436.16,0,-50,-1613.76
age39-104729,2050/51,64,6,0,6,0,0,0,27,48,502412.86,8549.91,8549.91,0.0,0,14107,-1872,0,0,-375,-1632,0,-50,-1628.09
age39-104729,2051/52,65,8,0,8,0,0,0,19,46,509259.96,6847.1,6847.1,0.0,0,13601,-1872,0,0,-1335,-2001.48,0,50,-1595.42
age39-130363,2026/27,40,20,10,10,0,0,3,113,76,73828.88,65828.88,65828.88,0.0,42700,34654,-8598,0,-8782,0,-6342,-180,1400,10976.88
age39-130363,2027/28,41,21,9,10,0,0,1,107,76,156531.79,82702.91,82702.91,0.0,38950,57589,-1794,0,-84,0,-6255.84,0,0,-5702.25
age39-130363,2028/29,42,12,8,4,0,0,1,137,76,198937.5,42405.71,42405.71,0.0,0,51703,-1872,0,0,-1235,-1568.28,0,300,-4922.01
age39-130363,2029/30,43,9,1,8,0,0,0,95,76,218439.29,19501.79,19501.79,0.0,0,27596,-1872,0,0,-1335,-2001.48,-180,-50,-2655.73
age39-130363,2030/31,44,13,9,4,1,0,2,108,76,240307.28,21867.99,21867.99,0.0,1000,24168,-1872,0,-38,-375,-1436.16,-180,450,151.15
age39-130363,2031/32,45,12,8,4,0,0,1,107,76,256644.66,16337.38,16337.38,0.0,500,21626,-1872,0,0,-375,-1436.16,0,300,-2405.46
age39-130363,2032/33,46,9,4,5,0,0,0,96,75,269643.64,12998.98,12998.98,0.0,62.5,19020,-1872,0,-84,-375,-1436.16,-360,50,-2006.36
age39-130363,2033/34,47,6,1,5,0,0,0,54,75,287474.56,17830.92,17830.92,0.0,0,24148,-1872,0,0,-375,-1436.16,-180,-50,-2403.92
age39-130363,2034/35,48,10,3,7,0,0,0,98,74,296823.86,9349.3,9349.3,0.0,0,16306,-1872,0,0,-1335,-2069.88,0,200,-1879.82
age39-130363,2035/36,49,7,2,5,0,0,0,81,73,302853.95,6030.09,6030.09,0.0,0,11111,-1872,0,0,-375,-1499.88,0,50,-1384.03
age39-130363,2036/37,50,8,3,5,0,0,0,89,72,308466.43,5612.48,5612.48,0.0,0,10491,-1872,0,0,-375,-1436.16,0,200,-1395.36
age39-130363,2037/38,51,6,0,6,0,0,1,112,71,318983.49,10517.06,10517.06,0.0,0,16213,-1872,0,0,-375,-1632,0,-50,-1766.94
age39-130363,2038/39,52,8,3,5,0,0,0,47,69,333088.99,14105.5,14105.5,0.0,0,19911,-1872,0,0,-375,-1436.16,0,-50,-2072.34
age39-130363,2039/40,53,6,0,6,0,0,0,54,68,347882.71,14793.72,14793.72,0.0,0,21617,-1872,0,-38,-1235,-1436.16,0,-50,-2192.12
age39-130363,2040/41,54,8,0,8,0,0,0,34,67,361466.78,13584.07,13584.07,0.0,0,19234,-156,0,-84,-1335,-2006.16,0,-50,-2018.77
age39-130363,2041/42,55,6,1,5,0,0,0,55,65,365219.56,3752.78,3752.78,0.0,0,8517,-1755,0,0,-375,-1499.88,0,50,-1184.34
age39-130363,2042/43,56,6,0,6,0,0,0,55,63,375879.88,10660.32,10660.32,0.0,0,16278,-1833,0,0,-375,-1568.28,0,-50,-1791.4
age39-130363,2043/44,57,6,0,6,0,0,0,40,61,388629.48,12749.6,12749.6,0.0,0,18608,-1872,0,0,-375,-1597.8,0,-50,-1963.6
age39-130363,2044/45,58,6,0,6,0,0,0,51,59,403041.6,14412.12,14412.12,0.0,0,20356,-1872,0,0,-375,-1470.36,-180,50,-2096.52
age39-130363,2045/46,59,8,0,8,0,0,0,37,57,412473.0,9431.4,9431.4,0.0,0,16700,-1872,0,0,-1335,-2202,0,-50,-1809.6
age39-130363,2046/47,60,8,0,8,0,0,0,28,54,415845.56,3372.56,3372.56,0.0,0,9848,-1872,0,0,-1335,-1937.76,0,-50,-1280.68
age39-130363,2047/48,61,6,0,6,0,0,0,43,51,420027.6,4182.04,4182.04,0.0,0,9331,-1872,0,0,-375,-1597.8,0,-50,-1254.16
age39-130363,2048/49,62,6,0,6,0,0,0,27,49,434023.71,13996.11,13996.11,0.0,0,19908,-1872,0,0,-375,-1568.28,0,-50,-2046.61
age39-130363,2049/50,63,6,0,6,0,0,0,13,46,445036.6,11012.89,11012.89,0.0,0,16732,-1872,0,0,-375,-1597.8,0,-50,-1824.31
age39-130363,2050/51,64,6,0,6,0,0,0,21,44,451189.11,6152.51,6152.51,0.0,0,11400,-1872,0,-84,-375,-1470.36,0,-50,-1396.13
age39-130363,2051/52,65,8,0,8,0,0,0,24,42,458277.81,7088.7,7088.7,0.0,0,14015,-1872,0,0,-1335,-2069.88,0,-50,-1599.42
age41-104729,2026/27,42,22,9,13,0,0,1,130,74,62021.95,54021.95,54021.95,0.0,34862.5,32320,-8598,0,-8782,0,-7302,0,800.0,10721.45
age41-104729,2027/28,43,19,6,13,0,0,2,127,74,126311.63,64289.68,64289.68,0.0,21512.5,53438,-1794,0,0,0,-6923.4,-180,1000,-2763.42
age41-104729,2028/29,44,12,7,5,0,0,2,111,74,162696.58,36384.95,36384.95,0.0,0,45326,-1872,0,-84,-1235,-1568.28,0,300,-4481.77
age41-104729,2029/30,45,9,2,7,0,0,1,117,74,179408.25,16711.67,16711.67,0.0,0,24545,-1872,0,0,-1335,-2202,0,50,-2474.33
age41-104729,2030/31,46,12,7,5,0,0,1,105,74,197601.02,18192.77,18192.77,0.0,500,23964,-1872,0,-38,-375,-1632,0,200,-2554.23
age41-104729,2031/32,47,13,8,5,0,0,2,107,74,208824.73,11223.71,11223.71,0.0,250,16890,-1872,0,0,-375,-1632,0,-50,-1987.29
age41-104729,2032/33,48,8,3,5,0,0,0,63,73,223566.61,14741.88,14741.88,0.0,0,20471,-1872,0,-84,-375,-1436.16,0,200,-2161.96
age41-104729,2033/34,49,6,1,5,0,0,0,76,72,242005.88,18439.27,18439.27,0.0,0,24835,-1872,0,0,-375,-1568.28,-180,50,-2450.45
age41-104729,2034/35,50,8,0,8,0,0,0,72,71,251570.0,9564.12,9564.12,0.0,0,16850,-1872,0,0,-1335,-2202,0,-50,-1826.88
age41-104729,2035/36,51,6,1,5,0,0,0,67,70,256727.53,5157.53,5157.53,0.0,0,10431,-1872,0,0,-375,-1632,0,-50,-1344.47
age41-104729,2036/37,52,6,1,5,0,0,0,60,69,272238.9,15511.37,15511.37,0.0,0,19801,-585,0,0,-375,-1436.16,0,150,-2043.47
age41-104729,2037/38,53,7,2,5,0,0,0,76,68,286251.93,14013.03,14013.03,0.0,0,19613,-1443,0,0,-375,-1632,0,-50,-2099.97
age41-104729,2038/39,54,6,0,6,0,0,0,49,66,302782.54,16530.61,16530.61,0.0,0,22635,-1872,0,0,-375,-1632,0,50,-2275.39
age41-104729,2039/40,55,8,1,7,0,0,0,63,66,311377.43,8594.89,8594.89,0.0,0,15802,-1872,0,0,-1335,-2202,0,-50,-1748.11
age41-104729,2040/41,56,9,1,8,0,0,0,62,64,315445.55,4068.12,4068.12,0.0,0,11076,-1872,0,0,-1335,-2001.48,-360,-50,-1389.4
age41-104729,2041/42,57,7,1,6,0,0,0,57,62,329445.96,14000.41,14000.41,0.0,0,19841,-1755,0,-38,-375,-1568.28,0,-50,-2054.31
age41-104729,2042/43,58,6,0,6,0,0,0,29,60,342993.26,13547.3,13547.3,0.0,0,19550,-1833,0,-84,-375,-1632,0,-50,-2028.7
age41-104729,2043/44,59,6,0,6,0,0,0,33,58,356112.42,13119.16,13119.16,0.0,0,19038,-1872,0,0,-375,-1632,0,-50,-1989.84
age41-104729,2044/45,60,6,0,6,0,0,0,22,56,370092.72,13980.3,13980.3,0.0,0,19652,-1872,0,0,-375,-1436.16,0,50,-2038.54
age41-104729,2045/46,61,8,0,8,0,0,0,35,54,378427.98,8335.26,8335.26,0.0,0,15528,-1872,0,0,-1335,-2202,0,-50,-1733.74
age41-104729,2046/47,62,8,0,8,0,0,0,31,52,381793.96,3365.98,3365.98,0.0,0,10276,-1872,0,0,-1335,-2133.6,-180,-50,-1339.42
age41-104729,2047/48,63,6,0,6,0,0,0,22,50,387839.71,6045.75,6045.75,0.0,0,11187,-1872,0,0,-375,-1436.16,0,-50,-1408.09
age41-104729,2048/49,64,6,0,6,0,0,0,30,47,400970.63,13130.92,13130.92,0.0,0,19002,-1872,0,0,-375,-1568.28,0,-50,-2005.8
age41-104729,2049/50,65,6,0,6,0,0,0,14,45,410841.49,9870.86,9870.86,0.0,0,15326,-1872,0,0,-375,-1436.16,0,-50,-1721.98
age41-130363,2026/27,42,19,6,13,0,0,0,76,74,63625.32,55625.32,55625.32,0.0,32350,31854,-7234,0,-8782,0,-6703,0,1000,13140.32
age41-130363,2027/28,43,17,5,10,0,0,1,113,74,124613.8,60988.48,60988.48,0.0,22000,49947,-3158,0,0,0,-6216.6,0,1000,-2583.92
age41-130363,2028/29,44,11,6,5,0,0,3,130,74,170001.0,45387.2,45387.2,0.0,0,54810,-1872,0,-84,-1235,-1470.36,0,300,-5061.44
age41-130363,2029/30,45,8,1,7,0,0,0,78,74,190372.9,20371.9,20371.9,0.0,0,28725,-1872,0,0,-1335,-2001.48,-360,-50,-2734.62
age41-130363,2030/31,46,12,7,5,0,0,0,64,73,208470.84,18097.94,18097.94,0.0,500,23898,-1872,0,-38,-375,-1436.16,0,-50,-2528.9
age41-130363,2031/32,47,10,5,5,0,0,1,103,73,224794.26,16323.42,16323.42,0.0,250,21578,-1872,0,0,-375,-1436.16,0,450,-2271.42
age41-130363,2032/33,48,7,1,6,0,0,0,57,72,239625.46,14831.2,14831.2,0.0,0,21102,-1872,0,0,-375,-1632,-180,-50,-2161.8
age41-130363,2033/34,49,6,1,5,0,0,0,51,71,256391.34,16765.88,16765.88,0.0,0,22930,-1872,0,0,-375,-1632,-180,200,-2305.12
age41-130363,2034/35,50,8,1,7,0,0,0,62,70,265723.64,9332.3,9332.3,0.0,0,16416,-1872,0,0,-1335,-2035.68,0,-50,-1791.02
age41-130363,2035/36,51,6,1,5,0,0,0,65,69,269783.31,4059.67,4059.67,0.0,0,8711,-1443,0,-84,-375,-1499.88,0,-50,-1199.45
age41-130363,2036/37,52,8,2,6,0,0,0,80,67,276017.75,6234.44,6234.44,0.0,62.5,10116,-585,0,0,-375,-1436.16,-180,-50,-1317.9
age41-130363,2037/38,53,6,0,6,0,0,0,60,66,288306.07,12288.32,12288.32,0.0,0,18125,-1872,0,0,-375,-1632,0,-50,-1907.68
age41-130363,2038/39,54,6,0,6,0,0,0,42,64,303472.73,15166.66,15166.66,0.0,0,21033,-1872,0,0,-375,-1436.16,0,-50,-2133.18
age41-130363,2039/40,55,8,0,8,0,0,0,47,63,312865.16,9392.43,9392.43,0.0,0,16398,-1872,0,0,-1335,-2069.88,0,50,-1778.69
age41-130363,2040/41,56,8,0,8,0,0,0,37,61,316606.45,3741.29,3741.29,0.0,0,10589,-1872,0,0,-1335,-2069.88,-180,-50,-1340.83
age41-130363,2041/42,57,6,0,6,0,0,0,33,59,321702.14,5095.69,5095.69,0.0,0,10208,-1755,0,0,-375,-1632,0,-50,-1300.31
age41-130363,2042/43,58,6,0,6,0,0,0,23,57,334929.3,13227.16,13227.16,0.0,0,18904,-1833,0,0,-375,-1436.16,0,-50,-1982.68
age41-130363,2043/44,59,6,0,6,0,0,0,20,54,349856.2,14926.9,14926.9,0.0,0,20894,-1872,0,0,-375,-1632,0,50,-2138.1
age41-130363,2044/45,60,6,0,6,0,0,0,25,52,365798.34,15942.14,15942.14,0.0,0,21932,-1872,0,-38,-375,-1436.16,0,-50,-2218.7
age41-130363,2045/46,61,8,0,8,0,0,0,37,50,378122.5,12324.16,12324.16,0.0,0,19940,-1872,0,-84,-1335,-2202,0,-50,-2072.84
age41-130363,2046/47,62,8,0,8,0,0,0,23,47,381125.24,3002.74,3002.74,0.0,0,9780,-1872,0,0,-1335,-2069.88,-180,-50,-1270.38
age41-130363,2047/48,63,6,0,6,0,0,0,26,45,385607.58,4482.34,4482.34,0.0,0,9669,-1872,0,0,-375,-1632,0,-50,-1257.66
age41-130363,2048/49,64,6,0,6,0,0,0,20,42,399770.77,14163.19,14163.19,0.0,0,20164,-1872,0,0,-375,-1632,0,-50,-2071.81
age41-130363,2049/50,65,6,0,6,0,0,0,16,40,410645.78,10875.01,10875.01,0.0,0,16606,-1872,0,0,-375,-1632,0,-50,-1801.99
age42-104729,2026/27,43,22,9,13,0,0,1,130,74,62021.95,54021.95,54021.95,0.0,34862.5,32320,-8598,0,-8782,0,-7302,0,800.0,10721.45
age42-104729,2027/28,44,19,6,13,0,0,1,121,74,126311.63,64289.68,64289.68,0.0,21512.5,53438,-1794,0,0,0,-6923.4,-180,1000,-2763.42
age42-104729,2028/29,45,16,11,5,0,0,4,119,74,163488.58,37176.95,37176.95,0.0,1290,45326,-1872,0,-84,-1235,-1568.28,0,-50,-4629.77
age42-104729,2029/30,46,9,2,7,0,0,0,88,73,180222.25,16733.67,16733.67,0.0,0,24545,-1872,0,-38,-1335,-2202,0,50,-2414.33
age42-104729,2030/31,47,6,1,5,0,0,0,61,73,197893.02,17670.77,17670.77,0.0,0,23964,-1872,0,0,-375,-1632,0,-50,-2364.23
age42-104729,2031/32,48,11,6,5,1,0,0,64,72,211616.21,13723.19,13723.19,0.0,1000,17042,-1872,0,0,-375,-1632,-180,200,-459.81
age42-104729,2032/33,49,8,3,5,0,0,0,69,72,220918.07,9301.86,9301.86,0.0,0,14936,-1872,0,0,-375,-1436.16,-180,-50,-1720.98
age42-104729,2033/34,50,11,6,5,0,0,0,63,71,238572.59,17654.52,17654.52,0.0,500,23771,-1872,0,-84,-375,-1568.28,-360,200,-2557.2
age42-104729,2034/35,51,8,1,7,0,0,0,78,70,245772.05,7199.46,7199.46,0.0,0,14229,-1872,0,0,-1335,-2202,-180,200,-1640.54
age42-104729,2035/36,52,6,0,6,0,0,0,60,69,250750.71,4978.66,4978.66,0.0,0,10219,-1872,0,0,-375,-1632,0,-50,-1311.34
age42-104729,2036/37,53,6,0,6,0,0,0,48,68,266062.08,15311.37,15311.37,0.0,0,19801,-585,0,0,-375,-1436.16,0,-50,-2043.47
age42-104729,2037/38,54,6,0,6,0,0,0,37,66,280267.23,14205.15,14205.15,0.0,0,19613,-1443,0,0,-375,-1499.88,0,-50,-2039.97
age42-104729,2038/39,55,6,0,6,0,0,0,59,65,296947.84,16680.61,16680.61,0.0,0,22635,-1872,0,0,-375,-1632,0,200,-2275.39
age42-104729,2039/40,56,8,0,8,0,0,0,40,64,305743.25,8795.41,8795.41,0.0,0,15802,-1872,0,0,-1335,-2001.48,0,-50,-1748.11
age42-104729,2040/41,57,8,1,7,0,0,0,52,62,309197.37,3454.12,3454.12,0.0,0,9876,-1872,0,0,-1335,-1937.76,-180,200,-1297.12
age42-104729,2041/42,58,6,0,6,0,0,0,42,60,312717.47,3520.1,3520.1,0.0,0,8584,-1755,0,-122,-375,-1568.28,0,-50,-1193.62
age42-104729,2042/43,59,6,1,5,0,0,0,35,58,317734.66,5017.19,5017.19,0.0,0,10088,-1833,0,0,-375,-1499.88,0,-50,-1312.93
age42-104729,2043/44,60,6,0,6,0,0,0,34,56,327899.66,10165.0,10165.0,0.0,0,15636,-1872,0,0,-375,-1436.16,0,-50,-1737.84
age42-104729,2044/45,61,6,0,6,0,0,0,38,53,341779.96,13880.3,13880.3,0.0,0,19652,-1872,0,0,-375,-1436.16,0,-50,-2038.54
age42-104729,2045/46,62,8,0,8,0,0,0,50,51,350183.62,8403.66,8403.66,0.0,0,15528,-1872,0,0,-1335,-2133.6,0,-50,-1733.74
age42-104729,2046/47,63,8,0,8,0,0,0,46,49,353638.31,3454.69,3454.69,0.0,0,10185,-1872,0,0,-1335,-2069.88,-180,50,-1323.43
age42-104729,2047/48,64,6,0,6,0,0,0,32,47,359660.87,6022.56,6022.56,0.0,0,11147,-1872,0,0,-375,-1436.16,0,-50,-1391.28
age42-104729,2048/49,65,6,0,6,0,0,0,12,45,372958.11,13297.24,13297.24,0.0,0,19104,-1872,0,0,-375,-1499.88,0,-50,-2009.88
age42-130363,2026/27,43,19,6,13,0,0,0,76,74,63625.32,55625.32,55625.32,0.0,32350,31854,-7234,0,-8782,0,-6703,0,1000,13140.32
age42-130363,2027/28,44,20,9,9,0,0,0,83,74,125706.9,62081.58,62081.58,0.0,23100,50335,-3158,0,0,0,-6159.6,0,1000,-3035.82
age42-130363,2028/29,45,17,12,5,0,0,1,117,74,171891.36,46184.46,46184.46,0.0,1440,54682,-1872,0,-84,-1235,-1470.36,0,200,-5476.18
age42-130363,2029/30,46,13,6,7,0,0,0,63,73,194413.41,22522.05,22522.05,0.0,1440,29339,-1872,0,-38,-1335,-2001.48,0,150,-3160.47
age42-130363,2030/31,47,6,0,6,0,0,0,92,73,212676.2,18262.79,18262.79,0.0,0,24168,-1872,0,0,-375,-1436.16,0,150,-2372.05
age42-130363,2031/32,48,7,1,6,0,0,0,63,72,228125.56,15449.36,15449.36,0.0,0,21356,-1872,0,0,-375,-1436.16,0,-50,-2173.48
age42-130363,2032/33,49,6,1,5,0,0,0,53,71,244752.13,16626.57,16626.57,0.0,0,23136,-1872,0,0,-375,-1632,-360,50,-2320.43
age42-130363,2033/34,50,6,0,6,0,0,0,46,70,260349.56,15597.43,15597.43,0.0,0,21138,-1872,0,0,-375,-1436.16,0,300,-2157.41
age42-130363,2034/35,51,8,1,7,0,0,0,72,69,269156.8,8807.24,8807.24,0.0,0,15796,-1872,0,-84,-1335,-2138.28,0,200,-1759.48
age42-130363,2035/36,52,6,0,6,0,0,0,46,67,274941.48,5784.68,5784.68,0.0,0,10537,-1443,0,0,-375,-1632,0,50,-1352.32
age42-130363,2036/37,53,6,1,5,0,0,0,61,66,281272.02,6330.54,6330.54,0.0,0,10057,-585,0,0,-375,-1499.88,0,50,-1316.58
age42-130363,2037/38,54,6,0,6,0,0,0,43,64,294408.13,13136.11,13136.11,0.0,0,18859,-1872,0,0,-375,-1436.16,0,-50,-1989.73
age42-130363,2038/39,55,6,0,6,0,0,0,31,62,309527.48,15119.35,15119.35,0.0,0,21177,-1872,0,0,-375,-1436.16,-180,-50,-2144.49
age42-130363,2039/40,56,8,0,8,0,0,0,31,61,318778.97,9251.49,9251.49,0.0,0,16210,-1872,0,0,-1335,-1937.76,0,-50,-1763.75
age42-130363,2040/41,57,8,0,8,0,0,0,30,58,322336.76,3557.79,3557.79,0.0,0,10204,-1872,0,0,-1335,-2069.88,0,-50,-1319.33
age42-130363,2041/42,58,6,0,6,0,0,0,34,57,326524.37,4187.61,4187.61,0.0,0,8822,-1755,0,0,-375,-1436.16,0,150,-1218.23
age42-130363,2042/43,59,6,0,6,0,0,0,27,54,335851.28,9326.91,9326.91,0.0,0,14750,-1833,0,0,-375,-1499.88,0,-50,-1665.21
age42-130363,2043/44,60,6,1,5,0,0,0,51,52,349883.63,14032.35,14032.35,0.0,0,19701,-1872,0,0,-375,-1436.16,0,50,-2035.49
age42-130363,2044/45,61,6,0,6,0,0,0,29,49,365874.0,15990.37,15990.37,0.0,0,21926,-1872,0,-84,-375,-1436.16,0,50,-2218.47
age42-130363,2045/46,62,8,0,8,0,0,0,21,46,378312.56,12438.56,12438.56,0.0,0,19940,-1872,0,-38,-1335,-2133.6,0,-50,-2072.84
age42-130363,2046/47,63,8,0,8,0,0,0,33,44,381389.73,3077.17,3077.17,0.0,0,9724,-1872,0,0,-1335,-1937.76,-180,-50,-1272.07
age42-130363,2047/48,64,6,0,6,0,0,0,13,42,386749.35,5359.62,5359.62,0.0,0,10562,-1872,0,0,-375,-1568.28,0,-50,-1337.1
age42-130363,2048/49,65,6,0,6,0,0,0,15,39,400976.26,14226.91,14226.91,0.0,0,20164,-1872,0,0,-375,-1568.28,0,-50,-2071.81
age43-104729,2026/27,44,22,9,13,0,0,1,130,74,62021.95,54021.95,54021.95,0.0,34862.5,32320,-8598,0,-8782,0,-7302,0,800.0,10721.45
age43-104729,2027/28,45,18,5,13,0,0,0,92,74,131766.87,69744.92,69744.92,0.0,26950,54264,-1794,0,0,0,-6672.6,0,0,-3002.48
age43-104729,2028/29,46,12,8,4,0,0,0,99,73,165934.31,34167.44,34167.44,0.0,0,42926,-1872,0,-84,-1235,-1568.28,0,300,-4299.28
age43-104729,2029/30,47,10,3,7,0,0,0,78,73,177634.12,11699.81,11699.81,0.0,0,19453,-1872,0,0,-1335,-2202,-180,50,-2214.19
age43-104729,2030/31,48,6,1,5,0,0,0,66,72,183095.95,5461.83,5461.83,0.0,0,10510,-1872,0,-38,-375,-1632,0,200,-1331.17
age43-104729,2031/32,49,11,5,6,0,0,0,80,72,193422.58,10326.63,10326.63,0.0,500,15336,-1872,0,0,-375,-1436.16,0,50,-1876.21
age43-104729,2032/33,50,7,2,5,0,0,0,83,71,207450.73,14028.15,14028.15,0.0,0,20083,-1872,0,0,-375,-1632,0,-50,-2125.85
age43-104729,2033/34,51,7,2,5,0,0,0,55,69,222300.31,14849.58,14849.58,0.0,0,20850,-1872,0,-84,-375,-1436.16,0,-50,-2183.26
age43-104729,2034/35,52,8,0,8,0,0,0,59,69,230248.86,7948.55,7948.55,0.0,0,15103,-1872,0,0,-1335,-2202,0,-50,-1695.45
age43-104729,2035/36,53,7,1,6,0,0,1,102,68,234977.16,4728.3,4728.3,0.0,0,10028,-1872,0,0,-375,-1632,0,-50,-1370.7
age43-104729,2036/37,54,6,0,6,0,0,0,79,66,247013.55,12036.39,12036.39,0.0,0,17426,-1443,0,0,-375,-1632,0,-50,-1889.61
age43-104729,2037/38,55,6,0,6,0,0,0,44,65,265880.64,18867.09,18867.09,0.0,0,23636,-585,0,0,-375,-1499.88,0,50,-2359.03
age43-104729,2038/39,56,6,0,6,0,0,0,49,63,281805.45,15924.81,15924.81,0.0,0,21817,-1872,0,0,-375,-1632,0,200,-2213.19
age43-104729,2039/40,57,8,0,8,0,0,0,48,61,290975.87,9170.42,9170.42,0.0,0,16200,-1872,0,0,-1335,-2001.48,0,-50,-1771.1
age43-104729,2040/41,58,8,0,8,0,0,0,58,60,294599.87,3624.0,3624.0,0.0,0,10240,-1872,0,0,-1335,-2138.28,0,50,-1320.72
age43-104729,2041/42,59,6,0,6,0,0,0,32,57,298898.98,4299.11,4299.11,0.0,0,9319,-1755,0,0,-375,-1597.8,0,-50,-1242.09
age43-104729,2042/43,60,6,0,6,0,0,0,37,56,309214.48,10315.5,10315.5,0.0,0,15488,-1833,0,0,-375,-1436.16,0,200,-1728.34
age43-104729,2043/44,61,6,0,6,0,0,0,35,53,320708.56,11494.08,11494.08,0.0,0,17236,-1872,0,-84,-375,-1499.88,0,-50,-1861.04
age43-104729,2044/45,62,6,0,6,0,0,0,30,51,334366.26,13657.7,13657.7,0.0,0,19452,-1872,0,-38,-375,-1436.16,0,-50,-2023.14
age43-104729,2045/46,63,8,0,8,0,0,0,34,49,342799.44,8433.18,8433.18,0.0,0,15528,-1872,0,0,-1335,-2104.08,0,-50,-1733.74
age43-104729,2046/47,64,8,0,8,0,0,0,25,47,346334.72,3535.28,3535.28,0.0,0,10336,-1872,0,0,-1335,-2202,0,-50,-1341.72
age43-104729,2047/48,65,6,0,6,0,0,0,15,45,352766.77,6432.05,6432.05,0.0,0,11663,-1872,0,0,-375,-1499.88,0,-50,-1434.07
age43-130363,2026/27,44,19,6,13,0,0,0,76,74,63625.32,55625.32,55625.32,0.0,32350,31854,-7234,0,-8782,0,-6703,0,1000,13140.32
age43-130363,2027/28,45,18,7,9,0,0,0,87,74,129324.7,65699.38,65699.38,0.0,26850,50335,-3158,0,0,0,-6159.6,0,1000,-3168.02
age43-130363,2028/29,46,12,10,2,0,0,1,104,73,174147.36,44822.66,44822.66,0.0,0,54307,-1872,0,-84,-1235,-1185.36,0,50,-5157.98
age43-130363,2029/30,47,17,4,13,0,0,1,109,72,210462.02,36314.66,36314.66,0.0,9750,39727,-1872,0,-38,0,-6228,-180,400,-5244.34
age43-130363,2030/31,48,14,1,13,0,0,0,86,71,268351.62,57889.6,57889.6,0.0,4750,66286,-1872,0,0,0,-5480.64,-540,2000,-7253.76
age43-130363,2031/32,49,9,3,6,0,0,0,66,70,316302.71,47951.09,47951.09,0.0,62.5,56499,-1872,0,-84,-375,-1436.16,0,50,-4893.25
age43-130363,2032/33,50,6,1,5,0,0,0,55,69,331455.63,15152.92,15152.92,0.0,0,21168,-1872,0,0,-375,-1568.28,-180,150,-2169.8
age43-130363,2033/34,51,6,0,6,0,0,0,77,68,346553.83,15098.2,15098.2,0.0,0,21062,-1872,0,0,-375,-1436.16,-180,50,-2150.64
age43-130363,2034/35,52,8,0,8,0,0,0,70,67,355098.93,8545.1,8545.1,0.0,0,15584,-1872,0,0,-1335,-2138.28,0,50,-1743.62
age43-130363,2035/36,53,7,2,5,0,0,0,35,65,361262.08,6163.15,6163.15,0.0,0,10849,-1443,0,0,-375,-1632,0,200,-1435.85
age43-130363,2036/37,54,7,1,6,0,0,0,43,64,367557.98,6295.9,6295.9,0.0,0,9856,-585,0,0,-375,-1499.88,0,200,-1300.22
age43-130363,2037/38,55,6,0,6,0,0,0,27,62,381974.87,14416.89,14416.89,0.0,0,20242,-1872,0,0,-375,-1436.16,0,-50,-2091.95
age43-130363,2038/39,56,6,0,6,0,0,0,32,61,393045.69,11070.82,11070.82,0.0,0,16616,-1872,0,0,-375,-1436.16,0,-50,-1812.02
age43-130363,2039/40,57,8,0,8,0,0,0,40,58,401026.17,7980.48,7980.48,0.0,0,14612,-1872,0,0,-1335,-1937.76,0,150,-1636.76
age43-130363,2040/41,58,8,0,8,0,0,0,21,56,404749.81,3723.64,3723.64,0.0,0,10316,-1872,0,-38,-1335,-2069.88,0,50,-1327.48
age43-130363,2041/42,59,6,0,6,0,0,0,21,54,408653.42,3903.61,3903.61,0.0,0,8822,-1755,0,-84,-375,-1436.16,0,-50,-1218.23
age43-130363,2042/43,60,6,0,6,0,0,0,29,52,417184.15,8530.73,8530.73,0.0,0,13898,-1833,0,0,-375,-1499.88,0,-50,-1609.39
age43-130363,2043/44,61,6,0,6,0,0,0,31,49,427066.48,9882.33,9882.33,0.0,0,15323,-1872,0,0,-375,-1436.16,0,-50,-1707.51
age43-130363,2044/45,62,6,0,6,0,0,0,18,46,441436.97,14370.49,14370.49,0.0,0,20186,-1872,0,0,-375,-1436.16,0,-50,-2082.35
age43-130363,2045/46,63,8,0,8,0,0,0,15,44,453526.09,12089.12,12089.12,0.0,0,19724,-1872,0,0,-1335,-2133.6,-180,-50,-2064.28
age43-130363,2046/47,64,8,0,8,0,0,0,20,41,456510.94,2984.85,2984.85,0.0,0,9627,-1872,0,0,-1335,-1937.76,-180,-50,-1267.39
age43-130363,2047/48,65,6,0,6,0,0,0,14,39,461870.56,5359.62,5359.62,0.0,0,10562,-1872,0,0,-375,-1568.28,0,-50,-1337.1
age44-104729,2026/27,45,22,9,13,0,0,1,130,74,62021.95,54021.95,54021.95,0.0,34862.5,32320,-8598,0,-8782,0,-7302,0,800.0,10721.45
age44-104729,2027/28,46,18,5,13,0,0,0,92,73,131766.87,69744.92,69744.92,0.0,26950,54264,-1794,0,0,0,-6672.6,0,0,-3002.48
age44-104729,2028/29,47,15,9,6,0,0,0,95,73,160038.57,28271.7,28271.7,0.0,450,36998,-1872,0,-84,-1335,-2138.28,0,200,-3947.02
age44-104729,2029/30,48,14,7,7,0,0,0,89,72,162874.7,2836.13,2836.13,0.0,0,10441,-1872,0,-38,-1335,-2202,-360,-50,-1747.87
age44-104729,2030/31,49,7,2,5,0,0,0,56,72,178241.4,15366.7,15366.7,0.0,0,20802,-1872,0,0,-375,-1499.88,0,450,-2138.42
age44-104729,2031/32,50,10,5,5,0,0,0,93,71,193163.96,14922.56,14922.56,0.0,250,20807,-1872,0,0,-375,-1436.16,-180,-50,-2221.28
age44-104729,2032/33,51,6,0,6,0,0,0,48,70,209088.73,15924.77,15924.77,0.0,0,21976,-1872,0,0,-375,-1632,0,50,-2222.23
age44-104729,2033/34,52,6,1,5,0,0,0,53,69,220428.81,11340.08,11340.08,0.0,0,16976,-1872,0,-84,-375,-1499.88,0,50,-1855.04
age44-104729,2034/35,53,8,0,8,0,0,0,54,68,224033.5,3604.69,3604.69,0.0,0,10335,-1872,0,0,-1335,-2138.28,0,-50,-1335.03
age44-104729,2035/36,54,7,1,6,0,0,0,63,66,229141.08,5107.58,5107.58,0.0,0,10268,-1872,0,0,-375,-1632,0,50,-1331.42
age44-104729,2036/37,55,6,0,6,0,0,0,39,65,244098.57,14957.49,14957.49,0.0,0,20083,-1443,0,0,-375,-1436.16,0,200,-2071.35
age44-104729,2037/38,56,6,1,5,0,0,0,43,63,262439.27,18340.7,18340.7,0.0,0,23313,-585,0,0,-375,-1632,0,-50,-2330.3
age44-104729,2038/39,57,6,0,6,0,0,0,53,61,278114.08,15674.81,15674.81,0.0,0,21817,-1872,0,0,-375,-1632,0,-50,-2213.19
age44-104729,2039/40,58,8,0,8,0,0,0,51,60,287284.5,9170.42,9170.42,0.0,0,16200,-1872,0,0,-1335,-2001.48,0,-50,-1771.1
age44-104729,2040/41,59,8,0,8,0,0,0,31,58,290778.52,3494.02,3494.02,0.0,0,10401,-1872,0,0,-1335,-2138.28,-180,-50,-1331.7
age44-104729,2041/42,60,6,0,6,0,0,0,34,55,295493.41,4714.89,4714.89,0.0,0,9806,-1755,0,0,-375,-1632,0,-50,-1279.11
age44-104729,2042/43,61,6,0,6,0,0,0,27,53,309390.83,13897.42,13897.42,0.0,0,19652,-1833,0,-122,-375,-1436.16,0,50,-2038.42
age44-104729,2043/44,62,6,0,6,0,0,0,24,51,324015.21,14624.38,14624.38,0.0,0,20536,-1872,0,0,-375,-1499.88,0,-50,-2114.74
age44-104729,2044/45,63,6,0,6,0,0,0,35,49,337710.91,13695.7,13695.7,0.0,0,19452,-1872,0,0,-375,-1436.16,0,-50,-2023.14
age44-104729,2045/46,64,8,0,8,0,0,0,19,47,346144.09,8433.18,8433.18,0.0,0,15528,-1872,0,0,-1335,-2104.08,0,-50,-1733.74
age44-104729,2046/47,65,8,0,8,0,0,0,20,45,349621.67,3477.58,3477.58,0.0,0,10276,-1872,0,0,-1335,-2202,0,-50,-1339.42
age44-130363,2026/27,45,19,6,13,0,0,0,76,74,63625.32,55625.32,55625.32,0.0,32350,31854,-7234,0,-8782,0,-6703,0,1000,13140.32
age44-130363,2027/28,46,15,4,9,0,0,0,94,73,121152.5,57527.18,57527.18,0.0,18250,50335,-3158,0,0,0,-6159.6,0,1000,-2740.22
age44-130363,2028/29,47,15,8,7,0,0,1,113,73,169618.74,48466.24,48466.24,0.0,3960,54639,-1872,0,-84,-1335,-2006.16,0,300,-5135.6
age44-130363,2029/30,48,13,6,7,0,0,1,109,72,191536.56,21917.82,21917.82,0.0,1200,29068,-1872,0,0,-1335,-2001.48,-180,200,-3161.7
age44-130363,2030/31,49,11,7,4,0,0,0,92,71,210073.95,18537.39,18537.39,0.0,250,24572,-1872,0,-38,-375,-1436.16,0,-50,-2513.45
age44-130363,2031/32,50,6,0,6,0,0,0,67,69,224594.65,14520.7,14520.7,0.0,0,20347,-1872,0,0,-375,-1436.16,0,-50,-2093.14
age44-130363,2032/33,51,7,1,6,0,0,0,88,69,238459.75,13865.1,13865.1,0.0,0,19548,-1872,0,0,-375,-1436.16,0,50,-2049.74
age44-130363,2033/34,52,6,1,5,0,0,0,68,67,256534.14,18074.39,18074.39,0.0,0,24214,-1872,0,0,-375,-1436.16,0,-50,-2406.45
age44-130363,2034/35,53,8,1,7,0,0,0,58,66,266318.79,9784.65,9784.65,0.0,0,16836,-1872,0,0,-1335,-2069.88,0,50,-1824.47
age44-130363,2035/36,54,6,0,6,0,0,0,61,64,272109.26,5790.47,5790.47,0.0,0,10589,-1443,0,-84,-375,-1499.88,0,-50,-1346.65
age44-130363,2036/37,55,6,0,6,0,0,0,52,63,278553.51,6444.25,6444.25,0.0,0,10216,-585,0,0,-375,-1436.16,0,-50,-1325.59
age44-130363,2037/38,56,6,0,6,0,0,0,38,61,290859.14,12305.63,12305.63,0.0,0,18144,-1872,0,0,-375,-1632,0,-50,-1909.37
age44-130363,2038/39,57,6,0,6,0,0,0,22,59,306020.03,15160.89,15160.89,0.0,0,21027,-1872,0,0,-375,-1436.16,0,-50,-2132.95
age44-130363,2039/40,58,8,0,8,0,0,0,34,56,315312.46,9292.43,9292.43,0.0,0,16398,-1872,0,0,-1335,-2069.88,0,-50,-1778.69
age44-130363,2040/41,59,8,0,8,0,0,0,35,54,319049.9,3737.44,3737.44,0.0,0,10477,-1872,0,0,-1335,-2069.88,-180,50,-1332.68
age44-130363,2041/42,60,6,0,6,0,0,0,35,52,324343.67,5293.77,5293.77,0.0,0,10315,-1755,0,0,-375,-1632,0,50,-1309.23
age44-130363,2042/43,61,6,0,6,0,0,0,23,49,337670.83,13327.16,13327.16,0.0,0,18904,-1833,0,0,-375,-1436.16,0,50,-1982.68
age44-130363,2043/44,62,6,0,6,0,0,0,29,47,352509.26,14838.43,14838.43,0.0,0,20907,-1872,0,0,-375,-1632,0,-50,-2139.57
age44-130363,2044/45,63,6,0,6,0,0,0,17,44,368265.63,15756.37,15756.37,0.0,0,21926,-1872,0,-38,-375,-1436.16,-180,-50,-2218.47
age44-130363,2045/46,64,8,0,8,0,0,0,13,42,380589.79,12324.16,12324.16,0.0,0,19940,-1872,0,-84,-1335,-2202,0,-50,-2072.84
age44-130363,2046/47,65,8,0,8,0,0,0,27,39,383477.14,2887.35,2887.35,0.0,0,9656,-1872,0,0,-1335,-2069.88,-180,-50,-1261.77
age45-104729,2026/27,46,22,9,13,0,0,0,87,74,62021.95,54021.95,54021.95,0.0,34862.5,32320,-8598,0,-8782,0,-7302,0,800.0,10721.45
age45-104729,2027/28,47,18,7,11,0,0,2,105,73,137733.95,75712.0,75712.0,0.0,28800,59946,-1794,0,-84,0,-6923.4,0,0,-4232.6
age45-104729,2028/29,48,9,2,7,0,0,0,97,72,162397.57,24663.62,24663.62,0.0,450,32377,-1872,0,0,-1335,-2138.28,0,300,-3118.1
age45-104729,2029/30,49,9,2,7,0,0,0,76,71,165119.39,2721.82,2721.82,0.0,0,9446,-1872,0,0,-1335,-2202,0,-50,-1265.18
age45-104729,2030/31,50,11,5,6,0,0,0,76,71,180553.02,15433.63,15433.63,0.0,250,21279,-1872,0,-38,-375,-1499.88,0,-50,-2260.49
age45-104729,2031/32,51,10,4,6,0,0,1,107,69,193000.58,12447.56,12447.56,0.0,125,18106,-1872,0,0,-375,-1568.28,0,50,-2018.16
age45-104729,2032/33,52,10,5,5,0,0,1,106,68,207954.28,14953.7,14953.7,0.0,125,21190,-1872,0,0,-375,-1632,-180,-50,-2252.3
age45-104729,2033/34,53,6,1,5,0,0,0,57,68,225930.92,17976.64,17976.64,0.0,0,24304,-1872,0,0,-375,-1632,0,-50,-2398.36
age45-104729,2034/35,54,8,0,8,0,0,0,43,66,239039.76,13108.84,13108.84,0.0,0,20772,-1872,0,-84,-1335,-2202,0,-50,-2120.16
age45-104729,2035/36,55,6,0,6,0,0,0,94,65,243764.58,4724.82,4724.82,0.0,0,9965,-1872,0,0,-375,-1632,0,-50,-1311.18
age45-104729,2036/37,56,6,0,6,0,0,0,54,63,257744.7,13980.12,13980.12,0.0,0,19645,-1872,0,0,-375,-1436.16,0,50,-2031.72
age45-104729,2037/38,57,6,0,6,0,0,0,41,62,270829.09,13084.39,13084.39,0.0,0,19005,-1872,0,0,-375,-1632,0,-50,-1991.61
age45-104729,2038/39,58,6,0,6,0,0,0,34,60,288003.97,17174.88,17174.88,0.0,0,23442,-1872,0,0,-375,-1632,0,-50,-2338.12
age45-104729,2039/40,59,8,0,8,0,0,0,51,58,296818.08,8814.11,8814.11,0.0,0,16038,-1872,0,0,-1335,-2202,0,-50,-1764.89
age45-104729,2040/41,60,8,0,8,0,0,0,67,56,301986.03,5167.95,5167.95,0.0,0,10215,-156,0,0,-1335,-2001.48,-180,-50,-1324.57
age45-104729,2041/42,61,6,0,6,0,0,0,27,53,306499.3,4513.27,4513.27,0.0,0,9524,-1755,0,0,-375,-1568.28,0,-50,-1262.45
age45-104729,2042/43,62,6,0,6,0,0,0,28,51,315116.58,8617.28,8617.28,0.0,0,13988,-1833,0,0,-375,-1499.88,0,-50,-1612.84
age45-104729,2043/44,63,6,0,6,0,0,0,19,49,321715.3,6598.72,6598.72,0.0,0,11856,-1872,0,-38,-375,-1568.28,0,50,-1454.0
age45-104729,2044/45,64,6,0,6,0,0,0,27,47,333873.24,12157.94,12157.94,0.0,0,17896,-1872,0,-84,-375,-1436.16,0,-50,-1920.9
age45-104729,2045/46,65,8,0,8,0,0,0,30,45,345727.86,11854.62,11854.62,0.0,0,19338,-1872,0,0,-1335,-2202,0,-50,-2024.38
age45-130363,2026/27,46,22,9,13,0,0,0,84,73,57716.18,49716.18,49716.18,0.0,30225,31154,-8598,0,-8782,0,-7302,0,1400,11619.18
age45-130363,2027/28,47,17,6,11,0,0,0,88,73,122522.07,64805.89,64805.89,0.0,19500,55499,-1794,0,0,0,-5693.76,0,0,-2705.35
age45-130363,2028/29,48,13,6,7,0,0,0,99,72,163069.25,40547.18,40547.18,0.0,0,50455,-1872,0,-84,-1335,-2074.56,0,150,-4692.26
age45-130363,2029/30,49,10,3,7,0,0,0,80,71,180527.89,17458.64,17458.64,0.0,0,25364,-1872,0,0,-1335,-2001.48,-180,50,-2566.88
age45-130363,2030/31,50,7,1,6,0,0,0,52,70,199038.14,18510.25,18510.25,0.0,0,24809,-1872,0,-38,-375,-1436.16,-180,50,-2447.59
age45-130363,2031/32,51,7,1,6,0,0,0,60,69,214806.94,15768.8,15768.8,0.0,0,21448,-1872,0,0,-375,-1436.16,0,200,-2196.04
age45-130363,2032/33,52,7,2,5,0,0,0,86,68,232892.23,18085.29,18085.29,0.0,0,24245,-1872,0,0,-375,-1499.88,0,50,-2462.83
age45-130363,2033/34,53,6,0,6,0,0,0,47,66,246624.44,13732.21,13732.21,0.0,0,19390,-1872,0,0,-375,-1436.16,0,50,-2024.63
age45-130363,2034/35,54,8,0,8,0,0,0,38,64,253719.47,7095.03,7095.03,0.0,0,14174,-1872,0,0,-1335,-2202,0,-50,-1619.97
age45-130363,2035/36,55,7,1,6,0,0,0,35,63,259173.87,5454.4,5454.4,0.0,0,10835,-1872,0,-84,-375,-1632,0,-50,-1367.6
age45-130363,2036/37,56,6,1,5,0,0,0,39,61,263978.95,4805.08,4805.08,0.0,0,9907,-1872,0,0,-375,-1499.88,0,-50,-1305.04
age45-130363,2037/38,57,6,0,6,0,0,0,37,59,275967.62,11988.67,11988.67,0.0,0,17762,-1872,0,0,-375,-1568.28,0,-50,-1908.05
age45-130363,2038/39,58,6,0,6,0,0,0,18,56,286988.34,11020.72,11020.72,0.0,0,16460,-1872,0,0,-375,-1436.16,0,50,-1806.12
age45-130363,2039/40,59,8,0,8,0,0,0,29,54,296484.82,9496.48,9496.48,0.0,0,14612,-156,0,0,-1335,-1937.76,0,-50,-1636.76
age45-130363,2040/41,60,8,0,8,0,0,0,30,52,300088.76,3603.94,3603.94,0.0,0,10244,-1872,0,0,-1335,-2069.88,0,-50,-1313.18
age45-130363,2041/42,61,6,0,6,0,0,0,35,49,304076.37,3987.61,3987.61,0.0,0,8822,-1755,0,0,-375,-1436.16,0,-50,-1218.23
age45-130363,2042/43,62,6,0,6,0,0,0,14,47,313310.98,9234.61,9234.61,0.0,0,14648,-1833,0,0,-375,-1499.88,0,-50,-1655.51
age45-130363,2043/44,63,6,0,6,0,0,0,13,44,326003.59,12692.61,12692.61,0.0,0,18504,-1872,0,0,-375,-1568.28,0,-50,-1946.11
age45-130363,2044/45,64,6,0,6,0,0,0,25,42,337305.11,11301.52,11301.52,0.0,0,16871,-1872,0,0,-375,-1436.16,0,-50,-1836.32
age45-130363,2045/46,65,8,0,8,0,0,0,17,39,348451.89,11146.78,11146.78,0.0,0,18624,-1872,0,-84,-1335,-2167.8,0,-50,-1968.42
age46-104729,2026/27,47,20,7,13,0,0,1,133,72,45067.96,39867.96,39867.96,0.0,19250,28931,-6872,0,-8782,0,-6323,0,1400,12263.96
age46-104729,2027/28,48,9,5,4,0,0,0,85,71,80598.34,35530.38,35530.38,0.0,187.5,33960,-1872,0,0,-75,-1140,-720,300,4889.88
age46-104729,2028/29,49,11,4,7,0,0,0,87,71,98414.8,17816.46,17816.46,0.0,0,23394,-1872,0,0,-1335,-2202,0,300,-468.54
age46-104729,2029/30,50,8,1,7,0,0,0,53,70,107955.13,9540.33,9540.33,0.0,0,16886,-1872,0,0,-1335,-2202,-180,50,-1806.67
age46-104729,2030/31,51,8,3,5,0,0,0,52,69,124871.48,16916.35,16916.35,0.0,62.5,22801,-1872,0,0,-375,-1632,0,200,-2268.15
age46-104729,2031/32,52,6,1,5,0,0,0,60,68,134040.42,9168.94,9168.94,0.0,0,14778,-1872,0,-84,-375,-1563.6,0,-50,-1664.46
age46-104729,2032/33,53,6,1,5,0,0,0,77,67,138171.58,4131.16,4131.16,0.0,0,9184,-1872,0,0,-375,-1504.56,0,-50,-1251.28
age46-104729,2033/34,54,6,0,6,0,0,0,61,66,147473.1,9301.52,9301.52,0.0,0,14820,-1872,0,-38,-375,-1499.88,0,-50,-1683.6
age46-104729,2034/35,55,8,0,8,0,0,0,35,64,154452.98,6979.88,6979.88,0.0,0,13988,-1872,0,0,-1335,-2138.28,0,-50,-1612.84
age46-104729,2035/36,56,6,1,5,0,0,0,78,63,161393.24,6940.26,6940.26,0.0,0,12341,-1872,0,0,-375,-1632,0,-50,-1471.74
age46-104729,2036/37,57,6,0,6,0,0,0,31,61,175515.7,14122.46,14122.46,0.0,0,19903,-1872,0,0,-375,-1436.16,0,-50,-2047.38
age46-104729,2037/38,58,6,0,6,0,0,0,30,59,188053.08,12537.38,12537.38,0.0,0,18233,-1872,0,0,-375,-1563.6,0,50,-1935.02
age46-104729,2038/39,59,6,0,6,0,0,0,38,57,200793.7,12740.62,12740.62,0.0,0,18108,-1443,0,0,-375,-1568.28,0,-50,-1931.1
age46-104729,2039/40,60,8,0,8,0,0,0,32,55,213195.79,12402.09,12402.09,0.0,0,18260,-585,0,0,-1335,-1937.76,0,-50,-1950.15
age46-104729,2040/41,61,8,0,8,0,0,0,25,53,216766.42,3570.63,3570.63,0.0,0,10359,-1755,0,0,-1335,-2138.28,-180,-50,-1330.09
age46-104729,2041/42,62,6,0,6,0,0,0,34,51,221359.7,4593.28,4593.28,0.0,0,9848,-1833,0,-84,-375,-1632,0,-50,-1280.72
age46-104729,2042/43,63,6,0,6,0,0,0,37,48,234140.1,12780.4,12780.4,0.0,0,18352,-1872,0,0,-375,-1436.16,0,50,-1938.44
age46-104729,2043/44,64,6,0,6,0,0,0,25,46,245118.18,10978.08,10978.08,0.0,0,16588,-1872,0,0,-375,-1499.88,0,-50,-1813.04
age46-104729,2044/45,65,6,0,6,0,0,0,17,44,255225.74,10107.56,10107.56,0.0,0,15788,-1872,0,0,-375,-1632,0,-50,-1751.44
age46-130363,2026/27,47,19,6,13,0,0,2,134,72,54914.83,49714.83,49714.83,0.0,27750,28493,-5176,0,-8782,0,-6323,0,2000,11752.83
age46-130363,2027/28,48,9,5,4,0,0,0,74,71,87171.1,32256.27,32256.27,0.0,62.5,33374,-3236,0,0,-75,-1140,-360,200,3430.77
age46-130363,2028/29,49,9,2,7,0,0,0,82,70,97584.26,10413.16,10413.16,0.0,0,15976,-1872,0,0,-1335,-2202,0,450,-603.84
age46-130363,2029/30,50,9,2,7,0,0,0,58,69,99752.05,2167.79,2167.79,0.0,0,8662,-1872,0,0,-1335,-2001.48,-180,-50,-1055.73
age46-130363,2030/31,51,11,6,5,1,0,0,73,68,104912.76,5160.71,5160.71,0.0,1000,8529,-1872,0,-84,-375,-1568.28,0,-50,-419.01
age46-130363,2031/32,52,6,0,6,0,0,0,70,67,108540.84,3628.08,3628.08,0.0,0,8610,-1872,0,0,-375,-1499.88,0,-50,-1185.04
age46-130363,2032/33,53,7,2,5,0,0,0,45,66,117426.02,8885.18,8885.18,0.0,0,14408,-1872,0,0,-375,-1568.28,-180,150,-1677.54
age46-130363,2033/34,54,6,1,5,0,0,0,50,64,123243.18,5817.16,5817.16,0.0,0,11028,-1872,0,-38,-375,-1499.88,0,-50,-1375.96
age46-130363,2034/35,55,8,0,8,0,0,0,48,62,125107.5,1864.32,1864.32,0.0,0,8324,-1872,0,0,-1335,-2138.28,0,50,-1164.4
age46-130363,2035/36,56,6,0,6,0,0,0,78,60,129133.68,4026.18,4026.18,0.0,0,9035,-1872,0,0,-375,-1499.88,0,-50,-1211.94
age46-130363,2036/37,57,6,0,6,0,0,0,29,58,138954.56,9820.88,9820.88,0.0,0,15139,-1872,0,0,-375,-1436.16,0,50,-1684.96
age46-130363,2037/38,58,6,0,6,0,0,0,26,57,151545.08,12590.52,12590.52,0.0,0,18017,-1443,0,0,-375,-1632,0,-50,-1926.48
age46-130363,2038/39,59,6,0,6,0,0,0,23,54,163457.4,11912.32,11912.32,0.0,0,16338,-585,0,0,-375,-1436.16,-180,-50,-1799.52
age46-130363,2039/40,60,8,0,8,0,0,0,46,52,171174.16,7716.76,7716.76,0.0,0,14612,-1872,0,0,-1335,-2001.48,0,-50,-1636.76
age46-130363,2040/41,61,8,0,8,0,0,0,33,49,174950.42,3776.26,3776.26,0.0,0,10473,-1755,0,-84,-1335,-2138.28,0,-50,-1334.46
age46-130363,2041/42,62,6,0,6,0,0,0,27,46,179673.86,4723.44,4723.44,0.0,0,9896,-1833,0,0,-375,-1632,0,-50,-1282.56
age46-130363,2042/43,63,6,0,6,0,0,0,38,44,192024.66,12350.8,12350.8,0.0,0,18392,-1872,0,0,-375,-1632,-180,-50,-1932.2
age46-130363,2043/44,64,6,0,6,0,0,0,23,41,202875.96,10851.3,10851.3,0.0,0,16440,-1872,0,0,-375,-1499.88,0,-50,-1791.82
age46-130363,2044/45,65,6,0,6,0,0,0,20,39,216679.94,13803.98,13803.98,0.0,0,19752,-1872,0,0,-375,-1436.16,-180,-50,-2034.86
age47-104729,2026/27,48,20,7,13,0,0,1,133,72,45067.96,39867.96,39867.96,0.0,19250,28931,-6872,0,-8782,0,-6323,0,1400,12263.96
age47-104729,2027/28,49,8,4,4,0,0,0,62,71,82036.23,36968.27,36968.27,0.0,125,35143,-1872,0,0,-75,-1140,-180,300,4667.27
age47-104729,2028/29,50,12,5,7,0,0,0,81,70,97549.43,15513.2,15513.2,0.0,0,21512,-1872,0,0,-1335,-2202,0,-50,-539.8
age47-104729,2029/30,51,8,0,8,0,0,0,43,69,108787.77,11238.34,11238.34,0.0,0,18663,-1872,0,0,-1335,-2202,-180,50,-1885.66
age47-104729,2030/31,52,7,1,6,0,0,1,117,68,125422.38,16634.61,16634.61,0.0,0,22729,-1872,0,0,-375,-1632,0,50,-2265.39
age47-104729,2031/32,53,9,4,5,0,0,0,88,67,139214.46,13792.08,13792.08,0.0,125,19828,-1872,0,-84,-375,-1632,0,-50,-2147.92
age47-104729,2032/33,54,11,6,5,1,0,0,54,66,152731.96,13517.5,13517.5,0.0,1000,16961,-1872,0,-38,-375,-1436.16,-360,-50,-312.34
age47-104729,2033/34,55,6,1,5,0,0,0,40,65,166571.52,13839.56,13839.56,0.0,0,19668,-1872,0,0,-375,-1499.88,0,-50,-2031.56
age47-104729,2034/35,56,8,0,8,0,0,0,32,63,175814.9,9243.38,9243.38,0.0,0,16338,-1872,0,0,-1335,-2138.28,0,50,-1799.34
age47-104729,2035/36,57,6,1,5,0,0,0,51,61,181918.65,6103.75,6103.75,0.0,0,11438,-1872,0,0,-375,-1632,0,-50,-1405.25
age47-104729,2036/37,58,6,0,6,0,0,0,39,59,197210.38,15291.73,15291.73,0.0,0,20951,-1872,0,0,-375,-1436.16,0,150,-2126.11
age47-104729,2037/38,59,6,0,6,0,0,0,30,57,214546.81,17336.43,17336.43,0.0,0,23624,-1872,0,0,-375,-1632,0,-50,-2358.57
age47-104729,2038/39,60,6,0,6,0,0,0,37,56,230833.19,16286.38,16286.38,0.0,0,22480,-1872,0,0,-375,-1632,0,-50,-2264.62
age47-104729,2039/40,61,8,0,8,0,0,0,42,53,240598.11,9764.92,9764.92,0.0,0,16700,-1755,0,-84,-1335,-2001.48,0,50,-1809.6
age47-104729,2040/41,62,8,0,8,0,0,0,35,51,245633.51,5035.4,5035.4,0.0,0,10529,-546,0,0,-1335,-2138.28,-180,50,-1344.32
age47-104729,2041/42,63,6,0,6,0,0,0,25,49,250741.18,5107.67,5107.67,0.0,0,9890,-1443,0,0,-375,-1632,0,-50,-1282.33
age47-104729,2042/43,64,6,0,6,0,0,0,21,47,263421.58,12680.4,12680.4,0.0,0,18352,-1872,0,0,-375,-1436.16,0,-50,-1938.44
age47-104729,2043/44,65,6,0,6,0,0,0,26,44,274624.66,11203.08,11203.08,0.0,0,16831,-1872,0,0,-375,-1499.88,0,-50,-1831.04
age47-130363,2026/27,48,19,6,13,0,0,2,134,72,54914.83,49714.83,49714.83,0.0,27750,28493,-5176,0,-8782,0,-6323,0,2000,11752.83
age47-130363,2027/28,49,4,0,4,0,0,0,66,71,82917.93,28003.1,28003.1,0.0,0,29669,-4448,0,0,-75,-1140,0,300,3697.1
age47-130363,2028/29,50,9,2,7,0,0,0,70,70,99924.62,17006.69,17006.69,0.0,0,22993,-1872,0,0,-1335,-2202,0,-50,-527.31
age47-130363,2029/30,51,8,0,8,0,0,0,57,69,112874.39,12949.77,12949.77,0.0,0,20518,-1872,0,0,-1335,-2202,0,-50,-2109.23
age47-130363,2030/31,52,6,1,5,0,0,0,40,67,129266.32,16391.93,16391.93,0.0,0,22268,-1872,0,0,-375,-1436.16,0,50,-2242.91
age47-130363,2031/32,53,7,1,6,0,0,0,40,66,142923.59,13657.27,13657.27,0.0,0,19310,-1872,0,0,-375,-1436.16,0,50,-2019.57
age47-130363,2032/33,54,6,0,6,0,0,0,44,65,155834.14,12910.55,12910.55,0.0,0,18732,-1872,0,-84,-375,-1568.28,0,50,-1972.17
age47-130363,2033/34,55,6,0,6,0,0,0,34,63,167273.62,11439.48,11439.48,0.0,0,17096,-1872,0,0,-375,-1499.88,0,-50,-1859.64
age47-130363,2034/35,56,8,0,8,0,0,0,45,61,171870.51,4596.89,4596.89,0.0,0,11400,-1872,0,0,-1335,-2138.28,0,-50,-1407.83
age47-130363,2035/36,57,6,0,6,0,0,0,40,59,174826.46,2955.95,2955.95,0.0,0,8082,-1872,0,-38,-375,-1632,0,-50,-1159.05
age47-130363,2036/37,58,6,0,6,0,0,0,56,57,188845.01,14018.55,14018.55,0.0,0,19812,-1872,0,0,-375,-1436.16,0,-50,-2060.29
age47-130363,2037/38,59,6,0,6,0,0,0,21,55,203123.84,14278.83,14278.83,0.0,0,20295,-1872,0,0,-375,-1632,0,-50,-2087.17
age47-130363,2038/39,60,6,0,6,0,0,0,41,52,218606.65,15482.81,15482.81,0.0,0,21570,-1872,0,0,-375,-1436.16,-180,-50,-2174.03
age47-130363,2039/40,61,8,0,8,0,0,0,28,50,228517.13,9910.48,9910.48,0.0,0,16868,-1755,0,0,-1335,-2001.48,0,-50,-1816.04
age47-130363,2040/41,62,8,0,8,0,0,0,24,47,233782.55,5265.42,5265.42,0.0,0,10687,-546,0,0,-1335,-2138.28,0,-50,-1352.3
age47-130363,2041/42,63,6,0,6,0,0,0,27,45,238301.16,4518.61,4518.61,0.0,0,9115,-1443,0,0,-375,-1499.88,0,-50,-1228.51
age47-130363,2042/43,64,6,0,6,0,0,0,20,42,250627.04,12325.88,12325.88,0.0,0,18200,-1872,0,-84,-375,-1568.28,0,-50,-1924.84
age47-130363,2043/44,65,6,0,6,0,0,0,26,40,261449.51,10822.47,10822.47,0.0,0,16408,-1872,0,0,-375,-1499.88,0,-50,-1788.65
age48-104729,2026/27,49,20,7,13,0,0,1,133,72,45067.96,39867.96,39867.96,0.0,19250,28931,-6872,0,-8782,0,-6323,0,1400,12263.96
age48-104729,2027/28,50,10,6,4,0,0,1,114,71,81721.73,36653.77,36653.77,0.0,187.5,35143,-1872,0,0,-75,-1140,-360,150,4620.27
age48-104729,2028/29,51,9,2,7,0,0,0,70,70,97789.93,16068.2,16068.2,0.0,0,21512,-1872,0,0,-1335,-2202,0,200,-234.8
age48-104729,2029/30,52,10,3,7,0,0,0,55,69,109016.27,11226.34,11226.34,0.0,0,18663,-1872,0,0,-1335,-2202,-180,50,-1897.66
age48-104729,2030/31,53,7,1,6,0,0,0,53,68,125466.88,16450.61,16450.61,0.0,0,22729,-1872,0,-84,-375,-1632,0,-50,-2265.39
age48-104729,2031/32,54,9,4,5,0,0,0,61,67,139342.96,13876.08,13876.08,0.0,125,19828,-1872,0,0,-375,-1632,0,-50,-2147.92
age48-104729,2032/33,55,8,3,5,0,0,0,56,65,150401.16,11058.2,11058.2,0.0,62.5,16961,-1872,0,-38,-375,-1436.16,-360,-50,-1834.14
age48-104729,2033/34,56,7,2,5,0,0,0,47,64,164148.4,13747.24,13747.24,0.0,0,19564,-1872,0,0,-375,-1499.88,0,-50,-2019.88
age48-104729,2034/35,57,6,0,6,0,0,0,31,62,179044.43,14896.03,14896.03,0.0,0,21781,-1872,0,0,-1235,-1436.16,-180,50,-2211.81
age48-104729,2035/36,58,6,0,6,0,0,0,45,60,194655.32,15610.89,15610.89,0.0,0,21536,-1872,0,0,-375,-1436.16,0,-50,-2191.95
age48-104729,2036/37,59,6,1,5,0,0,0,42,58,209747.05,15091.73,15091.73,0.0,0,20951,-1872,0,0,-375,-1436.16,0,-50,-2126.11
age48-104729,2037/38,60,6,0,6,0,0,0,22,56,227083.48,17336.43,17336.43,0.0,0,23624,-1872,0,0,-375,-1632,0,-50,-2358.57
age48-104729,2038/39,61,6,0,6,0,0,0,22,54,243369.86,16286.38,16286.38,0.0,0,22480,-1872,0,0,-375,-1632,0,-50,-2264.62
age48-104729,2039/40,62,8,0,8,0,0,0,23,51,253134.78,9764.92,9764.92,0.0,0,16700,-1755,0,-84,-1335,-2001.48,0,50,-1809.6
age48-104729,2040/41,63,8,0,8,0,0,0,50,50,258400.2,5265.42,5265.42,0.0,0,10687,-546,0,0,-1335,-2138.28,0,-50,-1352.3
age48-104729,2041/42,64,6,0,6,0,0,0,17,47,263357.85,4957.65,4957.65,0.0,0,9732,-1443,0,0,-375,-1632,0,-50,-1274.35
age48-104729,2042/43,65,6,0,6,0,0,0,24,45,276245.97,12888.12,12888.12,0.0,0,18577,-1872,0,0,-375,-1436.16,0,-50,-1955.72
age48-130363,2026/27,49,19,6,13,0,0,2,134,72,54914.83,49714.83,49714.83,0.0,27750,28493,-5176,0,-8782,0,-6323,0,2000,11752.83
age48-130363,2027/28,50,4,0,4,0,0,0,66,71,82917.93,28003.1,28003.1,0.0,0,29669,-4448,0,0,-75,-1140,0,300,3697.1
age48-130363,2028/29,51,9,2,7,0,0,0,70,69,99924.62,17006.69,17006.69,0.0,0,22993,-1872,0,0,-1335,-2202,0,-50,-527.31
age48-130363,2029/30,52,8,0,8,0,0,0,78,68,112874.39,12949.77,12949.77,0.0,0,20518,-1872,0,0,-1335,-2202,0,-50,-2109.23
age48-130363,2030/31,53,6,0,6,0,0,0,56,67,129266.32,16391.93,16391.93,0.0,0,22268,-1872,0,0,-375,-1436.16,0,50,-2242.91
age48-130363,2031/32,54,10,5,5,0,0,0,64,65,143117.01,13850.69,13850.69,0.0,125,19352,-1872,0,-84,-375,-1436.16,0,300,-2159.15
age48-130363,2032/33,55,6,0,6,0,0,0,55,64,156131.34,13014.33,13014.33,0.0,0,19069,-1872,0,0,-375,-1568.28,-180,-50,-2009.39
age48-130363,2033/34,56,6,0,6,0,0,0,64,62,167686.22,11554.88,11554.88,0.0,0,17216,-1872,0,0,-375,-1499.88,0,-50,-1864.24
age48-130363,2034/35,57,8,1,7,0,0,0,45,60,172383.11,4696.89,4696.89,0.0,0,11400,-1872,0,0,-1335,-2138.28,0,50,-1407.83
age48-130363,2035/36,58,6,0,6,0,0,0,32,58,175339.06,2955.95,2955.95,0.0,0,8082,-1872,0,-38,-375,-1632,0,-50,-1159.05
age48-130363,2036/37,59,6,1,5,0,0,0,44,55,189457.61,14118.55,14118.55,0.0,0,19812,-1872,0,0,-375,-1436.16,0,50,-2060.29
age48-130363,2037/38,60,6,0,6,0,0,0,51,53,203736.44,14278.83,14278.83,0.0,0,20295,-1872,0,0,-375,-1632,0,-50,-2087.17
age48-130363,2038/39,61,6,0,6,0,0,0,25,50,219219.25,15482.81,15482.81,0.0,0,21570,-1872,0,0,-375,-1436.16,-180,-50,-2174.03
age48-130363,2039/40,62,8,0,8,0,0,0,23,48,229129.73,9910.48,9910.48,0.0,0,16868,-1755,0,0,-1335,-2001.48,0,-50,-1816.04
age48-130363,2040/41,63,8,0,8,0,0,0,19,46,234395.15,5265.42,5265.42,0.0,0,10687,-546,0,0,-1335,-2138.28,0,-50,-1352.3
age48-130363,2041/42,64,6,0,6,0,0,0,25,43,238929.76,4534.61,4534.61,0.0,0,9115,-1443,0,-84,-375,-1499.88,0,50,-1228.51
age48-130363,2042/43,65,6,0,6,0,0,0,12,41,251339.64,12409.88,12409.88,0.0,0,18200,-1872,0,0,-375,-1568.28,0,-50,-1924.84
age49-104729,2026/27,50,20,7,13,0,0,1,133,72,45067.96,39867.96,39867.96,0.0,19250,28931,-6872,0,-8782,0,-6323,0,1400,12263.96
age49-104729,2027/28,51,6,2,4,0,0,0,70,71,82218.27,37150.31,37150.31,0.0,0,35479,-1872,0,0,-75,-1140,0,150,4608.31
age49-104729,2028/29,52,10,3,7,0,0,0,75,70,98193.49,15975.22,15975.22,0.0,0,21668,-1872,0,0,-1335,-2202,0,50,-333.78
age49-104729,2029/30,53,9,2,7,0,0,0,80,69,109477.83,11284.34,11284.34,0.0,0,18663,-1872,0,0,-1335,-2202,0,-50,-1919.66
age49-104729,2030/31,54,7,1,6,0,0,0,54,67,126012.44,16534.61,16534.61,0.0,0,22729,-1872,0,0,-375,-1632,0,-50,-2265.39
age49-104729,2031/32,55,11,6,5,0,0,0,72,66,140084.52,14072.08,14072.08,0.0,500,19828,-1872,0,-84,-375,-1632,0,-50,-2242.92
age49-104729,2032/33,56,10,5,5,0,0,0,36,64,151401.68,11317.16,11317.16,0.0,125,16797,-1872,0,-38,-375,-1436.16,-180,200,-1903.68
age49-104729,2033/34,57,6,0,6,0,0,0,28,63,166801.44,15399.76,15399.76,0.0,0,21400,-1872,0,0,-375,-1632,0,50,-2171.24
age49-104729,2034/35,58,8,0,8,0,0,0,25,61,176653.96,9852.52,9852.52,0.0,0,17165,-1872,0,0,-1335,-2202,0,-50,-1853.48
age49-104729,2035/36,59,6,0,6,0,0,0,27,59,181092.27,4438.31,4438.31,0.0,0,9530,-1872,0,0,-375,-1632,0,50,-1262.69
age49-104729,2036/37,60,6,0,6,0,0,0,57,57,194989.7,13897.43,13897.43,0.0,0,19664,-1872,0,0,-375,-1436.16,0,-50,-2033.41
age49-104729,2037/38,61,6,0,6,0,0,0,37,54,208436.99,13447.29,13447.29,0.0,0,19255,-1872,0,0,-375,-1499.88,0,-50,-2010.83
age49-104729,2038/39,62,6,0,6,0,0,0,29,52,225496.48,17059.49,17059.49,0.0,0,23317,-1872,0,0,-375,-1632,0,-50,-2328.51
age49-104729,2039/40,63,8,0,8,0,0,0,25,50,234538.34,9041.86,9041.86,0.0,0,16032,-1755,0,-84,-1335,-2001.48,0,-50,-1764.66
age49-104729,2040/41,64,8,0,8,0,0,0,25,48,239630.01,5091.67,5091.67,0.0,0,10215,-546,0,0,-1335,-1937.76,-180,200,-1324.57
age49-104729,2041/42,65,6,0,6,0,0,0,56,46,244461.05,4831.04,4831.04,0.0,0,9531,-1443,0,0,-375,-1568.28,0,-50,-1263.68
age49-130363,2026/27,50,19,6,13,0,0,2,134,71,54914.83,49714.83,49714.83,0.0,27750,28493,-5176,0,-8782,0,-6323,0,2000,11752.83
age49-130363,2027/28,51,6,2,4,0,0,0,59,70,88570.52,33655.69,33655.69,0.0,0,34817,-3236,0,0,-75,-1140,0,200,3089.69
age49-130363,2028/29,52,10,3,7,0,0,0,71,69,101872.83,13302.31,13302.31,0.0,0,20005,-1872,0,0,-1335,-2202,0,-50,-1243.69
age49-130363,2029/30,53,9,2,7,0,0,0,70,68,115114.1,13241.27,13241.27,0.0,0,20682,-1872,0,0,-1335,-2001.48,0,-50,-2182.25
age49-130363,2030/31,54,6,0,6,0,0,0,38,66,132565.8,17451.7,17451.7,0.0,0,23532,-1872,0,0,-375,-1436.16,0,-50,-2347.14
age49-130363,2031/32,55,10,4,6,0,0,0,87,64,147572.87,15007.07,15007.07,0.0,250,20789,-1872,0,-84,-375,-1436.16,0,-50,-2214.77
age49-130363,2032/33,56,7,1,6,0,0,0,45,63,162202.88,14630.01,14630.01,0.0,0,20959,-1872,0,0,-375,-1632,-360,50,-2139.99
age49-130363,2033/34,57,6,0,6,0,0,0,38,61,173750.06,11547.18,11547.18,0.0,0,16992,-1872,0,0,-375,-1499.88,0,150,-1847.94
age49-130363,2034/35,58,8,0,8,0,0,0,28,59,178285.92,4535.86,4535.86,0.0,0,11371,-1872,0,-38,-1335,-2138.28,0,-50,-1401.86
age49-130363,2035/36,59,6,0,6,0,0,0,28,56,181823.61,3537.69,3537.69,0.0,0,8398,-1872,0,0,-375,-1499.88,0,50,-1163.43
age49-130363,2036/37,60,6,1,5,0,0,0,60,54,192161.78,10338.17,10338.17,0.0,0,15801,-1872,0,0,-375,-1436.16,0,-50,-1729.67
age49-130363,2037/38,61,6,0,6,0,0,0,41,51,204398.27,12236.49,12236.49,0.0,0,18101,-1872,0,0,-375,-1632,0,-50,-1935.51
age49-130363,2038/39,62,6,0,6,0,0,0,38,49,219523.39,15125.12,15125.12,0.0,0,21183,-1872,0,0,-375,-1436.16,-180,-50,-2144.72
age49-130363,2039/40,63,8,0,8,0,0,0,33,46,229433.87,9910.48,9910.48,0.0,0,16868,-1755,0,0,-1335,-2001.48,0,-50,-1816.04
age49-130363,2040/41,64,8,0,8,0,0,0,20,44,234517.22,5083.35,5083.35,0.0,0,10577,-546,0,-84,-1335,-2138.28,0,-50,-1340.37
age49-130363,2041/42,65,6,0,6,0,0,0,23,41,239632.57,5115.35,5115.35,0.0,0,9794,-1443,0,0,-375,-1632,0,50,-1278.65
