season,playerId,name,age,nationality,careerPhase,competitiveStatus,isHumanPlayer,isOnMainTour,isTourCardHolder,tourCardSource,tourCardYear,yearsRemaining,expiresAfterSeason,tourSurvivalStatus,seasonOpenWorldRank,seasonCloseWorldRank,normalizedWorldRank,rawWorldRankBeforeCap,worldRank,oneYearRank,amateurRank,qTourRank,qSchoolRank,seniorRank,previousWorldRank,rankChange,overall,potential,technicalAverage,mentalAverage,physicalAverage,effectiveMatchStrength,confidence,fatigue,reputation,seasonMatches,seasonWins,seasonLosses,seasonWinPercentage,seasonTitles,seasonMajorTitles,seasonWorldChampionshipEntries,seasonBestWorldChampionshipFinish,seasonMajorQuarterFinals,seasonMajorSemiFinals,seasonMajorFinals,seasonPrizeMoney,seasonRankingPoints,careerMatches,careerWins,careerLosses,careerWinPercentage,careerTitles,careerMajorTitles,careerPrizeMoney,totalRecord,youthRecord,amateurRecord,qTourRecord,qSchoolRecord,proQualifierRecord,rankingEventRecord,majorRecord,worldQualifyingRecord,worldMainDrawRecord,playersSeriesRecord,invitationalRecord,seniorRecord,exhibitionRecord,bestWorldRank,bestWorldChampionshipFinish,worldChampionshipMainDrawEligible,worldChampionshipMainDrawEntered,worldChampionshipQualifyingEntered,reasonSkippedWorldMainDraw,availableEventsCount,eligibleEventsCount,enteredEventsCount,rankingEventsEntered,qualifierEventsEntered,majorEventsEntered,invitationalsEntered,playersSeriesEntered,qTourEventsEntered,qSchoolEventsEntered,amateurEventsEntered,youthEventsEntered,seniorEventsEntered,skippedEligibleEventsCount,skippedCoreEventsCount,skippedReasonSummary,eventAccessBand,eventVolumeBandStatus,eventVolumeWarnings,calendarValidationWarnings,tourCardValidAtSeasonOpen,tourCardValidAtSeasonClose,lifecycleCorrectionApplied,rankCapApplied,recentSeasonWins,twoYearWins,twoYearPrizeMoney,majorFinalsLastTwoYears,titlesLastTwoYears,rankingDecayApplied,stalledReason,expectedCircuit,actualCircuit,warningFlags,invalidStateReasons,validTourStatus,validEventAccess,invalidAccessReason
2046/47,human-elliot-vance,Elliot Vance,35,England,Established,Major Contender,true,true,true,Ranking Retained,0,0,,Top 16,1,1,1,1,1,38,1,,,,1,0,84,92,87,71,84,99,99,0,100,15,10,5,66.66666666666666,0,0,1,Last 16,1,1,0,406600,1131,514,358,156,69.64980544747081,11,2,17466663,"{""matches"":514,""wins"":358,""losses"":156,""draws"":0,""winPercentage"":69.64980544747081,""eventsEntered"":207,""titles"":11,""finals"":22,""prizeMoney"":17466663,""points"":51873}","{""matches"":93,""wins"":62,""losses"":31,""draws"":0,""winPercentage"":66.66666666666666,""eventsEntered"":33,""titles"":2,""finals"":6,""prizeMoney"":13853,""points"":709}","{""matches"":4,""wins"":2,""losses"":2,""draws"":0,""winPercentage"":50,""eventsEntered"":2,""titles"":0,""finals"":0,""prizeMoney"":820,""points"":35}","{""matches"":6,""wins"":3,""losses"":3,""draws"":0,""winPercentage"":50,""eventsEntered"":3,""titles"":0,""finals"":0,""prizeMoney"":4900,""points"":121}","{""matches"":5,""wins"":4,""losses"":1,""draws"":0,""winPercentage"":80,""eventsEntered"":1,""titles"":0,""finals"":0,""prizeMoney"":40,""points"":6}","{""matches"":3,""wins"":2,""losses"":1,""draws"":0,""winPercentage"":0,""eventsEntered"":12,""titles"":0,""finals"":0,""prizeMoney"":37400,""points"":552}","{""matches"":213,""wins"":164,""losses"":49,""draws"":0,""winPercentage"":76.99530516431925,""eventsEntered"":63,""titles"":5,""finals"":6,""prizeMoney"":4220450,""points"":21629}","{""matches"":87,""wins"":61,""losses"":26,""draws"":0,""winPercentage"":70.11494252873564,""eventsEntered"":32,""titles"":2,""finals"":4,""prizeMoney"":3109600,""points"":11575}","{""matches"":0,""wins"":0,""losses"":0,""draws"":0,""winPercentage"":0,""eventsEntered"":15,""titles"":0,""finals"":0,""prizeMoney"":0,""points"":0}","{""matches"":47,""wins"":32,""losses"":15,""draws"":0,""winPercentage"":68.08510638297872,""eventsEntered"":15,""titles"":0,""finals"":2,""prizeMoney"":7475000,""points"":16920}","{""matches"":2,""wins"":1,""losses"":1,""draws"":0,""winPercentage"":50,""eventsEntered"":2,""titles"":0,""finals"":0,""prizeMoney"":9600,""points"":56}","{""matches"":54,""wins"":27,""losses"":27,""draws"":0,""winPercentage"":50,""eventsEntered"":29,""titles"":2,""finals"":4,""prizeMoney"":2595000,""points"":270}","{""matches"":0,""wins"":0,""losses"":0,""draws"":0,""winPercentage"":0,""eventsEntered"":0,""titles"":0,""finals"":0,""prizeMoney"":0,""points"":0}","{""matches"":0,""wins"":0,""losses"":0,""draws"":0,""winPercentage"":0,""eventsEntered"":0,""titles"":0,""finals"":0,""prizeMoney"":0,""points"":0}",1,Final,true,true,false,,71,21,6,2,1,2,3,0,0,0,0,0,0,15,15,15 eligible events not entered,Top 16,too low,top16-low-event-volume,,true,true,false,false,10,30,1429000,0,1,false,,mainTour,mainTour,,,true,true,
2046/47,wp-aaron-zhou,Aaron Zhou,52,BEL,Veteran,Top 16 Elite Player,false,true,true,Ranking Retained,0,0,,Top 16,2,2,2,2,2,7,,,,,2,0,90,90,88,93,81,98,54,21,66,0,0,0,,0,,,,,,,0,0,12,6,6,50,6,0,2328900,"{""matches"":12,""wins"":6,""losses"":6,""draws"":0,""winPercentage"":50,""eventsEntered"":0,""titles"":6,""finals"":0,""prizeMoney"":2328900,""points"":0}",,,,,,,,,,,,,,2,,true,true,false,,71,21,15,9,0,6,6,3,0,0,0,0,0,6,6,estimated from season exits versus eligible schedule | 6 eligible events not entered,Top 16,normal,,,true,true,false,false,0,0,68400,,0,false,,mainTour,mainTour,top16-low-overall-no-results;top4-low-wins-no-results,,true,true,
2046/47,wp-aiden-pike,Aiden Pike,52,ENG,Veteran,Top 16 Elite Player,false,true,true,Ranking Retained,0,0,,Top 16,3,3,3,3,3,8,,,,,3,0,94,94,92,99,85,99,71,20,68,0,0,0,,0,,,,,,,0,0,12,10,2,83.33333333333334,10,0,1297000,"{""matches"":12,""wins"":10,""losses"":2,""draws"":0,""winPercentage"":83.33333333333334,""eventsEntered"":0,""titles"":10,""finals"":0,""prizeMoney"":1297000,""points"":0}",,,,,,,,,,,,,,3,,true,true,false,,71,21,15,9,0,6,6,3,0,0,0,0,0,6,6,estimated from season exits versus eligible schedule | 6 eligible events not entered,Top 16,normal,,,true,true,false,false,0,2,214000,,2,false,,mainTour,mainTour,,,true,true,
2046/47,wp-aaron-sloan,Aaron Sloan,49,BEL,Veteran,Top 16 Elite Player,false,true,true,Ranking Retained,0,0,,Top 16,4,4,4,4,4,6,,,,,4,0,86,86,85,86,78,90,37,21,60,1,0,1,0,0,,,,,,,42500,186,20,6,14,30,6,0,1384550,"{""matches"":20,""wins"":6,""losses"":14,""draws"":0,""winPercentage"":30,""eventsEntered"":0,""titles"":6,""finals"":0,""prizeMoney"":1384550,""points"":0}",,,,,,,,,,,,,,4,,true,true,false,,71,21,15,9,0,6,6,3,0,0,0,0,0,6,6,estimated from season exits versus eligible schedule | 6 eligible events not entered,Top 16,normal,,,true,true,false,false,0,0,74500,,0,false,,mainTour,mainTour,top16-low-overall-no-results;top4-low-wins-no-results,,true,true,
2046/47,wp-arlo-dawes-b,Arlo Dawes B,32,BEL,Established,Top 16 Elite Player,false,true,true,Ranking Retained,0,0,,Top 16,5,5,5,5,5,11,,,,,5,0,94,94,96,98,93,99,76,0,60,0,0,0,,0,,,,,,,0,0,7,5,2,71.42857142857143,5,0,1727700,"{""matches"":7,""wins"":5,""losses"":2,""draws"":0,""winPercentage"":71.42857142857143,""eventsEntered"":0,""titles"":5,""finals"":0,""prizeMoney"":1727700,""points"":0}",,,,,,,,,,,,,,2,,true,true,false,,71,21,15,9,0,6,6,3,0,0,0,0,0,6,6,estimated from season exits versus eligible schedule | 6 eligible events not entered,Top 16,normal,,,true,true,false,false,0,0,0,,0,false,,mainTour,mainTour,top16-low-overall-no-results,,true,true,
2046/47,wp-arlo-dawes-a,Arlo Dawes A,35,BEL,Established,Top 16 Elite Player,false,true,true,Ranking Retained,0,0,,Top 16,9,6,6,6,6,10,,,,,9,3,90,90,92,94,88,99,70,0,62,2,1,1,50,1,,,,,,,89000,483,18,8,10,44.44444444444444,8,0,905000,"{""matches"":18,""wins"":8,""losses"":10,""draws"":0,""winPercentage"":44.44444444444444,""eventsEntered"":0,""titles"":8,""finals"":0,""prizeMoney"":905000,""points"":0}",,,,,,,,,,,,,,2,,true,true,false,,71,21,15,9,0,6,6,3,0,0,0,0,0,6,6,estimated from season exits versus eligible schedule | 6 eligible events not entered,Top 16,normal,,,true,true,false,false,1,1,108000,,1,false,,mainTour,mainTour,,,true,true,
2046/47,wp-cian-crane,Cian Crane,49,WAL,Veteran,Top 16 Elite Player,false,true,true,Ranking Retained,0,0,,Top 16,6,7,7,7,7,24,,,,,6,-1,88,88,87,90,80,97,54,17,59,0,0,0,,0,,,,,,,0,0,11,5,6,45.45454545454545,5,0,1531900,"{""matches"":11,""wins"":5,""losses"":6,""draws"":0,""winPercentage"":45.45454545454545,""eventsEntered"":0,""titles"":5,""finals"":0,""prizeMoney"":1531900,""points"":0}",,,,,,,,,,,,,,2,,true,true,false,,71,21,15,9,0,6,6,3,0,0,0,0,0,6,6,estimated from season exits versus eligible schedule | 6 eligible events not entered,Top 16,normal,,,true,true,false,false,0,0,0,,0,false,,mainTour,mainTour,top16-low-overall-no-results,,true,true,
2046/47,wp-aaron-nash,Aaron Nash,66,BEL,Veteran,Top 16 Elite Player,false,true,true,Ranking Retained,0,0,,Top 16,7,8,8,8,8,5,,,,,7,-1,86,86,82,84,70,82,20,48,58,1,0,1,0,0,,,,,,,21250,93,18,6,12,33.33333333333333,6,0,1142350,"{""matches"":18,""wins"":6,""losses"":12,""draws"":0,""winPercentage"":33.33333333333333,""eventsEntered"":0,""titles"":6,""finals"":0,""prizeMoney"":1142350,""points"":0}",,,,,,,,,,,,,,5,,true,true,false,,71,21,15,9,0,6,6,3,0,0,0,0,0,6,6,estimated from season exits versus eligible schedule | 6 eligible events not entered,Top 16,normal,,,true,true,false,false,0,0,53750,,0,false,,mainTour,mainTour,top16-low-overall-no-results,,true,true,
2046/47,wp-aaron-keane,Aaron Keane,48,BEL,Veteran,Top 16 Elite Player,false,true,true,Ranking Retained,0,0,,Top 16,8,9,9,9,9,3,,,,,8,-1,91,91,90,93,84,99,60,15,59,0,0,0,,0,,,,,,,0,0,11,6,5,54.54545454545454,6,0,1211450,"{""matches"":11,""wins"":6,""losses"":5,""draws"":0,""winPercentage"":54.54545454545454,""eventsEntered"":0,""titles"":6,""finals"":0,""prizeMoney"":1211450,""points"":0}",,,,,,,,,,,,,,3,,true,true,false,,71,21,15,9,0,6,6,3,0,0,0,0,0,6,6,estimated from season exits versus eligible schedule | 6 eligible events not entered,Top 16,normal,,,true,true,false,false,0,1,100000,,1,false,,mainTour,mainTour,,,true,true,
2046/47,wp-aaron-crane,Aaron Crane,50,BEL,Veteran,Top 16 Elite Player,false,true,true,Ranking Retained,0,0,,Top 16,12,10,10,10,10,1,,,,,12,2,90,90,89,94,81,99,76,19,58,1,1,0,100,1,,,,,,,91200,522,12,6,6,50,6,0,921200,"{""matches"":12,""wins"":6,""losses"":6,""draws"":0,""winPercentage"":50,""eventsEntered"":0,""titles"":6,""finals"":0,""prizeMoney"":921200,""points"":0}",,,,,,,,,,,,,,1,,true,true,false,,71,21,15,9,0,6,6,3,0,0,0,0,0,6,6,estimated from season exits versus eligible schedule | 6 eligible events not entered,Top 16,normal,,,true,true,false,false,1,1,91200,,1,false,,mainTour,mainTour,,,true,true,
2046/47,wp-arlo-dawes,Arlo Dawes,35,BEL,Established,Top 16 Elite Player,false,true,true,Ranking Retained,0,0,,Top 16,15,11,11,11,11,9,,,,,15,4,85,85,87,87,83,99,67,1,54,2,1,1,50,1,,,,,,,207600,524,15,5,10,33.33333333333333,5,0,797500,"{""matches"":15,""wins"":5,""losses"":10,""draws"":0,""winPercentage"":33.33333333333333,""eventsEntered"":0,""titles"":5,""finals"":0,""prizeMoney"":797500,""points"":0}",,,,,,,,,,,,,,6,,true,true,false,,71,21,15,9,0,6,6,3,0,0,0,0,0,6,6,estimated from season exits versus eligible schedule | 6 eligible events not entered,Top 16,normal,,,true,true,false,false,1,1,219600,,1,false,,mainTour,mainTour,,,true,true,
2046/47,wp-callum-reeve,Callum Reeve,55,ENG,Veteran,Top 16 Elite Player,false,true,true,Ranking Retained,0,0,,Top 16,10,12,12,12,12,23,,,,,10,-2,91,91,89,93,80,98,53,26,60,0,0,0,,0,,,,,,,0,0,16,8,8,50,8,0,571600,"{""matches"":16,""wins"":8,""losses"":8,""draws"":0,""winPercentage"":50,""eventsEntered"":0,""titles"":8,""finals"":0,""prizeMoney"":571600,""points"":0}",,,,,,,,,,,,,,3,,true,true,false,,71,21,15,9,0,6,6,3,0,0,0,0,0,6,6,estimated from season exits versus eligible schedule | 6 eligible events not entered,Top 16,normal,,,true,true,false,false,0,2,205600,,2,false,,mainTour,mainTour,,,true,true,
2046/47,wp-aaron-mercer,Aaron Mercer,40,BEL,Veteran,Top 16 Elite Player,false,true,true,Ranking Retained,0,0,,Top 16,11,13,13,13,13,4,,,,,11,-2,88,88,89,90,84,99,63,2,57,0,0,0,,0,,,,,,,0,0,18,7,11,38.88888888888889,7,0,396800,"{""matches"":18,""wins"":7,""losses"":11,""draws"":0,""winPercentage"":38.88888888888889,""eventsEntered"":0,""titles"":7,""finals"":0,""prizeMoney"":396800,""points"":0}",,,,,,,,,,,,,,4,,true,true,false,,71,20,15,9,0,5,6,2,0,0,0,0,0,5,5,estimated from season exits versus eligible schedule | 5 eligible events not entered,Top 16,normal,,,true,true,false,false,0,0,38000,,0,false,,mainTour,mainTour,top16-low-overall-no-results,,true,true,
2046/47,wp-cian-holt,Cian Holt,47,WAL,Veteran,Top 16 Elite Player,false,true,true,Ranking Retained,0,0,,Top 16,13,14,14,14,14,25,,,,,13,-1,84,84,83,84,77,89,39,18,54,1,0,1,0,0,,,,,,,8500,47,20,6,14,30,6,0,477700,"{""matches"":20,""wins"":6,""losses"":14,""draws"":0,""winPercentage"":30,""eventsEntered"":0,""titles"":6,""finals"":0,""prizeMoney"":477700,""points"":0}",,,,,,,,,,,,,,8,,true,true,false,,71,20,15,9,0,5,6,2,0,0,0,0,0,5,5,estimated from season exits versus eligible schedule | 5 eligible events not entered,Top 16,normal,,,true,true,false,false,0,0,8500,,0,false,,mainTour,mainTour,top16-low-overall-no-results,,true,true,
2046/47,wp-aaron-holt,Aaron Holt,54,BEL,Veteran,Top 16 Elite Player,false,true,true,Ranking Retained,0,0,,Top 16,16,15,15,15,15,2,,,,,16,1,91,92,89,95,81,99,75,26,61,1,1,0,100,1,,,,,,,5600,84,18,9,9,50,9,0,369500,"{""matches"":18,""wins"":9,""losses"":9,""draws"":0,""winPercentage"":50,""eventsEntered"":0,""titles"":9,""finals"":0,""prizeMoney"":369500,""points"":0}",,,,,,,,,,,,,,2,,true,true,false,,71,20,15,9,0,5,6,2,0,0,0,0,0,5,5,estimated from season exits versus eligible schedule | 5 eligible events not entered,Top 16,normal,,,true,true,false,false,1,1,19600,,1,false,,mainTour,mainTour,,,true,true,
2046/47,wp-arlo-dawes-c,Arlo Dawes C,32,BEL,Established,Top 16 Elite Player,false,true,true,Ranking Retained,0,0,,Top 16,14,16,16,16,16,12,,,,,14,-2,90,90,92,91,89,99,51,0,59,1,0,1,0,0,,,,,,,10000,54,19,9,10,47.368421052631575,9,0,354700,"{""matches"":19,""wins"":9,""losses"":10,""draws"":0,""winPercentage"":47.368421052631575,""eventsEntered"":0,""titles"":9,""finals"":0,""prizeMoney"":354700,""points"":0}",,,,,,,,,,,,,,10,,true,true,false,,71,20,15,9,0,5,6,2,0,0,0,0,0,5,5,estimated from season exits versus eligible schedule | 5 eligible events not entered,Top 16,normal,,,true,true,false,false,0,0,33000,,0,false,,mainTour,mainTour,top16-low-overall-no-results,,true,true,
2046/47,wp-arlo-dawes-d,Arlo Dawes D,32,BEL,Established,Top 32 Professional,false,true,true,Ranking Retained,0,0,,Top 32,17,17,17,17,17,13,,,,,17,0,72,72,74,69,71,81,42,0,38,0,0,0,,0,,,,,,,0,0,0,0,0,0,0,0,0,"{""matches"":0,""wins"":0,""losses"":0,""draws"":0,""winPercentage"":0,""eventsEntered"":0,""titles"":0,""finals"":0,""prizeMoney"":0,""points"":0}",,,,,,,,,,,,,,17,,false,false,true,,71,22,13,8,2,1,3,1,0,0,0,0,0,9,9,estimated from season exits versus eligible schedule | 9 eligible events not entered,Top 32,normal,,,true,true,false,false,0,0,0,,0,false,,mainTour,mainTour,,,true,true,
2046/47,wp-arlo-dawes-e,Arlo Dawes E,30,THA,Established,Top 32 Professional,false,true,true,Ranking Retained,0,0,,Top 32,18,18,18,18,18,14,,,,,18,0,72,72,74,69,72,81,42,0,38,0,0,0,,0,,,,,,,0,0,0,0,0,0,0,0,0,"{""matches"":0,""wins"":0,""losses"":0,""draws"":0,""winPercentage"":0,""eventsEntered"":0,""titles"":0,""finals"":0,""prizeMoney"":0,""points"":0}",,,,,,,,,,,,,,18,,false,false,true,,71,22,13,8,2,1,3,1,0,0,0,0,0,9,9,estimated from season exits versus eligible schedule | 9 eligible events not entered,Top 32,normal,,,true,true,false,false,0,0,0,,0,false,,mainTour,mainTour,,,true,true,
2046/47,wp-arlo-dawes-f,Arlo Dawes F,27,THA,Established,Top 32 Professional,false,true,true,Ranking Retained,0,0,,Top 32,19,19,19,19,19,15,,,,,19,0,72,73,74,69,72,81,42,0,38,0,0,0,,0,,,,,,,0,0,0,0,0,0,0,0,0,"{""matches"":0,""wins"":0,""losses"":0,""draws"":0,""winPercentage"":0,""eventsEntered"":0,""titles"":0,""finals"":0,""prizeMoney"":0,""points"":0}",,,,,,,,,,,,,,19,,false,false,true,,71,22,13,8,2,1,3,1,0,0,0,0,0,9,9,estimated from season exits versus eligible schedule | 9 eligible events not entered,Top 32,normal,,,true,true,false,false,0,0,0,,0,false,,mainTour,mainTour,,,true,true,
2046/47,wp-arlo-dawes-g,Arlo Dawes G,27,THA,Established,Top 32 Professional,false,true,true,Ranking Retained,0,0,,Top 32,20,20,20,20,20,16,,,,,20,0,72,73,74,69,72,81,42,0,37,0,0,0,,0,,,,,,,0,0,0,0,0,0,0,0,0,"{""matches"":0,""wins"":0,""losses"":0,""draws"":0,""winPercentage"":0,""eventsEntered"":0,""titles"":0,""finals"":0,""prizeMoney"":0,""points"":0}",,,,,,,,,,,,,,20,,false,false,true,,71,22,13,8,2,1,3,1,0,0,0,0,0,9,9,estimated from season exits versus eligible schedule | 9 eligible events not entered,Top 32,normal,,,true,true,false,false,0,0,0,,0,false,,mainTour,mainTour,,,true,true,
2046/47,wp-arlo-dawes-h,Arlo Dawes H,24,BEL,Rookie,Top 32 Professional,false,true,true,Ranking Retained,0,0,,Top 32,21,21,21,21,21,17,,,,,21,0,71,74,73,68,71,80,42,0,37,0,0,0,,0,,,,,,,0,0,0,0,0,0,0,0,0,"{""matches"":0,""wins"":0,""losses"":0,""draws"":0,""winPercentage"":0,""eventsEntered"":0,""titles"":0,""finals"":0,""prizeMoney"":0,""points"":0}",,,,,,,,,,,,,,21,,false,false,true,,71,22,13,8,2,1,3,1,0,0,0,0,0,9,9,estimated from season exits versus eligible schedule | 9 eligible events not entered,Top 32,normal,,,true,true,false,false,0,0,0,,0,false,,mainTour,mainTour,,,true,true,
2046/47,wp-arlo-dawes-i,Arlo Dawes I,24,BEL,Rookie,Top 32 Professional,false,true,true,Ranking Retained,0,0,,Top 32,22,22,22,22,22,18,,,,,22,0,71,74,73,68,71,80,42,0,37,0,0,0,,0,,,,,,,0,0,0,0,0,0,0,0,0,"{""matches"":0,""wins"":0,""losses"":0,""draws"":0,""winPercentage"":0,""eventsEntered"":0,""titles"":0,""finals"":0,""prizeMoney"":0,""points"":0}",,,,,,,,,,,,,,22,,false,false,true,,71,22,13,8,2,1,3,1,0,0,0,0,0,9,9,estimated from season exits versus eligible schedule | 9 eligible events not entered,Top 32,normal,,,true,true,false,false,0,0,0,,0,false,,mainTour,mainTour,,,true,true,
2046/47,wp-arlo-dawes-j,Arlo Dawes J,21,BEL,Rookie,Top 32 Professional,false,true,true,Ranking Retained,0,0,,Top 32,23,23,23,23,23,19,,,,,23,0,71,76,73,68,71,80,42,0,37,0,0,0,,0,,,,,,,0,0,0,0,0,0,0,0,0,"{""matches"":0,""wins"":0,""losses"":0,""draws"":0,""winPercentage"":0,""eventsEntered"":0,""titles"":0,""finals"":0,""prizeMoney"":0,""points"":0}",,,,,,,,,,,,,,23,,false,false,true,,71,22,13,8,2,1,3,1,0,0,0,0,0,9,9,estimated from season exits versus eligible schedule | 9 eligible events not entered,Top 32,normal,,,true,true,false,false,0,0,0,,0,false,,mainTour,mainTour,,,true,true,
2046/47,wp-arlo-dawes-k,Arlo Dawes K,21,BEL,Rookie,Top 32 Professional,false,true,true,Ranking Retained,0,0,,Top 32,24,24,24,24,24,20,,,,,24,0,71,76,73,68,71,80,42,0,37,0,0,0,,0,,,,,,,0,0,0,0,0,0,0,0,0,"{""matches"":0,""wins"":0,""losses"":0,""draws"":0,""winPercentage"":0,""eventsEntered"":0,""titles"":0,""finals"":0,""prizeMoney"":0,""points"":0}",,,,,,,,,,,,,,24,,false,false,true,,71,22,13,8,2,1,3,1,0,0,0,0,0,9,9,estimated from season exits versus eligible schedule | 9 eligible events not entered,Top 32,normal,,,true,true,false,false,0,0,0,,0,false,,mainTour,mainTour,,,true,true,
2046/47,wp-arlo-dawes-l,Arlo Dawes L,21,BEL,Rookie,Top 32 Professional,false,true,true,Ranking Retained,0,0,,Top 32,25,25,25,25,25,21,,,,,25,0,71,76,73,68,71,80,42,0,37,0,0,0,,0,,,,,,,0,0,0,0,0,0,0,0,0,"{""matches"":0,""wins"":0,""losses"":0,""draws"":0,""winPercentage"":0,""eventsEntered"":0,""titles"":0,""finals"":0,""prizeMoney"":0,""points"":0}",,,,,,,,,,,,,,25,,false,false,true,,71,22,13,8,2,1,3,1,0,0,0,0,0,9,9,estimated from season exits versus eligible schedule | 9 eligible events not entered,Top 32,normal,,,true,true,false,false,0,0,0,,0,false,,mainTour,mainTour,,,true,true,
2046/47,wp-arlo-dawes-m,Arlo Dawes M,18,BEL,Rookie,Top 32 Professional,false,true,true,Federation Route,1,2,2048/49,At Risk,,26,26,26,26,22,,,,,,,58,65,60,52,58,67,42,0,18,0,0,0,,0,,,,,,,0,32,0,0,0,0,0,0,0,"{""matches"":0,""wins"":0,""losses"":0,""draws"":0,""winPercentage"":0,""eventsEntered"":0,""titles"":0,""finals"":0,""prizeMoney"":0,""points"":0}",,,,,,,,,,,,,,,,false,false,true,,71,22,13,8,2,1,3,1,0,0,0,0,0,9,9,estimated from season exits versus eligible schedule | 9 eligible events not entered,Top 32,normal,,,true,true,false,false,0,0,0,,0,false,,mainTour,mainTour,,,true,true,
2046/47,wp-cian-keane,Cian Keane,42,WAL,Veteran,Top 32 Professional,false,true,true,Ranking Retained,0,0,,Top 32,26,26,27,26,27,26,,,,,26,-1,84,85,84,84,79,96,59,6,41,0,0,0,,0,,,,,,,0,0,2,1,1,50,1,0,0,"{""matches"":2,""wins"":1,""losses"":1,""draws"":0,""winPercentage"":50,""eventsEntered"":0,""titles"":1,""finals"":0,""prizeMoney"":0,""points"":0}",,,,,,,,,,,,,,12,,false,false,true,,71,22,13,8,2,1,3,1,0,0,0,0,0,9,9,estimated from season exits versus eligible schedule | 9 eligible events not entered,Top 32,normal,,,true,true,false,true,0,0,0,,0,true,,mainTour,mainTour,,,true,true,
2046/47,wp-cian-mercer,Cian Mercer,48,WAL,Veteran,Top 32 Professional,false,true,true,Ranking Retained,0,0,,Top 32,27,27,28,27,28,27,,,,,27,-1,72,73,71,69,64,76,32,17,39,0,0,0,,0,,,,,,,0,0,1,0,1,0,0,0,0,"{""matches"":1,""wins"":0,""losses"":1,""draws"":0,""winPercentage"":0,""eventsEntered"":0,""titles"":0,""finals"":0,""prizeMoney"":0,""points"":0}",,,,,,,,,,,,,,13,,false,false,true,,71,22,13,8,2,1,3,1,0,0,0,0,0,9,9,estimated from season exits versus eligible schedule | 9 eligible events not entered,Top 32,normal,,,true,true,false,true,0,0,0,,0,true,,mainTour,mainTour,,,true,true,
2046/47,wp-cian-nash,Cian Nash,42,WAL,Veteran,Top 32 Professional,false,true,true,Ranking Retained,0,0,,Top 32,28,28,29,28,29,28,,,,,28,-1,80,81,80,79,75,90,52,6,41,0,0,0,,0,,,,,,,0,0,3,1,2,33.33333333333333,1,0,0,"{""matches"":3,""wins"":1,""losses"":2,""draws"":0,""winPercentage"":33.33333333333333,""eventsEntered"":0,""titles"":1,""finals"":0,""prizeMoney"":0,""points"":0}",,,,,,,,,,,,,,14,,false,false,true,,71,22,13,8,2,1,3,1,0,0,0,0,0,9,9,estimated from season exits versus eligible schedule | 9 eligible events not entered,Top 32,normal,,,true,true,false,true,0,0,0,,0,true,,mainTour,mainTour,,,true,true,
2046/47,wp-cian-sloan,Cian Sloan,43,WAL,Veteran,Top 32 Professional,false,true,true,Ranking Retained,0,0,,Top 32,29,29,30,29,30,29,,,,,29,-1,71,72,71,68,66,78,37,9,38,0,0,0,,0,,,,,,,0,0,2,0,2,0,0,0,0,"{""matches"":2,""wins"":0,""losses"":2,""draws"":0,""winPercentage"":0,""eventsEntered"":0,""titles"":0,""finals"":0,""prizeMoney"":0,""points"":0}",,,,,,,,,,,,,,15,,false,false,true,,71,22,13,8,2,1,3,1,0,0,0,0,0,9,9,estimated from season exits versus eligible schedule | 9 eligible events not entered,Top 32,normal,,,true,true,false,true,0,0,0,,0,true,,mainTour,mainTour,,,true,true,
2046/47,wp-cian-zhou,Cian Zhou,66,WAL,Veteran,Top 32 Professional,false,true,true,Ranking Retained,0,0,,Top 32,30,30,31,30,31,30,,,,,30,-1,71,72,67,66,55,66,14,45,38,0,0,0,,0,,,,,,,0,0,0,0,0,0,0,0,0,"{""matches"":0,""wins"":0,""losses"":0,""draws"":0,""winPercentage"":0,""eventsEntered"":0,""titles"":0,""finals"":0,""prizeMoney"":0,""points"":0}",,,,,,,,,,,,,,16,,false,false,true,,71,22,13,8,2,1,3,1,0,0,0,0,0,9,9,estimated from season exits versus eligible schedule | 9 eligible events not entered,Top 32,normal,,,true,true,false,true,0,0,0,,0,true,,mainTour,mainTour,,,true,true,
2046/47,wp-daniel-crane,Daniel Crane,74,AUS,Veteran,Top 32 Professional,false,true,true,Ranking Retained,0,0,,Top 32,31,31,32,31,32,31,,,,,31,-1,71,72,65,65,51,63,10,58,38,0,0,0,,0,,,,,,,0,0,0,0,0,0,0,0,0,"{""matches"":0,""wins"":0,""losses"":0,""draws"":0,""winPercentage"":0,""eventsEntered"":0,""titles"":0,""finals"":0,""prizeMoney"":0,""points"":0}",,,,,,,,,,,,,,17,,false,false,true,,71,22,13,8,2,1,3,1,0,0,0,0,0,9,9,estimated from season exits versus eligible schedule | 9 eligible events not entered,Top 32,normal,,,true,true,false,true,0,0,0,,0,true,,mainTour,mainTour,,,true,true,
2046/47,wp-daniel-holt,Daniel Holt,49,AUS,Veteran,Tour Survivor / Top 64,false,true,true,Ranking Retained,0,0,,Top 32,32,32,33,32,33,32,,,,,32,-1,71,72,70,67,63,74,31,19,38,0,0,0,,0,,,,,,,0,0,0,0,0,0,0,0,0,"{""matches"":0,""wins"":0,""losses"":0,""draws"":0,""winPercentage"":0,""eventsEntered"":0,""titles"":0,""finals"":0,""prizeMoney"":0,""points"":0}",,,,,,,,,,,,,,18,,false,false,true,,71,18,11,8,3,1,0,0,0,0,0,0,0,7,7,estimated from season exits versus eligible schedule | 7 eligible events not entered,Top 64,normal,,,true,true,false,true,0,0,0,,0,true,,mainTour,mainTour,,,true,true,
2046/47,wp-daniel-keane,Daniel Keane,42,AUS,Veteran,Tour Survivor / Top 64,false,true,true,Ranking Retained,0,0,,Safe,33,33,34,33,34,33,,,,,33,-1,71,72,71,68,66,78,38,7,38,0,0,0,,0,,,,,,,0,0,0,0,0,0,0,0,0,"{""matches"":0,""wins"":0,""losses"":0,""draws"":0,""winPercentage"":0,""eventsEntered"":0,""titles"":0,""finals"":0,""prizeMoney"":0,""points"":0}",,,,,,,,,,,,,,19,,false,false,true,,71,18,11,8,3,1,0,0,0,0,0,0,0,7,7,estimated from season exits versus eligible schedule | 7 eligible events not entered,Top 64,normal,,,true,true,false,true,0,0,0,,0,true,,mainTour,mainTour,,,true,true,
2046/47,wp-daniel-mercer,Daniel Mercer,48,AUS,Veteran,Tour Survivor / Top 64,false,true,true,Ranking Retained,0,0,,Safe,34,34,35,34,35,34,,,,,34,-1,70,71,69,66,62,74,32,17,37,0,0,0,,0,,,,,,,0,0,0,0,0,0,0,0,0,"{""matches"":0,""wins"":0,""losses"":0,""draws"":0,""winPercentage"":0,""eventsEntered"":0,""titles"":0,""finals"":0,""prizeMoney"":0,""points"":0}",,,,,,,,,,,,,,20,,false,false,true,,71,18,11,8,3,1,0,0,0,0,0,0,0,7,7,estimated from season exits versus eligible schedule | 7 eligible events not entered,Top 64,normal,,,true,true,false,true,0,0,0,,0,true,,mainTour,mainTour,,,true,true,
2046/47,wp-daniel-nash,Daniel Nash,42,AUS,Veteran,Tour Survivor / Top 64,false,true,true,Ranking Retained,0,0,,Safe,35,35,36,35,36,35,,,,,35,-1,70,71,70,67,65,77,38,7,37,0,0,0,,0,,,,,,,0,0,0,0,0,0,0,0,0,"{""matches"":0,""wins"":0,""losses"":0,""draws"":0,""winPercentage"":0,""eventsEntered"":0,""titles"":0,""finals"":0,""prizeMoney"":0,""points"":0}",,,,,,,,,,,,,,21,,false,false,true,,71,18,11,8,3,1,0,0,0,0,0,0,0,7,7,estimated from season exits versus eligible schedule | 7 eligible events not entered,Top 64,normal,,,true,true,false,true,0,0,0,,0,true,,mainTour,mainTour,,,true,true,
2046/47,wp-daniel-sloan,Daniel Sloan,43,AUS,Veteran,Tour Survivor / Top 64,false,true,true,Ranking Retained,0,0,,Safe,36,36,37,36,37,36,,,,,36,-1,70,71,70,67,65,77,37,9,37,0,0,0,,0,,,,,,,0,0,0,0,0,0,0,0,0,"{""matches"":0,""wins"":0,""losses"":0,""draws"":0,""winPercentage"":0,""eventsEntered"":0,""titles"":0,""finals"":0,""prizeMoney"":0,""points"":0}",,,,,,,,,,,,,,22,,false,false,true,,71,18,11,8,3,1,0,0,0,0,0,0,0,7,7,estimated from season exits versus eligible schedule | 7 eligible events not entered,Top 64,normal,,,true,true,false,true,0,0,0,,0,true,,mainTour,mainTour,,,true,true,
2046/47,wp-daniel-zhou,Daniel Zhou,47,AUS,Veteran,Tour Survivor / Top 64,false,true,true,Ranking Retained,0,0,,Safe,37,37,38,37,38,37,,,,,37,-1,70,71,69,66,63,75,33,15,37,0,0,0,,0,,,,,,,0,0,0,0,0,0,0,0,0,"{""matches"":0,""wins"":0,""losses"":0,""draws"":0,""winPercentage"":0,""eventsEntered"":0,""titles"":0,""finals"":0,""prizeMoney"":0,""points"":0}",,,,,,,,,,,,,,23,,false,false,true,,71,18,11,8,3,1,0,0,0,0,0,0,0,7,7,estimated from season exits versus eligible schedule | 7 eligible events not entered,Top 64,normal,,,true,true,false,true,0,0,0,,0,true,,mainTour,mainTour,,,true,true,
2046/47,wp-ethan-crane,Ethan Crane,75,SCO,Veteran,Tour Survivor / Top 64,false,true,true,Ranking Retained,0,0,,Safe,38,38,39,38,39,39,,,,,38,-1,71,72,65,65,51,63,10,59,38,0,0,0,,0,,,,,,,0,0,0,0,0,0,0,0,0,"{""matches"":0,""wins"":0,""losses"":0,""draws"":0,""winPercentage"":0,""eventsEntered"":0,""titles"":0,""finals"":0,""prizeMoney"":0,""points"":0}",,,,,,,,,,,,,,15,,false,false,true,,71,18,11,8,3,1,0,0,0,0,0,0,0,7,7,estimated from season exits versus eligible schedule | 7 eligible events not entered,Top 64,normal,,,true,true,false,true,0,0,0,,0,true,,mainTour,mainTour,,,true,true,
2046/47,wp-ethan-dawes,Ethan Dawes,41,SCO,Veteran,Tour Survivor / Top 64,false,true,true,Ranking Retained,0,0,,Safe,39,39,40,39,40,40,,,,,39,-1,69,70,70,66,65,77,39,6,37,0,0,0,,0,,,,,,,0,0,0,0,0,0,0,0,0,"{""matches"":0,""wins"":0,""losses"":0,""draws"":0,""winPercentage"":0,""eventsEntered"":0,""titles"":0,""finals"":0,""prizeMoney"":0,""points"":0}",,,,,,,,,,,,,,25,,false,false,true,,71,18,11,8,3,1,0,0,0,0,0,0,0,7,7,estimated from season exits versus eligible schedule | 7 eligible events not entered,Top 64,normal,,,true,true,false,true,0,0,0,,0,true,,mainTour,mainTour,,,true,true,
2046/47,wp-ethan-holt,Ethan Holt,52,SCO,Veteran,Tour Survivor / Top 64,false,true,true,Ranking Retained,0,0,,Safe,40,40,41,40,41,41,,,,,40,-1,69,70,67,65,59,71,28,23,36,0,0,0,,0,,,,,,,0,0,0,0,0,0,0,0,0,"{""matches"":0,""wins"":0,""losses"":0,""draws"":0,""winPercentage"":0,""eventsEntered"":0,""titles"":0,""finals"":0,""prizeMoney"":0,""points"":0}",,,,,,,,,,,,,,26,,false,false,true,,71,18,11,8,3,1,0,0,0,0,0,0,0,7,7,estimated from season exits versus eligible schedule | 7 eligible events not entered,Top 64,normal,,,true,true,false,true,0,0,0,,0,true,,mainTour,mainTour,,,true,true,
2046/47,wp-ethan-keane,Ethan Keane,43,SCO,Veteran,Tour Survivor / Top 64,false,true,true,Ranking Retained,0,0,,Safe,41,41,42,41,42,42,,,,,41,-1,69,70,69,66,64,76,37,9,36,0,0,0,,0,,,,,,,0,0,0,0,0,0,0,0,0,"{""matches"":0,""wins"":0,""losses"":0,""draws"":0,""winPercentage"":0,""eventsEntered"":0,""titles"":0,""finals"":0,""prizeMoney"":0,""points"":0}",,,,,,,,,,,,,,27,,false,false,true,,71,18,11,8,3,1,0,0,0,0,0,0,0,7,7,estimated from season exits versus eligible schedule | 7 eligible events not entered,Top 64,normal,,,true,true,false,true,0,0,0,,0,true,,mainTour,mainTour,,,true,true,
2046/47,wp-ethan-mercer,Ethan Mercer,45,SCO,Veteran,Tour Survivor / Top 64,false,true,true,Ranking Retained,0,0,,Safe,42,42,43,42,43,43,,,,,42,-1,69,70,69,65,63,75,35,12,36,0,0,0,,0,,,,,,,0,0,0,0,0,0,0,0,0,"{""matches"":0,""wins"":0,""losses"":0,""draws"":0,""winPercentage"":0,""eventsEntered"":0,""titles"":0,""finals"":0,""prizeMoney"":0,""points"":0}",,,,,,,,,,,,,,28,,false,false,true,,71,18,11,8,3,1,0,0,0,0,0,0,0,7,7,estimated from season exits versus eligible schedule | 7 eligible events not entered,Top 64,normal,,,true,true,false,true,0,0,0,,0,true,,mainTour,mainTour,,,true,true,
2046/47,wp-ethan-nash,Ethan Nash,43,SCO,Veteran,Tour Survivor / Top 64,false,true,true,Ranking Retained,0,0,,Safe,43,43,44,43,44,44,,,,,43,-1,69,70,69,66,64,76,37,9,36,0,0,0,,0,,,,,,,0,0,0,0,0,0,0,0,0,"{""matches"":0,""wins"":0,""losses"":0,""draws"":0,""winPercentage"":0,""eventsEntered"":0,""titles"":0,""finals"":0,""prizeMoney"":0,""points"":0}",,,,,,,,,,,,,,29,,false,false,true,,71,18,11,8,3,1,0,0,0,0,0,0,0,7,7,estimated from season exits versus eligible schedule | 7 eligible events not entered,Top 64,normal,,,true,true,false,true,0,0,0,,0,true,,mainTour,mainTour,,,true,true,
2046/47,wp-ethan-sloan,Ethan Sloan,52,SCO,Veteran,Tour Survivor / Top 64,false,true,true,Ranking Retained,0,0,,Safe,44,44,45,44,45,45,,,,,44,-1,68,69,66,64,58,70,28,23,36,0,0,0,,0,,,,,,,0,0,0,0,0,0,0,0,0,"{""matches"":0,""wins"":0,""losses"":0,""draws"":0,""winPercentage"":0,""eventsEntered"":0,""titles"":0,""finals"":0,""prizeMoney"":0,""points"":0}",,,,,,,,,,,,,,30,,false,false,true,,71,18,11,8,3,1,0,0,0,0,0,0,0,7,7,estimated from season exits versus eligible schedule | 7 eligible events not entered,Top 64,normal,,,true,true,false,true,0,0,0,,0,true,,mainTour,mainTour,,,true,true,
2046/47,wp-ethan-zhou,Ethan Zhou,50,SCO,Veteran,Tour Survivor / Top 64,false,true,true,Ranking Retained,0,0,,Safe,45,45,46,45,46,46,,,,,45,-1,68,69,67,64,59,71,30,20,35,0,0,0,,0,,,,,,,0,0,0,0,0,0,0,0,0,"{""matches"":0,""wins"":0,""losses"":0,""draws"":0,""winPercentage"":0,""eventsEntered"":0,""titles"":0,""finals"":0,""prizeMoney"":0,""points"":0}",,,,,,,,,,,,,,31,,false,false,true,,71,18,11,8,3,1,0,0,0,0,0,0,0,7,7,estimated from season exits versus eligible schedule | 7 eligible events not entered,Top 64,normal,,,true,true,false,true,0,0,0,,0,true,,mainTour,mainTour,,,true,true,
2046/47,wp-evan-mori,Evan Mori,35,CHN,Established,Tour Survivor / Top 64,false,true,true,Ranking Retained,0,0,,Safe,46,46,47,46,47,47,,,,,46,-1,68,69,70,65,66,77,42,0,35,0,0,0,,0,,,,,,,0,0,0,0,0,0,0,0,0,"{""matches"":0,""wins"":0,""losses"":0,""draws"":0,""winPercentage"":0,""eventsEntered"":0,""titles"":0,""finals"":0,""prizeMoney"":0,""points"":0}",,,,,,,,,,,,,,33,,false,false,true,,71,18,11,8,3,1,0,0,0,0,0,0,0,7,7,estimated from season exits versus eligible schedule | 7 eligible events not entered,Top 64,normal,,,true,true,false,true,0,0,0,,0,true,,mainTour,mainTour,,,true,true,
2046/47,wp-evan-mori-a,Evan Mori A,35,CHN,Established,Tour Survivor / Top 64,false,true,true,Ranking Retained,0,0,,Safe,47,47,48,47,48,48,,,,,47,-1,91,92,93,93,89,99,84,0,39,0,0,0,,0,,,,,,,0,0,2,2,0,100,2,0,0,"{""matches"":2,""wins"":2,""losses"":0,""draws"":0,""winPercentage"":100,""eventsEntered"":0,""titles"":2,""finals"":0,""prizeMoney"":0,""points"":0}",,,,,,,,,,,,,,36,,false,false,true,,71,18,11,8,3,1,0,0,0,0,0,0,0,7,7,estimated from season exits versus eligible schedule | 7 eligible events not entered,Top 64,normal,,,true,true,false,true,0,0,0,,0,true,,mainTour,mainTour,,,true,true,
2046/47,wp-evan-mori-b,Evan Mori B,32,CHN,Established,Tour Survivor / Top 64,false,true,true,Ranking Retained,0,0,,Safe,48,48,49,48,49,49,,,,,48,-1,67,68,69,64,66,76,42,0,34,0,0,0,,0,,,,,,,0,0,0,0,0,0,0,0,0,"{""matches"":0,""wins"":0,""losses"":0,""draws"":0,""winPercentage"":0,""eventsEntered"":0,""titles"":0,""finals"":0,""prizeMoney"":0,""points"":0}",,,,,,,,,,,,,,37,,false,false,true,,71,18,11,8,3,1,0,0,0,0,0,0,0,7,7,estimated from season exits versus eligible schedule | 7 eligible events not entered,Top 64,normal,,,true,true,false,true,0,0,0,,0,true,,mainTour,mainTour,,,true,true,
2046/47,wp-evan-mori-c,Evan Mori C,32,CHN,Established,Tour Survivor / Top 64,false,true,true,Ranking Retained,0,0,,Safe,49,49,50,49,50,50,,,,,49,-1,90,91,92,91,89,99,83,0,36,0,0,0,,0,,,,,,,0,0,1,1,0,100,1,0,0,"{""matches"":1,""wins"":1,""losses"":0,""draws"":0,""winPercentage"":100,""eventsEntered"":0,""titles"":1,""finals"":0,""prizeMoney"":0,""points"":0}",,,,,,,,,,,,,,39,,false,false,true,,71,18,11,8,3,1,0,0,0,0,0,0,0,7,7,estimated from season exits versus eligible schedule | 7 eligible events not entered,Top 64,normal,,,true,true,false,true,0,0,0,,0,true,,mainTour,mainTour,,,true,true,
2046/47,wp-evan-mori-d,Evan Mori D,32,CHN,Established,Tour Survivor / Top 64,false,true,true,Ranking Retained,0,0,,Safe,50,50,51,50,51,51,,,,,50,-1,89,89,91,90,88,99,83,0,35,0,0,0,,0,,,,,,,0,0,1,1,0,100,1,0,0,"{""matches"":1,""wins"":1,""losses"":0,""draws"":0,""winPercentage"":100,""eventsEntered"":0,""titles"":1,""finals"":0,""prizeMoney"":0,""points"":0}",,,,,,,,,,,,,,42,,false,false,true,,71,18,11,8,3,1,0,0,0,0,0,0,0,7,7,estimated from season exits versus eligible schedule | 7 eligible events not entered,Top 64,normal,,,true,true,false,true,0,0,0,,0,true,,mainTour,mainTour,,,true,true,
2046/47,wp-evan-mori-e,Evan Mori E,29,CHN,Established,Tour Survivor / Top 64,false,true,true,Ranking Retained,0,0,,Safe,51,51,52,51,52,52,,,,,51,-1,66,66,68,63,66,75,42,0,33,0,0,0,,0,,,,,,,0,0,0,0,0,0,0,0,0,"{""matches"":0,""wins"":0,""losses"":0,""draws"":0,""winPercentage"":0,""eventsEntered"":0,""titles"":0,""finals"":0,""prizeMoney"":0,""points"":0}",,,,,,,,,,,,,,43,,false,false,true,,71,18,11,8,3,1,0,0,0,0,0,0,0,7,7,estimated from season exits versus eligible schedule | 7 eligible events not entered,Top 64,normal,,,true,true,false,true,0,0,0,,0,true,,mainTour,mainTour,,,true,true,
2046/47,wp-evan-mori-f,Evan Mori F,26,AUS,Established,Tour Survivor / Top 64,false,true,true,Ranking Retained,0,0,,Safe,52,52,53,52,53,53,,,,,52,-1,66,68,68,63,66,75,42,0,33,0,0,0,,0,,,,,,,0,0,0,0,0,0,0,0,0,"{""matches"":0,""wins"":0,""losses"":0,""draws"":0,""winPercentage"":0,""eventsEntered"":0,""titles"":0,""finals"":0,""prizeMoney"":0,""points"":0}",,,,,,,,,,,,,,47,,false,false,true,,71,18,11,8,3,1,0,0,0,0,0,0,0,7,7,estimated from season exits versus eligible schedule | 7 eligible events not entered,Top 64,normal,,,true,true,false,true,0,0,0,,0,true,,mainTour,mainTour,,,true,true,
2046/47,wp-evan-mori-g,Evan Mori G,26,AUS,Established,Tour Survivor / Top 64,false,true,true,Ranking Retained,0,0,,Safe,53,53,54,53,54,54,,,,,53,-1,66,68,68,63,66,75,42,0,32,0,0,0,,0,,,,,,,0,0,0,0,0,0,0,0,0,"{""matches"":0,""wins"":0,""losses"":0,""draws"":0,""winPercentage"":0,""eventsEntered"":0,""titles"":0,""finals"":0,""prizeMoney"":0,""points"":0}",,,,,,,,,,,,,,48,,false,false,true,,71,18,11,8,3,1,0,0,0,0,0,0,0,7,7,estimated from season exits versus eligible schedule | 7 eligible events not entered,Top 64,normal,,,true,true,false,true,0,0,0,,0,true,,mainTour,mainTour,,,true,true,
2046/47,wp-evan-mori-h,Evan Mori H,26,AUS,Established,Tour Survivor / Top 64,false,true,true,Ranking Retained,0,0,,Safe,54,54,55,54,55,55,,,,,54,-1,65,67,67,62,65,74,42,0,32,0,0,0,,0,,,,,,,0,0,0,0,0,0,0,0,0,"{""matches"":0,""wins"":0,""losses"":0,""draws"":0,""winPercentage"":0,""eventsEntered"":0,""titles"":0,""finals"":0,""prizeMoney"":0,""points"":0}",,,,,,,,,,,,,,49,,false,false,true,,71,18,11,8,3,1,0,0,0,0,0,0,0,7,7,estimated from season exits versus eligible schedule | 7 eligible events not entered,Top 64,normal,,,true,true,false,true,0,0,0,,0,true,,mainTour,mainTour,,,true,true,
2046/47,wp-evan-mori-i,Evan Mori I,24,CHN,Rookie,Tour Survivor / Top 64,false,true,true,Ranking Retained,0,0,,Safe,55,55,56,55,56,56,,,,,55,-1,65,68,67,62,65,74,42,0,32,0,0,0,,0,,,,,,,0,0,0,0,0,0,0,0,0,"{""matches"":0,""wins"":0,""losses"":0,""draws"":0,""winPercentage"":0,""eventsEntered"":0,""titles"":0,""finals"":0,""prizeMoney"":0,""points"":0}",,,,,,,,,,,,,,53,,false,false,true,,71,18,11,8,3,1,0,0,0,0,0,0,0,7,7,estimated from season exits versus eligible schedule | 7 eligible events not entered,Top 64,normal,,,true,true,false,true,0,0,0,,0,true,,mainTour,mainTour,,,true,true,
2046/47,wp-evan-mori-j,Evan Mori J,21,CHN,Rookie,Tour Survivor / Top 64,false,true,true,Ranking Retained,0,0,,Safe,56,56,57,56,57,57,,,,,56,-1,65,70,67,61,65,74,42,0,31,0,0,0,,0,,,,,,,0,0,0,0,0,0,0,0,0,"{""matches"":0,""wins"":0,""losses"":0,""draws"":0,""winPercentage"":0,""eventsEntered"":0,""titles"":0,""finals"":0,""prizeMoney"":0,""points"":0}",,,,,,,,,,,,,,54,,false,false,true,,71,18,11,8,3,1,0,0,0,0,0,0,0,7,7,estimated from season exits versus eligible schedule | 7 eligible events not entered,Top 64,normal,,,true,true,false,true,0,0,0,,0,true,,mainTour,mainTour,,,true,true,
2046/47,wp-evan-mori-k,Evan Mori K,21,CHN,Rookie,Tour Survivor / Top 64,false,true,true,Ranking Retained,0,0,,Safe,57,57,58,57,58,58,,,,,57,-1,64,69,66,60,64,73,42,0,31,0,0,0,,0,,,,,,,0,0,0,0,0,0,0,0,0,"{""matches"":0,""wins"":0,""losses"":0,""draws"":0,""winPercentage"":0,""eventsEntered"":0,""titles"":0,""finals"":0,""prizeMoney"":0,""points"":0}",,,,,,,,,,,,,,57,,false,false,true,,71,18,11,8,3,1,0,0,0,0,0,0,0,7,7,estimated from season exits versus eligible schedule | 7 eligible events not entered,Top 64,normal,,,true,true,false,true,0,0,0,,0,true,,mainTour,mainTour,,,true,true,
2046/47,wp-evan-mori-l,Evan Mori L,21,CHN,Rookie,Tour Survivor / Top 64,false,true,true,Ranking Retained,0,0,,Safe,58,58,59,58,59,59,,,,,58,-1,64,69,66,60,64,73,42,0,31,0,0,0,,0,,,,,,,0,0,0,0,0,0,0,0,0,"{""matches"":0,""wins"":0,""losses"":0,""draws"":0,""winPercentage"":0,""eventsEntered"":0,""titles"":0,""finals"":0,""prizeMoney"":0,""points"":0}",,,,,,,,,,,,,,58,,false,false,true,,71,18,11,8,3,1,0,0,0,0,0,0,0,7,7,estimated from season exits versus eligible schedule | 7 eligible events not entered,Top 64,normal,,,true,true,false,true,0,0,0,,0,true,,mainTour,mainTour,,,true,true,
2046/47,wp-evan-mori-m,Evan Mori M,18,CHN,Rookie,Tour Survivor / Top 64,false,true,true,Federation Route,1,2,2048/49,At Risk,,60,60,60,60,60,,,,,,,55,62,57,49,55,64,42,0,18,0,0,0,,0,,,,,,,0,31,0,0,0,0,0,0,0,"{""matches"":0,""wins"":0,""losses"":0,""draws"":0,""winPercentage"":0,""eventsEntered"":0,""titles"":0,""finals"":0,""prizeMoney"":0,""points"":0}",,,,,,,,,,,,,,,,false,false,true,,71,18,11,8,3,1,0,0,0,0,0,0,0,7,7,estimated from season exits versus eligible schedule | 7 eligible events not entered,Top 64,normal,,,true,true,false,false,0,0,0,,0,false,,mainTour,mainTour,,,true,true,
2046/47,wp-felix-turner,Felix Turner,41,POL,Veteran,Tour Survivor / Top 64,false,true,true,Ranking Retained,0,0,,Safe,59,59,61,59,61,61,,,,,59,-2,66,67,67,63,62,74,39,6,34,0,0,0,,0,,,,,,,0,0,0,0,0,0,0,0,0,"{""matches"":0,""wins"":0,""losses"":0,""draws"":0,""winPercentage"":0,""eventsEntered"":0,""titles"":0,""finals"":0,""prizeMoney"":0,""points"":0}",,,,,,,,,,,,,,38,,false,false,true,,71,18,11,8,3,1,0,0,0,0,0,0,0,7,7,estimated from season exits versus eligible schedule | 7 eligible events not entered,Top 64,normal,,,true,true,false,true,0,0,0,,0,true,,mainTour,mainTour,,,true,true,
2046/47,wp-finley-crane,Finley Crane,42,THA,Veteran,Tour Survivor / Top 64,false,true,true,Ranking Retained,0,0,,Safe,60,60,62,60,62,62,,,,,60,-2,68,70,68,65,63,75,38,7,37,0,0,0,,0,,,,,,,0,0,0,0,0,0,0,0,0,"{""matches"":0,""wins"":0,""losses"":0,""draws"":0,""winPercentage"":0,""eventsEntered"":0,""titles"":0,""finals"":0,""prizeMoney"":0,""points"":0}",,,,,,,,,,,,,,22,,false,false,true,,71,18,11,8,3,1,0,0,0,0,0,0,0,7,7,estimated from season exits versus eligible schedule | 7 eligible events not entered,Top 64,normal,,,true,true,false,true,0,0,0,,0,true,,mainTour,mainTour,,,true,true,
2046/47,wp-finley-holt,Finley Holt,42,THA,Veteran,Tour Survivor / Top 64,false,true,true,Ranking Retained,0,0,,Safe,61,61,63,61,63,63,,,,,61,-2,67,69,67,64,62,74,38,7,35,0,0,0,,0,,,,,,,0,0,0,0,0,0,0,0,0,"{""matches"":0,""wins"":0,""losses"":0,""draws"":0,""winPercentage"":0,""eventsEntered"":0,""titles"":0,""finals"":0,""prizeMoney"":0,""points"":0}",,,,,,,,,,,,,,33,,false,false,true,,71,18,11,8,3,1,0,0,0,0,0,0,0,7,7,estimated from season exits versus eligible schedule | 7 eligible events not entered,Top 64,normal,,,true,true,false,true,0,0,0,,0,true,,mainTour,mainTour,,,true,true,
2046/47,wp-finley-keane,Finley Keane,46,THA,Veteran,Tour Survivor / Top 64,false,true,true,Ranking Retained,0,0,,Safe,62,62,64,62,64,64,,,,,62,-2,66,68,66,62,59,71,34,14,35,0,0,0,,0,,,,,,,0,0,0,0,0,0,0,0,0,"{""matches"":0,""wins"":0,""losses"":0,""draws"":0,""winPercentage"":0,""eventsEntered"":0,""titles"":0,""finals"":0,""prizeMoney"":0,""points"":0}",,,,,,,,,,,,,,34,,false,false,true,,71,18,11,8,3,1,0,0,0,0,0,0,0,7,7,estimated from season exits versus eligible schedule | 7 eligible events not entered,Top 64,normal,,,true,true,false,true,0,0,0,,0,true,,mainTour,mainTour,,,true,true,
2046/47,wp-finley-mercer,Finley Mercer,48,THA,Veteran,Bottom Tour / At Risk,false,true,true,Ranking Retained,0,0,,Safe,63,63,65,63,65,65,,,,,63,-2,66,68,65,62,58,70,32,17,35,0,0,0,,0,,,,,,,0,0,0,0,0,0,0,0,0,"{""matches"":0,""wins"":0,""losses"":0,""draws"":0,""winPercentage"":0,""eventsEntered"":0,""titles"":0,""finals"":0,""prizeMoney"":0,""points"":0}",,,,,,,,,,,,,,35,,false,false,true,,71,18,9,2,7,1,0,0,0,0,0,0,0,9,9,estimated from season exits versus eligible schedule | 9 eligible events not entered,Bottom Tour 65-128,normal,,,true,true,false,true,0,0,0,,0,true,,mainTour,mainTour,,,true,true,
2046/47,wp-finley-nash,Finley Nash,69,THA,Veteran,Bottom Tour / At Risk,false,true,true,Ranking Retained,0,0,,Safe,64,64,66,64,66,66,,,,,64,-2,66,68,61,60,48,59,11,50,35,0,0,0,,0,,,,,,,0,0,0,0,0,0,0,0,0,"{""matches"":0,""wins"":0,""losses"":0,""draws"":0,""winPercentage"":0,""eventsEntered"":0,""titles"":0,""finals"":0,""prizeMoney"":0,""points"":0}",,,,,,,,,,,,,,36,,false,false,true,,71,18,9,2,7,1,0,0,0,0,0,0,0,9,9,estimated from season exits versus eligible schedule | 9 eligible events not entered,Bottom Tour 65-128,normal,,,true,true,false,true,0,0,0,,0,true,,mainTour,mainTour,,,true,true,
2046/47,wp-finn-cross-b,Finn Cross B,31,SCO,Established,Rookie Pro / Bubble,false,true,true,Playoff Route,2,1,2047/48,Rookie Year 2,65,65,67,65,67,67,,,,,65,-2,64,65,66,61,64,73,42,0,32,0,0,0,,0,,,,,,,0,0,1,0,1,0,0,0,0,"{""matches"":1,""wins"":0,""losses"":1,""draws"":0,""winPercentage"":0,""eventsEntered"":0,""titles"":0,""finals"":0,""prizeMoney"":0,""points"":0}",,,,,,,,,,,,,,50,,false,false,true,,71,18,9,2,7,1,0,0,0,0,0,0,0,9,9,estimated from season exits versus eligible schedule | 9 eligible events not entered,Rookie Pro,normal,,,true,true,false,true,0,0,0,,0,true,,mainTour,mainTour,,,true,true,
2046/47,wp-finn-cross-c,Finn Cross C,31,SCO,Established,Rookie Pro / Bubble,false,true,true,Playoff Route,1,2,2048/49,At Risk,,68,68,68,68,68,,,,,,,64,65,66,60,64,73,42,0,31,0,0,0,,0,,,,,,,0,35,1,0,1,0,0,0,0,"{""matches"":1,""wins"":0,""losses"":1,""draws"":0,""winPercentage"":0,""eventsEntered"":0,""titles"":0,""finals"":0,""prizeMoney"":0,""points"":0}",,,,,,,,,,,,,,55,,false,false,true,,71,18,9,2,7,1,0,0,0,0,0,0,0,9,9,estimated from season exits versus eligible schedule | 9 eligible events not entered,Rookie Pro,normal,,,true,true,false,false,0,0,0,,0,false,,mainTour,mainTour,,,true,true,
2046/47,wp-finn-cross-d,Finn Cross D,31,SCO,Established,Rookie Pro / Bubble,false,true,true,Federation Route,1,2,2048/49,At Risk,,69,69,69,69,69,,,,,,,63,64,65,59,63,72,42,0,31,0,0,0,,0,,,,,,,0,30,0,0,0,0,0,0,0,"{""matches"":0,""wins"":0,""losses"":0,""draws"":0,""winPercentage"":0,""eventsEntered"":0,""titles"":0,""finals"":0,""prizeMoney"":0,""points"":0}",,,,,,,,,,,,,,56,,false,false,true,,71,18,9,2,7,1,0,0,0,0,0,0,0,9,9,estimated from season exits versus eligible schedule | 9 eligible events not entered,Rookie Pro,normal,,,true,true,false,false,0,0,0,,0,false,,mainTour,mainTour,,,true,true,
2046/47,wp-finn-cross-e,Finn Cross E,28,SCO,Established,Rookie Pro / Bubble,false,true,true,Federation Route,2,1,2047/48,Rookie Year 2,66,66,70,66,70,70,,,,,66,-4,63,64,65,59,63,72,42,0,30,0,0,0,,0,,,,,,,0,0,0,0,0,0,0,0,0,"{""matches"":0,""wins"":0,""losses"":0,""draws"":0,""winPercentage"":0,""eventsEntered"":0,""titles"":0,""finals"":0,""prizeMoney"":0,""points"":0}",,,,,,,,,,,,,,59,,false,false,true,,71,18,9,2,7,1,0,0,0,0,0,0,0,9,9,estimated from season exits versus eligible schedule | 9 eligible events not entered,Rookie Pro,normal,,,true,true,false,true,0,0,0,,0,true,,mainTour,mainTour,,,true,true,
2046/47,wp-finn-cross-f,Finn Cross F,28,SCO,Established,Rookie Pro / Bubble,false,true,true,Federation Route,2,1,2047/48,Rookie Year 2,67,67,71,67,71,71,,,,,67,-4,63,64,65,59,63,72,42,0,30,0,0,0,,0,,,,,,,0,0,0,0,0,0,0,0,0,"{""matches"":0,""wins"":0,""losses"":0,""draws"":0,""winPercentage"":0,""eventsEntered"":0,""titles"":0,""finals"":0,""prizeMoney"":0,""points"":0}",,,,,,,,,,,,,,60,,false,false,true,,71,18,9,2,7,1,0,0,0,0,0,0,0,9,9,estimated from season exits versus eligible schedule | 9 eligible events not entered,Rookie Pro,normal,,,true,true,false,true,0,0,0,,0,true,,mainTour,mainTour,,,true,true,
2046/47,wp-finn-cross-g,Finn Cross G,26,BEL,Established,Rookie Pro / Bubble,false,true,true,Playoff Route,2,1,2047/48,Rookie Year 2,68,68,72,68,72,72,,,,,68,-4,62,64,64,58,62,71,42,0,29,0,0,0,,0,,,,,,,0,0,0,0,0,0,0,0,0,"{""matches"":0,""wins"":0,""losses"":0,""draws"":0,""winPercentage"":0,""eventsEntered"":0,""titles"":0,""finals"":0,""prizeMoney"":0,""points"":0}",,,,,,,,,,,,,,65,,false,false,true,,71,18,9,2,7,1,0,0,0,0,0,0,0,9,9,estimated from season exits versus eligible schedule | 9 eligible events not entered,Rookie Pro,normal,,,true,true,false,true,0,0,0,,0,true,,mainTour,mainTour,,,true,true,
2046/47,wp-finn-cross-h,Finn Cross H,26,BEL,Established,Rookie Pro / Bubble,false,true,true,Playoff Route,2,1,2047/48,Rookie Year 2,69,69,73,69,73,73,,,,,69,-4,62,64,64,58,62,71,42,0,29,0,0,0,,0,,,,,,,0,0,0,0,0,0,0,0,0,"{""matches"":0,""wins"":0,""losses"":0,""draws"":0,""winPercentage"":0,""eventsEntered"":0,""titles"":0,""finals"":0,""prizeMoney"":0,""points"":0}",,,,,,,,,,,,,,66,,false,false,true,,71,18,9,2,7,1,0,0,0,0,0,0,0,9,9,estimated from season exits versus eligible schedule | 9 eligible events not entered,Rookie Pro,normal,,,true,true,false,true,0,0,0,,0,true,,mainTour,mainTour,,,true,true,
2046/47,wp-finn-cross-i,Finn Cross I,23,BEL,Rookie,Rookie Pro / Bubble,false,true,true,Playoff Route,2,1,2047/48,Rookie Year 2,70,70,74,70,74,74,,,,,70,-4,61,65,63,57,61,70,42,0,28,0,0,0,,0,,,,,,,0,0,0,0,0,0,0,0,0,"{""matches"":0,""wins"":0,""losses"":0,""draws"":0,""winPercentage"":0,""eventsEntered"":0,""titles"":0,""finals"":0,""prizeMoney"":0,""points"":0}",,,,,,,,,,,,,,70,,false,false,true,,71,18,9,2,7,1,0,0,0,0,0,0,0,9,9,estimated from season exits versus eligible schedule | 9 eligible events not entered,Rookie Pro,normal,,,true,true,false,true,0,0,0,,0,true,,mainTour,mainTour,,,true,true,
2046/47,wp-finn-cross-l,Finn Cross L,20,SCO,Rookie,Rookie Pro / Bubble,false,true,true,Q School,2,1,2047/48,Rookie Year 2,73,73,75,73,75,75,,,,,73,-2,61,67,63,57,61,70,42,0,28,0,0,0,,0,,,,,,,0,0,0,0,0,0,0,0,0,"{""matches"":0,""wins"":0,""losses"":0,""draws"":0,""winPercentage"":0,""eventsEntered"":0,""titles"":0,""finals"":0,""prizeMoney"":0,""points"":0}",,,,,,,,,,,,,,73,,false,false,true,,71,18,9,2,7,1,0,0,0,0,0,0,0,9,9,estimated from season exits versus eligible schedule | 9 eligible events not entered,Rookie Pro,normal,,,true,true,false,true,0,0,0,,0,true,,mainTour,mainTour,,,true,true,
2046/47,wp-finn-cross-m,Finn Cross M,17,SCO,Rookie,Rookie Pro / Bubble,false,true,true,Federation Route,1,2,2048/49,At Risk,,76,76,76,76,76,,,,,,,54,62,56,48,54,63,42,0,18,0,0,0,,0,,,,,,,0,30,0,0,0,0,0,0,0,"{""matches"":0,""wins"":0,""losses"":0,""draws"":0,""winPercentage"":0,""eventsEntered"":0,""titles"":0,""finals"":0,""prizeMoney"":0,""points"":0}",,,,,,,,,,,,,,,,false,false,true,,71,18,9,2,7,1,0,0,0,0,0,0,0,9,9,estimated from season exits versus eligible schedule | 9 eligible events not entered,Rookie Pro,normal,,,true,true,false,false,0,0,0,,0,false,,mainTour,mainTour,,,true,true,
2046/47,wp-jude-sloan-a,Jude Sloan A,32,WAL,Established,Rookie Pro / Bubble,false,true,true,Playoff Route,2,1,2047/48,Rookie Year 2,74,74,77,74,77,77,,,,,74,-3,62,63,64,58,61,71,42,0,29,0,0,0,,0,,,,,,,0,0,0,0,0,0,0,0,0,"{""matches"":0,""wins"":0,""losses"":0,""draws"":0,""winPercentage"":0,""eventsEntered"":0,""titles"":0,""finals"":0,""prizeMoney"":0,""points"":0}",,,,,,,,,,,,,,65,,false,false,true,,71,18,9,2,7,1,0,0,0,0,0,0,0,9,9,estimated from season exits versus eligible schedule | 9 eligible events not entered,Rookie Pro,normal,,,true,true,false,true,0,0,0,,0,true,,mainTour,mainTour,,,true,true,
2046/47,wp-jude-sloan-b,Jude Sloan B,32,WAL,Established,Rookie Pro / Bubble,false,true,true,Playoff Route,2,1,2047/48,Rookie Year 2,75,75,78,75,78,78,,,,,75,-3,61,62,63,57,60,70,42,0,29,0,0,0,,0,,,,,,,0,0,2,0,2,0,0,0,0,"{""matches"":2,""wins"":0,""losses"":2,""draws"":0,""winPercentage"":0,""eventsEntered"":0,""titles"":0,""finals"":0,""prizeMoney"":0,""points"":0}",,,,,,,,,,,,,,67,,false,false,true,,71,18,9,2,7,1,0,0,0,0,0,0,0,9,9,estimated from season exits versus eligible schedule | 9 eligible events not entered,Rookie Pro,normal,,,true,true,false,true,0,0,0,,0,true,,mainTour,mainTour,,,true,true,
2046/47,wp-jude-sloan-h,Jude Sloan H,24,IRL,Rookie,Rookie Pro / Bubble,false,true,true,Playoff Route,1,2,2048/49,At Risk,,79,79,79,79,79,,,,,,,60,63,62,56,60,69,42,0,28,0,0,0,,0,,,,,,,0,61,0,0,0,0,0,0,0,"{""matches"":0,""wins"":0,""losses"":0,""draws"":0,""winPercentage"":0,""eventsEntered"":0,""titles"":0,""finals"":0,""prizeMoney"":0,""points"":0}",,,,,,,,,,,,,,75,,false,false,true,,71,18,9,2,7,1,0,0,0,0,0,0,0,9,9,estimated from season exits versus eligible schedule | 9 eligible events not entered,Rookie Pro,normal,,,true,true,false,false,0,0,0,,0,false,,mainTour,mainTour,,,true,true,
2046/47,wp-jude-sloan-i,Jude Sloan I,24,IRL,Rookie,Rookie Pro / Bubble,false,true,true,Playoff Route,1,2,2048/49,At Risk,,80,80,80,80,80,,,,,,,60,63,62,56,60,69,42,0,27,0,0,0,,0,,,,,,,0,58,0,0,0,0,0,0,0,"{""matches"":0,""wins"":0,""losses"":0,""draws"":0,""winPercentage"":0,""eventsEntered"":0,""titles"":0,""finals"":0,""prizeMoney"":0,""points"":0}",,,,,,,,,,,,,,76,,false,false,true,,71,18,9,2,7,1,0,0,0,0,0,0,0,9,9,estimated from season exits versus eligible schedule | 9 eligible events not entered,Rookie Pro,normal,,,true,true,false,false,0,0,0,,0,false,,mainTour,mainTour,,,true,true,
2046/47,wp-jude-sloan-j,Jude Sloan J,22,AUS,Rookie,Rookie Pro / Bubble,false,true,true,Playoff Route,2,1,2047/48,Rookie Year 2,81,81,81,81,81,81,,,,,81,0,60,64,62,56,60,69,42,0,27,0,0,0,,0,,,,,,,0,0,0,0,0,0,0,0,0,"{""matches"":0,""wins"":0,""losses"":0,""draws"":0,""winPercentage"":0,""eventsEntered"":0,""titles"":0,""finals"":0,""prizeMoney"":0,""points"":0}",,,,,,,,,,,,,,77,,false,false,true,,71,18,9,2,7,1,0,0,0,0,0,0,0,9,9,estimated from season exits versus eligible schedule | 9 eligible events not entered,Rookie Pro,normal,,,true,true,false,false,0,0,0,,0,false,,mainTour,mainTour,,,true,true,
2046/47,wp-jude-sloan-k,Jude Sloan K,22,AUS,Rookie,Rookie Pro / Bubble,false,true,true,Q School,1,2,2048/49,At Risk,,82,82,82,82,82,,,,,,,60,64,62,56,60,69,42,0,27,0,0,0,,0,,,,,,,0,112,0,0,0,0,0,0,0,"{""matches"":0,""wins"":0,""losses"":0,""draws"":0,""winPercentage"":0,""eventsEntered"":0,""titles"":0,""finals"":0,""prizeMoney"":0,""points"":0}",,,,,,,,,,,,,,78,,false,false,true,,71,18,9,2,7,1,0,0,0,0,0,0,0,9,9,estimated from season exits versus eligible schedule | 9 eligible events not entered,Rookie Pro,normal,,,true,true,false,false,0,0,0,,0,false,,mainTour,mainTour,,,true,true,
2046/47,wp-kai-pryce-c,Kai Pryce C,32,AUS,Established,Rookie Pro / Bubble,false,true,true,Playoff Route,2,1,2047/48,Rookie Year 2,83,83,83,83,83,83,,,,,83,0,72,73,74,70,71,86,63,0,30,0,0,0,,0,,,,,,,0,0,2,1,1,50,1,0,0,"{""matches"":2,""wins"":1,""losses"":1,""draws"":0,""winPercentage"":50,""eventsEntered"":0,""titles"":1,""finals"":0,""prizeMoney"":0,""points"":0}",,,,,,,,,,,,,,71,,false,false,true,,71,18,9,2,7,1,0,0,0,0,0,0,0,9,9,estimated from season exits versus eligible schedule | 9 eligible events not entered,Rookie Pro,normal,,,true,true,false,false,0,0,0,,0,false,,mainTour,mainTour,,,true,true,
2046/47,wp-kai-pryce-f,Kai Pryce F,27,CHN,Established,Rookie Pro / Bubble,false,true,true,Playoff Route,2,1,2047/48,Rookie Year 2,86,86,84,86,84,84,,,,,86,2,60,61,62,56,60,69,42,0,27,0,0,0,,0,,,,,,,0,0,0,0,0,0,0,0,0,"{""matches"":0,""wins"":0,""losses"":0,""draws"":0,""winPercentage"":0,""eventsEntered"":0,""titles"":0,""finals"":0,""prizeMoney"":0,""points"":0}",,,,,,,,,,,,,,76,,false,false,true,,71,18,9,2,7,1,0,0,0,0,0,0,0,9,9,estimated from season exits versus eligible schedule | 9 eligible events not entered,Rookie Pro,normal,,,true,true,false,false,0,0,0,,0,false,,mainTour,mainTour,,,true,true,
2046/47,wp-kai-pryce-h,Kai Pryce H,25,WAL,Established,Rookie Pro / Bubble,false,true,true,Playoff Route,1,2,2048/49,At Risk,,85,85,85,85,85,,,,,,,59,61,61,55,59,68,42,0,26,0,0,0,,0,,,,,,,0,49,0,0,0,0,0,0,0,"{""matches"":0,""wins"":0,""losses"":0,""draws"":0,""winPercentage"":0,""eventsEntered"":0,""titles"":0,""finals"":0,""prizeMoney"":0,""points"":0}",,,,,,,,,,,,,,82,,false,false,true,,71,18,9,2,7,1,0,0,0,0,0,0,0,9,9,estimated from season exits versus eligible schedule | 9 eligible events not entered,Rookie Pro,normal,,,true,true,false,false,0,0,0,,0,false,,mainTour,mainTour,,,true,true,
2046/47,wp-kai-pryce-i,Kai Pryce I,25,WAL,Established,Rookie Pro / Bubble,false,true,true,Playoff Route,1,2,2048/49,At Risk,,86,86,86,86,86,,,,,,,59,61,61,55,59,68,42,0,26,0,0,0,,0,,,,,,,0,46,0,0,0,0,0,0,0,"{""matches"":0,""wins"":0,""losses"":0,""draws"":0,""winPercentage"":0,""eventsEntered"":0,""titles"":0,""finals"":0,""prizeMoney"":0,""points"":0}",,,,,,,,,,,,,,83,,false,false,true,,71,18,9,2,7,1,0,0,0,0,0,0,0,9,9,estimated from season exits versus eligible schedule | 9 eligible events not entered,Rookie Pro,normal,,,true,true,false,false,0,0,0,,0,false,,mainTour,mainTour,,,true,true,
2046/47,wp-kai-pryce-j,Kai Pryce J,22,WAL,Rookie,Rookie Pro / Bubble,false,true,true,Playoff Route,2,1,2047/48,Rookie Year 2,88,88,87,88,87,87,,,,,88,1,58,62,60,54,58,67,42,0,26,0,0,0,,0,,,,,,,0,0,0,0,0,0,0,0,0,"{""matches"":0,""wins"":0,""losses"":0,""draws"":0,""winPercentage"":0,""eventsEntered"":0,""titles"":0,""finals"":0,""prizeMoney"":0,""points"":0}",,,,,,,,,,,,,,85,,false,false,true,,71,18,9,2,7,1,0,0,0,0,0,0,0,9,9,estimated from season exits versus eligible schedule | 9 eligible events not entered,Rookie Pro,normal,,,true,true,false,false,0,0,0,,0,false,,mainTour,mainTour,,,true,true,
2046/47,wp-kai-pryce-k,Kai Pryce K,22,WAL,Rookie,Rookie Pro / Bubble,false,true,true,Playoff Route,2,1,2047/48,Rookie Year 2,89,89,88,89,88,88,,,,,89,1,58,62,60,54,58,67,42,0,26,0,0,0,,0,,,,,,,0,0,0,0,0,0,0,0,0,"{""matches"":0,""wins"":0,""losses"":0,""draws"":0,""winPercentage"":0,""eventsEntered"":0,""titles"":0,""finals"":0,""prizeMoney"":0,""points"":0}",,,,,,,,,,,,,,86,,false,false,true,,71,18,9,2,7,1,0,0,0,0,0,0,0,9,9,estimated from season exits versus eligible schedule | 9 eligible events not entered,Rookie Pro,normal,,,true,true,false,false,0,0,0,,0,false,,mainTour,mainTour,,,true,true,
2046/47,wp-kai-pryce-l,Kai Pryce L,22,WAL,Rookie,Rookie Pro / Bubble,false,true,true,Q School,1,2,2048/49,At Risk,,89,89,89,89,89,,,,,,,58,62,60,53,58,67,42,0,25,0,0,0,,0,,,,,,,0,107,0,0,0,0,0,0,0,"{""matches"":0,""wins"":0,""losses"":0,""draws"":0,""winPercentage"":0,""eventsEntered"":0,""titles"":0,""finals"":0,""prizeMoney"":0,""points"":0}",,,,,,,,,,,,,,87,,false,false,true,,71,18,9,2,7,1,0,0,0,0,0,0,0,9,9,estimated from season exits versus eligible schedule | 9 eligible events not entered,Rookie Pro,normal,,,true,true,false,false,0,0,0,,0,false,,mainTour,mainTour,,,true,true,
2046/47,wp-luca-mercer-a,Luca Mercer A,32,ENG,Established,Rookie Pro / Bubble,false,true,true,Playoff Route,2,1,2047/48,Rookie Year 2,91,91,90,91,90,90,,,,,91,1,58,58,60,53,57,67,42,0,25,0,0,0,,0,,,,,,,0,0,0,0,0,0,0,0,0,"{""matches"":0,""wins"":0,""losses"":0,""draws"":0,""winPercentage"":0,""eventsEntered"":0,""titles"":0,""finals"":0,""prizeMoney"":0,""points"":0}",,,,,,,,,,,,,,87,,false,false,true,,71,18,9,2,7,1,0,0,0,0,0,0,0,9,9,estimated from season exits versus eligible schedule | 9 eligible events not entered,Rookie Pro,normal,,,true,true,false,false,0,0,0,,0,false,,mainTour,mainTour,,,true,true,
2046/47,wp-luca-mercer-e,Luca Mercer E,27,SCO,Established,Rookie Pro / Bubble,false,true,true,Playoff Route,2,1,2047/48,Rookie Year 2,94,94,91,94,91,91,,,,,94,3,57,58,59,52,57,66,42,0,24,0,0,0,,0,,,,,,,0,0,0,0,0,0,0,0,0,"{""matches"":0,""wins"":0,""losses"":0,""draws"":0,""winPercentage"":0,""eventsEntered"":0,""titles"":0,""finals"":0,""prizeMoney"":0,""points"":0}",,,,,,,,,,,,,,93,,false,false,true,,71,18,9,2,7,1,0,0,0,0,0,0,0,9,9,estimated from season exits versus eligible schedule | 9 eligible events not entered,Rookie Pro,normal,,,true,true,false,false,0,0,0,,0,false,,mainTour,mainTour,,,true,true,
2046/47,wp-luca-mercer-h,Luca Mercer H,24,SCO,Rookie,Rookie Pro / Bubble,false,true,true,Playoff Route,1,2,2048/49,At Risk,,92,92,92,92,92,,,,,,,57,60,59,52,57,66,42,0,24,0,0,0,,0,,,,,,,0,55,0,0,0,0,0,0,0,"{""matches"":0,""wins"":0,""losses"":0,""draws"":0,""winPercentage"":0,""eventsEntered"":0,""titles"":0,""finals"":0,""prizeMoney"":0,""points"":0}",,,,,,,,,,,,,,95,,false,false,true,,71,18,9,2,7,1,0,0,0,0,0,0,0,9,9,estimated from season exits versus eligible schedule | 9 eligible events not entered,Rookie Pro,normal,,,true,true,false,false,0,0,0,,0,false,,mainTour,mainTour,,,true,true,
2046/47,wp-luca-mercer-l,Luca Mercer L,20,THA,Rookie,Rookie Pro / Bubble,false,true,true,Q School,2,1,2047/48,Rookie Year 2,100,100,93,100,93,93,,,,,100,7,56,62,58,51,56,65,42,0,23,0,0,0,,0,,,,,,,0,0,0,0,0,0,0,0,0,"{""matches"":0,""wins"":0,""losses"":0,""draws"":0,""winPercentage"":0,""eventsEntered"":0,""titles"":0,""finals"":0,""prizeMoney"":0,""points"":0}",,,,,,,,,,,,,,100,,false,false,true,,71,18,9,2,7,1,0,0,0,0,0,0,0,9,9,estimated from season exits versus eligible schedule | 9 eligible events not entered,Rookie Pro,normal,,,true,true,false,false,0,0,0,,0,false,,mainTour,mainTour,,,true,true,
2046/47,wp-luca-mercer-m,Luca Mercer M,20,THA,Rookie,Rookie Pro / Bubble,false,true,true,Playoff Route,2,1,2047/48,Rookie Year 2,101,101,94,101,94,94,,,,,101,7,56,62,58,51,56,65,42,0,23,0,0,0,,0,,,,,,,0,0,0,0,0,0,0,0,0,"{""matches"":0,""wins"":0,""losses"":0,""draws"":0,""winPercentage"":0,""eventsEntered"":0,""titles"":0,""finals"":0,""prizeMoney"":0,""points"":0}",,,,,,,,,,,,,,101,,false,false,true,,71,18,9,2,7,1,0,0,0,0,0,0,0,9,9,estimated from season exits versus eligible schedule | 9 eligible events not entered,Rookie Pro,normal,,,true,true,false,false,0,0,0,,0,false,,mainTour,mainTour,,,true,true,
2046/47,wp-mika-keane,Mika Keane,34,WAL,Established,Rookie Pro / Bubble,false,true,true,Playoff Route,1,2,2048/49,At Risk,,95,95,95,95,95,,,,,,,56,56,58,51,55,65,42,0,24,0,0,0,,0,,,,,,,0,109,0,0,0,0,0,0,0,"{""matches"":0,""wins"":0,""losses"":0,""draws"":0,""winPercentage"":0,""eventsEntered"":0,""titles"":0,""finals"":0,""prizeMoney"":0,""points"":0}",,,,,,,,,,,,,,97,,false,false,true,,71,18,9,2,7,1,0,0,0,0,0,0,0,9,9,estimated from season exits versus eligible schedule | 9 eligible events not entered,Rookie Pro,normal,,,true,true,false,false,0,0,0,,0,false,,mainTour,mainTour,,,true,true,
2046/47,wp-mika-keane-a,Mika Keane A,34,WAL,Established,Rookie Pro / Bubble,false,true,true,Playoff Route,1,2,2048/49,At Risk,,96,96,96,96,96,,,,,,,56,56,58,51,55,65,42,0,23,0,0,0,,0,,,,,,,0,74,1,0,1,0,0,0,0,"{""matches"":1,""wins"":0,""losses"":1,""draws"":0,""winPercentage"":0,""eventsEntered"":0,""titles"":0,""finals"":0,""prizeMoney"":0,""points"":0}",,,,,,,,,,,,,,101,,false,false,true,,71,18,9,2,7,1,0,0,0,0,0,0,0,9,9,estimated from season exits versus eligible schedule | 9 eligible events not entered,Rookie Pro,normal,,,true,true,false,false,0,0,0,,0,false,,mainTour,mainTour,,,true,true,
2046/47,wp-mika-keane-b,Mika Keane B,32,IRL,Established,Rookie Pro / Bubble,false,true,true,Q School,1,2,2048/49,At Risk,,97,97,97,97,97,,,,,,,56,56,58,51,55,65,42,0,23,0,0,0,,0,,,,,,,0,116,0,0,0,0,0,0,0,"{""matches"":0,""wins"":0,""losses"":0,""draws"":0,""winPercentage"":0,""eventsEntered"":0,""titles"":0,""finals"":0,""prizeMoney"":0,""points"":0}",,,,,,,,,,,,,,102,,false,false,true,,71,18,9,2,7,1,0,0,0,0,0,0,0,9,9,estimated from season exits versus eligible schedule | 9 eligible events not entered,Rookie Pro,normal,,,true,true,false,false,0,0,0,,0,false,,mainTour,mainTour,,,true,true,
2046/47,wp-mika-keane-d,Mika Keane D,29,IRL,Established,Rookie Pro / Bubble,false,true,true,Playoff Route,1,2,2048/49,At Risk,,98,98,98,98,98,,,,,,,56,56,58,51,56,65,42,0,23,0,0,0,,0,,,,,,,0,85,0,0,0,0,0,0,0,"{""matches"":0,""wins"":0,""losses"":0,""draws"":0,""winPercentage"":0,""eventsEntered"":0,""titles"":0,""finals"":0,""prizeMoney"":0,""points"":0}",,,,,,,,,,,,,,100,,false,false,true,,71,18,9,2,7,1,0,0,0,0,0,0,0,9,9,estimated from season exits versus eligible schedule | 9 eligible events not entered,Rookie Pro,normal,,,true,true,false,false,0,0,0,,0,false,,mainTour,mainTour,,,true,true,
2046/47,wp-mika-keane-e,Mika Keane E,28,CHN,Established,Rookie Pro / Bubble,false,true,true,Playoff Route,1,2,2048/49,At Risk,,99,99,99,99,99,,,,,,,56,56,58,51,56,65,42,0,23,0,0,0,,0,,,,,,,0,98,0,0,0,0,0,0,0,"{""matches"":0,""wins"":0,""losses"":0,""draws"":0,""winPercentage"":0,""eventsEntered"":0,""titles"":0,""finals"":0,""prizeMoney"":0,""points"":0}",,,,,,,,,,,,,,101,,false,false,true,,71,18,9,2,7,1,0,0,0,0,0,0,0,9,9,estimated from season exits versus eligible schedule | 9 eligible events not entered,Rookie Pro,normal,,,true,true,false,false,0,0,0,,0,false,,mainTour,mainTour,,,true,true,
2046/47,wp-mika-keane-h,Mika Keane H,25,CHN,Established,Rookie Pro / Bubble,false,true,true,Playoff Route,1,2,2048/49,At Risk,,100,100,100,100,100,,,,,,,55,57,57,50,55,64,42,0,23,0,0,0,,0,,,,,,,0,42,0,0,0,0,0,0,0,"{""matches"":0,""wins"":0,""losses"":0,""draws"":0,""winPercentage"":0,""eventsEntered"":0,""titles"":0,""finals"":0,""prizeMoney"":0,""points"":0}",,,,,,,,,,,,,,103,,false,false,true,,71,18,9,2,7,1,0,0,0,0,0,0,0,9,9,estimated from season exits versus eligible schedule | 9 eligible events not entered,Rookie Pro,normal,,,true,true,false,false,0,0,0,,0,false,,mainTour,mainTour,,,true,true,
2046/47,wp-mika-keane-j,Mika Keane J,22,CHN,Rookie,Rookie Pro / Bubble,false,true,true,Playoff Route,2,1,2047/48,Rookie Year 2,106,106,101,106,101,101,,,,,106,5,55,59,57,50,55,64,42,0,22,0,0,0,,0,,,,,,,0,0,0,0,0,0,0,0,0,"{""matches"":0,""wins"":0,""losses"":0,""draws"":0,""winPercentage"":0,""eventsEntered"":0,""titles"":0,""finals"":0,""prizeMoney"":0,""points"":0}",,,,,,,,,,,,,,104,,false,false,true,,71,18,9,2,7,1,0,0,0,0,0,0,0,9,9,estimated from season exits versus eligible schedule | 9 eligible events not entered,Rookie Pro,normal,,,true,true,false,false,0,0,0,,0,false,,mainTour,mainTour,,,true,true,
2046/47,wp-mika-keane-k,Mika Keane K,22,CHN,Rookie,Rookie Pro / Bubble,false,true,true,Playoff Route,1,2,2048/49,At Risk,,102,102,102,102,102,,,,,,,55,59,57,50,55,64,42,0,22,0,0,0,,0,,,,,,,0,103,0,0,0,0,0,0,0,"{""matches"":0,""wins"":0,""losses"":0,""draws"":0,""winPercentage"":0,""eventsEntered"":0,""titles"":0,""finals"":0,""prizeMoney"":0,""points"":0}",,,,,,,,,,,,,,105,,false,false,true,,71,18,9,2,7,1,0,0,0,0,0,0,0,9,9,estimated from season exits versus eligible schedule | 9 eligible events not entered,Rookie Pro,normal,,,true,true,false,false,0,0,0,,0,false,,mainTour,mainTour,,,true,true,
2046/47,wp-mika-keane-l,Mika Keane L,20,WAL,Rookie,Rookie Pro / Bubble,false,true,true,Q School,2,1,2047/48,Rookie Year 2,107,107,103,107,103,103,,,,,107,4,55,61,57,50,55,64,42,0,22,0,0,0,,0,,,,,,,0,0,0,0,0,0,0,0,0,"{""matches"":0,""wins"":0,""losses"":0,""draws"":0,""winPercentage"":0,""eventsEntered"":0,""titles"":0,""finals"":0,""prizeMoney"":0,""points"":0}",,,,,,,,,,,,,,107,,false,false,true,,71,18,9,2,7,1,0,0,0,0,0,0,0,9,9,estimated from season exits versus eligible schedule | 9 eligible events not entered,Rookie Pro,normal,,,true,true,false,false,0,0,0,,0,false,,mainTour,mainTour,,,true,true,
2046/47,wp-mika-keane-m,Mika Keane M,20,WAL,Rookie,Rookie Pro / Bubble,false,true,true,Playoff Route,2,1,2047/48,Rookie Year 2,108,108,104,108,104,104,,,,,108,4,54,60,56,49,54,63,42,0,22,0,0,0,,0,,,,,,,0,0,0,0,0,0,0,0,0,"{""matches"":0,""wins"":0,""losses"":0,""draws"":0,""winPercentage"":0,""eventsEntered"":0,""titles"":0,""finals"":0,""prizeMoney"":0,""points"":0}",,,,,,,,,,,,,,108,,false,false,true,,71,18,9,2,7,1,0,0,0,0,0,0,0,9,9,estimated from season exits versus eligible schedule | 9 eligible events not entered,Rookie Pro,normal,,,true,true,false,false,0,0,0,,0,false,,mainTour,mainTour,,,true,true,
2046/47,wp-mika-keane-n,Mika Keane N,17,WAL,Rookie,Rookie Pro / Bubble,false,true,true,Federation Route,1,2,2048/49,At Risk,,105,105,105,105,105,,,,,,,52,60,54,46,52,61,42,0,18,0,0,0,,0,,,,,,,0,29,0,0,0,0,0,0,0,"{""matches"":0,""wins"":0,""losses"":0,""draws"":0,""winPercentage"":0,""eventsEntered"":0,""titles"":0,""finals"":0,""prizeMoney"":0,""points"":0}",,,,,,,,,,,,,,,,false,false,true,,71,18,9,2,7,1,0,0,0,0,0,0,0,9,9,estimated from season exits versus eligible schedule | 9 eligible events not entered,Rookie Pro,normal,,,true,true,false,false,0,0,0,,0,false,,mainTour,mainTour,,,true,true,
2046/47,wp-noah-bennett-b,Noah Bennett B,31,AUS,Established,Rookie Pro / Bubble,false,true,true,Playoff Route,2,1,2047/48,Rookie Year 2,109,109,106,109,106,106,,,,,109,3,77,77,79,76,77,95,83,0,24,0,0,0,,0,,,,,,,0,0,1,1,0,100,1,0,0,"{""matches"":1,""wins"":1,""losses"":0,""draws"":0,""winPercentage"":100,""eventsEntered"":0,""titles"":1,""finals"":0,""prizeMoney"":0,""points"":0}",,,,,,,,,,,,,,104,,false,false,true,,71,18,9,2,7,1,0,0,0,0,0,0,0,9,9,estimated from season exits versus eligible schedule | 9 eligible events not entered,Rookie Pro,normal,,,true,true,false,false,0,0,0,,0,false,,mainTour,mainTour,,,true,true,
2046/47,wp-noah-bennett-f,Noah Bennett F,28,AUS,Established,Rookie Pro / Bubble,false,true,true,Playoff Route,1,2,2048/49,At Risk,,107,107,107,107,107,,,,,,,54,54,56,49,54,63,42,0,21,0,0,0,,0,,,,,,,0,88,0,0,0,0,0,0,0,"{""matches"":0,""wins"":0,""losses"":0,""draws"":0,""winPercentage"":0,""eventsEntered"":0,""titles"":0,""finals"":0,""prizeMoney"":0,""points"":0}",,,,,,,,,,,,,,109,,false,false,true,,71,18,9,2,7,1,0,0,0,0,0,0,0,9,9,estimated from season exits versus eligible schedule | 9 eligible events not entered,Rookie Pro,normal,,,true,true,false,false,0,0,0,,0,false,,mainTour,mainTour,,,true,true,
2046/47,wp-noah-bennett-i,Noah Bennett I,22,IRL,Rookie,Rookie Pro / Bubble,false,true,true,Playoff Route,2,1,2047/48,Rookie Year 2,113,113,108,113,108,108,,,,,113,5,54,58,56,49,54,63,42,0,21,0,0,0,,0,,,,,,,0,0,0,0,0,0,0,0,0,"{""matches"":0,""wins"":0,""losses"":0,""draws"":0,""winPercentage"":0,""eventsEntered"":0,""titles"":0,""finals"":0,""prizeMoney"":0,""points"":0}",,,,,,,,,,,,,,110,,false,false,true,,71,18,9,2,7,1,0,0,0,0,0,0,0,9,9,estimated from season exits versus eligible schedule | 9 eligible events not entered,Rookie Pro,normal,,,true,true,false,false,0,0,0,,0,false,,mainTour,mainTour,,,true,true,
2046/47,wp-noah-bennett-j,Noah Bennett J,22,IRL,Rookie,Rookie Pro / Bubble,false,true,true,Playoff Route,1,2,2048/49,At Risk,,109,109,109,109,109,,,,,,,54,58,56,49,54,63,42,0,21,0,0,0,,0,,,,,,,0,99,0,0,0,0,0,0,0,"{""matches"":0,""wins"":0,""losses"":0,""draws"":0,""winPercentage"":0,""eventsEntered"":0,""titles"":0,""finals"":0,""prizeMoney"":0,""points"":0}",,,,,,,,,,,,,,111,,false,false,true,,71,18,9,2,7,1,0,0,0,0,0,0,0,9,9,estimated from season exits versus eligible schedule | 9 eligible events not entered,Rookie Pro,normal,,,true,true,false,false,0,0,0,,0,false,,mainTour,mainTour,,,true,true,
2046/47,wp-noah-bennett-k,Noah Bennett K,20,AUS,Rookie,Rookie Pro / Bubble,false,true,true,Q School,2,1,2047/48,Rookie Year 2,114,114,110,114,110,110,,,,,114,4,53,59,55,48,53,62,42,0,21,0,0,0,,0,,,,,,,0,0,0,0,0,0,0,0,0,"{""matches"":0,""wins"":0,""losses"":0,""draws"":0,""winPercentage"":0,""eventsEntered"":0,""titles"":0,""finals"":0,""prizeMoney"":0,""points"":0}",,,,,,,,,,,,,,114,,false,false,true,,71,18,9,2,7,1,0,0,0,0,0,0,0,9,9,estimated from season exits versus eligible schedule | 9 eligible events not entered,Rookie Pro,normal,,,true,true,false,false,0,0,0,,0,false,,mainTour,mainTour,,,true,true,
2046/47,wp-noah-bennett-l,Noah Bennett L,20,AUS,Rookie,Rookie Pro / Bubble,false,true,true,Playoff Route,2,1,2047/48,Rookie Year 2,115,115,111,115,111,111,,,,,115,4,53,59,55,48,53,62,42,0,20,0,0,0,,0,,,,,,,0,0,0,0,0,0,0,0,0,"{""matches"":0,""wins"":0,""losses"":0,""draws"":0,""winPercentage"":0,""eventsEntered"":0,""titles"":0,""finals"":0,""prizeMoney"":0,""points"":0}",,,,,,,,,,,,,,115,,false,false,true,,71,18,9,2,7,1,0,0,0,0,0,0,0,9,9,estimated from season exits versus eligible schedule | 9 eligible events not entered,Rookie Pro,normal,,,true,true,false,false,0,0,0,,0,false,,mainTour,mainTour,,,true,true,
2046/47,wp-noah-bennett-m,Noah Bennett M,17,AUS,Rookie,Rookie Pro / Bubble,false,true,true,Federation Route,1,2,2048/49,At Risk,,112,112,112,112,112,,,,,,,51,59,53,45,51,60,42,0,18,0,0,0,,0,,,,,,,0,28,0,0,0,0,0,0,0,"{""matches"":0,""wins"":0,""losses"":0,""draws"":0,""winPercentage"":0,""eventsEntered"":0,""titles"":0,""finals"":0,""prizeMoney"":0,""points"":0}",,,,,,,,,,,,,,,,false,false,true,,71,18,9,2,7,1,0,0,0,0,0,0,0,9,9,estimated from season exits versus eligible schedule | 9 eligible events not entered,Rookie Pro,normal,,,true,true,false,false,0,0,0,,0,false,,mainTour,mainTour,,,true,true,
2046/47,wp-rory-vale-d,Rory Vale D,30,BEL,Established,Rookie Pro / Bubble,false,true,true,Playoff Route,1,2,2048/49,At Risk,,113,113,113,113,113,,,,,,,53,53,55,48,53,62,42,0,20,0,0,0,,0,,,,,,,0,77,0,0,0,0,0,0,0,"{""matches"":0,""wins"":0,""losses"":0,""draws"":0,""winPercentage"":0,""eventsEntered"":0,""titles"":0,""finals"":0,""prizeMoney"":0,""points"":0}",,,,,,,,,,,,,,117,,false,false,true,,71,18,9,2,7,1,0,0,0,0,0,0,0,9,9,estimated from season exits versus eligible schedule | 9 eligible events not entered,Rookie Pro,normal,,,true,true,false,false,0,0,0,,0,false,,mainTour,mainTour,,,true,true,
2046/47,wp-rory-vale-e,Rory Vale E,30,BEL,Established,Rookie Pro / Bubble,false,true,true,Playoff Route,2,1,2047/48,Rookie Year 2,117,117,114,117,114,114,,,,,117,3,52,52,54,47,52,61,42,0,20,0,0,0,,0,,,,,,,0,0,0,0,0,0,0,0,0,"{""matches"":0,""wins"":0,""losses"":0,""draws"":0,""winPercentage"":0,""eventsEntered"":0,""titles"":0,""finals"":0,""prizeMoney"":0,""points"":0}",,,,,,,,,,,,,,117,,false,false,true,,71,18,9,2,7,1,0,0,0,0,0,0,0,9,9,estimated from season exits versus eligible schedule | 9 eligible events not entered,Rookie Pro,normal,,,true,true,false,false,0,0,0,,0,false,,mainTour,mainTour,,,true,true,
2046/47,wp-rory-vale-j,Rory Vale J,22,THA,Rookie,Rookie Pro / Bubble,false,true,true,Playoff Route,2,1,2047/48,Rookie Year 2,122,122,115,122,115,115,,,,,122,7,52,56,54,47,52,61,42,0,20,0,0,0,,0,,,,,,,0,0,0,0,0,0,0,0,0,"{""matches"":0,""wins"":0,""losses"":0,""draws"":0,""winPercentage"":0,""eventsEntered"":0,""titles"":0,""finals"":0,""prizeMoney"":0,""points"":0}",,,,,,,,,,,,,,118,,false,false,true,,71,18,9,2,7,1,0,0,0,0,0,0,0,9,9,estimated from season exits versus eligible schedule | 9 eligible events not entered,Rookie Pro,normal,,,true,true,false,false,0,0,0,,0,false,,mainTour,mainTour,,,true,true,
2046/47,wp-rory-vale-k,Rory Vale K,22,THA,Rookie,Rookie Pro / Bubble,false,true,true,Playoff Route,1,2,2048/49,At Risk,,116,116,116,116,116,,,,,,,52,56,54,47,52,61,42,0,20,0,0,0,,0,,,,,,,0,94,0,0,0,0,0,0,0,"{""matches"":0,""wins"":0,""losses"":0,""draws"":0,""winPercentage"":0,""eventsEntered"":0,""titles"":0,""finals"":0,""prizeMoney"":0,""points"":0}",,,,,,,,,,,,,,119,,false,false,true,,71,18,9,2,7,1,0,0,0,0,0,0,0,9,9,estimated from season exits versus eligible schedule | 9 eligible events not entered,Rookie Pro,normal,,,true,true,false,false,0,0,0,,0,false,,mainTour,mainTour,,,true,true,
2046/47,wp-rory-vale-l,Rory Vale L,22,THA,Rookie,Rookie Pro / Bubble,false,true,true,Playoff Route,1,2,2048/49,At Risk,,117,117,117,117,117,,,,,,,52,56,54,47,52,61,42,0,19,0,0,0,,0,,,,,,,0,78,0,0,0,0,0,0,0,"{""matches"":0,""wins"":0,""losses"":0,""draws"":0,""winPercentage"":0,""eventsEntered"":0,""titles"":0,""finals"":0,""prizeMoney"":0,""points"":0}",,,,,,,,,,,,,,120,,false,false,true,,71,18,9,2,7,1,0,0,0,0,0,0,0,9,9,estimated from season exits versus eligible schedule | 9 eligible events not entered,Rookie Pro,normal,,,true,true,false,false,0,0,0,,0,false,,mainTour,mainTour,,,true,true,
2046/47,wp-rory-vale-m,Rory Vale M,20,ENG,Rookie,Rookie Pro / Bubble,false,true,true,Playoff Route,2,1,2047/48,Rookie Year 2,123,123,118,123,118,118,,,,,123,5,51,57,53,46,51,60,42,0,19,0,0,0,,0,,,,,,,0,0,0,0,0,0,0,0,0,"{""matches"":0,""wins"":0,""losses"":0,""draws"":0,""winPercentage"":0,""eventsEntered"":0,""titles"":0,""finals"":0,""prizeMoney"":0,""points"":0}",,,,,,,,,,,,,,123,,false,false,true,,71,18,9,2,7,1,0,0,0,0,0,0,0,9,9,estimated from season exits versus eligible schedule | 9 eligible events not entered,Rookie Pro,normal,,,true,true,false,false,0,0,0,,0,false,,mainTour,mainTour,,,true,true,
2046/47,wp-toby-hale-a,Toby Hale A,33,SCO,Established,Rookie Pro / Bubble,false,true,true,Playoff Route,2,1,2047/48,Rookie Year 2,124,124,119,124,119,119,,,,,124,5,63,63,65,60,62,77,63,0,21,0,0,0,,0,,,,,,,0,0,2,1,1,50,1,0,0,"{""matches"":2,""wins"":1,""losses"":1,""draws"":0,""winPercentage"":50,""eventsEntered"":0,""titles"":1,""finals"":0,""prizeMoney"":0,""points"":0}",,,,,,,,,,,,,,124,,false,false,true,,71,18,9,2,7,1,0,0,0,0,0,0,0,9,9,estimated from season exits versus eligible schedule | 9 eligible events not entered,Rookie Pro,normal,,,true,true,false,false,0,0,0,,0,false,,mainTour,mainTour,,,true,true,
2046/47,wp-toby-hale-b,Toby Hale B,30,ENG,Established,Rookie Pro / Bubble,false,true,true,Playoff Route,1,2,2048/49,At Risk,,120,120,120,120,120,,,,,,,51,51,53,46,51,60,42,0,19,0,0,0,,0,,,,,,,0,70,0,0,0,0,0,0,0,"{""matches"":0,""wins"":0,""losses"":0,""draws"":0,""winPercentage"":0,""eventsEntered"":0,""titles"":0,""finals"":0,""prizeMoney"":0,""points"":0}",,,,,,,,,,,,,,122,,false,false,true,,71,18,9,2,7,1,0,0,0,0,0,0,0,9,9,estimated from season exits versus eligible schedule | 9 eligible events not entered,Rookie Pro,normal,,,true,true,false,false,0,0,0,,0,false,,mainTour,mainTour,,,true,true,
2046/47,wp-toby-hale-c,Toby Hale C,30,ENG,Established,Rookie Pro / Bubble,false,true,true,Playoff Route,2,1,2047/48,Rookie Year 2,125,125,121,125,121,121,,,,,125,4,51,51,53,46,51,60,42,0,19,0,0,0,,0,,,,,,,0,0,0,0,0,0,0,0,0,"{""matches"":0,""wins"":0,""losses"":0,""draws"":0,""winPercentage"":0,""eventsEntered"":0,""titles"":0,""finals"":0,""prizeMoney"":0,""points"":0}",,,,,,,,,,,,,,123,,false,false,true,,71,18,9,2,7,1,0,0,0,0,0,0,0,9,9,estimated from season exits versus eligible schedule | 9 eligible events not entered,Rookie Pro,normal,,,true,true,false,false,0,0,0,,0,false,,mainTour,mainTour,,,true,true,
2046/47,wp-toby-hale-d,Toby Hale D,30,ENG,Established,Rookie Pro / Bubble,false,true,true,Playoff Route,1,2,2048/49,At Risk,,122,122,122,122,122,,,,,,,51,51,53,46,51,60,42,0,19,0,0,0,,0,,,,,,,0,67,0,0,0,0,0,0,0,"{""matches"":0,""wins"":0,""losses"":0,""draws"":0,""winPercentage"":0,""eventsEntered"":0,""titles"":0,""finals"":0,""prizeMoney"":0,""points"":0}",,,,,,,,,,,,,,123,,false,false,true,,71,18,9,2,7,1,0,0,0,0,0,0,0,9,9,estimated from season exits versus eligible schedule | 9 eligible events not entered,Rookie Pro,normal,,,true,true,false,false,0,0,0,,0,false,,mainTour,mainTour,,,true,true,
2046/47,wp-toby-hale-e,Toby Hale E,27,ENG,Established,Rookie Pro / Bubble,false,true,true,Playoff Route,1,2,2048/49,At Risk,,123,123,123,123,123,,,,,,,51,52,53,46,51,60,42,0,19,0,0,0,,0,,,,,,,0,105,0,0,0,0,0,0,0,"{""matches"":0,""wins"":0,""losses"":0,""draws"":0,""winPercentage"":0,""eventsEntered"":0,""titles"":0,""finals"":0,""prizeMoney"":0,""points"":0}",,,,,,,,,,,,,,124,,false,false,true,,71,18,9,2,7,1,0,0,0,0,0,0,0,9,9,estimated from season exits versus eligible schedule | 9 eligible events not entered,Rookie Pro,normal,,,true,true,false,false,0,0,0,,0,false,,mainTour,mainTour,,,true,true,
2046/47,wp-toby-hale-h,Toby Hale H,24,ENG,Rookie,Rookie Pro / Bubble,false,true,true,Playoff Route,1,2,2048/49,At Risk,,124,124,124,124,124,,,,,,,51,54,53,46,51,60,42,0,19,0,0,0,,0,,,,,,,0,52,0,0,0,0,0,0,0,"{""matches"":0,""wins"":0,""losses"":0,""draws"":0,""winPercentage"":0,""eventsEntered"":0,""titles"":0,""finals"":0,""prizeMoney"":0,""points"":0}",,,,,,,,,,,,,,125,,false,false,true,,71,18,9,2,7,1,0,0,0,0,0,0,0,9,9,estimated from season exits versus eligible schedule | 9 eligible events not entered,Rookie Pro,normal,,,true,true,false,false,0,0,0,,0,false,,mainTour,mainTour,,,true,true,
2046/47,wp-toby-hale-i,Toby Hale I,22,SCO,Rookie,Rookie Pro / Bubble,false,true,true,Q School,1,2,2048/49,At Risk,,125,125,125,125,125,,,,,,,50,54,52,44,50,59,42,0,18,0,0,0,,0,,,,,,,0,126,0,0,0,0,0,0,0,"{""matches"":0,""wins"":0,""losses"":0,""draws"":0,""winPercentage"":0,""eventsEntered"":0,""titles"":0,""finals"":0,""prizeMoney"":0,""points"":0}",,,,,,,,,,,,,,126,,false,false,true,,71,18,9,2,7,1,0,0,0,0,0,0,0,9,9,estimated from season exits versus eligible schedule | 9 eligible events not entered,Rookie Pro,normal,,,true,true,false,false,0,0,0,,0,false,,mainTour,mainTour,,,true,true,
2046/47,wp-toby-hale-j,Toby Hale J,22,SCO,Rookie,Rookie Pro / Bubble,false,true,true,Playoff Route,1,2,2048/49,At Risk,,126,126,126,126,126,,,,,,,50,54,52,44,50,59,42,0,18,0,0,0,,0,,,,,,,0,75,0,0,0,0,0,0,0,"{""matches"":0,""wins"":0,""losses"":0,""draws"":0,""winPercentage"":0,""eventsEntered"":0,""titles"":0,""finals"":0,""prizeMoney"":0,""points"":0}",,,,,,,,,,,,,,127,,false,false,true,,71,18,9,2,7,1,0,0,0,0,0,0,0,9,9,estimated from season exits versus eligible schedule | 9 eligible events not entered,Rookie Pro,normal,,,true,true,false,false,0,0,0,,0,false,,mainTour,mainTour,,,true,true,
2046/47,wp-toby-hale-k,Toby Hale K,22,SCO,Rookie,Rookie Pro / Bubble,false,true,true,Playoff Route,1,2,2048/49,At Risk,,127,127,127,127,127,,,,,,,50,54,52,44,50,59,42,0,18,0,0,0,,0,,,,,,,0,70,0,0,0,0,0,0,0,"{""matches"":0,""wins"":0,""losses"":0,""draws"":0,""winPercentage"":0,""eventsEntered"":0,""titles"":0,""finals"":0,""prizeMoney"":0,""points"":0}",,,,,,,,,,,,,,128,,false,false,true,,71,18,9,2,7,1,0,0,0,0,0,0,0,9,9,estimated from season exits versus eligible schedule | 9 eligible events not entered,Rookie Pro,normal,,,true,true,false,false,0,0,0,,0,false,,mainTour,mainTour,,,true,true,
2046/47,wp-toby-hale-l,Toby Hale L,20,BEL,Rookie,Rookie Pro / Bubble,false,true,true,Playoff Route,2,1,2047/48,Rookie Year 2,128,128,128,128,128,128,,,,,128,0,50,56,52,44,50,59,42,0,18,0,0,0,,0,,,,,,,0,0,0,0,0,0,0,0,0,"{""matches"":0,""wins"":0,""losses"":0,""draws"":0,""winPercentage"":0,""eventsEntered"":0,""titles"":0,""finals"":0,""prizeMoney"":0,""points"":0}",,,,,,,,,,,,,,128,,false,false,true,,71,18,9,2,7,1,0,0,0,0,0,0,0,9,9,estimated from season exits versus eligible schedule | 9 eligible events not entered,Rookie Pro,normal,,,true,true,false,false,0,0,0,,0,false,,mainTour,mainTour,,,true,true,
2046/47,wp-arlo-dawes-n,Arlo Dawes N,18,BEL,Amateur,Q School,false,false,false,,0,0,,Amateur,,,,,,,1,1,3,,,,50,57,52,44,50,59,42,0,18,0,0,0,,0,,,,,,,0,25,0,0,0,0,0,0,0,"{""matches"":0,""wins"":0,""losses"":0,""draws"":0,""winPercentage"":0,""eventsEntered"":0,""titles"":0,""finals"":0,""prizeMoney"":0,""points"":0}",,,,,,,,,,,,,,,,false,false,false,,71,18,3,0,0,0,0,0,0,3,0,0,0,15,8,estimated from season exits versus eligible schedule | 15 eligible events not entered,Q School,normal,,,false,false,false,false,0,0,0,,0,false,,qSchool,qSchool,,,true,true,
2046/47,wp-arlo-dawes-o,Arlo Dawes O,16,THA,Youth,Amateur,false,false,false,,0,0,,Amateur,,,,,,,,,,,,,50,58,52,44,50,59,42,0,18,0,0,0,,0,,,,,,,0,11,0,0,0,0,0,0,0,"{""matches"":0,""wins"":0,""losses"":0,""draws"":0,""winPercentage"":0,""eventsEntered"":0,""titles"":0,""finals"":0,""prizeMoney"":0,""points"":0}",,,,,,,,,,,,,,,,false,false,false,,71,37,14,0,0,0,0,0,7,4,0,3,0,23,0,estimated from season exits versus eligible schedule | 23 eligible events not entered,Youth,normal,,,false,false,false,false,0,0,0,,0,false,,youth,youth,,,true,true,
2046/47,wp-arlo-dawes-p,Arlo Dawes P,16,THA,Youth,Amateur,false,false,false,,0,0,,Amateur,,,,,,,,,,,,,50,58,52,44,50,59,42,0,18,,,,,,,,,,,,,,0,0,0,0,0,0,0,"{""matches"":0,""wins"":0,""losses"":0,""draws"":0,""winPercentage"":0,""eventsEntered"":0,""titles"":0,""finals"":0,""prizeMoney"":0,""points"":0}",,,,,,,,,,,,,,,,,false,false,,71,37,14,0,0,0,0,0,7,4,0,3,0,23,0,estimated from season exits versus eligible schedule | 23 eligible events not entered,Youth,normal,,,false,false,false,false,0,0,0,,0,false,,youth,youth,,,true,true,
2046/47,wp-evan-mori-n,Evan Mori N,18,CHN,Amateur,Q School,false,false,false,,0,0,,Amateur,,,,,,,2,2,4,,,,50,57,52,44,50,59,42,0,18,0,0,0,,0,,,,,,,0,24,0,0,0,0,0,0,0,"{""matches"":0,""wins"":0,""losses"":0,""draws"":0,""winPercentage"":0,""eventsEntered"":0,""titles"":0,""finals"":0,""prizeMoney"":0,""points"":0}",,,,,,,,,,,,,,,,false,false,false,,71,18,3,0,0,0,0,0,0,3,0,0,0,15,8,estimated from season exits versus eligible schedule | 15 eligible events not entered,Q School,normal,,,false,false,false,false,0,0,0,,0,false,,qSchool,qSchool,,,true,true,
2046/47,wp-evan-mori-o,Evan Mori O,18,CHN,Amateur,Q School,false,false,false,,0,0,,Amateur,,,,,,,4,4,6,,,,50,57,52,44,50,59,42,0,18,0,0,0,,0,,,,,,,0,17,0,0,0,0,0,0,0,"{""matches"":0,""wins"":0,""losses"":0,""draws"":0,""winPercentage"":0,""eventsEntered"":0,""titles"":0,""finals"":0,""prizeMoney"":0,""points"":0}",,,,,,,,,,,,,,,,false,false,false,,71,18,3,0,0,0,0,0,0,3,0,0,0,15,8,estimated from season exits versus eligible schedule | 15 eligible events not entered,Q School,normal,,,false,false,false,false,0,0,0,,0,false,,qSchool,qSchool,,,true,true,
2046/47,wp-finley-sloan,Finley Sloan,45,THA,Veteran,Amateur,false,false,false,,0,0,,Amateur,,,,,,,,,,,,,61,66,61,57,55,67,35,12,34,0,0,0,,0,,,,,,,0,0,0,0,0,0,0,0,0,"{""matches"":0,""wins"":0,""losses"":0,""draws"":0,""winPercentage"":0,""eventsEntered"":0,""titles"":0,""finals"":0,""prizeMoney"":0,""points"":0}",,,,,,,,,,,,,,37,,false,false,false,,71,20,14,0,0,0,0,0,7,4,3,0,0,6,0,estimated from season exits versus eligible schedule | 6 eligible events not entered,Amateur,normal,,,false,false,false,false,0,0,0,,0,false,,senior,amateur,,,true,true,
2046/47,wp-finley-zhou,Finley Zhou,53,THA,Veteran,Amateur,false,false,false,,0,0,,Amateur,,,,,,,,,,,,,61,66,59,56,51,62,27,25,34,0,0,0,,0,,,,,,,0,0,0,0,0,0,0,0,0,"{""matches"":0,""wins"":0,""losses"":0,""draws"":0,""winPercentage"":0,""eventsEntered"":0,""titles"":0,""finals"":0,""prizeMoney"":0,""points"":0}",,,,,,,,,,,,,,38,,false,false,false,,71,20,14,0,0,0,0,0,7,4,3,0,0,6,0,estimated from season exits versus eligible schedule | 6 eligible events not entered,Amateur,normal,,,false,false,false,false,0,0,0,,0,false,,senior,amateur,,,true,true,
2046/47,wp-finn-cross,Finn Cross,34,SCO,Amateur,Q School,false,false,false,,0,0,,Amateur,,,,,,,16,18,7,,,,83,87,85,84,82,99,83,0,35,0,0,0,,0,,,,,,,0,24,1,1,0,100,1,0,0,"{""matches"":1,""wins"":1,""losses"":0,""draws"":0,""winPercentage"":100,""eventsEntered"":0,""titles"":1,""finals"":0,""prizeMoney"":0,""points"":0}",,,,,,,,,,,,,,46,,false,false,false,,71,18,3,0,0,0,0,0,0,3,0,0,0,15,8,estimated from season exits versus eligible schedule | 15 eligible events not entered,Q School,normal,,,false,false,false,false,0,0,0,,0,false,,qSchool,qSchool,,,true,true,
2046/47,wp-finn-cross-a,Finn Cross A,34,SCO,Amateur,Q School,false,false,false,,0,0,,Amateur,,,,,,,17,19,9,,,,60,64,62,57,59,69,42,0,33,0,0,0,,0,,,,,,,0,22,0,0,0,0,0,0,0,"{""matches"":0,""wins"":0,""losses"":0,""draws"":0,""winPercentage"":0,""eventsEntered"":0,""titles"":0,""finals"":0,""prizeMoney"":0,""points"":0}",,,,,,,,,,,,,,47,,false,false,false,,71,18,3,0,0,0,0,0,0,3,0,0,0,15,8,estimated from season exits versus eligible schedule | 15 eligible events not entered,Q School,normal,,,false,false,false,false,0,0,0,,0,false,,qSchool,qSchool,,,true,true,
2046/47,wp-finn-cross-j,Finn Cross J,20,SCO,Amateur,Q School,false,false,false,,0,0,,Amateur,71,71,,71,,,14,13,17,,71,,57,66,59,53,57,66,42,0,29,0,0,0,,0,,,,,,,0,0,0,0,0,0,0,0,0,"{""matches"":0,""wins"":0,""losses"":0,""draws"":0,""winPercentage"":0,""eventsEntered"":0,""titles"":0,""finals"":0,""prizeMoney"":0,""points"":0}",,,,,,,,,,,,,,69,,false,false,false,,71,18,3,0,0,0,0,0,0,3,0,0,0,15,8,estimated from season exits versus eligible schedule | 15 eligible events not entered,Q School,normal,,,false,false,false,false,0,0,0,,0,false,,qSchool,qSchool,,,true,true,
2046/47,wp-finn-cross-k,Finn Cross K,20,SCO,Amateur,Q School,false,false,false,,0,0,,Amateur,72,72,,72,,,22,15,19,,72,,57,66,59,53,57,66,42,0,28,0,0,0,,0,,,,,,,0,0,0,0,0,0,0,0,0,"{""matches"":0,""wins"":0,""losses"":0,""draws"":0,""winPercentage"":0,""eventsEntered"":0,""titles"":0,""finals"":0,""prizeMoney"":0,""points"":0}",,,,,,,,,,,,,,70,,false,false,false,,71,18,3,0,0,0,0,0,0,3,0,0,0,15,8,estimated from season exits versus eligible schedule | 15 eligible events not entered,Q School,normal,,,false,false,false,false,0,0,0,,0,false,,qSchool,qSchool,,,true,true,
2046/47,wp-finn-cross-n,Finn Cross N,17,SCO,Youth,Amateur,false,false,false,,0,0,,Amateur,,,,,,,,,,,,,50,58,52,44,50,59,42,0,18,0,0,0,,0,,,,,,,0,21,0,0,0,0,0,0,0,"{""matches"":0,""wins"":0,""losses"":0,""draws"":0,""winPercentage"":0,""eventsEntered"":0,""titles"":0,""finals"":0,""prizeMoney"":0,""points"":0}",,,,,,,,,,,,,,,,false,false,false,,71,37,14,0,0,0,0,0,7,4,0,3,0,23,0,estimated from season exits versus eligible schedule | 23 eligible events not entered,Youth,normal,,,false,false,false,false,0,0,0,,0,false,,youth,youth,,,true,true,
2046/47,wp-finn-cross-o,Finn Cross O,17,SCO,Youth,Amateur,false,false,false,,0,0,,Amateur,,,,,,,,,,,,,50,58,52,44,50,59,42,0,18,0,0,0,,0,,,,,,,0,8,0,0,0,0,0,0,0,"{""matches"":0,""wins"":0,""losses"":0,""draws"":0,""winPercentage"":0,""eventsEntered"":0,""titles"":0,""finals"":0,""prizeMoney"":0,""points"":0}",,,,,,,,,,,,,,,,false,false,false,,71,37,14,0,0,0,0,0,7,4,0,3,0,23,0,estimated from season exits versus eligible schedule | 23 eligible events not entered,Youth,normal,,,false,false,false,false,0,0,0,,0,false,,youth,youth,,,true,true,
2046/47,wp-finn-cross-p,Finn Cross P,14,SCO,Youth,Amateur,false,false,false,,0,0,,Amateur,,,,,,,,,,,,,50,60,52,44,50,59,42,0,18,,,,,,,,,,,,,,0,0,0,0,0,0,0,"{""matches"":0,""wins"":0,""losses"":0,""draws"":0,""winPercentage"":0,""eventsEntered"":0,""titles"":0,""finals"":0,""prizeMoney"":0,""points"":0}",,,,,,,,,,,,,,,,,false,false,,71,37,14,0,0,0,0,0,7,4,0,3,0,23,0,estimated from season exits versus eligible schedule | 23 eligible events not entered,Youth,normal,,,false,false,false,false,0,0,0,,0,false,,youth,youth,,,true,true,
2046/47,wp-harvey-crane,Harvey Crane,46,ENG,Veteran,Amateur,false,false,false,,0,0,,Amateur,,,,,,,,,,,,,62,67,62,58,55,67,34,14,37,0,0,0,,0,,,,,,,0,0,0,0,0,0,0,0,0,"{""matches"":0,""wins"":0,""losses"":0,""draws"":0,""winPercentage"":0,""eventsEntered"":0,""titles"":0,""finals"":0,""prizeMoney"":0,""points"":0}",,,,,,,,,,,,,,25,,false,false,false,,71,20,14,0,0,0,0,0,7,4,3,0,0,6,0,estimated from season exits versus eligible schedule | 6 eligible events not entered,Amateur,normal,,,false,false,false,false,0,0,0,,0,false,,senior,amateur,,,true,true,
2046/47,wp-harvey-holt,Harvey Holt,54,ENG,Veteran,Senior Tour / Legend Circuit,false,false,false,,0,0,,Amateur,,,,,,,,,,18,,,61,65,59,56,51,62,26,26,34,0,0,0,,0,,,,,,,0,6,0,0,0,0,0,0,0,"{""matches"":0,""wins"":0,""losses"":0,""draws"":0,""winPercentage"":0,""eventsEntered"":0,""titles"":0,""finals"":0,""prizeMoney"":0,""points"":0}",,,,,,,,,,,,,,40,,false,false,false,,71,6,6,0,0,0,0,0,0,0,0,0,6,0,0,,Senior/Legend,normal,,,false,false,false,false,0,0,0,,0,false,,senior,senior,,,true,true,
2046/47,wp-harvey-keane,Harvey Keane,36,ENG,Amateur,Amateur,false,false,false,,0,0,,Amateur,,,,,,,56,,,,,,60,64,62,57,58,69,42,0,34,0,0,0,,0,,,,,,,0,8,0,0,0,0,0,0,0,"{""matches"":0,""wins"":0,""losses"":0,""draws"":0,""winPercentage"":0,""eventsEntered"":0,""titles"":0,""finals"":0,""prizeMoney"":0,""points"":0}",,,,,,,,,,,,,,41,,false,false,false,,71,18,14,0,0,0,0,0,7,4,3,0,0,4,0,estimated from season exits versus eligible schedule | 4 eligible events not entered,Amateur,normal,,,false,false,false,false,0,0,0,,0,false,,amateur,amateur,,,true,true,
2046/47,wp-harvey-mercer,Harvey Mercer,40,ENG,Veteran,Amateur,false,false,false,,0,0,,Amateur,,,,,,,,,,,,,60,64,61,56,56,68,40,4,33,0,0,0,,0,,,,,,,0,7,0,0,0,0,0,0,0,"{""matches"":0,""wins"":0,""losses"":0,""draws"":0,""winPercentage"":0,""eventsEntered"":0,""titles"":0,""finals"":0,""prizeMoney"":0,""points"":0}",,,,,,,,,,,,,,42,,false,false,false,,71,18,14,0,0,0,0,0,7,4,3,0,0,4,0,estimated from season exits versus eligible schedule | 4 eligible events not entered,Amateur,normal,,,false,false,false,false,0,0,0,,0,false,,amateur,amateur,,,true,true,
2046/47,wp-harvey-nash,Harvey Nash,40,ENG,Veteran,Amateur,false,false,false,,0,0,,Amateur,,,,,,,,,,,,,60,64,61,56,56,68,40,4,33,0,0,0,,0,,,,,,,0,13,0,0,0,0,0,0,0,"{""matches"":0,""wins"":0,""losses"":0,""draws"":0,""winPercentage"":0,""eventsEntered"":0,""titles"":0,""finals"":0,""prizeMoney"":0,""points"":0}",,,,,,,,,,,,,,43,,false,false,false,,71,18,14,0,0,0,0,0,7,4,3,0,0,4,0,estimated from season exits versus eligible schedule | 4 eligible events not entered,Amateur,normal,,,false,false,false,false,0,0,0,,0,false,,amateur,amateur,,,true,true,
2046/47,wp-harvey-sloan,Harvey Sloan,39,ENG,Amateur,Amateur,false,false,false,,0,0,,Amateur,,,,,,,34,,,,,,60,64,61,57,57,68,41,3,33,0,0,0,,0,,,,,,,0,12,0,0,0,0,0,0,0,"{""matches"":0,""wins"":0,""losses"":0,""draws"":0,""winPercentage"":0,""eventsEntered"":0,""titles"":0,""finals"":0,""prizeMoney"":0,""points"":0}",,,,,,,,,,,,,,44,,false,false,false,,71,18,14,0,0,0,0,0,7,4,3,0,0,4,0,estimated from season exits versus eligible schedule | 4 eligible events not entered,Amateur,normal,,,false,false,false,false,0,0,0,,0,false,,amateur,amateur,,,true,true,
2046/47,wp-harvey-zhou,Harvey Zhou,52,ENG,Veteran,Senior Tour / Legend Circuit,false,false,false,,0,0,,Amateur,,,,,,,,,,19,,,60,64,58,55,50,62,28,23,34,0,0,0,,0,,,,,,,0,7,0,0,0,0,0,0,0,"{""matches"":0,""wins"":0,""losses"":0,""draws"":0,""winPercentage"":0,""eventsEntered"":0,""titles"":0,""finals"":0,""prizeMoney"":0,""points"":0}",,,,,,,,,,,,,,41,,false,false,false,,71,6,6,0,0,0,0,0,0,0,0,0,6,0,0,,Senior/Legend,normal,,,false,false,false,false,0,0,0,,0,false,,senior,senior,,,true,true,
2046/47,wp-hugo-cairn,Hugo Cairn,54,GER,Veteran,Senior Tour / Legend Circuit,false,false,false,,0,0,,Amateur,,,,,,,,,,5,,,65,71,63,61,55,66,26,26,40,0,0,0,,0,,,,,,,0,20,0,0,0,0,0,0,0,"{""matches"":0,""wins"":0,""losses"":0,""draws"":0,""winPercentage"":0,""eventsEntered"":0,""titles"":0,""finals"":0,""prizeMoney"":0,""points"":0}",,,,,,,,,,,,,,7,,false,false,false,,71,6,6,0,0,0,0,0,0,0,0,0,6,0,0,,Senior/Legend,normal,,,false,false,false,false,0,0,0,,0,false,,senior,senior,,,true,true,
2046/47,wp-jamie-crane,Jamie Crane,53,NIR,Veteran,Senior Tour / Legend Circuit,false,false,false,,0,0,,Amateur,,,,,,,,,,11,,,63,69,61,59,53,64,27,25,38,0,0,0,,0,,,,,,,0,14,0,0,0,0,0,0,0,"{""matches"":0,""wins"":0,""losses"":0,""draws"":0,""winPercentage"":0,""eventsEntered"":0,""titles"":0,""finals"":0,""prizeMoney"":0,""points"":0}",,,,,,,,,,,,,,16,,false,false,false,,71,6,6,0,0,0,0,0,0,0,0,0,6,0,0,,Senior/Legend,normal,,,false,false,false,false,0,0,0,,0,false,,senior,senior,,,true,true,
2046/47,wp-jamie-holt,Jamie Holt,45,NIR,Veteran,Amateur,false,false,false,,0,0,,Amateur,,,,,,,,,,,,,60,64,60,56,54,66,35,12,32,0,0,0,,0,,,,,,,0,0,0,0,0,0,0,0,0,"{""matches"":0,""wins"":0,""losses"":0,""draws"":0,""winPercentage"":0,""eventsEntered"":0,""titles"":0,""finals"":0,""prizeMoney"":0,""points"":0}",,,,,,,,,,,,,,48,,false,false,false,,71,20,14,0,0,0,0,0,7,4,3,0,0,6,0,estimated from season exits versus eligible schedule | 6 eligible events not entered,Amateur,normal,,,false,false,false,false,0,0,0,,0,false,,senior,amateur,,,true,true,
2046/47,wp-jamie-keane,Jamie Keane,45,NIR,Veteran,Amateur,false,false,false,,0,0,,Amateur,,,,,,,,,,,,,59,63,59,55,53,65,35,12,32,0,0,0,,0,,,,,,,0,0,0,0,0,0,0,0,0,"{""matches"":0,""wins"":0,""losses"":0,""draws"":0,""winPercentage"":0,""eventsEntered"":0,""titles"":0,""finals"":0,""prizeMoney"":0,""points"":0}",,,,,,,,,,,,,,49,,false,false,false,,71,20,14,0,0,0,0,0,7,4,3,0,0,6,0,estimated from season exits versus eligible schedule | 6 eligible events not entered,Amateur,normal,,,false,false,false,false,0,0,0,,0,false,,senior,amateur,,,true,true,
2046/47,wp-jamie-mercer,Jamie Mercer,39,NIR,Amateur,Amateur,false,false,false,,0,0,,Amateur,,,,,,,57,,,,,,59,63,60,55,56,67,41,3,32,0,0,0,,0,,,,,,,0,6,0,0,0,0,0,0,0,"{""matches"":0,""wins"":0,""losses"":0,""draws"":0,""winPercentage"":0,""eventsEntered"":0,""titles"":0,""finals"":0,""prizeMoney"":0,""points"":0}",,,,,,,,,,,,,,50,,false,false,false,,71,18,14,0,0,0,0,0,7,4,3,0,0,4,0,estimated from season exits versus eligible schedule | 4 eligible events not entered,Amateur,normal,,,false,false,false,false,0,0,0,,0,false,,amateur,amateur,,,true,true,
2046/47,wp-jamie-nash,Jamie Nash,65,NIR,Veteran,Senior Tour / Legend Circuit,false,false,false,,0,0,,Amateur,,,,,,,,,,6,,,59,63,55,53,43,54,15,44,32,0,0,0,,0,,,,,,,0,19,0,0,0,0,0,0,0,"{""matches"":0,""wins"":0,""losses"":0,""draws"":0,""winPercentage"":0,""eventsEntered"":0,""titles"":0,""finals"":0,""prizeMoney"":0,""points"":0}",,,,,,,,,,,,,,51,,false,false,false,,71,6,6,0,0,0,0,0,0,0,0,0,6,0,0,,Senior/Legend,normal,,,false,false,false,false,0,0,0,,0,false,,senior,senior,,,true,true,
2046/47,wp-jamie-sloan,Jamie Sloan,52,NIR,Veteran,Senior Tour / Legend Circuit,false,false,false,,0,0,,Amateur,,,,,,,,,,20,,,59,63,57,54,49,61,28,23,32,0,0,0,,0,,,,,,,0,5,0,0,0,0,0,0,0,"{""matches"":0,""wins"":0,""losses"":0,""draws"":0,""winPercentage"":0,""eventsEntered"":0,""titles"":0,""finals"":0,""prizeMoney"":0,""points"":0}",,,,,,,,,,,,,,52,,false,false,false,,71,6,6,0,0,0,0,0,0,0,0,0,6,0,0,,Senior/Legend,normal,,,false,false,false,false,0,0,0,,0,false,,senior,senior,,,true,true,
2046/47,wp-jamie-zhou,Jamie Zhou,43,NIR,Veteran,Amateur,false,false,false,,0,0,,Amateur,,,,,,,,,,,,,62,67,62,58,57,69,37,9,35,0,0,0,,0,,,,,,,0,0,0,0,0,0,0,0,0,"{""matches"":0,""wins"":0,""losses"":0,""draws"":0,""winPercentage"":0,""eventsEntered"":0,""titles"":0,""finals"":0,""prizeMoney"":0,""points"":0}",,,,,,,,,,,,,,32,,false,false,false,,71,18,14,0,0,0,0,0,7,4,3,0,0,4,0,estimated from season exits versus eligible schedule | 4 eligible events not entered,Amateur,normal,,,false,false,false,false,0,0,0,,0,false,,amateur,amateur,,,true,true,
2046/47,wp-jon-hart,Jon Hart,48,ENG,Veteran,Amateur,false,false,false,,0,0,,Amateur,,,,,,,,,,,,,64,70,63,61,56,68,32,17,39,0,0,0,,0,,,,,,,0,0,0,0,0,0,0,0,0,"{""matches"":0,""wins"":0,""losses"":0,""draws"":0,""winPercentage"":0,""eventsEntered"":0,""titles"":0,""finals"":0,""prizeMoney"":0,""points"":0}",,,,,,,,,,,,,,10,,false,false,false,,71,20,14,0,0,0,0,0,7,4,3,0,0,6,0,estimated from season exits versus eligible schedule | 6 eligible events not entered,Amateur,normal,,,false,false,false,false,0,0,0,,0,false,,senior,amateur,,,true,true,
2046/47,wp-jude-sloan,Jude Sloan,35,WAL,Amateur,Q Tour,false,false,false,,0,0,,Amateur,,,,,,,24,28,,,,,66,69,68,64,64,78,56,0,32,0,0,0,,0,,,,,,,0,15,3,1,2,33.33333333333333,1,0,0,"{""matches"":3,""wins"":1,""losses"":2,""draws"":0,""winPercentage"":33.33333333333333,""eventsEntered"":0,""titles"":1,""finals"":0,""prizeMoney"":0,""points"":0}",,,,,,,,,,,,,,64,,false,false,false,,71,18,7,0,0,0,0,0,3,4,0,0,0,11,4,estimated from season exits versus eligible schedule | 11 eligible events not entered,Q Tour,normal,,,false,false,false,false,0,0,0,,0,false,,amateur,qTour,,,true,true,
2046/47,wp-jude-sloan-c,Jude Sloan C,30,IRL,Amateur,Amateur,false,false,false,,0,0,,Amateur,76,76,,76,,,46,,,,76,,57,60,59,53,57,66,42,0,29,0,0,0,,0,,,,,,,0,0,0,0,0,0,0,0,0,"{""matches"":0,""wins"":0,""losses"":0,""draws"":0,""winPercentage"":0,""eventsEntered"":0,""titles"":0,""finals"":0,""prizeMoney"":0,""points"":0}",,,,,,,,,,,,,,69,,false,false,false,,71,18,14,0,0,0,0,0,7,4,3,0,0,4,0,estimated from season exits versus eligible schedule | 4 eligible events not entered,Amateur,normal,,,false,false,false,false,0,0,0,,0,false,,amateur,amateur,,,true,true,
2046/47,wp-jude-sloan-d,Jude Sloan D,30,IRL,Amateur,Amateur,false,false,false,,0,0,,Amateur,77,77,,77,,,47,,,,77,,57,60,59,53,57,66,42,0,28,0,0,0,,0,,,,,,,0,0,0,0,0,0,0,0,0,"{""matches"":0,""wins"":0,""losses"":0,""draws"":0,""winPercentage"":0,""eventsEntered"":0,""titles"":0,""finals"":0,""prizeMoney"":0,""points"":0}",,,,,,,,,,,,,,70,,false,false,false,,71,18,14,0,0,0,0,0,7,4,3,0,0,4,0,estimated from season exits versus eligible schedule | 4 eligible events not entered,Amateur,normal,,,false,false,false,false,0,0,0,,0,false,,amateur,amateur,,,true,true,
2046/47,wp-jude-sloan-e,Jude Sloan E,27,IRL,Amateur,Amateur,false,false,false,,0,0,,Amateur,78,78,,78,,,35,,,,78,,57,60,59,53,57,66,42,0,28,0,0,0,,0,,,,,,,0,0,0,0,0,0,0,0,0,"{""matches"":0,""wins"":0,""losses"":0,""draws"":0,""winPercentage"":0,""eventsEntered"":0,""titles"":0,""finals"":0,""prizeMoney"":0,""points"":0}",,,,,,,,,,,,,,73,,false,false,false,,71,18,14,0,0,0,0,0,7,4,3,0,0,4,0,estimated from season exits versus eligible schedule | 4 eligible events not entered,Amateur,normal,,,false,false,false,false,0,0,0,,0,false,,qTour,amateur,,,true,true,
2046/47,wp-jude-sloan-f,Jude Sloan F,27,IRL,Amateur,Amateur,false,false,false,,0,0,,Amateur,79,79,,79,,,36,,,,79,,56,59,58,52,56,65,42,0,28,0,0,0,,0,,,,,,,0,0,0,0,0,0,0,0,0,"{""matches"":0,""wins"":0,""losses"":0,""draws"":0,""winPercentage"":0,""eventsEntered"":0,""titles"":0,""finals"":0,""prizeMoney"":0,""points"":0}",,,,,,,,,,,,,,74,,false,false,false,,71,18,14,0,0,0,0,0,7,4,3,0,0,4,0,estimated from season exits versus eligible schedule | 4 eligible events not entered,Amateur,normal,,,false,false,false,false,0,0,0,,0,false,,qTour,amateur,,,true,true,
2046/47,wp-jude-sloan-g,Jude Sloan G,27,IRL,Amateur,Amateur,false,false,false,,0,0,,Amateur,80,80,,80,,,37,,,,80,,56,59,58,52,56,65,42,0,28,0,0,0,,0,,,,,,,0,0,0,0,0,0,0,0,0,"{""matches"":0,""wins"":0,""losses"":0,""draws"":0,""winPercentage"":0,""eventsEntered"":0,""titles"":0,""finals"":0,""prizeMoney"":0,""points"":0}",,,,,,,,,,,,,,75,,false,false,false,,71,18,14,0,0,0,0,0,7,4,3,0,0,4,0,estimated from season exits versus eligible schedule | 4 eligible events not entered,Amateur,normal,,,false,false,false,false,0,0,0,,0,false,,qTour,amateur,,,true,true,
2046/47,wp-jude-sloan-l,Jude Sloan L,19,AUS,Amateur,Q School,false,false,false,,0,0,,Amateur,82,82,,82,,,11,11,14,,82,,56,65,58,52,56,65,42,0,26,0,0,0,,0,,,,,,,0,0,0,0,0,0,0,0,0,"{""matches"":0,""wins"":0,""losses"":0,""draws"":0,""winPercentage"":0,""eventsEntered"":0,""titles"":0,""finals"":0,""prizeMoney"":0,""points"":0}",,,,,,,,,,,,,,82,,false,false,false,,71,18,3,0,0,0,0,0,0,3,0,0,0,15,8,estimated from season exits versus eligible schedule | 15 eligible events not entered,Q School,normal,,,false,false,false,false,0,0,0,,0,false,,qSchool,qSchool,,,true,true,
2046/47,wp-jude-sloan-m,Jude Sloan M,18,WAL,Amateur,Q School,false,false,false,,0,0,,Amateur,,,,,,,3,3,5,,,,50,57,52,44,50,59,42,0,18,0,0,0,,0,,,,,,,0,22,0,0,0,0,0,0,0,"{""matches"":0,""wins"":0,""losses"":0,""draws"":0,""winPercentage"":0,""eventsEntered"":0,""titles"":0,""finals"":0,""prizeMoney"":0,""points"":0}",,,,,,,,,,,,,,,,false,false,false,,71,18,3,0,0,0,0,0,0,3,0,0,0,15,8,estimated from season exits versus eligible schedule | 15 eligible events not entered,Q School,normal,,,false,false,false,false,0,0,0,,0,false,,qSchool,qSchool,,,true,true,
2046/47,wp-jude-sloan-n,Jude Sloan N,18,WAL,Amateur,Q School,false,false,false,,0,0,,Amateur,,,,,,,6,6,8,,,,50,57,52,44,50,59,42,0,18,0,0,0,,0,,,,,,,0,16,0,0,0,0,0,0,0,"{""matches"":0,""wins"":0,""losses"":0,""draws"":0,""winPercentage"":0,""eventsEntered"":0,""titles"":0,""finals"":0,""prizeMoney"":0,""points"":0}",,,,,,,,,,,,,,,,false,false,false,,71,18,3,0,0,0,0,0,0,3,0,0,0,15,8,estimated from season exits versus eligible schedule | 15 eligible events not entered,Q School,normal,,,false,false,false,false,0,0,0,,0,false,,qSchool,qSchool,,,true,true,
2046/47,wp-jude-sloan-o,Jude Sloan O,15,WAL,Youth,Amateur,false,false,false,,0,0,,Amateur,,,,,,,,,,,,,50,59,52,44,50,59,42,0,18,0,0,0,,0,,,,,,,0,14,0,0,0,0,0,0,0,"{""matches"":0,""wins"":0,""losses"":0,""draws"":0,""winPercentage"":0,""eventsEntered"":0,""titles"":0,""finals"":0,""prizeMoney"":0,""points"":0}",,,,,,,,,,,,,,,,false,false,false,,71,37,14,0,0,0,0,0,7,4,0,3,0,23,0,estimated from season exits versus eligible schedule | 23 eligible events not entered,Youth,normal,,,false,false,false,false,0,0,0,,0,false,,youth,youth,,,true,true,
2046/47,wp-jude-sloan-p,Jude Sloan P,15,WAL,Youth,Amateur,false,false,false,,0,0,,Amateur,,,,,,,,,,,,,50,59,52,44,50,59,42,0,18,,,,,,,,,,,,,,0,0,0,0,0,0,0,"{""matches"":0,""wins"":0,""losses"":0,""draws"":0,""winPercentage"":0,""eventsEntered"":0,""titles"":0,""finals"":0,""prizeMoney"":0,""points"":0}",,,,,,,,,,,,,,,,,false,false,,71,37,14,0,0,0,0,0,7,4,0,3,0,23,0,estimated from season exits versus eligible schedule | 23 eligible events not entered,Youth,normal,,,false,false,false,false,0,0,0,,0,false,,youth,youth,,,true,true,
2046/47,wp-kai-pryce,Kai Pryce,35,AUS,Amateur,Amateur,false,false,false,,0,0,,Amateur,,,,,,,42,,,,,,81,85,83,82,79,99,83,0,33,0,0,0,,0,,,,,,,0,11,1,1,0,100,1,0,0,"{""matches"":1,""wins"":1,""losses"":0,""draws"":0,""winPercentage"":100,""eventsEntered"":0,""titles"":1,""finals"":0,""prizeMoney"":0,""points"":0}",,,,,,,,,,,,,,57,,false,false,false,,71,18,14,0,0,0,0,0,7,4,3,0,0,4,0,estimated from season exits versus eligible schedule | 4 eligible events not entered,Amateur,normal,,,false,false,false,false,0,0,0,,0,false,,amateur,amateur,,,true,true,
2046/47,wp-kai-pryce-a,Kai Pryce A,35,AUS,Amateur,Amateur,false,false,false,,0,0,,Amateur,,,,,,,52,,,,,,57,60,59,53,55,66,42,0,29,0,0,0,,0,,,,,,,0,10,0,0,0,0,0,0,0,"{""matches"":0,""wins"":0,""losses"":0,""draws"":0,""winPercentage"":0,""eventsEntered"":0,""titles"":0,""finals"":0,""prizeMoney"":0,""points"":0}",,,,,,,,,,,,,,66,,false,false,false,,71,18,14,0,0,0,0,0,7,4,3,0,0,4,0,estimated from season exits versus eligible schedule | 4 eligible events not entered,Amateur,normal,,,false,false,false,false,0,0,0,,0,false,,amateur,amateur,,,true,true,
2046/47,wp-kai-pryce-b,Kai Pryce B,32,AUS,Amateur,Q School,false,false,false,,0,0,,Amateur,,,,,,,13,14,2,,,,57,60,59,53,56,66,42,0,29,0,0,0,,0,,,,,,,0,27,0,0,0,0,0,0,0,"{""matches"":0,""wins"":0,""losses"":0,""draws"":0,""winPercentage"":0,""eventsEntered"":0,""titles"":0,""finals"":0,""prizeMoney"":0,""points"":0}",,,,,,,,,,,,,,67,,false,false,false,,71,18,3,0,0,0,0,0,0,3,0,0,0,15,8,estimated from season exits versus eligible schedule | 15 eligible events not entered,Q School,normal,,,false,false,false,false,0,0,0,,0,false,,qSchool,qSchool,,,true,true,
2046/47,wp-kai-pryce-d,Kai Pryce D,30,CHN,Amateur,Amateur,false,false,false,,0,0,,Amateur,84,84,,84,,,48,,,,84,,56,59,58,52,56,65,42,0,28,0,0,0,,0,,,,,,,0,0,0,0,0,0,0,0,0,"{""matches"":0,""wins"":0,""losses"":0,""draws"":0,""winPercentage"":0,""eventsEntered"":0,""titles"":0,""finals"":0,""prizeMoney"":0,""points"":0}",,,,,,,,,,,,,,74,,false,false,false,,71,18,14,0,0,0,0,0,7,4,3,0,0,4,0,estimated from season exits versus eligible schedule | 4 eligible events not entered,Amateur,normal,,,false,false,false,false,0,0,0,,0,false,,amateur,amateur,,,true,true,
2046/47,wp-kai-pryce-e,Kai Pryce E,30,CHN,Amateur,Amateur,false,false,false,,0,0,,Amateur,85,85,,85,,,49,,,,85,,56,59,58,52,56,65,42,0,28,0,0,0,,0,,,,,,,0,0,0,0,0,0,0,0,0,"{""matches"":0,""wins"":0,""losses"":0,""draws"":0,""winPercentage"":0,""eventsEntered"":0,""titles"":0,""finals"":0,""prizeMoney"":0,""points"":0}",,,,,,,,,,,,,,75,,false,false,false,,71,18,14,0,0,0,0,0,7,4,3,0,0,4,0,estimated from season exits versus eligible schedule | 4 eligible events not entered,Amateur,normal,,,false,false,false,false,0,0,0,,0,false,,amateur,amateur,,,true,true,
2046/47,wp-kai-pryce-g,Kai Pryce G,25,WAL,Amateur,Q School,false,false,false,,0,0,,Amateur,87,87,,87,,,27,26,26,,87,,56,61,58,52,56,65,42,0,27,0,0,0,,0,,,,,,,0,0,0,0,0,0,0,0,0,"{""matches"":0,""wins"":0,""losses"":0,""draws"":0,""winPercentage"":0,""eventsEntered"":0,""titles"":0,""finals"":0,""prizeMoney"":0,""points"":0}",,,,,,,,,,,,,,80,,false,false,false,,71,18,3,0,0,0,0,0,0,3,0,0,0,15,8,estimated from season exits versus eligible schedule | 15 eligible events not entered,Q School,normal,,,false,false,false,false,0,0,0,,0,false,,qTour,qSchool,,,true,true,
2046/47,wp-kai-pryce-m,Kai Pryce M,19,WAL,Amateur,Q School,false,false,false,,0,0,,Amateur,90,90,,90,,,12,12,16,,90,,55,63,57,50,55,64,42,0,25,0,0,0,,0,,,,,,,0,0,0,0,0,0,0,0,0,"{""matches"":0,""wins"":0,""losses"":0,""draws"":0,""winPercentage"":0,""eventsEntered"":0,""titles"":0,""finals"":0,""prizeMoney"":0,""points"":0}",,,,,,,,,,,,,,90,,false,false,false,,71,18,3,0,0,0,0,0,0,3,0,0,0,15,8,estimated from season exits versus eligible schedule | 15 eligible events not entered,Q School,normal,,,false,false,false,false,0,0,0,,0,false,,qSchool,qSchool,,,true,true,
2046/47,wp-kai-pryce-n,Kai Pryce N,16,CHN,Youth,Amateur,false,false,false,,0,0,,Amateur,,,,,,,,,,,,,50,58,52,44,50,59,42,0,18,0,0,0,,0,,,,,,,0,23,0,0,0,0,0,0,0,"{""matches"":0,""wins"":0,""losses"":0,""draws"":0,""winPercentage"":0,""eventsEntered"":0,""titles"":0,""finals"":0,""prizeMoney"":0,""points"":0}",,,,,,,,,,,,,,,,false,false,false,,71,37,14,0,0,0,0,0,7,4,0,3,0,23,0,estimated from season exits versus eligible schedule | 23 eligible events not entered,Youth,normal,,,false,false,false,false,0,0,0,,0,false,,youth,youth,,,true,true,
2046/47,wp-kai-pryce-o,Kai Pryce O,16,CHN,Youth,Amateur,false,false,false,,0,0,,Amateur,,,,,,,,,,,,,50,58,52,44,50,59,42,0,18,0,0,0,,0,,,,,,,0,10,0,0,0,0,0,0,0,"{""matches"":0,""wins"":0,""losses"":0,""draws"":0,""winPercentage"":0,""eventsEntered"":0,""titles"":0,""finals"":0,""prizeMoney"":0,""points"":0}",,,,,,,,,,,,,,,,false,false,false,,71,37,14,0,0,0,0,0,7,4,0,3,0,23,0,estimated from season exits versus eligible schedule | 23 eligible events not entered,Youth,normal,,,false,false,false,false,0,0,0,,0,false,,youth,youth,,,true,true,
2046/47,wp-kai-pryce-p,Kai Pryce P,16,CHN,Youth,Amateur,false,false,false,,0,0,,Amateur,,,,,,,,,,,,,50,58,52,44,50,59,42,0,18,,,,,,,,,,,,,,0,0,0,0,0,0,0,"{""matches"":0,""wins"":0,""losses"":0,""draws"":0,""winPercentage"":0,""eventsEntered"":0,""titles"":0,""finals"":0,""prizeMoney"":0,""points"":0}",,,,,,,,,,,,,,,,,false,false,,71,37,14,0,0,0,0,0,7,4,0,3,0,23,0,estimated from season exits versus eligible schedule | 23 eligible events not entered,Youth,normal,,,false,false,false,false,0,0,0,,0,false,,youth,youth,,,true,true,
2046/47,wp-kian-crane,Kian Crane,44,NED,Veteran,Amateur,false,false,false,,0,0,,Amateur,,,,,,,,,,,,,63,68,63,60,57,69,36,11,37,0,0,0,,0,,,,,,,0,0,0,0,0,0,0,0,0,"{""matches"":0,""wins"":0,""losses"":0,""draws"":0,""winPercentage"":0,""eventsEntered"":0,""titles"":0,""finals"":0,""prizeMoney"":0,""points"":0}",,,,,,,,,,,,,,20,,false,false,false,,71,18,14,0,0,0,0,0,7,4,3,0,0,4,0,estimated from season exits versus eligible schedule | 4 eligible events not entered,Amateur,normal,,,false,false,false,false,0,0,0,,0,false,,amateur,amateur,,,true,true,
2046/47,wp-kian-holt,Kian Holt,43,NED,Veteran,Amateur,false,false,false,,0,0,,Amateur,,,,,,,,,,,,,82,86,82,82,77,98,78,6,34,0,0,0,,0,,,,,,,0,0,1,1,0,100,1,0,0,"{""matches"":1,""wins"":1,""losses"":0,""draws"":0,""winPercentage"":100,""eventsEntered"":0,""titles"":1,""finals"":0,""prizeMoney"":0,""points"":0}",,,,,,,,,,,,,,52,,false,false,false,,71,18,14,0,0,0,0,0,7,4,3,0,0,4,0,estimated from season exits versus eligible schedule | 4 eligible events not entered,Amateur,normal,,,false,false,false,false,0,0,0,,0,false,,amateur,amateur,,,true,true,
2046/47,wp-kian-keane,Kian Keane,48,NED,Veteran,Amateur,false,false,false,,0,0,,Amateur,,,,,,,,,,,,,59,63,58,54,51,63,32,17,31,0,0,0,,0,,,,,,,0,0,0,0,0,0,0,0,0,"{""matches"":0,""wins"":0,""losses"":0,""draws"":0,""winPercentage"":0,""eventsEntered"":0,""titles"":0,""finals"":0,""prizeMoney"":0,""points"":0}",,,,,,,,,,,,,,57,,false,false,false,,71,20,14,0,0,0,0,0,7,4,3,0,0,6,0,estimated from season exits versus eligible schedule | 6 eligible events not entered,Amateur,normal,,,false,false,false,false,0,0,0,,0,false,,senior,amateur,,,true,true,
2046/47,wp-kian-mercer,Kian Mercer,42,NED,Veteran,Amateur,false,false,false,,0,0,,Amateur,,,,,,,,,,,,,58,62,58,54,53,65,38,7,31,0,0,0,,0,,,,,,,0,0,0,0,0,0,0,0,0,"{""matches"":0,""wins"":0,""losses"":0,""draws"":0,""winPercentage"":0,""eventsEntered"":0,""titles"":0,""finals"":0,""prizeMoney"":0,""points"":0}",,,,,,,,,,,,,,58,,false,false,false,,71,18,14,0,0,0,0,0,7,4,3,0,0,4,0,estimated from season exits versus eligible schedule | 4 eligible events not entered,Amateur,normal,,,false,false,false,false,0,0,0,,0,false,,amateur,amateur,,,true,true,
2046/47,wp-kian-nash,Kian Nash,52,NED,Veteran,Senior Tour / Legend Circuit,false,false,false,,0,0,,Amateur,,,,,,,,,,21,,,58,61,56,53,48,60,28,23,30,0,0,0,,0,,,,,,,0,4,0,0,0,0,0,0,0,"{""matches"":0,""wins"":0,""losses"":0,""draws"":0,""winPercentage"":0,""eventsEntered"":0,""titles"":0,""finals"":0,""prizeMoney"":0,""points"":0}",,,,,,,,,,,,,,59,,false,false,false,,71,6,6,0,0,0,0,0,0,0,0,0,6,0,0,,Senior/Legend,normal,,,false,false,false,false,0,0,0,,0,false,,senior,senior,,,true,true,
2046/47,wp-kian-sloan,Kian Sloan,43,NED,Veteran,Amateur,false,false,false,,0,0,,Amateur,,,,,,,,,,,,,58,61,58,54,53,65,37,9,30,0,0,0,,0,,,,,,,0,0,0,0,0,0,0,0,0,"{""matches"":0,""wins"":0,""losses"":0,""draws"":0,""winPercentage"":0,""eventsEntered"":0,""titles"":0,""finals"":0,""prizeMoney"":0,""points"":0}",,,,,,,,,,,,,,60,,false,false,false,,71,18,14,0,0,0,0,0,7,4,3,0,0,4,0,estimated from season exits versus eligible schedule | 4 eligible events not entered,Amateur,normal,,,false,false,false,false,0,0,0,,0,false,,amateur,amateur,,,true,true,
2046/47,wp-kian-zhou,Kian Zhou,45,NED,Veteran,Amateur,false,false,false,,0,0,,Amateur,,,,,,,,,,,,,61,66,61,57,55,67,35,12,35,0,0,0,,0,,,,,,,0,0,0,0,0,0,0,0,0,"{""matches"":0,""wins"":0,""losses"":0,""draws"":0,""winPercentage"":0,""eventsEntered"":0,""titles"":0,""finals"":0,""prizeMoney"":0,""points"":0}",,,,,,,,,,,,,,36,,false,false,false,,71,20,14,0,0,0,0,0,7,4,3,0,0,6,0,estimated from season exits versus eligible schedule | 6 eligible events not entered,Amateur,normal,,,false,false,false,false,0,0,0,,0,false,,senior,amateur,,,true,true,
2046/47,wp-leo-crane,Leo Crane,49,POL,Veteran,Amateur,false,false,false,,0,0,,Amateur,,,,,,,,,,,,,63,68,62,59,55,66,31,19,37,0,0,0,,0,,,,,,,0,0,0,0,0,0,0,0,0,"{""matches"":0,""wins"":0,""losses"":0,""draws"":0,""winPercentage"":0,""eventsEntered"":0,""titles"":0,""finals"":0,""prizeMoney"":0,""points"":0}",,,,,,,,,,,,,,21,,false,false,false,,71,20,14,0,0,0,0,0,7,4,3,0,0,6,0,estimated from season exits versus eligible schedule | 6 eligible events not entered,Amateur,normal,,,false,false,false,false,0,0,0,,0,false,,senior,amateur,,,true,true,
2046/47,wp-leo-holt,Leo Holt,51,POL,Veteran,Amateur,false,false,false,,0,0,,Amateur,,,,,,,,,,,,,59,63,58,54,50,61,29,22,32,0,0,0,,0,,,,,,,0,0,0,0,0,0,0,0,0,"{""matches"":0,""wins"":0,""losses"":0,""draws"":0,""winPercentage"":0,""eventsEntered"":0,""titles"":0,""finals"":0,""prizeMoney"":0,""points"":0}",,,,,,,,,,,,,,53,,false,false,false,,71,20,14,0,0,0,0,0,7,4,3,0,0,6,0,estimated from season exits versus eligible schedule | 6 eligible events not entered,Amateur,normal,,,false,false,false,false,0,0,0,,0,false,,senior,amateur,,,true,true,
2046/47,wp-leo-keane,Leo Keane,41,POL,Veteran,Amateur,false,false,false,,0,0,,Amateur,,,,,,,,,,,,,58,61,59,54,54,66,39,6,30,0,0,0,,0,,,,,,,0,0,0,0,0,0,0,0,0,"{""matches"":0,""wins"":0,""losses"":0,""draws"":0,""winPercentage"":0,""eventsEntered"":0,""titles"":0,""finals"":0,""prizeMoney"":0,""points"":0}",,,,,,,,,,,,,,64,,false,false,false,,71,18,14,0,0,0,0,0,7,4,3,0,0,4,0,estimated from season exits versus eligible schedule | 4 eligible events not entered,Amateur,normal,,,false,false,false,false,0,0,0,,0,false,,amateur,amateur,,,true,true,
2046/47,wp-leo-mercer,Leo Mercer,43,POL,Veteran,Amateur,false,false,false,,0,0,,Amateur,,,,,,,,,,,,,80,83,80,80,75,96,77,6,29,0,0,0,,0,,,,,,,0,0,1,1,0,100,0,0,0,"{""matches"":1,""wins"":1,""losses"":0,""draws"":0,""winPercentage"":100,""eventsEntered"":0,""titles"":0,""finals"":0,""prizeMoney"":0,""points"":0}",,,,,,,,,,,,,,65,,false,false,false,,71,18,14,0,0,0,0,0,7,4,3,0,0,4,0,estimated from season exits versus eligible schedule | 4 eligible events not entered,Amateur,normal,,,false,false,false,false,0,0,0,,0,false,,amateur,amateur,,,true,true,
2046/47,wp-leo-nash,Leo Nash,43,POL,Veteran,Amateur,false,false,false,,0,0,,Amateur,,,,,,,,,,,,,80,83,80,80,75,96,78,6,31,0,0,0,,0,,,,,,,0,0,1,1,0,100,1,0,0,"{""matches"":1,""wins"":1,""losses"":0,""draws"":0,""winPercentage"":100,""eventsEntered"":0,""titles"":1,""finals"":0,""prizeMoney"":0,""points"":0}",,,,,,,,,,,,,,66,,false,false,false,,71,18,14,0,0,0,0,0,7,4,3,0,0,4,0,estimated from season exits versus eligible schedule | 4 eligible events not entered,Amateur,normal,,,false,false,false,false,0,0,0,,0,false,,amateur,amateur,,,true,true,
2046/47,wp-leo-sloan,Leo Sloan,42,POL,Veteran,Amateur,false,false,false,,0,0,,Amateur,,,,,,,,,,,,,57,60,57,53,52,64,38,7,29,0,0,0,,0,,,,,,,0,0,0,0,0,0,0,0,0,"{""matches"":0,""wins"":0,""losses"":0,""draws"":0,""winPercentage"":0,""eventsEntered"":0,""titles"":0,""finals"":0,""prizeMoney"":0,""points"":0}",,,,,,,,,,,,,,67,,false,false,false,,71,18,14,0,0,0,0,0,7,4,3,0,0,4,0,estimated from season exits versus eligible schedule | 4 eligible events not entered,Amateur,normal,,,false,false,false,false,0,0,0,,0,false,,amateur,amateur,,,true,true,
2046/47,wp-leo-zhou,Leo Zhou,70,POL,Veteran,Senior Tour / Legend Circuit,false,false,false,,0,0,,Amateur,,,,,,,,,,2,,,61,66,56,55,43,54,10,52,34,0,0,0,,0,,,,,,,0,23,0,0,0,0,0,0,0,"{""matches"":0,""wins"":0,""losses"":0,""draws"":0,""winPercentage"":0,""eventsEntered"":0,""titles"":0,""finals"":0,""prizeMoney"":0,""points"":0}",,,,,,,,,,,,,,37,,false,false,false,,71,6,6,0,0,0,0,0,0,0,0,0,6,0,0,,Senior/Legend,normal,,,false,false,false,false,0,0,0,,0,false,,senior,senior,,,true,true,
2046/47,wp-lewis-crane,Lewis Crane,54,CHN,Veteran,Senior Tour / Legend Circuit,false,false,false,,0,0,,Amateur,,,,,,,,,,14,,,62,67,60,58,52,63,26,26,36,0,0,0,,0,,,,,,,0,11,1,0,1,0,0,0,0,"{""matches"":1,""wins"":0,""losses"":1,""draws"":0,""winPercentage"":0,""eventsEntered"":0,""titles"":0,""finals"":0,""prizeMoney"":0,""points"":0}",,,,,,,,,,,,,,26,,false,false,false,,71,6,6,0,0,0,0,0,0,0,0,0,6,0,0,,Senior/Legend,normal,,,false,false,false,false,0,0,0,,0,false,,senior,senior,,,true,true,
2046/47,wp-lewis-holt,Lewis Holt,49,CHN,Veteran,Amateur,false,false,false,,0,0,,Amateur,,,,,,,,,,,,,58,62,57,53,50,61,31,19,31,0,0,0,,0,,,,,,,0,0,0,0,0,0,0,0,0,"{""matches"":0,""wins"":0,""losses"":0,""draws"":0,""winPercentage"":0,""eventsEntered"":0,""titles"":0,""finals"":0,""prizeMoney"":0,""points"":0}",,,,,,,,,,,,,,58,,false,false,false,,71,20,14,0,0,0,0,0,7,4,3,0,0,6,0,estimated from season exits versus eligible schedule | 6 eligible events not entered,Amateur,normal,,,false,false,false,false,0,0,0,,0,false,,senior,amateur,,,true,true,
2046/47,wp-lewis-keane,Lewis Keane,41,CHN,Veteran,Amateur,false,false,false,,0,0,,Amateur,,,,,,,,,,,,,57,60,58,53,53,65,39,6,28,0,0,0,,0,,,,,,,0,0,0,0,0,0,0,0,0,"{""matches"":0,""wins"":0,""losses"":0,""draws"":0,""winPercentage"":0,""eventsEntered"":0,""titles"":0,""finals"":0,""prizeMoney"":0,""points"":0}",,,,,,,,,,,,,,70,,false,false,false,,71,18,14,0,0,0,0,0,7,4,3,0,0,4,0,estimated from season exits versus eligible schedule | 4 eligible events not entered,Amateur,normal,,,false,false,false,false,0,0,0,,0,false,,amateur,amateur,,,true,true,
2046/47,wp-lewis-mercer,Lewis Mercer,43,CHN,Veteran,Amateur,false,false,false,,0,0,,Amateur,,,,,,,,,,,,,57,60,57,52,52,64,37,9,28,0,0,0,,0,,,,,,,0,0,0,0,0,0,0,0,0,"{""matches"":0,""wins"":0,""losses"":0,""draws"":0,""winPercentage"":0,""eventsEntered"":0,""titles"":0,""finals"":0,""prizeMoney"":0,""points"":0}",,,,,,,,,,,,,,71,,false,false,false,,71,18,14,0,0,0,0,0,7,4,3,0,0,4,0,estimated from season exits versus eligible schedule | 4 eligible events not entered,Amateur,normal,,,false,false,false,false,0,0,0,,0,false,,amateur,amateur,,,true,true,
2046/47,wp-lewis-nash,Lewis Nash,41,CHN,Veteran,Amateur,false,false,false,,0,0,,Amateur,,,,,,,,,,,,,57,60,58,53,53,65,39,6,28,0,0,0,,0,,,,,,,0,0,0,0,0,0,0,0,0,"{""matches"":0,""wins"":0,""losses"":0,""draws"":0,""winPercentage"":0,""eventsEntered"":0,""titles"":0,""finals"":0,""prizeMoney"":0,""points"":0}",,,,,,,,,,,,,,72,,false,false,false,,71,18,14,0,0,0,0,0,7,4,3,0,0,4,0,estimated from season exits versus eligible schedule | 4 eligible events not entered,Amateur,normal,,,false,false,false,false,0,0,0,,0,false,,amateur,amateur,,,true,true,
2046/47,wp-lewis-sloan,Lewis Sloan,38,CHN,Amateur,Amateur,false,false,false,,0,0,,Amateur,,,,,,,58,,,,,,57,60,58,53,54,66,42,1,28,0,0,0,,0,,,,,,,0,5,0,0,0,0,0,0,0,"{""matches"":0,""wins"":0,""losses"":0,""draws"":0,""winPercentage"":0,""eventsEntered"":0,""titles"":0,""finals"":0,""prizeMoney"":0,""points"":0}",,,,,,,,,,,,,,73,,false,false,false,,71,18,14,0,0,0,0,0,7,4,3,0,0,4,0,estimated from season exits versus eligible schedule | 4 eligible events not entered,Amateur,normal,,,false,false,false,false,0,0,0,,0,false,,amateur,amateur,,,true,true,
2046/47,wp-lewis-zhou,Lewis Zhou,51,CHN,Veteran,Amateur,false,false,false,,0,0,,Amateur,,,,,,,,,,,,,60,64,59,55,51,62,29,22,33,0,0,0,,0,,,,,,,0,0,0,0,0,0,0,0,0,"{""matches"":0,""wins"":0,""losses"":0,""draws"":0,""winPercentage"":0,""eventsEntered"":0,""titles"":0,""finals"":0,""prizeMoney"":0,""points"":0}",,,,,,,,,,,,,,42,,false,false,false,,71,20,14,0,0,0,0,0,7,4,3,0,0,6,0,estimated from season exits versus eligible schedule | 6 eligible events not entered,Amateur,normal,,,false,false,false,false,0,0,0,,0,false,,senior,amateur,,,true,true,
2046/47,wp-liam-crane,Liam Crane,52,CHN,Veteran,Senior Tour / Legend Circuit,false,false,false,,0,0,,Amateur,,,,,,,,,,12,,,64,70,62,60,54,66,28,23,39,0,0,0,,0,,,,,,,0,13,0,0,0,0,0,0,0,"{""matches"":0,""wins"":0,""losses"":0,""draws"":0,""winPercentage"":0,""eventsEntered"":0,""titles"":0,""finals"":0,""prizeMoney"":0,""points"":0}",,,,,,,,,,,,,,13,,false,false,false,,71,6,6,0,0,0,0,0,0,0,0,0,6,0,0,,Senior/Legend,normal,,,false,false,false,false,0,0,0,,0,false,,senior,senior,,,true,true,
2046/47,wp-liam-dawes,Liam Dawes,46,CHN,Veteran,Amateur,false,false,false,,0,0,,Amateur,,,,,,,,,,,,,56,59,56,51,49,61,34,14,27,0,0,0,,0,,,,,,,0,0,0,0,0,0,0,0,0,"{""matches"":0,""wins"":0,""losses"":0,""draws"":0,""winPercentage"":0,""eventsEntered"":0,""titles"":0,""finals"":0,""prizeMoney"":0,""points"":0}",,,,,,,,,,,,,,76,,false,false,false,,71,20,14,0,0,0,0,0,7,4,3,0,0,6,0,estimated from season exits versus eligible schedule | 6 eligible events not entered,Amateur,normal,,,false,false,false,false,0,0,0,,0,false,,amateur,amateur,,,true,true,
2046/47,wp-liam-holt,Liam Holt,49,CHN,Veteran,Amateur,false,false,false,,0,0,,Amateur,,,,,,,,,,,,,60,64,59,56,52,63,31,19,33,0,0,0,,0,,,,,,,0,0,0,0,0,0,0,0,0,"{""matches"":0,""wins"":0,""losses"":0,""draws"":0,""winPercentage"":0,""eventsEntered"":0,""titles"":0,""finals"":0,""prizeMoney"":0,""points"":0}",,,,,,,,,,,,,,45,,false,false,false,,71,20,14,0,0,0,0,0,7,4,3,0,0,6,0,estimated from season exits versus eligible schedule | 6 eligible events not entered,Amateur,normal,,,false,false,false,false,0,0,0,,0,false,,senior,amateur,,,true,true,
2046/47,wp-liam-keane,Liam Keane,48,CHN,Veteran,Amateur,false,false,false,,0,0,,Amateur,,,,,,,,,,,,,56,59,55,51,48,60,32,17,27,0,0,0,,0,,,,,,,0,0,0,0,0,0,0,0,0,"{""matches"":0,""wins"":0,""losses"":0,""draws"":0,""winPercentage"":0,""eventsEntered"":0,""titles"":0,""finals"":0,""prizeMoney"":0,""points"":0}",,,,,,,,,,,,,,78,,false,false,false,,71,20,14,0,0,0,0,0,7,4,3,0,0,6,0,estimated from season exits versus eligible schedule | 6 eligible events not entered,Amateur,normal,,,false,false,false,false,0,0,0,,0,false,,amateur,amateur,,,true,true,
2046/47,wp-liam-mercer,Liam Mercer,52,CHN,Veteran,Senior Tour / Legend Circuit,false,false,false,,0,0,,Amateur,,,,,,,,,,23,,,56,59,54,50,46,58,28,23,27,0,0,0,,0,,,,,,,0,2,0,0,0,0,0,0,0,"{""matches"":0,""wins"":0,""losses"":0,""draws"":0,""winPercentage"":0,""eventsEntered"":0,""titles"":0,""finals"":0,""prizeMoney"":0,""points"":0}",,,,,,,,,,,,,,77,,false,false,false,,71,6,6,0,0,0,0,0,0,0,0,0,6,0,0,,Senior/Legend,normal,,,false,false,false,false,0,0,0,,0,false,,amateur,senior,,,true,true,
2046/47,wp-liam-nash,Liam Nash,48,CHN,Veteran,Amateur,false,false,false,,0,0,,Amateur,,,,,,,,,,,,,56,58,55,51,48,60,32,17,27,0,0,0,,0,,,,,,,0,0,0,0,0,0,0,0,0,"{""matches"":0,""wins"":0,""losses"":0,""draws"":0,""winPercentage"":0,""eventsEntered"":0,""titles"":0,""finals"":0,""prizeMoney"":0,""points"":0}",,,,,,,,,,,,,,79,,false,false,false,,71,20,14,0,0,0,0,0,7,4,3,0,0,6,0,estimated from season exits versus eligible schedule | 6 eligible events not entered,Amateur,normal,,,false,false,false,false,0,0,0,,0,false,,amateur,amateur,,,true,true,
2046/47,wp-liam-sloan,Liam Sloan,46,CHN,Veteran,Amateur,false,false,false,,0,0,,Amateur,,,,,,,,,,,,,58,61,58,53,51,63,34,14,30,0,0,0,,0,,,,,,,0,0,0,0,0,0,0,0,0,"{""matches"":0,""wins"":0,""losses"":0,""draws"":0,""winPercentage"":0,""eventsEntered"":0,""titles"":0,""finals"":0,""prizeMoney"":0,""points"":0}",,,,,,,,,,,,,,61,,false,false,false,,71,20,14,0,0,0,0,0,7,4,3,0,0,6,0,estimated from season exits versus eligible schedule | 6 eligible events not entered,Amateur,normal,,,false,false,false,false,0,0,0,,0,false,,senior,amateur,,,true,true,
2046/47,wp-liam-zhou,Liam Zhou,47,CHN,Veteran,Amateur,false,false,false,,0,0,,Amateur,,,,,,,,,,,,,62,67,61,58,55,67,33,15,36,0,0,0,,0,,,,,,,0,0,0,0,0,0,0,0,0,"{""matches"":0,""wins"":0,""losses"":0,""draws"":0,""winPercentage"":0,""eventsEntered"":0,""titles"":0,""finals"":0,""prizeMoney"":0,""points"":0}",,,,,,,,,,,,,,29,,false,false,false,,71,20,14,0,0,0,0,0,7,4,3,0,0,6,0,estimated from season exits versus eligible schedule | 6 eligible events not entered,Amateur,normal,,,false,false,false,false,0,0,0,,0,false,,senior,amateur,,,true,true,
2046/47,wp-luca-mercer,Luca Mercer,34,THA,Amateur,Q School,false,false,false,,0,0,,Amateur,,,,,,,18,20,11,,,,56,58,58,52,55,65,42,0,26,0,0,0,,0,,,,,,,0,20,0,0,0,0,0,0,0,"{""matches"":0,""wins"":0,""losses"":0,""draws"":0,""winPercentage"":0,""eventsEntered"":0,""titles"":0,""finals"":0,""prizeMoney"":0,""points"":0}",,,,,,,,,,,,,,82,,false,false,false,,71,18,3,0,0,0,0,0,0,3,0,0,0,15,8,estimated from season exits versus eligible schedule | 15 eligible events not entered,Q School,normal,,,false,false,false,false,0,0,0,,0,false,,qSchool,qSchool,,,true,true,
2046/47,wp-luca-mercer-b,Luca Mercer B,32,ENG,Amateur,Q School,false,false,false,,0,0,,Amateur,,,,,,,15,16,18,,,,71,73,73,70,70,87,71,0,29,0,0,0,,0,,,,,,,0,21,3,2,1,66.66666666666666,2,0,0,"{""matches"":3,""wins"":2,""losses"":1,""draws"":0,""winPercentage"":66.66666666666666,""eventsEntered"":0,""titles"":2,""finals"":0,""prizeMoney"":0,""points"":0}",,,,,,,,,,,,,,90,,false,false,false,,71,18,3,0,0,0,0,0,0,3,0,0,0,15,8,estimated from season exits versus eligible schedule | 15 eligible events not entered,Q School,normal,,,false,false,false,false,0,0,0,,0,false,,qSchool,qSchool,,,true,true,
2046/47,wp-luca-mercer-c,Luca Mercer C,32,ENG,Amateur,Amateur,false,false,false,,0,0,,Amateur,92,92,,92,,,53,,,,92,,77,79,79,77,76,95,83,0,27,0,0,0,,0,,,,,,,0,0,1,1,0,100,1,0,0,"{""matches"":1,""wins"":1,""losses"":0,""draws"":0,""winPercentage"":100,""eventsEntered"":0,""titles"":1,""finals"":0,""prizeMoney"":0,""points"":0}",,,,,,,,,,,,,,91,,false,false,false,,71,18,14,0,0,0,0,0,7,4,3,0,0,4,0,estimated from season exits versus eligible schedule | 4 eligible events not entered,Amateur,normal,,,false,false,false,false,0,0,0,,0,false,,amateur,amateur,,,true,true,
2046/47,wp-luca-mercer-d,Luca Mercer D,30,SCO,Amateur,Amateur,false,false,false,,0,0,,Amateur,93,93,,93,,,50,,,,93,,54,56,56,49,54,63,42,0,24,0,0,0,,0,,,,,,,0,0,0,0,0,0,0,0,0,"{""matches"":0,""wins"":0,""losses"":0,""draws"":0,""winPercentage"":0,""eventsEntered"":0,""titles"":0,""finals"":0,""prizeMoney"":0,""points"":0}",,,,,,,,,,,,,,92,,false,false,false,,71,18,14,0,0,0,0,0,7,4,3,0,0,4,0,estimated from season exits versus eligible schedule | 4 eligible events not entered,Amateur,normal,,,false,false,false,false,0,0,0,,0,false,,amateur,amateur,,,true,true,
2046/47,wp-luca-mercer-f,Luca Mercer F,27,SCO,Amateur,Amateur,false,false,false,,0,0,,Amateur,95,95,,95,,,38,,,,95,,54,56,56,49,54,63,42,0,24,0,0,0,,0,,,,,,,0,0,0,0,0,0,0,0,0,"{""matches"":0,""wins"":0,""losses"":0,""draws"":0,""winPercentage"":0,""eventsEntered"":0,""titles"":0,""finals"":0,""prizeMoney"":0,""points"":0}",,,,,,,,,,,,,,93,,false,false,false,,71,18,14,0,0,0,0,0,7,4,3,0,0,4,0,estimated from season exits versus eligible schedule | 4 eligible events not entered,Amateur,normal,,,false,false,false,false,0,0,0,,0,false,,qTour,amateur,,,true,true,
2046/47,wp-luca-mercer-g,Luca Mercer G,27,SCO,Amateur,Amateur,false,false,false,,0,0,,Amateur,96,96,,96,,,39,,,,96,,54,56,56,49,54,63,42,0,24,0,0,0,,0,,,,,,,0,0,0,0,0,0,0,0,0,"{""matches"":0,""wins"":0,""losses"":0,""draws"":0,""winPercentage"":0,""eventsEntered"":0,""titles"":0,""finals"":0,""prizeMoney"":0,""points"":0}",,,,,,,,,,,,,,94,,false,false,false,,71,18,14,0,0,0,0,0,7,4,3,0,0,4,0,estimated from season exits versus eligible schedule | 4 eligible events not entered,Amateur,normal,,,false,false,false,false,0,0,0,,0,false,,qTour,amateur,,,true,true,
2046/47,wp-luca-mercer-i,Luca Mercer I,24,SCO,Amateur,Q School,false,false,false,,0,0,,Amateur,97,97,,97,,,25,23,23,,97,,54,58,56,49,54,63,42,0,24,0,0,0,,0,,,,,,,0,0,0,0,0,0,0,0,0,"{""matches"":0,""wins"":0,""losses"":0,""draws"":0,""winPercentage"":0,""eventsEntered"":0,""titles"":0,""finals"":0,""prizeMoney"":0,""points"":0}",,,,,,,,,,,,,,96,,false,false,false,,71,18,3,0,0,0,0,0,0,3,0,0,0,15,8,estimated from season exits versus eligible schedule | 15 eligible events not entered,Q School,normal,,,false,false,false,false,0,0,0,,0,false,,qSchool,qSchool,,,true,true,
2046/47,wp-luca-mercer-j,Luca Mercer J,24,SCO,Amateur,Q School,false,false,false,,0,0,,Amateur,98,98,,98,,,26,25,25,,98,,54,58,56,49,54,63,42,0,24,0,0,0,,0,,,,,,,0,0,0,0,0,0,0,0,0,"{""matches"":0,""wins"":0,""losses"":0,""draws"":0,""winPercentage"":0,""eventsEntered"":0,""titles"":0,""finals"":0,""prizeMoney"":0,""points"":0}",,,,,,,,,,,,,,97,,false,false,false,,71,18,3,0,0,0,0,0,0,3,0,0,0,15,8,estimated from season exits versus eligible schedule | 15 eligible events not entered,Q School,normal,,,false,false,false,false,0,0,0,,0,false,,qTour,qSchool,,,true,true,
2046/47,wp-luca-mercer-k,Luca Mercer K,20,THA,Amateur,Q School,false,false,false,,0,0,,Amateur,99,99,,99,,,23,17,20,,99,,53,60,55,48,53,62,42,0,23,0,0,0,,0,,,,,,,0,0,0,0,0,0,0,0,0,"{""matches"":0,""wins"":0,""losses"":0,""draws"":0,""winPercentage"":0,""eventsEntered"":0,""titles"":0,""finals"":0,""prizeMoney"":0,""points"":0}",,,,,,,,,,,,,,99,,false,false,false,,71,18,3,0,0,0,0,0,0,3,0,0,0,15,8,estimated from season exits versus eligible schedule | 15 eligible events not entered,Q School,normal,,,false,false,false,false,0,0,0,,0,false,,qSchool,qSchool,,,true,true,
2046/47,wp-luca-mercer-n,Luca Mercer N,18,ENG,Amateur,Q School,false,false,false,,0,0,,Amateur,,,,,,,8,7,10,,,,50,57,52,44,50,59,42,0,18,0,0,0,,0,,,,,,,0,15,0,0,0,0,0,0,0,"{""matches"":0,""wins"":0,""losses"":0,""draws"":0,""winPercentage"":0,""eventsEntered"":0,""titles"":0,""finals"":0,""prizeMoney"":0,""points"":0}",,,,,,,,,,,,,,,,false,false,false,,71,18,3,0,0,0,0,0,0,3,0,0,0,15,8,estimated from season exits versus eligible schedule | 15 eligible events not entered,Q School,normal,,,false,false,false,false,0,0,0,,0,false,,qSchool,qSchool,,,true,true,
2046/47,wp-luca-mercer-o,Luca Mercer O,15,ENG,Youth,Amateur,false,false,false,,0,0,,Amateur,,,,,,,,,,,,,50,59,52,44,50,59,42,0,18,0,0,0,,0,,,,,,,0,13,0,0,0,0,0,0,0,"{""matches"":0,""wins"":0,""losses"":0,""draws"":0,""winPercentage"":0,""eventsEntered"":0,""titles"":0,""finals"":0,""prizeMoney"":0,""points"":0}",,,,,,,,,,,,,,,,false,false,false,,71,37,14,0,0,0,0,0,7,4,0,3,0,23,0,estimated from season exits versus eligible schedule | 23 eligible events not entered,Youth,normal,,,false,false,false,false,0,0,0,,0,false,,youth,youth,,,true,true,
2046/47,wp-luca-mercer-p,Luca Mercer P,15,ENG,Youth,Amateur,false,false,false,,0,0,,Amateur,,,,,,,,,,,,,50,59,52,44,50,59,42,0,18,,,,,,,,,,,,,,0,0,0,0,0,0,0,"{""matches"":0,""wins"":0,""losses"":0,""draws"":0,""winPercentage"":0,""eventsEntered"":0,""titles"":0,""finals"":0,""prizeMoney"":0,""points"":0}",,,,,,,,,,,,,,,,,false,false,,71,37,14,0,0,0,0,0,7,4,0,3,0,23,0,estimated from season exits versus eligible schedule | 23 eligible events not entered,Youth,normal,,,false,false,false,false,0,0,0,,0,false,,youth,youth,,,true,true,
2046/47,wp-luca-wren,Luca Wren,51,SCO,Veteran,Senior Tour / Legend Circuit,false,false,false,,0,0,,Amateur,,,,,,,,,,10,,,65,71,64,61,56,67,29,22,40,0,0,0,,0,,,,,,,0,15,0,0,0,0,0,0,0,"{""matches"":0,""wins"":0,""losses"":0,""draws"":0,""winPercentage"":0,""eventsEntered"":0,""titles"":0,""finals"":0,""prizeMoney"":0,""points"":0}",,,,,,,,,,,,,,4,,false,false,false,,71,6,6,0,0,0,0,0,0,0,0,0,6,0,0,,Senior/Legend,normal,,,false,false,false,false,0,0,0,,0,false,,senior,senior,,,true,true,
2046/47,wp-marcus-crane,Marcus Crane,54,WAL,Veteran,Senior Tour / Legend Circuit,false,false,false,,0,0,,Amateur,,,,,,,,,,8,,,86,92,84,86,76,97,67,23,41,0,0,0,,0,,,,,,,0,17,1,1,0,100,1,0,0,"{""matches"":1,""wins"":1,""losses"":0,""draws"":0,""winPercentage"":100,""eventsEntered"":0,""titles"":1,""finals"":0,""prizeMoney"":0,""points"":0}",,,,,,,,,,,,,,14,,false,false,false,,71,6,6,0,0,0,0,0,0,0,0,0,6,0,0,,Senior/Legend,normal,,,false,false,false,false,0,0,0,,0,false,,senior,senior,,,true,true,
2046/47,wp-marcus-dawes,Marcus Dawes,48,WAL,Veteran,Amateur,false,false,false,,0,0,,Amateur,,,,,,,,,,,,,55,57,54,50,47,59,32,17,26,0,0,0,,0,,,,,,,0,0,0,0,0,0,0,0,0,"{""matches"":0,""wins"":0,""losses"":0,""draws"":0,""winPercentage"":0,""eventsEntered"":0,""titles"":0,""finals"":0,""prizeMoney"":0,""points"":0}",,,,,,,,,,,,,,85,,false,false,false,,71,20,14,0,0,0,0,0,7,4,3,0,0,6,0,estimated from season exits versus eligible schedule | 6 eligible events not entered,Amateur,normal,,,false,false,false,false,0,0,0,,0,false,,amateur,amateur,,,true,true,
2046/47,wp-marcus-holt,Marcus Holt,47,WAL,Veteran,Amateur,false,false,false,,0,0,,Amateur,,,,,,,,,,,,,60,64,59,56,53,65,33,15,33,0,0,0,,0,,,,,,,0,0,0,0,0,0,0,0,0,"{""matches"":0,""wins"":0,""losses"":0,""draws"":0,""winPercentage"":0,""eventsEntered"":0,""titles"":0,""finals"":0,""prizeMoney"":0,""points"":0}",,,,,,,,,,,,,,46,,false,false,false,,71,20,14,0,0,0,0,0,7,4,3,0,0,6,0,estimated from season exits versus eligible schedule | 6 eligible events not entered,Amateur,normal,,,false,false,false,false,0,0,0,,0,false,,senior,amateur,,,true,true,
2046/47,wp-marcus-keane,Marcus Keane,69,WAL,Veteran,Senior Tour / Legend Circuit,false,false,false,,0,0,,Amateur,,,,,,,,,,4,,,55,57,50,47,37,48,11,50,25,0,0,0,,0,,,,,,,0,21,0,0,0,0,0,0,0,"{""matches"":0,""wins"":0,""losses"":0,""draws"":0,""winPercentage"":0,""eventsEntered"":0,""titles"":0,""finals"":0,""prizeMoney"":0,""points"":0}",,,,,,,,,,,,,,88,,false,false,false,,71,6,6,0,0,0,0,0,0,0,0,0,6,0,0,,Senior/Legend,normal,,,false,false,false,false,0,0,0,,0,false,,amateur,senior,,,true,true,
2046/47,wp-marcus-mercer,Marcus Mercer,38,WAL,Amateur,Amateur,false,false,false,,0,0,,Amateur,,,,,,,59,,,,,,56,59,57,52,53,65,42,1,27,0,0,0,,0,,,,,,,0,4,0,0,0,0,0,0,0,"{""matches"":0,""wins"":0,""losses"":0,""draws"":0,""winPercentage"":0,""eventsEntered"":0,""titles"":0,""finals"":0,""prizeMoney"":0,""points"":0}",,,,,,,,,,,,,,78,,false,false,false,,71,18,14,0,0,0,0,0,7,4,3,0,0,4,0,estimated from season exits versus eligible schedule | 4 eligible events not entered,Amateur,normal,,,false,false,false,false,0,0,0,,0,false,,amateur,amateur,,,true,true,
2046/47,wp-marcus-nash,Marcus Nash,46,WAL,Veteran,Amateur,false,false,false,,0,0,,Amateur,,,,,,,,,,,,,55,57,55,50,48,60,34,14,25,0,0,0,,0,,,,,,,0,0,0,0,0,0,0,0,0,"{""matches"":0,""wins"":0,""losses"":0,""draws"":0,""winPercentage"":0,""eventsEntered"":0,""titles"":0,""finals"":0,""prizeMoney"":0,""points"":0}",,,,,,,,,,,,,,88,,false,false,false,,71,20,14,0,0,0,0,0,7,4,3,0,0,6,0,estimated from season exits versus eligible schedule | 6 eligible events not entered,Amateur,normal,,,false,false,false,false,0,0,0,,0,false,,amateur,amateur,,,true,true,
2046/47,wp-marcus-sloan,Marcus Sloan,48,WAL,Veteran,Amateur,false,false,false,,0,0,,Amateur,,,,,,,,,,,,,58,61,57,53,50,62,32,17,30,0,0,0,,0,,,,,,,0,0,0,0,0,0,0,0,0,"{""matches"":0,""wins"":0,""losses"":0,""draws"":0,""winPercentage"":0,""eventsEntered"":0,""titles"":0,""finals"":0,""prizeMoney"":0,""points"":0}",,,,,,,,,,,,,,62,,false,false,false,,71,20,14,0,0,0,0,0,7,4,3,0,0,6,0,estimated from season exits versus eligible schedule | 6 eligible events not entered,Amateur,normal,,,false,false,false,false,0,0,0,,0,false,,senior,amateur,,,true,true,
2046/47,wp-marcus-zhou,Marcus Zhou,45,WAL,Veteran,Amateur,false,false,false,,0,0,,Amateur,,,,,,,,,,,,,62,67,62,58,56,68,35,12,36,0,0,0,,0,,,,,,,0,0,0,0,0,0,0,0,0,"{""matches"":0,""wins"":0,""losses"":0,""draws"":0,""winPercentage"":0,""eventsEntered"":0,""titles"":0,""finals"":0,""prizeMoney"":0,""points"":0}",,,,,,,,,,,,,,30,,false,false,false,,71,20,14,0,0,0,0,0,7,4,3,0,0,6,0,estimated from season exits versus eligible schedule | 6 eligible events not entered,Amateur,normal,,,false,false,false,false,0,0,0,,0,false,,senior,amateur,,,true,true,
2046/47,wp-mason-crane,Mason Crane,71,IRL,Veteran,Senior Tour / Legend Circuit,false,false,false,,0,0,,Amateur,,,,,,,,,,1,,,63,69,58,57,44,56,10,53,38,0,0,0,,0,,,,,,,0,24,0,0,0,0,0,0,0,"{""matches"":0,""wins"":0,""losses"":0,""draws"":0,""winPercentage"":0,""eventsEntered"":0,""titles"":0,""finals"":0,""prizeMoney"":0,""points"":0}",,,,,,,,,,,,,,17,,false,false,false,,71,6,6,0,0,0,0,0,0,0,0,0,6,0,0,,Senior/Legend,normal,,,false,false,false,false,0,0,0,,0,false,,senior,senior,,,true,true,
2046/47,wp-mason-holt,Mason Holt,44,IRL,Veteran,Amateur,false,false,false,,0,0,,Amateur,,,,,,,,,,,,,59,63,59,55,53,65,36,11,32,0,0,0,,0,,,,,,,0,0,1,0,1,0,0,0,0,"{""matches"":1,""wins"":0,""losses"":1,""draws"":0,""winPercentage"":0,""eventsEntered"":0,""titles"":0,""finals"":0,""prizeMoney"":0,""points"":0}",,,,,,,,,,,,,,49,,false,false,false,,71,18,14,0,0,0,0,0,7,4,3,0,0,4,0,estimated from season exits versus eligible schedule | 4 eligible events not entered,Amateur,normal,,,false,false,false,false,0,0,0,,0,false,,amateur,amateur,,,true,true,
2046/47,wp-mason-keane,Mason Keane,39,IRL,Amateur,Amateur,false,false,false,,0,0,,Amateur,,,,,,,60,,,,,,54,56,55,49,51,62,41,3,24,0,0,0,,0,,,,,,,0,3,0,0,0,0,0,0,0,"{""matches"":0,""wins"":0,""losses"":0,""draws"":0,""winPercentage"":0,""eventsEntered"":0,""titles"":0,""finals"":0,""prizeMoney"":0,""points"":0}",,,,,,,,,,,,,,92,,false,false,false,,71,18,14,0,0,0,0,0,7,4,3,0,0,4,0,estimated from season exits versus eligible schedule | 4 eligible events not entered,Amateur,normal,,,false,false,false,false,0,0,0,,0,false,,amateur,amateur,,,true,true,
2046/47,wp-mason-mercer,Mason Mercer,41,IRL,Veteran,Amateur,false,false,false,,0,0,,Amateur,,,,,,,,,,,,,56,58,57,51,52,64,39,6,26,0,0,0,,0,,,,,,,0,0,0,0,0,0,0,0,0,"{""matches"":0,""wins"":0,""losses"":0,""draws"":0,""winPercentage"":0,""eventsEntered"":0,""titles"":0,""finals"":0,""prizeMoney"":0,""points"":0}",,,,,,,,,,,,,,81,,false,false,false,,71,18,14,0,0,0,0,0,7,4,3,0,0,4,0,estimated from season exits versus eligible schedule | 4 eligible events not entered,Amateur,normal,,,false,false,false,false,0,0,0,,0,false,,amateur,amateur,,,true,true,
2046/47,wp-mason-nash,Mason Nash,41,IRL,Veteran,Amateur,false,false,false,,0,0,,Amateur,,,,,,,,,,,,,54,56,55,49,50,62,39,6,24,0,0,0,,0,,,,,,,0,0,0,0,0,0,0,0,0,"{""matches"":0,""wins"":0,""losses"":0,""draws"":0,""winPercentage"":0,""eventsEntered"":0,""titles"":0,""finals"":0,""prizeMoney"":0,""points"":0}",,,,,,,,,,,,,,94,,false,false,false,,71,18,14,0,0,0,0,0,7,4,3,0,0,4,0,estimated from season exits versus eligible schedule | 4 eligible events not entered,Amateur,normal,,,false,false,false,false,0,0,0,,0,false,,amateur,amateur,,,true,true,
2046/47,wp-mason-sloan,Mason Sloan,42,IRL,Veteran,Amateur,false,false,false,,0,0,,Amateur,102,102,,102,,,,,,,102,,58,61,58,54,53,65,38,7,29,0,0,0,,0,,,,,,,0,0,0,0,0,0,0,0,0,"{""matches"":0,""wins"":0,""losses"":0,""draws"":0,""winPercentage"":0,""eventsEntered"":0,""titles"":0,""finals"":0,""prizeMoney"":0,""points"":0}",,,,,,,,,,,,,,65,,false,false,false,,71,18,14,0,0,0,0,0,7,4,3,0,0,4,0,estimated from season exits versus eligible schedule | 4 eligible events not entered,Amateur,normal,,,false,false,false,false,0,0,0,,0,false,,amateur,amateur,,,true,true,
2046/47,wp-mason-zhou,Mason Zhou,46,IRL,Veteran,Amateur,false,false,false,,0,0,,Amateur,,,,,,,,,,,,,61,66,61,57,54,66,34,14,35,0,0,0,,0,,,,,,,0,0,0,0,0,0,0,0,0,"{""matches"":0,""wins"":0,""losses"":0,""draws"":0,""winPercentage"":0,""eventsEntered"":0,""titles"":0,""finals"":0,""prizeMoney"":0,""points"":0}",,,,,,,,,,,,,,33,,false,false,false,,71,20,14,0,0,0,0,0,7,4,3,0,0,6,0,estimated from season exits versus eligible schedule | 6 eligible events not entered,Amateur,normal,,,false,false,false,false,0,0,0,,0,false,,senior,amateur,,,true,true,
2046/47,wp-mika-keane-c,Mika Keane C,32,IRL,Amateur,Amateur,false,false,false,,0,0,,Amateur,103,103,,103,,,54,,,,103,,65,66,67,63,64,79,63,0,25,0,0,0,,0,,,,,,,0,0,2,1,1,50,1,0,0,"{""matches"":2,""wins"":1,""losses"":1,""draws"":0,""winPercentage"":50,""eventsEntered"":0,""titles"":1,""finals"":0,""prizeMoney"":0,""points"":0}",,,,,,,,,,,,,,103,,false,false,false,,71,18,14,0,0,0,0,0,7,4,3,0,0,4,0,estimated from season exits versus eligible schedule | 4 eligible events not entered,Amateur,normal,,,false,false,false,false,0,0,0,,0,false,,amateur,amateur,,,true,true,
2046/47,wp-mika-keane-f,Mika Keane F,28,CHN,Amateur,Q School,false,false,false,,0,0,,Amateur,,,,,,,5,5,1,,,,53,54,55,48,53,62,42,0,23,0,0,0,,0,,,,,,,0,36,0,0,0,0,0,0,0,"{""matches"":0,""wins"":0,""losses"":0,""draws"":0,""winPercentage"":0,""eventsEntered"":0,""titles"":0,""finals"":0,""prizeMoney"":0,""points"":0}",,,,,,,,,,,,,,102,,false,false,false,,71,18,3,0,0,0,0,0,0,3,0,0,0,15,8,estimated from season exits versus eligible schedule | 15 eligible events not entered,Q School,normal,,,false,false,false,false,0,0,0,,0,false,,qSchool,qSchool,,,true,true,
2046/47,wp-mika-keane-g,Mika Keane G,25,CHN,Amateur,Q School,false,false,false,,0,0,,Amateur,104,104,,104,,,28,27,27,,104,,53,56,55,48,53,62,42,0,22,0,0,0,,0,,,,,,,0,0,0,0,0,0,0,0,0,"{""matches"":0,""wins"":0,""losses"":0,""draws"":0,""winPercentage"":0,""eventsEntered"":0,""titles"":0,""finals"":0,""prizeMoney"":0,""points"":0}",,,,,,,,,,,,,,104,,false,false,false,,71,18,3,0,0,0,0,0,0,3,0,0,0,15,8,estimated from season exits versus eligible schedule | 15 eligible events not entered,Q School,normal,,,false,false,false,false,0,0,0,,0,false,,qTour,qSchool,,,true,true,
2046/47,wp-mika-keane-i,Mika Keane I,25,CHN,Amateur,Q School,false,false,false,,0,0,,Amateur,105,105,,105,,,29,29,28,,105,,53,56,55,48,53,62,42,0,22,0,0,0,,0,,,,,,,0,0,0,0,0,0,0,0,0,"{""matches"":0,""wins"":0,""losses"":0,""draws"":0,""winPercentage"":0,""eventsEntered"":0,""titles"":0,""finals"":0,""prizeMoney"":0,""points"":0}",,,,,,,,,,,,,,105,,false,false,false,,71,18,3,0,0,0,0,0,0,3,0,0,0,15,8,estimated from season exits versus eligible schedule | 15 eligible events not entered,Q School,normal,,,false,false,false,false,0,0,0,,0,false,,qTour,qSchool,,,true,true,
2046/47,wp-mika-keane-o,Mika Keane O,15,IRL,Youth,Amateur,false,false,false,,0,0,,Amateur,,,,,,,,,,,,,50,59,52,44,50,59,42,0,18,0,0,0,,0,,,,,,,0,12,0,0,0,0,0,0,0,"{""matches"":0,""wins"":0,""losses"":0,""draws"":0,""winPercentage"":0,""eventsEntered"":0,""titles"":0,""finals"":0,""prizeMoney"":0,""points"":0}",,,,,,,,,,,,,,,,false,false,false,,71,37,14,0,0,0,0,0,7,4,0,3,0,23,0,estimated from season exits versus eligible schedule | 23 eligible events not entered,Youth,normal,,,false,false,false,false,0,0,0,,0,false,,youth,youth,,,true,true,
2046/47,wp-mika-keane-p,Mika Keane P,15,IRL,Youth,Amateur,false,false,false,,0,0,,Amateur,,,,,,,,,,,,,50,59,52,44,50,59,42,0,18,,,,,,,,,,,,,,0,0,0,0,0,0,0,"{""matches"":0,""wins"":0,""losses"":0,""draws"":0,""winPercentage"":0,""eventsEntered"":0,""titles"":0,""finals"":0,""prizeMoney"":0,""points"":0}",,,,,,,,,,,,,,,,,false,false,,71,37,14,0,0,0,0,0,7,4,0,3,0,23,0,estimated from season exits versus eligible schedule | 23 eligible events not entered,Youth,normal,,,false,false,false,false,0,0,0,,0,false,,youth,youth,,,true,true,
2046/47,wp-milan-frost,Milan Frost,55,WAL,Veteran,Senior Tour / Legend Circuit,false,false,false,,0,0,,Amateur,,,,,,,,,,3,,,65,71,63,61,54,65,25,28,41,0,0,0,,0,,,,,,,0,22,0,0,0,0,0,0,0,"{""matches"":0,""wins"":0,""losses"":0,""draws"":0,""winPercentage"":0,""eventsEntered"":0,""titles"":0,""finals"":0,""prizeMoney"":0,""points"":0}",,,,,,,,,,,,,,2,,false,false,false,,71,6,6,0,0,0,0,0,0,0,0,0,6,0,0,,Senior/Legend,normal,,,false,false,false,false,0,0,0,,0,false,,senior,senior,,,true,true,
2046/47,wp-nico-arden,Nico Arden,49,BEL,Veteran,Amateur,false,false,false,,0,0,,Amateur,,,,,,,,,,,,,65,71,64,62,57,68,31,19,41,0,0,0,,0,,,,,,,0,0,0,0,0,0,0,0,0,"{""matches"":0,""wins"":0,""losses"":0,""draws"":0,""winPercentage"":0,""eventsEntered"":0,""titles"":0,""finals"":0,""prizeMoney"":0,""points"":0}",,,,,,,,,,,,,,1,,false,false,false,,71,20,14,0,0,0,0,0,7,4,3,0,0,6,0,estimated from season exits versus eligible schedule | 6 eligible events not entered,Amateur,normal,,,false,false,false,false,0,0,0,,0,false,,senior,amateur,,,true,true,
2046/47,wp-noah-bennett,Noah Bennett,36,IRL,Amateur,Amateur,false,false,false,,0,0,,Amateur,,,,,,,61,,,,,,53,54,55,48,51,62,42,0,23,0,0,0,,0,,,,,,,0,2,0,0,0,0,0,0,0,"{""matches"":0,""wins"":0,""losses"":0,""draws"":0,""winPercentage"":0,""eventsEntered"":0,""titles"":0,""finals"":0,""prizeMoney"":0,""points"":0}",,,,,,,,,,,,,,100,,false,false,false,,71,18,14,0,0,0,0,0,7,4,3,0,0,4,0,estimated from season exits versus eligible schedule | 4 eligible events not entered,Amateur,normal,,,false,false,false,false,0,0,0,,0,false,,amateur,amateur,,,true,true,
2046/47,wp-noah-bennett-a,Noah Bennett A,34,AUS,Amateur,Q School,false,false,false,,0,0,,Amateur,,,,,,,7,8,12,,,,53,54,55,48,52,62,42,0,22,0,0,0,,0,,,,,,,0,30,0,0,0,0,0,0,0,"{""matches"":0,""wins"":0,""losses"":0,""draws"":0,""winPercentage"":0,""eventsEntered"":0,""titles"":0,""finals"":0,""prizeMoney"":0,""points"":0}",,,,,,,,,,,,,,105,,false,false,false,,71,18,3,0,0,0,0,0,0,3,0,0,0,15,8,estimated from season exits versus eligible schedule | 15 eligible events not entered,Q School,normal,,,false,false,false,false,0,0,0,,0,false,,qSchool,qSchool,,,true,true,
2046/47,wp-noah-bennett-c,Noah Bennett C,31,AUS,Amateur,Q School,false,false,false,,0,0,,Amateur,,,,,,,9,9,13,,,,75,76,77,74,75,93,83,0,24,0,0,0,,0,,,,,,,0,26,1,1,0,100,1,0,0,"{""matches"":1,""wins"":1,""losses"":0,""draws"":0,""winPercentage"":100,""eventsEntered"":0,""titles"":1,""finals"":0,""prizeMoney"":0,""points"":0}",,,,,,,,,,,,,,105,,false,false,false,,71,18,3,0,0,0,0,0,0,3,0,0,0,15,8,estimated from season exits versus eligible schedule | 15 eligible events not entered,Q School,normal,,,false,false,false,false,0,0,0,,0,false,,qSchool,qSchool,,,true,true,
2046/47,wp-noah-bennett-d,Noah Bennett D,31,AUS,Amateur,Q School,false,false,false,,0,0,,Amateur,,,,,,,10,10,15,,,,53,54,55,48,53,62,42,0,22,0,0,0,,0,,,,,,,0,24,0,0,0,0,0,0,0,"{""matches"":0,""wins"":0,""losses"":0,""draws"":0,""winPercentage"":0,""eventsEntered"":0,""titles"":0,""finals"":0,""prizeMoney"":0,""points"":0}",,,,,,,,,,,,,,106,,false,false,false,,71,18,3,0,0,0,0,0,0,3,0,0,0,15,8,estimated from season exits versus eligible schedule | 15 eligible events not entered,Q School,normal,,,false,false,false,false,0,0,0,,0,false,,qSchool,qSchool,,,true,true,
2046/47,wp-noah-bennett-e,Noah Bennett E,28,AUS,Amateur,Amateur,false,false,false,,0,0,,Amateur,110,110,,110,,,43,,,,110,,53,54,55,48,53,62,42,0,22,0,0,0,,0,,,,,,,0,0,0,0,0,0,0,0,0,"{""matches"":0,""wins"":0,""losses"":0,""draws"":0,""winPercentage"":0,""eventsEntered"":0,""titles"":0,""finals"":0,""prizeMoney"":0,""points"":0}",,,,,,,,,,,,,,107,,false,false,false,,71,18,14,0,0,0,0,0,7,4,3,0,0,4,0,estimated from season exits versus eligible schedule | 4 eligible events not entered,Amateur,normal,,,false,false,false,false,0,0,0,,0,false,,qTour,amateur,,,true,true,
2046/47,wp-noah-bennett-g,Noah Bennett G,28,AUS,Amateur,Amateur,false,false,false,,0,0,,Amateur,111,111,,111,,,44,,,,111,,52,53,54,47,52,61,42,0,21,0,0,0,,0,,,,,,,0,0,0,0,0,0,0,0,0,"{""matches"":0,""wins"":0,""losses"":0,""draws"":0,""winPercentage"":0,""eventsEntered"":0,""titles"":0,""finals"":0,""prizeMoney"":0,""points"":0}",,,,,,,,,,,,,,110,,false,false,false,,71,18,14,0,0,0,0,0,7,4,3,0,0,4,0,estimated from season exits versus eligible schedule | 4 eligible events not entered,Amateur,normal,,,false,false,false,false,0,0,0,,0,false,,qTour,amateur,,,true,true,
2046/47,wp-noah-bennett-h,Noah Bennett H,25,IRL,Amateur,Q School,false,false,false,,0,0,,Amateur,112,112,,112,,,30,30,29,,112,,52,55,54,47,52,61,42,0,21,0,0,0,,0,,,,,,,0,0,0,0,0,0,0,0,0,"{""matches"":0,""wins"":0,""losses"":0,""draws"":0,""winPercentage"":0,""eventsEntered"":0,""titles"":0,""finals"":0,""prizeMoney"":0,""points"":0}",,,,,,,,,,,,,,112,,false,false,false,,71,18,3,0,0,0,0,0,0,3,0,0,0,15,8,estimated from season exits versus eligible schedule | 15 eligible events not entered,Q School,normal,,,false,false,false,false,0,0,0,,0,false,,qTour,qSchool,,,true,true,
2046/47,wp-noah-bennett-n,Noah Bennett N,17,AUS,Youth,Amateur,false,false,false,,0,0,,Amateur,,,,,,,,,,,,,50,58,52,44,50,59,42,0,18,0,0,0,,0,,,,,,,0,20,0,0,0,0,0,0,0,"{""matches"":0,""wins"":0,""losses"":0,""draws"":0,""winPercentage"":0,""eventsEntered"":0,""titles"":0,""finals"":0,""prizeMoney"":0,""points"":0}",,,,,,,,,,,,,,,,false,false,false,,71,37,14,0,0,0,0,0,7,4,0,3,0,23,0,estimated from season exits versus eligible schedule | 23 eligible events not entered,Youth,normal,,,false,false,false,false,0,0,0,,0,false,,youth,youth,,,true,true,
2046/47,wp-noah-bennett-o,Noah Bennett O,17,AUS,Youth,Amateur,false,false,false,,0,0,,Amateur,,,,,,,,,,,,,50,58,52,44,50,59,42,0,18,0,0,0,,0,,,,,,,0,7,0,0,0,0,0,0,0,"{""matches"":0,""wins"":0,""losses"":0,""draws"":0,""winPercentage"":0,""eventsEntered"":0,""titles"":0,""finals"":0,""prizeMoney"":0,""points"":0}",,,,,,,,,,,,,,,,false,false,false,,71,37,14,0,0,0,0,0,7,4,0,3,0,23,0,estimated from season exits versus eligible schedule | 23 eligible events not entered,Youth,normal,,,false,false,false,false,0,0,0,,0,false,,youth,youth,,,true,true,
2046/47,wp-noah-bennett-p,Noah Bennett P,14,AUS,Youth,Amateur,false,false,false,,0,0,,Amateur,,,,,,,,,,,,,50,60,52,44,50,59,42,0,18,,,,,,,,,,,,,,0,0,0,0,0,0,0,"{""matches"":0,""wins"":0,""losses"":0,""draws"":0,""winPercentage"":0,""eventsEntered"":0,""titles"":0,""finals"":0,""prizeMoney"":0,""points"":0}",,,,,,,,,,,,,,,,,false,false,,71,37,14,0,0,0,0,0,7,4,0,3,0,23,0,estimated from season exits versus eligible schedule | 23 eligible events not entered,Youth,normal,,,false,false,false,false,0,0,0,,0,false,,youth,youth,,,true,true,
2046/47,wp-noah-veldt,Noah Veldt,53,NED,Veteran,Senior Tour / Legend Circuit,false,false,false,,0,0,,Amateur,,,,,,,,,,9,,,64,70,62,60,54,65,27,25,39,0,0,0,,0,,,,,,,0,16,0,0,0,0,0,0,0,"{""matches"":0,""wins"":0,""losses"":0,""draws"":0,""winPercentage"":0,""eventsEntered"":0,""titles"":0,""finals"":0,""prizeMoney"":0,""points"":0}",,,,,,,,,,,,,,11,,false,false,false,,71,6,6,0,0,0,0,0,0,0,0,0,6,0,0,,Senior/Legend,normal,,,false,false,false,false,0,0,0,,0,false,,senior,senior,,,true,true,
2046/47,wp-oliver-crane,Oliver Crane,54,ENG,Veteran,Senior Tour / Legend Circuit,false,false,false,,0,0,,Amateur,,,,,,,,,,7,,,64,70,62,60,54,65,26,26,39,0,0,0,,0,,,,,,,0,18,0,0,0,0,0,0,0,"{""matches"":0,""wins"":0,""losses"":0,""draws"":0,""winPercentage"":0,""eventsEntered"":0,""titles"":0,""finals"":0,""prizeMoney"":0,""points"":0}",,,,,,,,,,,,,,12,,false,false,false,,71,6,6,0,0,0,0,0,0,0,0,0,6,0,0,,Senior/Legend,normal,,,false,false,false,false,0,0,0,,0,false,,senior,senior,,,true,true,
2046/47,wp-oliver-dawes,Oliver Dawes,48,ENG,Veteran,Amateur,false,false,false,,0,0,,Amateur,,,,,,,,,,,,,53,54,52,47,45,57,32,17,23,0,0,0,,0,,,,,,,0,0,0,0,0,0,0,0,0,"{""matches"":0,""wins"":0,""losses"":0,""draws"":0,""winPercentage"":0,""eventsEntered"":0,""titles"":0,""finals"":0,""prizeMoney"":0,""points"":0}",,,,,,,,,,,,,,103,,false,false,false,,71,20,14,0,0,0,0,0,7,4,3,0,0,6,0,estimated from season exits versus eligible schedule | 6 eligible events not entered,Amateur,normal,,,false,false,false,false,0,0,0,,0,false,,amateur,amateur,,,true,true,
2046/47,wp-oliver-holt,Oliver Holt,43,ENG,Veteran,Amateur,false,false,false,,0,0,,Amateur,,,,,,,,,,,,,60,64,60,56,55,67,37,9,33,0,0,0,,0,,,,,,,0,0,0,0,0,0,0,0,0,"{""matches"":0,""wins"":0,""losses"":0,""draws"":0,""winPercentage"":0,""eventsEntered"":0,""titles"":0,""finals"":0,""prizeMoney"":0,""points"":0}",,,,,,,,,,,,,,44,,false,false,false,,71,18,14,0,0,0,0,0,7,4,3,0,0,4,0,estimated from season exits versus eligible schedule | 4 eligible events not entered,Amateur,normal,,,false,false,false,false,0,0,0,,0,false,,amateur,amateur,,,true,true,
2046/47,wp-oliver-keane,Oliver Keane,46,ENG,Veteran,Amateur,false,false,false,,0,0,,Amateur,,,,,,,,,,,,,54,56,54,49,47,59,34,14,24,0,0,0,,0,,,,,,,0,0,0,0,0,0,0,0,0,"{""matches"":0,""wins"":0,""losses"":0,""draws"":0,""winPercentage"":0,""eventsEntered"":0,""titles"":0,""finals"":0,""prizeMoney"":0,""points"":0}",,,,,,,,,,,,,,92,,false,false,false,,71,20,14,0,0,0,0,0,7,4,3,0,0,6,0,estimated from season exits versus eligible schedule | 6 eligible events not entered,Amateur,normal,,,false,false,false,false,0,0,0,,0,false,,amateur,amateur,,,true,true,
2046/47,wp-oliver-mercer,Oliver Mercer,42,ENG,Veteran,Amateur,false,false,false,,0,0,,Amateur,,,,,,,,,,,,,56,59,56,51,51,63,38,7,27,0,0,0,,0,,,,,,,0,0,0,0,0,0,0,0,0,"{""matches"":0,""wins"":0,""losses"":0,""draws"":0,""winPercentage"":0,""eventsEntered"":0,""titles"":0,""finals"":0,""prizeMoney"":0,""points"":0}",,,,,,,,,,,,,,76,,false,false,false,,71,18,14,0,0,0,0,0,7,4,3,0,0,4,0,estimated from season exits versus eligible schedule | 4 eligible events not entered,Amateur,normal,,,false,false,false,false,0,0,0,,0,false,,amateur,amateur,,,true,true,
2046/47,wp-oliver-nash,Oliver Nash,42,ENG,Veteran,Amateur,false,false,false,,0,0,,Amateur,,,,,,,,,,,,,53,54,53,48,48,60,38,7,22,0,0,0,,0,,,,,,,0,0,0,0,0,0,0,0,0,"{""matches"":0,""wins"":0,""losses"":0,""draws"":0,""winPercentage"":0,""eventsEntered"":0,""titles"":0,""finals"":0,""prizeMoney"":0,""points"":0}",,,,,,,,,,,,,,107,,false,false,false,,71,18,14,0,0,0,0,0,7,4,3,0,0,4,0,estimated from season exits versus eligible schedule | 4 eligible events not entered,Amateur,normal,,,false,false,false,false,0,0,0,,0,false,,amateur,amateur,,,true,true,
2046/47,wp-oliver-sloan,Oliver Sloan,47,ENG,Veteran,Amateur,false,false,false,,0,0,,Amateur,,,,,,,,,,,,,58,61,57,53,51,63,33,15,30,0,0,0,,0,,,,,,,0,0,0,0,0,0,0,0,0,"{""matches"":0,""wins"":0,""losses"":0,""draws"":0,""winPercentage"":0,""eventsEntered"":0,""titles"":0,""finals"":0,""prizeMoney"":0,""points"":0}",,,,,,,,,,,,,,60,,false,false,false,,71,20,14,0,0,0,0,0,7,4,3,0,0,6,0,estimated from season exits versus eligible schedule | 6 eligible events not entered,Amateur,normal,,,false,false,false,false,0,0,0,,0,false,,senior,amateur,,,true,true,
2046/47,wp-oliver-zhou,Oliver Zhou,54,ENG,Veteran,Senior Tour / Legend Circuit,false,false,false,,0,0,,Amateur,,,,,,,,,,15,,,62,67,60,58,52,63,26,26,36,0,0,0,,0,,,,,,,0,10,0,0,0,0,0,0,0,"{""matches"":0,""wins"":0,""losses"":0,""draws"":0,""winPercentage"":0,""eventsEntered"":0,""titles"":0,""finals"":0,""prizeMoney"":0,""points"":0}",,,,,,,,,,,,,,28,,false,false,false,,71,6,6,0,0,0,0,0,0,0,0,0,6,0,0,,Senior/Legend,normal,,,false,false,false,false,0,0,0,,0,false,,senior,senior,,,true,true,
2046/47,wp-oscar-crane,Oscar Crane,52,ENG,Veteran,Senior Tour / Legend Circuit,false,false,false,,0,0,,Amateur,,,,,,,,,,16,,,62,67,60,58,52,64,28,23,37,0,0,0,,0,,,,,,,0,9,0,0,0,0,0,0,0,"{""matches"":0,""wins"":0,""losses"":0,""draws"":0,""winPercentage"":0,""eventsEntered"":0,""titles"":0,""finals"":0,""prizeMoney"":0,""points"":0}",,,,,,,,,,,,,,24,,false,false,false,,71,6,6,0,0,0,0,0,0,0,0,0,6,0,0,,Senior/Legend,normal,,,false,false,false,false,0,0,0,,0,false,,senior,senior,,,true,true,
2046/47,wp-oscar-holt,Oscar Holt,49,ENG,Veteran,Amateur,false,false,false,,0,0,,Amateur,,,,,,,,,,,,,59,63,58,54,51,62,31,19,31,0,0,0,,0,,,,,,,0,0,0,0,0,0,0,0,0,"{""matches"":0,""wins"":0,""losses"":0,""draws"":0,""winPercentage"":0,""eventsEntered"":0,""titles"":0,""finals"":0,""prizeMoney"":0,""points"":0}",,,,,,,,,,,,,,56,,false,false,false,,71,20,14,0,0,0,0,0,7,4,3,0,0,6,0,estimated from season exits versus eligible schedule | 6 eligible events not entered,Amateur,normal,,,false,false,false,false,0,0,0,,0,false,,senior,amateur,,,true,true,
2046/47,wp-oscar-keane,Oscar Keane,43,ENG,Veteran,Amateur,false,false,false,,0,0,,Amateur,,,,,,,,,,,,,53,54,53,48,48,60,37,9,22,0,0,0,,0,,,,,,,0,0,0,0,0,0,0,0,0,"{""matches"":0,""wins"":0,""losses"":0,""draws"":0,""winPercentage"":0,""eventsEntered"":0,""titles"":0,""finals"":0,""prizeMoney"":0,""points"":0}",,,,,,,,,,,,,,104,,false,false,false,,71,18,14,0,0,0,0,0,7,4,3,0,0,4,0,estimated from season exits versus eligible schedule | 4 eligible events not entered,Amateur,normal,,,false,false,false,false,0,0,0,,0,false,,amateur,amateur,,,true,true,
2046/47,wp-oscar-mercer,Oscar Mercer,45,ENG,Veteran,Amateur,false,false,false,,0,0,,Amateur,,,,,,,,,,,,,55,57,55,50,49,61,35,12,25,0,0,0,,0,,,,,,,0,0,0,0,0,0,0,0,0,"{""matches"":0,""wins"":0,""losses"":0,""draws"":0,""winPercentage"":0,""eventsEntered"":0,""titles"":0,""finals"":0,""prizeMoney"":0,""points"":0}",,,,,,,,,,,,,,88,,false,false,false,,71,20,14,0,0,0,0,0,7,4,3,0,0,6,0,estimated from season exits versus eligible schedule | 6 eligible events not entered,Amateur,normal,,,false,false,false,false,0,0,0,,0,false,,amateur,amateur,,,true,true,
2046/47,wp-oscar-nash,Oscar Nash,45,ENG,Veteran,Amateur,false,false,false,,0,0,,Amateur,,,,,,,,,,,,,52,53,52,46,46,58,35,12,21,0,0,0,,0,,,,,,,0,0,0,0,0,0,0,0,0,"{""matches"":0,""wins"":0,""losses"":0,""draws"":0,""winPercentage"":0,""eventsEntered"":0,""titles"":0,""finals"":0,""prizeMoney"":0,""points"":0}",,,,,,,,,,,,,,114,,false,false,false,,71,20,14,0,0,0,0,0,7,4,3,0,0,6,0,estimated from season exits versus eligible schedule | 6 eligible events not entered,Amateur,normal,,,false,false,false,false,0,0,0,,0,false,,amateur,amateur,,,true,true,
2046/47,wp-oscar-sloan,Oscar Sloan,48,ENG,Veteran,Amateur,false,false,false,,0,0,,Amateur,,,,,,,,,,,,,57,60,56,52,49,61,32,17,28,0,0,0,,0,,,,,,,0,0,0,0,0,0,0,0,0,"{""matches"":0,""wins"":0,""losses"":0,""draws"":0,""winPercentage"":0,""eventsEntered"":0,""titles"":0,""finals"":0,""prizeMoney"":0,""points"":0}",,,,,,,,,,,,,,72,,false,false,false,,71,20,14,0,0,0,0,0,7,4,3,0,0,6,0,estimated from season exits versus eligible schedule | 6 eligible events not entered,Amateur,normal,,,false,false,false,false,0,0,0,,0,false,,amateur,amateur,,,true,true,
2046/47,wp-oscar-zhou,Oscar Zhou,51,ENG,Veteran,Senior Tour / Legend Circuit,false,false,false,,0,0,,Amateur,,,,,,,,,,24,,,61,65,60,57,52,63,29,22,34,0,0,0,,0,,,,,,,0,1,0,0,0,0,0,0,0,"{""matches"":0,""wins"":0,""losses"":0,""draws"":0,""winPercentage"":0,""eventsEntered"":0,""titles"":0,""finals"":0,""prizeMoney"":0,""points"":0}",,,,,,,,,,,,,,40,,false,false,false,,71,6,6,0,0,0,0,0,0,0,0,0,6,0,0,,Senior/Legend,normal,,,false,false,false,false,0,0,0,,0,false,,senior,senior,,,true,true,
2046/47,wp-qualifier-16,Qualifier 16,50,INT,Veteran,Amateur,false,false,false,,0,0,,Amateur,,,,,,,,,,,,,59,60,58,55,50,65,43,19,30,0,0,0,,0,,,,,,,0,0,26,5,21,19.230769230769234,5,0,0,"{""matches"":26,""wins"":5,""losses"":21,""draws"":0,""winPercentage"":19.230769230769234,""eventsEntered"":0,""titles"":5,""finals"":0,""prizeMoney"":0,""points"":0}",,,,,,,,,,,,,,116,,false,false,false,,71,20,14,0,0,0,0,0,7,4,3,0,0,6,0,estimated from season exits versus eligible schedule | 6 eligible events not entered,Amateur,normal,,,false,false,false,false,0,0,0,,0,false,,amateur,amateur,,,true,true,
2046/47,wp-qualifier-8,Qualifier 8,38,INT,Amateur,Amateur,false,false,false,,0,0,,Amateur,,,,,,,55,,,,,,68,69,69,66,65,84,71,0,24,0,0,0,,0,,,,,,,0,9,3,2,1,66.66666666666666,2,0,0,"{""matches"":3,""wins"":2,""losses"":1,""draws"":0,""winPercentage"":66.66666666666666,""eventsEntered"":0,""titles"":2,""finals"":0,""prizeMoney"":0,""points"":0}",,,,,,,,,,,,,,115,,false,false,false,,71,18,14,0,0,0,0,0,7,4,3,0,0,4,0,estimated from season exits versus eligible schedule | 4 eligible events not entered,Amateur,normal,,,false,false,false,false,0,0,0,,0,false,,amateur,amateur,,,true,true,
2046/47,wp-rhys-mercer,Rhys Mercer,48,ENG,Veteran,Amateur,false,false,false,,0,0,,Amateur,,,,,,,,,,,,,65,71,64,62,57,69,32,17,40,0,0,0,,0,,,,,,,0,0,0,0,0,0,0,0,0,"{""matches"":0,""wins"":0,""losses"":0,""draws"":0,""winPercentage"":0,""eventsEntered"":0,""titles"":0,""finals"":0,""prizeMoney"":0,""points"":0}",,,,,,,,,,,,,,6,,false,false,false,,71,20,14,0,0,0,0,0,7,4,3,0,0,6,0,estimated from season exits versus eligible schedule | 6 eligible events not entered,Amateur,normal,,,false,false,false,false,0,0,0,,0,false,,senior,amateur,,,true,true,
2046/47,wp-rory-flint,Rory Flint,49,ENG,Veteran,Amateur,false,false,false,,0,0,,Amateur,,,,,,,,,,,,,64,70,63,61,56,67,31,19,40,0,0,0,,0,,,,,,,0,0,0,0,0,0,0,0,0,"{""matches"":0,""wins"":0,""losses"":0,""draws"":0,""winPercentage"":0,""eventsEntered"":0,""titles"":0,""finals"":0,""prizeMoney"":0,""points"":0}",,,,,,,,,,,,,,8,,false,false,false,,71,20,14,0,0,0,0,0,7,4,3,0,0,6,0,estimated from season exits versus eligible schedule | 6 eligible events not entered,Amateur,normal,,,false,false,false,false,0,0,0,,0,false,,senior,amateur,,,true,true,
2046/47,wp-rory-vale,Rory Vale,34,ENG,Amateur,Q School,false,false,false,,0,0,,Amateur,,,,,,,19,21,21,,,,51,52,53,46,50,60,42,0,20,0,0,0,,0,,,,,,,0,17,0,0,0,0,0,0,0,"{""matches"":0,""wins"":0,""losses"":0,""draws"":0,""winPercentage"":0,""eventsEntered"":0,""titles"":0,""finals"":0,""prizeMoney"":0,""points"":0}",,,,,,,,,,,,,,116,,false,false,false,,71,18,3,0,0,0,0,0,0,3,0,0,0,15,8,estimated from season exits versus eligible schedule | 15 eligible events not entered,Q School,normal,,,false,false,false,false,0,0,0,,0,false,,qSchool,qSchool,,,true,true,
2046/47,wp-rory-vale-a,Rory Vale A,34,ENG,Amateur,Q School,false,false,false,,0,0,,Amateur,,,,,,,20,22,22,,,,52,53,54,47,51,61,42,0,20,0,0,0,,0,,,,,,,0,16,1,0,1,0,0,0,0,"{""matches"":1,""wins"":0,""losses"":1,""draws"":0,""winPercentage"":0,""eventsEntered"":0,""titles"":0,""finals"":0,""prizeMoney"":0,""points"":0}",,,,,,,,,,,,,,115,,false,false,false,,71,18,3,0,0,0,0,0,0,3,0,0,0,15,8,estimated from season exits versus eligible schedule | 15 eligible events not entered,Q School,normal,,,false,false,false,false,0,0,0,,0,false,,qSchool,qSchool,,,true,true,
2046/47,wp-rory-vale-b,Rory Vale B,34,ENG,Amateur,Q School,false,false,false,,0,0,,Amateur,,,,,,,21,24,24,,,,51,52,53,46,50,60,42,0,20,0,0,0,,0,,,,,,,0,15,0,0,0,0,0,0,0,"{""matches"":0,""wins"":0,""losses"":0,""draws"":0,""winPercentage"":0,""eventsEntered"":0,""titles"":0,""finals"":0,""prizeMoney"":0,""points"":0}",,,,,,,,,,,,,,116,,false,false,false,,71,18,3,0,0,0,0,0,0,3,0,0,0,15,8,estimated from season exits versus eligible schedule | 15 eligible events not entered,Q School,normal,,,false,false,false,false,0,0,0,,0,false,,qSchool,qSchool,,,true,true,
2046/47,wp-rory-vale-c,Rory Vale C,30,BEL,Amateur,Amateur,false,false,false,,0,0,,Amateur,116,116,,116,,,51,,,,116,,51,52,53,46,51,60,42,0,20,0,0,0,,0,,,,,,,0,0,0,0,0,0,0,0,0,"{""matches"":0,""wins"":0,""losses"":0,""draws"":0,""winPercentage"":0,""eventsEntered"":0,""titles"":0,""finals"":0,""prizeMoney"":0,""points"":0}",,,,,,,,,,,,,,116,,false,false,false,,71,18,14,0,0,0,0,0,7,4,3,0,0,4,0,estimated from season exits versus eligible schedule | 4 eligible events not entered,Amateur,normal,,,false,false,false,false,0,0,0,,0,false,,amateur,amateur,,,true,true,
2046/47,wp-rory-vale-f,Rory Vale F,28,THA,Amateur,Amateur,false,false,false,,0,0,,Amateur,118,118,,118,,,45,,,,118,,51,52,53,46,51,60,42,0,20,0,0,0,,0,,,,,,,0,0,0,0,0,0,0,0,0,"{""matches"":0,""wins"":0,""losses"":0,""draws"":0,""winPercentage"":0,""eventsEntered"":0,""titles"":0,""finals"":0,""prizeMoney"":0,""points"":0}",,,,,,,,,,,,,,118,,false,false,false,,71,18,14,0,0,0,0,0,7,4,3,0,0,4,0,estimated from season exits versus eligible schedule | 4 eligible events not entered,Amateur,normal,,,false,false,false,false,0,0,0,,0,false,,qTour,amateur,,,true,true,
2046/47,wp-rory-vale-g,Rory Vale G,25,THA,Amateur,Q School,false,false,false,,0,0,,Amateur,119,119,,119,,,31,31,30,,119,,51,54,53,46,51,60,42,0,20,0,0,0,,0,,,,,,,0,0,0,0,0,0,0,0,0,"{""matches"":0,""wins"":0,""losses"":0,""draws"":0,""winPercentage"":0,""eventsEntered"":0,""titles"":0,""finals"":0,""prizeMoney"":0,""points"":0}",,,,,,,,,,,,,,119,,false,false,false,,71,18,3,0,0,0,0,0,0,3,0,0,0,15,8,estimated from season exits versus eligible schedule | 15 eligible events not entered,Q School,normal,,,false,false,false,false,0,0,0,,0,false,,qTour,qSchool,,,true,true,
2046/47,wp-rory-vale-h,Rory Vale H,25,THA,Amateur,Q School,false,false,false,,0,0,,Amateur,120,120,,120,,,32,32,31,,120,,51,54,53,46,51,60,42,0,19,0,0,0,,0,,,,,,,0,0,0,0,0,0,0,0,0,"{""matches"":0,""wins"":0,""losses"":0,""draws"":0,""winPercentage"":0,""eventsEntered"":0,""titles"":0,""finals"":0,""prizeMoney"":0,""points"":0}",,,,,,,,,,,,,,120,,false,false,false,,71,18,3,0,0,0,0,0,0,3,0,0,0,15,8,estimated from season exits versus eligible schedule | 15 eligible events not entered,Q School,normal,,,false,false,false,false,0,0,0,,0,false,,qTour,qSchool,,,true,true,
2046/47,wp-rory-vale-i,Rory Vale I,25,THA,Amateur,Q School,false,false,false,,0,0,,Amateur,121,121,,121,,,33,,32,,121,,51,53,53,46,51,60,42,0,19,0,0,0,,0,,,,,,,0,0,0,0,0,0,0,0,0,"{""matches"":0,""wins"":0,""losses"":0,""draws"":0,""winPercentage"":0,""eventsEntered"":0,""titles"":0,""finals"":0,""prizeMoney"":0,""points"":0}",,,,,,,,,,,,,,121,,false,false,false,,71,18,3,0,0,0,0,0,0,3,0,0,0,15,8,estimated from season exits versus eligible schedule | 15 eligible events not entered,Q School,normal,,,false,false,false,false,0,0,0,,0,false,,qTour,qSchool,,,true,true,
2046/47,wp-rory-vale-n,Rory Vale N,17,ENG,Youth,Amateur,false,false,false,,0,0,,Amateur,,,,,,,,,,,,,50,58,52,44,50,59,42,0,18,0,0,0,,0,,,,,,,0,27,0,0,0,0,0,0,0,"{""matches"":0,""wins"":0,""losses"":0,""draws"":0,""winPercentage"":0,""eventsEntered"":0,""titles"":0,""finals"":0,""prizeMoney"":0,""points"":0}",,,,,,,,,,,,,,,,false,false,false,,71,37,14,0,0,0,0,0,7,4,0,3,0,23,0,estimated from season exits versus eligible schedule | 23 eligible events not entered,Youth,normal,,,false,false,false,false,0,0,0,,0,false,,youth,youth,,,true,true,
2046/47,wp-rory-vale-o,Rory Vale O,17,ENG,Youth,Amateur,false,false,false,,0,0,,Amateur,,,,,,,,,,,,,50,58,52,44,50,59,42,0,18,0,0,0,,0,,,,,,,0,19,0,0,0,0,0,0,0,"{""matches"":0,""wins"":0,""losses"":0,""draws"":0,""winPercentage"":0,""eventsEntered"":0,""titles"":0,""finals"":0,""prizeMoney"":0,""points"":0}",,,,,,,,,,,,,,,,false,false,false,,71,37,14,0,0,0,0,0,7,4,0,3,0,23,0,estimated from season exits versus eligible schedule | 23 eligible events not entered,Youth,normal,,,false,false,false,false,0,0,0,,0,false,,youth,youth,,,true,true,
2046/47,wp-theo-crane,Theo Crane,45,GER,Veteran,Amateur,false,false,false,,0,0,,Amateur,,,,,,,,,,,,,86,91,86,87,80,99,76,9,40,0,0,0,,0,,,,,,,0,0,1,1,0,100,1,0,0,"{""matches"":1,""wins"":1,""losses"":0,""draws"":0,""winPercentage"":100,""eventsEntered"":0,""titles"":1,""finals"":0,""prizeMoney"":0,""points"":0}",,,,,,,,,,,,,,19,,false,false,false,,71,20,14,0,0,0,0,0,7,4,3,0,0,6,0,estimated from season exits versus eligible schedule | 6 eligible events not entered,Amateur,normal,,,false,false,false,false,0,0,0,,0,false,,senior,amateur,,,true,true,
2046/47,wp-theo-holt,Theo Holt,43,GER,Veteran,Amateur,false,false,false,,0,0,,Amateur,,,,,,,,,,,,,59,63,59,55,54,66,37,9,32,0,0,0,,0,,,,,,,0,0,0,0,0,0,0,0,0,"{""matches"":0,""wins"":0,""losses"":0,""draws"":0,""winPercentage"":0,""eventsEntered"":0,""titles"":0,""finals"":0,""prizeMoney"":0,""points"":0}",,,,,,,,,,,,,,51,,false,false,false,,71,18,14,0,0,0,0,0,7,4,3,0,0,4,0,estimated from season exits versus eligible schedule | 4 eligible events not entered,Amateur,normal,,,false,false,false,false,0,0,0,,0,false,,amateur,amateur,,,true,true,
2046/47,wp-theo-keane,Theo Keane,41,GER,Veteran,Amateur,false,false,false,,0,0,,Amateur,,,,,,,,,,,,,53,54,54,48,49,61,39,6,23,0,0,0,,0,,,,,,,0,0,0,0,0,0,0,0,0,"{""matches"":0,""wins"":0,""losses"":0,""draws"":0,""winPercentage"":0,""eventsEntered"":0,""titles"":0,""finals"":0,""prizeMoney"":0,""points"":0}",,,,,,,,,,,,,,99,,false,false,false,,71,18,14,0,0,0,0,0,7,4,3,0,0,4,0,estimated from season exits versus eligible schedule | 4 eligible events not entered,Amateur,normal,,,false,false,false,false,0,0,0,,0,false,,amateur,amateur,,,true,true,
2046/47,wp-theo-mercer,Theo Mercer,49,GER,Veteran,Amateur,false,false,false,,0,0,,Amateur,,,,,,,,,,,,,55,57,54,50,47,58,31,19,26,0,0,0,,0,,,,,,,0,0,0,0,0,0,0,0,0,"{""matches"":0,""wins"":0,""losses"":0,""draws"":0,""winPercentage"":0,""eventsEntered"":0,""titles"":0,""finals"":0,""prizeMoney"":0,""points"":0}",,,,,,,,,,,,,,83,,false,false,false,,71,20,14,0,0,0,0,0,7,4,3,0,0,6,0,estimated from season exits versus eligible schedule | 6 eligible events not entered,Amateur,normal,,,false,false,false,false,0,0,0,,0,false,,amateur,amateur,,,true,true,
2046/47,wp-theo-nash,Theo Nash,47,GER,Veteran,Amateur,false,false,false,,0,0,,Amateur,,,,,,,,,,,,,52,53,51,46,45,57,33,15,20,0,0,0,,0,,,,,,,0,0,0,0,0,0,0,0,0,"{""matches"":0,""wins"":0,""losses"":0,""draws"":0,""winPercentage"":0,""eventsEntered"":0,""titles"":0,""finals"":0,""prizeMoney"":0,""points"":0}",,,,,,,,,,,,,,115,,false,false,false,,71,20,14,0,0,0,0,0,7,4,3,0,0,6,0,estimated from season exits versus eligible schedule | 6 eligible events not entered,Amateur,normal,,,false,false,false,false,0,0,0,,0,false,,amateur,amateur,,,true,true,
2046/47,wp-theo-sloan,Theo Sloan,52,GER,Veteran,Senior Tour / Legend Circuit,false,false,false,,0,0,,Amateur,,,,,,,,,,22,,,57,60,55,52,47,59,28,23,29,0,0,0,,0,,,,,,,0,3,0,0,0,0,0,0,0,"{""matches"":0,""wins"":0,""losses"":0,""draws"":0,""winPercentage"":0,""eventsEntered"":0,""titles"":0,""finals"":0,""prizeMoney"":0,""points"":0}",,,,,,,,,,,,,,67,,false,false,false,,71,6,6,0,0,0,0,0,0,0,0,0,6,0,0,,Senior/Legend,normal,,,false,false,false,false,0,0,0,,0,false,,amateur,senior,,,true,true,
2046/47,wp-theo-zhou,Theo Zhou,54,GER,Veteran,Senior Tour / Legend Circuit,false,false,false,,0,0,,Amateur,,,,,,,,,,17,,,61,66,59,56,51,62,26,26,35,0,0,0,,0,,,,,,,0,8,0,0,0,0,0,0,0,"{""matches"":0,""wins"":0,""losses"":0,""draws"":0,""winPercentage"":0,""eventsEntered"":0,""titles"":0,""finals"":0,""prizeMoney"":0,""points"":0}",,,,,,,,,,,,,,35,,false,false,false,,71,6,6,0,0,0,0,0,0,0,0,0,6,0,0,,Senior/Legend,normal,,,false,false,false,false,0,0,0,,0,false,,senior,senior,,,true,true,
2046/47,wp-toby-hale,Toby Hale,36,SCO,Amateur,Amateur,false,false,false,,0,0,,Amateur,,,,,,,62,,,,,,51,51,53,46,49,60,42,0,19,0,0,0,,0,,,,,,,0,1,0,0,0,0,0,0,0,"{""matches"":0,""wins"":0,""losses"":0,""draws"":0,""winPercentage"":0,""eventsEntered"":0,""titles"":0,""finals"":0,""prizeMoney"":0,""points"":0}",,,,,,,,,,,,,,121,,false,false,false,,71,18,14,0,0,0,0,0,7,4,3,0,0,4,0,estimated from season exits versus eligible schedule | 4 eligible events not entered,Amateur,normal,,,false,false,false,false,0,0,0,,0,false,,amateur,amateur,,,true,true,
2046/47,wp-toby-hale-f,Toby Hale F,27,ENG,Amateur,Amateur,false,false,false,,0,0,,Amateur,126,126,,126,,,40,,,,126,,50,51,52,45,50,59,42,0,19,0,0,0,,0,,,,,,,0,0,0,0,0,0,0,0,0,"{""matches"":0,""wins"":0,""losses"":0,""draws"":0,""winPercentage"":0,""eventsEntered"":0,""titles"":0,""finals"":0,""prizeMoney"":0,""points"":0}",,,,,,,,,,,,,,124,,false,false,false,,71,18,14,0,0,0,0,0,7,4,3,0,0,4,0,estimated from season exits versus eligible schedule | 4 eligible events not entered,Amateur,normal,,,false,false,false,false,0,0,0,,0,false,,qTour,amateur,,,true,true,
2046/47,wp-toby-hale-g,Toby Hale G,27,ENG,Amateur,Amateur,false,false,false,,0,0,,Amateur,127,127,,127,,,41,,,,127,,50,51,52,45,50,59,42,0,19,0,0,0,,0,,,,,,,0,0,0,0,0,0,0,0,0,"{""matches"":0,""wins"":0,""losses"":0,""draws"":0,""winPercentage"":0,""eventsEntered"":0,""titles"":0,""finals"":0,""prizeMoney"":0,""points"":0}",,,,,,,,,,,,,,125,,false,false,false,,71,18,14,0,0,0,0,0,7,4,3,0,0,4,0,estimated from season exits versus eligible schedule | 4 eligible events not entered,Amateur,normal,,,false,false,false,false,0,0,0,,0,false,,qTour,amateur,,,true,true,
2046/47,wp-toby-hale-m,Toby Hale M,17,BEL,Youth,Amateur,false,false,false,,0,0,,Amateur,,,,,,,,,,,,,50,58,52,44,50,59,42,0,18,0,0,0,,0,,,,,,,0,26,0,0,0,0,0,0,0,"{""matches"":0,""wins"":0,""losses"":0,""draws"":0,""winPercentage"":0,""eventsEntered"":0,""titles"":0,""finals"":0,""prizeMoney"":0,""points"":0}",,,,,,,,,,,,,,,,false,false,false,,71,37,14,0,0,0,0,0,7,4,0,3,0,23,0,estimated from season exits versus eligible schedule | 23 eligible events not entered,Youth,normal,,,false,false,false,false,0,0,0,,0,false,,youth,youth,,,true,true,
2046/47,wp-toby-hale-n,Toby Hale N,17,BEL,Youth,Amateur,false,false,false,,0,0,,Amateur,,,,,,,,,,,,,50,58,52,44,50,59,42,0,18,0,0,0,,0,,,,,,,0,18,0,0,0,0,0,0,0,"{""matches"":0,""wins"":0,""losses"":0,""draws"":0,""winPercentage"":0,""eventsEntered"":0,""titles"":0,""finals"":0,""prizeMoney"":0,""points"":0}",,,,,,,,,,,,,,,,false,false,false,,71,37,14,0,0,0,0,0,7,4,0,3,0,23,0,estimated from season exits versus eligible schedule | 23 eligible events not entered,Youth,normal,,,false,false,false,false,0,0,0,,0,false,,youth,youth,,,true,true,
2046/47,wp-toby-hale-o,Toby Hale O,17,BEL,Youth,Amateur,false,false,false,,0,0,,Amateur,,,,,,,,,,,,,50,58,52,44,50,59,42,0,18,0,0,0,,0,,,,,,,0,6,0,0,0,0,0,0,0,"{""matches"":0,""wins"":0,""losses"":0,""draws"":0,""winPercentage"":0,""eventsEntered"":0,""titles"":0,""finals"":0,""prizeMoney"":0,""points"":0}",,,,,,,,,,,,,,,,false,false,false,,71,37,14,0,0,0,0,0,7,4,0,3,0,23,0,estimated from season exits versus eligible schedule | 23 eligible events not entered,Youth,normal,,,false,false,false,false,0,0,0,,0,false,,youth,youth,,,true,true,
2046/47,wp-toby-hale-p,Toby Hale P,14,BEL,Youth,Amateur,false,false,false,,0,0,,Amateur,,,,,,,,,,,,,50,60,52,44,50,59,42,0,18,,,,,,,,,,,,,,0,0,0,0,0,0,0,"{""matches"":0,""wins"":0,""losses"":0,""draws"":0,""winPercentage"":0,""eventsEntered"":0,""titles"":0,""finals"":0,""prizeMoney"":0,""points"":0}",,,,,,,,,,,,,,,,,false,false,,71,37,14,0,0,0,0,0,7,4,0,3,0,23,0,estimated from season exits versus eligible schedule | 23 eligible events not entered,Youth,normal,,,false,false,false,false,0,0,0,,0,false,,youth,youth,,,true,true,
2046/47,wp-tomas-bell,Tomas Bell,51,IRE,Veteran,Senior Tour / Legend Circuit,false,false,false,,0,0,,Amateur,,,,,,,,,,13,,,65,71,64,61,56,67,29,22,40,0,0,0,,0,,,,,,,0,12,0,0,0,0,0,0,0,"{""matches"":0,""wins"":0,""losses"":0,""draws"":0,""winPercentage"":0,""eventsEntered"":0,""titles"":0,""finals"":0,""prizeMoney"":0,""points"":0}",,,,,,,,,,,,,,5,,false,false,false,,71,6,6,0,0,0,0,0,0,0,0,0,6,0,0,,Senior/Legend,normal,,,false,false,false,false,0,0,0,,0,false,,senior,senior,,,true,true,
