season,playerId,name,age,nationality,careerPhase,competitiveStatus,isHumanPlayer,isOnMainTour,isTourCardHolder,tourCardSource,tourCardYear,yearsRemaining,expiresAfterSeason,tourSurvivalStatus,seasonOpenWorldRank,seasonCloseWorldRank,normalizedWorldRank,rawWorldRankBeforeCap,worldRank,oneYearRank,amateurRank,qTourRank,qSchoolRank,seniorRank,previousWorldRank,rankChange,overall,potential,technicalAverage,mentalAverage,physicalAverage,effectiveMatchStrength,confidence,fatigue,reputation,seasonMatches,seasonWins,seasonLosses,seasonWinPercentage,seasonTitles,seasonMajorTitles,seasonWorldChampionshipEntries,seasonBestWorldChampionshipFinish,seasonMajorQuarterFinals,seasonMajorSemiFinals,seasonMajorFinals,seasonPrizeMoney,seasonRankingPoints,careerMatches,careerWins,careerLosses,careerWinPercentage,careerTitles,careerMajorTitles,careerPrizeMoney,totalRecord,youthRecord,amateurRecord,qTourRecord,qSchoolRecord,proQualifierRecord,rankingEventRecord,majorRecord,worldQualifyingRecord,worldMainDrawRecord,playersSeriesRecord,invitationalRecord,seniorRecord,exhibitionRecord,bestWorldRank,bestWorldChampionshipFinish,worldChampionshipMainDrawEligible,worldChampionshipMainDrawEntered,worldChampionshipQualifyingEntered,reasonSkippedWorldMainDraw,availableEventsCount,eligibleEventsCount,enteredEventsCount,rankingEventsEntered,qualifierEventsEntered,majorEventsEntered,invitationalsEntered,playersSeriesEntered,qTourEventsEntered,qSchoolEventsEntered,amateurEventsEntered,youthEventsEntered,seniorEventsEntered,skippedEligibleEventsCount,skippedCoreEventsCount,skippedReasonSummary,eventAccessBand,eventVolumeBandStatus,eventVolumeWarnings,calendarValidationWarnings,tourCardValidAtSeasonOpen,tourCardValidAtSeasonClose,lifecycleCorrectionApplied,rankCapApplied,recentSeasonWins,twoYearWins,twoYearPrizeMoney,majorFinalsLastTwoYears,titlesLastTwoYears,rankingDecayApplied,stalledReason,expectedCircuit,actualCircuit,warningFlags,invalidStateReasons,validTourStatus,validEventAccess,invalidAccessReason
2039/40,human-elliot-vance,Elliot Vance,28,England,Established,Major Contender,true,true,true,Ranking Retained,0,0,,Top 16,1,1,1,1,1,32,1,,,,1,0,80,92,84,68,79,99,99,0,100,23,17,6,73.91304347826086,1,1,1,Final,2,1,0,1578600,5257,320,222,98,69.375,8,2,11579013,"{""matches"":320,""wins"":222,""losses"":98,""draws"":0,""winPercentage"":69.375,""eventsEntered"":128,""titles"":8,""finals"":17,""prizeMoney"":11579013,""points"":35473}","{""matches"":93,""wins"":62,""losses"":31,""draws"":0,""winPercentage"":66.66666666666666,""eventsEntered"":33,""titles"":2,""finals"":6,""prizeMoney"":13853,""points"":709}","{""matches"":4,""wins"":2,""losses"":2,""draws"":0,""winPercentage"":50,""eventsEntered"":2,""titles"":0,""finals"":0,""prizeMoney"":820,""points"":35}","{""matches"":6,""wins"":3,""losses"":3,""draws"":0,""winPercentage"":50,""eventsEntered"":3,""titles"":0,""finals"":0,""prizeMoney"":4900,""points"":121}","{""matches"":5,""wins"":4,""losses"":1,""draws"":0,""winPercentage"":80,""eventsEntered"":1,""titles"":0,""finals"":0,""prizeMoney"":40,""points"":6}","{""matches"":3,""wins"":2,""losses"":1,""draws"":0,""winPercentage"":0,""eventsEntered"":7,""titles"":0,""finals"":0,""prizeMoney"":9400,""points"":146}","{""matches"":105,""wins"":80,""losses"":25,""draws"":0,""winPercentage"":76.19047619047619,""eventsEntered"":34,""titles"":3,""finals"":3,""prizeMoney"":2229000,""points"":11240}","{""matches"":50,""wins"":37,""losses"":13,""draws"":0,""winPercentage"":74,""eventsEntered"":16,""titles"":2,""finals"":4,""prizeMoney"":2171000,""points"":9420}","{""matches"":0,""wins"":0,""losses"":0,""draws"":0,""winPercentage"":0,""eventsEntered"":8,""titles"":0,""finals"":0,""prizeMoney"":0,""points"":0}","{""matches"":29,""wins"":21,""losses"":8,""draws"":0,""winPercentage"":72.41379310344827,""eventsEntered"":8,""titles"":0,""finals"":2,""prizeMoney"":6025000,""points"":13680}","{""matches"":0,""wins"":0,""losses"":0,""draws"":0,""winPercentage"":0,""eventsEntered"":1,""titles"":0,""finals"":0,""prizeMoney"":0,""points"":0}","{""matches"":25,""wins"":11,""losses"":14,""draws"":0,""winPercentage"":44,""eventsEntered"":15,""titles"":1,""finals"":2,""prizeMoney"":1125000,""points"":116}","{""matches"":0,""wins"":0,""losses"":0,""draws"":0,""winPercentage"":0,""eventsEntered"":0,""titles"":0,""finals"":0,""prizeMoney"":0,""points"":0}","{""matches"":0,""wins"":0,""losses"":0,""draws"":0,""winPercentage"":0,""eventsEntered"":0,""titles"":0,""finals"":0,""prizeMoney"":0,""points"":0}",1,Final,true,true,false,,71,21,8,3,1,3,4,0,0,0,0,0,0,13,13,13 eligible events not entered,Top 16,too low,,,true,true,false,false,17,30,2188500,0,2,false,,mainTour,mainTour,,,true,true,
2039/40,wp-aaron-zhou,Aaron Zhou,45,BEL,Veteran,Top 16 Elite Player,false,true,true,Ranking Retained,0,0,,Top 16,4,2,2,2,2,7,,,,,4,2,93,93,93,96,86,99,61,16,65,2,1,1,50,1,,,,,,,650000,1656,10,6,4,60,6,0,2184000,"{""matches"":10,""wins"":6,""losses"":4,""draws"":0,""winPercentage"":60,""eventsEntered"":0,""titles"":6,""finals"":0,""prizeMoney"":2184000,""points"":0}",,,,,,,,,,,,,,2,,true,true,false,,71,21,15,9,0,6,6,3,0,0,0,0,0,6,6,estimated from season exits versus eligible schedule | 6 eligible events not entered,Top 16,normal,,,true,true,false,false,1,1,695000,,1,false,,mainTour,mainTour,,,true,true,
2039/40,wp-cian-crane,Cian Crane,42,WAL,Veteran,Top 16 Elite Player,false,true,true,Ranking Retained,0,0,,Top 16,2,3,3,3,3,18,,,,,2,-1,89,89,89,91,84,99,61,6,59,0,0,0,,0,,,,,,,0,0,11,5,6,45.45454545454545,5,0,1531900,"{""matches"":11,""wins"":5,""losses"":6,""draws"":0,""winPercentage"":45.45454545454545,""eventsEntered"":0,""titles"":5,""finals"":0,""prizeMoney"":1531900,""points"":0}",,,,,,,,,,,,,,2,,true,true,false,,71,21,15,9,0,6,6,3,0,0,0,0,0,6,6,estimated from season exits versus eligible schedule | 6 eligible events not entered,Top 16,normal,,,true,true,false,false,0,0,81000,,0,false,,mainTour,mainTour,top16-low-overall-no-results;top4-low-wins-no-results,,true,true,
2039/40,wp-arlo-dawes-b,Arlo Dawes B,25,BEL,Established,Top 16 Elite Player,false,true,true,Ranking Retained,0,0,,Top 16,3,4,4,4,4,11,,,,,3,-1,93,95,95,97,93,99,73,0,58,0,0,0,,0,,,,,,,0,0,6,4,2,66.66666666666666,4,0,1624500,"{""matches"":6,""wins"":4,""losses"":2,""draws"":0,""winPercentage"":66.66666666666666,""eventsEntered"":0,""titles"":4,""finals"":0,""prizeMoney"":1624500,""points"":0}",,,,,,,,,,,,,,2,,true,true,false,,71,21,15,9,0,6,6,3,0,0,0,0,0,6,6,estimated from season exits versus eligible schedule | 6 eligible events not entered,Top 16,normal,,,true,true,false,false,0,0,0,,0,false,,mainTour,mainTour,top16-low-overall-no-results;top4-low-wins-no-results,,true,true,
2039/40,wp-aiden-pike,Aiden Pike,45,ENG,Veteran,Top 16 Elite Player,false,true,true,Ranking Retained,0,0,,Top 16,5,5,5,5,5,8,,,,,5,0,94,94,94,97,88,99,69,9,55,0,0,0,,0,,,,,,,0,0,7,5,2,71.42857142857143,5,0,761000,"{""matches"":7,""wins"":5,""losses"":2,""draws"":0,""winPercentage"":71.42857142857143,""eventsEntered"":0,""titles"":5,""finals"":0,""prizeMoney"":761000,""points"":0}",,,,,,,,,,,,,,4,,true,true,false,,71,21,15,9,0,6,6,3,0,0,0,0,0,6,6,estimated from season exits versus eligible schedule | 6 eligible events not entered,Top 16,normal,,,true,true,false,false,0,0,0,,0,false,,mainTour,mainTour,top16-low-overall-no-results,,true,true,
2039/40,wp-arlo-dawes,Arlo Dawes,28,BEL,Established,Top 16 Elite Player,false,true,true,Ranking Retained,0,0,,Top 16,8,6,6,6,6,9,,,,,8,2,86,86,88,88,86,99,66,1,51,2,1,1,50,1,,,,,,,109000,548,10,4,6,40,4,0,485400,"{""matches"":10,""wins"":4,""losses"":6,""draws"":0,""winPercentage"":40,""eventsEntered"":0,""titles"":4,""finals"":0,""prizeMoney"":485400,""points"":0}",,,,,,,,,,,,,,6,,true,true,false,,71,21,15,9,0,6,6,3,0,0,0,0,0,6,6,estimated from season exits versus eligible schedule | 6 eligible events not entered,Top 16,normal,,,true,true,false,false,1,1,109000,,1,false,,mainTour,mainTour,,,true,true,
2039/40,wp-aaron-keane,Aaron Keane,41,BEL,Veteran,Top 16 Elite Player,false,true,true,Ranking Retained,0,0,,Top 16,12,7,7,7,7,3,,,,,12,5,88,88,89,89,83,99,62,10,50,2,1,1,50,1,,,,,,,181200,882,6,3,3,50,3,0,656200,"{""matches"":6,""wins"":3,""losses"":3,""draws"":0,""winPercentage"":50,""eventsEntered"":0,""titles"":3,""finals"":0,""prizeMoney"":656200,""points"":0}",,,,,,,,,,,,,,3,,true,true,false,,71,21,15,9,0,6,6,3,0,0,0,0,0,6,6,estimated from season exits versus eligible schedule | 6 eligible events not entered,Top 16,normal,,,true,true,false,false,1,1,181200,,1,false,,mainTour,mainTour,,,true,true,
2039/40,wp-aaron-nash,Aaron Nash,59,BEL,Veteran,Top 16 Elite Player,false,true,true,Ranking Retained,0,0,,Top 16,6,8,8,8,8,5,,,,,6,-2,82,82,79,79,69,81,24,37,49,1,0,1,0,0,,,,,,,125000,240,11,3,8,27.27272727272727,3,0,460700,"{""matches"":11,""wins"":3,""losses"":8,""draws"":0,""winPercentage"":27.27272727272727,""eventsEntered"":0,""titles"":3,""finals"":0,""prizeMoney"":460700,""points"":0}",,,,,,,,,,,,,,5,,true,true,false,,71,21,15,9,0,6,6,3,0,0,0,0,0,6,6,estimated from season exits versus eligible schedule | 6 eligible events not entered,Top 16,normal,,,true,true,false,false,0,1,217500,,1,false,,mainTour,mainTour,,,true,true,
2039/40,wp-arlo-dawes-a,Arlo Dawes A,28,BEL,Established,Top 16 Elite Player,false,true,true,Ranking Retained,0,0,,Top 16,7,9,9,9,9,10,,,,,7,-2,83,83,85,82,83,93,45,0,49,1,0,1,0,0,,,,,,,32500,129,10,3,7,30,3,0,491500,"{""matches"":10,""wins"":3,""losses"":7,""draws"":0,""winPercentage"":30,""eventsEntered"":0,""titles"":3,""finals"":0,""prizeMoney"":491500,""points"":0}",,,,,,,,,,,,,,2,,true,true,false,,71,21,15,9,0,6,6,3,0,0,0,0,0,6,6,estimated from season exits versus eligible schedule | 6 eligible events not entered,Top 16,normal,,,true,true,false,false,0,0,62500,,0,false,,mainTour,mainTour,top16-low-overall-no-results,,true,true,
2039/40,wp-aaron-sloan,Aaron Sloan,42,BEL,Veteran,Top 16 Elite Player,false,true,true,Ranking Retained,0,0,,Top 16,9,10,10,10,10,6,,,,,9,-1,82,82,82,81,77,89,41,10,48,1,0,1,0,0,,,,,,,19000,87,12,3,9,25,3,0,423300,"{""matches"":12,""wins"":3,""losses"":9,""draws"":0,""winPercentage"":25,""eventsEntered"":0,""titles"":3,""finals"":0,""prizeMoney"":423300,""points"":0}",,,,,,,,,,,,,,5,,true,true,false,,71,21,15,9,0,6,6,3,0,0,0,0,0,6,6,estimated from season exits versus eligible schedule | 6 eligible events not entered,Top 16,normal,,,true,true,false,false,0,1,219000,,1,false,,mainTour,mainTour,,,true,true,
2039/40,wp-aaron-crane,Aaron Crane,43,BEL,Veteran,Top 16 Elite Player,false,true,true,Ranking Retained,0,0,,Top 16,10,11,11,11,11,1,,,,,10,-1,88,89,88,89,83,99,60,7,49,0,0,0,,0,,,,,,,0,0,6,3,3,50,3,0,412000,"{""matches"":6,""wins"":3,""losses"":3,""draws"":0,""winPercentage"":50,""eventsEntered"":0,""titles"":3,""finals"":0,""prizeMoney"":412000,""points"":0}",,,,,,,,,,,,,,1,,true,true,false,,71,21,15,9,0,6,6,3,0,0,0,0,0,6,6,estimated from season exits versus eligible schedule | 6 eligible events not entered,Top 16,normal,,,true,true,false,false,0,0,0,,0,false,,mainTour,mainTour,top16-low-overall-no-results,,true,true,
2039/40,wp-cian-holt,Cian Holt,40,WAL,Veteran,Top 16 Elite Player,false,true,true,Ranking Retained,0,0,,Top 16,14,12,12,12,12,19,,,,,14,2,82,82,83,81,78,90,43,10,47,2,0,2,0,0,,,,,,,60000,174,11,3,8,27.27272727272727,3,0,244400,"{""matches"":11,""wins"":3,""losses"":8,""draws"":0,""winPercentage"":27.27272727272727,""eventsEntered"":0,""titles"":3,""finals"":0,""prizeMoney"":244400,""points"":0}",,,,,,,,,,,,,,8,,true,true,false,,71,21,15,9,0,6,6,3,0,0,0,0,0,6,6,estimated from season exits versus eligible schedule | 6 eligible events not entered,Top 16,normal,,,true,true,false,false,0,0,70000,,0,false,,mainTour,mainTour,top16-low-overall-no-results,,true,true,
2039/40,wp-callum-reeve,Callum Reeve,48,ENG,Veteran,Top 16 Elite Player,false,true,true,Ranking Retained,0,0,,Top 16,11,14,13,14,13,17,,,,,11,-2,86,87,85,86,79,95,52,15,48,0,0,0,,0,,,,,,,0,0,7,3,4,42.857142857142854,3,0,180800,"{""matches"":7,""wins"":3,""losses"":4,""draws"":0,""winPercentage"":42.857142857142854,""eventsEntered"":0,""titles"":3,""finals"":0,""prizeMoney"":180800,""points"":0}",,,,,,,,,,,,,,3,,true,true,false,,71,20,15,9,0,5,6,2,0,0,0,0,0,5,5,estimated from season exits versus eligible schedule | 5 eligible events not entered,Top 16,normal,,,true,true,false,false,0,1,30400,,1,false,,mainTour,mainTour,,,true,true,
2039/40,wp-aaron-mercer,Aaron Mercer,33,BEL,Established,Top 16 Elite Player,false,true,true,Ranking Retained,0,0,,Top 16,16,13,14,13,14,4,,,,,16,2,83,84,85,82,82,93,45,2,47,2,0,2,0,0,,,,,,,20600,109,9,3,6,33.33333333333333,3,0,189600,"{""matches"":9,""wins"":3,""losses"":6,""draws"":0,""winPercentage"":33.33333333333333,""eventsEntered"":0,""titles"":3,""finals"":0,""prizeMoney"":189600,""points"":0}",,,,,,,,,,,,,,4,,true,true,false,,71,20,15,9,0,5,6,2,0,0,0,0,0,5,5,estimated from season exits versus eligible schedule | 5 eligible events not entered,Top 16,normal,,,true,true,false,true,0,0,20600,,0,true,,mainTour,mainTour,,,true,true,
2039/40,wp-arlo-dawes-c,Arlo Dawes C,25,BEL,Established,Top 16 Elite Player,false,true,true,Ranking Retained,0,0,,Top 16,15,15,15,15,15,12,,,,,15,0,89,91,91,93,89,99,87,0,50,1,1,0,100,1,,,,,,,5600,84,9,5,4,55.55555555555556,5,0,168800,"{""matches"":9,""wins"":5,""losses"":4,""draws"":0,""winPercentage"":55.55555555555556,""eventsEntered"":0,""titles"":5,""finals"":0,""prizeMoney"":168800,""points"":0}",,,,,,,,,,,,,,10,,true,true,false,,71,20,15,9,0,5,6,2,0,0,0,0,0,5,5,estimated from season exits versus eligible schedule | 5 eligible events not entered,Top 16,normal,,,true,true,false,false,1,2,11200,,2,false,,mainTour,mainTour,,,true,true,
2039/40,wp-aaron-holt,Aaron Holt,47,BEL,Veteran,Top 16 Elite Player,false,true,true,Ranking Retained,0,0,,Top 16,13,16,16,16,16,2,,,,,13,-3,84,85,83,82,77,89,36,18,48,1,0,1,0,0,,,,,,,12000,60,8,3,5,37.5,3,0,155000,"{""matches"":8,""wins"":3,""losses"":5,""draws"":0,""winPercentage"":37.5,""eventsEntered"":0,""titles"":3,""finals"":0,""prizeMoney"":155000,""points"":0}",,,,,,,,,,,,,,2,,true,true,false,,71,20,15,9,0,5,6,2,0,0,0,0,0,5,5,estimated from season exits versus eligible schedule | 5 eligible events not entered,Top 16,normal,,,true,true,false,false,0,0,33000,,0,false,,mainTour,mainTour,top16-low-overall-no-results,,true,true,
2039/40,wp-arlo-dawes-d,Arlo Dawes D,25,BEL,Established,Top 32 Professional,false,true,true,Ranking Retained,0,0,,Top 32,17,17,17,17,17,13,,,,,17,0,72,74,74,69,72,81,42,0,38,0,0,0,,0,,,,,,,0,0,0,0,0,0,0,0,0,"{""matches"":0,""wins"":0,""losses"":0,""draws"":0,""winPercentage"":0,""eventsEntered"":0,""titles"":0,""finals"":0,""prizeMoney"":0,""points"":0}",,,,,,,,,,,,,,17,,false,false,true,,71,22,13,8,2,1,3,1,0,0,0,0,0,9,9,estimated from season exits versus eligible schedule | 9 eligible events not entered,Top 32,normal,,,true,true,false,false,0,0,0,,0,false,,mainTour,mainTour,,,true,true,
2039/40,wp-arlo-dawes-e,Arlo Dawes E,23,THA,Rookie,Top 32 Professional,false,true,true,Ranking Retained,0,0,,Top 32,18,18,18,18,18,14,,,,,18,0,72,76,74,69,72,81,42,0,38,0,0,0,,0,,,,,,,0,0,0,0,0,0,0,0,0,"{""matches"":0,""wins"":0,""losses"":0,""draws"":0,""winPercentage"":0,""eventsEntered"":0,""titles"":0,""finals"":0,""prizeMoney"":0,""points"":0}",,,,,,,,,,,,,,18,,false,false,true,,71,22,13,8,2,1,3,1,0,0,0,0,0,9,9,estimated from season exits versus eligible schedule | 9 eligible events not entered,Top 32,normal,,,true,true,false,false,0,0,0,,0,false,,mainTour,mainTour,,,true,true,
2039/40,wp-arlo-dawes-f,Arlo Dawes F,20,THA,Rookie,Top 32 Professional,false,true,true,Ranking Retained,0,0,,Top 32,19,19,19,19,19,15,,,,,19,0,72,78,74,69,72,81,42,0,38,0,0,0,,0,,,,,,,0,0,0,0,0,0,0,0,0,"{""matches"":0,""wins"":0,""losses"":0,""draws"":0,""winPercentage"":0,""eventsEntered"":0,""titles"":0,""finals"":0,""prizeMoney"":0,""points"":0}",,,,,,,,,,,,,,19,,false,false,true,,71,22,13,8,2,1,3,1,0,0,0,0,0,9,9,estimated from season exits versus eligible schedule | 9 eligible events not entered,Top 32,normal,,,true,true,false,false,0,0,0,,0,false,,mainTour,mainTour,,,true,true,
2039/40,wp-arlo-dawes-g,Arlo Dawes G,20,THA,Rookie,Top 32 Professional,false,true,true,Ranking Retained,0,0,,Top 32,20,20,20,20,20,16,,,,,20,0,72,78,74,69,72,81,42,0,37,0,0,0,,0,,,,,,,0,0,0,0,0,0,0,0,0,"{""matches"":0,""wins"":0,""losses"":0,""draws"":0,""winPercentage"":0,""eventsEntered"":0,""titles"":0,""finals"":0,""prizeMoney"":0,""points"":0}",,,,,,,,,,,,,,20,,false,false,true,,71,22,13,8,2,1,3,1,0,0,0,0,0,9,9,estimated from season exits versus eligible schedule | 9 eligible events not entered,Top 32,normal,,,true,true,false,false,0,0,0,,0,false,,mainTour,mainTour,,,true,true,
2039/40,wp-cian-keane,Cian Keane,35,WAL,Established,Top 32 Professional,false,true,true,Ranking Retained,0,0,,Top 32,21,21,21,21,21,20,,,,,21,0,84,84,86,84,82,98,63,0,41,0,0,0,,0,,,,,,,0,0,2,1,1,50,1,0,0,"{""matches"":2,""wins"":1,""losses"":1,""draws"":0,""winPercentage"":50,""eventsEntered"":0,""titles"":1,""finals"":0,""prizeMoney"":0,""points"":0}",,,,,,,,,,,,,,12,,false,false,true,,71,22,13,8,2,1,3,1,0,0,0,0,0,9,9,estimated from season exits versus eligible schedule | 9 eligible events not entered,Top 32,normal,,,true,true,false,false,0,0,0,,0,false,,mainTour,mainTour,,,true,true,
2039/40,wp-cian-mercer,Cian Mercer,41,WAL,Veteran,Top 32 Professional,false,true,true,Ranking Retained,0,0,,Top 32,22,22,22,22,22,21,,,,,22,0,72,72,73,69,68,80,39,6,39,0,0,0,,0,,,,,,,0,0,1,0,1,0,0,0,0,"{""matches"":1,""wins"":0,""losses"":1,""draws"":0,""winPercentage"":0,""eventsEntered"":0,""titles"":0,""finals"":0,""prizeMoney"":0,""points"":0}",,,,,,,,,,,,,,13,,false,false,true,,71,22,13,8,2,1,3,1,0,0,0,0,0,9,9,estimated from season exits versus eligible schedule | 9 eligible events not entered,Top 32,normal,,,true,true,false,false,0,0,0,,0,false,,mainTour,mainTour,,,true,true,
2039/40,wp-cian-nash,Cian Nash,35,WAL,Established,Top 32 Professional,false,true,true,Ranking Retained,0,0,,Top 32,23,23,23,23,23,22,,,,,23,0,80,80,82,79,78,92,56,0,41,0,0,0,,0,,,,,,,0,0,3,1,2,33.33333333333333,1,0,0,"{""matches"":3,""wins"":1,""losses"":2,""draws"":0,""winPercentage"":33.33333333333333,""eventsEntered"":0,""titles"":1,""finals"":0,""prizeMoney"":0,""points"":0}",,,,,,,,,,,,,,14,,false,false,true,,71,22,13,8,2,1,3,1,0,0,0,0,0,9,9,estimated from season exits versus eligible schedule | 9 eligible events not entered,Top 32,normal,,,true,true,false,false,0,0,0,,0,false,,mainTour,mainTour,,,true,true,
2039/40,wp-cian-sloan,Cian Sloan,36,WAL,Established,Top 32 Professional,false,true,true,Ranking Retained,0,0,,Top 32,24,24,24,24,24,23,,,,,24,0,72,72,74,69,70,81,42,0,38,0,0,0,,0,,,,,,,0,0,2,0,2,0,0,0,0,"{""matches"":2,""wins"":0,""losses"":2,""draws"":0,""winPercentage"":0,""eventsEntered"":0,""titles"":0,""finals"":0,""prizeMoney"":0,""points"":0}",,,,,,,,,,,,,,15,,false,false,true,,71,22,13,8,2,1,3,1,0,0,0,0,0,9,9,estimated from season exits versus eligible schedule | 9 eligible events not entered,Top 32,normal,,,true,true,false,false,0,0,0,,0,false,,mainTour,mainTour,,,true,true,
2039/40,wp-cian-zhou,Cian Zhou,59,WAL,Veteran,Top 32 Professional,false,true,true,Ranking Retained,0,0,,Top 32,25,25,25,25,25,24,,,,,25,0,72,72,69,67,59,71,21,34,38,0,0,0,,0,,,,,,,0,0,0,0,0,0,0,0,0,"{""matches"":0,""wins"":0,""losses"":0,""draws"":0,""winPercentage"":0,""eventsEntered"":0,""titles"":0,""finals"":0,""prizeMoney"":0,""points"":0}",,,,,,,,,,,,,,16,,false,false,true,,71,22,13,8,2,1,3,1,0,0,0,0,0,9,9,estimated from season exits versus eligible schedule | 9 eligible events not entered,Top 32,normal,,,true,true,false,false,0,0,0,,0,false,,mainTour,mainTour,,,true,true,
2039/40,wp-daniel-crane,Daniel Crane,67,AUS,Veteran,Top 32 Professional,false,true,true,Ranking Retained,0,0,,Top 32,26,26,26,26,26,25,,,,,26,0,71,71,66,66,54,65,13,47,38,0,0,0,,0,,,,,,,0,0,0,0,0,0,0,0,0,"{""matches"":0,""wins"":0,""losses"":0,""draws"":0,""winPercentage"":0,""eventsEntered"":0,""titles"":0,""finals"":0,""prizeMoney"":0,""points"":0}",,,,,,,,,,,,,,17,,false,false,true,,71,22,13,8,2,1,3,1,0,0,0,0,0,9,9,estimated from season exits versus eligible schedule | 9 eligible events not entered,Top 32,normal,,,true,true,false,false,0,0,0,,0,false,,mainTour,mainTour,,,true,true,
2039/40,wp-daniel-holt,Daniel Holt,42,AUS,Veteran,Top 32 Professional,false,true,true,Ranking Retained,0,0,,Top 32,27,27,27,27,27,26,,,,,27,0,71,71,71,68,66,78,38,7,38,0,0,0,,0,,,,,,,0,0,0,0,0,0,0,0,0,"{""matches"":0,""wins"":0,""losses"":0,""draws"":0,""winPercentage"":0,""eventsEntered"":0,""titles"":0,""finals"":0,""prizeMoney"":0,""points"":0}",,,,,,,,,,,,,,18,,false,false,true,,71,22,13,8,2,1,3,1,0,0,0,0,0,9,9,estimated from season exits versus eligible schedule | 9 eligible events not entered,Top 32,normal,,,true,true,false,false,0,0,0,,0,false,,mainTour,mainTour,,,true,true,
2039/40,wp-daniel-keane,Daniel Keane,35,AUS,Established,Top 32 Professional,false,true,true,Ranking Retained,0,0,,Top 32,28,28,28,28,28,27,,,,,28,0,71,71,73,68,69,80,42,0,38,0,0,0,,0,,,,,,,0,0,0,0,0,0,0,0,0,"{""matches"":0,""wins"":0,""losses"":0,""draws"":0,""winPercentage"":0,""eventsEntered"":0,""titles"":0,""finals"":0,""prizeMoney"":0,""points"":0}",,,,,,,,,,,,,,19,,false,false,true,,71,22,13,8,2,1,3,1,0,0,0,0,0,9,9,estimated from season exits versus eligible schedule | 9 eligible events not entered,Top 32,normal,,,true,true,false,false,0,0,0,,0,false,,mainTour,mainTour,,,true,true,
2039/40,wp-daniel-mercer,Daniel Mercer,41,AUS,Veteran,Top 32 Professional,false,true,true,Ranking Retained,0,0,,Top 32,29,29,29,29,29,28,,,,,29,0,71,71,72,68,67,79,39,6,37,0,0,0,,0,,,,,,,0,0,0,0,0,0,0,0,0,"{""matches"":0,""wins"":0,""losses"":0,""draws"":0,""winPercentage"":0,""eventsEntered"":0,""titles"":0,""finals"":0,""prizeMoney"":0,""points"":0}",,,,,,,,,,,,,,20,,false,false,true,,71,22,13,8,2,1,3,1,0,0,0,0,0,9,9,estimated from season exits versus eligible schedule | 9 eligible events not entered,Top 32,normal,,,true,true,false,false,0,0,0,,0,false,,mainTour,mainTour,,,true,true,
2039/40,wp-daniel-nash,Daniel Nash,35,AUS,Established,Top 32 Professional,false,true,true,Ranking Retained,0,0,,Top 32,30,30,30,30,30,29,,,,,30,0,71,71,73,68,69,80,42,0,37,0,0,0,,0,,,,,,,0,0,0,0,0,0,0,0,0,"{""matches"":0,""wins"":0,""losses"":0,""draws"":0,""winPercentage"":0,""eventsEntered"":0,""titles"":0,""finals"":0,""prizeMoney"":0,""points"":0}",,,,,,,,,,,,,,21,,false,false,true,,71,22,13,8,2,1,3,1,0,0,0,0,0,9,9,estimated from season exits versus eligible schedule | 9 eligible events not entered,Top 32,normal,,,true,true,false,false,0,0,0,,0,false,,mainTour,mainTour,,,true,true,
2039/40,wp-daniel-sloan,Daniel Sloan,36,AUS,Established,Top 32 Professional,false,true,true,Ranking Retained,0,0,,Top 32,31,31,31,31,31,30,,,,,31,0,70,70,72,67,68,79,42,0,37,0,0,0,,0,,,,,,,0,0,0,0,0,0,0,0,0,"{""matches"":0,""wins"":0,""losses"":0,""draws"":0,""winPercentage"":0,""eventsEntered"":0,""titles"":0,""finals"":0,""prizeMoney"":0,""points"":0}",,,,,,,,,,,,,,22,,false,false,true,,71,22,13,8,2,1,3,1,0,0,0,0,0,9,9,estimated from season exits versus eligible schedule | 9 eligible events not entered,Top 32,normal,,,true,true,false,false,0,0,0,,0,false,,mainTour,mainTour,,,true,true,
2039/40,wp-daniel-zhou,Daniel Zhou,40,AUS,Veteran,Top 32 Professional,false,true,true,Ranking Retained,0,0,,Top 32,32,32,32,32,32,31,,,,,32,0,70,70,71,67,66,78,40,4,37,0,0,0,,0,,,,,,,0,0,0,0,0,0,0,0,0,"{""matches"":0,""wins"":0,""losses"":0,""draws"":0,""winPercentage"":0,""eventsEntered"":0,""titles"":0,""finals"":0,""prizeMoney"":0,""points"":0}",,,,,,,,,,,,,,23,,false,false,true,,71,22,13,8,2,1,3,1,0,0,0,0,0,9,9,estimated from season exits versus eligible schedule | 9 eligible events not entered,Top 32,normal,,,true,true,false,false,0,0,0,,0,false,,mainTour,mainTour,,,true,true,
2039/40,wp-ethan-crane,Ethan Crane,68,SCO,Veteran,Tour Survivor / Top 64,false,true,true,Ranking Retained,0,0,,Safe,33,33,33,33,33,33,,,,,33,0,71,72,66,65,54,65,12,49,38,0,0,0,,0,,,,,,,0,0,0,0,0,0,0,0,0,"{""matches"":0,""wins"":0,""losses"":0,""draws"":0,""winPercentage"":0,""eventsEntered"":0,""titles"":0,""finals"":0,""prizeMoney"":0,""points"":0}",,,,,,,,,,,,,,15,,false,false,true,,71,18,11,8,3,1,0,0,0,0,0,0,0,7,7,estimated from season exits versus eligible schedule | 7 eligible events not entered,Top 64,normal,,,true,true,false,false,0,0,0,,0,false,,mainTour,mainTour,,,true,true,
2039/40,wp-ethan-dawes,Ethan Dawes,34,SCO,Established,Tour Survivor / Top 64,false,true,true,Ranking Retained,0,0,,Safe,34,34,34,34,34,34,,,,,34,0,70,70,72,67,69,79,42,0,37,0,0,0,,0,,,,,,,0,0,0,0,0,0,0,0,0,"{""matches"":0,""wins"":0,""losses"":0,""draws"":0,""winPercentage"":0,""eventsEntered"":0,""titles"":0,""finals"":0,""prizeMoney"":0,""points"":0}",,,,,,,,,,,,,,25,,false,false,true,,71,18,11,8,3,1,0,0,0,0,0,0,0,7,7,estimated from season exits versus eligible schedule | 7 eligible events not entered,Top 64,normal,,,true,true,false,false,0,0,0,,0,false,,mainTour,mainTour,,,true,true,
2039/40,wp-ethan-holt,Ethan Holt,45,SCO,Veteran,Tour Survivor / Top 64,false,true,true,Ranking Retained,0,0,,Safe,35,35,35,35,35,35,,,,,35,0,70,70,70,66,64,76,35,12,36,0,0,0,,0,,,,,,,0,0,0,0,0,0,0,0,0,"{""matches"":0,""wins"":0,""losses"":0,""draws"":0,""winPercentage"":0,""eventsEntered"":0,""titles"":0,""finals"":0,""prizeMoney"":0,""points"":0}",,,,,,,,,,,,,,26,,false,false,true,,71,18,11,8,3,1,0,0,0,0,0,0,0,7,7,estimated from season exits versus eligible schedule | 7 eligible events not entered,Top 64,normal,,,true,true,false,false,0,0,0,,0,false,,mainTour,mainTour,,,true,true,
2039/40,wp-ethan-keane,Ethan Keane,36,SCO,Established,Tour Survivor / Top 64,false,true,true,Ranking Retained,0,0,,Safe,36,36,36,36,36,36,,,,,36,0,69,69,71,66,67,78,42,0,36,0,0,0,,0,,,,,,,0,0,0,0,0,0,0,0,0,"{""matches"":0,""wins"":0,""losses"":0,""draws"":0,""winPercentage"":0,""eventsEntered"":0,""titles"":0,""finals"":0,""prizeMoney"":0,""points"":0}",,,,,,,,,,,,,,27,,false,false,true,,71,18,11,8,3,1,0,0,0,0,0,0,0,7,7,estimated from season exits versus eligible schedule | 7 eligible events not entered,Top 64,normal,,,true,true,false,false,0,0,0,,0,false,,mainTour,mainTour,,,true,true,
2039/40,wp-ethan-mercer,Ethan Mercer,38,SCO,Established,Tour Survivor / Top 64,false,true,true,Ranking Retained,0,0,,Safe,37,37,37,37,37,37,,,,,37,0,69,69,70,66,66,78,42,1,36,0,0,0,,0,,,,,,,0,0,0,0,0,0,0,0,0,"{""matches"":0,""wins"":0,""losses"":0,""draws"":0,""winPercentage"":0,""eventsEntered"":0,""titles"":0,""finals"":0,""prizeMoney"":0,""points"":0}",,,,,,,,,,,,,,28,,false,false,true,,71,18,11,8,3,1,0,0,0,0,0,0,0,7,7,estimated from season exits versus eligible schedule | 7 eligible events not entered,Top 64,normal,,,true,true,false,false,0,0,0,,0,false,,mainTour,mainTour,,,true,true,
2039/40,wp-ethan-nash,Ethan Nash,36,SCO,Established,Tour Survivor / Top 64,false,true,true,Ranking Retained,0,0,,Safe,38,38,38,38,38,38,,,,,38,0,69,69,71,66,67,78,42,0,36,0,0,0,,0,,,,,,,0,0,0,0,0,0,0,0,0,"{""matches"":0,""wins"":0,""losses"":0,""draws"":0,""winPercentage"":0,""eventsEntered"":0,""titles"":0,""finals"":0,""prizeMoney"":0,""points"":0}",,,,,,,,,,,,,,29,,false,false,true,,71,18,11,8,3,1,0,0,0,0,0,0,0,7,7,estimated from season exits versus eligible schedule | 7 eligible events not entered,Top 64,normal,,,true,true,false,false,0,0,0,,0,false,,mainTour,mainTour,,,true,true,
2039/40,wp-ethan-sloan,Ethan Sloan,45,SCO,Veteran,Tour Survivor / Top 64,false,true,true,Ranking Retained,0,0,,Safe,39,39,39,39,39,39,,,,,39,0,69,69,69,65,63,75,35,12,36,0,0,0,,0,,,,,,,0,0,0,0,0,0,0,0,0,"{""matches"":0,""wins"":0,""losses"":0,""draws"":0,""winPercentage"":0,""eventsEntered"":0,""titles"":0,""finals"":0,""prizeMoney"":0,""points"":0}",,,,,,,,,,,,,,30,,false,false,true,,71,18,11,8,3,1,0,0,0,0,0,0,0,7,7,estimated from season exits versus eligible schedule | 7 eligible events not entered,Top 64,normal,,,true,true,false,false,0,0,0,,0,false,,mainTour,mainTour,,,true,true,
2039/40,wp-ethan-zhou,Ethan Zhou,43,SCO,Veteran,Tour Survivor / Top 64,false,true,true,Ranking Retained,0,0,,Safe,40,40,40,40,40,40,,,,,40,0,69,69,69,65,64,76,37,9,35,0,0,0,,0,,,,,,,0,0,0,0,0,0,0,0,0,"{""matches"":0,""wins"":0,""losses"":0,""draws"":0,""winPercentage"":0,""eventsEntered"":0,""titles"":0,""finals"":0,""prizeMoney"":0,""points"":0}",,,,,,,,,,,,,,31,,false,false,true,,71,18,11,8,3,1,0,0,0,0,0,0,0,7,7,estimated from season exits versus eligible schedule | 7 eligible events not entered,Top 64,normal,,,true,true,false,false,0,0,0,,0,false,,mainTour,mainTour,,,true,true,
2039/40,wp-evan-mori,Evan Mori,28,CHN,Established,Tour Survivor / Top 64,false,true,true,Ranking Retained,0,0,,Safe,41,41,41,41,41,41,,,,,41,0,68,68,70,65,68,77,42,0,35,0,0,0,,0,,,,,,,0,0,0,0,0,0,0,0,0,"{""matches"":0,""wins"":0,""losses"":0,""draws"":0,""winPercentage"":0,""eventsEntered"":0,""titles"":0,""finals"":0,""prizeMoney"":0,""points"":0}",,,,,,,,,,,,,,33,,false,false,true,,71,18,11,8,3,1,0,0,0,0,0,0,0,7,7,estimated from season exits versus eligible schedule | 7 eligible events not entered,Top 64,normal,,,true,true,false,false,0,0,0,,0,false,,mainTour,mainTour,,,true,true,
2039/40,wp-evan-mori-a,Evan Mori A,28,CHN,Established,Tour Survivor / Top 64,false,true,true,Ranking Retained,0,0,,Safe,42,42,42,42,42,42,,,,,42,0,91,91,93,93,91,99,84,0,39,0,0,0,,0,,,,,,,0,0,2,2,0,100,2,0,0,"{""matches"":2,""wins"":2,""losses"":0,""draws"":0,""winPercentage"":100,""eventsEntered"":0,""titles"":2,""finals"":0,""prizeMoney"":0,""points"":0}",,,,,,,,,,,,,,36,,false,false,true,,71,18,11,8,3,1,0,0,0,0,0,0,0,7,7,estimated from season exits versus eligible schedule | 7 eligible events not entered,Top 64,normal,,,true,true,false,false,0,0,0,,0,false,,mainTour,mainTour,,,true,true,
2039/40,wp-evan-mori-b,Evan Mori B,25,CHN,Established,Tour Survivor / Top 64,false,true,true,Ranking Retained,0,0,,Safe,43,43,43,43,43,43,,,,,43,0,68,70,70,65,68,77,42,0,34,0,0,0,,0,,,,,,,0,0,0,0,0,0,0,0,0,"{""matches"":0,""wins"":0,""losses"":0,""draws"":0,""winPercentage"":0,""eventsEntered"":0,""titles"":0,""finals"":0,""prizeMoney"":0,""points"":0}",,,,,,,,,,,,,,37,,false,false,true,,71,18,11,8,3,1,0,0,0,0,0,0,0,7,7,estimated from season exits versus eligible schedule | 7 eligible events not entered,Top 64,normal,,,true,true,false,false,0,0,0,,0,false,,mainTour,mainTour,,,true,true,
2039/40,wp-evan-mori-c,Evan Mori C,25,CHN,Established,Tour Survivor / Top 64,false,true,true,Ranking Retained,0,0,,Safe,44,44,44,44,44,44,,,,,44,0,90,92,92,91,90,99,83,0,36,0,0,0,,0,,,,,,,0,0,1,1,0,100,1,0,0,"{""matches"":1,""wins"":1,""losses"":0,""draws"":0,""winPercentage"":100,""eventsEntered"":0,""titles"":1,""finals"":0,""prizeMoney"":0,""points"":0}",,,,,,,,,,,,,,39,,false,false,true,,71,18,11,8,3,1,0,0,0,0,0,0,0,7,7,estimated from season exits versus eligible schedule | 7 eligible events not entered,Top 64,normal,,,true,true,false,false,0,0,0,,0,false,,mainTour,mainTour,,,true,true,
2039/40,wp-evan-mori-d,Evan Mori D,25,CHN,Established,Tour Survivor / Top 64,false,true,true,Ranking Retained,0,0,,Safe,45,45,45,45,45,45,,,,,45,0,90,92,92,91,90,99,83,0,35,0,0,0,,0,,,,,,,0,0,1,1,0,100,1,0,0,"{""matches"":1,""wins"":1,""losses"":0,""draws"":0,""winPercentage"":100,""eventsEntered"":0,""titles"":1,""finals"":0,""prizeMoney"":0,""points"":0}",,,,,,,,,,,,,,42,,false,false,true,,71,18,11,8,3,1,0,0,0,0,0,0,0,7,7,estimated from season exits versus eligible schedule | 7 eligible events not entered,Top 64,normal,,,true,true,false,false,0,0,0,,0,false,,mainTour,mainTour,,,true,true,
2039/40,wp-evan-mori-e,Evan Mori E,22,CHN,Rookie,Tour Survivor / Top 64,false,true,true,Ranking Retained,0,0,,Safe,46,46,46,46,46,46,,,,,46,0,67,71,69,64,67,76,42,0,33,0,0,0,,0,,,,,,,0,0,0,0,0,0,0,0,0,"{""matches"":0,""wins"":0,""losses"":0,""draws"":0,""winPercentage"":0,""eventsEntered"":0,""titles"":0,""finals"":0,""prizeMoney"":0,""points"":0}",,,,,,,,,,,,,,43,,false,false,true,,71,18,11,8,3,1,0,0,0,0,0,0,0,7,7,estimated from season exits versus eligible schedule | 7 eligible events not entered,Top 64,normal,,,true,true,false,false,0,0,0,,0,false,,mainTour,mainTour,,,true,true,
2039/40,wp-evan-mori-f,Evan Mori F,19,AUS,Rookie,Tour Survivor / Top 64,false,true,true,Ranking Retained,0,0,,Safe,47,47,47,47,47,47,,,,,47,0,66,72,68,63,66,75,42,0,33,0,0,0,,0,,,,,,,0,0,0,0,0,0,0,0,0,"{""matches"":0,""wins"":0,""losses"":0,""draws"":0,""winPercentage"":0,""eventsEntered"":0,""titles"":0,""finals"":0,""prizeMoney"":0,""points"":0}",,,,,,,,,,,,,,47,,false,false,true,,71,18,11,8,3,1,0,0,0,0,0,0,0,7,7,estimated from season exits versus eligible schedule | 7 eligible events not entered,Top 64,normal,,,true,true,false,false,0,0,0,,0,false,,mainTour,mainTour,,,true,true,
2039/40,wp-evan-mori-g,Evan Mori G,19,AUS,Rookie,Tour Survivor / Top 64,false,true,true,Q School,1,2,2041/42,At Risk,,48,48,48,48,48,,,,,,,56,62,58,50,56,65,42,0,18,0,0,0,,0,,,,,,,0,140,0,0,0,0,0,0,0,"{""matches"":0,""wins"":0,""losses"":0,""draws"":0,""winPercentage"":0,""eventsEntered"":0,""titles"":0,""finals"":0,""prizeMoney"":0,""points"":0}",,,,,,,,,,,,,,,,false,false,true,,71,18,11,8,3,1,0,0,0,0,0,0,0,7,7,estimated from season exits versus eligible schedule | 7 eligible events not entered,Top 64,normal,,,true,true,false,false,0,0,0,,0,false,,mainTour,mainTour,,,true,true,
2039/40,wp-evan-mori-h,Evan Mori H,19,AUS,Rookie,Tour Survivor / Top 64,false,true,true,Q School,1,2,2041/42,At Risk,,49,49,49,49,49,,,,,,,56,62,58,50,56,65,42,0,18,0,0,0,,0,,,,,,,0,125,0,0,0,0,0,0,0,"{""matches"":0,""wins"":0,""losses"":0,""draws"":0,""winPercentage"":0,""eventsEntered"":0,""titles"":0,""finals"":0,""prizeMoney"":0,""points"":0}",,,,,,,,,,,,,,,,false,false,true,,71,18,11,8,3,1,0,0,0,0,0,0,0,7,7,estimated from season exits versus eligible schedule | 7 eligible events not entered,Top 64,normal,,,true,true,false,false,0,0,0,,0,false,,mainTour,mainTour,,,true,true,
2039/40,wp-felix-turner,Felix Turner,34,POL,Established,Tour Survivor / Top 64,false,true,true,Ranking Retained,0,0,,Safe,48,48,50,48,50,50,,,,,48,-2,67,68,69,64,66,76,42,0,34,0,0,0,,0,,,,,,,0,0,0,0,0,0,0,0,0,"{""matches"":0,""wins"":0,""losses"":0,""draws"":0,""winPercentage"":0,""eventsEntered"":0,""titles"":0,""finals"":0,""prizeMoney"":0,""points"":0}",,,,,,,,,,,,,,38,,false,false,true,,71,18,11,8,3,1,0,0,0,0,0,0,0,7,7,estimated from season exits versus eligible schedule | 7 eligible events not entered,Top 64,normal,,,true,true,false,true,0,0,0,,0,true,,mainTour,mainTour,,,true,true,
2039/40,wp-finley-crane,Finley Crane,35,THA,Established,Tour Survivor / Top 64,false,true,true,Ranking Retained,0,0,,Safe,49,49,51,49,51,51,,,,,49,-2,69,70,71,66,67,78,42,0,37,0,0,0,,0,,,,,,,0,0,0,0,0,0,0,0,0,"{""matches"":0,""wins"":0,""losses"":0,""draws"":0,""winPercentage"":0,""eventsEntered"":0,""titles"":0,""finals"":0,""prizeMoney"":0,""points"":0}",,,,,,,,,,,,,,22,,false,false,true,,71,18,11,8,3,1,0,0,0,0,0,0,0,7,7,estimated from season exits versus eligible schedule | 7 eligible events not entered,Top 64,normal,,,true,true,false,true,0,0,0,,0,true,,mainTour,mainTour,,,true,true,
2039/40,wp-finley-holt,Finley Holt,35,THA,Established,Tour Survivor / Top 64,false,true,true,Ranking Retained,0,0,,Safe,50,50,52,50,52,52,,,,,50,-2,67,68,69,64,65,76,42,0,35,0,0,0,,0,,,,,,,0,0,0,0,0,0,0,0,0,"{""matches"":0,""wins"":0,""losses"":0,""draws"":0,""winPercentage"":0,""eventsEntered"":0,""titles"":0,""finals"":0,""prizeMoney"":0,""points"":0}",,,,,,,,,,,,,,33,,false,false,true,,71,18,11,8,3,1,0,0,0,0,0,0,0,7,7,estimated from season exits versus eligible schedule | 7 eligible events not entered,Top 64,normal,,,true,true,false,true,0,0,0,,0,true,,mainTour,mainTour,,,true,true,
2039/40,wp-finley-keane,Finley Keane,39,THA,Established,Tour Survivor / Top 64,false,true,true,Ranking Retained,0,0,,Safe,51,51,53,51,53,53,,,,,51,-2,67,68,68,64,64,75,41,3,35,0,0,0,,0,,,,,,,0,0,0,0,0,0,0,0,0,"{""matches"":0,""wins"":0,""losses"":0,""draws"":0,""winPercentage"":0,""eventsEntered"":0,""titles"":0,""finals"":0,""prizeMoney"":0,""points"":0}",,,,,,,,,,,,,,34,,false,false,true,,71,18,11,8,3,1,0,0,0,0,0,0,0,7,7,estimated from season exits versus eligible schedule | 7 eligible events not entered,Top 64,normal,,,true,true,false,true,0,0,0,,0,true,,mainTour,mainTour,,,true,true,
2039/40,wp-finley-mercer,Finley Mercer,41,THA,Veteran,Tour Survivor / Top 64,false,true,true,Ranking Retained,0,0,,Safe,52,52,54,52,54,54,,,,,52,-2,67,68,68,64,63,75,39,6,35,0,0,0,,0,,,,,,,0,0,0,0,0,0,0,0,0,"{""matches"":0,""wins"":0,""losses"":0,""draws"":0,""winPercentage"":0,""eventsEntered"":0,""titles"":0,""finals"":0,""prizeMoney"":0,""points"":0}",,,,,,,,,,,,,,35,,false,false,true,,71,18,11,8,3,1,0,0,0,0,0,0,0,7,7,estimated from season exits versus eligible schedule | 7 eligible events not entered,Top 64,normal,,,true,true,false,true,0,0,0,,0,true,,mainTour,mainTour,,,true,true,
2039/40,wp-finley-nash,Finley Nash,62,THA,Veteran,Tour Survivor / Top 64,false,true,true,Ranking Retained,0,0,,Safe,53,53,55,53,55,55,,,,,53,-2,67,68,63,62,53,64,18,39,35,0,0,0,,0,,,,,,,0,0,0,0,0,0,0,0,0,"{""matches"":0,""wins"":0,""losses"":0,""draws"":0,""winPercentage"":0,""eventsEntered"":0,""titles"":0,""finals"":0,""prizeMoney"":0,""points"":0}",,,,,,,,,,,,,,36,,false,false,true,,71,18,11,8,3,1,0,0,0,0,0,0,0,7,7,estimated from season exits versus eligible schedule | 7 eligible events not entered,Top 64,normal,,,true,true,false,true,0,0,0,,0,true,,mainTour,mainTour,,,true,true,
2039/40,wp-finley-sloan,Finley Sloan,38,THA,Established,Tour Survivor / Top 64,false,true,true,Ranking Retained,0,0,,Safe,54,54,56,54,56,56,,,,,54,-2,67,68,68,64,64,76,42,1,34,0,0,0,,0,,,,,,,0,0,0,0,0,0,0,0,0,"{""matches"":0,""wins"":0,""losses"":0,""draws"":0,""winPercentage"":0,""eventsEntered"":0,""titles"":0,""finals"":0,""prizeMoney"":0,""points"":0}",,,,,,,,,,,,,,37,,false,false,true,,71,18,11,8,3,1,0,0,0,0,0,0,0,7,7,estimated from season exits versus eligible schedule | 7 eligible events not entered,Top 64,normal,,,true,true,false,true,0,0,0,,0,true,,mainTour,mainTour,,,true,true,
2039/40,wp-finley-zhou,Finley Zhou,46,THA,Veteran,Tour Survivor / Top 64,false,true,true,Ranking Retained,0,0,,Safe,55,55,57,55,57,57,,,,,55,-2,66,67,66,62,59,71,34,14,34,0,0,0,,0,,,,,,,0,0,0,0,0,0,0,0,0,"{""matches"":0,""wins"":0,""losses"":0,""draws"":0,""winPercentage"":0,""eventsEntered"":0,""titles"":0,""finals"":0,""prizeMoney"":0,""points"":0}",,,,,,,,,,,,,,38,,false,false,true,,71,18,11,8,3,1,0,0,0,0,0,0,0,7,7,estimated from season exits versus eligible schedule | 7 eligible events not entered,Top 64,normal,,,true,true,false,true,0,0,0,,0,true,,mainTour,mainTour,,,true,true,
2039/40,wp-finn-cross,Finn Cross,27,SCO,Established,Tour Survivor / Top 64,false,true,true,Ranking Retained,0,0,,Safe,56,56,58,56,58,58,,,,,56,-2,88,89,90,89,88,99,83,0,35,0,0,0,,0,,,,,,,0,0,1,1,0,100,1,0,0,"{""matches"":1,""wins"":1,""losses"":0,""draws"":0,""winPercentage"":100,""eventsEntered"":0,""titles"":1,""finals"":0,""prizeMoney"":0,""points"":0}",,,,,,,,,,,,,,46,,false,false,true,,71,18,11,8,3,1,0,0,0,0,0,0,0,7,7,estimated from season exits versus eligible schedule | 7 eligible events not entered,Top 64,normal,,,true,true,false,true,0,0,0,,0,true,,mainTour,mainTour,,,true,true,
2039/40,wp-finn-cross-a,Finn Cross A,27,SCO,Established,Tour Survivor / Top 64,false,true,true,Ranking Retained,0,0,,Safe,57,57,59,57,59,59,,,,,57,-2,65,66,67,62,65,74,42,0,33,0,0,0,,0,,,,,,,0,0,0,0,0,0,0,0,0,"{""matches"":0,""wins"":0,""losses"":0,""draws"":0,""winPercentage"":0,""eventsEntered"":0,""titles"":0,""finals"":0,""prizeMoney"":0,""points"":0}",,,,,,,,,,,,,,47,,false,false,true,,71,18,11,8,3,1,0,0,0,0,0,0,0,7,7,estimated from season exits versus eligible schedule | 7 eligible events not entered,Top 64,normal,,,true,true,false,true,0,0,0,,0,true,,mainTour,mainTour,,,true,true,
2039/40,wp-finn-cross-b,Finn Cross B,24,SCO,Rookie,Tour Survivor / Top 64,false,true,true,Ranking Retained,0,0,,Safe,58,58,60,58,60,60,,,,,58,-2,65,68,67,62,65,74,42,0,32,0,0,0,,0,,,,,,,0,0,1,0,1,0,0,0,0,"{""matches"":1,""wins"":0,""losses"":1,""draws"":0,""winPercentage"":0,""eventsEntered"":0,""titles"":0,""finals"":0,""prizeMoney"":0,""points"":0}",,,,,,,,,,,,,,50,,false,false,true,,71,18,11,8,3,1,0,0,0,0,0,0,0,7,7,estimated from season exits versus eligible schedule | 7 eligible events not entered,Top 64,normal,,,true,true,false,true,0,0,0,,0,true,,mainTour,mainTour,,,true,true,
2039/40,wp-finn-cross-c,Finn Cross C,24,SCO,Rookie,Tour Survivor / Top 64,false,true,true,Ranking Retained,0,0,,Safe,59,59,61,59,61,61,,,,,59,-2,64,67,66,60,64,73,42,0,31,0,0,0,,0,,,,,,,0,0,1,0,1,0,0,0,0,"{""matches"":1,""wins"":0,""losses"":1,""draws"":0,""winPercentage"":0,""eventsEntered"":0,""titles"":0,""finals"":0,""prizeMoney"":0,""points"":0}",,,,,,,,,,,,,,55,,false,false,true,,71,18,11,8,3,1,0,0,0,0,0,0,0,7,7,estimated from season exits versus eligible schedule | 7 eligible events not entered,Top 64,normal,,,true,true,false,true,0,0,0,,0,true,,mainTour,mainTour,,,true,true,
2039/40,wp-finn-cross-d,Finn Cross D,24,SCO,Rookie,Tour Survivor / Top 64,false,true,true,Ranking Retained,0,0,,Safe,60,60,62,60,62,62,,,,,60,-2,64,67,66,60,64,73,42,0,31,0,0,0,,0,,,,,,,0,0,0,0,0,0,0,0,0,"{""matches"":0,""wins"":0,""losses"":0,""draws"":0,""winPercentage"":0,""eventsEntered"":0,""titles"":0,""finals"":0,""prizeMoney"":0,""points"":0}",,,,,,,,,,,,,,56,,false,false,true,,71,18,11,8,3,1,0,0,0,0,0,0,0,7,7,estimated from season exits versus eligible schedule | 7 eligible events not entered,Top 64,normal,,,true,true,false,true,0,0,0,,0,true,,mainTour,mainTour,,,true,true,
2039/40,wp-finn-cross-e,Finn Cross E,21,SCO,Rookie,Tour Survivor / Top 64,false,true,true,Ranking Retained,0,0,,Safe,61,61,63,61,63,63,,,,,61,-2,63,68,65,59,63,72,42,0,30,0,0,0,,0,,,,,,,0,0,0,0,0,0,0,0,0,"{""matches"":0,""wins"":0,""losses"":0,""draws"":0,""winPercentage"":0,""eventsEntered"":0,""titles"":0,""finals"":0,""prizeMoney"":0,""points"":0}",,,,,,,,,,,,,,59,,false,false,true,,71,18,11,8,3,1,0,0,0,0,0,0,0,7,7,estimated from season exits versus eligible schedule | 7 eligible events not entered,Top 64,normal,,,true,true,false,true,0,0,0,,0,true,,mainTour,mainTour,,,true,true,
2039/40,wp-finn-cross-f,Finn Cross F,21,SCO,Rookie,Tour Survivor / Top 64,false,true,true,Ranking Retained,0,0,,Safe,62,62,64,62,64,64,,,,,62,-2,63,68,65,59,63,72,42,0,30,0,0,0,,0,,,,,,,0,0,0,0,0,0,0,0,0,"{""matches"":0,""wins"":0,""losses"":0,""draws"":0,""winPercentage"":0,""eventsEntered"":0,""titles"":0,""finals"":0,""prizeMoney"":0,""points"":0}",,,,,,,,,,,,,,60,,false,false,true,,71,18,11,8,3,1,0,0,0,0,0,0,0,7,7,estimated from season exits versus eligible schedule | 7 eligible events not entered,Top 64,normal,,,true,true,false,true,0,0,0,,0,true,,mainTour,mainTour,,,true,true,
2039/40,wp-finn-cross-g,Finn Cross G,19,BEL,Rookie,Rookie Pro / Bubble,false,true,true,Q School,1,2,2041/42,At Risk,,65,65,65,65,65,,,,,,,55,61,57,49,55,64,42,0,18,0,0,0,,0,,,,,,,0,135,0,0,0,0,0,0,0,"{""matches"":0,""wins"":0,""losses"":0,""draws"":0,""winPercentage"":0,""eventsEntered"":0,""titles"":0,""finals"":0,""prizeMoney"":0,""points"":0}",,,,,,,,,,,,,,,,false,false,true,,71,18,9,2,7,1,0,0,0,0,0,0,0,9,9,estimated from season exits versus eligible schedule | 9 eligible events not entered,Rookie Pro,normal,,,true,true,false,false,0,0,0,,0,false,,mainTour,mainTour,,,true,true,
2039/40,wp-finn-cross-h,Finn Cross H,19,BEL,Rookie,Rookie Pro / Bubble,false,true,true,Q School,1,2,2041/42,At Risk,,66,66,66,66,66,,,,,,,55,61,57,49,55,64,42,0,18,0,0,0,,0,,,,,,,0,120,0,0,0,0,0,0,0,"{""matches"":0,""wins"":0,""losses"":0,""draws"":0,""winPercentage"":0,""eventsEntered"":0,""titles"":0,""finals"":0,""prizeMoney"":0,""points"":0}",,,,,,,,,,,,,,,,false,false,true,,71,18,9,2,7,1,0,0,0,0,0,0,0,9,9,estimated from season exits versus eligible schedule | 9 eligible events not entered,Rookie Pro,normal,,,true,true,false,false,0,0,0,,0,false,,mainTour,mainTour,,,true,true,
2039/40,wp-harvey-crane,Harvey Crane,39,ENG,Established,Bottom Tour / At Risk,false,true,true,Ranking Retained,0,0,,Safe,63,63,67,63,67,67,,,,,63,-4,67,69,68,64,64,75,41,3,37,0,0,0,,0,,,,,,,0,0,0,0,0,0,0,0,0,"{""matches"":0,""wins"":0,""losses"":0,""draws"":0,""winPercentage"":0,""eventsEntered"":0,""titles"":0,""finals"":0,""prizeMoney"":0,""points"":0}",,,,,,,,,,,,,,25,,false,false,true,,71,18,9,2,7,1,0,0,0,0,0,0,0,9,9,estimated from season exits versus eligible schedule | 9 eligible events not entered,Bottom Tour 65-128,normal,,,true,true,false,true,0,0,0,,0,true,,mainTour,mainTour,,,true,true,
2039/40,wp-harvey-holt,Harvey Holt,47,ENG,Veteran,Bottom Tour / At Risk,false,true,true,Ranking Retained,0,0,,Safe,64,64,68,64,68,68,,,,,64,-4,65,66,64,61,58,70,33,15,34,0,0,0,,0,,,,,,,0,0,0,0,0,0,0,0,0,"{""matches"":0,""wins"":0,""losses"":0,""draws"":0,""winPercentage"":0,""eventsEntered"":0,""titles"":0,""finals"":0,""prizeMoney"":0,""points"":0}",,,,,,,,,,,,,,40,,false,false,true,,71,18,9,2,7,1,0,0,0,0,0,0,0,9,9,estimated from season exits versus eligible schedule | 9 eligible events not entered,Bottom Tour 65-128,normal,,,true,true,false,true,0,0,0,,0,true,,mainTour,mainTour,,,true,true,
2039/40,wp-harvey-keane,Harvey Keane,29,ENG,Established,Rookie Pro / Bubble,false,true,true,Federation Route,2,1,2040/41,Rookie Year 2,65,65,69,65,69,69,,,,,65,-4,65,66,67,62,65,74,42,0,34,0,0,0,,0,,,,,,,0,0,0,0,0,0,0,0,0,"{""matches"":0,""wins"":0,""losses"":0,""draws"":0,""winPercentage"":0,""eventsEntered"":0,""titles"":0,""finals"":0,""prizeMoney"":0,""points"":0}",,,,,,,,,,,,,,41,,false,false,true,,71,18,9,2,7,1,0,0,0,0,0,0,0,9,9,estimated from season exits versus eligible schedule | 9 eligible events not entered,Rookie Pro,normal,,,true,true,false,true,0,0,0,,0,true,,mainTour,mainTour,,,true,true,
2039/40,wp-harvey-mercer,Harvey Mercer,33,ENG,Established,Rookie Pro / Bubble,false,true,true,Federation Route,2,1,2040/41,Rookie Year 2,66,66,70,66,70,70,,,,,66,-4,65,66,67,62,64,74,42,0,33,0,0,0,,0,,,,,,,0,0,0,0,0,0,0,0,0,"{""matches"":0,""wins"":0,""losses"":0,""draws"":0,""winPercentage"":0,""eventsEntered"":0,""titles"":0,""finals"":0,""prizeMoney"":0,""points"":0}",,,,,,,,,,,,,,42,,false,false,true,,71,18,9,2,7,1,0,0,0,0,0,0,0,9,9,estimated from season exits versus eligible schedule | 9 eligible events not entered,Rookie Pro,normal,,,true,true,false,true,0,0,0,,0,true,,mainTour,mainTour,,,true,true,
2039/40,wp-harvey-nash,Harvey Nash,33,ENG,Established,Rookie Pro / Bubble,false,true,true,Federation Route,1,2,2041/42,At Risk,,71,71,71,71,71,,,,,,,65,66,67,62,64,74,42,0,33,0,0,0,,0,,,,,,,0,14,0,0,0,0,0,0,0,"{""matches"":0,""wins"":0,""losses"":0,""draws"":0,""winPercentage"":0,""eventsEntered"":0,""titles"":0,""finals"":0,""prizeMoney"":0,""points"":0}",,,,,,,,,,,,,,43,,false,false,true,,71,18,9,2,7,1,0,0,0,0,0,0,0,9,9,estimated from season exits versus eligible schedule | 9 eligible events not entered,Rookie Pro,normal,,,true,true,false,false,0,0,0,,0,false,,mainTour,mainTour,,,true,true,
2039/40,wp-harvey-sloan,Harvey Sloan,32,ENG,Established,Rookie Pro / Bubble,false,true,true,Federation Route,1,2,2041/42,At Risk,,72,72,72,72,72,,,,,,,65,66,67,62,64,74,42,0,33,0,0,0,,0,,,,,,,0,17,0,0,0,0,0,0,0,"{""matches"":0,""wins"":0,""losses"":0,""draws"":0,""winPercentage"":0,""eventsEntered"":0,""titles"":0,""finals"":0,""prizeMoney"":0,""points"":0}",,,,,,,,,,,,,,44,,false,false,true,,71,18,9,2,7,1,0,0,0,0,0,0,0,9,9,estimated from season exits versus eligible schedule | 9 eligible events not entered,Rookie Pro,normal,,,true,true,false,false,0,0,0,,0,false,,mainTour,mainTour,,,true,true,
2039/40,wp-jamie-holt,Jamie Holt,38,NIR,Established,Rookie Pro / Bubble,false,true,true,Playoff Route,1,2,2041/42,At Risk,,73,73,73,73,73,,,,,,,64,65,65,61,61,73,42,1,32,0,0,0,,0,,,,,,,0,88,0,0,0,0,0,0,0,"{""matches"":0,""wins"":0,""losses"":0,""draws"":0,""winPercentage"":0,""eventsEntered"":0,""titles"":0,""finals"":0,""prizeMoney"":0,""points"":0}",,,,,,,,,,,,,,48,,false,false,true,,71,18,9,2,7,1,0,0,0,0,0,0,0,9,9,estimated from season exits versus eligible schedule | 9 eligible events not entered,Rookie Pro,normal,,,true,true,false,false,0,0,0,,0,false,,mainTour,mainTour,,,true,true,
2039/40,wp-jamie-keane,Jamie Keane,38,NIR,Established,Rookie Pro / Bubble,false,true,true,Playoff Route,1,2,2041/42,At Risk,,74,74,74,74,74,,,,,,,64,65,65,61,61,73,42,1,32,0,0,0,,0,,,,,,,0,70,0,0,0,0,0,0,0,"{""matches"":0,""wins"":0,""losses"":0,""draws"":0,""winPercentage"":0,""eventsEntered"":0,""titles"":0,""finals"":0,""prizeMoney"":0,""points"":0}",,,,,,,,,,,,,,49,,false,false,true,,71,18,9,2,7,1,0,0,0,0,0,0,0,9,9,estimated from season exits versus eligible schedule | 9 eligible events not entered,Rookie Pro,normal,,,true,true,false,false,0,0,0,,0,false,,mainTour,mainTour,,,true,true,
2039/40,wp-jamie-zhou,Jamie Zhou,36,NIR,Established,Rookie Pro / Bubble,false,true,true,Federation Route,2,1,2040/41,Rookie Year 2,68,68,75,68,75,75,,,,,68,-7,66,68,68,63,64,75,42,0,35,0,0,0,,0,,,,,,,0,0,0,0,0,0,0,0,0,"{""matches"":0,""wins"":0,""losses"":0,""draws"":0,""winPercentage"":0,""eventsEntered"":0,""titles"":0,""finals"":0,""prizeMoney"":0,""points"":0}",,,,,,,,,,,,,,32,,false,false,true,,71,18,9,2,7,1,0,0,0,0,0,0,0,9,9,estimated from season exits versus eligible schedule | 9 eligible events not entered,Rookie Pro,normal,,,true,true,false,true,0,0,0,,0,true,,mainTour,mainTour,,,true,true,
2039/40,wp-jon-hart,Jon Hart,41,ENG,Veteran,Rookie Pro / Bubble,false,true,true,Federation Route,2,1,2040/41,Rookie Year 2,69,69,76,69,76,76,,,,,69,-7,68,71,69,65,64,76,39,6,39,0,0,0,,0,,,,,,,0,0,0,0,0,0,0,0,0,"{""matches"":0,""wins"":0,""losses"":0,""draws"":0,""winPercentage"":0,""eventsEntered"":0,""titles"":0,""finals"":0,""prizeMoney"":0,""points"":0}",,,,,,,,,,,,,,10,,false,false,true,,71,18,9,2,7,1,0,0,0,0,0,0,0,9,9,estimated from season exits versus eligible schedule | 9 eligible events not entered,Rookie Pro,normal,,,true,true,false,true,0,0,0,,0,true,,mainTour,mainTour,,,true,true,
2039/40,wp-jude-sloan,Jude Sloan,28,WAL,Established,Rookie Pro / Bubble,false,true,true,Playoff Route,1,2,2041/42,At Risk,,77,77,77,77,77,,,,,,,70,71,72,68,70,82,56,0,32,0,0,0,,0,,,,,,,0,31,3,1,2,33.33333333333333,1,0,0,"{""matches"":3,""wins"":1,""losses"":2,""draws"":0,""winPercentage"":33.33333333333333,""eventsEntered"":0,""titles"":1,""finals"":0,""prizeMoney"":0,""points"":0}",,,,,,,,,,,,,,64,,false,false,true,,71,18,9,2,7,1,0,0,0,0,0,0,0,9,9,estimated from season exits versus eligible schedule | 9 eligible events not entered,Rookie Pro,normal,,,true,true,false,false,0,0,0,,0,false,,mainTour,mainTour,,,true,true,
2039/40,wp-jude-sloan-a,Jude Sloan A,25,WAL,Established,Rookie Pro / Bubble,false,true,true,Playoff Route,2,1,2040/41,Rookie Year 2,70,70,78,70,78,78,,,,,70,-8,62,65,64,58,62,71,42,0,29,0,0,0,,0,,,,,,,0,0,0,0,0,0,0,0,0,"{""matches"":0,""wins"":0,""losses"":0,""draws"":0,""winPercentage"":0,""eventsEntered"":0,""titles"":0,""finals"":0,""prizeMoney"":0,""points"":0}",,,,,,,,,,,,,,65,,false,false,true,,71,18,9,2,7,1,0,0,0,0,0,0,0,9,9,estimated from season exits versus eligible schedule | 9 eligible events not entered,Rookie Pro,normal,,,true,true,false,true,0,0,0,,0,true,,mainTour,mainTour,,,true,true,
2039/40,wp-jude-sloan-b,Jude Sloan B,25,WAL,Established,Rookie Pro / Bubble,false,true,true,Federation Route,2,1,2040/41,Rookie Year 2,71,71,79,71,79,79,,,,,71,-8,61,64,63,57,61,70,42,0,29,0,0,0,,0,,,,,,,0,0,2,0,2,0,0,0,0,"{""matches"":2,""wins"":0,""losses"":2,""draws"":0,""winPercentage"":0,""eventsEntered"":0,""titles"":0,""finals"":0,""prizeMoney"":0,""points"":0}",,,,,,,,,,,,,,67,,false,false,true,,71,18,9,2,7,1,0,0,0,0,0,0,0,9,9,estimated from season exits versus eligible schedule | 9 eligible events not entered,Rookie Pro,normal,,,true,true,false,true,0,0,0,,0,true,,mainTour,mainTour,,,true,true,
2039/40,wp-jude-sloan-e,Jude Sloan E,20,IRL,Rookie,Rookie Pro / Bubble,false,true,true,Playoff Route,2,1,2040/41,Rookie Year 2,74,74,80,74,80,80,,,,,74,-6,60,66,62,56,60,69,42,0,28,0,0,0,,0,,,,,,,0,0,0,0,0,0,0,0,0,"{""matches"":0,""wins"":0,""losses"":0,""draws"":0,""winPercentage"":0,""eventsEntered"":0,""titles"":0,""finals"":0,""prizeMoney"":0,""points"":0}",,,,,,,,,,,,,,73,,false,false,true,,71,18,9,2,7,1,0,0,0,0,0,0,0,9,9,estimated from season exits versus eligible schedule | 9 eligible events not entered,Rookie Pro,normal,,,true,true,false,true,0,0,0,,0,true,,mainTour,mainTour,,,true,true,
2039/40,wp-jude-sloan-f,Jude Sloan F,20,IRL,Rookie,Rookie Pro / Bubble,false,true,true,Q School,2,1,2040/41,Rookie Year 2,75,75,81,75,81,81,,,,,75,-6,60,66,62,56,60,69,42,0,28,0,0,0,,0,,,,,,,0,0,0,0,0,0,0,0,0,"{""matches"":0,""wins"":0,""losses"":0,""draws"":0,""winPercentage"":0,""eventsEntered"":0,""titles"":0,""finals"":0,""prizeMoney"":0,""points"":0}",,,,,,,,,,,,,,75,,false,false,true,,71,18,9,2,7,1,0,0,0,0,0,0,0,9,9,estimated from season exits versus eligible schedule | 9 eligible events not entered,Rookie Pro,normal,,,true,true,false,true,0,0,0,,0,true,,mainTour,mainTour,,,true,true,
2039/40,wp-jude-sloan-g,Jude Sloan G,20,IRL,Rookie,Rookie Pro / Bubble,false,true,true,Playoff Route,2,1,2040/41,Rookie Year 2,76,76,82,76,82,82,,,,,76,-6,60,66,62,56,60,69,42,0,27,0,0,0,,0,,,,,,,0,0,0,0,0,0,0,0,0,"{""matches"":0,""wins"":0,""losses"":0,""draws"":0,""winPercentage"":0,""eventsEntered"":0,""titles"":0,""finals"":0,""prizeMoney"":0,""points"":0}",,,,,,,,,,,,,,76,,false,false,true,,71,18,9,2,7,1,0,0,0,0,0,0,0,9,9,estimated from season exits versus eligible schedule | 9 eligible events not entered,Rookie Pro,normal,,,true,true,false,true,0,0,0,,0,true,,mainTour,mainTour,,,true,true,
2039/40,wp-kai-pryce,Kai Pryce,28,AUS,Established,Rookie Pro / Bubble,false,true,true,Playoff Route,1,2,2041/42,At Risk,,83,83,83,83,83,,,,,,,85,86,87,86,85,99,83,0,33,0,0,0,,0,,,,,,,0,28,1,1,0,100,1,0,0,"{""matches"":1,""wins"":1,""losses"":0,""draws"":0,""winPercentage"":100,""eventsEntered"":0,""titles"":1,""finals"":0,""prizeMoney"":0,""points"":0}",,,,,,,,,,,,,,57,,false,false,true,,71,18,9,2,7,1,0,0,0,0,0,0,0,9,9,estimated from season exits versus eligible schedule | 9 eligible events not entered,Rookie Pro,normal,,,true,true,false,false,0,0,0,,0,false,,mainTour,mainTour,,,true,true,
2039/40,wp-kai-pryce-a,Kai Pryce A,28,AUS,Established,Rookie Pro / Bubble,false,true,true,Playoff Route,1,2,2041/42,At Risk,,84,84,84,84,84,,,,,,,61,62,63,57,61,70,42,0,29,0,0,0,,0,,,,,,,0,25,0,0,0,0,0,0,0,"{""matches"":0,""wins"":0,""losses"":0,""draws"":0,""winPercentage"":0,""eventsEntered"":0,""titles"":0,""finals"":0,""prizeMoney"":0,""points"":0}",,,,,,,,,,,,,,66,,false,false,true,,71,18,9,2,7,1,0,0,0,0,0,0,0,9,9,estimated from season exits versus eligible schedule | 9 eligible events not entered,Rookie Pro,normal,,,true,true,false,false,0,0,0,,0,false,,mainTour,mainTour,,,true,true,
2039/40,wp-kai-pryce-b,Kai Pryce B,25,AUS,Established,Rookie Pro / Bubble,false,true,true,Playoff Route,1,2,2041/42,At Risk,,85,85,85,85,85,,,,,,,61,64,63,57,61,70,42,0,29,0,0,0,,0,,,,,,,0,75,0,0,0,0,0,0,0,"{""matches"":0,""wins"":0,""losses"":0,""draws"":0,""winPercentage"":0,""eventsEntered"":0,""titles"":0,""finals"":0,""prizeMoney"":0,""points"":0}",,,,,,,,,,,,,,67,,false,false,true,,71,18,9,2,7,1,0,0,0,0,0,0,0,9,9,estimated from season exits versus eligible schedule | 9 eligible events not entered,Rookie Pro,normal,,,true,true,false,false,0,0,0,,0,false,,mainTour,mainTour,,,true,true,
2039/40,wp-kai-pryce-c,Kai Pryce C,25,AUS,Established,Rookie Pro / Bubble,false,true,true,Playoff Route,2,1,2040/41,Rookie Year 2,77,77,86,77,86,86,,,,,77,-9,72,75,74,70,72,86,63,0,30,0,0,0,,0,,,,,,,0,0,2,1,1,50,1,0,0,"{""matches"":2,""wins"":1,""losses"":1,""draws"":0,""winPercentage"":50,""eventsEntered"":0,""titles"":1,""finals"":0,""prizeMoney"":0,""points"":0}",,,,,,,,,,,,,,71,,false,false,true,,71,18,9,2,7,1,0,0,0,0,0,0,0,9,9,estimated from season exits versus eligible schedule | 9 eligible events not entered,Rookie Pro,normal,,,true,true,false,true,0,0,0,,0,true,,mainTour,mainTour,,,true,true,
2039/40,wp-kai-pryce-f,Kai Pryce F,20,CHN,Rookie,Rookie Pro / Bubble,false,true,true,Playoff Route,1,2,2041/42,At Risk,,87,87,87,87,87,,,,,,,60,66,62,56,60,69,42,0,27,0,0,0,,0,,,,,,,0,101,0,0,0,0,0,0,0,"{""matches"":0,""wins"":0,""losses"":0,""draws"":0,""winPercentage"":0,""eventsEntered"":0,""titles"":0,""finals"":0,""prizeMoney"":0,""points"":0}",,,,,,,,,,,,,,76,,false,false,true,,71,18,9,2,7,1,0,0,0,0,0,0,0,9,9,estimated from season exits versus eligible schedule | 9 eligible events not entered,Rookie Pro,normal,,,true,true,false,false,0,0,0,,0,false,,mainTour,mainTour,,,true,true,
2039/40,wp-kai-pryce-g,Kai Pryce G,18,WAL,Rookie,Rookie Pro / Bubble,false,true,true,Federation Route,2,1,2040/41,Rookie Year 2,80,80,88,80,88,88,,,,,80,-8,59,66,61,55,59,68,42,0,27,0,0,0,,0,,,,,,,0,0,0,0,0,0,0,0,0,"{""matches"":0,""wins"":0,""losses"":0,""draws"":0,""winPercentage"":0,""eventsEntered"":0,""titles"":0,""finals"":0,""prizeMoney"":0,""points"":0}",,,,,,,,,,,,,,80,,false,false,true,,71,18,9,2,7,1,0,0,0,0,0,0,0,9,9,estimated from season exits versus eligible schedule | 9 eligible events not entered,Rookie Pro,normal,,,true,true,false,true,0,0,0,,0,true,,mainTour,mainTour,,,true,true,
2039/40,wp-kian-keane,Kian Keane,41,NED,Veteran,Rookie Pro / Bubble,false,true,true,Federation Route,2,1,2040/41,Rookie Year 2,83,83,89,83,89,89,,,,,83,-6,62,64,63,58,58,70,39,6,31,0,0,0,,0,,,,,,,0,0,0,0,0,0,0,0,0,"{""matches"":0,""wins"":0,""losses"":0,""draws"":0,""winPercentage"":0,""eventsEntered"":0,""titles"":0,""finals"":0,""prizeMoney"":0,""points"":0}",,,,,,,,,,,,,,57,,false,false,true,,71,18,9,2,7,1,0,0,0,0,0,0,0,9,9,estimated from season exits versus eligible schedule | 9 eligible events not entered,Rookie Pro,normal,,,true,true,false,true,0,0,0,,0,true,,mainTour,mainTour,,,true,true,
2039/40,wp-kian-mercer,Kian Mercer,35,NED,Established,Rookie Pro / Bubble,false,true,true,Playoff Route,2,1,2040/41,Rookie Year 2,84,84,90,84,90,90,,,,,84,-6,61,63,63,57,59,70,42,0,31,0,0,0,,0,,,,,,,0,0,0,0,0,0,0,0,0,"{""matches"":0,""wins"":0,""losses"":0,""draws"":0,""winPercentage"":0,""eventsEntered"":0,""titles"":0,""finals"":0,""prizeMoney"":0,""points"":0}",,,,,,,,,,,,,,58,,false,false,true,,71,18,9,2,7,1,0,0,0,0,0,0,0,9,9,estimated from season exits versus eligible schedule | 9 eligible events not entered,Rookie Pro,normal,,,true,true,false,true,0,0,0,,0,true,,mainTour,mainTour,,,true,true,
2039/40,wp-kian-sloan,Kian Sloan,36,NED,Established,Rookie Pro / Bubble,false,true,true,Playoff Route,2,1,2040/41,Rookie Year 2,85,85,91,85,91,91,,,,,85,-6,61,63,63,57,59,70,42,0,30,0,0,0,,0,,,,,,,0,0,0,0,0,0,0,0,0,"{""matches"":0,""wins"":0,""losses"":0,""draws"":0,""winPercentage"":0,""eventsEntered"":0,""titles"":0,""finals"":0,""prizeMoney"":0,""points"":0}",,,,,,,,,,,,,,60,,false,false,true,,71,18,9,2,7,1,0,0,0,0,0,0,0,9,9,estimated from season exits versus eligible schedule | 9 eligible events not entered,Rookie Pro,normal,,,true,true,false,true,0,0,0,,0,true,,mainTour,mainTour,,,true,true,
2039/40,wp-leo-mercer,Leo Mercer,36,POL,Established,Rookie Pro / Bubble,false,true,true,Federation Route,2,1,2040/41,Rookie Year 2,88,88,92,88,92,92,,,,,88,-4,82,83,84,82,80,99,82,0,29,0,0,0,,0,,,,,,,0,0,1,1,0,100,0,0,0,"{""matches"":1,""wins"":1,""losses"":0,""draws"":0,""winPercentage"":100,""eventsEntered"":0,""titles"":0,""finals"":0,""prizeMoney"":0,""points"":0}",,,,,,,,,,,,,,65,,false,false,true,,71,18,9,2,7,1,0,0,0,0,0,0,0,9,9,estimated from season exits versus eligible schedule | 9 eligible events not entered,Rookie Pro,normal,,,true,true,false,true,0,0,0,,0,true,,mainTour,mainTour,,,true,true,
2039/40,wp-leo-nash,Leo Nash,36,POL,Established,Rookie Pro / Bubble,false,true,true,Playoff Route,2,1,2040/41,Rookie Year 2,89,89,93,89,93,93,,,,,89,-4,83,84,85,83,81,99,83,0,31,0,0,0,,0,,,,,,,0,0,1,1,0,100,1,0,0,"{""matches"":1,""wins"":1,""losses"":0,""draws"":0,""winPercentage"":100,""eventsEntered"":0,""titles"":1,""finals"":0,""prizeMoney"":0,""points"":0}",,,,,,,,,,,,,,66,,false,false,true,,71,18,9,2,7,1,0,0,0,0,0,0,0,9,9,estimated from season exits versus eligible schedule | 9 eligible events not entered,Rookie Pro,normal,,,true,true,false,true,0,0,0,,0,true,,mainTour,mainTour,,,true,true,
2039/40,wp-leo-sloan,Leo Sloan,35,POL,Established,Rookie Pro / Bubble,false,true,true,Playoff Route,2,1,2040/41,Rookie Year 2,90,90,94,90,94,94,,,,,90,-4,60,61,62,56,58,69,42,0,29,0,0,0,,0,,,,,,,0,0,0,0,0,0,0,0,0,"{""matches"":0,""wins"":0,""losses"":0,""draws"":0,""winPercentage"":0,""eventsEntered"":0,""titles"":0,""finals"":0,""prizeMoney"":0,""points"":0}",,,,,,,,,,,,,,67,,false,false,true,,71,18,9,2,7,1,0,0,0,0,0,0,0,9,9,estimated from season exits versus eligible schedule | 9 eligible events not entered,Rookie Pro,normal,,,true,true,false,true,0,0,0,,0,true,,mainTour,mainTour,,,true,true,
2039/40,wp-lewis-keane,Lewis Keane,34,CHN,Established,Rookie Pro / Bubble,false,true,true,Playoff Route,2,1,2040/41,Rookie Year 2,91,91,95,91,95,95,,,,,91,-4,60,61,62,56,59,69,42,0,28,0,0,0,,0,,,,,,,0,0,0,0,0,0,0,0,0,"{""matches"":0,""wins"":0,""losses"":0,""draws"":0,""winPercentage"":0,""eventsEntered"":0,""titles"":0,""finals"":0,""prizeMoney"":0,""points"":0}",,,,,,,,,,,,,,70,,false,false,true,,71,18,9,2,7,1,0,0,0,0,0,0,0,9,9,estimated from season exits versus eligible schedule | 9 eligible events not entered,Rookie Pro,normal,,,true,true,false,true,0,0,0,,0,true,,mainTour,mainTour,,,true,true,
2039/40,wp-lewis-nash,Lewis Nash,34,CHN,Established,Rookie Pro / Bubble,false,true,true,Playoff Route,2,1,2040/41,Rookie Year 2,92,92,96,92,96,96,,,,,92,-4,59,60,61,55,58,68,42,0,28,0,0,0,,0,,,,,,,0,0,0,0,0,0,0,0,0,"{""matches"":0,""wins"":0,""losses"":0,""draws"":0,""winPercentage"":0,""eventsEntered"":0,""titles"":0,""finals"":0,""prizeMoney"":0,""points"":0}",,,,,,,,,,,,,,72,,false,false,true,,71,18,9,2,7,1,0,0,0,0,0,0,0,9,9,estimated from season exits versus eligible schedule | 9 eligible events not entered,Rookie Pro,normal,,,true,true,false,true,0,0,0,,0,true,,mainTour,mainTour,,,true,true,
2039/40,wp-liam-zhou,Liam Zhou,40,CHN,Veteran,Rookie Pro / Bubble,false,true,true,Playoff Route,1,2,2041/42,At Risk,,97,97,97,97,97,,,,,,,64,67,65,61,60,72,40,4,36,0,0,0,,0,,,,,,,0,43,0,0,0,0,0,0,0,"{""matches"":0,""wins"":0,""losses"":0,""draws"":0,""winPercentage"":0,""eventsEntered"":0,""titles"":0,""finals"":0,""prizeMoney"":0,""points"":0}",,,,,,,,,,,,,,29,,false,false,true,,71,18,9,2,7,1,0,0,0,0,0,0,0,9,9,estimated from season exits versus eligible schedule | 9 eligible events not entered,Rookie Pro,normal,,,true,true,false,false,0,0,0,,0,false,,mainTour,mainTour,,,true,true,
2039/40,wp-luca-mercer,Luca Mercer,27,THA,Established,Rookie Pro / Bubble,false,true,true,Playoff Route,1,2,2041/42,At Risk,,98,98,98,98,98,,,,,,,58,60,60,54,58,67,42,0,26,0,0,0,,0,,,,,,,0,48,0,0,0,0,0,0,0,"{""matches"":0,""wins"":0,""losses"":0,""draws"":0,""winPercentage"":0,""eventsEntered"":0,""titles"":0,""finals"":0,""prizeMoney"":0,""points"":0}",,,,,,,,,,,,,,82,,false,false,true,,71,18,9,2,7,1,0,0,0,0,0,0,0,9,9,estimated from season exits versus eligible schedule | 9 eligible events not entered,Rookie Pro,normal,,,true,true,false,false,0,0,0,,0,false,,mainTour,mainTour,,,true,true,
2039/40,wp-luca-mercer-b,Luca Mercer B,25,ENG,Established,Rookie Pro / Bubble,false,true,true,Playoff Route,1,2,2041/42,At Risk,,99,99,99,99,99,,,,,,,73,76,75,72,73,89,71,0,29,0,0,0,,0,,,,,,,0,71,3,2,1,66.66666666666666,2,0,0,"{""matches"":3,""wins"":2,""losses"":1,""draws"":0,""winPercentage"":66.66666666666666,""eventsEntered"":0,""titles"":2,""finals"":0,""prizeMoney"":0,""points"":0}",,,,,,,,,,,,,,90,,false,false,true,,71,18,9,2,7,1,0,0,0,0,0,0,0,9,9,estimated from season exits versus eligible schedule | 9 eligible events not entered,Rookie Pro,normal,,,true,true,false,false,0,0,0,,0,false,,mainTour,mainTour,,,true,true,
2039/40,wp-luca-mercer-e,Luca Mercer E,20,SCO,Rookie,Rookie Pro / Bubble,false,true,true,Playoff Route,1,2,2041/42,At Risk,,100,100,100,100,100,,,,,,,56,62,58,51,56,65,42,0,24,0,0,0,,0,,,,,,,0,97,0,0,0,0,0,0,0,"{""matches"":0,""wins"":0,""losses"":0,""draws"":0,""winPercentage"":0,""eventsEntered"":0,""titles"":0,""finals"":0,""prizeMoney"":0,""points"":0}",,,,,,,,,,,,,,93,,false,false,true,,71,18,9,2,7,1,0,0,0,0,0,0,0,9,9,estimated from season exits versus eligible schedule | 9 eligible events not entered,Rookie Pro,normal,,,true,true,false,false,0,0,0,,0,false,,mainTour,mainTour,,,true,true,
2039/40,wp-luca-mercer-f,Luca Mercer F,20,SCO,Rookie,Rookie Pro / Bubble,false,true,true,Q School,2,1,2040/41,Rookie Year 2,95,95,101,95,101,101,,,,,95,-6,56,62,58,51,56,65,42,0,24,0,0,0,,0,,,,,,,0,0,0,0,0,0,0,0,0,"{""matches"":0,""wins"":0,""losses"":0,""draws"":0,""winPercentage"":0,""eventsEntered"":0,""titles"":0,""finals"":0,""prizeMoney"":0,""points"":0}",,,,,,,,,,,,,,95,,false,false,true,,71,18,9,2,7,1,0,0,0,0,0,0,0,9,9,estimated from season exits versus eligible schedule | 9 eligible events not entered,Rookie Pro,normal,,,true,true,false,true,0,0,0,,0,true,,mainTour,mainTour,,,true,true,
2039/40,wp-luca-mercer-g,Luca Mercer G,20,SCO,Rookie,Rookie Pro / Bubble,false,true,true,Playoff Route,2,1,2040/41,Rookie Year 2,96,96,102,96,102,102,,,,,96,-6,56,62,58,51,56,65,42,0,24,0,0,0,,0,,,,,,,0,0,0,0,0,0,0,0,0,"{""matches"":0,""wins"":0,""losses"":0,""draws"":0,""winPercentage"":0,""eventsEntered"":0,""titles"":0,""finals"":0,""prizeMoney"":0,""points"":0}",,,,,,,,,,,,,,96,,false,false,true,,71,18,9,2,7,1,0,0,0,0,0,0,0,9,9,estimated from season exits versus eligible schedule | 9 eligible events not entered,Rookie Pro,normal,,,true,true,false,true,0,0,0,,0,true,,mainTour,mainTour,,,true,true,
2039/40,wp-marcus-holt,Marcus Holt,40,WAL,Veteran,Rookie Pro / Bubble,false,true,true,Federation Route,1,2,2041/42,At Risk,,103,103,103,103,103,,,,,,,62,65,63,58,58,70,40,4,33,0,0,0,,0,,,,,,,0,9,0,0,0,0,0,0,0,"{""matches"":0,""wins"":0,""losses"":0,""draws"":0,""winPercentage"":0,""eventsEntered"":0,""titles"":0,""finals"":0,""prizeMoney"":0,""points"":0}",,,,,,,,,,,,,,46,,false,false,true,,71,18,9,2,7,1,0,0,0,0,0,0,0,9,9,estimated from season exits versus eligible schedule | 9 eligible events not entered,Rookie Pro,normal,,,true,true,false,false,0,0,0,,0,false,,mainTour,mainTour,,,true,true,
2039/40,wp-marcus-zhou,Marcus Zhou,38,WAL,Established,Rookie Pro / Bubble,false,true,true,Federation Route,1,2,2041/42,At Risk,,104,104,104,104,104,,,,,,,64,68,65,61,61,73,42,1,36,0,0,0,,0,,,,,,,0,18,0,0,0,0,0,0,0,"{""matches"":0,""wins"":0,""losses"":0,""draws"":0,""winPercentage"":0,""eventsEntered"":0,""titles"":0,""finals"":0,""prizeMoney"":0,""points"":0}",,,,,,,,,,,,,,30,,false,false,true,,71,18,9,2,7,1,0,0,0,0,0,0,0,9,9,estimated from season exits versus eligible schedule | 9 eligible events not entered,Rookie Pro,normal,,,true,true,false,false,0,0,0,,0,false,,mainTour,mainTour,,,true,true,
2039/40,wp-mason-mercer,Mason Mercer,34,IRL,Established,Rookie Pro / Bubble,false,true,true,Playoff Route,2,1,2040/41,Rookie Year 2,100,100,105,100,105,105,,,,,100,-5,57,58,59,53,56,66,42,0,26,0,0,0,,0,,,,,,,0,0,0,0,0,0,0,0,0,"{""matches"":0,""wins"":0,""losses"":0,""draws"":0,""winPercentage"":0,""eventsEntered"":0,""titles"":0,""finals"":0,""prizeMoney"":0,""points"":0}",,,,,,,,,,,,,,81,,false,false,true,,71,18,9,2,7,1,0,0,0,0,0,0,0,9,9,estimated from season exits versus eligible schedule | 9 eligible events not entered,Rookie Pro,normal,,,true,true,false,true,0,0,0,,0,true,,mainTour,mainTour,,,true,true,
2039/40,wp-mason-nash,Mason Nash,34,IRL,Established,Rookie Pro / Bubble,false,true,true,Playoff Route,2,1,2040/41,Rookie Year 2,101,101,106,101,106,106,,,,,101,-5,56,57,58,51,55,65,42,0,24,0,0,0,,0,,,,,,,0,0,0,0,0,0,0,0,0,"{""matches"":0,""wins"":0,""losses"":0,""draws"":0,""winPercentage"":0,""eventsEntered"":0,""titles"":0,""finals"":0,""prizeMoney"":0,""points"":0}",,,,,,,,,,,,,,94,,false,false,true,,71,18,9,2,7,1,0,0,0,0,0,0,0,9,9,estimated from season exits versus eligible schedule | 9 eligible events not entered,Rookie Pro,normal,,,true,true,false,true,0,0,0,,0,true,,mainTour,mainTour,,,true,true,
2039/40,wp-mason-sloan,Mason Sloan,35,IRL,Established,Rookie Pro / Bubble,false,true,true,Playoff Route,2,1,2040/41,Rookie Year 2,102,102,107,102,107,107,,,,,102,-5,59,61,61,55,57,68,42,0,29,0,0,0,,0,,,,,,,0,0,0,0,0,0,0,0,0,"{""matches"":0,""wins"":0,""losses"":0,""draws"":0,""winPercentage"":0,""eventsEntered"":0,""titles"":0,""finals"":0,""prizeMoney"":0,""points"":0}",,,,,,,,,,,,,,65,,false,false,true,,71,18,9,2,7,1,0,0,0,0,0,0,0,9,9,estimated from season exits versus eligible schedule | 9 eligible events not entered,Rookie Pro,normal,,,true,true,false,true,0,0,0,,0,true,,mainTour,mainTour,,,true,true,
2039/40,wp-mika-keane-d,Mika Keane D,22,IRL,Rookie,Rookie Pro / Bubble,false,true,true,Playoff Route,1,2,2041/42,At Risk,,108,108,108,108,108,,,,,,,54,58,56,49,54,63,42,0,22,0,0,0,,0,,,,,,,0,80,0,0,0,0,0,0,0,"{""matches"":0,""wins"":0,""losses"":0,""draws"":0,""winPercentage"":0,""eventsEntered"":0,""titles"":0,""finals"":0,""prizeMoney"":0,""points"":0}",,,,,,,,,,,,,,105,,false,false,true,,71,18,9,2,7,1,0,0,0,0,0,0,0,9,9,estimated from season exits versus eligible schedule | 9 eligible events not entered,Rookie Pro,normal,,,true,true,false,false,0,0,0,,0,false,,mainTour,mainTour,,,true,true,
2039/40,wp-mika-keane-e,Mika Keane E,21,CHN,Rookie,Rookie Pro / Bubble,false,true,true,Playoff Route,1,2,2041/42,At Risk,,109,109,109,109,109,,,,,,,54,59,56,49,54,63,42,0,22,0,0,0,,0,,,,,,,0,89,0,0,0,0,0,0,0,"{""matches"":0,""wins"":0,""losses"":0,""draws"":0,""winPercentage"":0,""eventsEntered"":0,""titles"":0,""finals"":0,""prizeMoney"":0,""points"":0}",,,,,,,,,,,,,,106,,false,false,true,,71,18,9,2,7,1,0,0,0,0,0,0,0,9,9,estimated from season exits versus eligible schedule | 9 eligible events not entered,Rookie Pro,normal,,,true,true,false,false,0,0,0,,0,false,,mainTour,mainTour,,,true,true,
2039/40,wp-mika-keane-g,Mika Keane G,18,CHN,Rookie,Rookie Pro / Bubble,false,true,true,Federation Route,2,1,2040/41,Rookie Year 2,104,104,110,104,110,110,,,,,104,-6,54,61,56,49,54,63,42,0,22,0,0,0,,0,,,,,,,0,0,0,0,0,0,0,0,0,"{""matches"":0,""wins"":0,""losses"":0,""draws"":0,""winPercentage"":0,""eventsEntered"":0,""titles"":0,""finals"":0,""prizeMoney"":0,""points"":0}",,,,,,,,,,,,,,104,,false,false,true,,71,18,9,2,7,1,0,0,0,0,0,0,0,9,9,estimated from season exits versus eligible schedule | 9 eligible events not entered,Rookie Pro,normal,,,true,true,false,true,0,0,0,,0,true,,mainTour,mainTour,,,true,true,
2039/40,wp-noah-bennett,Noah Bennett,29,IRL,Established,Rookie Pro / Bubble,false,true,true,Playoff Route,2,1,2040/41,Rookie Year 2,105,105,111,105,111,111,,,,,105,-6,55,56,57,50,55,64,42,0,23,0,0,0,,0,,,,,,,0,0,0,0,0,0,0,0,0,"{""matches"":0,""wins"":0,""losses"":0,""draws"":0,""winPercentage"":0,""eventsEntered"":0,""titles"":0,""finals"":0,""prizeMoney"":0,""points"":0}",,,,,,,,,,,,,,100,,false,false,true,,71,18,9,2,7,1,0,0,0,0,0,0,0,9,9,estimated from season exits versus eligible schedule | 9 eligible events not entered,Rookie Pro,normal,,,true,true,false,true,0,0,0,,0,true,,mainTour,mainTour,,,true,true,
2039/40,wp-noah-bennett-c,Noah Bennett C,24,AUS,Rookie,Rookie Pro / Bubble,false,true,true,Playoff Route,2,1,2040/41,Rookie Year 2,107,107,112,107,112,112,,,,,107,-5,77,80,79,76,77,95,83,0,24,0,0,0,,0,,,,,,,0,0,1,1,0,100,1,0,0,"{""matches"":1,""wins"":1,""losses"":0,""draws"":0,""winPercentage"":100,""eventsEntered"":0,""titles"":1,""finals"":0,""prizeMoney"":0,""points"":0}",,,,,,,,,,,,,,105,,false,false,true,,71,18,9,2,7,1,0,0,0,0,0,0,0,9,9,estimated from season exits versus eligible schedule | 9 eligible events not entered,Rookie Pro,normal,,,true,true,false,true,0,0,0,,0,true,,mainTour,mainTour,,,true,true,
2039/40,wp-noah-bennett-d,Noah Bennett D,24,AUS,Rookie,Rookie Pro / Bubble,false,true,true,Playoff Route,2,1,2040/41,Rookie Year 2,108,108,113,108,113,113,,,,,108,-5,54,57,56,49,54,63,42,0,22,0,0,0,,0,,,,,,,0,0,0,0,0,0,0,0,0,"{""matches"":0,""wins"":0,""losses"":0,""draws"":0,""winPercentage"":0,""eventsEntered"":0,""titles"":0,""finals"":0,""prizeMoney"":0,""points"":0}",,,,,,,,,,,,,,106,,false,false,true,,71,18,9,2,7,1,0,0,0,0,0,0,0,9,9,estimated from season exits versus eligible schedule | 9 eligible events not entered,Rookie Pro,normal,,,true,true,false,true,0,0,0,,0,true,,mainTour,mainTour,,,true,true,
2039/40,wp-noah-bennett-f,Noah Bennett F,21,AUS,Rookie,Rookie Pro / Bubble,false,true,true,Playoff Route,1,2,2041/42,At Risk,,114,114,114,114,114,,,,,,,53,58,55,48,53,62,42,0,21,0,0,0,,0,,,,,,,0,85,0,0,0,0,0,0,0,"{""matches"":0,""wins"":0,""losses"":0,""draws"":0,""winPercentage"":0,""eventsEntered"":0,""titles"":0,""finals"":0,""prizeMoney"":0,""points"":0}",,,,,,,,,,,,,,111,,false,false,true,,71,18,9,2,7,1,0,0,0,0,0,0,0,9,9,estimated from season exits versus eligible schedule | 9 eligible events not entered,Rookie Pro,normal,,,true,true,false,false,0,0,0,,0,false,,mainTour,mainTour,,,true,true,
2039/40,wp-oliver-holt,Oliver Holt,36,ENG,Established,Rookie Pro / Bubble,false,true,true,Federation Route,2,1,2040/41,Rookie Year 2,111,111,115,111,115,115,,,,,111,-4,61,65,63,58,59,70,42,0,33,0,0,0,,0,,,,,,,0,0,0,0,0,0,0,0,0,"{""matches"":0,""wins"":0,""losses"":0,""draws"":0,""winPercentage"":0,""eventsEntered"":0,""titles"":0,""finals"":0,""prizeMoney"":0,""points"":0}",,,,,,,,,,,,,,44,,false,false,true,,71,18,9,2,7,1,0,0,0,0,0,0,0,9,9,estimated from season exits versus eligible schedule | 9 eligible events not entered,Rookie Pro,normal,,,true,true,false,true,0,0,0,,0,true,,mainTour,mainTour,,,true,true,
2039/40,wp-oliver-mercer,Oliver Mercer,35,ENG,Established,Rookie Pro / Bubble,false,true,true,Playoff Route,2,1,2040/41,Rookie Year 2,113,113,116,113,116,116,,,,,113,-3,57,59,59,53,55,66,42,0,27,0,0,0,,0,,,,,,,0,0,0,0,0,0,0,0,0,"{""matches"":0,""wins"":0,""losses"":0,""draws"":0,""winPercentage"":0,""eventsEntered"":0,""titles"":0,""finals"":0,""prizeMoney"":0,""points"":0}",,,,,,,,,,,,,,76,,false,false,true,,71,18,9,2,7,1,0,0,0,0,0,0,0,9,9,estimated from season exits versus eligible schedule | 9 eligible events not entered,Rookie Pro,normal,,,true,true,false,true,0,0,0,,0,true,,mainTour,mainTour,,,true,true,
2039/40,wp-rory-vale-a,Rory Vale A,27,ENG,Established,Rookie Pro / Bubble,false,true,true,Q School,2,1,2040/41,Rookie Year 2,115,115,117,115,117,117,,,,,115,-2,52,53,54,47,52,61,42,0,20,0,0,0,,0,,,,,,,0,0,1,0,1,0,0,0,0,"{""matches"":1,""wins"":0,""losses"":1,""draws"":0,""winPercentage"":0,""eventsEntered"":0,""titles"":0,""finals"":0,""prizeMoney"":0,""points"":0}",,,,,,,,,,,,,,115,,false,false,true,,71,18,9,2,7,1,0,0,0,0,0,0,0,9,9,estimated from season exits versus eligible schedule | 9 eligible events not entered,Rookie Pro,normal,,,true,true,false,true,0,0,0,,0,true,,mainTour,mainTour,,,true,true,
2039/40,wp-rory-vale-b,Rory Vale B,27,ENG,Established,Rookie Pro / Bubble,false,true,true,Q School,2,1,2040/41,Rookie Year 2,116,116,118,116,118,118,,,,,116,-2,52,53,54,47,52,61,42,0,20,0,0,0,,0,,,,,,,0,0,0,0,0,0,0,0,0,"{""matches"":0,""wins"":0,""losses"":0,""draws"":0,""winPercentage"":0,""eventsEntered"":0,""titles"":0,""finals"":0,""prizeMoney"":0,""points"":0}",,,,,,,,,,,,,,116,,false,false,true,,71,18,9,2,7,1,0,0,0,0,0,0,0,9,9,estimated from season exits versus eligible schedule | 9 eligible events not entered,Rookie Pro,normal,,,true,true,false,true,0,0,0,,0,true,,mainTour,mainTour,,,true,true,
2039/40,wp-rory-vale-d,Rory Vale D,23,BEL,Rookie,Rookie Pro / Bubble,false,true,true,Playoff Route,2,1,2040/41,Rookie Year 2,118,118,119,118,119,119,,,,,118,-1,52,56,54,47,52,61,42,0,20,0,0,0,,0,,,,,,,0,0,0,0,0,0,0,0,0,"{""matches"":0,""wins"":0,""losses"":0,""draws"":0,""winPercentage"":0,""eventsEntered"":0,""titles"":0,""finals"":0,""prizeMoney"":0,""points"":0}",,,,,,,,,,,,,,118,,false,false,true,,71,18,9,2,7,1,0,0,0,0,0,0,0,9,9,estimated from season exits versus eligible schedule | 9 eligible events not entered,Rookie Pro,normal,,,true,true,false,true,0,0,0,,0,true,,mainTour,mainTour,,,true,true,
2039/40,wp-theo-crane,Theo Crane,38,GER,Established,Rookie Pro / Bubble,false,true,true,Playoff Route,1,2,2041/42,At Risk,,120,120,120,120,120,,,,,,,86,91,87,88,83,99,83,0,40,0,0,0,,0,,,,,,,0,65,1,1,0,100,1,0,0,"{""matches"":1,""wins"":1,""losses"":0,""draws"":0,""winPercentage"":100,""eventsEntered"":0,""titles"":1,""finals"":0,""prizeMoney"":0,""points"":0}",,,,,,,,,,,,,,19,,false,false,true,,71,18,9,2,7,1,0,0,0,0,0,0,0,9,9,estimated from season exits versus eligible schedule | 9 eligible events not entered,Rookie Pro,normal,,,true,true,false,false,0,0,0,,0,false,,mainTour,mainTour,,,true,true,
2039/40,wp-theo-keane,Theo Keane,34,GER,Established,Rookie Pro / Bubble,false,true,true,Playoff Route,2,1,2040/41,Rookie Year 2,121,121,121,121,121,121,,,,,121,0,54,55,56,49,53,63,42,0,23,0,0,0,,0,,,,,,,0,0,0,0,0,0,0,0,0,"{""matches"":0,""wins"":0,""losses"":0,""draws"":0,""winPercentage"":0,""eventsEntered"":0,""titles"":0,""finals"":0,""prizeMoney"":0,""points"":0}",,,,,,,,,,,,,,99,,false,false,true,,71,18,9,2,7,1,0,0,0,0,0,0,0,9,9,estimated from season exits versus eligible schedule | 9 eligible events not entered,Rookie Pro,normal,,,true,true,false,false,0,0,0,,0,false,,mainTour,mainTour,,,true,true,
2039/40,wp-theo-nash,Theo Nash,40,GER,Veteran,Rookie Pro / Bubble,false,true,true,Playoff Route,2,1,2040/41,Rookie Year 2,122,122,122,122,122,122,,,,,122,0,52,52,53,47,48,60,40,4,20,0,0,0,,0,,,,,,,0,0,0,0,0,0,0,0,0,"{""matches"":0,""wins"":0,""losses"":0,""draws"":0,""winPercentage"":0,""eventsEntered"":0,""titles"":0,""finals"":0,""prizeMoney"":0,""points"":0}",,,,,,,,,,,,,,115,,false,false,true,,71,18,9,2,7,1,0,0,0,0,0,0,0,9,9,estimated from season exits versus eligible schedule | 9 eligible events not entered,Rookie Pro,normal,,,true,true,false,false,0,0,0,,0,false,,mainTour,mainTour,,,true,true,
2039/40,wp-toby-hale,Toby Hale,29,SCO,Established,Rookie Pro / Bubble,false,true,true,Playoff Route,2,1,2040/41,Rookie Year 2,123,123,123,123,123,123,,,,,123,0,51,51,53,46,51,60,42,0,19,0,0,0,,0,,,,,,,0,0,0,0,0,0,0,0,0,"{""matches"":0,""wins"":0,""losses"":0,""draws"":0,""winPercentage"":0,""eventsEntered"":0,""titles"":0,""finals"":0,""prizeMoney"":0,""points"":0}",,,,,,,,,,,,,,123,,false,false,true,,71,18,9,2,7,1,0,0,0,0,0,0,0,9,9,estimated from season exits versus eligible schedule | 9 eligible events not entered,Rookie Pro,normal,,,true,true,false,false,0,0,0,,0,false,,mainTour,mainTour,,,true,true,
2039/40,wp-toby-hale-b,Toby Hale B,23,ENG,Rookie,Rookie Pro / Bubble,false,true,true,Playoff Route,2,1,2040/41,Rookie Year 2,124,124,124,124,124,124,,,,,124,0,51,55,53,46,51,60,42,0,19,0,0,0,,0,,,,,,,0,0,0,0,0,0,0,0,0,"{""matches"":0,""wins"":0,""losses"":0,""draws"":0,""winPercentage"":0,""eventsEntered"":0,""titles"":0,""finals"":0,""prizeMoney"":0,""points"":0}",,,,,,,,,,,,,,124,,false,false,true,,71,18,9,2,7,1,0,0,0,0,0,0,0,9,9,estimated from season exits versus eligible schedule | 9 eligible events not entered,Rookie Pro,normal,,,true,true,false,false,0,0,0,,0,false,,mainTour,mainTour,,,true,true,
2039/40,wp-toby-hale-d,Toby Hale D,23,ENG,Rookie,Rookie Pro / Bubble,false,true,true,Playoff Route,2,1,2040/41,Rookie Year 2,126,126,125,126,125,125,,,,,126,1,50,54,52,44,50,59,42,0,18,0,0,0,,0,,,,,,,0,0,0,0,0,0,0,0,0,"{""matches"":0,""wins"":0,""losses"":0,""draws"":0,""winPercentage"":0,""eventsEntered"":0,""titles"":0,""finals"":0,""prizeMoney"":0,""points"":0}",,,,,,,,,,,,,,126,,false,false,true,,71,18,9,2,7,1,0,0,0,0,0,0,0,9,9,estimated from season exits versus eligible schedule | 9 eligible events not entered,Rookie Pro,normal,,,true,true,false,false,0,0,0,,0,false,,mainTour,mainTour,,,true,true,
2039/40,wp-toby-hale-e,Toby Hale E,20,ENG,Rookie,Rookie Pro / Bubble,false,true,true,Playoff Route,1,2,2041/42,At Risk,,126,126,126,126,126,,,,,,,50,56,52,44,50,59,42,0,18,0,0,0,,0,,,,,,,0,93,0,0,0,0,0,0,0,"{""matches"":0,""wins"":0,""losses"":0,""draws"":0,""winPercentage"":0,""eventsEntered"":0,""titles"":0,""finals"":0,""prizeMoney"":0,""points"":0}",,,,,,,,,,,,,,128,,false,false,true,,71,18,9,2,7,1,0,0,0,0,0,0,0,9,9,estimated from season exits versus eligible schedule | 9 eligible events not entered,Rookie Pro,normal,,,true,true,false,false,0,0,0,,0,false,,mainTour,mainTour,,,true,true,
2039/40,wp-toby-hale-f,Toby Hale F,20,ENG,Rookie,Rookie Pro / Bubble,false,true,true,Playoff Route,2,1,2040/41,Rookie Year 2,127,127,127,127,127,127,,,,,127,0,50,56,52,44,50,59,42,0,18,0,0,0,,0,,,,,,,0,0,0,0,0,0,0,0,0,"{""matches"":0,""wins"":0,""losses"":0,""draws"":0,""winPercentage"":0,""eventsEntered"":0,""titles"":0,""finals"":0,""prizeMoney"":0,""points"":0}",,,,,,,,,,,,,,127,,false,false,true,,71,18,9,2,7,1,0,0,0,0,0,0,0,9,9,estimated from season exits versus eligible schedule | 9 eligible events not entered,Rookie Pro,normal,,,true,true,false,false,0,0,0,,0,false,,mainTour,mainTour,,,true,true,
2039/40,wp-toby-hale-g,Toby Hale G,20,ENG,Rookie,Rookie Pro / Bubble,false,true,true,Playoff Route,2,1,2040/41,Rookie Year 2,128,128,128,128,128,128,,,,,128,0,50,56,52,44,50,59,42,0,18,0,0,0,,0,,,,,,,0,0,0,0,0,0,0,0,0,"{""matches"":0,""wins"":0,""losses"":0,""draws"":0,""winPercentage"":0,""eventsEntered"":0,""titles"":0,""finals"":0,""prizeMoney"":0,""points"":0}",,,,,,,,,,,,,,128,,false,false,true,,71,18,9,2,7,1,0,0,0,0,0,0,0,9,9,estimated from season exits versus eligible schedule | 9 eligible events not entered,Rookie Pro,normal,,,true,true,false,false,0,0,0,,0,false,,mainTour,mainTour,,,true,true,
2039/40,wp-arlo-dawes-h,Arlo Dawes H,17,BEL,Youth,Amateur,false,false,false,,0,0,,Amateur,,,,,,,,,,,,,50,58,52,44,50,59,42,0,18,0,0,0,,0,,,,,,,0,20,0,0,0,0,0,0,0,"{""matches"":0,""wins"":0,""losses"":0,""draws"":0,""winPercentage"":0,""eventsEntered"":0,""titles"":0,""finals"":0,""prizeMoney"":0,""points"":0}",,,,,,,,,,,,,,,,false,false,false,,71,37,14,0,0,0,0,0,7,4,0,3,0,23,0,estimated from season exits versus eligible schedule | 23 eligible events not entered,Youth,normal,,,false,false,false,false,0,0,0,,0,false,,youth,youth,,,true,true,
2039/40,wp-arlo-dawes-i,Arlo Dawes I,17,BEL,Youth,Amateur,false,false,false,,0,0,,Amateur,,,,,,,,,,,,,50,58,52,44,50,59,42,0,18,0,0,0,,0,,,,,,,0,8,0,0,0,0,0,0,0,"{""matches"":0,""wins"":0,""losses"":0,""draws"":0,""winPercentage"":0,""eventsEntered"":0,""titles"":0,""finals"":0,""prizeMoney"":0,""points"":0}",,,,,,,,,,,,,,,,false,false,false,,71,37,14,0,0,0,0,0,7,4,0,3,0,23,0,estimated from season exits versus eligible schedule | 23 eligible events not entered,Youth,normal,,,false,false,false,false,0,0,0,,0,false,,youth,youth,,,true,true,
2039/40,wp-arlo-dawes-j,Arlo Dawes J,14,BEL,Youth,Amateur,false,false,false,,0,0,,Amateur,,,,,,,,,,,,,50,60,52,44,50,59,42,0,18,,,,,,,,,,,,,,0,0,0,0,0,0,0,"{""matches"":0,""wins"":0,""losses"":0,""draws"":0,""winPercentage"":0,""eventsEntered"":0,""titles"":0,""finals"":0,""prizeMoney"":0,""points"":0}",,,,,,,,,,,,,,,,,false,false,,71,37,14,0,0,0,0,0,7,4,0,3,0,23,0,estimated from season exits versus eligible schedule | 23 eligible events not entered,Youth,normal,,,false,false,false,false,0,0,0,,0,false,,youth,youth,,,true,true,
2039/40,wp-evan-mori-i,Evan Mori I,17,CHN,Youth,Amateur,false,false,false,,0,0,,Amateur,,,,,,,,,,,,,50,58,52,44,50,59,42,0,18,0,0,0,,0,,,,,,,0,7,0,0,0,0,0,0,0,"{""matches"":0,""wins"":0,""losses"":0,""draws"":0,""winPercentage"":0,""eventsEntered"":0,""titles"":0,""finals"":0,""prizeMoney"":0,""points"":0}",,,,,,,,,,,,,,,,false,false,false,,71,37,14,0,0,0,0,0,7,4,0,3,0,23,0,estimated from season exits versus eligible schedule | 23 eligible events not entered,Youth,normal,,,false,false,false,false,0,0,0,,0,false,,youth,youth,,,true,true,
2039/40,wp-evan-mori-j,Evan Mori J,14,CHN,Youth,Amateur,false,false,false,,0,0,,Amateur,,,,,,,,,,,,,50,60,52,44,50,59,42,0,18,,,,,,,,,,,,,,0,0,0,0,0,0,0,"{""matches"":0,""wins"":0,""losses"":0,""draws"":0,""winPercentage"":0,""eventsEntered"":0,""titles"":0,""finals"":0,""prizeMoney"":0,""points"":0}",,,,,,,,,,,,,,,,,false,false,,71,37,14,0,0,0,0,0,7,4,0,3,0,23,0,estimated from season exits versus eligible schedule | 23 eligible events not entered,Youth,normal,,,false,false,false,false,0,0,0,,0,false,,youth,youth,,,true,true,
2039/40,wp-finn-cross-i,Finn Cross I,16,BEL,Youth,Amateur,false,false,false,,0,0,,Amateur,,,,,,,,,,,,,50,58,52,44,50,59,42,0,18,0,0,0,,0,,,,,,,0,22,0,0,0,0,0,0,0,"{""matches"":0,""wins"":0,""losses"":0,""draws"":0,""winPercentage"":0,""eventsEntered"":0,""titles"":0,""finals"":0,""prizeMoney"":0,""points"":0}",,,,,,,,,,,,,,,,false,false,false,,71,37,14,0,0,0,0,0,7,4,0,3,0,23,0,estimated from season exits versus eligible schedule | 23 eligible events not entered,Youth,normal,,,false,false,false,false,0,0,0,,0,false,,youth,youth,,,true,true,
2039/40,wp-harvey-zhou,Harvey Zhou,45,ENG,Veteran,Senior Tour / Legend Circuit,false,false,false,,0,0,,Amateur,,,,,,,,,,16,,,60,64,60,56,54,66,35,12,34,0,0,0,,0,,,,,,,0,0,0,0,0,0,0,0,0,"{""matches"":0,""wins"":0,""losses"":0,""draws"":0,""winPercentage"":0,""eventsEntered"":0,""titles"":0,""finals"":0,""prizeMoney"":0,""points"":0}",,,,,,,,,,,,,,41,,false,false,false,,71,6,6,0,0,0,0,0,0,0,0,0,6,0,0,,Senior/Legend,normal,,,false,false,false,false,0,0,0,,0,false,,senior,senior,,,true,true,
2039/40,wp-hugo-cairn,Hugo Cairn,47,GER,Veteran,Senior Tour / Legend Circuit,false,false,false,,0,0,,Amateur,,,,,,,,,,5,,,65,71,64,62,58,70,33,15,40,0,0,0,,0,,,,,,,0,9,0,0,0,0,0,0,0,"{""matches"":0,""wins"":0,""losses"":0,""draws"":0,""winPercentage"":0,""eventsEntered"":0,""titles"":0,""finals"":0,""prizeMoney"":0,""points"":0}",,,,,,,,,,,,,,7,,false,false,false,,71,6,6,0,0,0,0,0,0,0,0,0,6,0,0,,Senior/Legend,normal,,,false,false,false,false,0,0,0,,0,false,,senior,senior,,,true,true,
2039/40,wp-jamie-crane,Jamie Crane,46,NIR,Veteran,Senior Tour / Legend Circuit,false,false,false,,0,0,,Amateur,,,,,,,,,,12,,,63,69,63,60,56,68,34,14,38,0,0,0,,0,,,,,,,0,1,0,0,0,0,0,0,0,"{""matches"":0,""wins"":0,""losses"":0,""draws"":0,""winPercentage"":0,""eventsEntered"":0,""titles"":0,""finals"":0,""prizeMoney"":0,""points"":0}",,,,,,,,,,,,,,16,,false,false,false,,71,6,6,0,0,0,0,0,0,0,0,0,6,0,0,,Senior/Legend,normal,,,false,false,false,false,0,0,0,,0,false,,senior,senior,,,true,true,
2039/40,wp-jamie-mercer,Jamie Mercer,32,NIR,Amateur,Amateur,false,false,false,,0,0,,Amateur,67,67,,67,,,44,,,,67,,59,63,61,56,58,68,42,0,32,0,0,0,,0,,,,,,,0,0,0,0,0,0,0,0,0,"{""matches"":0,""wins"":0,""losses"":0,""draws"":0,""winPercentage"":0,""eventsEntered"":0,""titles"":0,""finals"":0,""prizeMoney"":0,""points"":0}",,,,,,,,,,,,,,50,,false,false,false,,71,18,14,0,0,0,0,0,7,4,3,0,0,4,0,estimated from season exits versus eligible schedule | 4 eligible events not entered,Amateur,normal,,,false,false,false,false,0,0,0,,0,false,,amateur,amateur,,,true,true,
2039/40,wp-jamie-nash,Jamie Nash,58,NIR,Veteran,Senior Tour / Legend Circuit,false,false,false,,0,0,,Amateur,,,,,,,,,,6,,,59,63,56,54,47,58,22,33,32,0,0,0,,0,,,,,,,0,8,0,0,0,0,0,0,0,"{""matches"":0,""wins"":0,""losses"":0,""draws"":0,""winPercentage"":0,""eventsEntered"":0,""titles"":0,""finals"":0,""prizeMoney"":0,""points"":0}",,,,,,,,,,,,,,51,,false,false,false,,71,6,6,0,0,0,0,0,0,0,0,0,6,0,0,,Senior/Legend,normal,,,false,false,false,false,0,0,0,,0,false,,senior,senior,,,true,true,
2039/40,wp-jamie-sloan,Jamie Sloan,45,NIR,Veteran,Senior Tour / Legend Circuit,false,false,false,,0,0,,Amateur,,,,,,,,,,17,,,59,63,59,55,53,65,35,12,32,0,0,0,,0,,,,,,,0,0,0,0,0,0,0,0,0,"{""matches"":0,""wins"":0,""losses"":0,""draws"":0,""winPercentage"":0,""eventsEntered"":0,""titles"":0,""finals"":0,""prizeMoney"":0,""points"":0}",,,,,,,,,,,,,,52,,false,false,false,,71,6,6,0,0,0,0,0,0,0,0,0,6,0,0,,Senior/Legend,normal,,,false,false,false,false,0,0,0,,0,false,,senior,senior,,,true,true,
2039/40,wp-jude-sloan-c,Jude Sloan C,23,IRL,Amateur,Q School,false,false,false,,0,0,,Amateur,72,72,,72,,,29,27,25,,72,,57,63,59,53,57,66,42,0,29,0,0,0,,0,,,,,,,0,0,0,0,0,0,0,0,0,"{""matches"":0,""wins"":0,""losses"":0,""draws"":0,""winPercentage"":0,""eventsEntered"":0,""titles"":0,""finals"":0,""prizeMoney"":0,""points"":0}",,,,,,,,,,,,,,69,,false,false,false,,71,18,3,0,0,0,0,0,0,3,0,0,0,15,8,estimated from season exits versus eligible schedule | 15 eligible events not entered,Q School,normal,,,false,false,false,false,0,0,0,,0,false,,qTour,qSchool,,,true,true,
2039/40,wp-jude-sloan-d,Jude Sloan D,23,IRL,Amateur,Q School,false,false,false,,0,0,,Amateur,73,73,,73,,,30,29,26,,73,,57,63,59,53,57,66,42,0,28,0,0,0,,0,,,,,,,0,0,0,0,0,0,0,0,0,"{""matches"":0,""wins"":0,""losses"":0,""draws"":0,""winPercentage"":0,""eventsEntered"":0,""titles"":0,""finals"":0,""prizeMoney"":0,""points"":0}",,,,,,,,,,,,,,70,,false,false,false,,71,18,3,0,0,0,0,0,0,3,0,0,0,15,8,estimated from season exits versus eligible schedule | 15 eligible events not entered,Q School,normal,,,false,false,false,false,0,0,0,,0,false,,qTour,qSchool,,,true,true,
2039/40,wp-jude-sloan-h,Jude Sloan H,17,IRL,Youth,Amateur,false,false,false,,0,0,,Amateur,,,,,,,,,,,,,50,58,52,44,50,59,42,0,18,0,0,0,,0,,,,,,,0,29,0,0,0,0,0,0,0,"{""matches"":0,""wins"":0,""losses"":0,""draws"":0,""winPercentage"":0,""eventsEntered"":0,""titles"":0,""finals"":0,""prizeMoney"":0,""points"":0}",,,,,,,,,,,,,,,,false,false,false,,71,37,14,0,0,0,0,0,7,4,0,3,0,23,0,estimated from season exits versus eligible schedule | 23 eligible events not entered,Youth,normal,,,false,false,false,false,0,0,0,,0,false,,youth,youth,,,true,true,
2039/40,wp-jude-sloan-i,Jude Sloan I,17,IRL,Youth,Amateur,false,false,false,,0,0,,Amateur,,,,,,,,,,,,,50,58,52,44,50,59,42,0,18,0,0,0,,0,,,,,,,0,19,0,0,0,0,0,0,0,"{""matches"":0,""wins"":0,""losses"":0,""draws"":0,""winPercentage"":0,""eventsEntered"":0,""titles"":0,""finals"":0,""prizeMoney"":0,""points"":0}",,,,,,,,,,,,,,,,false,false,false,,71,37,14,0,0,0,0,0,7,4,0,3,0,23,0,estimated from season exits versus eligible schedule | 23 eligible events not entered,Youth,normal,,,false,false,false,false,0,0,0,,0,false,,youth,youth,,,true,true,
2039/40,wp-jude-sloan-j,Jude Sloan J,15,AUS,Youth,Amateur,false,false,false,,0,0,,Amateur,,,,,,,,,,,,,50,59,52,44,50,59,42,0,18,,,,,,,,,,,,,,0,0,0,0,0,0,0,"{""matches"":0,""wins"":0,""losses"":0,""draws"":0,""winPercentage"":0,""eventsEntered"":0,""titles"":0,""finals"":0,""prizeMoney"":0,""points"":0}",,,,,,,,,,,,,,,,,false,false,,71,37,14,0,0,0,0,0,7,4,0,3,0,23,0,estimated from season exits versus eligible schedule | 23 eligible events not entered,Youth,normal,,,false,false,false,false,0,0,0,,0,false,,youth,youth,,,true,true,
2039/40,wp-kai-pryce-d,Kai Pryce D,23,CHN,Amateur,Q School,false,false,false,,0,0,,Amateur,78,78,,78,,,31,30,27,,78,,56,62,58,52,56,65,42,0,28,0,0,0,,0,,,,,,,0,0,0,0,0,0,0,0,0,"{""matches"":0,""wins"":0,""losses"":0,""draws"":0,""winPercentage"":0,""eventsEntered"":0,""titles"":0,""finals"":0,""prizeMoney"":0,""points"":0}",,,,,,,,,,,,,,74,,false,false,false,,71,18,3,0,0,0,0,0,0,3,0,0,0,15,8,estimated from season exits versus eligible schedule | 15 eligible events not entered,Q School,normal,,,false,false,false,false,0,0,0,,0,false,,qTour,qSchool,,,true,true,
2039/40,wp-kai-pryce-e,Kai Pryce E,23,CHN,Amateur,Q School,false,false,false,,0,0,,Amateur,79,79,,79,,,32,31,28,,79,,56,62,58,52,56,65,42,0,28,0,0,0,,0,,,,,,,0,0,0,0,0,0,0,0,0,"{""matches"":0,""wins"":0,""losses"":0,""draws"":0,""winPercentage"":0,""eventsEntered"":0,""titles"":0,""finals"":0,""prizeMoney"":0,""points"":0}",,,,,,,,,,,,,,75,,false,false,false,,71,18,3,0,0,0,0,0,0,3,0,0,0,15,8,estimated from season exits versus eligible schedule | 15 eligible events not entered,Q School,normal,,,false,false,false,false,0,0,0,,0,false,,qTour,qSchool,,,true,true,
2039/40,wp-kai-pryce-h,Kai Pryce H,18,WAL,Amateur,Q School,false,false,false,,0,0,,Amateur,,,,,,,11,10,12,,,,50,57,52,44,50,59,42,0,18,0,0,0,,0,,,,,,,0,26,0,0,0,0,0,0,0,"{""matches"":0,""wins"":0,""losses"":0,""draws"":0,""winPercentage"":0,""eventsEntered"":0,""titles"":0,""finals"":0,""prizeMoney"":0,""points"":0}",,,,,,,,,,,,,,,,false,false,false,,71,18,3,0,0,0,0,0,0,3,0,0,0,15,8,estimated from season exits versus eligible schedule | 15 eligible events not entered,Q School,normal,,,false,false,false,false,0,0,0,,0,false,,qSchool,qSchool,,,true,true,
2039/40,wp-kai-pryce-i,Kai Pryce I,18,WAL,Amateur,Q School,false,false,false,,0,0,,Amateur,,,,,,,14,14,15,,,,50,57,52,44,50,59,42,0,18,0,0,0,,0,,,,,,,0,17,0,0,0,0,0,0,0,"{""matches"":0,""wins"":0,""losses"":0,""draws"":0,""winPercentage"":0,""eventsEntered"":0,""titles"":0,""finals"":0,""prizeMoney"":0,""points"":0}",,,,,,,,,,,,,,,,false,false,false,,71,18,3,0,0,0,0,0,0,3,0,0,0,15,8,estimated from season exits versus eligible schedule | 15 eligible events not entered,Q School,normal,,,false,false,false,false,0,0,0,,0,false,,qSchool,qSchool,,,true,true,
2039/40,wp-kai-pryce-j,Kai Pryce J,15,WAL,Youth,Amateur,false,false,false,,0,0,,Amateur,,,,,,,,,,,,,50,59,52,44,50,59,42,0,18,0,0,0,,0,,,,,,,0,13,0,0,0,0,0,0,0,"{""matches"":0,""wins"":0,""losses"":0,""draws"":0,""winPercentage"":0,""eventsEntered"":0,""titles"":0,""finals"":0,""prizeMoney"":0,""points"":0}",,,,,,,,,,,,,,,,false,false,false,,71,37,14,0,0,0,0,0,7,4,0,3,0,23,0,estimated from season exits versus eligible schedule | 23 eligible events not entered,Youth,normal,,,false,false,false,false,0,0,0,,0,false,,youth,youth,,,true,true,
2039/40,wp-kai-pryce-k,Kai Pryce K,15,WAL,Youth,Amateur,false,false,false,,0,0,,Amateur,,,,,,,,,,,,,50,59,52,44,50,59,42,0,18,,,,,,,,,,,,,,0,0,0,0,0,0,0,"{""matches"":0,""wins"":0,""losses"":0,""draws"":0,""winPercentage"":0,""eventsEntered"":0,""titles"":0,""finals"":0,""prizeMoney"":0,""points"":0}",,,,,,,,,,,,,,,,,false,false,,71,37,14,0,0,0,0,0,7,4,0,3,0,23,0,estimated from season exits versus eligible schedule | 23 eligible events not entered,Youth,normal,,,false,false,false,false,0,0,0,,0,false,,youth,youth,,,true,true,
2039/40,wp-kian-crane,Kian Crane,37,NED,Amateur,Amateur,false,false,false,,0,0,,Amateur,81,81,,81,,,47,,,,81,,63,68,64,60,61,72,42,0,37,0,0,0,,0,,,,,,,0,0,0,0,0,0,0,0,0,"{""matches"":0,""wins"":0,""losses"":0,""draws"":0,""winPercentage"":0,""eventsEntered"":0,""titles"":0,""finals"":0,""prizeMoney"":0,""points"":0}",,,,,,,,,,,,,,20,,false,false,false,,71,18,14,0,0,0,0,0,7,4,3,0,0,4,0,estimated from season exits versus eligible schedule | 4 eligible events not entered,Amateur,normal,,,false,false,false,false,0,0,0,,0,false,,amateur,amateur,,,true,true,
2039/40,wp-kian-holt,Kian Holt,36,NED,Amateur,Amateur,false,false,false,,0,0,,Amateur,82,82,,82,,,46,,,,82,,82,86,84,83,80,99,83,0,34,0,0,0,,0,,,,,,,0,0,1,1,0,100,1,0,0,"{""matches"":1,""wins"":1,""losses"":0,""draws"":0,""winPercentage"":100,""eventsEntered"":0,""titles"":1,""finals"":0,""prizeMoney"":0,""points"":0}",,,,,,,,,,,,,,52,,false,false,false,,71,18,14,0,0,0,0,0,7,4,3,0,0,4,0,estimated from season exits versus eligible schedule | 4 eligible events not entered,Amateur,normal,,,false,false,false,false,0,0,0,,0,false,,amateur,amateur,,,true,true,
2039/40,wp-kian-nash,Kian Nash,45,NED,Veteran,Senior Tour / Legend Circuit,false,false,false,,0,0,,Amateur,,,,,,,,,,18,,,58,61,58,54,52,64,35,12,30,0,0,0,,0,,,,,,,0,0,0,0,0,0,0,0,0,"{""matches"":0,""wins"":0,""losses"":0,""draws"":0,""winPercentage"":0,""eventsEntered"":0,""titles"":0,""finals"":0,""prizeMoney"":0,""points"":0}",,,,,,,,,,,,,,59,,false,false,false,,71,6,6,0,0,0,0,0,0,0,0,0,6,0,0,,Senior/Legend,normal,,,false,false,false,false,0,0,0,,0,false,,senior,senior,,,true,true,
2039/40,wp-kian-zhou,Kian Zhou,38,NED,Amateur,Amateur,false,false,false,,0,0,,Amateur,86,86,,86,,,48,,,,86,,61,66,62,58,58,70,42,1,35,0,0,0,,0,,,,,,,0,0,0,0,0,0,0,0,0,"{""matches"":0,""wins"":0,""losses"":0,""draws"":0,""winPercentage"":0,""eventsEntered"":0,""titles"":0,""finals"":0,""prizeMoney"":0,""points"":0}",,,,,,,,,,,,,,36,,false,false,false,,71,18,14,0,0,0,0,0,7,4,3,0,0,4,0,estimated from season exits versus eligible schedule | 4 eligible events not entered,Amateur,normal,,,false,false,false,false,0,0,0,,0,false,,amateur,amateur,,,true,true,
2039/40,wp-leo-crane,Leo Crane,42,POL,Veteran,Amateur,false,false,false,,0,0,,Amateur,,,,,,,,,,,,,63,68,63,60,58,70,38,7,37,0,0,0,,0,,,,,,,0,0,0,0,0,0,0,0,0,"{""matches"":0,""wins"":0,""losses"":0,""draws"":0,""winPercentage"":0,""eventsEntered"":0,""titles"":0,""finals"":0,""prizeMoney"":0,""points"":0}",,,,,,,,,,,,,,21,,false,false,false,,71,18,14,0,0,0,0,0,7,4,3,0,0,4,0,estimated from season exits versus eligible schedule | 4 eligible events not entered,Amateur,normal,,,false,false,false,false,0,0,0,,0,false,,amateur,amateur,,,true,true,
2039/40,wp-leo-holt,Leo Holt,44,POL,Veteran,Amateur,false,false,false,,0,0,,Amateur,,,,,,,,,,,,,59,63,59,55,53,65,36,11,32,0,0,0,,0,,,,,,,0,0,0,0,0,0,0,0,0,"{""matches"":0,""wins"":0,""losses"":0,""draws"":0,""winPercentage"":0,""eventsEntered"":0,""titles"":0,""finals"":0,""prizeMoney"":0,""points"":0}",,,,,,,,,,,,,,53,,false,false,false,,71,18,14,0,0,0,0,0,7,4,3,0,0,4,0,estimated from season exits versus eligible schedule | 4 eligible events not entered,Amateur,normal,,,false,false,false,false,0,0,0,,0,false,,amateur,amateur,,,true,true,
2039/40,wp-leo-keane,Leo Keane,34,POL,Amateur,Amateur,false,false,false,,0,0,,Amateur,87,87,,87,,,49,,,,87,,58,61,60,54,57,67,42,0,30,0,0,0,,0,,,,,,,0,0,0,0,0,0,0,0,0,"{""matches"":0,""wins"":0,""losses"":0,""draws"":0,""winPercentage"":0,""eventsEntered"":0,""titles"":0,""finals"":0,""prizeMoney"":0,""points"":0}",,,,,,,,,,,,,,64,,false,false,false,,71,18,14,0,0,0,0,0,7,4,3,0,0,4,0,estimated from season exits versus eligible schedule | 4 eligible events not entered,Amateur,normal,,,false,false,false,false,0,0,0,,0,false,,amateur,amateur,,,true,true,
2039/40,wp-leo-zhou,Leo Zhou,63,POL,Veteran,Senior Tour / Legend Circuit,false,false,false,,0,0,,Amateur,,,,,,,,,,2,,,61,66,57,55,46,57,17,41,34,0,0,0,,0,,,,,,,0,12,0,0,0,0,0,0,0,"{""matches"":0,""wins"":0,""losses"":0,""draws"":0,""winPercentage"":0,""eventsEntered"":0,""titles"":0,""finals"":0,""prizeMoney"":0,""points"":0}",,,,,,,,,,,,,,37,,false,false,false,,71,6,6,0,0,0,0,0,0,0,0,0,6,0,0,,Senior/Legend,normal,,,false,false,false,false,0,0,0,,0,false,,senior,senior,,,true,true,
2039/40,wp-lewis-crane,Lewis Crane,47,CHN,Veteran,Senior Tour / Legend Circuit,false,false,false,,0,0,,Amateur,,,,,,,,,,9,,,62,67,61,58,55,67,33,15,36,0,0,0,,0,,,,,,,0,5,1,0,1,0,0,0,0,"{""matches"":1,""wins"":0,""losses"":1,""draws"":0,""winPercentage"":0,""eventsEntered"":0,""titles"":0,""finals"":0,""prizeMoney"":0,""points"":0}",,,,,,,,,,,,,,26,,false,false,false,,71,6,6,0,0,0,0,0,0,0,0,0,6,0,0,,Senior/Legend,normal,,,false,false,false,false,0,0,0,,0,false,,senior,senior,,,true,true,
2039/40,wp-lewis-holt,Lewis Holt,42,CHN,Veteran,Amateur,false,false,false,,0,0,,Amateur,,,,,,,,,,,,,58,62,58,54,53,65,38,7,31,0,0,0,,0,,,,,,,0,0,0,0,0,0,0,0,0,"{""matches"":0,""wins"":0,""losses"":0,""draws"":0,""winPercentage"":0,""eventsEntered"":0,""titles"":0,""finals"":0,""prizeMoney"":0,""points"":0}",,,,,,,,,,,,,,58,,false,false,false,,71,18,14,0,0,0,0,0,7,4,3,0,0,4,0,estimated from season exits versus eligible schedule | 4 eligible events not entered,Amateur,normal,,,false,false,false,false,0,0,0,,0,false,,amateur,amateur,,,true,true,
2039/40,wp-lewis-mercer,Lewis Mercer,36,CHN,Amateur,Q School,false,false,false,,0,0,,Amateur,,,,,,,21,24,24,,,,57,60,59,53,55,66,42,0,28,0,0,0,,0,,,,,,,0,11,0,0,0,0,0,0,0,"{""matches"":0,""wins"":0,""losses"":0,""draws"":0,""winPercentage"":0,""eventsEntered"":0,""titles"":0,""finals"":0,""prizeMoney"":0,""points"":0}",,,,,,,,,,,,,,71,,false,false,false,,71,18,3,0,0,0,0,0,0,3,0,0,0,15,8,estimated from season exits versus eligible schedule | 15 eligible events not entered,Q School,normal,,,false,false,false,false,0,0,0,,0,false,,qSchool,qSchool,,,true,true,
2039/40,wp-lewis-sloan,Lewis Sloan,31,CHN,Amateur,Amateur,false,false,false,,0,0,,Amateur,93,93,,93,,,42,,,,93,,57,60,59,53,57,66,42,0,28,0,0,0,,0,,,,,,,0,0,0,0,0,0,0,0,0,"{""matches"":0,""wins"":0,""losses"":0,""draws"":0,""winPercentage"":0,""eventsEntered"":0,""titles"":0,""finals"":0,""prizeMoney"":0,""points"":0}",,,,,,,,,,,,,,73,,false,false,false,,71,18,14,0,0,0,0,0,7,4,3,0,0,4,0,estimated from season exits versus eligible schedule | 4 eligible events not entered,Amateur,normal,,,false,false,false,false,0,0,0,,0,false,,amateur,amateur,,,true,true,
2039/40,wp-lewis-zhou,Lewis Zhou,44,CHN,Veteran,Amateur,false,false,false,,0,0,,Amateur,,,,,,,,,,,,,60,64,60,56,54,66,36,11,33,0,0,0,,0,,,,,,,0,0,0,0,0,0,0,0,0,"{""matches"":0,""wins"":0,""losses"":0,""draws"":0,""winPercentage"":0,""eventsEntered"":0,""titles"":0,""finals"":0,""prizeMoney"":0,""points"":0}",,,,,,,,,,,,,,42,,false,false,false,,71,18,14,0,0,0,0,0,7,4,3,0,0,4,0,estimated from season exits versus eligible schedule | 4 eligible events not entered,Amateur,normal,,,false,false,false,false,0,0,0,,0,false,,amateur,amateur,,,true,true,
2039/40,wp-liam-crane,Liam Crane,45,CHN,Veteran,Senior Tour / Legend Circuit,false,false,false,,0,0,,Amateur,,,,,,,,,,14,,,64,70,64,61,58,70,35,12,39,0,0,0,,0,,,,,,,0,0,0,0,0,0,0,0,0,"{""matches"":0,""wins"":0,""losses"":0,""draws"":0,""winPercentage"":0,""eventsEntered"":0,""titles"":0,""finals"":0,""prizeMoney"":0,""points"":0}",,,,,,,,,,,,,,13,,false,false,false,,71,6,6,0,0,0,0,0,0,0,0,0,6,0,0,,Senior/Legend,normal,,,false,false,false,false,0,0,0,,0,false,,senior,senior,,,true,true,
2039/40,wp-liam-dawes,Liam Dawes,39,CHN,Amateur,Q Tour,false,false,false,,0,0,,Amateur,,,,,,,24,28,,,,,56,59,57,52,53,64,41,3,27,0,0,0,,0,,,,,,,0,7,0,0,0,0,0,0,0,"{""matches"":0,""wins"":0,""losses"":0,""draws"":0,""winPercentage"":0,""eventsEntered"":0,""titles"":0,""finals"":0,""prizeMoney"":0,""points"":0}",,,,,,,,,,,,,,76,,false,false,false,,71,18,7,0,0,0,0,0,3,4,0,0,0,11,4,estimated from season exits versus eligible schedule | 11 eligible events not entered,Q Tour,normal,,,false,false,false,false,0,0,0,,0,false,,amateur,qTour,,,true,true,
2039/40,wp-liam-holt,Liam Holt,42,CHN,Veteran,Amateur,false,false,false,,0,0,,Amateur,,,,,,,,,,,,,60,64,60,56,55,67,38,7,33,0,0,0,,0,,,,,,,0,0,0,0,0,0,0,0,0,"{""matches"":0,""wins"":0,""losses"":0,""draws"":0,""winPercentage"":0,""eventsEntered"":0,""titles"":0,""finals"":0,""prizeMoney"":0,""points"":0}",,,,,,,,,,,,,,45,,false,false,false,,71,18,14,0,0,0,0,0,7,4,3,0,0,4,0,estimated from season exits versus eligible schedule | 4 eligible events not entered,Amateur,normal,,,false,false,false,false,0,0,0,,0,false,,amateur,amateur,,,true,true,
2039/40,wp-liam-keane,Liam Keane,41,CHN,Veteran,Amateur,false,false,false,,0,0,,Amateur,,,,,,,,,,,,,56,59,57,51,52,64,39,6,27,0,0,0,,0,,,,,,,0,0,0,0,0,0,0,0,0,"{""matches"":0,""wins"":0,""losses"":0,""draws"":0,""winPercentage"":0,""eventsEntered"":0,""titles"":0,""finals"":0,""prizeMoney"":0,""points"":0}",,,,,,,,,,,,,,78,,false,false,false,,71,18,14,0,0,0,0,0,7,4,3,0,0,4,0,estimated from season exits versus eligible schedule | 4 eligible events not entered,Amateur,normal,,,false,false,false,false,0,0,0,,0,false,,amateur,amateur,,,true,true,
2039/40,wp-liam-mercer,Liam Mercer,45,CHN,Veteran,Senior Tour / Legend Circuit,false,false,false,,0,0,,Amateur,,,,,,,,,,20,,,56,59,56,51,50,62,35,12,27,0,0,0,,0,,,,,,,0,0,0,0,0,0,0,0,0,"{""matches"":0,""wins"":0,""losses"":0,""draws"":0,""winPercentage"":0,""eventsEntered"":0,""titles"":0,""finals"":0,""prizeMoney"":0,""points"":0}",,,,,,,,,,,,,,77,,false,false,false,,71,6,6,0,0,0,0,0,0,0,0,0,6,0,0,,Senior/Legend,normal,,,false,false,false,false,0,0,0,,0,false,,amateur,senior,,,true,true,
2039/40,wp-liam-nash,Liam Nash,41,CHN,Veteran,Amateur,false,false,false,,0,0,,Amateur,,,,,,,,,,,,,56,58,57,51,52,64,39,6,27,0,0,0,,0,,,,,,,0,0,0,0,0,0,0,0,0,"{""matches"":0,""wins"":0,""losses"":0,""draws"":0,""winPercentage"":0,""eventsEntered"":0,""titles"":0,""finals"":0,""prizeMoney"":0,""points"":0}",,,,,,,,,,,,,,79,,false,false,false,,71,18,14,0,0,0,0,0,7,4,3,0,0,4,0,estimated from season exits versus eligible schedule | 4 eligible events not entered,Amateur,normal,,,false,false,false,false,0,0,0,,0,false,,amateur,amateur,,,true,true,
2039/40,wp-liam-sloan,Liam Sloan,39,CHN,Amateur,Q Tour,false,false,false,,0,0,,Amateur,,,,,,,23,26,,,,,58,61,59,54,55,66,41,3,30,0,0,0,,0,,,,,,,0,8,0,0,0,0,0,0,0,"{""matches"":0,""wins"":0,""losses"":0,""draws"":0,""winPercentage"":0,""eventsEntered"":0,""titles"":0,""finals"":0,""prizeMoney"":0,""points"":0}",,,,,,,,,,,,,,61,,false,false,false,,71,18,7,0,0,0,0,0,3,4,0,0,0,11,4,estimated from season exits versus eligible schedule | 11 eligible events not entered,Q Tour,normal,,,false,false,false,false,0,0,0,,0,false,,amateur,qTour,,,true,true,
2039/40,wp-luca-mercer-a,Luca Mercer A,25,ENG,Amateur,Q School,false,false,false,,0,0,,Amateur,,,,,,,3,3,3,,,,55,59,57,50,55,64,42,0,25,0,0,0,,0,,,,,,,0,58,0,0,0,0,0,0,0,"{""matches"":0,""wins"":0,""losses"":0,""draws"":0,""winPercentage"":0,""eventsEntered"":0,""titles"":0,""finals"":0,""prizeMoney"":0,""points"":0}",,,,,,,,,,,,,,87,,false,false,false,,71,18,3,0,0,0,0,0,0,3,0,0,0,15,8,estimated from season exits versus eligible schedule | 15 eligible events not entered,Q School,normal,,,false,false,false,false,0,0,0,,0,false,,qSchool,qSchool,,,true,true,
2039/40,wp-luca-mercer-c,Luca Mercer C,25,ENG,Amateur,Q School,false,false,false,,0,0,,Amateur,,,,,,,1,1,1,,,,77,81,79,77,77,95,83,0,27,0,0,0,,0,,,,,,,0,68,1,1,0,100,1,0,0,"{""matches"":1,""wins"":1,""losses"":0,""draws"":0,""winPercentage"":100,""eventsEntered"":0,""titles"":1,""finals"":0,""prizeMoney"":0,""points"":0}",,,,,,,,,,,,,,91,,false,false,false,,71,18,3,0,0,0,0,0,0,3,0,0,0,15,8,estimated from season exits versus eligible schedule | 15 eligible events not entered,Q School,normal,,,false,false,false,false,0,0,0,,0,false,,qSchool,qSchool,,,true,true,
2039/40,wp-luca-mercer-d,Luca Mercer D,23,SCO,Amateur,Q School,false,false,false,,0,0,,Amateur,94,94,,94,,,33,,29,,94,,54,59,56,49,54,63,42,0,24,0,0,0,,0,,,,,,,0,0,0,0,0,0,0,0,0,"{""matches"":0,""wins"":0,""losses"":0,""draws"":0,""winPercentage"":0,""eventsEntered"":0,""titles"":0,""finals"":0,""prizeMoney"":0,""points"":0}",,,,,,,,,,,,,,92,,false,false,false,,71,18,3,0,0,0,0,0,0,3,0,0,0,15,8,estimated from season exits versus eligible schedule | 15 eligible events not entered,Q School,normal,,,false,false,false,false,0,0,0,,0,false,,qTour,qSchool,,,true,true,
2039/40,wp-luca-mercer-h,Luca Mercer H,17,SCO,Youth,Amateur,false,false,false,,0,0,,Amateur,,,,,,,,,,,,,50,58,52,44,50,59,42,0,18,0,0,0,,0,,,,,,,0,28,0,0,0,0,0,0,0,"{""matches"":0,""wins"":0,""losses"":0,""draws"":0,""winPercentage"":0,""eventsEntered"":0,""titles"":0,""finals"":0,""prizeMoney"":0,""points"":0}",,,,,,,,,,,,,,,,false,false,false,,71,37,14,0,0,0,0,0,7,4,0,3,0,23,0,estimated from season exits versus eligible schedule | 23 eligible events not entered,Youth,normal,,,false,false,false,false,0,0,0,,0,false,,youth,youth,,,true,true,
2039/40,wp-luca-mercer-i,Luca Mercer I,17,SCO,Youth,Amateur,false,false,false,,0,0,,Amateur,,,,,,,,,,,,,50,58,52,44,50,59,42,0,18,0,0,0,,0,,,,,,,0,18,0,0,0,0,0,0,0,"{""matches"":0,""wins"":0,""losses"":0,""draws"":0,""winPercentage"":0,""eventsEntered"":0,""titles"":0,""finals"":0,""prizeMoney"":0,""points"":0}",,,,,,,,,,,,,,,,false,false,false,,71,37,14,0,0,0,0,0,7,4,0,3,0,23,0,estimated from season exits versus eligible schedule | 23 eligible events not entered,Youth,normal,,,false,false,false,false,0,0,0,,0,false,,youth,youth,,,true,true,
2039/40,wp-luca-mercer-j,Luca Mercer J,17,SCO,Youth,Amateur,false,false,false,,0,0,,Amateur,,,,,,,,,,,,,50,58,52,44,50,59,42,0,18,0,0,0,,0,,,,,,,0,6,0,0,0,0,0,0,0,"{""matches"":0,""wins"":0,""losses"":0,""draws"":0,""winPercentage"":0,""eventsEntered"":0,""titles"":0,""finals"":0,""prizeMoney"":0,""points"":0}",,,,,,,,,,,,,,,,false,false,false,,71,37,14,0,0,0,0,0,7,4,0,3,0,23,0,estimated from season exits versus eligible schedule | 23 eligible events not entered,Youth,normal,,,false,false,false,false,0,0,0,,0,false,,youth,youth,,,true,true,
2039/40,wp-luca-wren,Luca Wren,44,SCO,Veteran,Amateur,false,false,false,,0,0,,Amateur,,,,,,,,,,,,,65,71,65,62,59,71,36,11,40,0,0,0,,0,,,,,,,0,0,0,0,0,0,0,0,0,"{""matches"":0,""wins"":0,""losses"":0,""draws"":0,""winPercentage"":0,""eventsEntered"":0,""titles"":0,""finals"":0,""prizeMoney"":0,""points"":0}",,,,,,,,,,,,,,4,,false,false,false,,71,18,14,0,0,0,0,0,7,4,3,0,0,4,0,estimated from season exits versus eligible schedule | 4 eligible events not entered,Amateur,normal,,,false,false,false,false,0,0,0,,0,false,,amateur,amateur,,,true,true,
2039/40,wp-marcus-crane,Marcus Crane,47,WAL,Veteran,Senior Tour / Legend Circuit,false,false,false,,0,0,,Amateur,,,,,,,,,,8,,,86,92,85,87,79,99,74,12,41,0,0,0,,0,,,,,,,0,6,1,1,0,100,1,0,0,"{""matches"":1,""wins"":1,""losses"":0,""draws"":0,""winPercentage"":100,""eventsEntered"":0,""titles"":1,""finals"":0,""prizeMoney"":0,""points"":0}",,,,,,,,,,,,,,14,,false,false,false,,71,6,6,0,0,0,0,0,0,0,0,0,6,0,0,,Senior/Legend,normal,,,false,false,false,false,0,0,0,,0,false,,senior,senior,,,true,true,
2039/40,wp-marcus-dawes,Marcus Dawes,41,WAL,Veteran,Amateur,false,false,false,,0,0,,Amateur,,,,,,,,,,,,,55,57,56,50,51,63,39,6,26,0,0,0,,0,,,,,,,0,0,0,0,0,0,0,0,0,"{""matches"":0,""wins"":0,""losses"":0,""draws"":0,""winPercentage"":0,""eventsEntered"":0,""titles"":0,""finals"":0,""prizeMoney"":0,""points"":0}",,,,,,,,,,,,,,85,,false,false,false,,71,18,14,0,0,0,0,0,7,4,3,0,0,4,0,estimated from season exits versus eligible schedule | 4 eligible events not entered,Amateur,normal,,,false,false,false,false,0,0,0,,0,false,,amateur,amateur,,,true,true,
2039/40,wp-marcus-keane,Marcus Keane,62,WAL,Veteran,Senior Tour / Legend Circuit,false,false,false,,0,0,,Amateur,,,,,,,,,,4,,,55,57,51,48,41,52,18,39,25,0,0,0,,0,,,,,,,0,10,0,0,0,0,0,0,0,"{""matches"":0,""wins"":0,""losses"":0,""draws"":0,""winPercentage"":0,""eventsEntered"":0,""titles"":0,""finals"":0,""prizeMoney"":0,""points"":0}",,,,,,,,,,,,,,88,,false,false,false,,71,6,6,0,0,0,0,0,0,0,0,0,6,0,0,,Senior/Legend,normal,,,false,false,false,false,0,0,0,,0,false,,amateur,senior,,,true,true,
2039/40,wp-marcus-mercer,Marcus Mercer,31,WAL,Amateur,Amateur,false,false,false,,0,0,,Amateur,97,97,,97,,,43,,,,97,,56,59,58,52,56,65,42,0,27,0,0,0,,0,,,,,,,0,0,0,0,0,0,0,0,0,"{""matches"":0,""wins"":0,""losses"":0,""draws"":0,""winPercentage"":0,""eventsEntered"":0,""titles"":0,""finals"":0,""prizeMoney"":0,""points"":0}",,,,,,,,,,,,,,78,,false,false,false,,71,18,14,0,0,0,0,0,7,4,3,0,0,4,0,estimated from season exits versus eligible schedule | 4 eligible events not entered,Amateur,normal,,,false,false,false,false,0,0,0,,0,false,,amateur,amateur,,,true,true,
2039/40,wp-marcus-nash,Marcus Nash,39,WAL,Amateur,Amateur,false,false,false,,0,0,,Amateur,98,98,,98,,,50,,,,98,,55,57,56,50,52,63,41,3,25,0,0,0,,0,,,,,,,0,0,0,0,0,0,0,0,0,"{""matches"":0,""wins"":0,""losses"":0,""draws"":0,""winPercentage"":0,""eventsEntered"":0,""titles"":0,""finals"":0,""prizeMoney"":0,""points"":0}",,,,,,,,,,,,,,88,,false,false,false,,71,18,14,0,0,0,0,0,7,4,3,0,0,4,0,estimated from season exits versus eligible schedule | 4 eligible events not entered,Amateur,normal,,,false,false,false,false,0,0,0,,0,false,,amateur,amateur,,,true,true,
2039/40,wp-marcus-sloan,Marcus Sloan,41,WAL,Veteran,Amateur,false,false,false,,0,0,,Amateur,,,,,,,,,,,,,58,61,59,54,54,66,39,6,30,0,0,0,,0,,,,,,,0,0,0,0,0,0,0,0,0,"{""matches"":0,""wins"":0,""losses"":0,""draws"":0,""winPercentage"":0,""eventsEntered"":0,""titles"":0,""finals"":0,""prizeMoney"":0,""points"":0}",,,,,,,,,,,,,,62,,false,false,false,,71,18,14,0,0,0,0,0,7,4,3,0,0,4,0,estimated from season exits versus eligible schedule | 4 eligible events not entered,Amateur,normal,,,false,false,false,false,0,0,0,,0,false,,amateur,amateur,,,true,true,
2039/40,wp-mason-crane,Mason Crane,64,IRL,Veteran,Senior Tour / Legend Circuit,false,false,false,,0,0,,Amateur,,,,,,,,,,1,,,63,69,59,58,48,59,16,42,38,0,0,0,,0,,,,,,,0,13,0,0,0,0,0,0,0,"{""matches"":0,""wins"":0,""losses"":0,""draws"":0,""winPercentage"":0,""eventsEntered"":0,""titles"":0,""finals"":0,""prizeMoney"":0,""points"":0}",,,,,,,,,,,,,,17,,false,false,false,,71,6,6,0,0,0,0,0,0,0,0,0,6,0,0,,Senior/Legend,normal,,,false,false,false,false,0,0,0,,0,false,,senior,senior,,,true,true,
2039/40,wp-mason-holt,Mason Holt,37,IRL,Amateur,Q School,false,false,false,,0,0,,Amateur,,,,,,,20,22,22,,,,59,63,60,56,57,68,42,0,32,0,0,0,,0,,,,,,,0,12,1,0,1,0,0,0,0,"{""matches"":1,""wins"":0,""losses"":1,""draws"":0,""winPercentage"":0,""eventsEntered"":0,""titles"":0,""finals"":0,""prizeMoney"":0,""points"":0}",,,,,,,,,,,,,,49,,false,false,false,,71,18,3,0,0,0,0,0,0,3,0,0,0,15,8,estimated from season exits versus eligible schedule | 15 eligible events not entered,Q School,normal,,,false,false,false,false,0,0,0,,0,false,,qSchool,qSchool,,,true,true,
2039/40,wp-mason-keane,Mason Keane,32,IRL,Amateur,Amateur,false,false,false,,0,0,,Amateur,99,99,,99,,,45,,,,99,,54,56,56,49,53,63,42,0,24,0,0,0,,0,,,,,,,0,0,0,0,0,0,0,0,0,"{""matches"":0,""wins"":0,""losses"":0,""draws"":0,""winPercentage"":0,""eventsEntered"":0,""titles"":0,""finals"":0,""prizeMoney"":0,""points"":0}",,,,,,,,,,,,,,92,,false,false,false,,71,18,14,0,0,0,0,0,7,4,3,0,0,4,0,estimated from season exits versus eligible schedule | 4 eligible events not entered,Amateur,normal,,,false,false,false,false,0,0,0,,0,false,,amateur,amateur,,,true,true,
2039/40,wp-mason-zhou,Mason Zhou,39,IRL,Amateur,Q Tour,false,false,false,,0,0,,Amateur,,,,,,,22,25,,,,,61,66,62,58,58,69,41,3,35,0,0,0,,0,,,,,,,0,10,0,0,0,0,0,0,0,"{""matches"":0,""wins"":0,""losses"":0,""draws"":0,""winPercentage"":0,""eventsEntered"":0,""titles"":0,""finals"":0,""prizeMoney"":0,""points"":0}",,,,,,,,,,,,,,33,,false,false,false,,71,18,7,0,0,0,0,0,3,4,0,0,0,11,4,estimated from season exits versus eligible schedule | 11 eligible events not entered,Q Tour,normal,,,false,false,false,false,0,0,0,,0,false,,amateur,qTour,,,true,true,
2039/40,wp-mika-keane,Mika Keane,27,WAL,Amateur,Q School,false,false,false,,0,0,,Amateur,,,,,,,6,6,6,,,,54,56,56,49,54,63,42,0,24,0,0,0,,0,,,,,,,0,45,0,0,0,0,0,0,0,"{""matches"":0,""wins"":0,""losses"":0,""draws"":0,""winPercentage"":0,""eventsEntered"":0,""titles"":0,""finals"":0,""prizeMoney"":0,""points"":0}",,,,,,,,,,,,,,97,,false,false,false,,71,18,3,0,0,0,0,0,0,3,0,0,0,15,8,estimated from season exits versus eligible schedule | 15 eligible events not entered,Q School,normal,,,false,false,false,false,0,0,0,,0,false,,qSchool,qSchool,,,true,true,
2039/40,wp-mika-keane-a,Mika Keane A,27,WAL,Amateur,Q School,false,false,false,,0,0,,Amateur,,,,,,,7,7,7,,,,53,55,55,48,53,62,42,0,23,0,0,0,,0,,,,,,,0,42,1,0,1,0,0,0,0,"{""matches"":1,""wins"":0,""losses"":1,""draws"":0,""winPercentage"":0,""eventsEntered"":0,""titles"":0,""finals"":0,""prizeMoney"":0,""points"":0}",,,,,,,,,,,,,,101,,false,false,false,,71,18,3,0,0,0,0,0,0,3,0,0,0,15,8,estimated from season exits versus eligible schedule | 15 eligible events not entered,Q School,normal,,,false,false,false,false,0,0,0,,0,false,,qSchool,qSchool,,,true,true,
2039/40,wp-mika-keane-b,Mika Keane B,25,IRL,Amateur,Q School,false,false,false,,0,0,,Amateur,,,,,,,4,4,4,,,,53,56,55,48,53,62,42,0,23,0,0,0,,0,,,,,,,0,55,0,0,0,0,0,0,0,"{""matches"":0,""wins"":0,""losses"":0,""draws"":0,""winPercentage"":0,""eventsEntered"":0,""titles"":0,""finals"":0,""prizeMoney"":0,""points"":0}",,,,,,,,,,,,,,102,,false,false,false,,71,18,3,0,0,0,0,0,0,3,0,0,0,15,8,estimated from season exits versus eligible schedule | 15 eligible events not entered,Q School,normal,,,false,false,false,false,0,0,0,,0,false,,qSchool,qSchool,,,true,true,
2039/40,wp-mika-keane-c,Mika Keane C,25,IRL,Amateur,Q School,false,false,false,,0,0,,Amateur,,,,,,,2,2,2,,,,65,68,67,62,65,79,63,0,24,0,0,0,,0,,,,,,,0,63,2,1,1,50,1,0,0,"{""matches"":2,""wins"":1,""losses"":1,""draws"":0,""winPercentage"":50,""eventsEntered"":0,""titles"":1,""finals"":0,""prizeMoney"":0,""points"":0}",,,,,,,,,,,,,,104,,false,false,false,,71,18,3,0,0,0,0,0,0,3,0,0,0,15,8,estimated from season exits versus eligible schedule | 15 eligible events not entered,Q School,normal,,,false,false,false,false,0,0,0,,0,false,,qSchool,qSchool,,,true,true,
2039/40,wp-mika-keane-f,Mika Keane F,21,CHN,Amateur,Q School,false,false,false,,0,0,,Amateur,103,103,,103,,,19,19,19,,103,,53,59,55,48,53,62,42,0,23,0,0,0,,0,,,,,,,0,0,0,0,0,0,0,0,0,"{""matches"":0,""wins"":0,""losses"":0,""draws"":0,""winPercentage"":0,""eventsEntered"":0,""titles"":0,""finals"":0,""prizeMoney"":0,""points"":0}",,,,,,,,,,,,,,103,,false,false,false,,71,18,3,0,0,0,0,0,0,3,0,0,0,15,8,estimated from season exits versus eligible schedule | 15 eligible events not entered,Q School,normal,,,false,false,false,false,0,0,0,,0,false,,qSchool,qSchool,,,true,true,
2039/40,wp-mika-keane-h,Mika Keane H,18,CHN,Amateur,Q School,false,false,false,,0,0,,Amateur,,,,,,,12,12,13,,,,50,57,52,44,50,59,42,0,18,0,0,0,,0,,,,,,,0,25,0,0,0,0,0,0,0,"{""matches"":0,""wins"":0,""losses"":0,""draws"":0,""winPercentage"":0,""eventsEntered"":0,""titles"":0,""finals"":0,""prizeMoney"":0,""points"":0}",,,,,,,,,,,,,,,,false,false,false,,71,18,3,0,0,0,0,0,0,3,0,0,0,15,8,estimated from season exits versus eligible schedule | 15 eligible events not entered,Q School,normal,,,false,false,false,false,0,0,0,,0,false,,qSchool,qSchool,,,true,true,
2039/40,wp-mika-keane-i,Mika Keane I,18,CHN,Amateur,Q School,false,false,false,,0,0,,Amateur,,,,,,,15,15,16,,,,50,57,52,44,50,59,42,0,18,0,0,0,,0,,,,,,,0,16,0,0,0,0,0,0,0,"{""matches"":0,""wins"":0,""losses"":0,""draws"":0,""winPercentage"":0,""eventsEntered"":0,""titles"":0,""finals"":0,""prizeMoney"":0,""points"":0}",,,,,,,,,,,,,,,,false,false,false,,71,18,3,0,0,0,0,0,0,3,0,0,0,15,8,estimated from season exits versus eligible schedule | 15 eligible events not entered,Q School,normal,,,false,false,false,false,0,0,0,,0,false,,qSchool,qSchool,,,true,true,
2039/40,wp-mika-keane-j,Mika Keane J,15,CHN,Youth,Amateur,false,false,false,,0,0,,Amateur,,,,,,,,,,,,,50,59,52,44,50,59,42,0,18,0,0,0,,0,,,,,,,0,12,0,0,0,0,0,0,0,"{""matches"":0,""wins"":0,""losses"":0,""draws"":0,""winPercentage"":0,""eventsEntered"":0,""titles"":0,""finals"":0,""prizeMoney"":0,""points"":0}",,,,,,,,,,,,,,,,false,false,false,,71,37,14,0,0,0,0,0,7,4,0,3,0,23,0,estimated from season exits versus eligible schedule | 23 eligible events not entered,Youth,normal,,,false,false,false,false,0,0,0,,0,false,,youth,youth,,,true,true,
2039/40,wp-mika-keane-k,Mika Keane K,15,CHN,Youth,Amateur,false,false,false,,0,0,,Amateur,,,,,,,,,,,,,50,59,52,44,50,59,42,0,18,,,,,,,,,,,,,,0,0,0,0,0,0,0,"{""matches"":0,""wins"":0,""losses"":0,""draws"":0,""winPercentage"":0,""eventsEntered"":0,""titles"":0,""finals"":0,""prizeMoney"":0,""points"":0}",,,,,,,,,,,,,,,,,false,false,,71,37,14,0,0,0,0,0,7,4,0,3,0,23,0,estimated from season exits versus eligible schedule | 23 eligible events not entered,Youth,normal,,,false,false,false,false,0,0,0,,0,false,,youth,youth,,,true,true,
2039/40,wp-milan-frost,Milan Frost,48,WAL,Veteran,Senior Tour / Legend Circuit,false,false,false,,0,0,,Amateur,,,,,,,,,,3,,,65,71,64,62,57,69,32,17,41,0,0,0,,0,,,,,,,0,11,0,0,0,0,0,0,0,"{""matches"":0,""wins"":0,""losses"":0,""draws"":0,""winPercentage"":0,""eventsEntered"":0,""titles"":0,""finals"":0,""prizeMoney"":0,""points"":0}",,,,,,,,,,,,,,2,,false,false,false,,71,6,6,0,0,0,0,0,0,0,0,0,6,0,0,,Senior/Legend,normal,,,false,false,false,false,0,0,0,,0,false,,senior,senior,,,true,true,
2039/40,wp-nico-arden,Nico Arden,42,BEL,Veteran,Amateur,false,false,false,,0,0,,Amateur,,,,,,,,,,,,,65,71,65,62,60,72,38,7,41,0,0,0,,0,,,,,,,0,0,0,0,0,0,0,0,0,"{""matches"":0,""wins"":0,""losses"":0,""draws"":0,""winPercentage"":0,""eventsEntered"":0,""titles"":0,""finals"":0,""prizeMoney"":0,""points"":0}",,,,,,,,,,,,,,1,,false,false,false,,71,18,14,0,0,0,0,0,7,4,3,0,0,4,0,estimated from season exits versus eligible schedule | 4 eligible events not entered,Amateur,normal,,,false,false,false,false,0,0,0,,0,false,,amateur,amateur,,,true,true,
2039/40,wp-noah-bennett-a,Noah Bennett A,27,AUS,Amateur,Q School,false,false,false,,0,0,,Amateur,,,,,,,8,9,8,,,,53,55,55,48,53,62,42,0,22,0,0,0,,0,,,,,,,0,37,0,0,0,0,0,0,0,"{""matches"":0,""wins"":0,""losses"":0,""draws"":0,""winPercentage"":0,""eventsEntered"":0,""titles"":0,""finals"":0,""prizeMoney"":0,""points"":0}",,,,,,,,,,,,,,105,,false,false,false,,71,18,3,0,0,0,0,0,0,3,0,0,0,15,8,estimated from season exits versus eligible schedule | 15 eligible events not entered,Q School,normal,,,false,false,false,false,0,0,0,,0,false,,qSchool,qSchool,,,true,true,
2039/40,wp-noah-bennett-b,Noah Bennett B,24,AUS,Amateur,Amateur,false,false,false,,0,0,,Amateur,106,106,,106,,,38,,,,106,,76,80,78,75,76,94,83,0,24,0,0,0,,0,,,,,,,0,0,1,1,0,100,1,0,0,"{""matches"":1,""wins"":1,""losses"":0,""draws"":0,""winPercentage"":100,""eventsEntered"":0,""titles"":1,""finals"":0,""prizeMoney"":0,""points"":0}",,,,,,,,,,,,,,104,,false,false,false,,71,18,14,0,0,0,0,0,7,4,3,0,0,4,0,estimated from season exits versus eligible schedule | 4 eligible events not entered,Amateur,normal,,,false,false,false,false,0,0,0,,0,false,,qTour,amateur,,,true,true,
2039/40,wp-noah-bennett-e,Noah Bennett E,21,AUS,Amateur,Q School,false,false,false,,0,0,,Amateur,109,109,,109,,,25,20,20,,109,,53,59,55,48,53,62,42,0,22,0,0,0,,0,,,,,,,0,0,0,0,0,0,0,0,0,"{""matches"":0,""wins"":0,""losses"":0,""draws"":0,""winPercentage"":0,""eventsEntered"":0,""titles"":0,""finals"":0,""prizeMoney"":0,""points"":0}",,,,,,,,,,,,,,107,,false,false,false,,71,18,3,0,0,0,0,0,0,3,0,0,0,15,8,estimated from season exits versus eligible schedule | 15 eligible events not entered,Q School,normal,,,false,false,false,false,0,0,0,,0,false,,qSchool,qSchool,,,true,true,
2039/40,wp-noah-bennett-g,Noah Bennett G,21,AUS,Amateur,Q School,false,false,false,,0,0,,Amateur,110,110,,110,,,26,21,21,,110,,52,58,54,47,52,61,42,0,21,0,0,0,,0,,,,,,,0,0,0,0,0,0,0,0,0,"{""matches"":0,""wins"":0,""losses"":0,""draws"":0,""winPercentage"":0,""eventsEntered"":0,""titles"":0,""finals"":0,""prizeMoney"":0,""points"":0}",,,,,,,,,,,,,,110,,false,false,false,,71,18,3,0,0,0,0,0,0,3,0,0,0,15,8,estimated from season exits versus eligible schedule | 15 eligible events not entered,Q School,normal,,,false,false,false,false,0,0,0,,0,false,,qSchool,qSchool,,,true,true,
2039/40,wp-noah-bennett-h,Noah Bennett H,18,IRL,Amateur,Q School,false,false,false,,0,0,,Amateur,,,,,,,16,16,17,,,,50,57,52,44,50,59,42,0,18,0,0,0,,0,,,,,,,0,15,0,0,0,0,0,0,0,"{""matches"":0,""wins"":0,""losses"":0,""draws"":0,""winPercentage"":0,""eventsEntered"":0,""titles"":0,""finals"":0,""prizeMoney"":0,""points"":0}",,,,,,,,,,,,,,,,false,false,false,,71,18,3,0,0,0,0,0,0,3,0,0,0,15,8,estimated from season exits versus eligible schedule | 15 eligible events not entered,Q School,normal,,,false,false,false,false,0,0,0,,0,false,,qSchool,qSchool,,,true,true,
2039/40,wp-noah-bennett-i,Noah Bennett I,15,IRL,Youth,Amateur,false,false,false,,0,0,,Amateur,,,,,,,,,,,,,50,59,52,44,50,59,42,0,18,0,0,0,,0,,,,,,,0,11,0,0,0,0,0,0,0,"{""matches"":0,""wins"":0,""losses"":0,""draws"":0,""winPercentage"":0,""eventsEntered"":0,""titles"":0,""finals"":0,""prizeMoney"":0,""points"":0}",,,,,,,,,,,,,,,,false,false,false,,71,37,14,0,0,0,0,0,7,4,0,3,0,23,0,estimated from season exits versus eligible schedule | 23 eligible events not entered,Youth,normal,,,false,false,false,false,0,0,0,,0,false,,youth,youth,,,true,true,
2039/40,wp-noah-bennett-j,Noah Bennett J,15,IRL,Youth,Amateur,false,false,false,,0,0,,Amateur,,,,,,,,,,,,,50,59,52,44,50,59,42,0,18,,,,,,,,,,,,,,0,0,0,0,0,0,0,"{""matches"":0,""wins"":0,""losses"":0,""draws"":0,""winPercentage"":0,""eventsEntered"":0,""titles"":0,""finals"":0,""prizeMoney"":0,""points"":0}",,,,,,,,,,,,,,,,,false,false,,71,37,14,0,0,0,0,0,7,4,0,3,0,23,0,estimated from season exits versus eligible schedule | 23 eligible events not entered,Youth,normal,,,false,false,false,false,0,0,0,,0,false,,youth,youth,,,true,true,
2039/40,wp-noah-veldt,Noah Veldt,46,NED,Veteran,Senior Tour / Legend Circuit,false,false,false,,0,0,,Amateur,,,,,,,,,,10,,,64,70,64,61,57,69,34,14,39,0,0,0,,0,,,,,,,0,2,0,0,0,0,0,0,0,"{""matches"":0,""wins"":0,""losses"":0,""draws"":0,""winPercentage"":0,""eventsEntered"":0,""titles"":0,""finals"":0,""prizeMoney"":0,""points"":0}",,,,,,,,,,,,,,11,,false,false,false,,71,6,6,0,0,0,0,0,0,0,0,0,6,0,0,,Senior/Legend,normal,,,false,false,false,false,0,0,0,,0,false,,senior,senior,,,true,true,
2039/40,wp-oliver-crane,Oliver Crane,47,ENG,Veteran,Senior Tour / Legend Circuit,false,false,false,,0,0,,Amateur,,,,,,,,,,7,,,64,70,63,61,57,69,33,15,39,0,0,0,,0,,,,,,,0,7,0,0,0,0,0,0,0,"{""matches"":0,""wins"":0,""losses"":0,""draws"":0,""winPercentage"":0,""eventsEntered"":0,""titles"":0,""finals"":0,""prizeMoney"":0,""points"":0}",,,,,,,,,,,,,,12,,false,false,false,,71,6,6,0,0,0,0,0,0,0,0,0,6,0,0,,Senior/Legend,normal,,,false,false,false,false,0,0,0,,0,false,,senior,senior,,,true,true,
2039/40,wp-oliver-dawes,Oliver Dawes,41,ENG,Veteran,Amateur,false,false,false,,0,0,,Amateur,,,,,,,,,,,,,53,54,54,48,49,61,39,6,23,0,0,0,,0,,,,,,,0,0,0,0,0,0,0,0,0,"{""matches"":0,""wins"":0,""losses"":0,""draws"":0,""winPercentage"":0,""eventsEntered"":0,""titles"":0,""finals"":0,""prizeMoney"":0,""points"":0}",,,,,,,,,,,,,,103,,false,false,false,,71,18,14,0,0,0,0,0,7,4,3,0,0,4,0,estimated from season exits versus eligible schedule | 4 eligible events not entered,Amateur,normal,,,false,false,false,false,0,0,0,,0,false,,amateur,amateur,,,true,true,
2039/40,wp-oliver-keane,Oliver Keane,39,ENG,Amateur,Amateur,false,false,false,,0,0,,Amateur,112,112,,112,,,51,,,,112,,54,56,55,49,51,62,41,3,24,0,0,0,,0,,,,,,,0,0,0,0,0,0,0,0,0,"{""matches"":0,""wins"":0,""losses"":0,""draws"":0,""winPercentage"":0,""eventsEntered"":0,""titles"":0,""finals"":0,""prizeMoney"":0,""points"":0}",,,,,,,,,,,,,,92,,false,false,false,,71,18,14,0,0,0,0,0,7,4,3,0,0,4,0,estimated from season exits versus eligible schedule | 4 eligible events not entered,Amateur,normal,,,false,false,false,false,0,0,0,,0,false,,amateur,amateur,,,true,true,
2039/40,wp-oliver-nash,Oliver Nash,35,ENG,Amateur,Amateur,false,false,false,,0,0,,Amateur,,,,,,,39,,,,,,53,54,55,48,51,62,42,0,22,0,0,0,,0,,,,,,,0,3,0,0,0,0,0,0,0,"{""matches"":0,""wins"":0,""losses"":0,""draws"":0,""winPercentage"":0,""eventsEntered"":0,""titles"":0,""finals"":0,""prizeMoney"":0,""points"":0}",,,,,,,,,,,,,,107,,false,false,false,,71,18,14,0,0,0,0,0,7,4,3,0,0,4,0,estimated from season exits versus eligible schedule | 4 eligible events not entered,Amateur,normal,,,false,false,false,false,0,0,0,,0,false,,amateur,amateur,,,true,true,
2039/40,wp-oliver-sloan,Oliver Sloan,40,ENG,Veteran,Amateur,false,false,false,,0,0,,Amateur,,,,,,,,,,,,,58,61,59,54,54,66,40,4,30,0,0,0,,0,,,,,,,0,6,0,0,0,0,0,0,0,"{""matches"":0,""wins"":0,""losses"":0,""draws"":0,""winPercentage"":0,""eventsEntered"":0,""titles"":0,""finals"":0,""prizeMoney"":0,""points"":0}",,,,,,,,,,,,,,60,,false,false,false,,71,18,14,0,0,0,0,0,7,4,3,0,0,4,0,estimated from season exits versus eligible schedule | 4 eligible events not entered,Amateur,normal,,,false,false,false,false,0,0,0,,0,false,,amateur,amateur,,,true,true,
2039/40,wp-oliver-zhou,Oliver Zhou,47,ENG,Veteran,Senior Tour / Legend Circuit,false,false,false,,0,0,,Amateur,,,,,,,,,,11,,,62,67,61,58,55,67,33,15,36,0,0,0,,0,,,,,,,0,4,0,0,0,0,0,0,0,"{""matches"":0,""wins"":0,""losses"":0,""draws"":0,""winPercentage"":0,""eventsEntered"":0,""titles"":0,""finals"":0,""prizeMoney"":0,""points"":0}",,,,,,,,,,,,,,28,,false,false,false,,71,6,6,0,0,0,0,0,0,0,0,0,6,0,0,,Senior/Legend,normal,,,false,false,false,false,0,0,0,,0,false,,senior,senior,,,true,true,
2039/40,wp-oscar-crane,Oscar Crane,45,ENG,Veteran,Senior Tour / Legend Circuit,false,false,false,,0,0,,Amateur,,,,,,,,,,15,,,62,67,62,59,56,68,35,12,37,0,0,0,,0,,,,,,,0,0,0,0,0,0,0,0,0,"{""matches"":0,""wins"":0,""losses"":0,""draws"":0,""winPercentage"":0,""eventsEntered"":0,""titles"":0,""finals"":0,""prizeMoney"":0,""points"":0}",,,,,,,,,,,,,,24,,false,false,false,,71,6,6,0,0,0,0,0,0,0,0,0,6,0,0,,Senior/Legend,normal,,,false,false,false,false,0,0,0,,0,false,,senior,senior,,,true,true,
2039/40,wp-oscar-holt,Oscar Holt,42,ENG,Veteran,Amateur,false,false,false,,0,0,,Amateur,,,,,,,,,,,,,59,63,59,55,54,66,38,7,31,0,0,0,,0,,,,,,,0,0,0,0,0,0,0,0,0,"{""matches"":0,""wins"":0,""losses"":0,""draws"":0,""winPercentage"":0,""eventsEntered"":0,""titles"":0,""finals"":0,""prizeMoney"":0,""points"":0}",,,,,,,,,,,,,,56,,false,false,false,,71,18,14,0,0,0,0,0,7,4,3,0,0,4,0,estimated from season exits versus eligible schedule | 4 eligible events not entered,Amateur,normal,,,false,false,false,false,0,0,0,,0,false,,amateur,amateur,,,true,true,
2039/40,wp-oscar-keane,Oscar Keane,36,ENG,Amateur,Amateur,false,false,false,,0,0,,Amateur,,,,,,,40,,,,,,53,54,55,48,51,62,42,0,22,0,0,0,,0,,,,,,,0,2,0,0,0,0,0,0,0,"{""matches"":0,""wins"":0,""losses"":0,""draws"":0,""winPercentage"":0,""eventsEntered"":0,""titles"":0,""finals"":0,""prizeMoney"":0,""points"":0}",,,,,,,,,,,,,,104,,false,false,false,,71,18,14,0,0,0,0,0,7,4,3,0,0,4,0,estimated from season exits versus eligible schedule | 4 eligible events not entered,Amateur,normal,,,false,false,false,false,0,0,0,,0,false,,amateur,amateur,,,true,true,
2039/40,wp-oscar-mercer,Oscar Mercer,38,ENG,Amateur,Amateur,false,false,false,,0,0,,Amateur,,,,,,,37,,,,,,55,57,56,50,52,64,42,1,25,0,0,0,,0,,,,,,,0,4,0,0,0,0,0,0,0,"{""matches"":0,""wins"":0,""losses"":0,""draws"":0,""winPercentage"":0,""eventsEntered"":0,""titles"":0,""finals"":0,""prizeMoney"":0,""points"":0}",,,,,,,,,,,,,,88,,false,false,false,,71,18,14,0,0,0,0,0,7,4,3,0,0,4,0,estimated from season exits versus eligible schedule | 4 eligible events not entered,Amateur,normal,,,false,false,false,false,0,0,0,,0,false,,amateur,amateur,,,true,true,
2039/40,wp-oscar-nash,Oscar Nash,38,ENG,Amateur,Amateur,false,false,false,,0,0,,Amateur,,,,,,,41,,,,,,52,53,53,47,49,61,42,1,21,0,0,0,,0,,,,,,,0,1,0,0,0,0,0,0,0,"{""matches"":0,""wins"":0,""losses"":0,""draws"":0,""winPercentage"":0,""eventsEntered"":0,""titles"":0,""finals"":0,""prizeMoney"":0,""points"":0}",,,,,,,,,,,,,,114,,false,false,false,,71,18,14,0,0,0,0,0,7,4,3,0,0,4,0,estimated from season exits versus eligible schedule | 4 eligible events not entered,Amateur,normal,,,false,false,false,false,0,0,0,,0,false,,amateur,amateur,,,true,true,
2039/40,wp-oscar-sloan,Oscar Sloan,41,ENG,Veteran,Amateur,false,false,false,,0,0,,Amateur,114,114,,114,,,,,,,114,,57,60,58,53,53,65,39,6,28,0,0,0,,0,,,,,,,0,0,0,0,0,0,0,0,0,"{""matches"":0,""wins"":0,""losses"":0,""draws"":0,""winPercentage"":0,""eventsEntered"":0,""titles"":0,""finals"":0,""prizeMoney"":0,""points"":0}",,,,,,,,,,,,,,72,,false,false,false,,71,18,14,0,0,0,0,0,7,4,3,0,0,4,0,estimated from season exits versus eligible schedule | 4 eligible events not entered,Amateur,normal,,,false,false,false,false,0,0,0,,0,false,,amateur,amateur,,,true,true,
2039/40,wp-oscar-zhou,Oscar Zhou,44,ENG,Veteran,Amateur,false,false,false,,0,0,,Amateur,,,,,,,,,,,,,61,65,61,57,55,67,36,11,34,0,0,0,,0,,,,,,,0,0,0,0,0,0,0,0,0,"{""matches"":0,""wins"":0,""losses"":0,""draws"":0,""winPercentage"":0,""eventsEntered"":0,""titles"":0,""finals"":0,""prizeMoney"":0,""points"":0}",,,,,,,,,,,,,,40,,false,false,false,,71,18,14,0,0,0,0,0,7,4,3,0,0,4,0,estimated from season exits versus eligible schedule | 4 eligible events not entered,Amateur,normal,,,false,false,false,false,0,0,0,,0,false,,amateur,amateur,,,true,true,
2039/40,wp-qualifier-16,Qualifier 16,43,INT,Veteran,Amateur,false,false,false,,0,0,,Amateur,,,,,,,,,,,,,59,60,59,56,54,69,50,8,30,0,0,0,,0,,,,,,,0,0,26,5,21,19.230769230769234,5,0,0,"{""matches"":26,""wins"":5,""losses"":21,""draws"":0,""winPercentage"":19.230769230769234,""eventsEntered"":0,""titles"":5,""finals"":0,""prizeMoney"":0,""points"":0}",,,,,,,,,,,,,,116,,false,false,false,,71,18,14,0,0,0,0,0,7,4,3,0,0,4,0,estimated from season exits versus eligible schedule | 4 eligible events not entered,Amateur,normal,,,false,false,false,false,0,0,0,,0,false,,amateur,amateur,,,true,true,
2039/40,wp-qualifier-8,Qualifier 8,31,INT,Amateur,Q School,false,false,false,,0,0,,Amateur,,,,,,,18,18,10,,,,67,68,69,65,67,83,71,0,24,0,0,0,,0,,,,,,,0,21,3,2,1,66.66666666666666,2,0,0,"{""matches"":3,""wins"":2,""losses"":1,""draws"":0,""winPercentage"":66.66666666666666,""eventsEntered"":0,""titles"":2,""finals"":0,""prizeMoney"":0,""points"":0}",,,,,,,,,,,,,,118,,false,false,false,,71,18,3,0,0,0,0,0,0,3,0,0,0,15,8,estimated from season exits versus eligible schedule | 15 eligible events not entered,Q School,normal,,,false,false,false,false,0,0,0,,0,false,,qSchool,qSchool,,,true,true,
2039/40,wp-rhys-mercer,Rhys Mercer,41,ENG,Veteran,Amateur,false,false,false,,0,0,,Amateur,,,,,,,,,,,,,65,71,66,62,61,73,39,6,40,0,0,0,,0,,,,,,,0,0,0,0,0,0,0,0,0,"{""matches"":0,""wins"":0,""losses"":0,""draws"":0,""winPercentage"":0,""eventsEntered"":0,""titles"":0,""finals"":0,""prizeMoney"":0,""points"":0}",,,,,,,,,,,,,,6,,false,false,false,,71,18,14,0,0,0,0,0,7,4,3,0,0,4,0,estimated from season exits versus eligible schedule | 4 eligible events not entered,Amateur,normal,,,false,false,false,false,0,0,0,,0,false,,amateur,amateur,,,true,true,
2039/40,wp-rory-flint,Rory Flint,42,ENG,Veteran,Amateur,false,false,false,,0,0,,Amateur,,,,,,,,,,,,,64,70,64,61,59,71,38,7,40,0,0,0,,0,,,,,,,0,0,0,0,0,0,0,0,0,"{""matches"":0,""wins"":0,""losses"":0,""draws"":0,""winPercentage"":0,""eventsEntered"":0,""titles"":0,""finals"":0,""prizeMoney"":0,""points"":0}",,,,,,,,,,,,,,8,,false,false,false,,71,18,14,0,0,0,0,0,7,4,3,0,0,4,0,estimated from season exits versus eligible schedule | 4 eligible events not entered,Amateur,normal,,,false,false,false,false,0,0,0,,0,false,,amateur,amateur,,,true,true,
2039/40,wp-rory-vale,Rory Vale,27,ENG,Amateur,Q School,false,false,false,,0,0,,Amateur,,,,,,,10,11,9,,,,51,52,53,46,51,60,42,0,20,0,0,0,,0,,,,,,,0,34,0,0,0,0,0,0,0,"{""matches"":0,""wins"":0,""losses"":0,""draws"":0,""winPercentage"":0,""eventsEntered"":0,""titles"":0,""finals"":0,""prizeMoney"":0,""points"":0}",,,,,,,,,,,,,,117,,false,false,false,,71,18,3,0,0,0,0,0,0,3,0,0,0,15,8,estimated from season exits versus eligible schedule | 15 eligible events not entered,Q School,normal,,,false,false,false,false,0,0,0,,0,false,,qSchool,qSchool,,,true,true,
2039/40,wp-rory-vale-c,Rory Vale C,23,BEL,Amateur,Q School,false,false,false,,0,0,,Amateur,117,117,,117,,,34,,30,,117,,51,55,53,46,51,60,42,0,20,0,0,0,,0,,,,,,,0,0,0,0,0,0,0,0,0,"{""matches"":0,""wins"":0,""losses"":0,""draws"":0,""winPercentage"":0,""eventsEntered"":0,""titles"":0,""finals"":0,""prizeMoney"":0,""points"":0}",,,,,,,,,,,,,,117,,false,false,false,,71,18,3,0,0,0,0,0,0,3,0,0,0,15,8,estimated from season exits versus eligible schedule | 15 eligible events not entered,Q School,normal,,,false,false,false,false,0,0,0,,0,false,,qTour,qSchool,,,true,true,
2039/40,wp-rory-vale-e,Rory Vale E,23,BEL,Amateur,Q School,false,false,false,,0,0,,Amateur,119,119,,119,,,35,,31,,119,,51,55,53,46,51,60,42,0,20,0,0,0,,0,,,,,,,0,0,0,0,0,0,0,0,0,"{""matches"":0,""wins"":0,""losses"":0,""draws"":0,""winPercentage"":0,""eventsEntered"":0,""titles"":0,""finals"":0,""prizeMoney"":0,""points"":0}",,,,,,,,,,,,,,119,,false,false,false,,71,18,3,0,0,0,0,0,0,3,0,0,0,15,8,estimated from season exits versus eligible schedule | 15 eligible events not entered,Q School,normal,,,false,false,false,false,0,0,0,,0,false,,qTour,qSchool,,,true,true,
2039/40,wp-rory-vale-f,Rory Vale F,21,THA,Amateur,Q School,false,false,false,,0,0,,Amateur,120,120,,120,,,27,23,23,,120,,51,56,53,46,51,60,42,0,19,0,0,0,,0,,,,,,,0,0,0,0,0,0,0,0,0,"{""matches"":0,""wins"":0,""losses"":0,""draws"":0,""winPercentage"":0,""eventsEntered"":0,""titles"":0,""finals"":0,""prizeMoney"":0,""points"":0}",,,,,,,,,,,,,,120,,false,false,false,,71,18,3,0,0,0,0,0,0,3,0,0,0,15,8,estimated from season exits versus eligible schedule | 15 eligible events not entered,Q School,normal,,,false,false,false,false,0,0,0,,0,false,,qSchool,qSchool,,,true,true,
2039/40,wp-rory-vale-g,Rory Vale G,18,THA,Amateur,Q School,false,false,false,,0,0,,Amateur,,,,,,,9,8,11,,,,50,57,52,44,50,59,42,0,18,0,0,0,,0,,,,,,,0,32,0,0,0,0,0,0,0,"{""matches"":0,""wins"":0,""losses"":0,""draws"":0,""winPercentage"":0,""eventsEntered"":0,""titles"":0,""finals"":0,""prizeMoney"":0,""points"":0}",,,,,,,,,,,,,,,,false,false,false,,71,18,3,0,0,0,0,0,0,3,0,0,0,15,8,estimated from season exits versus eligible schedule | 15 eligible events not entered,Q School,normal,,,false,false,false,false,0,0,0,,0,false,,qSchool,qSchool,,,true,true,
2039/40,wp-rory-vale-h,Rory Vale H,18,THA,Amateur,Q School,false,false,false,,0,0,,Amateur,,,,,,,13,13,14,,,,50,57,52,44,50,59,42,0,18,0,0,0,,0,,,,,,,0,24,0,0,0,0,0,0,0,"{""matches"":0,""wins"":0,""losses"":0,""draws"":0,""winPercentage"":0,""eventsEntered"":0,""titles"":0,""finals"":0,""prizeMoney"":0,""points"":0}",,,,,,,,,,,,,,,,false,false,false,,71,18,3,0,0,0,0,0,0,3,0,0,0,15,8,estimated from season exits versus eligible schedule | 15 eligible events not entered,Q School,normal,,,false,false,false,false,0,0,0,,0,false,,qSchool,qSchool,,,true,true,
2039/40,wp-rory-vale-i,Rory Vale I,18,THA,Amateur,Q School,false,false,false,,0,0,,Amateur,,,,,,,17,17,18,,,,50,57,52,44,50,59,42,0,18,0,0,0,,0,,,,,,,0,14,0,0,0,0,0,0,0,"{""matches"":0,""wins"":0,""losses"":0,""draws"":0,""winPercentage"":0,""eventsEntered"":0,""titles"":0,""finals"":0,""prizeMoney"":0,""points"":0}",,,,,,,,,,,,,,,,false,false,false,,71,18,3,0,0,0,0,0,0,3,0,0,0,15,8,estimated from season exits versus eligible schedule | 15 eligible events not entered,Q School,normal,,,false,false,false,false,0,0,0,,0,false,,qSchool,qSchool,,,true,true,
2039/40,wp-rory-vale-j,Rory Vale J,15,THA,Youth,Amateur,false,false,false,,0,0,,Amateur,,,,,,,,,,,,,50,59,52,44,50,59,42,0,18,0,0,0,,0,,,,,,,0,10,0,0,0,0,0,0,0,"{""matches"":0,""wins"":0,""losses"":0,""draws"":0,""winPercentage"":0,""eventsEntered"":0,""titles"":0,""finals"":0,""prizeMoney"":0,""points"":0}",,,,,,,,,,,,,,,,false,false,false,,71,37,14,0,0,0,0,0,7,4,0,3,0,23,0,estimated from season exits versus eligible schedule | 23 eligible events not entered,Youth,normal,,,false,false,false,false,0,0,0,,0,false,,youth,youth,,,true,true,
2039/40,wp-rory-vale-k,Rory Vale K,15,THA,Youth,Amateur,false,false,false,,0,0,,Amateur,,,,,,,,,,,,,50,59,52,44,50,59,42,0,18,,,,,,,,,,,,,,0,0,0,0,0,0,0,"{""matches"":0,""wins"":0,""losses"":0,""draws"":0,""winPercentage"":0,""eventsEntered"":0,""titles"":0,""finals"":0,""prizeMoney"":0,""points"":0}",,,,,,,,,,,,,,,,,false,false,,71,37,14,0,0,0,0,0,7,4,0,3,0,23,0,estimated from season exits versus eligible schedule | 23 eligible events not entered,Youth,normal,,,false,false,false,false,0,0,0,,0,false,,youth,youth,,,true,true,
2039/40,wp-theo-holt,Theo Holt,36,GER,Amateur,Q Tour,false,false,false,,0,0,,Amateur,,,,,,,28,32,,,,,59,63,61,56,57,68,42,0,32,0,0,0,,0,,,,,,,0,5,0,0,0,0,0,0,0,"{""matches"":0,""wins"":0,""losses"":0,""draws"":0,""winPercentage"":0,""eventsEntered"":0,""titles"":0,""finals"":0,""prizeMoney"":0,""points"":0}",,,,,,,,,,,,,,51,,false,false,false,,71,18,7,0,0,0,0,0,3,4,0,0,0,11,4,estimated from season exits versus eligible schedule | 11 eligible events not entered,Q Tour,normal,,,false,false,false,false,0,0,0,,0,false,,amateur,qTour,,,true,true,
2039/40,wp-theo-mercer,Theo Mercer,42,GER,Veteran,Amateur,false,false,false,,0,0,,Amateur,,,,,,,,,,,,,55,57,55,50,50,62,38,7,26,0,0,0,,0,,,,,,,0,0,0,0,0,0,0,0,0,"{""matches"":0,""wins"":0,""losses"":0,""draws"":0,""winPercentage"":0,""eventsEntered"":0,""titles"":0,""finals"":0,""prizeMoney"":0,""points"":0}",,,,,,,,,,,,,,83,,false,false,false,,71,18,14,0,0,0,0,0,7,4,3,0,0,4,0,estimated from season exits versus eligible schedule | 4 eligible events not entered,Amateur,normal,,,false,false,false,false,0,0,0,,0,false,,amateur,amateur,,,true,true,
2039/40,wp-theo-sloan,Theo Sloan,45,GER,Veteran,Senior Tour / Legend Circuit,false,false,false,,0,0,,Amateur,,,,,,,,,,19,,,57,60,57,52,51,63,35,12,29,0,0,0,,0,,,,,,,0,0,0,0,0,0,0,0,0,"{""matches"":0,""wins"":0,""losses"":0,""draws"":0,""winPercentage"":0,""eventsEntered"":0,""titles"":0,""finals"":0,""prizeMoney"":0,""points"":0}",,,,,,,,,,,,,,67,,false,false,false,,71,6,6,0,0,0,0,0,0,0,0,0,6,0,0,,Senior/Legend,normal,,,false,false,false,false,0,0,0,,0,false,,amateur,senior,,,true,true,
2039/40,wp-theo-zhou,Theo Zhou,47,GER,Veteran,Senior Tour / Legend Circuit,false,false,false,,0,0,,Amateur,,,,,,,,,,13,,,61,66,60,57,54,66,33,15,35,0,0,0,,0,,,,,,,0,3,0,0,0,0,0,0,0,"{""matches"":0,""wins"":0,""losses"":0,""draws"":0,""winPercentage"":0,""eventsEntered"":0,""titles"":0,""finals"":0,""prizeMoney"":0,""points"":0}",,,,,,,,,,,,,,35,,false,false,false,,71,6,6,0,0,0,0,0,0,0,0,0,6,0,0,,Senior/Legend,normal,,,false,false,false,false,0,0,0,,0,false,,senior,senior,,,true,true,
2039/40,wp-toby-hale-a,Toby Hale A,26,SCO,Amateur,Q School,false,false,false,,0,0,,Amateur,,,,,,,5,5,5,,,,62,64,64,59,62,76,63,0,21,0,0,0,,0,,,,,,,0,52,2,1,1,50,1,0,0,"{""matches"":2,""wins"":1,""losses"":1,""draws"":0,""winPercentage"":50,""eventsEntered"":0,""titles"":1,""finals"":0,""prizeMoney"":0,""points"":0}",,,,,,,,,,,,,,125,,false,false,false,,71,18,3,0,0,0,0,0,0,3,0,0,0,15,8,estimated from season exits versus eligible schedule | 15 eligible events not entered,Q School,normal,,,false,false,false,false,0,0,0,,0,false,,qSchool,qSchool,,,true,true,
2039/40,wp-toby-hale-c,Toby Hale C,23,ENG,Amateur,Q School,false,false,false,,0,0,,Amateur,125,125,,125,,,36,,32,,125,,50,54,52,45,50,59,42,0,19,0,0,0,,0,,,,,,,0,0,0,0,0,0,0,0,0,"{""matches"":0,""wins"":0,""losses"":0,""draws"":0,""winPercentage"":0,""eventsEntered"":0,""titles"":0,""finals"":0,""prizeMoney"":0,""points"":0}",,,,,,,,,,,,,,125,,false,false,false,,71,18,3,0,0,0,0,0,0,3,0,0,0,15,8,estimated from season exits versus eligible schedule | 15 eligible events not entered,Q School,normal,,,false,false,false,false,0,0,0,,0,false,,qTour,qSchool,,,true,true,
2039/40,wp-toby-hale-h,Toby Hale H,17,ENG,Youth,Amateur,false,false,false,,0,0,,Amateur,,,,,,,,,,,,,50,58,52,44,50,59,42,0,18,0,0,0,,0,,,,,,,0,27,0,0,0,0,0,0,0,"{""matches"":0,""wins"":0,""losses"":0,""draws"":0,""winPercentage"":0,""eventsEntered"":0,""titles"":0,""finals"":0,""prizeMoney"":0,""points"":0}",,,,,,,,,,,,,,,,false,false,false,,71,37,14,0,0,0,0,0,7,4,0,3,0,23,0,estimated from season exits versus eligible schedule | 23 eligible events not entered,Youth,normal,,,false,false,false,false,0,0,0,,0,false,,youth,youth,,,true,true,
2039/40,wp-toby-hale-i,Toby Hale I,15,SCO,Youth,Amateur,false,false,false,,0,0,,Amateur,,,,,,,,,,,,,50,59,52,44,50,59,42,0,18,0,0,0,,0,,,,,,,0,9,0,0,0,0,0,0,0,"{""matches"":0,""wins"":0,""losses"":0,""draws"":0,""winPercentage"":0,""eventsEntered"":0,""titles"":0,""finals"":0,""prizeMoney"":0,""points"":0}",,,,,,,,,,,,,,,,false,false,false,,71,37,14,0,0,0,0,0,7,4,0,3,0,23,0,estimated from season exits versus eligible schedule | 23 eligible events not entered,Youth,normal,,,false,false,false,false,0,0,0,,0,false,,youth,youth,,,true,true,
2039/40,wp-toby-hale-j,Toby Hale J,15,SCO,Youth,Amateur,false,false,false,,0,0,,Amateur,,,,,,,,,,,,,50,59,52,44,50,59,42,0,18,,,,,,,,,,,,,,0,0,0,0,0,0,0,"{""matches"":0,""wins"":0,""losses"":0,""draws"":0,""winPercentage"":0,""eventsEntered"":0,""titles"":0,""finals"":0,""prizeMoney"":0,""points"":0}",,,,,,,,,,,,,,,,,false,false,,71,37,14,0,0,0,0,0,7,4,0,3,0,23,0,estimated from season exits versus eligible schedule | 23 eligible events not entered,Youth,normal,,,false,false,false,false,0,0,0,,0,false,,youth,youth,,,true,true,
2039/40,wp-tomas-bell,Tomas Bell,44,IRE,Veteran,Amateur,false,false,false,,0,0,,Amateur,,,,,,,,,,,,,65,71,65,62,59,71,36,11,40,0,0,0,,0,,,,,,,0,0,0,0,0,0,0,0,0,"{""matches"":0,""wins"":0,""losses"":0,""draws"":0,""winPercentage"":0,""eventsEntered"":0,""titles"":0,""finals"":0,""prizeMoney"":0,""points"":0}",,,,,,,,,,,,,,5,,false,false,false,,71,18,14,0,0,0,0,0,7,4,3,0,0,4,0,estimated from season exits versus eligible schedule | 4 eligible events not entered,Amateur,normal,,,false,false,false,false,0,0,0,,0,false,,amateur,amateur,,,true,true,
