season,playerId,name,age,nationality,careerPhase,competitiveStatus,isHumanPlayer,isOnMainTour,isTourCardHolder,tourCardSource,tourCardYear,yearsRemaining,expiresAfterSeason,tourSurvivalStatus,seasonOpenWorldRank,seasonCloseWorldRank,normalizedWorldRank,rawWorldRankBeforeCap,worldRank,oneYearRank,amateurRank,qTourRank,qSchoolRank,seniorRank,previousWorldRank,rankChange,overall,potential,technicalAverage,mentalAverage,physicalAverage,effectiveMatchStrength,confidence,fatigue,reputation,seasonMatches,seasonWins,seasonLosses,seasonWinPercentage,seasonTitles,seasonMajorTitles,seasonWorldChampionshipEntries,seasonBestWorldChampionshipFinish,seasonMajorQuarterFinals,seasonMajorSemiFinals,seasonMajorFinals,seasonPrizeMoney,seasonRankingPoints,careerMatches,careerWins,careerLosses,careerWinPercentage,careerTitles,careerMajorTitles,careerPrizeMoney,totalRecord,youthRecord,amateurRecord,qTourRecord,qSchoolRecord,proQualifierRecord,rankingEventRecord,majorRecord,worldQualifyingRecord,worldMainDrawRecord,playersSeriesRecord,invitationalRecord,seniorRecord,exhibitionRecord,bestWorldRank,bestWorldChampionshipFinish,worldChampionshipMainDrawEligible,worldChampionshipMainDrawEntered,worldChampionshipQualifyingEntered,reasonSkippedWorldMainDraw,availableEventsCount,eligibleEventsCount,enteredEventsCount,rankingEventsEntered,qualifierEventsEntered,majorEventsEntered,invitationalsEntered,playersSeriesEntered,qTourEventsEntered,qSchoolEventsEntered,amateurEventsEntered,youthEventsEntered,seniorEventsEntered,skippedEligibleEventsCount,skippedCoreEventsCount,skippedReasonSummary,eventAccessBand,eventVolumeBandStatus,eventVolumeWarnings,calendarValidationWarnings,tourCardValidAtSeasonOpen,tourCardValidAtSeasonClose,lifecycleCorrectionApplied,rankCapApplied,recentSeasonWins,twoYearWins,twoYearPrizeMoney,majorFinalsLastTwoYears,titlesLastTwoYears,rankingDecayApplied,stalledReason,expectedCircuit,actualCircuit,warningFlags,invalidStateReasons,validTourStatus,validEventAccess,invalidAccessReason
2034/35,human-elliot-vance,Elliot Vance,59,England,Senior,Senior Tour / Legend Circuit,true,false,false,,0,0,,Amateur,999,999,999,999,999,,,,,3,999,0,68,68,66,82,36,90,99,0,100,4,0,4,0,0,0,0,No main draw win,0,0,0,6400,9,56,20,36,35.714285714285715,0,0,272000,"{""matches"":56,""wins"":20,""losses"":36,""draws"":0,""winPercentage"":35.714285714285715,""eventsEntered"":36,""titles"":0,""finals"":0,""prizeMoney"":272000,""points"":161}","{""matches"":0,""wins"":0,""losses"":0,""draws"":0,""winPercentage"":0,""eventsEntered"":0,""titles"":0,""finals"":0,""prizeMoney"":0,""points"":0}","{""matches"":0,""wins"":0,""losses"":0,""draws"":0,""winPercentage"":0,""eventsEntered"":0,""titles"":0,""finals"":0,""prizeMoney"":0,""points"":0}","{""matches"":0,""wins"":0,""losses"":0,""draws"":0,""winPercentage"":0,""eventsEntered"":0,""titles"":0,""finals"":0,""prizeMoney"":0,""points"":0}","{""matches"":0,""wins"":0,""losses"":0,""draws"":0,""winPercentage"":0,""eventsEntered"":0,""titles"":0,""finals"":0,""prizeMoney"":0,""points"":0}","{""matches"":0,""wins"":0,""losses"":0,""draws"":0,""winPercentage"":0,""eventsEntered"":0,""titles"":0,""finals"":0,""prizeMoney"":0,""points"":0}","{""matches"":0,""wins"":0,""losses"":0,""draws"":0,""winPercentage"":0,""eventsEntered"":0,""titles"":0,""finals"":0,""prizeMoney"":0,""points"":0}","{""matches"":0,""wins"":0,""losses"":0,""draws"":0,""winPercentage"":0,""eventsEntered"":0,""titles"":0,""finals"":0,""prizeMoney"":0,""points"":0}","{""matches"":0,""wins"":0,""losses"":0,""draws"":0,""winPercentage"":0,""eventsEntered"":0,""titles"":0,""finals"":0,""prizeMoney"":0,""points"":0}","{""matches"":0,""wins"":0,""losses"":0,""draws"":0,""winPercentage"":0,""eventsEntered"":0,""titles"":0,""finals"":0,""prizeMoney"":0,""points"":0}","{""matches"":0,""wins"":0,""losses"":0,""draws"":0,""winPercentage"":0,""eventsEntered"":0,""titles"":0,""finals"":0,""prizeMoney"":0,""points"":0}","{""matches"":0,""wins"":0,""losses"":0,""draws"":0,""winPercentage"":0,""eventsEntered"":0,""titles"":0,""finals"":0,""prizeMoney"":0,""points"":0}","{""matches"":56,""wins"":20,""losses"":36,""draws"":0,""winPercentage"":35.714285714285715,""eventsEntered"":36,""titles"":0,""finals"":0,""prizeMoney"":272000,""points"":161}","{""matches"":0,""wins"":0,""losses"":0,""draws"":0,""winPercentage"":0,""eventsEntered"":0,""titles"":0,""finals"":0,""prizeMoney"":0,""points"":0}",999,No main draw win,false,false,false,,104,14,4,0,0,0,0,0,0,0,0,0,4,10,0,10 eligible events not entered,Senior/Legend,too low,,,false,false,false,false,0,0,0,0,0,false,,amateur,senior,,,true,true,
2034/35,wp-vincent-lombardi,Vincent Lombardi,37,POL,Established,Top 16 Elite Player,false,true,true,Ranking Retained,0,0,,Top 16,1,1,1,1,1,115,,,,,1,0,89,89,90,90,85,99,57,16,51,6,2,4,33.33333333333333,0,,,,,,,40758,253,75,42,33,56.00000000000001,2,0,1171994,"{""matches"":75,""wins"":42,""losses"":33,""draws"":0,""winPercentage"":56.00000000000001,""eventsEntered"":0,""titles"":2,""finals"":0,""prizeMoney"":1171994,""points"":0}",,,,,,,,,,,,,,1,,true,true,false,,104,20,15,8,0,6,7,0,0,0,0,0,0,5,5,estimated from season exits versus eligible schedule | 5 eligible events not entered,Top 16,normal,,,true,true,false,false,2,5,100016,,0,false,,mainTour,mainTour,top16-low-overall-no-results;top4-low-wins-no-results,,true,true,
2034/35,wp-kaito-nakamura,Kaito Nakamura,40,NIR,Veteran,Top 16 Elite Player,false,true,true,Ranking Retained,0,0,,Top 16,2,2,2,2,2,66,,,,,2,0,90,90,91,92,84,98,62,33,53,10,5,5,50,0,,,,,,,111289,692,90,55,35,61.111111111111114,2,0,1542523,"{""matches"":90,""wins"":55,""losses"":35,""draws"":0,""winPercentage"":61.111111111111114,""eventsEntered"":0,""titles"":2,""finals"":0,""prizeMoney"":1542523,""points"":0}",,,,,,,,,,,,,,2,,true,true,false,,104,20,15,8,0,6,7,0,0,0,0,0,0,5,5,estimated from season exits versus eligible schedule | 5 eligible events not entered,Top 16,normal,,,true,true,false,false,5,8,185289,,0,false,,mainTour,mainTour,top4-low-wins-no-results,,true,true,
2034/35,wp-reuben-nakamura,Reuben Nakamura,39,PAK,Established,Top 16 Elite Player,false,true,true,Ranking Retained,0,0,,Top 16,3,3,3,3,3,95,,,,,3,0,89,89,90,90,84,99,63,19,51,6,3,3,50,0,,,,,,,64750,403,68,38,30,55.88235294117647,2,0,1226280,"{""matches"":68,""wins"":38,""losses"":30,""draws"":0,""winPercentage"":55.88235294117647,""eventsEntered"":0,""titles"":2,""finals"":0,""prizeMoney"":1226280,""points"":0}",,,,,,,,,,,,,,3,,true,true,false,,104,20,15,8,0,6,7,0,0,0,0,0,0,5,5,estimated from season exits versus eligible schedule | 5 eligible events not entered,Top 16,normal,,,true,true,false,false,3,5,110711,,0,false,,mainTour,mainTour,top16-low-overall-no-results;top4-low-wins-no-results,,true,true,
2034/35,wp-yannick-otero,Yannick Otero,40,ENG,Veteran,Top 16 Elite Player,false,true,true,Ranking Retained,0,0,,Top 16,4,4,4,4,4,122,,,,,4,0,86,86,87,86,81,95,56,18,46,5,2,3,40,0,,,,,,,39313,244,69,34,35,49.275362318840585,0,0,1109010,"{""matches"":69,""wins"":34,""losses"":35,""draws"":0,""winPercentage"":49.275362318840585,""eventsEntered"":0,""titles"":0,""finals"":0,""prizeMoney"":1109010,""points"":0}",,,,,,,,,,,,,,4,,true,true,false,,104,20,15,8,0,6,7,0,0,0,0,0,0,5,5,estimated from season exits versus eligible schedule | 5 eligible events not entered,Top 16,normal,,,true,true,false,false,2,5,97126,,0,false,,mainTour,mainTour,top16-low-overall-no-results;top4-low-wins-no-results,,true,true,
2034/35,wp-sebastian-tremblay,Sebastian Tremblay,38,THA,Established,Top 16 Elite Player,false,true,true,Ranking Retained,0,0,,Top 16,7,7,5,7,5,103,,,,,7,2,86,86,87,86,82,95,55,18,46,6,2,4,33.33333333333333,0,,,,,,,43648,271,63,33,30,52.38095238095239,0,0,1144527,"{""matches"":63,""wins"":33,""losses"":30,""draws"":0,""winPercentage"":52.38095238095239,""eventsEntered"":0,""titles"":0,""finals"":0,""prizeMoney"":1144527,""points"":0}",,,,,,,,,,,,,,6,,true,true,false,,104,20,15,8,0,6,7,0,0,0,0,0,0,5,5,estimated from season exits versus eligible schedule | 5 eligible events not entered,Top 16,normal,,,true,true,false,false,2,4,87586,,0,false,,mainTour,mainTour,top16-low-overall-no-results,,true,true,
2034/35,wp-viktor-rahman,Viktor Rahman,40,BEL,Veteran,Top 16 Elite Player,false,true,true,Ranking Retained,0,0,,Top 16,8,8,6,8,6,114,,,,,8,2,85,85,86,85,80,93,53,21,46,6,2,4,33.33333333333333,0,,,,,,,41625,259,58,29,29,50,0,0,1078540,"{""matches"":58,""wins"":29,""losses"":29,""draws"":0,""winPercentage"":50,""eventsEntered"":0,""titles"":0,""finals"":0,""prizeMoney"":1078540,""points"":0}",,,,,,,,,,,,,,8,,true,true,false,,104,20,15,8,0,6,7,0,0,0,0,0,0,5,5,estimated from season exits versus eligible schedule | 5 eligible events not entered,Top 16,normal,,,true,true,false,false,2,4,83250,,0,false,,mainTour,mainTour,top16-low-overall-no-results,,true,true,
2034/35,wp-pavel-verma,Pavel Verma,37,BRA,Established,Top 16 Elite Player,false,true,true,Ranking Retained,0,0,,Top 16,9,9,7,9,7,91,,,,,9,2,87,87,88,87,84,97,58,13,46,5,2,3,40,0,,,,,,,47984,298,56,32,24,57.14285714285714,0,0,1133530,"{""matches"":56,""wins"":32,""losses"":24,""draws"":0,""winPercentage"":57.14285714285714,""eventsEntered"":0,""titles"":0,""finals"":0,""prizeMoney"":1133530,""points"":0}",,,,,,,,,,,,,,9,,true,true,false,,104,20,15,8,0,6,7,0,0,0,0,0,0,5,5,estimated from season exits versus eligible schedule | 5 eligible events not entered,Top 16,normal,,,true,true,false,false,2,5,114179,,0,false,,mainTour,mainTour,top16-low-overall-no-results,,true,true,
2034/35,wp-niall-petrov,Niall Petrov,34,SWE,Established,Top 16 Elite Player,false,true,true,Ranking Retained,0,0,,Top 16,10,10,8,10,8,82,,,,,10,2,87,87,89,88,84,98,65,16,46,7,4,3,57.14285714285714,0,,,,,,,87875,546,63,37,26,58.730158730158735,0,0,1299419,"{""matches"":63,""wins"":37,""losses"":26,""draws"":0,""winPercentage"":58.730158730158735,""eventsEntered"":0,""titles"":0,""finals"":0,""prizeMoney"":1299419,""points"":0}",,,,,,,,,,,,,,10,,true,true,false,,104,20,15,8,0,6,7,0,0,0,0,0,0,5,5,estimated from season exits versus eligible schedule | 5 eligible events not entered,Top 16,normal,,,true,true,false,false,4,6,138461,,0,false,,mainTour,mainTour,,,true,true,
2034/35,wp-yusuf-verma,Yusuf Verma,37,WAL,Established,Top 16 Elite Player,false,true,true,Ranking Retained,0,0,,Top 16,11,11,9,11,9,125,,,,,11,2,84,84,85,84,80,94,59,19,44,7,3,4,42.857142857142854,0,,,,,,,56656,352,63,31,32,49.2063492063492,0,0,969144,"{""matches"":63,""wins"":31,""losses"":32,""draws"":0,""winPercentage"":49.2063492063492,""eventsEntered"":0,""titles"":0,""finals"":0,""prizeMoney"":969144,""points"":0}",,,,,,,,,,,,,,11,,true,true,false,,104,20,15,8,0,6,7,0,0,0,0,0,0,5,5,estimated from season exits versus eligible schedule | 5 eligible events not entered,Top 16,normal,,,true,true,false,false,3,5,94812,,0,false,,mainTour,mainTour,top16-low-overall-no-results,,true,true,
2034/35,wp-malik-drayton,Malik Drayton,37,NOR,Established,Top 16 Elite Player,false,true,true,Ranking Retained,0,0,,Top 16,12,12,10,12,10,76,,,,,12,2,87,87,88,88,83,98,62,16,46,6,3,3,50,0,,,,,,,71398,444,67,41,26,61.19402985074627,0,0,1281197,"{""matches"":67,""wins"":41,""losses"":26,""draws"":0,""winPercentage"":61.19402985074627,""eventsEntered"":0,""titles"":0,""finals"":0,""prizeMoney"":1281197,""points"":0}",,,,,,,,,,,,,,12,,true,true,false,,104,20,15,8,0,6,7,0,0,0,0,0,0,5,5,estimated from season exits versus eligible schedule | 5 eligible events not entered,Top 16,normal,,,true,true,false,false,3,5,123718,,0,false,,mainTour,mainTour,top16-low-overall-no-results,,true,true,
2034/35,wp-harris-urban,Harris Urban,35,GER,Established,Top 16 Elite Player,false,true,true,Ranking Retained,0,0,,Top 16,13,13,11,13,11,50,,,,,13,2,87,87,89,88,83,97,64,22,47,9,5,4,55.55555555555556,0,,,,,,,114758,713,81,51,30,62.96296296296296,0,0,1529913,"{""matches"":81,""wins"":51,""losses"":30,""draws"":0,""winPercentage"":62.96296296296296,""eventsEntered"":0,""titles"":0,""finals"":0,""prizeMoney"":1529913,""points"":0}",,,,,,,,,,,,,,13,,true,true,false,,104,20,15,8,0,6,7,0,0,0,0,0,0,5,5,estimated from season exits versus eligible schedule | 5 eligible events not entered,Top 16,normal,,,true,true,false,false,5,10,229805,,0,false,,mainTour,mainTour,,,true,true,
2034/35,wp-hamza-petrov,Hamza Petrov,35,AUS,Established,Top 16 Elite Player,false,true,true,Ranking Retained,0,0,,Top 16,14,14,12,14,12,46,,,,,14,2,87,87,89,88,83,97,66,25,48,10,6,4,60,0,,,,,,,134125,834,92,58,34,63.04347826086957,0,0,1782792,"{""matches"":92,""wins"":58,""losses"":34,""draws"":0,""winPercentage"":63.04347826086957,""eventsEntered"":0,""titles"":0,""finals"":0,""prizeMoney"":1782792,""points"":0}",,,,,,,,,,,,,,14,,true,true,false,,104,20,15,8,0,6,7,0,0,0,0,0,0,5,5,estimated from season exits versus eligible schedule | 5 eligible events not entered,Top 16,normal,,,true,true,false,false,6,11,250039,,0,false,,mainTour,mainTour,,,true,true,
2034/35,wp-kieran-sorensen,Kieran Sorensen,41,SCO,Veteran,Top 16 Elite Player,false,true,true,Ranking Retained,0,0,,Top 16,6,6,13,6,13,69,,,,,6,-7,87,87,88,87,82,96,55,20,48,5,2,3,40,0,,,,,,,55211,343,69,41,28,59.42028985507246,0,0,1382961,"{""matches"":69,""wins"":41,""losses"":28,""draws"":0,""winPercentage"":59.42028985507246,""eventsEntered"":0,""titles"":0,""finals"":0,""prizeMoney"":1382961,""points"":0}",,,,,,,,,,,,,,5,,true,true,false,,104,20,15,8,0,6,7,0,0,0,0,0,0,5,5,estimated from season exits versus eligible schedule | 5 eligible events not entered,Top 16,normal,,,true,true,false,true,2,6,147133,,0,true,,mainTour,mainTour,,,true,true,
2034/35,wp-euan-whitaker,Euan Whitaker,42,CHN,Veteran,Top 16 Elite Player,false,true,true,Ranking Retained,0,0,,Top 16,5,5,14,5,14,32,,,,,5,-9,89,90,89,90,82,96,60,33,50,9,5,4,55.55555555555556,0,,,,,,,121406,755,80,54,26,67.5,0,0,1654434,"{""matches"":80,""wins"":54,""losses"":26,""draws"":0,""winPercentage"":67.5,""eventsEntered"":0,""titles"":0,""finals"":0,""prizeMoney"":1654434,""points"":0}",,,,,,,,,,,,,,4,,true,true,false,,104,21,15,8,0,6,7,1,0,0,0,0,0,6,6,estimated from season exits versus eligible schedule | 6 eligible events not entered,Top 16,normal,,,true,true,false,true,5,10,242234,,0,true,,mainTour,mainTour,,,true,true,
2034/35,wp-emil-sorensen,Emil Sorensen,38,CAN,Established,Top 16 Elite Player,false,true,true,Ranking Retained,0,0,,Top 16,16,16,15,16,15,26,,,,,16,1,88,88,89,90,83,99,67,23,49,8,5,3,62.5,0,,,,,,,123141,765,86,62,24,72.09302325581395,0,0,1863647,"{""matches"":86,""wins"":62,""losses"":24,""draws"":0,""winPercentage"":72.09302325581395,""eventsEntered"":0,""titles"":0,""finals"":0,""prizeMoney"":1863647,""points"":0}",,,,,,,,,,,,,,16,,true,true,false,,104,21,15,8,0,6,7,1,0,0,0,0,0,6,6,estimated from season exits versus eligible schedule | 6 eligible events not entered,Top 16,normal,,,true,true,false,false,5,12,282704,,0,false,,mainTour,mainTour,,,true,true,
2034/35,wp-jasper-barker,Jasper Barker,42,IRL,Veteran,Top 16 Elite Player,false,true,true,Ranking Retained,0,0,,Top 16,15,15,16,15,16,55,,,,,15,-1,87,87,87,88,80,94,62,36,49,10,6,4,60,0,,,,,,,131813,819,88,56,32,63.63636363636363,0,0,1623009,"{""matches"":88,""wins"":56,""losses"":32,""draws"":0,""winPercentage"":63.63636363636363,""eventsEntered"":0,""titles"":0,""finals"":0,""prizeMoney"":1623009,""points"":0}",,,,,,,,,,,,,,7,,true,true,false,,104,20,15,8,0,6,7,0,0,0,0,0,0,5,5,estimated from season exits versus eligible schedule | 5 eligible events not entered,Top 16,normal,,,true,true,false,true,6,11,245415,,0,true,,mainTour,mainTour,,,true,true,
2034/35,wp-joel-forster,Joel Forster,35,ENG,Established,Top 32 Professional,false,true,true,Ranking Retained,0,0,,Top 32,17,17,17,17,17,56,,,,,17,0,86,86,88,87,82,96,66,25,46,10,6,4,60,0,,,,,,,131523,818,83,51,32,61.44578313253012,0,0,1461665,"{""matches"":83,""wins"":51,""losses"":32,""draws"":0,""winPercentage"":61.44578313253012,""eventsEntered"":0,""titles"":0,""finals"":0,""prizeMoney"":1461665,""points"":0}",,,,,,,,,,,,,,17,,false,false,true,,104,21,13,8,2,1,3,0,0,0,0,0,0,8,8,estimated from season exits versus eligible schedule | 8 eligible events not entered,Top 32,normal,,,true,true,false,false,6,10,226046,,0,false,,mainTour,mainTour,,,true,true,
2034/35,wp-mateo-yates,Mateo Yates,33,ESP,Established,Top 32 Professional,false,true,true,Ranking Retained,0,0,,Top 32,18,18,18,18,18,79,,,,,18,0,85,85,87,85,83,96,58,10,44,5,2,3,40,0,,,,,,,52320,325,59,35,24,59.32203389830508,0,0,1147696,"{""matches"":59,""wins"":35,""losses"":24,""draws"":0,""winPercentage"":59.32203389830508,""eventsEntered"":0,""titles"":0,""finals"":0,""prizeMoney"":1147696,""points"":0}",,,,,,,,,,,,,,18,,false,false,true,,104,21,13,8,2,1,3,0,0,0,0,0,0,8,8,estimated from season exits versus eligible schedule | 8 eligible events not entered,Top 32,normal,,,true,true,false,false,2,6,141062,,0,false,,mainTour,mainTour,,,true,true,
2034/35,wp-bartosz-urban,Bartosz Urban,31,ITA,Established,Top 32 Professional,false,true,true,Ranking Retained,0,0,,Top 32,19,19,19,19,19,13,,,,,19,0,88,88,90,90,85,98,69,30,50,12,8,4,66.66666666666666,0,,,,,,,182109,1132,107,77,30,71.96261682242991,0,0,2189847,"{""matches"":107,""wins"":77,""losses"":30,""draws"":0,""winPercentage"":71.96261682242991,""eventsEntered"":0,""titles"":0,""finals"":0,""prizeMoney"":2189847,""points"":0}",,,,,,,,,,,,,,19,,false,false,true,,104,23,13,8,2,1,3,2,0,0,0,0,0,10,10,estimated from season exits versus eligible schedule | 10 eligible events not entered,Top 32,normal,,,true,true,false,false,8,16,363640,,0,false,,mainTour,mainTour,,,true,true,
2034/35,wp-dylan-forster,Dylan Forster,32,PAK,Established,Top 32 Professional,false,true,true,Ranking Retained,0,0,,Top 32,20,20,20,20,20,24,,,,,20,0,88,88,90,89,86,99,67,19,48,8,5,3,62.5,0,,,,,,,123719,769,92,67,25,72.82608695652173,0,0,1879547,"{""matches"":92,""wins"":67,""losses"":25,""draws"":0,""winPercentage"":72.82608695652173,""eventsEntered"":0,""titles"":0,""finals"":0,""prizeMoney"":1879547,""points"":0}",,,,,,,,,,,,,,20,,false,false,true,,104,22,13,8,2,1,3,1,0,0,0,0,0,9,9,estimated from season exits versus eligible schedule | 9 eligible events not entered,Top 32,normal,,,true,true,false,false,5,12,283860,,0,false,,mainTour,mainTour,,,true,true,
2034/35,wp-patrick-barker,Patrick Barker,36,IND,Established,Top 32 Professional,false,true,true,Ranking Retained,0,0,,Top 32,21,21,21,21,21,89,,,,,21,0,84,84,86,84,81,95,62,15,44,6,3,3,50,0,,,,,,,67641,420,62,36,26,58.06451612903226,0,0,1169292,"{""matches"":62,""wins"":36,""losses"":26,""draws"":0,""winPercentage"":58.06451612903226,""eventsEntered"":0,""titles"":0,""finals"":0,""prizeMoney"":1169292,""points"":0}",,,,,,,,,,,,,,21,,false,false,true,,104,21,13,8,2,1,3,0,0,0,0,0,0,8,8,estimated from season exits versus eligible schedule | 8 eligible events not entered,Top 32,normal,,,true,true,false,false,3,6,134993,,0,false,,mainTour,mainTour,,,true,true,
2034/35,wp-tobias-yates,Tobias Yates,31,NED,Established,Top 32 Professional,false,true,true,Ranking Retained,0,0,,Top 32,23,23,22,23,22,107,,,,,23,1,83,83,85,82,82,93,55,14,43,6,2,4,33.33333333333333,0,,,,,,,42781,266,59,32,27,54.23728813559322,0,0,1103592,"{""matches"":59,""wins"":32,""losses"":27,""draws"":0,""winPercentage"":54.23728813559322,""eventsEntered"":0,""titles"":0,""finals"":0,""prizeMoney"":1103592,""points"":0}",,,,,,,,,,,,,,23,,false,false,true,,104,21,13,8,2,1,3,0,0,0,0,0,0,8,8,estimated from season exits versus eligible schedule | 8 eligible events not entered,Top 32,normal,,,true,true,false,false,2,5,104351,,0,false,,mainTour,mainTour,,,true,true,
2034/35,wp-oskar-iqbal,Oskar Iqbal,35,CAN,Established,Top 32 Professional,false,true,true,Ranking Retained,0,0,,Top 32,24,24,23,24,23,88,,,,,24,1,84,84,86,84,81,95,58,10,43,5,2,3,40,0,,,,,,,49719,309,60,36,24,60,0,0,1174957,"{""matches"":60,""wins"":36,""losses"":24,""draws"":0,""winPercentage"":60,""eventsEntered"":0,""titles"":0,""finals"":0,""prizeMoney"":1174957,""points"":0}",,,,,,,,,,,,,,24,,false,false,true,,104,21,13,8,2,1,3,0,0,0,0,0,0,8,8,estimated from season exits versus eligible schedule | 8 eligible events not entered,Top 32,normal,,,true,true,false,false,2,6,136438,,0,false,,mainTour,mainTour,,,true,true,
2034/35,wp-warren-iqbal,Warren Iqbal,37,SCO,Established,Top 32 Professional,false,true,true,Ranking Retained,0,0,,Top 32,22,22,24,22,24,117,,,,,22,-2,82,82,83,82,79,92,58,13,42,5,2,3,40,0,,,,,,,40180,250,59,29,30,49.152542372881356,0,0,897174,"{""matches"":59,""wins"":29,""losses"":30,""draws"":0,""winPercentage"":49.152542372881356,""eventsEntered"":0,""titles"":0,""finals"":0,""prizeMoney"":897174,""points"":0}",,,,,,,,,,,,,,22,,false,false,true,,104,21,13,8,2,1,3,0,0,0,0,0,0,8,8,estimated from season exits versus eligible schedule | 8 eligible events not entered,Top 32,normal,,,true,true,false,true,2,4,80360,,0,true,,mainTour,mainTour,,,true,true,
2034/35,wp-gareth-drayton,Gareth Drayton,36,POL,Established,Top 32 Professional,false,true,true,Ranking Retained,0,0,,Top 32,25,25,25,25,25,45,,,,,25,0,85,85,87,86,81,95,62,21,46,8,4,4,50,0,,,,,,,98570,613,86,57,29,66.27906976744185,0,0,1645501,"{""matches"":86,""wins"":57,""losses"":29,""draws"":0,""winPercentage"":66.27906976744185,""eventsEntered"":0,""titles"":0,""finals"":0,""prizeMoney"":1645501,""points"":0}",,,,,,,,,,,,,,25,,false,false,true,,104,21,13,8,2,1,3,0,0,0,0,0,0,8,8,estimated from season exits versus eligible schedule | 8 eligible events not entered,Top 32,normal,,,true,true,false,false,4,10,234429,,0,false,,mainTour,mainTour,,,true,true,
2034/35,wp-wesley-novak,Wesley Novak,39,ESP,Established,Top 32 Professional,false,true,true,Ranking Retained,0,0,,Top 32,26,26,26,26,26,119,,,,,26,0,81,81,82,80,76,89,54,20,41,6,2,4,33.33333333333333,0,,,,,,,39891,248,59,29,30,49.152542372881356,0,0,914084,"{""matches"":59,""wins"":29,""losses"":30,""draws"":0,""winPercentage"":49.152542372881356,""eventsEntered"":0,""titles"":0,""finals"":0,""prizeMoney"":914084,""points"":0}",,,,,,,,,,,,,,26,,false,false,true,,104,21,13,8,2,1,3,0,0,0,0,0,0,8,8,estimated from season exits versus eligible schedule | 8 eligible events not entered,Top 32,normal,,,true,true,false,false,2,4,79782,,0,false,,mainTour,mainTour,,,true,true,
2034/35,wp-adrian-harrington,Adrian Harrington,40,SWE,Veteran,Top 32 Professional,false,true,true,Ranking Retained,0,0,,Top 32,27,27,27,27,27,1,,,,,27,0,87,87,88,88,81,95,65,35,49,11,7,4,63.63636363636363,0,,,,,,,166500,1035,107,80,27,74.76635514018692,0,0,2137760,"{""matches"":107,""wins"":80,""losses"":27,""draws"":0,""winPercentage"":74.76635514018692,""eventsEntered"":0,""titles"":0,""finals"":0,""prizeMoney"":2137760,""points"":0}",,,,,,,,,,,,,,20,,false,false,true,,104,24,13,8,2,2,3,3,0,0,0,0,0,11,11,estimated from season exits versus eligible schedule | 11 eligible events not entered,Top 32,normal,,,true,true,false,false,7,16,370000,,0,false,,mainTour,mainTour,,,true,true,
2034/35,wp-dario-janssen,Dario Janssen,40,THA,Veteran,Top 32 Professional,false,true,true,Ranking Retained,0,0,,Top 32,28,28,28,28,28,21,,,,,28,0,86,86,87,87,80,96,67,29,47,9,6,3,66.66666666666666,0,,,,,,,142797,888,90,63,27,70,0,0,1781511,"{""matches"":90,""wins"":63,""losses"":27,""draws"":0,""winPercentage"":70,""eventsEntered"":0,""titles"":0,""finals"":0,""prizeMoney"":1781511,""points"":0}",,,,,,,,,,,,,,23,,false,false,true,,104,22,13,8,2,1,3,1,0,0,0,0,0,9,9,estimated from season exits versus eligible schedule | 9 eligible events not entered,Top 32,normal,,,true,true,false,false,6,11,266516,,0,false,,mainTour,mainTour,,,true,true,
2034/35,wp-rafael-grimaldi,Rafael Grimaldi,41,AUS,Veteran,Top 32 Professional,false,true,true,Ranking Retained,0,0,,Top 32,29,29,29,29,29,93,,,,,29,0,83,84,84,82,77,90,52,23,44,6,2,4,33.33333333333333,0,,,,,,,46828,291,59,33,26,55.932203389830505,0,0,1086586,"{""matches"":59,""wins"":33,""losses"":26,""draws"":0,""winPercentage"":55.932203389830505,""eventsEntered"":0,""titles"":0,""finals"":0,""prizeMoney"":1086586,""points"":0}",,,,,,,,,,,,,,19,,false,false,true,,104,21,13,8,2,1,3,0,0,0,0,0,0,8,8,estimated from season exits versus eligible schedule | 8 eligible events not entered,Top 32,normal,,,true,true,false,false,2,5,111867,,0,false,,mainTour,mainTour,,,true,true,
2034/35,wp-xander-caldwell,Xander Caldwell,40,FRA,Veteran,Top 32 Professional,false,true,true,Ranking Retained,0,0,,Top 32,30,30,30,30,30,120,,,,,30,0,81,81,82,80,76,90,56,18,41,5,2,3,40,0,,,,,,,39602,246,57,29,28,50.877192982456144,0,0,960632,"{""matches"":57,""wins"":29,""losses"":28,""draws"":0,""winPercentage"":50.877192982456144,""eventsEntered"":0,""titles"":0,""finals"":0,""prizeMoney"":960632,""points"":0}",,,,,,,,,,,,,,30,,false,false,true,,104,21,13,8,2,1,3,0,0,0,0,0,0,8,8,estimated from season exits versus eligible schedule | 8 eligible events not entered,Top 32,normal,,,true,true,false,false,2,4,79204,,0,false,,mainTour,mainTour,,,true,true,
2034/35,wp-zane-langford,Zane Langford,41,BRA,Veteran,Top 32 Professional,false,true,true,Ranking Retained,0,0,,Top 32,32,32,31,32,31,127,,,,,32,1,80,80,81,79,74,87,52,23,40,6,2,4,33.33333333333333,0,,,,,,,37289,232,61,29,32,47.540983606557376,0,0,905752,"{""matches"":61,""wins"":29,""losses"":32,""draws"":0,""winPercentage"":47.540983606557376,""eventsEntered"":0,""titles"":0,""finals"":0,""prizeMoney"":905752,""points"":0}",,,,,,,,,,,,,,31,,false,false,true,,104,21,13,8,2,1,3,0,0,0,0,0,0,8,8,estimated from season exits versus eligible schedule | 8 eligible events not entered,Top 32,normal,,,true,true,false,false,2,5,93078,,0,false,,mainTour,mainTour,,,true,true,
2034/35,wp-ulrich-easton,Ulrich Easton,42,NIR,Veteran,Top 32 Professional,false,true,true,Ranking Retained,0,0,,Top 32,31,31,32,31,32,111,,,,,31,-1,82,83,82,81,76,90,54,21,43,5,2,3,40,0,,,,,,,42203,262,57,30,27,52.63157894736842,0,0,999996,"{""matches"":57,""wins"":30,""losses"":27,""draws"":0,""winPercentage"":52.63157894736842,""eventsEntered"":0,""titles"":0,""finals"":0,""prizeMoney"":999996,""points"":0}",,,,,,,,,,,,,,19,,false,false,true,,104,21,13,8,2,1,3,0,0,0,0,0,0,8,8,estimated from season exits versus eligible schedule | 8 eligible events not entered,Top 32,normal,,,true,true,false,true,2,4,84406,,0,true,,mainTour,mainTour,,,true,true,
2034/35,wp-samir-kovacs,Samir Kovacs,31,GER,Established,Tour Survivor / Top 64,false,true,true,Ranking Retained,0,0,,Safe,34,34,33,34,33,102,,,,,34,1,81,81,83,81,80,92,62,13,41,6,3,3,50,0,,,,,,,63016,392,58,33,25,56.896551724137936,0,0,1008514,"{""matches"":58,""wins"":33,""losses"":25,""draws"":0,""winPercentage"":56.896551724137936,""eventsEntered"":0,""titles"":0,""finals"":0,""prizeMoney"":1008514,""points"":0}",,,,,,,,,,,,,,34,,false,false,true,,104,18,11,9,2,1,0,0,0,0,0,0,0,7,7,estimated from season exits versus eligible schedule | 7 eligible events not entered,Top 64,normal,,,true,true,false,false,3,5,107821,,0,false,,mainTour,mainTour,,,true,true,
2034/35,wp-lorenzo-olsen,Lorenzo Olsen,32,JPN,Established,Tour Survivor / Top 64,false,true,true,Ranking Retained,0,0,,Safe,33,33,34,33,34,72,,,,,33,-1,83,83,85,83,81,94,65,16,42,7,4,3,57.14285714285714,0,,,,,,,91055,566,67,42,25,62.68656716417911,0,0,1194950,"{""matches"":67,""wins"":42,""losses"":25,""draws"":0,""winPercentage"":62.68656716417911,""eventsEntered"":0,""titles"":0,""finals"":0,""prizeMoney"":1194950,""points"":0}",,,,,,,,,,,,,,33,,false,false,true,,104,18,11,9,2,1,0,0,0,0,0,0,0,7,7,estimated from season exits versus eligible schedule | 7 eligible events not entered,Top 64,normal,,,true,true,false,true,4,7,163032,,0,true,,mainTour,mainTour,,,true,true,
2034/35,wp-ivan-madsen,Ivan Madsen,32,WAL,Established,Tour Survivor / Top 64,false,true,true,Ranking Retained,0,0,,Safe,35,35,35,35,35,54,,,,,35,0,83,83,85,83,81,93,64,22,43,9,5,4,55.55555555555556,0,,,,,,,113891,708,85,55,30,64.70588235294117,0,0,1498987,"{""matches"":85,""wins"":55,""losses"":30,""draws"":0,""winPercentage"":64.70588235294117,""eventsEntered"":0,""titles"":0,""finals"":0,""prizeMoney"":1498987,""points"":0}",,,,,,,,,,,,,,35,,false,false,true,,104,18,11,9,2,1,0,0,0,0,0,0,0,7,7,estimated from season exits versus eligible schedule | 7 eligible events not entered,Top 64,normal,,,true,true,false,false,5,10,228071,,0,false,,mainTour,mainTour,,,true,true,
2034/35,wp-zac-rossi,Zac Rossi,30,NOR,Established,Tour Survivor / Top 64,false,true,true,Ranking Retained,0,0,,Safe,36,36,36,36,36,126,,,,,36,0,80,80,82,79,79,90,55,14,39,6,2,4,33.33333333333333,0,,,,,,,37578,234,61,31,30,50.81967213114754,0,0,879116,"{""matches"":61,""wins"":31,""losses"":30,""draws"":0,""winPercentage"":50.81967213114754,""eventsEntered"":0,""titles"":0,""finals"":0,""prizeMoney"":879116,""points"":0}",,,,,,,,,,,,,,36,,false,false,true,,104,18,11,9,2,1,0,0,0,0,0,0,0,7,7,estimated from season exits versus eligible schedule | 7 eligible events not entered,Top 64,normal,,,true,true,false,false,2,4,75156,,0,false,,mainTour,mainTour,,,true,true,
2034/35,wp-ilyas-quinnell,Ilyas Quinnell,32,FRA,Established,Tour Survivor / Top 64,false,true,true,Ranking Retained,0,0,,Safe,37,37,37,37,37,52,,,,,37,0,83,83,85,83,81,93,64,22,43,9,5,4,55.55555555555556,0,,,,,,,114180,710,86,56,30,65.11627906976744,0,0,1523837,"{""matches"":86,""wins"":56,""losses"":30,""draws"":0,""winPercentage"":65.11627906976744,""eventsEntered"":0,""titles"":0,""finals"":0,""prizeMoney"":1523837,""points"":0}",,,,,,,,,,,,,,37,,false,false,true,,104,18,11,9,2,1,0,0,0,0,0,0,0,7,7,estimated from season exits versus eligible schedule | 7 eligible events not entered,Top 64,normal,,,true,true,false,false,5,10,228649,,0,false,,mainTour,mainTour,,,true,true,
2034/35,wp-yannick-westbrook,Yannick Westbrook,36,CAN,Established,Tour Survivor / Top 64,false,true,true,Ranking Retained,0,0,,Safe,38,38,38,38,38,123,,,,,38,0,79,79,81,78,75,89,59,18,39,7,3,4,42.857142857142854,0,,,,,,,57523,358,59,29,30,49.152542372881356,0,0,837836,"{""matches"":59,""wins"":29,""losses"":30,""draws"":0,""winPercentage"":49.152542372881356,""eventsEntered"":0,""titles"":0,""finals"":0,""prizeMoney"":837836,""points"":0}",,,,,,,,,,,,,,38,,false,false,true,,104,18,11,9,2,1,0,0,0,0,0,0,0,7,7,estimated from season exits versus eligible schedule | 7 eligible events not entered,Top 64,normal,,,true,true,false,false,3,5,96546,,0,false,,mainTour,mainTour,,,true,true,
2034/35,wp-tariq-patel,Tariq Patel,39,IRL,Established,Tour Survivor / Top 64,false,true,true,Ranking Retained,0,0,,Safe,39,39,39,39,39,104,,,,,39,0,81,81,82,80,76,89,54,20,40,6,2,4,33.33333333333333,0,,,,,,,43359,270,60,33,27,55.00000000000001,0,0,931742,"{""matches"":60,""wins"":33,""losses"":27,""draws"":0,""winPercentage"":55.00000000000001,""eventsEntered"":0,""titles"":0,""finals"":0,""prizeMoney"":931742,""points"":0}",,,,,,,,,,,,,,34,,false,false,true,,104,18,11,9,2,1,0,0,0,0,0,0,0,7,7,estimated from season exits versus eligible schedule | 7 eligible events not entered,Top 64,normal,,,true,true,false,false,2,4,87007,,0,false,,mainTour,mainTour,,,true,true,
2034/35,wp-freddie-sinclair,Freddie Sinclair,36,NIR,Established,Tour Survivor / Top 64,false,true,true,Ranking Retained,0,0,,Safe,40,40,40,40,40,44,,,,,40,0,83,83,85,84,79,93,66,26,43,10,6,4,60,0,,,,,,,136148,846,86,59,27,68.6046511627907,0,0,1618084,"{""matches"":86,""wins"":59,""losses"":27,""draws"":0,""winPercentage"":68.6046511627907,""eventsEntered"":0,""titles"":0,""finals"":0,""prizeMoney"":1618084,""points"":0}",,,,,,,,,,,,,,40,,false,false,true,,104,18,11,9,2,1,0,0,0,0,0,0,0,7,7,estimated from season exits versus eligible schedule | 7 eligible events not entered,Top 64,normal,,,true,true,false,false,6,12,272586,,0,false,,mainTour,mainTour,,,true,true,
2034/35,wp-reuben-vos,Reuben Vos,35,BEL,Established,Tour Survivor / Top 64,false,true,true,Ranking Retained,0,0,,Safe,45,45,41,45,41,96,,,,,45,4,80,80,82,79,77,91,62,13,38,6,3,3,50,0,,,,,,,64172,399,58,34,24,58.620689655172406,0,0,935674,"{""matches"":58,""wins"":34,""losses"":24,""draws"":0,""winPercentage"":58.620689655172406,""eventsEntered"":0,""titles"":0,""finals"":0,""prizeMoney"":935674,""points"":0}",,,,,,,,,,,,,,45,,false,false,true,,104,18,11,9,2,1,0,0,0,0,0,0,0,7,7,estimated from season exits versus eligible schedule | 7 eligible events not entered,Top 64,normal,,,true,true,false,false,3,5,109555,,0,false,,mainTour,mainTour,,,true,true,
2034/35,wp-yusuf-costa,Yusuf Costa,30,JPN,Established,Tour Survivor / Top 64,false,true,true,Ranking Retained,0,0,,Safe,46,46,42,46,42,124,,,,,46,4,78,78,80,77,77,88,59,16,37,7,3,4,42.857142857142854,0,,,,,,,57234,356,64,34,30,53.125,0,0,848762,"{""matches"":64,""wins"":34,""losses"":30,""draws"":0,""winPercentage"":53.125,""eventsEntered"":0,""titles"":0,""finals"":0,""prizeMoney"":848762,""points"":0}",,,,,,,,,,,,,,46,,false,false,true,,104,18,11,9,2,1,0,0,0,0,0,0,0,7,7,estimated from season exits versus eligible schedule | 7 eligible events not entered,Top 64,normal,,,true,true,false,false,3,5,95968,,0,false,,mainTour,mainTour,,,true,true,
2034/35,wp-hamza-xu,Hamza Xu,37,SCO,Established,Tour Survivor / Top 64,false,true,true,Ranking Retained,0,0,,Safe,42,42,43,42,43,48,,,,,42,-1,81,81,82,81,76,90,66,28,42,10,6,4,60,0,,,,,,,133836,832,87,56,31,64.36781609195403,0,0,1447097,"{""matches"":87,""wins"":56,""losses"":31,""draws"":0,""winPercentage"":64.36781609195403,""eventsEntered"":0,""titles"":0,""finals"":0,""prizeMoney"":1447097,""points"":0}",,,,,,,,,,,,,,42,,false,false,true,,104,18,11,9,2,1,0,0,0,0,0,0,0,7,7,estimated from season exits versus eligible schedule | 7 eligible events not entered,Top 64,normal,,,true,true,false,true,6,11,249461,,0,true,,mainTour,mainTour,,,true,true,
2034/35,wp-kieran-zimmer,Kieran Zimmer,32,BRA,Established,Tour Survivor / Top 64,false,true,true,Ranking Retained,0,0,,Safe,47,47,44,47,44,71,,,,,47,3,81,81,83,80,80,92,58,10,40,5,2,3,40,0,,,,,,,54922,341,76,49,27,64.47368421052632,0,0,1281323,"{""matches"":76,""wins"":49,""losses"":27,""draws"":0,""winPercentage"":64.47368421052632,""eventsEntered"":0,""titles"":0,""finals"":0,""prizeMoney"":1281323,""points"":0}",,,,,,,,,,,,,,47,,false,false,true,,104,18,11,9,2,1,0,0,0,0,0,0,0,7,7,estimated from season exits versus eligible schedule | 7 eligible events not entered,Top 64,normal,,,true,true,false,false,2,6,146555,,0,false,,mainTour,mainTour,,,true,true,
2034/35,wp-niall-xu,Niall Xu,30,THA,Established,Tour Survivor / Top 64,false,true,true,Ranking Retained,0,0,,Safe,48,48,45,48,45,83,,,,,48,3,80,80,82,80,79,91,65,16,38,7,4,3,57.14285714285714,0,,,,,,,87586,544,61,39,22,63.934426229508205,0,0,1041123,"{""matches"":61,""wins"":39,""losses"":22,""draws"":0,""winPercentage"":63.934426229508205,""eventsEntered"":0,""titles"":0,""finals"":0,""prizeMoney"":1041123,""points"":0}",,,,,,,,,,,,,,48,,false,false,true,,104,18,11,9,2,1,0,0,0,0,0,0,0,7,7,estimated from season exits versus eligible schedule | 7 eligible events not entered,Top 64,normal,,,true,true,false,false,4,7,156383,,0,false,,mainTour,mainTour,,,true,true,
2034/35,wp-vincent-tanaka,Vincent Tanaka,37,ENG,Established,Tour Survivor / Top 64,false,true,true,Ranking Retained,0,0,,Safe,43,43,46,43,46,116,,,,,43,-3,78,78,79,77,74,87,55,17,38,6,2,4,33.33333333333333,0,,,,,,,40469,252,60,30,30,50,0,0,821402,"{""matches"":60,""wins"":30,""losses"":30,""draws"":0,""winPercentage"":50,""eventsEntered"":0,""titles"":0,""finals"":0,""prizeMoney"":821402,""points"":0}",,,,,,,,,,,,,,43,,false,false,true,,104,18,11,9,2,1,0,0,0,0,0,0,0,7,7,estimated from season exits versus eligible schedule | 7 eligible events not entered,Top 64,normal,,,true,true,false,true,2,4,80938,,0,true,,mainTour,mainTour,,,true,true,
2034/35,wp-fraser-olsen,Fraser Olsen,40,NED,Veteran,Tour Survivor / Top 64,false,true,true,Ranking Retained,0,0,,Safe,41,41,47,41,47,42,,,,,41,-6,83,84,84,83,77,91,62,30,43,9,5,4,55.55555555555556,0,,,,,,,118516,737,83,57,26,68.67469879518072,0,0,1592021,"{""matches"":83,""wins"":57,""losses"":26,""draws"":0,""winPercentage"":68.67469879518072,""eventsEntered"":0,""titles"":0,""finals"":0,""prizeMoney"":1592021,""points"":0}",,,,,,,,,,,,,,36,,false,false,true,,104,18,11,9,2,1,0,0,0,0,0,0,0,7,7,estimated from season exits versus eligible schedule | 7 eligible events not entered,Top 64,normal,,,true,true,false,true,5,11,255821,,0,true,,mainTour,mainTour,,,true,true,
2034/35,wp-emil-zimmer,Emil Zimmer,38,GER,Established,Tour Survivor / Top 64,false,true,true,Ranking Retained,0,0,,Safe,44,44,48,44,48,29,,,,,44,-4,82,82,83,83,77,93,69,26,42,9,6,3,66.66666666666666,0,,,,,,,141063,877,82,58,24,70.73170731707317,0,0,1568618,"{""matches"":82,""wins"":58,""losses"":24,""draws"":0,""winPercentage"":70.73170731707317,""eventsEntered"":0,""titles"":0,""finals"":0,""prizeMoney"":1568618,""points"":0}",,,,,,,,,,,,,,43,,false,false,true,,104,19,11,9,2,1,0,1,0,0,0,0,0,8,8,estimated from season exits versus eligible schedule | 8 eligible events not entered,Top 64,normal,,,true,true,false,true,6,11,263047,,0,true,,mainTour,mainTour,,,true,true,
2034/35,wp-mateo-el-sayed,Mateo El-Sayed,37,IND,Established,Tour Survivor / Top 64,false,true,true,Ranking Retained,0,0,,Safe,50,50,49,50,49,77,,,,,50,1,79,79,80,79,75,90,65,19,38,7,4,3,57.14285714285714,0,,,,,,,89609,557,65,39,26,60,0,0,1014004,"{""matches"":65,""wins"":39,""losses"":26,""draws"":0,""winPercentage"":60,""eventsEntered"":0,""titles"":0,""finals"":0,""prizeMoney"":1014004,""points"":0}",,,,,,,,,,,,,,50,,false,false,true,,104,18,11,9,2,1,0,0,0,0,0,0,0,7,7,estimated from season exits versus eligible schedule | 7 eligible events not entered,Top 64,normal,,,true,true,false,false,4,6,141640,,0,false,,mainTour,mainTour,,,true,true,
2034/35,wp-quentin-rossi,Quentin Rossi,40,POL,Veteran,Tour Survivor / Top 64,false,true,true,Ranking Retained,0,0,,Safe,49,49,50,49,50,92,,,,,49,-1,79,79,80,78,74,87,53,21,39,6,2,4,33.33333333333333,0,,,,,,,47406,295,55,30,25,54.54545454545454,0,0,908122,"{""matches"":55,""wins"":30,""losses"":25,""draws"":0,""winPercentage"":54.54545454545454,""eventsEntered"":0,""titles"":0,""finals"":0,""prizeMoney"":908122,""points"":0}",,,,,,,,,,,,,,41,,false,false,true,,104,18,11,9,2,1,0,0,0,0,0,0,0,7,7,estimated from season exits versus eligible schedule | 7 eligible events not entered,Top 64,normal,,,true,true,false,true,2,5,113023,,0,true,,mainTour,mainTour,,,true,true,
2034/35,wp-harris-bouchard,Harris Bouchard,39,ESP,Established,Tour Survivor / Top 64,false,true,true,Ranking Retained,0,0,,Safe,51,51,51,51,51,49,,,,,51,0,79,79,80,79,74,88,63,28,40,9,5,4,55.55555555555556,0,,,,,,,115047,715,83,51,32,61.44578313253012,0,0,1345885,"{""matches"":83,""wins"":51,""losses"":32,""draws"":0,""winPercentage"":61.44578313253012,""eventsEntered"":0,""titles"":0,""finals"":0,""prizeMoney"":1345885,""points"":0}",,,,,,,,,,,,,,48,,false,false,true,,104,18,11,9,2,1,0,0,0,0,0,0,0,7,7,estimated from season exits versus eligible schedule | 7 eligible events not entered,Top 64,normal,,,true,true,false,false,5,9,211883,,0,false,,mainTour,mainTour,,,true,true,
2034/35,wp-connor-upton,Connor Upton,40,AUS,Veteran,Tour Survivor / Top 64,false,true,true,Ranking Retained,0,0,,Safe,53,53,52,53,52,18,,,,,53,1,81,81,82,82,74,89,67,38,43,12,8,4,66.66666666666666,0,,,,,,,180664,1123,106,75,31,70.75471698113208,0,0,1891501,"{""matches"":106,""wins"":75,""losses"":31,""draws"":0,""winPercentage"":70.75471698113208,""eventsEntered"":0,""titles"":0,""finals"":0,""prizeMoney"":1891501,""points"":0}",,,,,,,,,,,,,,48,,false,false,true,,104,19,11,9,2,1,0,1,0,0,0,0,0,8,8,estimated from season exits versus eligible schedule | 8 eligible events not entered,Top 64,normal,,,true,true,false,false,8,15,342250,,0,false,,mainTour,mainTour,,,true,true,
2034/35,wp-kaito-vos,Kaito Vos,40,SWE,Veteran,Tour Survivor / Top 64,false,true,true,Ranking Retained,0,0,,Safe,54,54,53,54,53,67,,,,,54,1,79,79,80,78,74,88,60,21,39,6,3,3,50,0,,,,,,,74000,460,78,48,30,61.53846153846154,0,0,1330051,"{""matches"":78,""wins"":48,""losses"":30,""draws"":0,""winPercentage"":61.53846153846154,""eventsEntered"":0,""titles"":0,""finals"":0,""prizeMoney"":1330051,""points"":0}",,,,,,,,,,,,,,51,,false,false,true,,104,18,11,9,2,1,0,0,0,0,0,0,0,7,7,estimated from season exits versus eligible schedule | 7 eligible events not entered,Top 64,normal,,,true,true,false,false,3,7,166211,,0,false,,mainTour,mainTour,,,true,true,
2034/35,wp-cedric-quinnell,Cedric Quinnell,41,IND,Veteran,Tour Survivor / Top 64,false,true,true,Ranking Retained,0,0,,Safe,52,52,54,52,54,15,,,,,52,-2,82,83,83,83,75,89,66,40,45,12,8,4,66.66666666666666,0,,,,,,,181531,1128,108,78,30,72.22222222222221,0,0,1985959,"{""matches"":108,""wins"":78,""losses"":30,""draws"":0,""winPercentage"":72.22222222222221,""eventsEntered"":0,""titles"":0,""finals"":0,""prizeMoney"":1985959,""points"":0}",,,,,,,,,,,,,,41,,false,false,true,,104,20,11,9,2,1,0,2,0,0,0,0,0,9,9,estimated from season exits versus eligible schedule | 9 eligible events not entered,Top 64,normal,,,true,true,false,true,8,17,380984,,0,true,,mainTour,mainTour,,,true,true,
2034/35,wp-pavel-costa,Pavel Costa,40,NED,Veteran,Tour Survivor / Top 64,false,true,true,Ranking Retained,0,0,,Safe,55,55,55,55,55,90,,,,,55,0,78,78,79,77,73,87,60,21,37,6,3,3,50,0,,,,,,,67063,417,59,35,24,59.32203389830508,0,0,981587,"{""matches"":59,""wins"":35,""losses"":24,""draws"":0,""winPercentage"":59.32203389830508,""eventsEntered"":0,""titles"":0,""finals"":0,""prizeMoney"":981587,""points"":0}",,,,,,,,,,,,,,54,,false,false,true,,104,18,11,9,2,1,0,0,0,0,0,0,0,7,7,estimated from season exits versus eligible schedule | 7 eligible events not entered,Top 64,normal,,,true,true,false,false,3,6,133836,,0,false,,mainTour,mainTour,,,true,true,
2034/35,wp-adrian-petrov,Adrian Petrov,36,WAL,Established,Tour Survivor / Top 64,false,true,true,Ranking Retained,0,0,,Safe,57,57,56,57,56,2,,,,,57,1,81,81,83,82,77,92,72,29,40,11,8,3,72.72727272727273,1,,,,,,,258711,1493,128,96,32,75,1,0,1311766,"{""matches"":128,""wins"":96,""losses"":32,""draws"":0,""winPercentage"":75,""eventsEntered"":0,""titles"":1,""finals"":0,""prizeMoney"":1311766,""points"":0}",,,,,,,,,,,,,,57,,false,false,true,,104,21,11,9,2,2,0,3,0,0,0,0,0,10,10,estimated from season exits versus eligible schedule | 10 eligible events not entered,Top 64,normal,,,true,true,false,false,8,15,424922,,1,false,,mainTour,mainTour,,,true,true,
2034/35,wp-adrian-verma,Adrian Verma,39,ENG,Established,Tour Survivor / Top 64,false,true,true,Ranking Retained,0,0,,Safe,58,58,57,58,57,3,,,,,58,1,80,80,81,80,74,88,66,34,40,11,7,4,63.63636363636363,0,,,,,,,165922,1031,106,79,27,74.52830188679245,0,0,1605454,"{""matches"":106,""wins"":79,""losses"":27,""draws"":0,""winPercentage"":74.52830188679245,""eventsEntered"":0,""titles"":0,""finals"":0,""prizeMoney"":1605454,""points"":0}",,,,,,,,,,,,,,58,,false,false,true,,104,21,11,9,2,2,0,3,0,0,0,0,0,10,10,estimated from season exits versus eligible schedule | 10 eligible events not entered,Top 64,normal,,,true,true,false,false,7,15,350344,,0,false,,mainTour,mainTour,,,true,true,
2034/35,wp-arlo-dawes,Arlo Dawes,23,BEL,Rookie,Tour Survivor / Top 64,false,true,true,Ranking Retained,0,0,,Safe,59,59,58,59,58,4,,,,,59,1,81,85,83,81,79,92,75,30,35,12,10,2,83.33333333333334,0,,,,,,,221133,1375,90,68,22,75.55555555555556,0,0,866032,"{""matches"":90,""wins"":68,""losses"":22,""draws"":0,""winPercentage"":75.55555555555556,""eventsEntered"":0,""titles"":0,""finals"":0,""prizeMoney"":866032,""points"":0}",,,,,,,,,,,,,,59,,false,false,true,,104,21,11,9,2,2,0,3,0,0,0,0,0,10,10,estimated from season exits versus eligible schedule | 10 eligible events not entered,Top 64,normal,,,true,true,false,false,10,19,423766,,0,false,,mainTour,mainTour,,,true,true,
2034/35,wp-arlo-dawes-a,Arlo Dawes A,23,BEL,Rookie,Tour Survivor / Top 64,false,true,true,Ranking Retained,0,0,,Safe,60,60,59,60,59,5,,,,,60,1,81,86,83,81,79,92,73,30,37,12,9,3,75,0,,,,,,,202344,1258,83,60,23,72.28915662650603,1,0,938876,"{""matches"":83,""wins"":60,""losses"":23,""draws"":0,""winPercentage"":72.28915662650603,""eventsEntered"":0,""titles"":1,""finals"":0,""prizeMoney"":938876,""points"":0}",,,,,,,,,,,,,,60,,false,false,true,,104,21,11,9,2,2,0,3,0,0,0,0,0,10,10,estimated from season exits versus eligible schedule | 10 eligible events not entered,Top 64,normal,,,true,true,false,false,9,20,441688,,0,false,,mainTour,mainTour,,,true,true,
2034/35,wp-arlo-dawes-b,Arlo Dawes B,20,BEL,Rookie,Tour Survivor / Top 64,false,true,true,Ranking Retained,0,0,,Safe,61,61,60,61,60,6,,,,,61,1,83,92,85,83,81,93,72,30,33,12,9,3,75,0,,,,,,,202055,1256,57,44,13,77.19298245614034,0,0,441110,"{""matches"":57,""wins"":44,""losses"":13,""draws"":0,""winPercentage"":77.19298245614034,""eventsEntered"":0,""titles"":0,""finals"":0,""prizeMoney"":441110,""points"":0}",,,,,,,,,,,,,,61,,false,false,true,,104,21,11,9,2,2,0,3,0,0,0,0,0,10,10,estimated from season exits versus eligible schedule | 10 eligible events not entered,Top 64,normal,,,true,true,false,false,9,20,441110,,0,false,,mainTour,mainTour,,,true,true,
2034/35,wp-arlo-dawes-c,Arlo Dawes C,20,BEL,Rookie,Tour Survivor / Top 64,false,true,true,Ranking Retained,0,0,,Safe,62,62,61,62,61,7,,,,,62,1,80,86,82,80,78,90,72,30,32,12,9,3,75,0,,,,,,,201766,1254,40,30,10,75,0,0,440532,"{""matches"":40,""wins"":30,""losses"":10,""draws"":0,""winPercentage"":75,""eventsEntered"":0,""titles"":0,""finals"":0,""prizeMoney"":440532,""points"":0}",,,,,,,,,,,,,,62,,false,false,true,,104,21,11,9,2,2,0,3,0,0,0,0,0,10,10,estimated from season exits versus eligible schedule | 10 eligible events not entered,Top 64,normal,,,true,true,false,false,9,20,440532,,0,false,,mainTour,mainTour,,,true,true,
2034/35,wp-arlo-dawes-d,Arlo Dawes D,20,BEL,Rookie,Tour Survivor / Top 64,false,true,true,Ranking Retained,0,0,,Safe,63,63,62,63,62,8,,,,,63,1,82,88,84,82,80,92,72,30,32,12,9,3,75,0,,,,,,,201477,1252,40,31,9,77.5,0,0,439954,"{""matches"":40,""wins"":31,""losses"":9,""draws"":0,""winPercentage"":77.5,""eventsEntered"":0,""titles"":0,""finals"":0,""prizeMoney"":439954,""points"":0}",,,,,,,,,,,,,,63,,false,false,true,,104,21,11,9,2,2,0,3,0,0,0,0,0,10,10,estimated from season exits versus eligible schedule | 10 eligible events not entered,Top 64,normal,,,true,true,false,false,9,20,439954,,0,false,,mainTour,mainTour,,,true,true,
2034/35,wp-bailey-forster,Bailey Forster,28,CAN,Established,Tour Survivor / Top 64,false,true,true,Ranking Retained,0,0,,Safe,64,64,63,64,63,9,,,,,64,1,77,77,79,76,75,87,69,30,32,12,8,4,66.66666666666666,0,,,,,,,182688,1136,88,56,32,63.63636363636363,0,0,383876,"{""matches"":88,""wins"":56,""losses"":32,""draws"":0,""winPercentage"":63.63636363636363,""eventsEntered"":0,""titles"":0,""finals"":0,""prizeMoney"":383876,""points"":0}",,,,,,,,,,,,,,64,,false,false,true,,104,21,11,9,2,2,0,3,0,0,0,0,0,10,10,estimated from season exits versus eligible schedule | 10 eligible events not entered,Top 64,normal,,,true,true,false,false,8,17,383876,,0,false,,mainTour,mainTour,,,true,true,
2034/35,wp-bailey-verma,Bailey Verma,28,NIR,Established,Tour Survivor / Top 64,false,true,true,Q School,1,2,2036/37,At Risk,,64,64,64,64,10,,,,,,,69,69,71,66,65,75,69,51,18,19,13,6,68.42105263157895,0,,,,,,,0,611,101,65,36,64.35643564356435,0,0,0,"{""matches"":101,""wins"":65,""losses"":36,""draws"":0,""winPercentage"":64.35643564356435,""eventsEntered"":0,""titles"":0,""finals"":0,""prizeMoney"":0,""points"":0}",,,,,,,,,,,,,,,,false,false,true,,104,21,11,9,2,2,0,3,0,0,0,0,0,10,10,estimated from season exits versus eligible schedule | 10 eligible events not entered,Top 64,normal,,,true,true,false,false,0,0,0,,0,false,,mainTour,mainTour,,,true,true,
2034/35,wp-bartosz-barker,Bartosz Barker,23,NOR,Rookie,Rookie Pro / Bubble,false,true,true,Playoff Route,1,2,2036/37,At Risk,,65,65,65,65,11,,,,,,,79,83,81,79,74,85,72,57,34,21,15,6,71.42857142857143,0,,,,,,,0,641,114,82,32,71.9298245614035,1,0,458165,"{""matches"":114,""wins"":82,""losses"":32,""draws"":0,""winPercentage"":71.9298245614035,""eventsEntered"":0,""titles"":1,""finals"":0,""prizeMoney"":458165,""points"":0}",,,,,,,,,,,,,,65,,false,false,true,,104,21,9,3,6,1,0,0,0,0,0,0,0,12,12,estimated from season exits versus eligible schedule | 12 eligible events not entered,Rookie Pro,normal,,,true,true,false,false,0,0,0,,0,false,,mainTour,mainTour,,,true,true,
2034/35,wp-bartosz-drayton,Bartosz Drayton,25,IRL,Established,Rookie Pro / Bubble,false,true,true,Playoff Route,2,1,2035/36,Rookie Year 2,65,65,66,65,66,12,,,,,65,-1,81,83,83,82,79,92,74,27,41,11,8,3,72.72727272727273,1,,,,,,,256398,1479,137,102,35,74.45255474452554,3,0,897828,"{""matches"":137,""wins"":102,""losses"":35,""draws"":0,""winPercentage"":74.45255474452554,""eventsEntered"":0,""titles"":3,""finals"":0,""prizeMoney"":897828,""points"":0}",,,,,,,,,,,,,,64,,false,false,true,,104,21,9,3,6,1,0,0,0,0,0,0,0,12,12,estimated from season exits versus eligible schedule | 12 eligible events not entered,Rookie Pro,normal,,,true,true,false,true,8,8,256398,,1,true,,mainTour,mainTour,,,true,true,
2034/35,wp-cedric-caldwell,Cedric Caldwell,25,ENG,Established,Rookie Pro / Bubble,false,true,true,Federation Route,1,2,2036/37,At Risk,66,66,67,66,67,14,,,,,66,-1,80,82,82,81,78,91,74,27,40,11,8,3,72.72727272727273,1,,,,,,,255820,1475,111,81,30,72.97297297297297,3,0,948991,"{""matches"":111,""wins"":81,""losses"":30,""draws"":0,""winPercentage"":72.97297297297297,""eventsEntered"":0,""titles"":3,""finals"":0,""prizeMoney"":948991,""points"":0}",,,,,,,,,,,,,,66,,false,false,true,,104,20,9,3,6,1,0,0,0,0,0,0,0,11,11,estimated from season exits versus eligible schedule | 11 eligible events not entered,Rookie Pro,normal,,,true,true,false,true,8,17,455562,,1,true,,mainTour,mainTour,,,true,true,
2034/35,wp-cedric-rahman,Cedric Rahman,30,POL,Established,Rookie Pro / Bubble,false,true,true,Federation Route,1,2,2036/37,At Risk,67,67,68,67,68,16,,,,,67,-1,80,80,82,80,78,90,68,28,40,11,7,4,63.63636363636363,0,,,,,,,162742,1012,109,82,27,75.22935779816514,1,0,1638983,"{""matches"":109,""wins"":82,""losses"":27,""draws"":0,""winPercentage"":75.22935779816514,""eventsEntered"":0,""titles"":1,""finals"":0,""prizeMoney"":1638983,""points"":0}",,,,,,,,,,,,,,65,,false,false,true,,104,20,9,3,6,1,0,0,0,0,0,0,0,11,11,estimated from season exits versus eligible schedule | 11 eligible events not entered,Rookie Pro,normal,,,true,true,false,true,7,16,361906,,0,true,,mainTour,mainTour,,,true,true,
2034/35,wp-cedric-sorensen,Cedric Sorensen,34,IND,Established,Rookie Pro / Bubble,false,true,true,Federation Route,1,2,2036/37,At Risk,68,68,69,68,69,17,,,,,68,-1,78,78,80,78,74,88,69,30,35,12,8,4,66.66666666666666,0,,,,,,,180953,1125,122,86,36,70.49180327868852,0,0,1031663,"{""matches"":122,""wins"":86,""losses"":36,""draws"":0,""winPercentage"":70.49180327868852,""eventsEntered"":0,""titles"":0,""finals"":0,""prizeMoney"":1031663,""points"":0}",,,,,,,,,,,,,,66,,false,false,true,,104,19,9,3,6,1,0,0,0,0,0,0,0,10,10,estimated from season exits versus eligible schedule | 10 eligible events not entered,Rookie Pro,normal,,,true,true,false,true,8,13,305828,,0,true,,mainTour,mainTour,,,true,true,
2034/35,wp-connor-urban,Connor Urban,30,SCO,Established,Rookie Pro / Bubble,false,true,true,Federation Route,1,2,2036/37,At Risk,69,69,70,69,70,19,,,,,69,-1,79,79,81,79,77,91,70,21,39,9,6,3,66.66666666666666,0,,,,,,,143375,891,96,70,26,72.91666666666666,1,0,1483179,"{""matches"":96,""wins"":70,""losses"":26,""draws"":0,""winPercentage"":72.91666666666666,""eventsEntered"":0,""titles"":1,""finals"":0,""prizeMoney"":1483179,""points"":0}",,,,,,,,,,,,,,67,,false,false,true,,104,19,9,3,6,1,0,0,0,0,0,0,0,10,10,estimated from season exits versus eligible schedule | 10 eligible events not entered,Rookie Pro,normal,,,true,true,false,true,6,13,304672,,0,true,,mainTour,mainTour,,,true,true,
2034/35,wp-connor-yates,Connor Yates,24,PAK,Rookie,Rookie Pro / Bubble,false,true,true,Federation Route,1,2,2036/37,At Risk,70,70,71,70,71,20,,,,,70,-1,80,83,82,80,78,93,75,21,36,9,7,2,77.77777777777779,0,,,,,,,161586,1004,130,99,31,76.15384615384615,2,0,664555,"{""matches"":130,""wins"":99,""losses"":31,""draws"":0,""winPercentage"":76.15384615384615,""eventsEntered"":0,""titles"":2,""finals"":0,""prizeMoney"":664555,""points"":0}",,,,,,,,,,,,,,70,,false,false,true,,104,19,9,3,6,1,0,0,0,0,0,0,0,10,10,estimated from season exits versus eligible schedule | 10 eligible events not entered,Rookie Pro,normal,,,true,true,false,true,7,15,341094,,0,true,,mainTour,mainTour,,,true,true,
2034/35,wp-dario-verma,Dario Verma,31,GER,Established,Rookie Pro / Bubble,false,true,true,Federation Route,1,2,2036/37,At Risk,71,71,72,71,72,22,,,,,71,-1,78,78,80,78,76,89,69,21,36,9,6,3,66.66666666666666,0,,,,,,,142508,886,91,66,25,72.52747252747253,0,0,1329399,"{""matches"":91,""wins"":66,""losses"":25,""draws"":0,""winPercentage"":72.52747252747253,""eventsEntered"":0,""titles"":0,""finals"":0,""prizeMoney"":1329399,""points"":0}",,,,,,,,,,,,,,68,,false,false,true,,104,19,9,3,6,1,0,0,0,0,0,0,0,10,10,estimated from season exits versus eligible schedule | 10 eligible events not entered,Rookie Pro,normal,,,true,true,false,true,6,12,284438,,0,true,,mainTour,mainTour,,,true,true,
2034/35,wp-dylan-barker,Dylan Barker,28,ITA,Established,Rookie Pro / Bubble,false,true,true,Q School,1,2,2036/37,At Risk,,73,73,73,73,23,,,,,,,68,68,70,65,63,73,71,57,18,21,15,6,71.42857142857143,0,,,,,,,0,684,98,62,36,63.26530612244898,0,0,0,"{""matches"":98,""wins"":62,""losses"":36,""draws"":0,""winPercentage"":63.26530612244898,""eventsEntered"":0,""titles"":0,""finals"":0,""prizeMoney"":0,""points"":0}",,,,,,,,,,,,,,,,false,false,true,,104,19,9,3,6,1,0,0,0,0,0,0,0,10,10,estimated from season exits versus eligible schedule | 10 eligible events not entered,Rookie Pro,normal,,,true,true,false,false,0,0,0,,0,false,,mainTour,mainTour,,,true,true,
2034/35,wp-dylan-sorensen,Dylan Sorensen,30,PAK,Established,Rookie Pro / Bubble,false,true,true,Federation Route,1,2,2036/37,At Risk,72,72,74,72,74,25,,,,,72,-2,79,79,81,79,77,91,70,21,38,9,6,3,66.66666666666666,0,,,,,,,141930,882,86,65,21,75.5813953488372,1,0,1306275,"{""matches"":86,""wins"":65,""losses"":21,""draws"":0,""winPercentage"":75.5813953488372,""eventsEntered"":0,""titles"":1,""finals"":0,""prizeMoney"":1306275,""points"":0}",,,,,,,,,,,,,,69,,false,false,true,,104,19,9,3,6,1,0,0,0,0,0,0,0,10,10,estimated from season exits versus eligible schedule | 10 eligible events not entered,Rookie Pro,normal,,,true,true,false,true,6,12,283282,,0,true,,mainTour,mainTour,,,true,true,
2034/35,wp-emil-tremblay,Emil Tremblay,26,SWE,Established,Rookie Pro / Bubble,false,true,true,Federation Route,1,2,2036/37,At Risk,73,73,75,73,75,27,,,,,73,-2,79,81,81,79,77,91,70,21,36,9,6,3,66.66666666666666,0,,,,,,,141352,879,107,86,21,80.37383177570094,1,0,960267,"{""matches"":107,""wins"":86,""losses"":21,""draws"":0,""winPercentage"":80.37383177570094,""eventsEntered"":0,""titles"":1,""finals"":0,""prizeMoney"":960267,""points"":0}",,,,,,,,,,,,,,71,,false,false,true,,104,19,9,3,6,1,0,0,0,0,0,0,0,10,10,estimated from season exits versus eligible schedule | 10 eligible events not entered,Rookie Pro,normal,,,true,true,false,true,6,14,319125,,0,true,,mainTour,mainTour,,,true,true,
2034/35,wp-emil-urban,Emil Urban,30,ENG,Established,Rookie Pro / Bubble,false,true,true,Playoff Route,1,2,2036/37,At Risk,,76,76,76,76,28,,,,,,,69,69,71,66,65,74,67,52,18,19,12,7,63.1578947368421,0,,,,,,,0,556,82,56,26,68.29268292682927,0,0,0,"{""matches"":82,""wins"":56,""losses"":26,""draws"":0,""winPercentage"":68.29268292682927,""eventsEntered"":0,""titles"":0,""finals"":0,""prizeMoney"":0,""points"":0}",,,,,,,,,,,,,,,,false,false,true,,104,19,9,3,6,1,0,0,0,0,0,0,0,10,10,estimated from season exits versus eligible schedule | 10 eligible events not entered,Rookie Pro,normal,,,true,true,false,false,0,0,0,,0,false,,mainTour,mainTour,,,true,true,
2034/35,wp-euan-drayton,Euan Drayton,25,AUS,Established,Rookie Pro / Bubble,false,true,true,Federation Route,1,2,2036/37,At Risk,74,74,77,74,77,30,,,,,74,-3,77,79,79,77,75,89,73,21,32,9,7,2,77.77777777777779,0,,,,,,,159273,990,123,91,32,73.98373983739837,0,0,619461,"{""matches"":123,""wins"":91,""losses"":32,""draws"":0,""winPercentage"":73.98373983739837,""eventsEntered"":0,""titles"":0,""finals"":0,""prizeMoney"":619461,""points"":0}",,,,,,,,,,,,,,72,,false,false,true,,104,19,9,3,6,1,0,0,0,0,0,0,0,10,10,estimated from season exits versus eligible schedule | 10 eligible events not entered,Rookie Pro,normal,,,true,true,false,true,7,13,299468,,0,true,,mainTour,mainTour,,,true,true,
2034/35,wp-euan-rahman,Euan Rahman,33,PAK,Established,Rookie Pro / Bubble,false,true,true,Federation Route,1,2,2036/37,At Risk,76,76,78,76,78,31,,,,,76,-2,76,76,78,75,73,87,69,21,32,9,6,3,66.66666666666666,0,,,,,,,140195,871,106,73,33,68.86792452830188,0,0,787405,"{""matches"":106,""wins"":73,""losses"":33,""draws"":0,""winPercentage"":68.86792452830188,""eventsEntered"":0,""titles"":0,""finals"":0,""prizeMoney"":787405,""points"":0}",,,,,,,,,,,,,,74,,false,false,true,,104,19,9,3,6,1,0,0,0,0,0,0,0,10,10,estimated from season exits versus eligible schedule | 10 eligible events not entered,Rookie Pro,normal,,,true,true,false,true,6,11,261312,,0,true,,mainTour,mainTour,,,true,true,
2034/35,wp-euan-yates,Euan Yates,28,BRA,Established,Rookie Pro / Bubble,false,true,true,Q School,1,2,2036/37,At Risk,,79,79,79,79,33,,,,,,,68,68,70,65,63,73,71,57,18,21,15,6,71.42857142857143,0,,,,,,,0,679,96,62,34,64.58333333333334,0,0,0,"{""matches"":96,""wins"":62,""losses"":34,""draws"":0,""winPercentage"":64.58333333333334,""eventsEntered"":0,""titles"":0,""finals"":0,""prizeMoney"":0,""points"":0}",,,,,,,,,,,,,,,,false,false,true,,104,18,9,3,6,1,0,0,0,0,0,0,0,9,9,estimated from season exits versus eligible schedule | 9 eligible events not entered,Rookie Pro,normal,,,true,true,false,false,0,0,0,,0,false,,mainTour,mainTour,,,true,true,
2034/35,wp-evan-mori,Evan Mori,23,CHN,Rookie,Rookie Pro / Bubble,false,true,true,Q School,2,1,2035/36,Rookie Year 2,77,77,80,77,80,34,,,,,77,-3,76,80,78,75,74,88,68,19,32,8,5,3,62.5,0,,,,,,,121117,753,100,70,30,70,1,0,475218,"{""matches"":100,""wins"":70,""losses"":30,""draws"":0,""winPercentage"":70,""eventsEntered"":0,""titles"":1,""finals"":0,""prizeMoney"":475218,""points"":0}",,,,,,,,,,,,,,77,,false,false,true,,104,18,9,3,6,1,0,0,0,0,0,0,0,9,9,estimated from season exits versus eligible schedule | 9 eligible events not entered,Rookie Pro,normal,,,true,true,false,true,5,5,121117,,0,true,,mainTour,mainTour,,,true,true,
2034/35,wp-evan-mori-a,Evan Mori A,23,CHN,Rookie,Rookie Pro / Bubble,false,true,true,Q School,2,1,2035/36,Rookie Year 2,78,78,81,78,81,35,,,,,78,-3,77,88,79,76,75,89,73,21,30,9,7,2,77.77777777777779,0,,,,,,,157828,981,98,69,29,70.40816326530613,0,0,455851,"{""matches"":98,""wins"":69,""losses"":29,""draws"":0,""winPercentage"":70.40816326530613,""eventsEntered"":0,""titles"":0,""finals"":0,""prizeMoney"":455851,""points"":0}",,,,,,,,,,,,,,78,,false,false,true,,104,18,9,3,6,1,0,0,0,0,0,0,0,9,9,estimated from season exits versus eligible schedule | 9 eligible events not entered,Rookie Pro,normal,,,true,true,false,true,7,7,157828,,0,true,,mainTour,mainTour,,,true,true,
2034/35,wp-evan-mori-d,Evan Mori D,20,CHN,Rookie,Rookie Pro / Bubble,false,true,true,Q School,1,2,2036/37,At Risk,,82,82,82,82,36,,,,,,,70,76,72,68,63,71,74,87,18,31,25,6,80.64516129032258,0,,,,,,,0,938,71,53,18,74.64788732394366,0,0,0,"{""matches"":71,""wins"":53,""losses"":18,""draws"":0,""winPercentage"":74.64788732394366,""eventsEntered"":0,""titles"":0,""finals"":0,""prizeMoney"":0,""points"":0}",,,,,,,,,,,,,,,,false,false,true,,104,18,9,3,6,1,0,0,0,0,0,0,0,9,9,estimated from season exits versus eligible schedule | 9 eligible events not entered,Rookie Pro,normal,,,true,true,false,false,0,0,0,,0,false,,mainTour,mainTour,,,true,true,
2034/35,wp-finn-cross,Finn Cross,22,SCO,Rookie,Rookie Pro / Bubble,false,true,true,Q School,2,1,2035/36,Rookie Year 2,81,81,83,81,83,37,,,,,81,-2,77,91,79,76,75,88,67,19,29,8,5,3,62.5,0,,,,,,,119961,746,79,55,24,69.62025316455697,0,0,398906,"{""matches"":79,""wins"":55,""losses"":24,""draws"":0,""winPercentage"":69.62025316455697,""eventsEntered"":0,""titles"":0,""finals"":0,""prizeMoney"":398906,""points"":0}",,,,,,,,,,,,,,79,,false,false,true,,104,18,9,3,6,1,0,0,0,0,0,0,0,9,9,estimated from season exits versus eligible schedule | 9 eligible events not entered,Rookie Pro,normal,,,true,true,false,true,5,5,119961,,0,true,,mainTour,mainTour,,,true,true,
2034/35,wp-finn-cross-b,Finn Cross B,19,SCO,Rookie,Rookie Pro / Bubble,false,true,true,Playoff Route,1,2,2036/37,At Risk,,84,84,84,84,38,,,,,,,68,75,70,65,62,71,69,69,18,25,17,8,68,0,,,,,,,0,659,50,34,16,68,0,0,0,"{""matches"":50,""wins"":34,""losses"":16,""draws"":0,""winPercentage"":68,""eventsEntered"":0,""titles"":0,""finals"":0,""prizeMoney"":0,""points"":0}",,,,,,,,,,,,,,,,false,false,true,,104,18,9,3,6,1,0,0,0,0,0,0,0,9,9,estimated from season exits versus eligible schedule | 9 eligible events not entered,Rookie Pro,normal,,,true,true,false,false,0,0,0,,0,false,,mainTour,mainTour,,,true,true,
2034/35,wp-finn-cross-c,Finn Cross C,19,SCO,Rookie,Rookie Pro / Bubble,false,true,true,Playoff Route,1,2,2036/37,At Risk,,85,85,85,85,39,,,,,,,69,80,71,66,63,70,71,81,18,29,21,8,72.41379310344827,0,,,,,,,0,770,54,39,15,72.22222222222221,0,0,0,"{""matches"":54,""wins"":39,""losses"":15,""draws"":0,""winPercentage"":72.22222222222221,""eventsEntered"":0,""titles"":0,""finals"":0,""prizeMoney"":0,""points"":0}",,,,,,,,,,,,,,,,false,false,true,,104,18,9,3,6,1,0,0,0,0,0,0,0,9,9,estimated from season exits versus eligible schedule | 9 eligible events not entered,Rookie Pro,normal,,,true,true,false,false,0,0,0,,0,false,,mainTour,mainTour,,,true,true,
2034/35,wp-finn-cross-d,Finn Cross D,19,SCO,Rookie,Rookie Pro / Bubble,false,true,true,Federation Route,2,1,2035/36,Rookie Year 2,83,83,86,83,86,40,,,,,83,-3,74,87,76,72,72,85,69,21,27,9,6,3,66.66666666666666,0,,,,,,,137883,857,17,11,6,64.70588235294117,0,0,137883,"{""matches"":17,""wins"":11,""losses"":6,""draws"":0,""winPercentage"":64.70588235294117,""eventsEntered"":0,""titles"":0,""finals"":0,""prizeMoney"":137883,""points"":0}",,,,,,,,,,,,,,83,,false,false,true,,104,18,9,3,6,1,0,0,0,0,0,0,0,9,9,estimated from season exits versus eligible schedule | 9 eligible events not entered,Rookie Pro,normal,,,true,true,false,true,6,6,137883,,0,true,,mainTour,mainTour,,,true,true,
2034/35,wp-fraser-nakamura,Fraser Nakamura,28,FRA,Established,Rookie Pro / Bubble,false,true,true,Federation Route,1,2,2036/37,At Risk,85,85,87,85,87,41,,,,,85,-2,78,79,80,78,76,90,70,21,37,9,6,3,66.66666666666666,0,,,,,,,137305,854,87,67,20,77.01149425287356,1,0,1282571,"{""matches"":87,""wins"":67,""losses"":20,""draws"":0,""winPercentage"":77.01149425287356,""eventsEntered"":0,""titles"":1,""finals"":0,""prizeMoney"":1282571,""points"":0}",,,,,,,,,,,,,,71,,false,false,true,,104,18,9,3,6,1,0,0,0,0,0,0,0,9,9,estimated from season exits versus eligible schedule | 9 eligible events not entered,Rookie Pro,normal,,,true,true,false,true,6,13,293399,,0,true,,mainTour,mainTour,,,true,true,
2034/35,wp-fraser-urban,Fraser Urban,30,SCO,Established,Rookie Pro / Bubble,false,true,true,Federation Route,1,2,2036/37,At Risk,86,86,88,86,88,43,,,,,86,-2,77,78,79,77,75,89,72,24,36,10,7,3,70,0,,,,,,,155227,965,104,78,26,75,2,0,810532,"{""matches"":104,""wins"":78,""losses"":26,""draws"":0,""winPercentage"":75,""eventsEntered"":0,""titles"":2,""finals"":0,""prizeMoney"":810532,""points"":0}",,,,,,,,,,,,,,77,,false,false,true,,104,18,9,3,6,1,0,0,0,0,0,0,0,9,9,estimated from season exits versus eligible schedule | 9 eligible events not entered,Rookie Pro,normal,,,true,true,false,true,7,12,273743,,0,true,,mainTour,mainTour,,,true,true,
2034/35,wp-hamza-whitaker,Hamza Whitaker,23,CHN,Rookie,Rookie Pro / Bubble,false,true,true,Playoff Route,1,2,2036/37,At Risk,,89,89,89,89,47,,,,,,,73,77,75,71,69,79,69,51,26,19,13,6,68.42105263157895,0,,,,,,,0,554,109,76,33,69.72477064220183,0,0,252640,"{""matches"":109,""wins"":76,""losses"":33,""draws"":0,""winPercentage"":69.72477064220183,""eventsEntered"":0,""titles"":0,""finals"":0,""prizeMoney"":252640,""points"":0}",,,,,,,,,,,,,,89,,false,false,true,,104,18,9,3,6,1,0,0,0,0,0,0,0,9,9,estimated from season exits versus eligible schedule | 9 eligible events not entered,Rookie Pro,normal,,,true,true,false,false,0,0,0,,0,false,,mainTour,mainTour,,,true,true,
2034/35,wp-ilyas-barker,Ilyas Barker,28,BEL,Established,Rookie Pro / Bubble,false,true,true,Q School,1,2,2036/37,At Risk,,90,90,90,90,51,,,,,,,67,67,69,64,63,73,70,54,18,20,14,6,70,0,,,,,,,0,608,93,57,36,61.29032258064516,0,0,0,"{""matches"":93,""wins"":57,""losses"":36,""draws"":0,""winPercentage"":61.29032258064516,""eventsEntered"":0,""titles"":0,""finals"":0,""prizeMoney"":0,""points"":0}",,,,,,,,,,,,,,,,false,false,true,,104,18,9,3,6,1,0,0,0,0,0,0,0,9,9,estimated from season exits versus eligible schedule | 9 eligible events not entered,Rookie Pro,normal,,,true,true,false,false,0,0,0,,0,false,,mainTour,mainTour,,,true,true,
2034/35,wp-ilyas-tremblay,Ilyas Tremblay,23,IRL,Rookie,Rookie Pro / Bubble,false,true,true,Playoff Route,1,2,2036/37,At Risk,,91,91,91,91,53,,,,,,,73,77,75,72,69,79,71,54,28,20,14,6,70,0,,,,,,,0,592,118,82,36,69.49152542372882,1,0,248305,"{""matches"":118,""wins"":82,""losses"":36,""draws"":0,""winPercentage"":69.49152542372882,""eventsEntered"":0,""titles"":1,""finals"":0,""prizeMoney"":248305,""points"":0}",,,,,,,,,,,,,,92,,false,false,true,,104,18,9,3,6,1,0,0,0,0,0,0,0,9,9,estimated from season exits versus eligible schedule | 9 eligible events not entered,Rookie Pro,normal,,,true,true,false,false,0,0,0,,0,false,,mainTour,mainTour,,,true,true,
2034/35,wp-joel-otero,Joel Otero,24,THA,Rookie,Rookie Pro / Bubble,false,true,true,Federation Route,1,2,2036/37,At Risk,95,95,92,95,92,57,,,,,95,3,73,76,75,72,71,84,70,24,27,10,7,3,70,0,,,,,,,149734,931,123,90,33,73.17073170731707,0,0,542858,"{""matches"":123,""wins"":90,""losses"":33,""draws"":0,""winPercentage"":73.17073170731707,""eventsEntered"":0,""titles"":0,""finals"":0,""prizeMoney"":542858,""points"":0}",,,,,,,,,,,,,,95,,false,false,true,,104,18,9,3,6,1,0,0,0,0,0,0,0,9,9,estimated from season exits versus eligible schedule | 9 eligible events not entered,Rookie Pro,normal,,,true,true,false,false,7,12,262468,,0,false,,mainTour,mainTour,,,true,true,
2034/35,wp-joel-urban,Joel Urban,31,POL,Established,Rookie Pro / Bubble,false,true,true,Q School,1,2,2036/37,At Risk,,93,93,93,93,58,,,,,,,71,71,73,69,66,76,71,57,25,21,15,6,71.42857142857143,0,,,,,,,0,655,134,88,46,65.67164179104478,0,0,261312,"{""matches"":134,""wins"":88,""losses"":46,""draws"":0,""winPercentage"":65.67164179104478,""eventsEntered"":0,""titles"":0,""finals"":0,""prizeMoney"":261312,""points"":0}",,,,,,,,,,,,,,98,,false,false,true,,104,18,9,3,6,1,0,0,0,0,0,0,0,9,9,estimated from season exits versus eligible schedule | 9 eligible events not entered,Rookie Pro,normal,,,true,true,false,false,0,0,0,,0,false,,mainTour,mainTour,,,true,true,
2034/35,wp-jude-sloan,Jude Sloan,23,WAL,Rookie,Rookie Pro / Bubble,false,true,true,Federation Route,1,2,2036/37,At Risk,96,96,94,96,94,59,,,,,96,2,72,76,74,71,70,83,71,24,27,10,7,3,70,0,,,,,,,149445,929,91,61,30,67.03296703296702,1,0,280390,"{""matches"":91,""wins"":61,""losses"":30,""draws"":0,""winPercentage"":67.03296703296702,""eventsEntered"":0,""titles"":1,""finals"":0,""prizeMoney"":280390,""points"":0}",,,,,,,,,,,,,,96,,false,false,true,,104,18,9,3,6,1,0,0,0,0,0,0,0,9,9,estimated from season exits versus eligible schedule | 9 eligible events not entered,Rookie Pro,normal,,,true,true,false,false,7,13,280390,,0,false,,mainTour,mainTour,,,true,true,
2034/35,wp-jude-sloan-b,Jude Sloan B,20,WAL,Rookie,Rookie Pro / Bubble,false,true,true,Q School,1,2,2036/37,At Risk,,95,95,95,95,60,,,,,,,69,78,71,67,63,71,74,81,18,29,23,6,79.3103448275862,0,,,,,,,0,884,74,55,19,74.32432432432432,0,0,0,"{""matches"":74,""wins"":55,""losses"":19,""draws"":0,""winPercentage"":74.32432432432432,""eventsEntered"":0,""titles"":0,""finals"":0,""prizeMoney"":0,""points"":0}",,,,,,,,,,,,,,,,false,false,true,,104,18,9,3,6,1,0,0,0,0,0,0,0,9,9,estimated from season exits versus eligible schedule | 9 eligible events not entered,Rookie Pro,normal,,,true,true,false,false,0,0,0,,0,false,,mainTour,mainTour,,,true,true,
2034/35,wp-jude-sloan-d,Jude Sloan D,18,IRL,Rookie,Rookie Pro / Bubble,false,true,true,Federation Route,1,2,2036/37,At Risk,,96,96,96,96,61,,,,,,,72,91,74,70,70,84,73,21,18,9,7,2,77.77777777777779,0,,,,,,,0,154,16,12,4,75,0,0,0,"{""matches"":16,""wins"":12,""losses"":4,""draws"":0,""winPercentage"":75,""eventsEntered"":0,""titles"":0,""finals"":0,""prizeMoney"":0,""points"":0}",,,,,,,,,,,,,,,,false,false,true,,104,18,9,3,6,1,0,0,0,0,0,0,0,9,9,estimated from season exits versus eligible schedule | 9 eligible events not entered,Rookie Pro,normal,,,true,true,false,false,0,0,0,,0,false,,mainTour,mainTour,,,true,true,
2034/35,wp-kai-pryce,Kai Pryce,23,AUS,Rookie,Rookie Pro / Bubble,false,true,true,Federation Route,1,2,2036/37,At Risk,,97,97,97,97,62,,,,,,,75,93,77,73,72,83,68,37,26,14,9,5,64.28571428571429,0,,,,,,,0,333,73,50,23,68.4931506849315,0,0,523491,"{""matches"":73,""wins"":50,""losses"":23,""draws"":0,""winPercentage"":68.4931506849315,""eventsEntered"":0,""titles"":0,""finals"":0,""prizeMoney"":523491,""points"":0}",,,,,,,,,,,,,,97,,false,false,true,,104,18,9,3,6,1,0,0,0,0,0,0,0,9,9,estimated from season exits versus eligible schedule | 9 eligible events not entered,Rookie Pro,normal,,,true,true,false,false,0,6,130367,,0,false,,mainTour,mainTour,,,true,true,
2034/35,wp-kai-pryce-c,Kai Pryce C,20,AUS,Rookie,Rookie Pro / Bubble,false,true,true,Q School,1,2,2036/37,At Risk,,98,98,98,98,63,,,,,,,69,75,71,67,63,72,74,75,20,27,21,6,77.77777777777779,1,,,,,,,0,929,70,51,19,72.85714285714285,1,0,0,"{""matches"":70,""wins"":51,""losses"":19,""draws"":0,""winPercentage"":72.85714285714285,""eventsEntered"":0,""titles"":1,""finals"":0,""prizeMoney"":0,""points"":0}",,,,,,,,,,,,,,,,false,false,true,,104,18,9,3,6,1,0,0,0,0,0,0,0,9,9,estimated from season exits versus eligible schedule | 9 eligible events not entered,Rookie Pro,normal,,,true,true,false,false,0,0,0,,1,false,,mainTour,mainTour,,,true,true,
2034/35,wp-kai-pryce-d,Kai Pryce D,18,CHN,Rookie,Rookie Pro / Bubble,false,true,true,Federation Route,1,2,2036/37,At Risk,,99,99,99,99,64,,,,,,,70,90,72,67,69,83,72,18,18,8,6,2,75,0,,,,,,,0,143,24,17,7,70.83333333333334,0,0,0,"{""matches"":24,""wins"":17,""losses"":7,""draws"":0,""winPercentage"":70.83333333333334,""eventsEntered"":0,""titles"":0,""finals"":0,""prizeMoney"":0,""points"":0}",,,,,,,,,,,,,,,,false,false,true,,104,18,9,3,6,1,0,0,0,0,0,0,0,9,9,estimated from season exits versus eligible schedule | 9 eligible events not entered,Rookie Pro,normal,,,true,true,false,false,0,0,0,,0,false,,mainTour,mainTour,,,true,true,
2034/35,wp-kai-pryce-e,Kai Pryce E,18,CHN,Rookie,Rookie Pro / Bubble,false,true,true,Federation Route,1,2,2036/37,At Risk,,100,100,100,100,65,,,,,,,66,82,68,63,64,77,67,19,18,8,5,3,62.5,0,,,,,,,0,116,16,10,6,62.5,0,0,0,"{""matches"":16,""wins"":10,""losses"":6,""draws"":0,""winPercentage"":62.5,""eventsEntered"":0,""titles"":0,""finals"":0,""prizeMoney"":0,""points"":0}",,,,,,,,,,,,,,,,false,false,true,,104,18,9,3,6,1,0,0,0,0,0,0,0,9,9,estimated from season exits versus eligible schedule | 9 eligible events not entered,Rookie Pro,normal,,,true,true,false,false,0,0,0,,0,false,,mainTour,mainTour,,,true,true,
2034/35,wp-kieran-iqbal,Kieran Iqbal,28,NED,Established,Rookie Pro / Bubble,false,true,true,Q School,1,2,2036/37,At Risk,,101,101,101,101,68,,,,,,,69,69,71,67,65,75,69,51,24,19,13,6,68.42105263157895,0,,,,,,,0,605,98,64,34,65.3061224489796,0,0,222372,"{""matches"":98,""wins"":64,""losses"":34,""draws"":0,""winPercentage"":65.3061224489796,""eventsEntered"":0,""titles"":0,""finals"":0,""prizeMoney"":222372,""points"":0}",,,,,,,,,,,,,,104,,false,false,true,,104,18,9,3,6,1,0,0,0,0,0,0,0,9,9,estimated from season exits versus eligible schedule | 9 eligible events not entered,Rookie Pro,normal,,,true,true,false,false,0,0,0,,0,false,,mainTour,mainTour,,,true,true,
2034/35,wp-kieran-whitaker,Kieran Whitaker,28,NOR,Established,Rookie Pro / Bubble,false,true,true,Q School,1,2,2036/37,At Risk,,102,102,102,102,70,,,,,,,66,66,68,63,62,71,68,55,18,20,13,7,65,0,,,,,,,0,607,97,60,37,61.855670103092784,0,0,0,"{""matches"":97,""wins"":60,""losses"":37,""draws"":0,""winPercentage"":61.855670103092784,""eventsEntered"":0,""titles"":0,""finals"":0,""prizeMoney"":0,""points"":0}",,,,,,,,,,,,,,,,false,false,true,,104,18,9,3,6,1,0,0,0,0,0,0,0,9,9,estimated from season exits versus eligible schedule | 9 eligible events not entered,Rookie Pro,normal,,,true,true,false,false,0,0,0,,0,false,,mainTour,mainTour,,,true,true,
2034/35,wp-lorenzo-petrov,Lorenzo Petrov,30,JPN,Established,Rookie Pro / Bubble,false,true,true,Q School,1,2,2036/37,At Risk,,103,103,103,103,73,,,,,,,70,71,72,69,65,75,71,57,27,21,15,6,71.42857142857143,0,,,,,,,0,673,115,72,43,62.60869565217392,0,0,387922,"{""matches"":115,""wins"":72,""losses"":43,""draws"":0,""winPercentage"":62.60869565217392,""eventsEntered"":0,""titles"":0,""finals"":0,""prizeMoney"":387922,""points"":0}",,,,,,,,,,,,,,91,,false,false,true,,104,18,9,3,6,1,0,0,0,0,0,0,0,9,9,estimated from season exits versus eligible schedule | 9 eligible events not entered,Rookie Pro,normal,,,true,true,false,false,0,0,0,,0,false,,mainTour,mainTour,,,true,true,
2034/35,wp-luca-mercer,Luca Mercer,22,THA,Rookie,Rookie Pro / Bubble,false,true,true,Playoff Route,1,2,2036/37,At Risk,,104,104,104,104,74,,,,,,,72,76,74,71,66,74,71,75,26,27,19,8,70.37037037037037,1,,,,,,,0,857,86,61,25,70.93023255813954,1,0,164766,"{""matches"":86,""wins"":61,""losses"":25,""draws"":0,""winPercentage"":70.93023255813954,""eventsEntered"":0,""titles"":1,""finals"":0,""prizeMoney"":164766,""points"":0}",,,,,,,,,,,,,,100,,false,false,true,,104,18,9,3,6,1,0,0,0,0,0,0,0,9,9,estimated from season exits versus eligible schedule | 9 eligible events not entered,Rookie Pro,normal,,,true,true,false,false,0,0,0,,1,false,,mainTour,mainTour,,,true,true,
2034/35,wp-luca-mercer-d,Luca Mercer D,18,SCO,Rookie,Rookie Pro / Bubble,false,true,true,Federation Route,1,2,2036/37,At Risk,,105,105,105,105,75,,,,,,,69,89,71,66,68,82,71,15,18,7,5,2,71.42857142857143,0,,,,,,,0,116,15,10,5,66.66666666666666,0,0,0,"{""matches"":15,""wins"":10,""losses"":5,""draws"":0,""winPercentage"":66.66666666666666,""eventsEntered"":0,""titles"":0,""finals"":0,""prizeMoney"":0,""points"":0}",,,,,,,,,,,,,,,,false,false,true,,104,18,9,3,6,1,0,0,0,0,0,0,0,9,9,estimated from season exits versus eligible schedule | 9 eligible events not entered,Rookie Pro,normal,,,true,true,false,false,0,0,0,,0,false,,mainTour,mainTour,,,true,true,
2034/35,wp-mateo-harrington,Mateo Harrington,23,POL,Rookie,Rookie Pro / Bubble,false,true,true,Federation Route,1,2,2036/37,At Risk,,106,106,106,106,78,,,,,,,70,74,72,68,67,78,69,39,24,15,10,5,66.66666666666666,0,,,,,,,0,484,102,72,30,70.58823529411765,0,0,162454,"{""matches"":102,""wins"":72,""losses"":30,""draws"":0,""winPercentage"":70.58823529411765,""eventsEntered"":0,""titles"":0,""finals"":0,""prizeMoney"":162454,""points"":0}",,,,,,,,,,,,,,102,,false,false,true,,104,18,9,3,6,1,0,0,0,0,0,0,0,9,9,estimated from season exits versus eligible schedule | 9 eligible events not entered,Rookie Pro,normal,,,true,true,false,false,0,0,0,,0,false,,mainTour,mainTour,,,true,true,
2034/35,wp-mika-keane,Mika Keane,22,WAL,Rookie,Rookie Pro / Bubble,false,true,true,Playoff Route,1,2,2036/37,At Risk,,107,107,107,107,80,,,,,,,71,75,73,69,66,76,71,60,23,22,16,6,72.72727272727273,0,,,,,,,0,656,84,61,23,72.61904761904762,0,0,161296,"{""matches"":84,""wins"":61,""losses"":23,""draws"":0,""winPercentage"":72.61904761904762,""eventsEntered"":0,""titles"":0,""finals"":0,""prizeMoney"":161296,""points"":0}",,,,,,,,,,,,,,103,,false,false,true,,104,18,9,3,6,1,0,0,0,0,0,0,0,9,9,estimated from season exits versus eligible schedule | 9 eligible events not entered,Rookie Pro,normal,,,true,true,false,false,0,0,0,,0,false,,mainTour,mainTour,,,true,true,
2034/35,wp-mika-keane-a,Mika Keane A,22,WAL,Rookie,Rookie Pro / Bubble,false,true,true,Q School,2,1,2035/36,Rookie Year 2,105,105,108,105,108,81,,,,,105,-3,75,97,77,73,74,88,66,10,24,5,3,2,60,0,,,,,,,70531,438,73,53,20,72.6027397260274,0,0,231249,"{""matches"":73,""wins"":53,""losses"":20,""draws"":0,""winPercentage"":72.6027397260274,""eventsEntered"":0,""titles"":0,""finals"":0,""prizeMoney"":231249,""points"":0}",,,,,,,,,,,,,,104,,false,false,true,,104,18,9,3,6,1,0,0,0,0,0,0,0,9,9,estimated from season exits versus eligible schedule | 9 eligible events not entered,Rookie Pro,normal,,,true,true,false,true,3,3,70531,,0,true,,mainTour,mainTour,,,true,true,
2034/35,wp-noah-bennett-a,Noah Bennett A,22,AUS,Rookie,Rookie Pro / Bubble,false,true,true,Q School,2,1,2035/36,Rookie Year 2,109,109,109,109,109,84,,,,,109,0,71,91,73,68,70,82,62,13,23,6,3,3,50,0,,,,,,,68797,428,62,41,21,66.12903225806451,0,0,207836,"{""matches"":62,""wins"":41,""losses"":21,""draws"":0,""winPercentage"":66.12903225806451,""eventsEntered"":0,""titles"":0,""finals"":0,""prizeMoney"":207836,""points"":0}",,,,,,,,,,,,,,107,,false,false,true,,104,18,9,3,6,1,0,0,0,0,0,0,0,9,9,estimated from season exits versus eligible schedule | 9 eligible events not entered,Rookie Pro,normal,,,true,true,false,false,3,3,68797,,0,false,,mainTour,mainTour,,,true,true,
2034/35,wp-noah-bennett-b,Noah Bennett B,19,AUS,Rookie,Rookie Pro / Bubble,false,true,true,Playoff Route,1,2,2036/37,At Risk,,110,110,110,110,85,,,,,,,67,78,69,64,62,71,70,66,18,24,17,7,70.83333333333334,0,,,,,,,0,656,49,35,14,71.42857142857143,0,0,0,"{""matches"":49,""wins"":35,""losses"":14,""draws"":0,""winPercentage"":71.42857142857143,""eventsEntered"":0,""titles"":0,""finals"":0,""prizeMoney"":0,""points"":0}",,,,,,,,,,,,,,,,false,false,true,,104,18,9,3,6,1,0,0,0,0,0,0,0,9,9,estimated from season exits versus eligible schedule | 9 eligible events not entered,Rookie Pro,normal,,,true,true,false,false,0,0,0,,0,false,,mainTour,mainTour,,,true,true,
2034/35,wp-noah-bennett-c,Noah Bennett C,19,AUS,Rookie,Rookie Pro / Bubble,false,true,true,Q School,1,2,2036/37,At Risk,,111,111,111,111,86,,,,,,,67,82,69,64,61,69,70,75,18,27,19,8,70.37037037037037,0,,,,,,,0,736,52,38,14,73.07692307692307,0,0,0,"{""matches"":52,""wins"":38,""losses"":14,""draws"":0,""winPercentage"":73.07692307692307,""eventsEntered"":0,""titles"":0,""finals"":0,""prizeMoney"":0,""points"":0}",,,,,,,,,,,,,,,,false,false,true,,104,18,9,3,6,1,0,0,0,0,0,0,0,9,9,estimated from season exits versus eligible schedule | 9 eligible events not entered,Rookie Pro,normal,,,true,true,false,false,0,0,0,,0,false,,mainTour,mainTour,,,true,true,
2034/35,wp-noah-bennett-d,Noah Bennett D,19,AUS,Rookie,Rookie Pro / Bubble,false,true,true,Federation Route,2,1,2035/36,Rookie Year 2,110,110,112,110,112,87,,,,,110,-2,72,97,74,69,71,83,62,13,22,6,3,3,50,0,,,,,,,68508,426,23,15,8,65.21739130434783,0,0,68508,"{""matches"":23,""wins"":15,""losses"":8,""draws"":0,""winPercentage"":65.21739130434783,""eventsEntered"":0,""titles"":0,""finals"":0,""prizeMoney"":68508,""points"":0}",,,,,,,,,,,,,,110,,false,false,true,,104,18,9,3,6,1,0,0,0,0,0,0,0,9,9,estimated from season exits versus eligible schedule | 9 eligible events not entered,Rookie Pro,normal,,,true,true,false,true,3,3,68508,,0,true,,mainTour,mainTour,,,true,true,
2034/35,wp-rafael-tremblay,Rafael Tremblay,28,AUS,Established,Rookie Pro / Bubble,false,true,true,Playoff Route,1,2,2036/37,At Risk,,113,113,113,113,94,,,,,,,65,65,67,62,60,70,69,57,18,21,14,7,66.66666666666666,0,,,,,,,0,625,99,63,36,63.63636363636363,0,0,0,"{""matches"":99,""wins"":63,""losses"":36,""draws"":0,""winPercentage"":63.63636363636363,""eventsEntered"":0,""titles"":0,""finals"":0,""prizeMoney"":0,""points"":0}",,,,,,,,,,,,,,,,false,false,true,,104,18,9,3,6,1,0,0,0,0,0,0,0,9,9,estimated from season exits versus eligible schedule | 9 eligible events not entered,Rookie Pro,normal,,,true,true,false,false,0,0,0,,0,false,,mainTour,mainTour,,,true,true,
2034/35,wp-rory-vale,Rory Vale,22,ENG,Rookie,Rookie Pro / Bubble,false,true,true,Q School,2,1,2035/36,Rookie Year 2,118,118,114,118,114,97,,,,,118,4,70,89,72,67,69,81,58,10,22,5,2,3,40,0,,,,,,,45383,282,75,51,24,68,0,0,176039,"{""matches"":75,""wins"":51,""losses"":24,""draws"":0,""winPercentage"":68,""eventsEntered"":0,""titles"":0,""finals"":0,""prizeMoney"":176039,""points"":0}",,,,,,,,,,,,,,113,,false,false,true,,104,18,9,3,6,1,0,0,0,0,0,0,0,9,9,estimated from season exits versus eligible schedule | 9 eligible events not entered,Rookie Pro,normal,,,true,true,false,false,2,2,45383,,0,false,,mainTour,mainTour,,,true,true,
2034/35,wp-rory-vale-a,Rory Vale A,22,ENG,Rookie,Rookie Pro / Bubble,false,true,true,Q School,2,1,2035/36,Rookie Year 2,119,119,115,119,115,98,,,,,119,4,68,86,70,65,67,79,59,10,23,5,2,3,40,0,,,,,,,45094,280,59,36,23,61.016949152542374,1,0,156672,"{""matches"":59,""wins"":36,""losses"":23,""draws"":0,""winPercentage"":61.016949152542374,""eventsEntered"":0,""titles"":1,""finals"":0,""prizeMoney"":156672,""points"":0}",,,,,,,,,,,,,,114,,false,false,true,,104,18,9,3,6,1,0,0,0,0,0,0,0,9,9,estimated from season exits versus eligible schedule | 9 eligible events not entered,Rookie Pro,normal,,,true,true,false,false,2,2,45094,,1,false,,mainTour,mainTour,,,true,true,
2034/35,wp-rory-vale-c,Rory Vale C,18,BEL,Rookie,Rookie Pro / Bubble,false,true,true,Federation Route,1,2,2036/37,At Risk,,116,116,116,116,99,,,,,,,71,97,73,68,70,84,71,15,18,7,5,2,71.42857142857143,0,,,,,,,0,126,29,21,8,72.41379310344827,0,0,0,"{""matches"":29,""wins"":21,""losses"":8,""draws"":0,""winPercentage"":72.41379310344827,""eventsEntered"":0,""titles"":0,""finals"":0,""prizeMoney"":0,""points"":0}",,,,,,,,,,,,,,,,false,false,true,,104,18,9,3,6,1,0,0,0,0,0,0,0,9,9,estimated from season exits versus eligible schedule | 9 eligible events not entered,Rookie Pro,normal,,,true,true,false,false,0,0,0,,0,false,,mainTour,mainTour,,,true,true,
2034/35,wp-rory-vale-d,Rory Vale D,18,BEL,Rookie,Rookie Pro / Bubble,false,true,true,Federation Route,1,2,2036/37,At Risk,,117,117,117,117,100,,,,,,,65,82,67,62,64,78,71,15,18,7,5,2,71.42857142857143,0,,,,,,,0,115,14,9,5,64.28571428571429,0,0,0,"{""matches"":14,""wins"":9,""losses"":5,""draws"":0,""winPercentage"":64.28571428571429,""eventsEntered"":0,""titles"":0,""finals"":0,""prizeMoney"":0,""points"":0}",,,,,,,,,,,,,,,,false,false,true,,104,18,9,3,6,1,0,0,0,0,0,0,0,9,9,estimated from season exits versus eligible schedule | 9 eligible events not entered,Rookie Pro,normal,,,true,true,false,false,0,0,0,,0,false,,mainTour,mainTour,,,true,true,
2034/35,wp-rory-vale-e,Rory Vale E,18,BEL,Rookie,Rookie Pro / Bubble,false,true,true,Federation Route,1,2,2036/37,At Risk,,118,118,118,118,101,,,,,,,70,95,72,67,69,83,71,15,18,7,5,2,71.42857142857143,0,,,,,,,0,121,14,10,4,71.42857142857143,0,0,0,"{""matches"":14,""wins"":10,""losses"":4,""draws"":0,""winPercentage"":71.42857142857143,""eventsEntered"":0,""titles"":0,""finals"":0,""prizeMoney"":0,""points"":0}",,,,,,,,,,,,,,,,false,false,true,,104,18,9,3,6,1,0,0,0,0,0,0,0,9,9,estimated from season exits versus eligible schedule | 9 eligible events not entered,Rookie Pro,normal,,,true,true,false,false,0,0,0,,0,false,,mainTour,mainTour,,,true,true,
2034/35,wp-tobias-kovacs,Tobias Kovacs,28,NED,Established,Rookie Pro / Bubble,false,true,true,Playoff Route,1,2,2036/37,At Risk,,119,119,119,119,105,,,,,,,64,64,66,61,60,70,69,51,18,19,13,6,68.42105263157895,0,,,,,,,0,580,92,55,37,59.78260869565217,0,0,0,"{""matches"":92,""wins"":55,""losses"":37,""draws"":0,""winPercentage"":59.78260869565217,""eventsEntered"":0,""titles"":0,""finals"":0,""prizeMoney"":0,""points"":0}",,,,,,,,,,,,,,,,false,false,true,,104,18,9,3,6,1,0,0,0,0,0,0,0,9,9,estimated from season exits versus eligible schedule | 9 eligible events not entered,Rookie Pro,normal,,,true,true,false,false,0,0,0,,0,false,,mainTour,mainTour,,,true,true,
2034/35,wp-tobias-novak,Tobias Novak,28,PAK,Established,Rookie Pro / Bubble,false,true,true,Playoff Route,1,2,2036/37,At Risk,,120,120,120,120,106,,,,,,,66,66,68,63,62,71,67,52,21,19,12,7,63.1578947368421,0,,,,,,,0,534,97,59,38,60.824742268041234,0,0,169722,"{""matches"":97,""wins"":59,""losses"":38,""draws"":0,""winPercentage"":60.824742268041234,""eventsEntered"":0,""titles"":0,""finals"":0,""prizeMoney"":169722,""points"":0}",,,,,,,,,,,,,,115,,false,false,true,,104,18,9,3,6,1,0,0,0,0,0,0,0,9,9,estimated from season exits versus eligible schedule | 9 eligible events not entered,Rookie Pro,normal,,,true,true,false,false,0,0,0,,0,false,,mainTour,mainTour,,,true,true,
2034/35,wp-toby-hale-b,Toby Hale B,18,ENG,Rookie,Rookie Pro / Bubble,false,true,true,Federation Route,1,2,2036/37,At Risk,,121,121,121,121,108,,,,,,,67,82,69,64,66,80,72,18,18,8,6,2,75,0,,,,,,,0,143,34,26,8,76.47058823529412,0,0,0,"{""matches"":34,""wins"":26,""losses"":8,""draws"":0,""winPercentage"":76.47058823529412,""eventsEntered"":0,""titles"":0,""finals"":0,""prizeMoney"":0,""points"":0}",,,,,,,,,,,,,,,,false,false,true,,104,18,9,3,6,1,0,0,0,0,0,0,0,9,9,estimated from season exits versus eligible schedule | 9 eligible events not entered,Rookie Pro,normal,,,true,true,false,false,0,0,0,,0,false,,mainTour,mainTour,,,true,true,
2034/35,wp-toby-hale-c,Toby Hale C,18,ENG,Rookie,Rookie Pro / Bubble,false,true,true,Federation Route,1,2,2036/37,At Risk,,122,122,122,122,109,,,,,,,68,88,70,65,67,81,72,18,18,8,6,2,75,0,,,,,,,0,141,25,18,7,72,0,0,0,"{""matches"":25,""wins"":18,""losses"":7,""draws"":0,""winPercentage"":72,""eventsEntered"":0,""titles"":0,""finals"":0,""prizeMoney"":0,""points"":0}",,,,,,,,,,,,,,,,false,false,true,,104,18,9,3,6,1,0,0,0,0,0,0,0,9,9,estimated from season exits versus eligible schedule | 9 eligible events not entered,Rookie Pro,normal,,,true,true,false,false,0,0,0,,0,false,,mainTour,mainTour,,,true,true,
2034/35,wp-toby-hale-d,Toby Hale D,18,ENG,Rookie,Rookie Pro / Bubble,false,true,true,Federation Route,1,2,2036/37,At Risk,,123,123,123,123,110,,,,,,,70,90,72,67,69,83,72,18,18,8,6,2,75,0,,,,,,,0,135,17,13,4,76.47058823529412,0,0,0,"{""matches"":17,""wins"":13,""losses"":4,""draws"":0,""winPercentage"":76.47058823529412,""eventsEntered"":0,""titles"":0,""finals"":0,""prizeMoney"":0,""points"":0}",,,,,,,,,,,,,,,,false,false,true,,104,18,9,3,6,1,0,0,0,0,0,0,0,9,9,estimated from season exits versus eligible schedule | 9 eligible events not entered,Rookie Pro,normal,,,true,true,false,false,0,0,0,,0,false,,mainTour,mainTour,,,true,true,
2034/35,wp-ulrich-kowalski,Ulrich Kowalski,23,SWE,Rookie,Rookie Pro / Bubble,false,true,true,Federation Route,1,2,2036/37,At Risk,,124,124,124,124,112,,,,,,,72,78,74,71,69,79,67,43,30,16,10,6,62.5,0,,,,,,,0,475,98,68,30,69.38775510204081,0,0,460634,"{""matches"":98,""wins"":68,""losses"":30,""draws"":0,""winPercentage"":69.38775510204081,""eventsEntered"":0,""titles"":0,""finals"":0,""prizeMoney"":460634,""points"":0}",,,,,,,,,,,,,,74,,false,false,true,,104,18,9,3,6,1,0,0,0,0,0,0,0,9,9,estimated from season exits versus eligible schedule | 9 eligible events not entered,Rookie Pro,normal,,,true,true,false,false,0,0,0,,0,false,,mainTour,mainTour,,,true,true,
2034/35,wp-ulrich-otero,Ulrich Otero,23,SWE,Rookie,Rookie Pro / Bubble,false,true,true,Federation Route,1,2,2036/37,At Risk,,125,125,125,125,113,,,,,,,67,71,69,64,64,75,69,39,20,15,10,5,66.66666666666666,0,,,,,,,0,471,100,72,28,72,0,0,105218,"{""matches"":100,""wins"":72,""losses"":28,""draws"":0,""winPercentage"":72,""eventsEntered"":0,""titles"":0,""finals"":0,""prizeMoney"":105218,""points"":0}",,,,,,,,,,,,,,120,,false,false,true,,104,18,9,3,6,1,0,0,0,0,0,0,0,9,9,estimated from season exits versus eligible schedule | 9 eligible events not entered,Rookie Pro,normal,,,true,true,false,false,0,0,0,,0,false,,mainTour,mainTour,,,true,true,
2034/35,wp-warren-westbrook,Warren Westbrook,28,NED,Established,Rookie Pro / Bubble,false,true,true,Playoff Route,1,2,2036/37,At Risk,,126,126,126,126,118,,,,,,,63,63,65,60,59,68,65,52,19,19,11,8,57.89473684210527,0,,,,,,,0,511,93,56,37,60.215053763440864,0,0,109130,"{""matches"":93,""wins"":56,""losses"":37,""draws"":0,""winPercentage"":60.215053763440864,""eventsEntered"":0,""titles"":0,""finals"":0,""prizeMoney"":109130,""points"":0}",,,,,,,,,,,,,,128,,false,false,true,,104,18,9,3,6,1,0,0,0,0,0,0,0,9,9,estimated from season exits versus eligible schedule | 9 eligible events not entered,Rookie Pro,normal,,,true,true,false,false,0,0,0,,0,false,,mainTour,mainTour,,,true,true,
2034/35,wp-yannick-forster,Yannick Forster,33,GER,Established,Rookie Pro / Bubble,false,true,true,Playoff Route,1,2,2036/37,At Risk,,127,127,127,127,121,,,,,,,68,69,70,66,62,73,69,57,25,21,14,7,66.66666666666666,0,,,,,,,0,628,74,49,25,66.21621621621621,0,0,247956,"{""matches"":74,""wins"":49,""losses"":25,""draws"":0,""winPercentage"":66.21621621621621,""eventsEntered"":0,""titles"":0,""finals"":0,""prizeMoney"":247956,""points"":0}",,,,,,,,,,,,,,99,,false,false,true,,104,18,9,3,6,1,0,0,0,0,0,0,0,9,9,estimated from season exits versus eligible schedule | 9 eligible events not entered,Rookie Pro,normal,,,true,true,false,false,0,0,0,,0,false,,mainTour,mainTour,,,true,true,
2034/35,wp-zane-urban,Zane Urban,23,FRA,Rookie,Rookie Pro / Bubble,false,true,true,Federation Route,1,2,2036/37,At Risk,,128,128,128,128,128,,,,,,,64,68,66,61,61,71,65,43,19,16,9,7,56.25,0,,,,,,,0,427,92,60,32,65.21739130434783,0,0,93078,"{""matches"":92,""wins"":60,""losses"":32,""draws"":0,""winPercentage"":65.21739130434783,""eventsEntered"":0,""titles"":0,""finals"":0,""prizeMoney"":93078,""points"":0}",,,,,,,,,,,,,,128,,false,false,true,,104,18,9,3,6,1,0,0,0,0,0,0,0,9,9,estimated from season exits versus eligible schedule | 9 eligible events not entered,Rookie Pro,normal,,,true,true,false,false,0,0,0,,0,false,,mainTour,mainTour,,,true,true,
2034/35,wp-adrian-ashford,Adrian Ashford,37,IND,Amateur,Amateur,false,false,false,,0,0,,Amateur,,,,,,,,,,,,,66,66,67,63,64,82,71,0,18,0,0,0,,0,,,,,,,0,0,18,13,5,72.22222222222221,0,0,0,"{""matches"":18,""wins"":13,""losses"":5,""draws"":0,""winPercentage"":72.22222222222221,""eventsEntered"":0,""titles"":0,""finals"":0,""prizeMoney"":0,""points"":0}",,,,,,,,,,,,,,,,false,false,false,,104,42,15,0,0,0,0,0,10,5,0,0,0,27,11,estimated from season exits versus eligible schedule | 27 eligible events not entered,Amateur,normal,,,false,false,false,false,0,0,0,,0,false,,amateur,amateur,,,true,true,
2034/35,wp-adrian-janssen,Adrian Janssen,30,NIR,Amateur,Q School,false,false,false,,0,0,,Amateur,,,,,,,22,11,17,,,,65,65,67,62,61,71,63,46,18,17,9,8,52.94117647058824,0,,,,,,,0,405,36,25,11,69.44444444444444,0,0,0,"{""matches"":36,""wins"":25,""losses"":11,""draws"":0,""winPercentage"":69.44444444444444,""eventsEntered"":0,""titles"":0,""finals"":0,""prizeMoney"":0,""points"":0}",,,,,,,,,,,,,,,,false,false,false,,104,42,8,0,0,0,0,0,3,5,0,0,0,34,18,estimated from season exits versus eligible schedule | 34 eligible events not entered,Q School,too high,,,false,false,false,false,0,0,0,,0,false,,qSchool,qSchool,,,true,true,
2034/35,wp-adrian-nakamura,Adrian Nakamura,36,THA,Amateur,Amateur,false,false,false,,0,0,,Amateur,,,,,,,,,,,,,79,82,81,79,77,97,82,0,30,0,0,0,,0,,,,,,,0,0,12,12,0,100,0,0,379406,"{""matches"":12,""wins"":12,""losses"":0,""draws"":0,""winPercentage"":100,""eventsEntered"":0,""titles"":0,""finals"":0,""prizeMoney"":379406,""points"":0}",,,,,,,,,,,,,,73,,false,false,false,,104,42,15,0,0,0,0,0,10,5,0,0,0,27,11,estimated from season exits versus eligible schedule | 27 eligible events not entered,Amateur,normal,,,false,false,false,false,0,0,0,,0,false,,amateur,amateur,,,true,true,
2034/35,wp-adrian-vos,Adrian Vos,57,WAL,Veteran,Senior Tour / Legend Circuit,false,false,false,,0,0,,Amateur,,,,,,,,,,13,,,68,68,65,64,55,71,54,50,23,7,5,2,71.42857142857143,0,,,,,,,0,186,50,37,13,74,2,0,122844,"{""matches"":50,""wins"":37,""losses"":13,""draws"":0,""winPercentage"":74,""eventsEntered"":0,""titles"":2,""finals"":0,""prizeMoney"":122844,""points"":0}",,,,,,,,,,,,,,125,,false,false,false,,104,14,11,0,0,0,0,0,0,0,0,0,11,3,0,estimated from season exits versus eligible schedule | 3 eligible events not entered,Senior/Legend,normal,,,false,false,false,false,0,0,0,,0,false,,amateur,senior,,,true,true,
2034/35,wp-adrian-whitaker,Adrian Whitaker,37,NIR,Amateur,Amateur,false,false,false,,0,0,,Amateur,,,,,,,,,,,,,63,63,64,60,61,77,65,0,18,0,0,0,,0,,,,,,,0,0,57,33,24,57.89473684210527,0,0,0,"{""matches"":57,""wins"":33,""losses"":24,""draws"":0,""winPercentage"":57.89473684210527,""eventsEntered"":0,""titles"":0,""finals"":0,""prizeMoney"":0,""points"":0}",,,,,,,,,,,,,,,,false,false,false,,104,42,15,0,0,0,0,0,10,5,0,0,0,27,11,estimated from season exits versus eligible schedule | 27 eligible events not entered,Amateur,normal,,,false,false,false,false,0,0,0,,0,false,,amateur,amateur,,,true,true,
2034/35,wp-adrian-yates,Adrian Yates,34,POL,Amateur,Amateur,false,false,false,,0,0,,Amateur,,,,,,,,,,,,,72,72,74,70,71,90,82,0,18,0,0,0,,0,,,,,,,0,0,14,14,0,100,0,0,0,"{""matches"":14,""wins"":14,""losses"":0,""draws"":0,""winPercentage"":100,""eventsEntered"":0,""titles"":0,""finals"":0,""prizeMoney"":0,""points"":0}",,,,,,,,,,,,,,,,false,false,false,,104,42,15,0,0,0,0,0,10,5,0,0,0,27,11,estimated from season exits versus eligible schedule | 27 eligible events not entered,Amateur,normal,,,false,false,false,false,0,0,0,,0,false,,amateur,amateur,,,true,true,
2034/35,wp-arlo-dawes-e,Arlo Dawes E,18,THA,Amateur,Q School,false,false,false,,0,0,,Amateur,,,,,,,5,5,9,,,,64,72,66,61,62,75,69,21,18,9,6,3,66.66666666666666,0,,,,,,,0,132,17,11,6,64.70588235294117,0,0,0,"{""matches"":17,""wins"":11,""losses"":6,""draws"":0,""winPercentage"":64.70588235294117,""eventsEntered"":0,""titles"":0,""finals"":0,""prizeMoney"":0,""points"":0}",,,,,,,,,,,,,,,,false,false,false,,104,42,4,0,0,0,0,0,0,4,0,0,0,38,22,estimated from season exits versus eligible schedule | 38 eligible events not entered,Q School,normal,,,false,false,false,false,0,0,0,,0,false,,qSchool,qSchool,,,true,true,
2034/35,wp-arlo-dawes-f,Arlo Dawes F,15,THA,Youth,Amateur,false,false,false,,0,0,,Amateur,,,,,,,,,,,,,65,83,67,62,63,76,69,21,18,9,6,3,66.66666666666666,0,,,,,,,0,130,9,6,3,66.66666666666666,0,0,0,"{""matches"":9,""wins"":6,""losses"":3,""draws"":0,""winPercentage"":66.66666666666666,""eventsEntered"":0,""titles"":0,""finals"":0,""prizeMoney"":0,""points"":0}",,,,,,,,,,,,,,,,false,false,false,,104,61,10,0,0,0,0,0,5,5,0,0,0,51,16,estimated from season exits versus eligible schedule | 51 eligible events not entered,Youth,normal,,,false,false,false,false,0,0,0,,0,false,,youth,youth,,,true,true,
2034/35,wp-arlo-dawes-g,Arlo Dawes G,15,THA,Youth,Amateur,false,false,false,,0,0,,Amateur,,,,,,,,,,,,,52,88,54,46,52,61,42,0,18,,,,,,,,,,,,,,0,0,0,0,0,0,0,"{""matches"":0,""wins"":0,""losses"":0,""draws"":0,""winPercentage"":0,""eventsEntered"":0,""titles"":0,""finals"":0,""prizeMoney"":0,""points"":0}",,,,,,,,,,,,,,,,,false,false,,104,61,10,0,0,0,0,0,5,5,0,0,0,51,16,estimated from season exits versus eligible schedule | 51 eligible events not entered,Youth,normal,,,false,false,false,false,0,0,0,,0,false,,youth,youth,,,true,true,
2034/35,wp-bailey-ashford,Bailey Ashford,56,JPN,Veteran,Amateur,false,false,false,,0,0,,Amateur,,,,,,,,,,,,,79,84,77,78,68,86,56,27,40,0,0,0,,0,,,,,,,0,0,25,20,5,80,0,0,788848,"{""matches"":25,""wins"":20,""losses"":5,""draws"":0,""winPercentage"":80,""eventsEntered"":0,""titles"":0,""finals"":0,""prizeMoney"":788848,""points"":0}",,,,,,,,,,,,,,29,,false,false,false,,104,44,15,0,0,0,0,0,10,5,0,0,0,29,11,estimated from season exits versus eligible schedule | 29 eligible events not entered,Amateur,normal,,,false,false,false,false,0,0,0,,0,false,,senior,amateur,,,true,true,
2034/35,wp-bailey-easton,Bailey Easton,29,THA,Amateur,Amateur,false,false,false,,0,0,,Amateur,,,,,,,,,,,,,62,62,64,59,62,76,63,0,18,0,0,0,,0,,,,,,,0,0,54,29,25,53.70370370370371,0,0,0,"{""matches"":54,""wins"":29,""losses"":25,""draws"":0,""winPercentage"":53.70370370370371,""eventsEntered"":0,""titles"":0,""finals"":0,""prizeMoney"":0,""points"":0}",,,,,,,,,,,,,,,,false,false,false,,104,42,15,0,0,0,0,0,10,5,0,0,0,27,11,estimated from season exits versus eligible schedule | 27 eligible events not entered,Amateur,normal,,,false,false,false,false,0,0,0,,0,false,,amateur,amateur,,,true,true,
2034/35,wp-bailey-fletcher,Bailey Fletcher,36,POL,Amateur,Amateur,false,false,false,,0,0,,Amateur,,,,,,,,,,,,,79,82,81,79,77,97,82,0,31,0,0,0,,0,,,,,,,0,0,12,12,0,100,0,0,404884,"{""matches"":12,""wins"":12,""losses"":0,""draws"":0,""winPercentage"":100,""eventsEntered"":0,""titles"":0,""finals"":0,""prizeMoney"":404884,""points"":0}",,,,,,,,,,,,,,69,,false,false,false,,104,42,15,0,0,0,0,0,10,5,0,0,0,27,11,estimated from season exits versus eligible schedule | 27 eligible events not entered,Amateur,normal,,,false,false,false,false,0,0,0,,0,false,,amateur,amateur,,,true,true,
2034/35,wp-bailey-harrington,Bailey Harrington,37,ENG,Amateur,Amateur,false,false,false,,0,0,,Amateur,,,,,,,,,,,,,72,72,73,70,70,90,82,0,18,0,0,0,,0,,,,,,,0,0,12,12,0,100,0,0,0,"{""matches"":12,""wins"":12,""losses"":0,""draws"":0,""winPercentage"":100,""eventsEntered"":0,""titles"":0,""finals"":0,""prizeMoney"":0,""points"":0}",,,,,,,,,,,,,,,,false,false,false,,104,42,15,0,0,0,0,0,10,5,0,0,0,27,11,estimated from season exits versus eligible schedule | 27 eligible events not entered,Amateur,normal,,,false,false,false,false,0,0,0,,0,false,,amateur,amateur,,,true,true,
2034/35,wp-bailey-nakamura,Bailey Nakamura,29,ESP,Amateur,Amateur,false,false,false,,0,0,,Amateur,,,,,,,,,,,,,75,78,77,74,73,83,56,23,40,9,3,6,33.33333333333333,0,,,,,,,0,129,106,80,26,75.47169811320755,1,0,1489829,"{""matches"":106,""wins"":80,""losses"":26,""draws"":0,""winPercentage"":75.47169811320755,""eventsEntered"":0,""titles"":1,""finals"":0,""prizeMoney"":1489829,""points"":0}",,,,,,,,,,,,,,61,,false,false,false,,104,42,15,0,0,0,0,0,10,5,0,0,0,27,11,estimated from season exits versus eligible schedule | 27 eligible events not entered,Amateur,normal,,,false,false,false,false,0,10,219398,,0,false,,amateur,amateur,,,true,true,
2034/35,wp-bailey-olsen,Bailey Olsen,55,ENG,Veteran,Senior Tour / Legend Circuit,false,false,false,,0,0,,Amateur,,,,,,,,,,20,,,68,69,66,64,56,72,52,44,21,6,4,2,66.66666666666666,0,,,,,,,0,151,64,48,16,75,0,0,160124,"{""matches"":64,""wins"":48,""losses"":16,""draws"":0,""winPercentage"":75,""eventsEntered"":0,""titles"":0,""finals"":0,""prizeMoney"":160124,""points"":0}",,,,,,,,,,,,,,117,,false,false,false,,104,14,11,0,0,0,0,0,0,0,0,0,11,3,0,estimated from season exits versus eligible schedule | 3 eligible events not entered,Senior/Legend,normal,,,false,false,false,false,0,0,0,,0,false,,amateur,senior,,,true,true,
2034/35,wp-bailey-tremblay,Bailey Tremblay,39,SWE,Amateur,Amateur,false,false,false,,0,0,,Amateur,,,,,,,,,,,,,75,78,76,75,72,91,71,0,39,0,0,0,,0,,,,,,,0,0,106,77,29,72.64150943396226,1,0,1339806,"{""matches"":106,""wins"":77,""losses"":29,""draws"":0,""winPercentage"":72.64150943396226,""eventsEntered"":0,""titles"":1,""finals"":0,""prizeMoney"":1339806,""points"":0}",,,,,,,,,,,,,,62,,false,false,false,,104,42,15,0,0,0,0,0,10,5,0,0,0,27,11,estimated from season exits versus eligible schedule | 27 eligible events not entered,Amateur,normal,,,false,false,false,false,0,8,182109,,0,false,,amateur,amateur,,,true,true,
2034/35,wp-bailey-urban,Bailey Urban,29,ENG,Amateur,Amateur,false,false,false,,0,0,,Amateur,,,,,,,,,,,,,73,76,75,71,71,81,55,23,33,9,3,6,33.33333333333333,0,,,,,,,0,127,121,86,35,71.07438016528926,0,0,642587,"{""matches"":121,""wins"":86,""losses"":35,""draws"":0,""winPercentage"":71.07438016528926,""eventsEntered"":0,""titles"":0,""finals"":0,""prizeMoney"":642587,""points"":0}",,,,,,,,,,,,,,63,,false,false,false,,104,42,15,0,0,0,0,0,10,5,0,0,0,27,11,estimated from season exits versus eligible schedule | 27 eligible events not entered,Amateur,normal,,,false,false,false,false,0,0,0,,0,false,,amateur,amateur,,,true,true,
2034/35,wp-bartosz-ashford,Bartosz Ashford,33,PAK,Amateur,Amateur,false,false,false,,0,0,,Amateur,,,,,,,,,,,,,72,72,74,70,71,90,82,0,18,0,0,0,,0,,,,,,,0,0,14,14,0,100,0,0,0,"{""matches"":14,""wins"":14,""losses"":0,""draws"":0,""winPercentage"":100,""eventsEntered"":0,""titles"":0,""finals"":0,""prizeMoney"":0,""points"":0}",,,,,,,,,,,,,,,,false,false,false,,104,42,15,0,0,0,0,0,10,5,0,0,0,27,11,estimated from season exits versus eligible schedule | 27 eligible events not entered,Amateur,normal,,,false,false,false,false,0,0,0,,0,false,,amateur,amateur,,,true,true,
2034/35,wp-bartosz-bouchard,Bartosz Bouchard,57,CHN,Veteran,Amateur,false,false,false,,0,0,,Amateur,,,,,,,,,,,,,80,83,77,79,68,89,63,28,32,0,0,0,,0,,,,,,,0,0,12,12,0,100,0,0,435980,"{""matches"":12,""wins"":12,""losses"":0,""draws"":0,""winPercentage"":100,""eventsEntered"":0,""titles"":0,""finals"":0,""prizeMoney"":435980,""points"":0}",,,,,,,,,,,,,,63,,false,false,false,,104,44,15,0,0,0,0,0,10,5,0,0,0,29,11,estimated from season exits versus eligible schedule | 29 eligible events not entered,Amateur,normal,,,false,false,false,false,0,0,0,,0,false,,senior,amateur,,,true,true,
2034/35,wp-bartosz-kovacs,Bartosz Kovacs,31,IRL,Amateur,Amateur,false,false,false,,0,0,,Amateur,,,,,,,,,,,,,72,73,74,71,72,89,77,0,23,0,0,0,,0,,,,,,,0,0,16,14,2,87.5,0,0,197592,"{""matches"":16,""wins"":14,""losses"":2,""draws"":0,""winPercentage"":87.5,""eventsEntered"":0,""titles"":0,""finals"":0,""prizeMoney"":197592,""points"":0}",,,,,,,,,,,,,,107,,false,false,false,,104,42,15,0,0,0,0,0,10,5,0,0,0,27,11,estimated from season exits versus eligible schedule | 27 eligible events not entered,Amateur,normal,,,false,false,false,false,0,0,0,,0,false,,amateur,amateur,,,true,true,
2034/35,wp-bartosz-petrov,Bartosz Petrov,40,IRL,Veteran,Amateur,false,false,false,,0,0,,Amateur,,,,,,,,,,,,,76,79,77,76,72,92,73,2,37,0,0,0,,0,,,,,,,0,0,62,48,14,77.41935483870968,2,0,624376,"{""matches"":62,""wins"":48,""losses"":14,""draws"":0,""winPercentage"":77.41935483870968,""eventsEntered"":0,""titles"":2,""finals"":0,""prizeMoney"":624376,""points"":0}",,,,,,,,,,,,,,63,,false,false,false,,104,44,15,0,0,0,0,0,10,5,0,0,0,29,11,estimated from season exits versus eligible schedule | 29 eligible events not entered,Amateur,normal,,,false,false,false,false,0,0,0,,0,false,,senior,amateur,,,true,true,
2034/35,wp-bartosz-rahman,Bartosz Rahman,27,NED,Amateur,Q Tour,false,false,false,,0,0,,Amateur,,,,,,,38,33,,,,,74,78,76,73,71,81,60,34,36,13,6,7,46.15384615384615,0,,,,,,,0,237,121,89,32,73.55371900826447,0,0,1080517,"{""matches"":121,""wins"":89,""losses"":32,""draws"":0,""winPercentage"":73.55371900826447,""eventsEntered"":0,""titles"":0,""finals"":0,""prizeMoney"":1080517,""points"":0}",,,,,,,,,,,,,,64,,false,false,false,,104,42,7,0,0,0,0,0,2,5,0,0,0,35,19,estimated from season exits versus eligible schedule | 35 eligible events not entered,Q Tour,normal,,,false,false,false,false,0,9,200320,,0,false,,qTour,qTour,,,true,true,
2034/35,wp-bartosz-whitaker,Bartosz Whitaker,39,BEL,Amateur,Amateur,false,false,false,,0,0,,Amateur,,,,,,,,,,,,,69,69,70,67,66,86,75,0,18,0,0,0,,0,,,,,,,0,0,13,11,2,84.61538461538461,0,0,0,"{""matches"":13,""wins"":11,""losses"":2,""draws"":0,""winPercentage"":84.61538461538461,""eventsEntered"":0,""titles"":0,""finals"":0,""prizeMoney"":0,""points"":0}",,,,,,,,,,,,,,,,false,false,false,,104,42,15,0,0,0,0,0,10,5,0,0,0,27,11,estimated from season exits versus eligible schedule | 27 eligible events not entered,Amateur,normal,,,false,false,false,false,0,0,0,,0,false,,amateur,amateur,,,true,true,
2034/35,wp-bartosz-yates,Bartosz Yates,30,AUS,Amateur,Amateur,false,false,false,,0,0,,Amateur,,,,,,,,,,,,,72,72,74,70,72,90,82,0,18,0,0,0,,0,,,,,,,0,0,12,12,0,100,0,0,0,"{""matches"":12,""wins"":12,""losses"":0,""draws"":0,""winPercentage"":100,""eventsEntered"":0,""titles"":0,""finals"":0,""prizeMoney"":0,""points"":0}",,,,,,,,,,,,,,,,false,false,false,,104,42,15,0,0,0,0,0,10,5,0,0,0,27,11,estimated from season exits versus eligible schedule | 27 eligible events not entered,Amateur,normal,,,false,false,false,false,0,0,0,,0,false,,amateur,amateur,,,true,true,
2034/35,wp-cedric-ashford,Cedric Ashford,54,CAN,Veteran,Senior Tour / Legend Circuit,false,false,false,,0,0,,Amateur,,,,,,,,,,23,,,66,66,64,62,54,70,53,42,18,6,4,2,66.66666666666666,0,,,,,,,0,149,60,44,16,73.33333333333333,0,0,0,"{""matches"":60,""wins"":44,""losses"":16,""draws"":0,""winPercentage"":73.33333333333333,""eventsEntered"":0,""titles"":0,""finals"":0,""prizeMoney"":0,""points"":0}",,,,,,,,,,,,,,,,false,false,false,,104,14,11,0,0,0,0,0,0,0,0,0,11,3,0,estimated from season exits versus eligible schedule | 3 eligible events not entered,Senior/Legend,normal,,,false,false,false,false,0,0,0,,0,false,,amateur,senior,,,true,true,
2034/35,wp-cedric-barker,Cedric Barker,34,SWE,Amateur,Amateur,false,false,false,,0,0,,Amateur,,,,,,,,,,,,,72,72,74,70,71,90,82,0,18,0,0,0,,0,,,,,,,0,0,14,14,0,100,0,0,0,"{""matches"":14,""wins"":14,""losses"":0,""draws"":0,""winPercentage"":100,""eventsEntered"":0,""titles"":0,""finals"":0,""prizeMoney"":0,""points"":0}",,,,,,,,,,,,,,,,false,false,false,,104,42,15,0,0,0,0,0,10,5,0,0,0,27,11,estimated from season exits versus eligible schedule | 27 eligible events not entered,Amateur,normal,,,false,false,false,false,0,0,0,,0,false,,amateur,amateur,,,true,true,
2034/35,wp-cedric-easton,Cedric Easton,39,POL,Amateur,Amateur,false,false,false,,0,0,,Amateur,,,,,,,,,,,,,72,72,73,70,69,90,81,0,18,0,0,0,,0,,,,,,,0,0,12,12,0,100,0,0,0,"{""matches"":12,""wins"":12,""losses"":0,""draws"":0,""winPercentage"":100,""eventsEntered"":0,""titles"":0,""finals"":0,""prizeMoney"":0,""points"":0}",,,,,,,,,,,,,,,,false,false,false,,104,42,15,0,0,0,0,0,10,5,0,0,0,27,11,estimated from season exits versus eligible schedule | 27 eligible events not entered,Amateur,normal,,,false,false,false,false,0,0,0,,0,false,,amateur,amateur,,,true,true,
2034/35,wp-cedric-kovacs,Cedric Kovacs,52,THA,Veteran,Amateur,false,false,false,,0,0,,Amateur,,,,,,,,,,,,,72,72,70,69,63,83,68,20,18,0,0,0,,0,,,,,,,0,0,12,12,0,100,0,0,0,"{""matches"":12,""wins"":12,""losses"":0,""draws"":0,""winPercentage"":100,""eventsEntered"":0,""titles"":0,""finals"":0,""prizeMoney"":0,""points"":0}",,,,,,,,,,,,,,,,false,false,false,,104,44,15,0,0,0,0,0,10,5,0,0,0,29,11,estimated from season exits versus eligible schedule | 29 eligible events not entered,Amateur,normal,,,false,false,false,false,0,0,0,,0,false,,amateur,amateur,,,true,true,
2034/35,wp-cedric-langford,Cedric Langford,62,CAN,Veteran,Senior Tour / Legend Circuit,false,false,false,,0,0,,Amateur,,,,,,,,,,15,,,68,68,64,63,52,68,48,58,20,7,5,2,71.42857142857143,0,,,,,,,0,183,55,42,13,76.36363636363637,1,0,0,"{""matches"":55,""wins"":42,""losses"":13,""draws"":0,""winPercentage"":76.36363636363637,""eventsEntered"":0,""titles"":1,""finals"":0,""prizeMoney"":0,""points"":0}",,,,,,,,,,,,,,,,false,false,false,,104,14,11,0,0,0,0,0,0,0,0,0,11,3,0,estimated from season exits versus eligible schedule | 3 eligible events not entered,Senior/Legend,normal,,,false,false,false,false,0,0,0,,0,false,,amateur,senior,,,true,true,
2034/35,wp-cedric-yates,Cedric Yates,59,NIR,Veteran,Senior Tour / Legend Circuit,false,false,false,,0,0,,Amateur,,,,,,,,,,9,,,75,77,72,73,61,77,54,53,34,7,5,2,71.42857142857143,0,,,,,,,0,188,35,28,7,80,4,0,304274,"{""matches"":35,""wins"":28,""losses"":7,""draws"":0,""winPercentage"":80,""eventsEntered"":0,""titles"":4,""finals"":0,""prizeMoney"":304274,""points"":0}",,,,,,,,,,,,,,92,,false,false,false,,104,14,11,0,0,0,0,0,0,0,0,0,11,3,0,estimated from season exits versus eligible schedule | 3 eligible events not entered,Senior/Legend,normal,,,false,false,false,false,0,0,0,,1,false,,amateur,senior,,,true,true,
2034/35,wp-connor-drayton,Connor Drayton,53,SCO,Veteran,Amateur,false,false,false,,0,0,,Amateur,,,,,,,,,,,,,76,78,74,74,66,87,67,22,25,0,0,0,,0,,,,,,,0,0,12,12,0,100,0,0,269542,"{""matches"":12,""wins"":12,""losses"":0,""draws"":0,""winPercentage"":100,""eventsEntered"":0,""titles"":0,""finals"":0,""prizeMoney"":269542,""points"":0}",,,,,,,,,,,,,,95,,false,false,false,,104,44,15,0,0,0,0,0,10,5,0,0,0,29,11,estimated from season exits versus eligible schedule | 29 eligible events not entered,Amateur,normal,,,false,false,false,false,0,0,0,,0,false,,amateur,amateur,,,true,true,
2034/35,wp-connor-iqbal,Connor Iqbal,33,BEL,Amateur,Amateur,false,false,false,,0,0,,Amateur,,,,,,,,,,,,,72,72,74,70,71,90,82,0,18,0,0,0,,0,,,,,,,0,0,12,12,0,100,0,0,0,"{""matches"":12,""wins"":12,""losses"":0,""draws"":0,""winPercentage"":100,""eventsEntered"":0,""titles"":0,""finals"":0,""prizeMoney"":0,""points"":0}",,,,,,,,,,,,,,,,false,false,false,,104,42,15,0,0,0,0,0,10,5,0,0,0,27,11,estimated from season exits versus eligible schedule | 27 eligible events not entered,Amateur,normal,,,false,false,false,false,0,0,0,,0,false,,amateur,amateur,,,true,true,
2034/35,wp-connor-mendoza,Connor Mendoza,55,NOR,Veteran,Amateur,false,false,false,,0,0,,Amateur,,,,,,,,,,,,,82,88,80,83,71,89,55,26,51,0,0,0,,0,,,,,,,0,0,61,42,19,68.85245901639344,2,0,1258819,"{""matches"":61,""wins"":42,""losses"":19,""draws"":0,""winPercentage"":68.85245901639344,""eventsEntered"":0,""titles"":2,""finals"":0,""prizeMoney"":1258819,""points"":0}",,,,,,,,,,,,,,3,,false,false,false,,104,44,15,0,0,0,0,0,10,5,0,0,0,29,11,estimated from season exits versus eligible schedule | 29 eligible events not entered,Amateur,normal,,,false,false,false,false,0,0,0,,0,false,,senior,amateur,,,true,true,
2034/35,wp-connor-otero,Connor Otero,52,IRL,Veteran,Amateur,false,false,false,,0,0,,Amateur,,,,,,,,,,,,,74,77,72,72,65,83,57,21,31,0,0,0,,0,,,,,,,0,0,38,28,10,73.68421052631578,0,0,326929,"{""matches"":38,""wins"":28,""losses"":10,""draws"":0,""winPercentage"":73.68421052631578,""eventsEntered"":0,""titles"":0,""finals"":0,""prizeMoney"":326929,""points"":0}",,,,,,,,,,,,,,66,,false,false,false,,104,44,15,0,0,0,0,0,10,5,0,0,0,29,11,estimated from season exits versus eligible schedule | 29 eligible events not entered,Amateur,normal,,,false,false,false,false,0,0,0,,0,false,,amateur,amateur,,,true,true,
2034/35,wp-connor-verma,Connor Verma,39,BEL,Amateur,Amateur,false,false,false,,0,0,,Amateur,,,,,,,,,,,,,65,65,66,62,62,80,69,0,18,0,0,0,,0,,,,,,,0,0,39,27,12,69.23076923076923,0,0,0,"{""matches"":39,""wins"":27,""losses"":12,""draws"":0,""winPercentage"":69.23076923076923,""eventsEntered"":0,""titles"":0,""finals"":0,""prizeMoney"":0,""points"":0}",,,,,,,,,,,,,,,,false,false,false,,104,42,15,0,0,0,0,0,10,5,0,0,0,27,11,estimated from season exits versus eligible schedule | 27 eligible events not entered,Amateur,normal,,,false,false,false,false,0,0,0,,0,false,,amateur,amateur,,,true,true,
2034/35,wp-connor-whitaker,Connor Whitaker,37,AUS,Amateur,Amateur,false,false,false,,0,0,,Amateur,,,,,,,,,,,,,72,72,73,70,70,90,82,0,18,0,0,0,,0,,,,,,,0,0,14,14,0,100,0,0,0,"{""matches"":14,""wins"":14,""losses"":0,""draws"":0,""winPercentage"":100,""eventsEntered"":0,""titles"":0,""finals"":0,""prizeMoney"":0,""points"":0}",,,,,,,,,,,,,,,,false,false,false,,104,42,15,0,0,0,0,0,10,5,0,0,0,27,11,estimated from season exits versus eligible schedule | 27 eligible events not entered,Amateur,normal,,,false,false,false,false,0,0,0,,0,false,,amateur,amateur,,,true,true,
2034/35,wp-dario-ashford,Dario Ashford,37,SWE,Amateur,Amateur,false,false,false,,0,0,,Amateur,,,,,,,,,,,,,75,75,76,75,73,94,86,0,26,0,0,0,,0,,,,,,,0,0,14,14,0,100,4,0,0,"{""matches"":14,""wins"":14,""losses"":0,""draws"":0,""winPercentage"":100,""eventsEntered"":0,""titles"":4,""finals"":0,""prizeMoney"":0,""points"":0}",,,,,,,,,,,,,,,,false,false,false,,104,42,15,0,0,0,0,0,10,5,0,0,0,27,11,estimated from season exits versus eligible schedule | 27 eligible events not entered,Amateur,normal,,,false,false,false,false,0,0,0,,0,false,,amateur,amateur,,,true,true,
2034/35,wp-dario-petrov,Dario Petrov,40,WAL,Veteran,Amateur,false,false,false,,0,0,,Amateur,,,,,,,,,,,,,78,80,79,78,74,95,80,1,29,0,0,0,,0,,,,,,,0,0,12,12,0,100,0,0,335438,"{""matches"":12,""wins"":12,""losses"":0,""draws"":0,""winPercentage"":100,""eventsEntered"":0,""titles"":0,""finals"":0,""prizeMoney"":335438,""points"":0}",,,,,,,,,,,,,,79,,false,false,false,,104,44,15,0,0,0,0,0,10,5,0,0,0,29,11,estimated from season exits versus eligible schedule | 29 eligible events not entered,Amateur,normal,,,false,false,false,false,0,0,0,,0,false,,amateur,amateur,,,true,true,
2034/35,wp-dario-whitaker,Dario Whitaker,33,THA,Amateur,Amateur,false,false,false,,0,0,,Amateur,,,,,,,,,,,,,72,72,74,70,71,90,82,0,18,0,0,0,,0,,,,,,,0,0,12,12,0,100,0,0,0,"{""matches"":12,""wins"":12,""losses"":0,""draws"":0,""winPercentage"":100,""eventsEntered"":0,""titles"":0,""finals"":0,""prizeMoney"":0,""points"":0}",,,,,,,,,,,,,,,,false,false,false,,104,42,15,0,0,0,0,0,10,5,0,0,0,27,11,estimated from season exits versus eligible schedule | 27 eligible events not entered,Amateur,normal,,,false,false,false,false,0,0,0,,0,false,,amateur,amateur,,,true,true,
2034/35,wp-dario-yates,Dario Yates,30,CAN,Amateur,Amateur,false,false,false,,0,0,,Amateur,,,,,,,,,,,,,72,72,74,70,72,90,82,0,18,0,0,0,,0,,,,,,,0,0,14,14,0,100,0,0,0,"{""matches"":14,""wins"":14,""losses"":0,""draws"":0,""winPercentage"":100,""eventsEntered"":0,""titles"":0,""finals"":0,""prizeMoney"":0,""points"":0}",,,,,,,,,,,,,,,,false,false,false,,104,42,15,0,0,0,0,0,10,5,0,0,0,27,11,estimated from season exits versus eligible schedule | 27 eligible events not entered,Amateur,normal,,,false,false,false,false,0,0,0,,0,false,,amateur,amateur,,,true,true,
2034/35,wp-dylan-ashford,Dylan Ashford,34,BRA,Amateur,Amateur,false,false,false,,0,0,,Amateur,,,,,,,,,,,,,72,72,74,70,71,90,82,0,18,0,0,0,,0,,,,,,,0,0,8,8,0,100,0,0,0,"{""matches"":8,""wins"":8,""losses"":0,""draws"":0,""winPercentage"":100,""eventsEntered"":0,""titles"":0,""finals"":0,""prizeMoney"":0,""points"":0}",,,,,,,,,,,,,,,,false,false,false,,104,42,15,0,0,0,0,0,10,5,0,0,0,27,11,estimated from season exits versus eligible schedule | 27 eligible events not entered,Amateur,normal,,,false,false,false,false,0,0,0,,0,false,,amateur,amateur,,,true,true,
2034/35,wp-dylan-caldwell,Dylan Caldwell,31,SCO,Amateur,Amateur,false,false,false,,0,0,,Amateur,,,,,,,,,,,,,72,72,74,70,72,90,82,0,18,0,0,0,,0,,,,,,,0,0,14,14,0,100,0,0,0,"{""matches"":14,""wins"":14,""losses"":0,""draws"":0,""winPercentage"":100,""eventsEntered"":0,""titles"":0,""finals"":0,""prizeMoney"":0,""points"":0}",,,,,,,,,,,,,,,,false,false,false,,104,42,15,0,0,0,0,0,10,5,0,0,0,27,11,estimated from season exits versus eligible schedule | 27 eligible events not entered,Amateur,normal,,,false,false,false,false,0,0,0,,0,false,,amateur,amateur,,,true,true,
2034/35,wp-dylan-drayton,Dylan Drayton,30,BEL,Amateur,Amateur,false,false,false,,0,0,,Amateur,,,,,,,,,,,,,72,72,74,70,72,90,82,0,18,0,0,0,,0,,,,,,,0,0,10,10,0,100,0,0,0,"{""matches"":10,""wins"":10,""losses"":0,""draws"":0,""winPercentage"":100,""eventsEntered"":0,""titles"":0,""finals"":0,""prizeMoney"":0,""points"":0}",,,,,,,,,,,,,,,,false,false,false,,104,42,15,0,0,0,0,0,10,5,0,0,0,27,11,estimated from season exits versus eligible schedule | 27 eligible events not entered,Amateur,normal,,,false,false,false,false,0,0,0,,0,false,,amateur,amateur,,,true,true,
2034/35,wp-dylan-lombardi,Dylan Lombardi,31,BEL,Amateur,Amateur,false,false,false,,0,0,,Amateur,,,,,,,,,,,,,79,82,81,79,79,97,82,0,31,0,0,0,,0,,,,,,,0,0,12,12,0,100,0,0,388412,"{""matches"":12,""wins"":12,""losses"":0,""draws"":0,""winPercentage"":100,""eventsEntered"":0,""titles"":0,""finals"":0,""prizeMoney"":388412,""points"":0}",,,,,,,,,,,,,,70,,false,false,false,,104,42,15,0,0,0,0,0,10,5,0,0,0,27,11,estimated from season exits versus eligible schedule | 27 eligible events not entered,Amateur,normal,,,false,false,false,false,0,0,0,,0,false,,amateur,amateur,,,true,true,
2034/35,wp-dylan-madsen,Dylan Madsen,33,ITA,Amateur,Amateur,false,false,false,,0,0,,Amateur,,,,,,,,,,,,,72,72,74,70,71,90,82,0,18,0,0,0,,0,,,,,,,0,0,12,12,0,100,0,0,0,"{""matches"":12,""wins"":12,""losses"":0,""draws"":0,""winPercentage"":100,""eventsEntered"":0,""titles"":0,""finals"":0,""prizeMoney"":0,""points"":0}",,,,,,,,,,,,,,,,false,false,false,,104,42,15,0,0,0,0,0,10,5,0,0,0,27,11,estimated from season exits versus eligible schedule | 27 eligible events not entered,Amateur,normal,,,false,false,false,false,0,0,0,,0,false,,amateur,amateur,,,true,true,
2034/35,wp-dylan-tanaka,Dylan Tanaka,31,ITA,Amateur,Amateur,false,false,false,,0,0,,Amateur,,,,,,,,,,,,,73,73,75,72,73,91,82,0,20,0,0,0,,0,,,,,,,0,0,12,12,0,100,0,0,143876,"{""matches"":12,""wins"":12,""losses"":0,""draws"":0,""winPercentage"":100,""eventsEntered"":0,""titles"":0,""finals"":0,""prizeMoney"":143876,""points"":0}",,,,,,,,,,,,,,121,,false,false,false,,104,42,15,0,0,0,0,0,10,5,0,0,0,27,11,estimated from season exits versus eligible schedule | 27 eligible events not entered,Amateur,normal,,,false,false,false,false,0,0,0,,0,false,,amateur,amateur,,,true,true,
2034/35,wp-dylan-tremblay,Dylan Tremblay,37,NOR,Amateur,Amateur,false,false,false,,0,0,,Amateur,,,,,,,,,,,,,71,71,72,68,68,85,69,6,18,3,2,1,66.66666666666666,0,,,,,,,0,49,17,16,1,94.11764705882352,0,0,0,"{""matches"":17,""wins"":16,""losses"":1,""draws"":0,""winPercentage"":94.11764705882352,""eventsEntered"":0,""titles"":0,""finals"":0,""prizeMoney"":0,""points"":0}",,,,,,,,,,,,,,,,false,false,false,,104,42,15,0,0,0,0,0,10,5,0,0,0,27,11,estimated from season exits versus eligible schedule | 27 eligible events not entered,Amateur,normal,,,false,false,false,false,0,0,0,,0,false,,amateur,amateur,,,true,true,
2034/35,wp-dylan-yates,Dylan Yates,39,CHN,Amateur,Amateur,false,false,false,,0,0,,Amateur,,,,,,,,,,,,,72,72,73,70,69,90,81,0,18,0,0,0,,0,,,,,,,0,0,8,8,0,100,0,0,0,"{""matches"":8,""wins"":8,""losses"":0,""draws"":0,""winPercentage"":100,""eventsEntered"":0,""titles"":0,""finals"":0,""prizeMoney"":0,""points"":0}",,,,,,,,,,,,,,,,false,false,false,,104,42,15,0,0,0,0,0,10,5,0,0,0,27,11,estimated from season exits versus eligible schedule | 27 eligible events not entered,Amateur,normal,,,false,false,false,false,0,0,0,,0,false,,amateur,amateur,,,true,true,
2034/35,wp-emil-barker,Emil Barker,39,ESP,Amateur,Amateur,false,false,false,,0,0,,Amateur,,,,,,,,,,,,,72,72,73,70,69,90,81,0,18,0,0,0,,0,,,,,,,0,0,8,8,0,100,0,0,0,"{""matches"":8,""wins"":8,""losses"":0,""draws"":0,""winPercentage"":100,""eventsEntered"":0,""titles"":0,""finals"":0,""prizeMoney"":0,""points"":0}",,,,,,,,,,,,,,,,false,false,false,,104,42,15,0,0,0,0,0,10,5,0,0,0,27,11,estimated from season exits versus eligible schedule | 27 eligible events not entered,Amateur,normal,,,false,false,false,false,0,0,0,,0,false,,amateur,amateur,,,true,true,
2034/35,wp-emil-caldwell,Emil Caldwell,63,WAL,Veteran,Senior Tour / Legend Circuit,false,false,false,,0,0,,Amateur,,,,,,,,,,1,,,71,71,67,67,55,73,52,53,24,5,4,1,80,1,,,,,,,0,251,54,47,7,87.03703703703704,3,0,0,"{""matches"":54,""wins"":47,""losses"":7,""draws"":0,""winPercentage"":87.03703703703704,""eventsEntered"":0,""titles"":3,""finals"":0,""prizeMoney"":0,""points"":0}",,,,,,,,,,,,,,,,false,false,false,,104,14,11,0,0,0,0,0,0,0,0,0,11,3,0,estimated from season exits versus eligible schedule | 3 eligible events not entered,Senior/Legend,normal,,,false,false,false,false,0,0,0,,1,false,,amateur,senior,,,true,true,
2034/35,wp-emil-drayton,Emil Drayton,31,GER,Amateur,Amateur,false,false,false,,0,0,,Amateur,,,,,,,,,,,,,72,72,74,70,72,90,82,0,18,0,0,0,,0,,,,,,,0,0,8,8,0,100,0,0,0,"{""matches"":8,""wins"":8,""losses"":0,""draws"":0,""winPercentage"":100,""eventsEntered"":0,""titles"":0,""finals"":0,""prizeMoney"":0,""points"":0}",,,,,,,,,,,,,,,,false,false,false,,104,42,15,0,0,0,0,0,10,5,0,0,0,27,11,estimated from season exits versus eligible schedule | 27 eligible events not entered,Amateur,normal,,,false,false,false,false,0,0,0,,0,false,,amateur,amateur,,,true,true,
2034/35,wp-emil-easton,Emil Easton,36,THA,Amateur,Amateur,false,false,false,,0,0,,Amateur,,,,,,,,,,,,,72,72,74,70,70,90,82,0,18,0,0,0,,0,,,,,,,0,0,10,10,0,100,0,0,0,"{""matches"":10,""wins"":10,""losses"":0,""draws"":0,""winPercentage"":100,""eventsEntered"":0,""titles"":0,""finals"":0,""prizeMoney"":0,""points"":0}",,,,,,,,,,,,,,,,false,false,false,,104,42,15,0,0,0,0,0,10,5,0,0,0,27,11,estimated from season exits versus eligible schedule | 27 eligible events not entered,Amateur,normal,,,false,false,false,false,0,0,0,,0,false,,amateur,amateur,,,true,true,
2034/35,wp-emil-forster,Emil Forster,39,CAN,Amateur,Amateur,false,false,false,,0,0,,Amateur,,,,,,,,,,,,,72,72,73,70,69,90,81,0,18,0,0,0,,0,,,,,,,0,0,12,12,0,100,0,0,0,"{""matches"":12,""wins"":12,""losses"":0,""draws"":0,""winPercentage"":100,""eventsEntered"":0,""titles"":0,""finals"":0,""prizeMoney"":0,""points"":0}",,,,,,,,,,,,,,,,false,false,false,,104,42,15,0,0,0,0,0,10,5,0,0,0,27,11,estimated from season exits versus eligible schedule | 27 eligible events not entered,Amateur,normal,,,false,false,false,false,0,0,0,,0,false,,amateur,amateur,,,true,true,
2034/35,wp-emil-grimaldi,Emil Grimaldi,33,SWE,Amateur,Amateur,false,false,false,,0,0,,Amateur,,,,,,,,,,,,,72,72,74,70,71,90,82,0,18,0,0,0,,0,,,,,,,0,0,12,12,0,100,0,0,0,"{""matches"":12,""wins"":12,""losses"":0,""draws"":0,""winPercentage"":100,""eventsEntered"":0,""titles"":0,""finals"":0,""prizeMoney"":0,""points"":0}",,,,,,,,,,,,,,,,false,false,false,,104,42,15,0,0,0,0,0,10,5,0,0,0,27,11,estimated from season exits versus eligible schedule | 27 eligible events not entered,Amateur,normal,,,false,false,false,false,0,0,0,,0,false,,amateur,amateur,,,true,true,
2034/35,wp-emil-iqbal,Emil Iqbal,33,ESP,Amateur,Amateur,false,false,false,,0,0,,Amateur,,,,,,,,,,,,,74,75,76,73,73,92,82,0,23,0,0,0,,0,,,,,,,0,0,12,12,0,100,0,0,207818,"{""matches"":12,""wins"":12,""losses"":0,""draws"":0,""winPercentage"":100,""eventsEntered"":0,""titles"":0,""finals"":0,""prizeMoney"":207818,""points"":0}",,,,,,,,,,,,,,108,,false,false,false,,104,42,15,0,0,0,0,0,10,5,0,0,0,27,11,estimated from season exits versus eligible schedule | 27 eligible events not entered,Amateur,normal,,,false,false,false,false,0,0,0,,0,false,,amateur,amateur,,,true,true,
2034/35,wp-emil-mendoza,Emil Mendoza,34,JPN,Amateur,Amateur,false,false,false,,0,0,,Amateur,,,,,,,,,,,,,73,76,75,72,72,89,71,0,32,0,0,0,,0,,,,,,,0,0,56,40,16,71.42857142857143,0,0,571188,"{""matches"":56,""wins"":40,""losses"":16,""draws"":0,""winPercentage"":71.42857142857143,""eventsEntered"":0,""titles"":0,""finals"":0,""prizeMoney"":571188,""points"":0}",,,,,,,,,,,,,,70,,false,false,false,,104,42,15,0,0,0,0,0,10,5,0,0,0,27,11,estimated from season exits versus eligible schedule | 27 eligible events not entered,Amateur,normal,,,false,false,false,false,0,0,0,,0,false,,amateur,amateur,,,true,true,
2034/35,wp-euan-ashford,Euan Ashford,31,ITA,Amateur,Amateur,false,false,false,,0,0,,Amateur,,,,,,,,,,,,,72,72,74,70,72,90,82,0,18,0,0,0,,0,,,,,,,0,0,14,14,0,100,0,0,0,"{""matches"":14,""wins"":14,""losses"":0,""draws"":0,""winPercentage"":100,""eventsEntered"":0,""titles"":0,""finals"":0,""prizeMoney"":0,""points"":0}",,,,,,,,,,,,,,,,false,false,false,,104,42,15,0,0,0,0,0,10,5,0,0,0,27,11,estimated from season exits versus eligible schedule | 27 eligible events not entered,Amateur,normal,,,false,false,false,false,0,0,0,,0,false,,amateur,amateur,,,true,true,
2034/35,wp-euan-barker,Euan Barker,33,SCO,Amateur,Amateur,false,false,false,,0,0,,Amateur,,,,,,,,,,,,,72,72,74,70,71,90,82,0,18,0,0,0,,0,,,,,,,0,0,10,10,0,100,0,0,0,"{""matches"":10,""wins"":10,""losses"":0,""draws"":0,""winPercentage"":100,""eventsEntered"":0,""titles"":0,""finals"":0,""prizeMoney"":0,""points"":0}",,,,,,,,,,,,,,,,false,false,false,,104,42,15,0,0,0,0,0,10,5,0,0,0,27,11,estimated from season exits versus eligible schedule | 27 eligible events not entered,Amateur,normal,,,false,false,false,false,0,0,0,,0,false,,amateur,amateur,,,true,true,
2034/35,wp-euan-davenport,Euan Davenport,33,IRL,Amateur,Amateur,false,false,false,,0,0,,Amateur,,,,,,,,,,,,,79,82,81,80,78,97,82,0,32,0,0,0,,0,,,,,,,0,0,12,12,0,100,0,0,423942,"{""matches"":12,""wins"":12,""losses"":0,""draws"":0,""winPercentage"":100,""eventsEntered"":0,""titles"":0,""finals"":0,""prizeMoney"":423942,""points"":0}",,,,,,,,,,,,,,66,,false,false,false,,104,42,15,0,0,0,0,0,10,5,0,0,0,27,11,estimated from season exits versus eligible schedule | 27 eligible events not entered,Amateur,normal,,,false,false,false,false,0,0,0,,0,false,,amateur,amateur,,,true,true,
2034/35,wp-euan-janssen,Euan Janssen,63,CHN,Veteran,Senior Tour / Legend Circuit,false,false,false,,0,0,,Amateur,,,,,,,,,,4,,,71,71,67,67,55,73,53,56,24,6,5,1,83.33333333333334,0,,,,,,,0,193,54,46,8,85.18518518518519,3,0,0,"{""matches"":54,""wins"":46,""losses"":8,""draws"":0,""winPercentage"":85.18518518518519,""eventsEntered"":0,""titles"":3,""finals"":0,""prizeMoney"":0,""points"":0}",,,,,,,,,,,,,,,,false,false,false,,104,14,11,0,0,0,0,0,0,0,0,0,11,3,0,estimated from season exits versus eligible schedule | 3 eligible events not entered,Senior/Legend,normal,,,false,false,false,false,0,0,0,,1,false,,amateur,senior,,,true,true,
2034/35,wp-euan-kovacs,Euan Kovacs,29,BRA,Amateur,Amateur,false,false,false,,0,0,,Amateur,,,,,,,,,,,,,62,62,64,59,62,76,64,0,18,0,0,0,,0,,,,,,,0,0,57,31,26,54.385964912280706,0,0,0,"{""matches"":57,""wins"":31,""losses"":26,""draws"":0,""winPercentage"":54.385964912280706,""eventsEntered"":0,""titles"":0,""finals"":0,""prizeMoney"":0,""points"":0}",,,,,,,,,,,,,,,,false,false,false,,104,42,15,0,0,0,0,0,10,5,0,0,0,27,11,estimated from season exits versus eligible schedule | 27 eligible events not entered,Amateur,normal,,,false,false,false,false,0,0,0,,0,false,,amateur,amateur,,,true,true,
2034/35,wp-euan-madsen,Euan Madsen,34,NOR,Amateur,Amateur,false,false,false,,0,0,,Amateur,,,,,,,,,,,,,74,75,76,73,73,92,82,0,22,0,0,0,,0,,,,,,,0,0,12,12,0,100,0,0,195800,"{""matches"":12,""wins"":12,""losses"":0,""draws"":0,""winPercentage"":100,""eventsEntered"":0,""titles"":0,""finals"":0,""prizeMoney"":195800,""points"":0}",,,,,,,,,,,,,,112,,false,false,false,,104,42,15,0,0,0,0,0,10,5,0,0,0,27,11,estimated from season exits versus eligible schedule | 27 eligible events not entered,Amateur,normal,,,false,false,false,false,0,0,0,,0,false,,amateur,amateur,,,true,true,
2034/35,wp-euan-petrov,Euan Petrov,40,AUS,Veteran,Amateur,false,false,false,,0,0,,Amateur,75,75,,75,,,,,,,75,,72,75,73,71,66,81,68,32,33,10,7,3,70,0,,,,,,,158984,988,111,79,32,71.17117117117117,0,0,900140,"{""matches"":111,""wins"":79,""losses"":32,""draws"":0,""winPercentage"":71.17117117117117,""eventsEntered"":0,""titles"":0,""finals"":0,""prizeMoney"":900140,""points"":0}",,,,,,,,,,,,,,73,,false,false,false,,104,44,15,0,0,0,0,0,10,5,0,0,0,29,11,estimated from season exits versus eligible schedule | 29 eligible events not entered,Amateur,normal,,,false,false,false,false,7,13,298890,,0,false,,amateur,amateur,,,true,true,
2034/35,wp-evan-mori-b,Evan Mori B,20,CHN,Amateur,Q School,false,false,false,,0,0,,Amateur,79,79,,79,,,18,14,14,,79,,71,79,73,70,69,83,73,21,28,9,7,2,77.77777777777779,0,,,,,,,157539,979,46,31,15,67.3913043478261,0,0,296578,"{""matches"":46,""wins"":31,""losses"":15,""draws"":0,""winPercentage"":67.3913043478261,""eventsEntered"":0,""titles"":0,""finals"":0,""prizeMoney"":296578,""points"":0}",,,,,,,,,,,,,,79,,false,false,false,,104,42,4,0,0,0,0,0,0,4,0,0,0,38,22,estimated from season exits versus eligible schedule | 38 eligible events not entered,Q School,normal,,,false,false,false,false,7,13,296578,,0,false,,qSchool,qSchool,,,true,true,
2034/35,wp-evan-mori-c,Evan Mori C,20,CHN,Amateur,Q School,false,false,false,,0,0,,Amateur,80,80,,80,,,8,8,8,,80,,73,88,75,72,71,85,73,21,28,9,7,2,77.77777777777779,0,,,,,,,157250,978,39,27,12,69.23076923076923,0,0,296000,"{""matches"":39,""wins"":27,""losses"":12,""draws"":0,""winPercentage"":69.23076923076923,""eventsEntered"":0,""titles"":0,""finals"":0,""prizeMoney"":296000,""points"":0}",,,,,,,,,,,,,,80,,false,false,false,,104,42,4,0,0,0,0,0,0,4,0,0,0,38,22,estimated from season exits versus eligible schedule | 38 eligible events not entered,Q School,normal,,,false,false,false,false,7,13,296000,,0,false,,qSchool,qSchool,,,true,true,
2034/35,wp-evan-mori-e,Evan Mori E,17,CHN,Youth,Amateur,false,false,false,,0,0,,Amateur,,,,,,,,,,,,,67,86,69,65,65,79,73,21,18,9,7,2,77.77777777777779,0,,,,,,,0,158,23,16,7,69.56521739130434,0,0,0,"{""matches"":23,""wins"":16,""losses"":7,""draws"":0,""winPercentage"":69.56521739130434,""eventsEntered"":0,""titles"":0,""finals"":0,""prizeMoney"":0,""points"":0}",,,,,,,,,,,,,,,,false,false,false,,104,61,10,0,0,0,0,0,5,5,0,0,0,51,16,estimated from season exits versus eligible schedule | 51 eligible events not entered,Youth,normal,,,false,false,false,false,0,0,0,,0,false,,youth,youth,,,true,true,
2034/35,wp-evan-mori-f,Evan Mori F,14,AUS,Youth,Amateur,false,false,false,,0,0,,Amateur,,,,,,,,,,,,,50,72,52,44,50,59,42,0,18,,,,,,,,,,,,,,0,0,0,0,0,0,0,"{""matches"":0,""wins"":0,""losses"":0,""draws"":0,""winPercentage"":0,""eventsEntered"":0,""titles"":0,""finals"":0,""prizeMoney"":0,""points"":0}",,,,,,,,,,,,,,,,,false,false,,104,61,10,0,0,0,0,0,5,5,0,0,0,51,16,estimated from season exits versus eligible schedule | 51 eligible events not entered,Youth,normal,,,false,false,false,false,0,0,0,,0,false,,youth,youth,,,true,true,
2034/35,wp-finn-cross-a,Finn Cross A,22,SCO,Amateur,Q School,false,false,false,,0,0,,Amateur,82,82,,82,,,30,,26,,82,,72,79,74,71,70,84,70,21,30,9,6,3,66.66666666666666,0,,,,,,,138172,859,84,62,22,73.80952380952381,1,0,295133,"{""matches"":84,""wins"":62,""losses"":22,""draws"":0,""winPercentage"":73.80952380952381,""eventsEntered"":0,""titles"":1,""finals"":0,""prizeMoney"":295133,""points"":0}",,,,,,,,,,,,,,82,,false,false,false,,104,42,4,0,0,0,0,0,0,4,0,0,0,38,22,estimated from season exits versus eligible schedule | 38 eligible events not entered,Q School,normal,,,false,false,false,false,6,13,295133,,0,false,,qTour,qSchool,,,true,true,
2034/35,wp-finn-cross-e,Finn Cross E,16,SCO,Youth,Amateur,false,false,false,,0,0,,Amateur,,,,,,,,,,,,,70,93,72,67,69,83,72,18,18,8,6,2,75,0,,,,,,,0,141,16,12,4,75,0,0,0,"{""matches"":16,""wins"":12,""losses"":4,""draws"":0,""winPercentage"":75,""eventsEntered"":0,""titles"":0,""finals"":0,""prizeMoney"":0,""points"":0}",,,,,,,,,,,,,,,,false,false,false,,104,61,10,0,0,0,0,0,5,5,0,0,0,51,16,estimated from season exits versus eligible schedule | 51 eligible events not entered,Youth,normal,,,false,false,false,false,0,0,0,,0,false,,youth,youth,,,true,true,
2034/35,wp-finn-cross-f,Finn Cross F,16,SCO,Youth,Amateur,false,false,false,,0,0,,Amateur,,,,,,,,,,,,,64,72,66,61,62,75,67,19,18,8,5,3,62.5,0,,,,,,,0,109,8,5,3,62.5,0,0,0,"{""matches"":8,""wins"":5,""losses"":3,""draws"":0,""winPercentage"":62.5,""eventsEntered"":0,""titles"":0,""finals"":0,""prizeMoney"":0,""points"":0}",,,,,,,,,,,,,,,,false,false,false,,104,61,10,0,0,0,0,0,5,5,0,0,0,51,16,estimated from season exits versus eligible schedule | 51 eligible events not entered,Youth,normal,,,false,false,false,false,0,0,0,,0,false,,youth,youth,,,true,true,
2034/35,wp-fraser-caldwell,Fraser Caldwell,34,IRL,Amateur,Amateur,false,false,false,,0,0,,Amateur,,,,,,,,,,,,,72,72,74,70,71,90,82,0,18,0,0,0,,0,,,,,,,0,0,8,8,0,100,0,0,0,"{""matches"":8,""wins"":8,""losses"":0,""draws"":0,""winPercentage"":100,""eventsEntered"":0,""titles"":0,""finals"":0,""prizeMoney"":0,""points"":0}",,,,,,,,,,,,,,,,false,false,false,,104,42,15,0,0,0,0,0,10,5,0,0,0,27,11,estimated from season exits versus eligible schedule | 27 eligible events not entered,Amateur,normal,,,false,false,false,false,0,0,0,,0,false,,amateur,amateur,,,true,true,
2034/35,wp-fraser-easton,Fraser Easton,63,CHN,Veteran,Senior Tour / Legend Circuit,false,false,false,,0,0,,Amateur,,,,,,,,,,2,,,69,69,65,65,53,70,51,56,20,6,5,1,83.33333333333334,0,,,,,,,0,194,53,45,8,84.90566037735849,1,0,0,"{""matches"":53,""wins"":45,""losses"":8,""draws"":0,""winPercentage"":84.90566037735849,""eventsEntered"":0,""titles"":1,""finals"":0,""prizeMoney"":0,""points"":0}",,,,,,,,,,,,,,,,false,false,false,,104,14,11,0,0,0,0,0,0,0,0,0,11,3,0,estimated from season exits versus eligible schedule | 3 eligible events not entered,Senior/Legend,normal,,,false,false,false,false,0,0,0,,0,false,,amateur,senior,,,true,true,
2034/35,wp-fraser-forster,Fraser Forster,25,BRA,Amateur,Amateur,false,false,false,,0,0,,Amateur,84,84,,84,,,39,,,,84,,71,76,73,70,69,82,67,19,30,8,5,3,62.5,0,,,,,,,119094,740,101,71,30,70.29702970297029,0,0,591133,"{""matches"":101,""wins"":71,""losses"":30,""draws"":0,""winPercentage"":70.29702970297029,""eventsEntered"":0,""titles"":0,""finals"":0,""prizeMoney"":591133,""points"":0}",,,,,,,,,,,,,,80,,false,false,false,,104,42,15,0,0,0,0,0,10,5,0,0,0,27,11,estimated from season exits versus eligible schedule | 27 eligible events not entered,Amateur,normal,,,false,false,false,false,5,11,257266,,0,false,,qTour,amateur,,,true,true,
2034/35,wp-fraser-harrington,Fraser Harrington,24,SCO,Amateur,Amateur,false,false,false,,0,0,,Amateur,,,,,,,37,,,,,,73,78,75,72,70,80,64,40,33,15,8,7,53.333333333333336,0,,,,,,,0,296,109,80,29,73.39449541284404,1,0,650101,"{""matches"":109,""wins"":80,""losses"":29,""draws"":0,""winPercentage"":73.39449541284404,""eventsEntered"":0,""titles"":1,""finals"":0,""prizeMoney"":650101,""points"":0}",,,,,,,,,,,,,,75,,false,false,false,,104,42,15,0,0,0,0,0,10,5,0,0,0,27,11,estimated from season exits versus eligible schedule | 27 eligible events not entered,Amateur,normal,,,false,false,false,false,0,7,156383,,0,false,,qTour,amateur,,,true,true,
2034/35,wp-fraser-verma,Fraser Verma,33,FRA,Amateur,Amateur,false,false,false,,0,0,,Amateur,,,,,,,,,,,,,76,78,78,76,75,94,82,0,26,0,0,0,,0,,,,,,,0,0,12,12,0,100,0,0,287364,"{""matches"":12,""wins"":12,""losses"":0,""draws"":0,""winPercentage"":100,""eventsEntered"":0,""titles"":0,""finals"":0,""prizeMoney"":287364,""points"":0}",,,,,,,,,,,,,,91,,false,false,false,,104,42,15,0,0,0,0,0,10,5,0,0,0,27,11,estimated from season exits versus eligible schedule | 27 eligible events not entered,Amateur,normal,,,false,false,false,false,0,0,0,,0,false,,amateur,amateur,,,true,true,
2034/35,wp-freddie-ashford,Freddie Ashford,31,ESP,Amateur,Amateur,false,false,false,,0,0,,Amateur,,,,,,,,,,,,,72,72,74,70,72,90,82,0,18,0,0,0,,0,,,,,,,0,0,12,12,0,100,0,0,0,"{""matches"":12,""wins"":12,""losses"":0,""draws"":0,""winPercentage"":100,""eventsEntered"":0,""titles"":0,""finals"":0,""prizeMoney"":0,""points"":0}",,,,,,,,,,,,,,,,false,false,false,,104,42,15,0,0,0,0,0,10,5,0,0,0,27,11,estimated from season exits versus eligible schedule | 27 eligible events not entered,Amateur,normal,,,false,false,false,false,0,0,0,,0,false,,amateur,amateur,,,true,true,
2034/35,wp-freddie-barker,Freddie Barker,35,SWE,Amateur,Amateur,false,false,false,,0,0,,Amateur,,,,,,,,,,,,,76,78,78,75,74,94,82,0,25,0,0,0,,0,,,,,,,0,0,12,12,0,100,0,0,283620,"{""matches"":12,""wins"":12,""losses"":0,""draws"":0,""winPercentage"":100,""eventsEntered"":0,""titles"":0,""finals"":0,""prizeMoney"":283620,""points"":0}",,,,,,,,,,,,,,97,,false,false,false,,104,42,15,0,0,0,0,0,10,5,0,0,0,27,11,estimated from season exits versus eligible schedule | 27 eligible events not entered,Amateur,normal,,,false,false,false,false,0,0,0,,0,false,,amateur,amateur,,,true,true,
2034/35,wp-freddie-caldwell,Freddie Caldwell,30,GER,Amateur,Amateur,false,false,false,,0,0,,Amateur,,,,,,,,,,,,,72,72,74,70,72,90,82,0,18,0,0,0,,0,,,,,,,0,0,10,10,0,100,0,0,0,"{""matches"":10,""wins"":10,""losses"":0,""draws"":0,""winPercentage"":100,""eventsEntered"":0,""titles"":0,""finals"":0,""prizeMoney"":0,""points"":0}",,,,,,,,,,,,,,,,false,false,false,,104,42,15,0,0,0,0,0,10,5,0,0,0,27,11,estimated from season exits versus eligible schedule | 27 eligible events not entered,Amateur,normal,,,false,false,false,false,0,0,0,,0,false,,amateur,amateur,,,true,true,
2034/35,wp-freddie-easton,Freddie Easton,36,CAN,Amateur,Amateur,false,false,false,,0,0,,Amateur,,,,,,,,,,,,,72,72,74,70,70,90,82,0,18,0,0,0,,0,,,,,,,0,0,12,12,0,100,0,0,0,"{""matches"":12,""wins"":12,""losses"":0,""draws"":0,""winPercentage"":100,""eventsEntered"":0,""titles"":0,""finals"":0,""prizeMoney"":0,""points"":0}",,,,,,,,,,,,,,,,false,false,false,,104,42,15,0,0,0,0,0,10,5,0,0,0,27,11,estimated from season exits versus eligible schedule | 27 eligible events not entered,Amateur,normal,,,false,false,false,false,0,0,0,,0,false,,amateur,amateur,,,true,true,
2034/35,wp-freddie-langford,Freddie Langford,31,ESP,Amateur,Amateur,false,false,false,,0,0,,Amateur,,,,,,,,,,,,,72,72,74,70,72,90,82,0,18,0,0,0,,0,,,,,,,0,0,12,12,0,100,0,0,0,"{""matches"":12,""wins"":12,""losses"":0,""draws"":0,""winPercentage"":100,""eventsEntered"":0,""titles"":0,""finals"":0,""prizeMoney"":0,""points"":0}",,,,,,,,,,,,,,,,false,false,false,,104,42,15,0,0,0,0,0,10,5,0,0,0,27,11,estimated from season exits versus eligible schedule | 27 eligible events not entered,Amateur,normal,,,false,false,false,false,0,0,0,,0,false,,amateur,amateur,,,true,true,
2034/35,wp-freddie-petrov,Freddie Petrov,51,THA,Veteran,Amateur,false,false,false,,0,0,,Amateur,,,,,,,,,,,,,71,74,70,69,62,80,55,20,30,0,0,0,,0,,,,,,,0,0,35,23,12,65.71428571428571,0,0,263915,"{""matches"":35,""wins"":23,""losses"":12,""draws"":0,""winPercentage"":65.71428571428571,""eventsEntered"":0,""titles"":0,""finals"":0,""prizeMoney"":263915,""points"":0}",,,,,,,,,,,,,,72,,false,false,false,,104,44,15,0,0,0,0,0,10,5,0,0,0,29,11,estimated from season exits versus eligible schedule | 29 eligible events not entered,Amateur,normal,,,false,false,false,false,0,0,0,,0,false,,amateur,amateur,,,true,true,
2034/35,wp-freddie-rahman,Freddie Rahman,33,CAN,Amateur,Amateur,false,false,false,,0,0,,Amateur,87,87,,87,,,,,,,87,,72,75,74,71,69,82,64,22,34,9,5,4,55.55555555555556,0,,,,,,,117938,733,85,58,27,68.23529411764706,0,0,1072134,"{""matches"":85,""wins"":58,""losses"":27,""draws"":0,""winPercentage"":68.23529411764706,""eventsEntered"":0,""titles"":0,""finals"":0,""prizeMoney"":1072134,""points"":0}",,,,,,,,,,,,,,73,,false,false,false,,104,42,15,0,0,0,0,0,10,5,0,0,0,27,11,estimated from season exits versus eligible schedule | 27 eligible events not entered,Amateur,normal,,,false,false,false,false,5,11,254665,,0,false,,amateur,amateur,,,true,true,
2034/35,wp-freddie-sorensen,Freddie Sorensen,55,SWE,Veteran,Senior Tour / Legend Circuit,false,false,false,,0,0,,Amateur,,,,,,,,,,21,,,67,67,65,62,55,71,52,44,18,6,4,2,66.66666666666666,0,,,,,,,0,151,64,48,16,75,0,0,0,"{""matches"":64,""wins"":48,""losses"":16,""draws"":0,""winPercentage"":75,""eventsEntered"":0,""titles"":0,""finals"":0,""prizeMoney"":0,""points"":0}",,,,,,,,,,,,,,,,false,false,false,,104,14,11,0,0,0,0,0,0,0,0,0,11,3,0,estimated from season exits versus eligible schedule | 3 eligible events not entered,Senior/Legend,normal,,,false,false,false,false,0,0,0,,0,false,,amateur,senior,,,true,true,
2034/35,wp-freddie-whitaker,Freddie Whitaker,39,IND,Amateur,Amateur,false,false,false,,0,0,,Amateur,88,88,,88,,,,,,,88,,71,74,72,70,66,80,63,28,34,9,5,4,55.55555555555556,0,,,,,,,117359,730,83,56,27,67.46987951807229,0,0,1104507,"{""matches"":83,""wins"":56,""losses"":27,""draws"":0,""winPercentage"":67.46987951807229,""eventsEntered"":0,""titles"":0,""finals"":0,""prizeMoney"":1104507,""points"":0}",,,,,,,,,,,,,,74,,false,false,false,,104,42,15,0,0,0,0,0,10,5,0,0,0,27,11,estimated from season exits versus eligible schedule | 27 eligible events not entered,Amateur,normal,,,false,false,false,false,5,10,235007,,0,false,,amateur,amateur,,,true,true,
2034/35,wp-freddie-yates,Freddie Yates,30,JPN,Amateur,Amateur,false,false,false,,0,0,,Amateur,,,,,,,,,,,,,72,72,74,70,72,90,82,0,18,0,0,0,,0,,,,,,,0,0,8,8,0,100,0,0,0,"{""matches"":8,""wins"":8,""losses"":0,""draws"":0,""winPercentage"":100,""eventsEntered"":0,""titles"":0,""finals"":0,""prizeMoney"":0,""points"":0}",,,,,,,,,,,,,,,,false,false,false,,104,42,15,0,0,0,0,0,10,5,0,0,0,27,11,estimated from season exits versus eligible schedule | 27 eligible events not entered,Amateur,normal,,,false,false,false,false,0,0,0,,0,false,,amateur,amateur,,,true,true,
2034/35,wp-gareth-iqbal,Gareth Iqbal,25,GER,Amateur,Amateur,false,false,false,,0,0,,Amateur,89,89,,89,,,40,,,,89,,72,77,74,71,70,83,69,21,29,9,6,3,66.66666666666666,0,,,,,,,135281,841,111,81,30,72.97297297297297,0,0,509906,"{""matches"":111,""wins"":81,""losses"":30,""draws"":0,""winPercentage"":72.97297297297297,""eventsEntered"":0,""titles"":0,""finals"":0,""prizeMoney"":509906,""points"":0}",,,,,,,,,,,,,,80,,false,false,false,,104,42,15,0,0,0,0,0,10,5,0,0,0,27,11,estimated from season exits versus eligible schedule | 27 eligible events not entered,Amateur,normal,,,false,false,false,false,6,11,252351,,0,false,,qTour,amateur,,,true,true,
2034/35,wp-gareth-iversen,Gareth Iversen,30,ENG,Amateur,Amateur,false,false,false,,0,0,,Amateur,,,,,,,,,,,,,78,81,80,78,78,96,82,0,29,0,0,0,,0,,,,,,,0,0,12,12,0,100,0,0,392116,"{""matches"":12,""wins"":12,""losses"":0,""draws"":0,""winPercentage"":100,""eventsEntered"":0,""titles"":0,""finals"":0,""prizeMoney"":392116,""points"":0}",,,,,,,,,,,,,,77,,false,false,false,,104,42,15,0,0,0,0,0,10,5,0,0,0,27,11,estimated from season exits versus eligible schedule | 27 eligible events not entered,Amateur,normal,,,false,false,false,false,0,0,0,,0,false,,amateur,amateur,,,true,true,
2034/35,wp-gareth-otero,Gareth Otero,35,NIR,Amateur,Amateur,false,false,false,,0,0,,Amateur,,,,,,,,,,,,,73,76,75,72,71,89,72,0,31,0,0,0,,0,,,,,,,0,0,50,37,13,74,0,0,536500,"{""matches"":50,""wins"":37,""losses"":13,""draws"":0,""winPercentage"":74,""eventsEntered"":0,""titles"":0,""finals"":0,""prizeMoney"":536500,""points"":0}",,,,,,,,,,,,,,75,,false,false,false,,104,42,15,0,0,0,0,0,10,5,0,0,0,27,11,estimated from season exits versus eligible schedule | 27 eligible events not entered,Amateur,normal,,,false,false,false,false,0,0,0,,0,false,,amateur,amateur,,,true,true,
2034/35,wp-gareth-rossi,Gareth Rossi,40,CAN,Veteran,Amateur,false,false,false,,0,0,,Amateur,,,,,,,,,,,,,73,74,74,72,69,90,80,1,21,0,0,0,,0,,,,,,,0,0,12,12,0,100,0,0,153912,"{""matches"":12,""wins"":12,""losses"":0,""draws"":0,""winPercentage"":100,""eventsEntered"":0,""titles"":0,""finals"":0,""prizeMoney"":153912,""points"":0}",,,,,,,,,,,,,,118,,false,false,false,,104,44,15,0,0,0,0,0,10,5,0,0,0,29,11,estimated from season exits versus eligible schedule | 29 eligible events not entered,Amateur,normal,,,false,false,false,false,0,0,0,,0,false,,amateur,amateur,,,true,true,
2034/35,wp-gareth-urban,Gareth Urban,28,WAL,Amateur,Amateur,false,false,false,,0,0,,Amateur,90,90,,90,,,64,,,,90,,70,73,72,69,68,80,64,22,32,9,5,4,55.55555555555556,0,,,,,,,116492,724,104,65,39,62.5,0,0,750117,"{""matches"":104,""wins"":65,""losses"":39,""draws"":0,""winPercentage"":62.5,""eventsEntered"":0,""titles"":0,""finals"":0,""prizeMoney"":750117,""points"":0}",,,,,,,,,,,,,,76,,false,false,false,,104,42,15,0,0,0,0,0,10,5,0,0,0,27,11,estimated from season exits versus eligible schedule | 27 eligible events not entered,Amateur,normal,,,false,false,false,false,5,9,214773,,0,false,,qTour,amateur,,,true,true,
2034/35,wp-gareth-verma,Gareth Verma,37,GER,Amateur,Amateur,false,false,false,,0,0,,Amateur,,,,,,,,,,,,,72,72,73,70,70,90,82,0,18,0,0,0,,0,,,,,,,0,0,14,14,0,100,0,0,0,"{""matches"":14,""wins"":14,""losses"":0,""draws"":0,""winPercentage"":100,""eventsEntered"":0,""titles"":0,""finals"":0,""prizeMoney"":0,""points"":0}",,,,,,,,,,,,,,,,false,false,false,,104,42,15,0,0,0,0,0,10,5,0,0,0,27,11,estimated from season exits versus eligible schedule | 27 eligible events not entered,Amateur,normal,,,false,false,false,false,0,0,0,,0,false,,amateur,amateur,,,true,true,
2034/35,wp-gareth-whitaker,Gareth Whitaker,39,THA,Amateur,Amateur,false,false,false,,0,0,,Amateur,,,,,,,,,,,,,72,72,73,70,69,90,81,0,18,0,0,0,,0,,,,,,,0,0,14,14,0,100,0,0,0,"{""matches"":14,""wins"":14,""losses"":0,""draws"":0,""winPercentage"":100,""eventsEntered"":0,""titles"":0,""finals"":0,""prizeMoney"":0,""points"":0}",,,,,,,,,,,,,,,,false,false,false,,104,42,15,0,0,0,0,0,10,5,0,0,0,27,11,estimated from season exits versus eligible schedule | 27 eligible events not entered,Amateur,normal,,,false,false,false,false,0,0,0,,0,false,,amateur,amateur,,,true,true,
2034/35,wp-gareth-yates,Gareth Yates,55,CAN,Veteran,Senior Tour / Legend Circuit,false,false,false,,0,0,,Amateur,,,,,,,,,,10,,,73,73,71,73,62,84,73,27,34,1,1,0,100,1,,,,,,,0,16,52,42,10,80.76923076923077,8,0,0,"{""matches"":52,""wins"":42,""losses"":10,""draws"":0,""winPercentage"":80.76923076923077,""eventsEntered"":0,""titles"":8,""finals"":0,""prizeMoney"":0,""points"":0}",,,,,,,,,,,,,,,,false,false,false,,104,14,11,0,0,0,0,0,0,0,0,0,11,3,0,estimated from season exits versus eligible schedule | 3 eligible events not entered,Senior/Legend,normal,,,false,false,false,false,0,0,0,,1,false,,amateur,senior,,,true,true,
2034/35,wp-gianni-ashford,Gianni Ashford,26,FRA,Amateur,Amateur,false,false,false,,0,0,,Amateur,91,91,,91,,,45,,,,91,,71,75,73,69,69,81,64,22,29,9,5,4,55.55555555555556,0,,,,,,,116203,722,120,84,36,70,0,0,544016,"{""matches"":120,""wins"":84,""losses"":36,""draws"":0,""winPercentage"":70,""eventsEntered"":0,""titles"":0,""finals"":0,""prizeMoney"":544016,""points"":0}",,,,,,,,,,,,,,83,,false,false,false,,104,42,15,0,0,0,0,0,10,5,0,0,0,27,11,estimated from season exits versus eligible schedule | 27 eligible events not entered,Amateur,normal,,,false,false,false,false,5,12,269695,,0,false,,qTour,amateur,,,true,true,
2034/35,wp-gianni-barker,Gianni Barker,26,IRL,Amateur,Q School,false,false,false,,0,0,,Amateur,92,92,,92,,,44,32,25,,92,,71,75,73,69,69,81,66,25,29,10,6,4,60,0,,,,,,,134414,836,122,85,37,69.67213114754098,0,0,542860,"{""matches"":122,""wins"":85,""losses"":37,""draws"":0,""winPercentage"":69.67213114754098,""eventsEntered"":0,""titles"":0,""finals"":0,""prizeMoney"":542860,""points"":0}",,,,,,,,,,,,,,84,,false,false,false,,104,42,4,0,0,0,0,0,0,4,0,0,0,38,22,estimated from season exits versus eligible schedule | 38 eligible events not entered,Q School,normal,,,false,false,false,false,6,12,269117,,0,false,,qTour,qSchool,,,true,true,
2034/35,wp-gianni-caldwell,Gianni Caldwell,35,NED,Amateur,Amateur,false,false,false,,0,0,,Amateur,,,,,,,,,,,,,72,72,74,70,70,90,82,0,18,0,0,0,,0,,,,,,,0,0,8,8,0,100,0,0,0,"{""matches"":8,""wins"":8,""losses"":0,""draws"":0,""winPercentage"":100,""eventsEntered"":0,""titles"":0,""finals"":0,""prizeMoney"":0,""points"":0}",,,,,,,,,,,,,,,,false,false,false,,104,42,15,0,0,0,0,0,10,5,0,0,0,27,11,estimated from season exits versus eligible schedule | 27 eligible events not entered,Amateur,normal,,,false,false,false,false,0,0,0,,0,false,,amateur,amateur,,,true,true,
2034/35,wp-gianni-drayton,Gianni Drayton,24,CHN,Amateur,Q School,false,false,false,,0,0,,Amateur,,,,,,,9,17,13,,,,72,77,74,71,70,83,71,24,29,10,7,3,70,0,,,,,,,0,339,121,88,33,72.72727272727273,1,0,254954,"{""matches"":121,""wins"":88,""losses"":33,""draws"":0,""winPercentage"":72.72727272727273,""eventsEntered"":0,""titles"":1,""finals"":0,""prizeMoney"":254954,""points"":0}",,,,,,,,,,,,,,86,,false,false,false,,104,42,4,0,0,0,0,0,0,4,0,0,0,38,22,estimated from season exits versus eligible schedule | 38 eligible events not entered,Q School,normal,,,false,false,false,false,0,0,0,,0,false,,qSchool,qSchool,,,true,true,
2034/35,wp-gianni-forster,Gianni Forster,58,ITA,Veteran,Senior Tour / Legend Circuit,false,false,false,,0,0,,Amateur,,,,,,,,,,16,,,69,69,66,67,57,78,65,32,24,1,1,0,100,1,,,,,,,0,13,30,23,7,76.66666666666667,3,0,0,"{""matches"":30,""wins"":23,""losses"":7,""draws"":0,""winPercentage"":76.66666666666667,""eventsEntered"":0,""titles"":3,""finals"":0,""prizeMoney"":0,""points"":0}",,,,,,,,,,,,,,,,false,false,false,,104,14,11,0,0,0,0,0,0,0,0,0,11,3,0,estimated from season exits versus eligible schedule | 3 eligible events not entered,Senior/Legend,normal,,,false,false,false,false,0,0,0,,1,false,,amateur,senior,,,true,true,
2034/35,wp-gianni-harrington,Gianni Harrington,59,BEL,Veteran,Amateur,false,false,false,,0,0,,Amateur,,,,,,,,,,,,,82,86,79,81,69,90,61,31,37,0,0,0,,0,,,,,,,0,0,12,12,0,100,0,0,624446,"{""matches"":12,""wins"":12,""losses"":0,""draws"":0,""winPercentage"":100,""eventsEntered"":0,""titles"":0,""finals"":0,""prizeMoney"":624446,""points"":0}",,,,,,,,,,,,,,43,,false,false,false,,104,44,15,0,0,0,0,0,10,5,0,0,0,29,11,estimated from season exits versus eligible schedule | 29 eligible events not entered,Amateur,normal,,,false,false,false,false,0,0,0,,0,false,,senior,amateur,,,true,true,
2034/35,wp-gianni-lombardi,Gianni Lombardi,37,NOR,Amateur,Amateur,false,false,false,,0,0,,Amateur,,,,,,,,,,,,,73,76,74,73,71,89,72,0,36,0,0,0,,0,,,,,,,0,0,81,57,24,70.37037037037037,2,0,805907,"{""matches"":81,""wins"":57,""losses"":24,""draws"":0,""winPercentage"":70.37037037037037,""eventsEntered"":0,""titles"":2,""finals"":0,""prizeMoney"":805907,""points"":0}",,,,,,,,,,,,,,77,,false,false,false,,104,42,15,0,0,0,0,0,10,5,0,0,0,27,11,estimated from season exits versus eligible schedule | 27 eligible events not entered,Amateur,normal,,,false,false,false,false,0,0,0,,0,false,,amateur,amateur,,,true,true,
2034/35,wp-gianni-nakamura,Gianni Nakamura,29,ITA,Amateur,Amateur,false,false,false,,0,0,,Amateur,,,,,,,,,,,,,68,70,70,66,68,82,64,0,28,0,0,0,,0,,,,,,,0,0,56,31,25,55.35714285714286,0,0,356276,"{""matches"":56,""wins"":31,""losses"":25,""draws"":0,""winPercentage"":55.35714285714286,""eventsEntered"":0,""titles"":0,""finals"":0,""prizeMoney"":356276,""points"":0}",,,,,,,,,,,,,,81,,false,false,false,,104,42,15,0,0,0,0,0,10,5,0,0,0,27,11,estimated from season exits versus eligible schedule | 27 eligible events not entered,Amateur,normal,,,false,false,false,false,0,0,0,,0,false,,amateur,amateur,,,true,true,
2034/35,wp-gianni-sorensen,Gianni Sorensen,53,ITA,Veteran,Amateur,false,false,false,,0,0,,Amateur,,,,,,,,,,,,,72,75,70,69,62,80,56,23,28,0,0,0,,0,,,,,,,0,0,30,22,8,73.33333333333333,0,0,240789,"{""matches"":30,""wins"":22,""losses"":8,""draws"":0,""winPercentage"":73.33333333333333,""eventsEntered"":0,""titles"":0,""finals"":0,""prizeMoney"":240789,""points"":0}",,,,,,,,,,,,,,78,,false,false,false,,104,44,15,0,0,0,0,0,10,5,0,0,0,29,11,estimated from season exits versus eligible schedule | 29 eligible events not entered,Amateur,normal,,,false,false,false,false,0,0,0,,0,false,,amateur,amateur,,,true,true,
2034/35,wp-gianni-tremblay,Gianni Tremblay,31,SCO,Amateur,Amateur,false,false,false,,0,0,,Amateur,,,,,,,,,,,,,72,72,74,70,72,90,82,0,18,0,0,0,,0,,,,,,,0,0,14,14,0,100,0,0,0,"{""matches"":14,""wins"":14,""losses"":0,""draws"":0,""winPercentage"":100,""eventsEntered"":0,""titles"":0,""finals"":0,""prizeMoney"":0,""points"":0}",,,,,,,,,,,,,,,,false,false,false,,104,42,15,0,0,0,0,0,10,5,0,0,0,27,11,estimated from season exits versus eligible schedule | 27 eligible events not entered,Amateur,normal,,,false,false,false,false,0,0,0,,0,false,,amateur,amateur,,,true,true,
2034/35,wp-gianni-vos,Gianni Vos,31,CHN,Amateur,Amateur,false,false,false,,0,0,,Amateur,,,,,,,,,,,,,72,72,74,71,72,90,82,0,19,0,0,0,,0,,,,,,,0,0,12,12,0,100,0,0,120640,"{""matches"":12,""wins"":12,""losses"":0,""draws"":0,""winPercentage"":100,""eventsEntered"":0,""titles"":0,""finals"":0,""prizeMoney"":120640,""points"":0}",,,,,,,,,,,,,,126,,false,false,false,,104,42,15,0,0,0,0,0,10,5,0,0,0,27,11,estimated from season exits versus eligible schedule | 27 eligible events not entered,Amateur,normal,,,false,false,false,false,0,0,0,,0,false,,amateur,amateur,,,true,true,
2034/35,wp-hamza-ashford,Hamza Ashford,27,ITA,Amateur,Amateur,false,false,false,,0,0,,Amateur,,,,,,,60,,,,,,70,73,72,67,68,78,56,23,29,9,3,6,33.33333333333333,0,,,,,,,0,135,104,68,36,65.38461538461539,1,0,272296,"{""matches"":104,""wins"":68,""losses"":36,""draws"":0,""winPercentage"":65.38461538461539,""eventsEntered"":0,""titles"":1,""finals"":0,""prizeMoney"":272296,""points"":0}",,,,,,,,,,,,,,88,,false,false,false,,104,42,15,0,0,0,0,0,10,5,0,0,0,27,11,estimated from season exits versus eligible schedule | 27 eligible events not entered,Amateur,normal,,,false,false,false,false,0,0,0,,0,false,,qTour,amateur,,,true,true,
2034/35,wp-hamza-grimaldi,Hamza Grimaldi,53,BRA,Veteran,Amateur,false,false,false,,0,0,,Amateur,,,,,,,,,,,,,75,76,73,73,65,86,67,22,24,0,0,0,,0,,,,,,,0,0,12,12,0,100,0,0,230172,"{""matches"":12,""wins"":12,""losses"":0,""draws"":0,""winPercentage"":100,""eventsEntered"":0,""titles"":0,""finals"":0,""prizeMoney"":230172,""points"":0}",,,,,,,,,,,,,,101,,false,false,false,,104,44,15,0,0,0,0,0,10,5,0,0,0,29,11,estimated from season exits versus eligible schedule | 29 eligible events not entered,Amateur,normal,,,false,false,false,false,0,0,0,,0,false,,amateur,amateur,,,true,true,
2034/35,wp-hamza-janssen,Hamza Janssen,34,CHN,Amateur,Amateur,false,false,false,,0,0,,Amateur,,,,,,,,,,,,,72,72,74,70,71,90,82,0,18,0,0,0,,0,,,,,,,0,0,12,12,0,100,0,0,0,"{""matches"":12,""wins"":12,""losses"":0,""draws"":0,""winPercentage"":100,""eventsEntered"":0,""titles"":0,""finals"":0,""prizeMoney"":0,""points"":0}",,,,,,,,,,,,,,,,false,false,false,,104,42,15,0,0,0,0,0,10,5,0,0,0,27,11,estimated from season exits versus eligible schedule | 27 eligible events not entered,Amateur,normal,,,false,false,false,false,0,0,0,,0,false,,amateur,amateur,,,true,true,
2034/35,wp-hamza-verma,Hamza Verma,31,NED,Amateur,Amateur,false,false,false,,0,0,,Amateur,,,,,,,,,,,,,71,73,73,70,71,87,71,0,27,0,0,0,,0,,,,,,,0,0,70,51,19,72.85714285714285,0,0,253508,"{""matches"":70,""wins"":51,""losses"":19,""draws"":0,""winPercentage"":72.85714285714285,""eventsEntered"":0,""titles"":0,""finals"":0,""prizeMoney"":253508,""points"":0}",,,,,,,,,,,,,,86,,false,false,false,,104,42,15,0,0,0,0,0,10,5,0,0,0,27,11,estimated from season exits versus eligible schedule | 27 eligible events not entered,Amateur,normal,,,false,false,false,false,0,0,0,,0,false,,amateur,amateur,,,true,true,
2034/35,wp-hamza-yates,Hamza Yates,30,BRA,Amateur,Amateur,false,false,false,,0,0,,Amateur,,,,,,,,,,,,,72,72,74,70,72,90,82,0,18,0,0,0,,0,,,,,,,0,0,14,14,0,100,0,0,0,"{""matches"":14,""wins"":14,""losses"":0,""draws"":0,""winPercentage"":100,""eventsEntered"":0,""titles"":0,""finals"":0,""prizeMoney"":0,""points"":0}",,,,,,,,,,,,,,,,false,false,false,,104,42,15,0,0,0,0,0,10,5,0,0,0,27,11,estimated from season exits versus eligible schedule | 27 eligible events not entered,Amateur,normal,,,false,false,false,false,0,0,0,,0,false,,amateur,amateur,,,true,true,
2034/35,wp-harris-barker,Harris Barker,39,NIR,Amateur,Amateur,false,false,false,,0,0,,Amateur,,,,,,,,,,,,,72,72,73,70,69,90,81,0,18,0,0,0,,0,,,,,,,0,0,12,12,0,100,0,0,0,"{""matches"":12,""wins"":12,""losses"":0,""draws"":0,""winPercentage"":100,""eventsEntered"":0,""titles"":0,""finals"":0,""prizeMoney"":0,""points"":0}",,,,,,,,,,,,,,,,false,false,false,,104,42,15,0,0,0,0,0,10,5,0,0,0,27,11,estimated from season exits versus eligible schedule | 27 eligible events not entered,Amateur,normal,,,false,false,false,false,0,0,0,,0,false,,amateur,amateur,,,true,true,
2034/35,wp-harris-drayton,Harris Drayton,33,IND,Amateur,Amateur,false,false,false,,0,0,,Amateur,,,,,,,,,,,,,72,72,74,70,71,90,82,0,18,0,0,0,,0,,,,,,,0,0,8,8,0,100,0,0,0,"{""matches"":8,""wins"":8,""losses"":0,""draws"":0,""winPercentage"":100,""eventsEntered"":0,""titles"":0,""finals"":0,""prizeMoney"":0,""points"":0}",,,,,,,,,,,,,,,,false,false,false,,104,42,15,0,0,0,0,0,10,5,0,0,0,27,11,estimated from season exits versus eligible schedule | 27 eligible events not entered,Amateur,normal,,,false,false,false,false,0,0,0,,0,false,,amateur,amateur,,,true,true,
2034/35,wp-harris-easton,Harris Easton,34,JPN,Amateur,Amateur,false,false,false,,0,0,,Amateur,,,,,,,,,,,,,64,64,66,61,63,79,67,0,18,0,0,0,,0,,,,,,,0,0,26,16,10,61.53846153846154,0,0,0,"{""matches"":26,""wins"":16,""losses"":10,""draws"":0,""winPercentage"":61.53846153846154,""eventsEntered"":0,""titles"":0,""finals"":0,""prizeMoney"":0,""points"":0}",,,,,,,,,,,,,,,,false,false,false,,104,42,15,0,0,0,0,0,10,5,0,0,0,27,11,estimated from season exits versus eligible schedule | 27 eligible events not entered,Amateur,normal,,,false,false,false,false,0,0,0,,0,false,,amateur,amateur,,,true,true,
2034/35,wp-harris-grimaldi,Harris Grimaldi,51,WAL,Veteran,Amateur,false,false,false,,0,0,,Amateur,,,,,,,,,,,,,72,72,71,69,63,84,69,18,18,0,0,0,,0,,,,,,,0,0,12,12,0,100,0,0,0,"{""matches"":12,""wins"":12,""losses"":0,""draws"":0,""winPercentage"":100,""eventsEntered"":0,""titles"":0,""finals"":0,""prizeMoney"":0,""points"":0}",,,,,,,,,,,,,,,,false,false,false,,104,44,15,0,0,0,0,0,10,5,0,0,0,29,11,estimated from season exits versus eligible schedule | 29 eligible events not entered,Amateur,normal,,,false,false,false,false,0,0,0,,0,false,,amateur,amateur,,,true,true,
2034/35,wp-harris-kovacs,Harris Kovacs,27,IND,Amateur,Amateur,false,false,false,,0,0,,Amateur,,,,,,,61,,,,,,69,72,71,66,67,78,57,19,28,8,3,5,37.5,0,,,,,,,0,134,98,64,34,65.3061224489796,0,0,463707,"{""matches"":98,""wins"":64,""losses"":34,""draws"":0,""winPercentage"":65.3061224489796,""eventsEntered"":0,""titles"":0,""finals"":0,""prizeMoney"":463707,""points"":0}",,,,,,,,,,,,,,87,,false,false,false,,104,42,15,0,0,0,0,0,10,5,0,0,0,27,11,estimated from season exits versus eligible schedule | 27 eligible events not entered,Amateur,normal,,,false,false,false,false,0,0,0,,0,false,,qTour,amateur,,,true,true,
2034/35,wp-harris-mendoza,Harris Mendoza,36,ENG,Amateur,Amateur,false,false,false,,0,0,,Amateur,,,,,,,,,,,,,71,73,73,70,69,86,70,0,29,0,0,0,,0,,,,,,,0,0,48,34,14,70.83333333333334,0,0,471461,"{""matches"":48,""wins"":34,""losses"":14,""draws"":0,""winPercentage"":70.83333333333334,""eventsEntered"":0,""titles"":0,""finals"":0,""prizeMoney"":471461,""points"":0}",,,,,,,,,,,,,,79,,false,false,false,,104,42,15,0,0,0,0,0,10,5,0,0,0,27,11,estimated from season exits versus eligible schedule | 27 eligible events not entered,Amateur,normal,,,false,false,false,false,0,0,0,,0,false,,amateur,amateur,,,true,true,
2034/35,wp-harris-tremblay,Harris Tremblay,30,WAL,Amateur,Amateur,false,false,false,,0,0,,Amateur,,,,,,,,,,,,,71,73,73,70,71,87,71,0,28,0,0,0,,0,,,,,,,0,0,89,62,27,69.66292134831461,1,0,250906,"{""matches"":89,""wins"":62,""losses"":27,""draws"":0,""winPercentage"":69.66292134831461,""eventsEntered"":0,""titles"":1,""finals"":0,""prizeMoney"":250906,""points"":0}",,,,,,,,,,,,,,89,,false,false,false,,104,42,15,0,0,0,0,0,10,5,0,0,0,27,11,estimated from season exits versus eligible schedule | 27 eligible events not entered,Amateur,normal,,,false,false,false,false,0,0,0,,0,false,,amateur,amateur,,,true,true,
2034/35,wp-ilyas-easton,Ilyas Easton,27,NOR,Amateur,Amateur,false,false,false,,0,0,,Amateur,93,93,,93,,,55,,,,93,,69,72,71,67,67,79,66,25,28,10,6,4,60,0,,,,,,,132969,827,94,61,33,64.8936170212766,0,0,516266,"{""matches"":94,""wins"":61,""losses"":33,""draws"":0,""winPercentage"":64.8936170212766,""eventsEntered"":0,""titles"":0,""finals"":0,""prizeMoney"":516266,""points"":0}",,,,,,,,,,,,,,90,,false,false,false,,104,42,15,0,0,0,0,0,10,5,0,0,0,27,11,estimated from season exits versus eligible schedule | 27 eligible events not entered,Amateur,normal,,,false,false,false,false,6,11,247727,,0,false,,qTour,amateur,,,true,true,
2034/35,wp-ilyas-forster,Ilyas Forster,30,FRA,Amateur,Amateur,false,false,false,,0,0,,Amateur,,,,,,,,,,,,,72,72,74,70,72,90,82,0,18,0,0,0,,0,,,,,,,0,0,10,10,0,100,0,0,0,"{""matches"":10,""wins"":10,""losses"":0,""draws"":0,""winPercentage"":100,""eventsEntered"":0,""titles"":0,""finals"":0,""prizeMoney"":0,""points"":0}",,,,,,,,,,,,,,,,false,false,false,,104,42,15,0,0,0,0,0,10,5,0,0,0,27,11,estimated from season exits versus eligible schedule | 27 eligible events not entered,Amateur,normal,,,false,false,false,false,0,0,0,,0,false,,amateur,amateur,,,true,true,
2034/35,wp-ilyas-harrington,Ilyas Harrington,31,NED,Amateur,Amateur,false,false,false,,0,0,,Amateur,,,,,,,,,,,,,72,72,74,70,72,90,82,0,18,0,0,0,,0,,,,,,,0,0,12,12,0,100,0,0,0,"{""matches"":12,""wins"":12,""losses"":0,""draws"":0,""winPercentage"":100,""eventsEntered"":0,""titles"":0,""finals"":0,""prizeMoney"":0,""points"":0}",,,,,,,,,,,,,,,,false,false,false,,104,42,15,0,0,0,0,0,10,5,0,0,0,27,11,estimated from season exits versus eligible schedule | 27 eligible events not entered,Amateur,normal,,,false,false,false,false,0,0,0,,0,false,,amateur,amateur,,,true,true,
2034/35,wp-ilyas-nakamura,Ilyas Nakamura,33,BEL,Amateur,Amateur,false,false,false,,0,0,,Amateur,,,,,,,,,,,,,71,73,73,70,70,86,69,0,31,0,0,0,,0,,,,,,,0,0,67,45,22,67.16417910447761,0,0,718032,"{""matches"":67,""wins"":45,""losses"":22,""draws"":0,""winPercentage"":67.16417910447761,""eventsEntered"":0,""titles"":0,""finals"":0,""prizeMoney"":718032,""points"":0}",,,,,,,,,,,,,,80,,false,false,false,,104,42,15,0,0,0,0,0,10,5,0,0,0,27,11,estimated from season exits versus eligible schedule | 27 eligible events not entered,Amateur,normal,,,false,false,false,false,0,0,0,,0,false,,amateur,amateur,,,true,true,
2034/35,wp-ilyas-urban,Ilyas Urban,39,NED,Amateur,Amateur,false,false,false,,0,0,,Amateur,,,,,,,,,,,,,72,72,73,70,69,90,81,0,18,0,0,0,,0,,,,,,,0,0,14,14,0,100,0,0,0,"{""matches"":14,""wins"":14,""losses"":0,""draws"":0,""winPercentage"":100,""eventsEntered"":0,""titles"":0,""finals"":0,""prizeMoney"":0,""points"":0}",,,,,,,,,,,,,,,,false,false,false,,104,42,15,0,0,0,0,0,10,5,0,0,0,27,11,estimated from season exits versus eligible schedule | 27 eligible events not entered,Amateur,normal,,,false,false,false,false,0,0,0,,0,false,,amateur,amateur,,,true,true,
2034/35,wp-ilyas-verma,Ilyas Verma,30,CHN,Amateur,Amateur,false,false,false,,0,0,,Amateur,,,,,,,,,,,,,72,72,74,70,72,90,82,0,18,0,0,0,,0,,,,,,,0,0,14,14,0,100,0,0,0,"{""matches"":14,""wins"":14,""losses"":0,""draws"":0,""winPercentage"":100,""eventsEntered"":0,""titles"":0,""finals"":0,""prizeMoney"":0,""points"":0}",,,,,,,,,,,,,,,,false,false,false,,104,42,15,0,0,0,0,0,10,5,0,0,0,27,11,estimated from season exits versus eligible schedule | 27 eligible events not entered,Amateur,normal,,,false,false,false,false,0,0,0,,0,false,,amateur,amateur,,,true,true,
2034/35,wp-ilyas-yates,Ilyas Yates,31,PAK,Amateur,Amateur,false,false,false,,0,0,,Amateur,,,,,,,,,,,,,77,79,79,77,77,95,82,0,27,0,0,0,,0,,,,,,,0,0,12,12,0,100,0,0,287374,"{""matches"":12,""wins"":12,""losses"":0,""draws"":0,""winPercentage"":100,""eventsEntered"":0,""titles"":0,""finals"":0,""prizeMoney"":287374,""points"":0}",,,,,,,,,,,,,,87,,false,false,false,,104,42,15,0,0,0,0,0,10,5,0,0,0,27,11,estimated from season exits versus eligible schedule | 27 eligible events not entered,Amateur,normal,,,false,false,false,false,0,0,0,,0,false,,amateur,amateur,,,true,true,
2034/35,wp-ivan-ashford,Ivan Ashford,36,ESP,Amateur,Amateur,false,false,false,,0,0,,Amateur,,,,,,,,,,,,,72,72,74,70,70,90,82,0,18,0,0,0,,0,,,,,,,0,0,14,14,0,100,0,0,0,"{""matches"":14,""wins"":14,""losses"":0,""draws"":0,""winPercentage"":100,""eventsEntered"":0,""titles"":0,""finals"":0,""prizeMoney"":0,""points"":0}",,,,,,,,,,,,,,,,false,false,false,,104,42,15,0,0,0,0,0,10,5,0,0,0,27,11,estimated from season exits versus eligible schedule | 27 eligible events not entered,Amateur,normal,,,false,false,false,false,0,0,0,,0,false,,amateur,amateur,,,true,true,
2034/35,wp-ivan-barker,Ivan Barker,34,WAL,Amateur,Amateur,false,false,false,,0,0,,Amateur,,,,,,,,,,,,,72,72,74,70,71,90,82,0,18,0,0,0,,0,,,,,,,0,0,10,10,0,100,0,0,0,"{""matches"":10,""wins"":10,""losses"":0,""draws"":0,""winPercentage"":100,""eventsEntered"":0,""titles"":0,""finals"":0,""prizeMoney"":0,""points"":0}",,,,,,,,,,,,,,,,false,false,false,,104,42,15,0,0,0,0,0,10,5,0,0,0,27,11,estimated from season exits versus eligible schedule | 27 eligible events not entered,Amateur,normal,,,false,false,false,false,0,0,0,,0,false,,amateur,amateur,,,true,true,
2034/35,wp-ivan-drayton,Ivan Drayton,30,THA,Amateur,Amateur,false,false,false,,0,0,,Amateur,,,,,,,,,,,,,70,72,72,69,70,86,71,0,30,0,0,0,,0,,,,,,,0,0,104,70,34,67.3076923076923,2,0,247727,"{""matches"":104,""wins"":70,""losses"":34,""draws"":0,""winPercentage"":67.3076923076923,""eventsEntered"":0,""titles"":2,""finals"":0,""prizeMoney"":247727,""points"":0}",,,,,,,,,,,,,,93,,false,false,false,,104,42,15,0,0,0,0,0,10,5,0,0,0,27,11,estimated from season exits versus eligible schedule | 27 eligible events not entered,Amateur,normal,,,false,false,false,false,0,0,0,,0,false,,amateur,amateur,,,true,true,
2034/35,wp-ivan-kovacs,Ivan Kovacs,34,JPN,Amateur,Amateur,false,false,false,,0,0,,Amateur,,,,,,,,,,,,,72,72,74,70,71,90,82,0,18,0,0,0,,0,,,,,,,0,0,12,12,0,100,0,0,0,"{""matches"":12,""wins"":12,""losses"":0,""draws"":0,""winPercentage"":100,""eventsEntered"":0,""titles"":0,""finals"":0,""prizeMoney"":0,""points"":0}",,,,,,,,,,,,,,,,false,false,false,,104,42,15,0,0,0,0,0,10,5,0,0,0,27,11,estimated from season exits versus eligible schedule | 27 eligible events not entered,Amateur,normal,,,false,false,false,false,0,0,0,,0,false,,amateur,amateur,,,true,true,
2034/35,wp-ivan-petrov,Ivan Petrov,31,THA,Amateur,Amateur,false,false,false,,0,0,,Amateur,94,94,,94,,,,,,,94,,70,72,72,69,68,80,66,25,32,10,6,4,60,0,,,,,,,132102,821,88,58,30,65.9090909090909,0,0,994666,"{""matches"":88,""wins"":58,""losses"":30,""draws"":0,""winPercentage"":65.9090909090909,""eventsEntered"":0,""titles"":0,""finals"":0,""prizeMoney"":994666,""points"":0}",,,,,,,,,,,,,,81,,false,false,false,,104,42,15,0,0,0,0,0,10,5,0,0,0,27,11,estimated from season exits versus eligible schedule | 27 eligible events not entered,Amateur,normal,,,false,false,false,false,6,10,227493,,0,false,,amateur,amateur,,,true,true,
2034/35,wp-ivan-rahman,Ivan Rahman,36,CAN,Amateur,Amateur,false,false,false,,0,0,,Amateur,,,,,,,,,,,,,70,72,72,68,68,85,70,0,26,0,0,0,,0,,,,,,,0,0,74,52,22,70.27027027027027,0,0,247438,"{""matches"":74,""wins"":52,""losses"":22,""draws"":0,""winPercentage"":70.27027027027027,""eventsEntered"":0,""titles"":0,""finals"":0,""prizeMoney"":247438,""points"":0}",,,,,,,,,,,,,,92,,false,false,false,,104,42,15,0,0,0,0,0,10,5,0,0,0,27,11,estimated from season exits versus eligible schedule | 27 eligible events not entered,Amateur,normal,,,false,false,false,false,0,0,0,,0,false,,amateur,amateur,,,true,true,
2034/35,wp-ivan-tremblay,Ivan Tremblay,52,JPN,Veteran,Amateur,false,false,false,,0,0,,Amateur,,,,,,,,,,,,,77,79,75,76,68,88,68,20,28,0,0,0,,0,,,,,,,0,0,12,12,0,100,0,0,320072,"{""matches"":12,""wins"":12,""losses"":0,""draws"":0,""winPercentage"":100,""eventsEntered"":0,""titles"":0,""finals"":0,""prizeMoney"":320072,""points"":0}",,,,,,,,,,,,,,85,,false,false,false,,104,44,15,0,0,0,0,0,10,5,0,0,0,29,11,estimated from season exits versus eligible schedule | 29 eligible events not entered,Amateur,normal,,,false,false,false,false,0,0,0,,0,false,,amateur,amateur,,,true,true,
2034/35,wp-ivan-verma,Ivan Verma,55,POL,Veteran,Amateur,false,false,false,,0,0,,Amateur,,,,,,,,,,,,,70,72,68,67,59,77,51,26,27,0,0,0,,0,,,,,,,0,0,25,16,9,64,0,0,198007,"{""matches"":25,""wins"":16,""losses"":9,""draws"":0,""winPercentage"":64,""eventsEntered"":0,""titles"":0,""finals"":0,""prizeMoney"":198007,""points"":0}",,,,,,,,,,,,,,82,,false,false,false,,104,44,15,0,0,0,0,0,10,5,0,0,0,29,11,estimated from season exits versus eligible schedule | 29 eligible events not entered,Amateur,normal,,,false,false,false,false,0,0,0,,0,false,,amateur,amateur,,,true,true,
2034/35,wp-ivan-whitaker,Ivan Whitaker,28,IND,Amateur,Amateur,false,false,false,,0,0,,Amateur,,,,,,,,,,,,,69,71,71,67,67,77,55,23,30,9,3,6,33.33333333333333,0,,,,,,,0,130,79,48,31,60.75949367088608,0,0,764282,"{""matches"":79,""wins"":48,""losses"":31,""draws"":0,""winPercentage"":60.75949367088608,""eventsEntered"":0,""titles"":0,""finals"":0,""prizeMoney"":764282,""points"":0}",,,,,,,,,,,,,,83,,false,false,false,,104,42,15,0,0,0,0,0,10,5,0,0,0,27,11,estimated from season exits versus eligible schedule | 27 eligible events not entered,Amateur,normal,,,false,false,false,false,0,0,0,,0,false,,qTour,amateur,,,true,true,
2034/35,wp-ivan-yates,Ivan Yates,37,JPN,Amateur,Amateur,false,false,false,,0,0,,Amateur,,,,,,,,,,,,,72,72,73,70,70,90,82,0,18,0,0,0,,0,,,,,,,0,0,12,12,0,100,0,0,0,"{""matches"":12,""wins"":12,""losses"":0,""draws"":0,""winPercentage"":100,""eventsEntered"":0,""titles"":0,""finals"":0,""prizeMoney"":0,""points"":0}",,,,,,,,,,,,,,,,false,false,false,,104,42,15,0,0,0,0,0,10,5,0,0,0,27,11,estimated from season exits versus eligible schedule | 27 eligible events not entered,Amateur,normal,,,false,false,false,false,0,0,0,,0,false,,amateur,amateur,,,true,true,
2034/35,wp-jasper-ashford,Jasper Ashford,31,FRA,Amateur,Amateur,false,false,false,,0,0,,Amateur,,,,,,,,,,,,,72,72,74,70,72,90,82,0,18,0,0,0,,0,,,,,,,0,0,12,12,0,100,0,0,0,"{""matches"":12,""wins"":12,""losses"":0,""draws"":0,""winPercentage"":100,""eventsEntered"":0,""titles"":0,""finals"":0,""prizeMoney"":0,""points"":0}",,,,,,,,,,,,,,,,false,false,false,,104,42,15,0,0,0,0,0,10,5,0,0,0,27,11,estimated from season exits versus eligible schedule | 27 eligible events not entered,Amateur,normal,,,false,false,false,false,0,0,0,,0,false,,amateur,amateur,,,true,true,
2034/35,wp-jasper-caldwell,Jasper Caldwell,30,NED,Amateur,Amateur,false,false,false,,0,0,,Amateur,,,,,,,,,,,,,68,68,70,66,68,85,75,0,18,0,0,0,,0,,,,,,,0,0,16,13,3,81.25,0,0,0,"{""matches"":16,""wins"":13,""losses"":3,""draws"":0,""winPercentage"":81.25,""eventsEntered"":0,""titles"":0,""finals"":0,""prizeMoney"":0,""points"":0}",,,,,,,,,,,,,,,,false,false,false,,104,42,15,0,0,0,0,0,10,5,0,0,0,27,11,estimated from season exits versus eligible schedule | 27 eligible events not entered,Amateur,normal,,,false,false,false,false,0,0,0,,0,false,,amateur,amateur,,,true,true,
2034/35,wp-jasper-easton,Jasper Easton,61,BRA,Veteran,Senior Tour / Legend Circuit,false,false,false,,0,0,,Amateur,,,,,,,,,,12,,,66,66,63,61,51,67,47,53,20,6,4,2,66.66666666666666,0,,,,,,,0,157,39,28,11,71.7948717948718,1,0,0,"{""matches"":39,""wins"":28,""losses"":11,""draws"":0,""winPercentage"":71.7948717948718,""eventsEntered"":0,""titles"":1,""finals"":0,""prizeMoney"":0,""points"":0}",,,,,,,,,,,,,,,,false,false,false,,104,14,11,0,0,0,0,0,0,0,0,0,11,3,0,estimated from season exits versus eligible schedule | 3 eligible events not entered,Senior/Legend,normal,,,false,false,false,false,0,0,0,,0,false,,amateur,senior,,,true,true,
2034/35,wp-jasper-gallagher,Jasper Gallagher,33,NOR,Amateur,Q School,false,false,false,,0,0,,Amateur,,,,,,,,,32,,,,80,83,82,81,79,98,82,0,32,0,0,0,,0,,,,,,,0,0,12,12,0,100,0,0,416132,"{""matches"":12,""wins"":12,""losses"":0,""draws"":0,""winPercentage"":100,""eventsEntered"":0,""titles"":0,""finals"":0,""prizeMoney"":416132,""points"":0}",,,,,,,,,,,,,,65,,false,false,false,,104,42,4,0,0,0,0,0,0,4,0,0,0,38,22,estimated from season exits versus eligible schedule | 38 eligible events not entered,Q School,normal,,,false,false,false,false,0,0,0,,0,false,,amateur,qSchool,,,true,true,
2034/35,wp-jasper-langford,Jasper Langford,23,FRA,Amateur,Amateur,false,false,false,,0,0,,Amateur,,,,,,,34,,,,,,70,75,72,68,67,78,67,40,27,15,9,6,60,0,,,,,,,0,340,109,76,33,69.72477064220183,1,0,282126,"{""matches"":109,""wins"":76,""losses"":33,""draws"":0,""winPercentage"":69.72477064220183,""eventsEntered"":0,""titles"":1,""finals"":0,""prizeMoney"":282126,""points"":0}",,,,,,,,,,,,,,96,,false,false,false,,104,42,15,0,0,0,0,0,10,5,0,0,0,27,11,estimated from season exits versus eligible schedule | 27 eligible events not entered,Amateur,normal,,,false,false,false,false,0,6,131813,,0,false,,qTour,amateur,,,true,true,
2034/35,wp-jasper-patel,Jasper Patel,36,AUS,Amateur,Amateur,false,false,false,,0,0,,Amateur,,,,,,,,,,,,,74,75,76,73,72,92,82,0,22,0,0,0,,0,,,,,,,0,0,12,12,0,100,0,0,166244,"{""matches"":12,""wins"":12,""losses"":0,""draws"":0,""winPercentage"":100,""eventsEntered"":0,""titles"":0,""finals"":0,""prizeMoney"":166244,""points"":0}",,,,,,,,,,,,,,113,,false,false,false,,104,42,15,0,0,0,0,0,10,5,0,0,0,27,11,estimated from season exits versus eligible schedule | 27 eligible events not entered,Amateur,normal,,,false,false,false,false,0,0,0,,0,false,,amateur,amateur,,,true,true,
2034/35,wp-jasper-petrov,Jasper Petrov,34,CHN,Amateur,Amateur,false,false,false,,0,0,,Amateur,,,,,,,,,,,,,71,73,73,70,70,86,70,0,32,0,0,0,,0,,,,,,,0,0,58,38,20,65.51724137931035,2,0,460477,"{""matches"":58,""wins"":38,""losses"":20,""draws"":0,""winPercentage"":65.51724137931035,""eventsEntered"":0,""titles"":2,""finals"":0,""prizeMoney"":460477,""points"":0}",,,,,,,,,,,,,,84,,false,false,false,,104,42,15,0,0,0,0,0,10,5,0,0,0,27,11,estimated from season exits versus eligible schedule | 27 eligible events not entered,Amateur,normal,,,false,false,false,false,0,0,0,,0,false,,amateur,amateur,,,true,true,
2034/35,wp-jasper-rahman,Jasper Rahman,37,BRA,Amateur,Amateur,false,false,false,,0,0,,Amateur,,,,,,,,,,,,,70,72,71,69,68,85,68,0,28,0,0,0,,0,,,,,,,0,0,46,30,16,65.21739130434783,0,0,422320,"{""matches"":46,""wins"":30,""losses"":16,""draws"":0,""winPercentage"":65.21739130434783,""eventsEntered"":0,""titles"":0,""finals"":0,""prizeMoney"":422320,""points"":0}",,,,,,,,,,,,,,85,,false,false,false,,104,42,15,0,0,0,0,0,10,5,0,0,0,27,11,estimated from season exits versus eligible schedule | 27 eligible events not entered,Amateur,normal,,,false,false,false,false,0,0,0,,0,false,,amateur,amateur,,,true,true,
2034/35,wp-jasper-sorensen,Jasper Sorensen,33,ITA,Amateur,Amateur,false,false,false,,0,0,,Amateur,,,,,,,,,,,,,69,71,71,67,68,84,69,0,25,0,0,0,,0,,,,,,,0,0,75,51,24,68,0,0,226047,"{""matches"":75,""wins"":51,""losses"":24,""draws"":0,""winPercentage"":68,""eventsEntered"":0,""titles"":0,""finals"":0,""prizeMoney"":226047,""points"":0}",,,,,,,,,,,,,,96,,false,false,false,,104,42,15,0,0,0,0,0,10,5,0,0,0,27,11,estimated from season exits versus eligible schedule | 27 eligible events not entered,Amateur,normal,,,false,false,false,false,0,0,0,,0,false,,amateur,amateur,,,true,true,
2034/35,wp-jasper-yates,Jasper Yates,40,NOR,Veteran,Amateur,false,false,false,,0,0,,Amateur,,,,,,,,,,,,,68,68,69,66,64,84,73,2,18,0,0,0,,0,,,,,,,0,0,12,10,2,83.33333333333334,0,0,0,"{""matches"":12,""wins"":10,""losses"":2,""draws"":0,""winPercentage"":83.33333333333334,""eventsEntered"":0,""titles"":0,""finals"":0,""prizeMoney"":0,""points"":0}",,,,,,,,,,,,,,,,false,false,false,,104,44,15,0,0,0,0,0,10,5,0,0,0,29,11,estimated from season exits versus eligible schedule | 29 eligible events not entered,Amateur,normal,,,false,false,false,false,0,0,0,,0,false,,amateur,amateur,,,true,true,
2034/35,wp-joel-iqbal,Joel Iqbal,34,IND,Amateur,Amateur,false,false,false,,0,0,,Amateur,,,,,,,,,,,,,72,72,74,70,71,90,82,0,18,0,0,0,,0,,,,,,,0,0,12,12,0,100,0,0,0,"{""matches"":12,""wins"":12,""losses"":0,""draws"":0,""winPercentage"":100,""eventsEntered"":0,""titles"":0,""finals"":0,""prizeMoney"":0,""points"":0}",,,,,,,,,,,,,,,,false,false,false,,104,42,15,0,0,0,0,0,10,5,0,0,0,27,11,estimated from season exits versus eligible schedule | 27 eligible events not entered,Amateur,normal,,,false,false,false,false,0,0,0,,0,false,,amateur,amateur,,,true,true,
2034/35,wp-joel-lombardi,Joel Lombardi,39,CAN,Amateur,Amateur,false,false,false,,0,0,,Amateur,,,,,,,,,,,,,79,82,80,79,76,97,81,0,30,0,0,0,,0,,,,,,,0,0,12,12,0,100,0,0,355312,"{""matches"":12,""wins"":12,""losses"":0,""draws"":0,""winPercentage"":100,""eventsEntered"":0,""titles"":0,""finals"":0,""prizeMoney"":355312,""points"":0}",,,,,,,,,,,,,,72,,false,false,false,,104,42,15,0,0,0,0,0,10,5,0,0,0,27,11,estimated from season exits versus eligible schedule | 27 eligible events not entered,Amateur,normal,,,false,false,false,false,0,0,0,,0,false,,amateur,amateur,,,true,true,
2034/35,wp-joel-tanaka,Joel Tanaka,31,GER,Amateur,Amateur,false,false,false,,0,0,,Amateur,,,,,,,,,,,,,73,73,75,72,73,91,82,0,20,0,0,0,,0,,,,,,,0,0,12,12,0,100,0,0,130856,"{""matches"":12,""wins"":12,""losses"":0,""draws"":0,""winPercentage"":100,""eventsEntered"":0,""titles"":0,""finals"":0,""prizeMoney"":130856,""points"":0}",,,,,,,,,,,,,,122,,false,false,false,,104,42,15,0,0,0,0,0,10,5,0,0,0,27,11,estimated from season exits versus eligible schedule | 27 eligible events not entered,Amateur,normal,,,false,false,false,false,0,0,0,,0,false,,amateur,amateur,,,true,true,
2034/35,wp-joel-verma,Joel Verma,40,IND,Veteran,Amateur,false,false,false,,0,0,,Amateur,,,,,,,,,,,,,64,64,65,61,60,78,66,2,18,0,0,0,,0,,,,,,,0,0,41,27,14,65.85365853658537,0,0,0,"{""matches"":41,""wins"":27,""losses"":14,""draws"":0,""winPercentage"":65.85365853658537,""eventsEntered"":0,""titles"":0,""finals"":0,""prizeMoney"":0,""points"":0}",,,,,,,,,,,,,,,,false,false,false,,104,44,15,0,0,0,0,0,10,5,0,0,0,29,11,estimated from season exits versus eligible schedule | 29 eligible events not entered,Amateur,normal,,,false,false,false,false,0,0,0,,0,false,,amateur,amateur,,,true,true,
2034/35,wp-joel-whitaker,Joel Whitaker,30,JPN,Amateur,Amateur,false,false,false,,0,0,,Amateur,,,,,,,,,,,,,72,72,74,70,72,90,82,0,18,0,0,0,,0,,,,,,,0,0,14,14,0,100,0,0,0,"{""matches"":14,""wins"":14,""losses"":0,""draws"":0,""winPercentage"":100,""eventsEntered"":0,""titles"":0,""finals"":0,""prizeMoney"":0,""points"":0}",,,,,,,,,,,,,,,,false,false,false,,104,42,15,0,0,0,0,0,10,5,0,0,0,27,11,estimated from season exits versus eligible schedule | 27 eligible events not entered,Amateur,normal,,,false,false,false,false,0,0,0,,0,false,,amateur,amateur,,,true,true,
2034/35,wp-joel-yates,Joel Yates,39,ESP,Amateur,Amateur,false,false,false,,0,0,,Amateur,,,,,,,,,,,,,67,67,68,64,64,83,71,0,18,0,0,0,,0,,,,,,,0,0,16,12,4,75,0,0,0,"{""matches"":16,""wins"":12,""losses"":4,""draws"":0,""winPercentage"":75,""eventsEntered"":0,""titles"":0,""finals"":0,""prizeMoney"":0,""points"":0}",,,,,,,,,,,,,,,,false,false,false,,104,42,15,0,0,0,0,0,10,5,0,0,0,27,11,estimated from season exits versus eligible schedule | 27 eligible events not entered,Amateur,normal,,,false,false,false,false,0,0,0,,0,false,,amateur,amateur,,,true,true,
2034/35,wp-jude-sloan-a,Jude Sloan A,20,WAL,Amateur,Q School,false,false,false,,0,0,,Amateur,97,97,,97,,,19,15,16,,97,,69,78,71,67,67,80,67,19,25,8,5,3,62.5,0,,,,,,,112156,697,50,34,16,68,0,0,242812,"{""matches"":50,""wins"":34,""losses"":16,""draws"":0,""winPercentage"":68,""eventsEntered"":0,""titles"":0,""finals"":0,""prizeMoney"":242812,""points"":0}",,,,,,,,,,,,,,97,,false,false,false,,104,42,4,0,0,0,0,0,0,4,0,0,0,38,22,estimated from season exits versus eligible schedule | 38 eligible events not entered,Q School,normal,,,false,false,false,false,5,11,242812,,0,false,,qSchool,qSchool,,,true,true,
2034/35,wp-jude-sloan-c,Jude Sloan C,18,IRL,Amateur,Q School,false,false,false,,0,0,,Amateur,,,,,,,7,7,10,,,,64,78,66,61,62,75,69,21,18,9,6,3,66.66666666666666,0,,,,,,,0,131,16,10,6,62.5,0,0,0,"{""matches"":16,""wins"":10,""losses"":6,""draws"":0,""winPercentage"":62.5,""eventsEntered"":0,""titles"":0,""finals"":0,""prizeMoney"":0,""points"":0}",,,,,,,,,,,,,,,,false,false,false,,104,42,4,0,0,0,0,0,0,4,0,0,0,38,22,estimated from season exits versus eligible schedule | 38 eligible events not entered,Q School,normal,,,false,false,false,false,0,0,0,,0,false,,qSchool,qSchool,,,true,true,
2034/35,wp-jude-sloan-e,Jude Sloan E,15,IRL,Youth,Amateur,false,false,false,,0,0,,Amateur,,,,,,,,,,,,,69,97,71,66,67,80,69,21,18,9,6,3,66.66666666666666,0,,,,,,,0,132,9,6,3,66.66666666666666,0,0,0,"{""matches"":9,""wins"":6,""losses"":3,""draws"":0,""winPercentage"":66.66666666666666,""eventsEntered"":0,""titles"":0,""finals"":0,""prizeMoney"":0,""points"":0}",,,,,,,,,,,,,,,,false,false,false,,104,61,10,0,0,0,0,0,5,5,0,0,0,51,16,estimated from season exits versus eligible schedule | 51 eligible events not entered,Youth,normal,,,false,false,false,false,0,0,0,,0,false,,youth,youth,,,true,true,
2034/35,wp-jude-sloan-f,Jude Sloan F,15,IRL,Youth,Amateur,false,false,false,,0,0,,Amateur,,,,,,,,,,,,,50,77,52,44,50,59,42,0,18,,,,,,,,,,,,,,0,0,0,0,0,0,0,"{""matches"":0,""wins"":0,""losses"":0,""draws"":0,""winPercentage"":0,""eventsEntered"":0,""titles"":0,""finals"":0,""prizeMoney"":0,""points"":0}",,,,,,,,,,,,,,,,,false,false,,104,61,10,0,0,0,0,0,5,5,0,0,0,51,16,estimated from season exits versus eligible schedule | 51 eligible events not entered,Youth,normal,,,false,false,false,false,0,0,0,,0,false,,youth,youth,,,true,true,
2034/35,wp-kai-pryce-a,Kai Pryce A,23,AUS,Amateur,Q School,false,false,false,,0,0,,Amateur,98,98,,98,,,32,,28,,98,,68,73,70,66,66,79,67,19,25,8,5,3,62.5,0,,,,,,,111867,695,88,58,30,65.9090909090909,0,0,241945,"{""matches"":88,""wins"":58,""losses"":30,""draws"":0,""winPercentage"":65.9090909090909,""eventsEntered"":0,""titles"":0,""finals"":0,""prizeMoney"":241945,""points"":0}",,,,,,,,,,,,,,98,,false,false,false,,104,42,4,0,0,0,0,0,0,4,0,0,0,38,22,estimated from season exits versus eligible schedule | 38 eligible events not entered,Q School,normal,,,false,false,false,false,5,11,241945,,0,false,,qTour,qSchool,,,true,true,
2034/35,wp-kai-pryce-b,Kai Pryce B,20,AUS,Amateur,Q School,false,false,false,,0,0,,Amateur,99,99,,99,,,6,6,7,,99,,71,89,73,69,69,82,67,19,25,8,5,3,62.5,0,,,,,,,111578,694,51,35,16,68.62745098039215,0,0,241367,"{""matches"":51,""wins"":35,""losses"":16,""draws"":0,""winPercentage"":68.62745098039215,""eventsEntered"":0,""titles"":0,""finals"":0,""prizeMoney"":241367,""points"":0}",,,,,,,,,,,,,,99,,false,false,false,,104,42,4,0,0,0,0,0,0,4,0,0,0,38,22,estimated from season exits versus eligible schedule | 38 eligible events not entered,Q School,normal,,,false,false,false,false,5,11,241367,,0,false,,qSchool,qSchool,,,true,true,
2034/35,wp-kai-pryce-f,Kai Pryce F,15,CHN,Youth,Amateur,false,false,false,,0,0,,Amateur,,,,,,,,,,,,,64,78,66,61,62,75,67,19,18,8,5,3,62.5,0,,,,,,,0,110,8,5,3,62.5,0,0,0,"{""matches"":8,""wins"":5,""losses"":3,""draws"":0,""winPercentage"":62.5,""eventsEntered"":0,""titles"":0,""finals"":0,""prizeMoney"":0,""points"":0}",,,,,,,,,,,,,,,,false,false,false,,104,61,10,0,0,0,0,0,5,5,0,0,0,51,16,estimated from season exits versus eligible schedule | 51 eligible events not entered,Youth,normal,,,false,false,false,false,0,0,0,,0,false,,youth,youth,,,true,true,
2034/35,wp-kaito-ashford,Kaito Ashford,34,ENG,Amateur,Amateur,false,false,false,,0,0,,Amateur,,,,,,,,,,,,,72,72,74,70,71,90,82,0,18,0,0,0,,0,,,,,,,0,0,8,8,0,100,0,0,0,"{""matches"":8,""wins"":8,""losses"":0,""draws"":0,""winPercentage"":100,""eventsEntered"":0,""titles"":0,""finals"":0,""prizeMoney"":0,""points"":0}",,,,,,,,,,,,,,,,false,false,false,,104,42,15,0,0,0,0,0,10,5,0,0,0,27,11,estimated from season exits versus eligible schedule | 27 eligible events not entered,Amateur,normal,,,false,false,false,false,0,0,0,,0,false,,amateur,amateur,,,true,true,
2034/35,wp-kaito-barker,Kaito Barker,30,NIR,Amateur,Amateur,false,false,false,,0,0,,Amateur,,,,,,,,,,,,,72,72,74,70,72,90,82,0,18,0,0,0,,0,,,,,,,0,0,14,14,0,100,0,0,0,"{""matches"":14,""wins"":14,""losses"":0,""draws"":0,""winPercentage"":100,""eventsEntered"":0,""titles"":0,""finals"":0,""prizeMoney"":0,""points"":0}",,,,,,,,,,,,,,,,false,false,false,,104,42,15,0,0,0,0,0,10,5,0,0,0,27,11,estimated from season exits versus eligible schedule | 27 eligible events not entered,Amateur,normal,,,false,false,false,false,0,0,0,,0,false,,amateur,amateur,,,true,true,
2034/35,wp-kaito-caldwell,Kaito Caldwell,39,POL,Amateur,Amateur,false,false,false,,0,0,,Amateur,,,,,,,,,,,,,72,72,73,70,69,90,81,0,18,0,0,0,,0,,,,,,,0,0,14,14,0,100,0,0,0,"{""matches"":14,""wins"":14,""losses"":0,""draws"":0,""winPercentage"":100,""eventsEntered"":0,""titles"":0,""finals"":0,""prizeMoney"":0,""points"":0}",,,,,,,,,,,,,,,,false,false,false,,104,42,15,0,0,0,0,0,10,5,0,0,0,27,11,estimated from season exits versus eligible schedule | 27 eligible events not entered,Amateur,normal,,,false,false,false,false,0,0,0,,0,false,,amateur,amateur,,,true,true,
2034/35,wp-kaito-drayton,Kaito Drayton,57,IND,Veteran,Senior Tour / Legend Circuit,false,false,false,,0,0,,Amateur,,,,,,,,,,11,,,69,69,66,67,57,78,66,31,24,1,1,0,100,1,,,,,,,0,15,41,32,9,78.04878048780488,3,0,0,"{""matches"":41,""wins"":32,""losses"":9,""draws"":0,""winPercentage"":78.04878048780488,""eventsEntered"":0,""titles"":3,""finals"":0,""prizeMoney"":0,""points"":0}",,,,,,,,,,,,,,,,false,false,false,,104,14,11,0,0,0,0,0,0,0,0,0,11,3,0,estimated from season exits versus eligible schedule | 3 eligible events not entered,Senior/Legend,normal,,,false,false,false,false,0,0,0,,2,false,,amateur,senior,,,true,true,
2034/35,wp-kaito-easton,Kaito Easton,31,THA,Amateur,Amateur,false,false,false,,0,0,,Amateur,,,,,,,,,,,,,76,78,78,75,76,94,82,0,25,0,0,0,,0,,,,,,,0,0,12,12,0,100,0,0,251362,"{""matches"":12,""wins"":12,""losses"":0,""draws"":0,""winPercentage"":100,""eventsEntered"":0,""titles"":0,""finals"":0,""prizeMoney"":251362,""points"":0}",,,,,,,,,,,,,,98,,false,false,false,,104,42,15,0,0,0,0,0,10,5,0,0,0,27,11,estimated from season exits versus eligible schedule | 27 eligible events not entered,Amateur,normal,,,false,false,false,false,0,0,0,,0,false,,amateur,amateur,,,true,true,
2034/35,wp-kaito-forster,Kaito Forster,34,ESP,Amateur,Amateur,false,false,false,,0,0,,Amateur,,,,,,,,,,,,,72,72,74,70,71,90,82,0,18,0,0,0,,0,,,,,,,0,0,12,12,0,100,0,0,0,"{""matches"":12,""wins"":12,""losses"":0,""draws"":0,""winPercentage"":100,""eventsEntered"":0,""titles"":0,""finals"":0,""prizeMoney"":0,""points"":0}",,,,,,,,,,,,,,,,false,false,false,,104,42,15,0,0,0,0,0,10,5,0,0,0,27,11,estimated from season exits versus eligible schedule | 27 eligible events not entered,Amateur,normal,,,false,false,false,false,0,0,0,,0,false,,amateur,amateur,,,true,true,
2034/35,wp-kaito-sorensen,Kaito Sorensen,49,ESP,Veteran,Amateur,false,false,false,,0,0,,Amateur,,,,,,,,,,,,,71,73,70,69,63,81,60,16,27,0,0,0,,0,,,,,,,0,0,29,21,8,72.41379310344827,0,0,212461,"{""matches"":29,""wins"":21,""losses"":8,""draws"":0,""winPercentage"":72.41379310344827,""eventsEntered"":0,""titles"":0,""finals"":0,""prizeMoney"":212461,""points"":0}",,,,,,,,,,,,,,86,,false,false,false,,104,44,15,0,0,0,0,0,10,5,0,0,0,29,11,estimated from season exits versus eligible schedule | 29 eligible events not entered,Amateur,normal,,,false,false,false,false,0,0,0,,0,false,,amateur,amateur,,,true,true,
2034/35,wp-kaito-tremblay,Kaito Tremblay,29,WAL,Amateur,Amateur,false,false,false,,0,0,,Amateur,,,,,,,,,,,,,63,63,65,60,63,78,66,0,18,0,0,0,,0,,,,,,,0,0,47,28,19,59.57446808510638,0,0,0,"{""matches"":47,""wins"":28,""losses"":19,""draws"":0,""winPercentage"":59.57446808510638,""eventsEntered"":0,""titles"":0,""finals"":0,""prizeMoney"":0,""points"":0}",,,,,,,,,,,,,,,,false,false,false,,104,42,15,0,0,0,0,0,10,5,0,0,0,27,11,estimated from season exits versus eligible schedule | 27 eligible events not entered,Amateur,normal,,,false,false,false,false,0,0,0,,0,false,,amateur,amateur,,,true,true,
2034/35,wp-kieran-ashford,Kieran Ashford,34,IRL,Amateur,Amateur,false,false,false,,0,0,,Amateur,,,,,,,,,,,,,72,72,74,70,71,90,82,0,18,0,0,0,,0,,,,,,,0,0,10,10,0,100,0,0,0,"{""matches"":10,""wins"":10,""losses"":0,""draws"":0,""winPercentage"":100,""eventsEntered"":0,""titles"":0,""finals"":0,""prizeMoney"":0,""points"":0}",,,,,,,,,,,,,,,,false,false,false,,104,42,15,0,0,0,0,0,10,5,0,0,0,27,11,estimated from season exits versus eligible schedule | 27 eligible events not entered,Amateur,normal,,,false,false,false,false,0,0,0,,0,false,,amateur,amateur,,,true,true,
2034/35,wp-kieran-janssen,Kieran Janssen,35,NOR,Amateur,Amateur,false,false,false,,0,0,,Amateur,,,,,,,,,,,,,72,72,74,70,70,90,82,0,18,0,0,0,,0,,,,,,,0,0,12,12,0,100,0,0,0,"{""matches"":12,""wins"":12,""losses"":0,""draws"":0,""winPercentage"":100,""eventsEntered"":0,""titles"":0,""finals"":0,""prizeMoney"":0,""points"":0}",,,,,,,,,,,,,,,,false,false,false,,104,42,15,0,0,0,0,0,10,5,0,0,0,27,11,estimated from season exits versus eligible schedule | 27 eligible events not entered,Amateur,normal,,,false,false,false,false,0,0,0,,0,false,,amateur,amateur,,,true,true,
2034/35,wp-kieran-petrov,Kieran Petrov,29,BRA,Amateur,Q School,false,false,false,,0,0,,Amateur,,,,,,,16,24,21,,,,69,71,71,67,67,79,64,22,28,9,5,4,55.55555555555556,0,,,,,,,0,252,85,55,30,64.70588235294117,0,0,544594,"{""matches"":85,""wins"":55,""losses"":30,""draws"":0,""winPercentage"":64.70588235294117,""eventsEntered"":0,""titles"":0,""finals"":0,""prizeMoney"":544594,""points"":0}",,,,,,,,,,,,,,87,,false,false,false,,104,42,4,0,0,0,0,0,0,4,0,0,0,38,22,estimated from season exits versus eligible schedule | 38 eligible events not entered,Q School,normal,,,false,false,false,false,0,0,0,,0,false,,qSchool,qSchool,,,true,true,
2034/35,wp-kieran-urban,Kieran Urban,33,AUS,Amateur,Amateur,false,false,false,,0,0,,Amateur,,,,,,,,,,,,,68,70,70,66,67,83,67,0,27,0,0,0,,0,,,,,,,0,0,37,23,14,62.16216216216216,0,0,357282,"{""matches"":37,""wins"":23,""losses"":14,""draws"":0,""winPercentage"":62.16216216216216,""eventsEntered"":0,""titles"":0,""finals"":0,""prizeMoney"":357282,""points"":0}",,,,,,,,,,,,,,88,,false,false,false,,104,42,15,0,0,0,0,0,10,5,0,0,0,27,11,estimated from season exits versus eligible schedule | 27 eligible events not entered,Amateur,normal,,,false,false,false,false,0,0,0,,0,false,,amateur,amateur,,,true,true,
2034/35,wp-kieran-verma,Kieran Verma,36,PAK,Amateur,Amateur,false,false,false,,0,0,,Amateur,,,,,,,,,,,,,70,72,72,68,68,85,69,0,26,0,0,0,,0,,,,,,,0,0,25,17,8,68,0,0,209571,"{""matches"":25,""wins"":17,""losses"":8,""draws"":0,""winPercentage"":68,""eventsEntered"":0,""titles"":0,""finals"":0,""prizeMoney"":209571,""points"":0}",,,,,,,,,,,,,,89,,false,false,false,,104,42,15,0,0,0,0,0,10,5,0,0,0,27,11,estimated from season exits versus eligible schedule | 27 eligible events not entered,Amateur,normal,,,false,false,false,false,0,0,0,,0,false,,amateur,amateur,,,true,true,
2034/35,wp-kieran-yates,Kieran Yates,25,FRA,Amateur,Q School,false,false,false,,0,0,,Amateur,,,,,,,15,21,19,,,,69,73,71,67,67,80,67,19,25,8,5,3,62.5,0,,,,,,,0,251,110,77,33,70,0,0,278656,"{""matches"":110,""wins"":77,""losses"":33,""draws"":0,""winPercentage"":70,""eventsEntered"":0,""titles"":0,""finals"":0,""prizeMoney"":278656,""points"":0}",,,,,,,,,,,,,,98,,false,false,false,,104,42,4,0,0,0,0,0,0,4,0,0,0,38,22,estimated from season exits versus eligible schedule | 38 eligible events not entered,Q School,normal,,,false,false,false,false,0,0,0,,0,false,,qSchool,qSchool,,,true,true,
2034/35,wp-lennon-barker,Lennon Barker,36,BEL,Amateur,Q School,false,false,false,,0,0,,Amateur,,,,,,,35,22,24,,,,69,69,71,66,66,80,65,17,18,7,4,3,57.14285714285714,0,,,,,,,0,170,19,16,3,84.21052631578947,0,0,0,"{""matches"":19,""wins"":16,""losses"":3,""draws"":0,""winPercentage"":84.21052631578947,""eventsEntered"":0,""titles"":0,""finals"":0,""prizeMoney"":0,""points"":0}",,,,,,,,,,,,,,,,false,false,false,,104,42,4,0,0,0,0,0,0,4,0,0,0,38,22,estimated from season exits versus eligible schedule | 38 eligible events not entered,Q School,normal,,,false,false,false,false,0,0,0,,0,false,,qSchool,qSchool,,,true,true,
2034/35,wp-lennon-caldwell,Lennon Caldwell,33,AUS,Amateur,Amateur,false,false,false,,0,0,,Amateur,,,,,,,,,,,,,68,68,70,64,67,79,55,5,18,3,1,2,33.33333333333333,0,,,,,,,0,33,18,15,3,83.33333333333334,0,0,0,"{""matches"":18,""wins"":15,""losses"":3,""draws"":0,""winPercentage"":83.33333333333334,""eventsEntered"":0,""titles"":0,""finals"":0,""prizeMoney"":0,""points"":0}",,,,,,,,,,,,,,,,false,false,false,,104,42,15,0,0,0,0,0,10,5,0,0,0,27,11,estimated from season exits versus eligible schedule | 27 eligible events not entered,Amateur,normal,,,false,false,false,false,0,0,0,,0,false,,amateur,amateur,,,true,true,
2034/35,wp-lennon-drayton,Lennon Drayton,36,PAK,Amateur,Amateur,false,false,false,,0,0,,Amateur,,,,,,,,,,,,,72,72,74,70,70,90,82,0,18,0,0,0,,0,,,,,,,0,0,8,8,0,100,0,0,0,"{""matches"":8,""wins"":8,""losses"":0,""draws"":0,""winPercentage"":100,""eventsEntered"":0,""titles"":0,""finals"":0,""prizeMoney"":0,""points"":0}",,,,,,,,,,,,,,,,false,false,false,,104,42,15,0,0,0,0,0,10,5,0,0,0,27,11,estimated from season exits versus eligible schedule | 27 eligible events not entered,Amateur,normal,,,false,false,false,false,0,0,0,,0,false,,amateur,amateur,,,true,true,
2034/35,wp-lennon-easton,Lennon Easton,35,NOR,Amateur,Amateur,false,false,false,,0,0,,Amateur,,,,,,,,,,,,,72,72,74,70,70,90,82,0,18,0,0,0,,0,,,,,,,0,0,10,10,0,100,0,0,0,"{""matches"":10,""wins"":10,""losses"":0,""draws"":0,""winPercentage"":100,""eventsEntered"":0,""titles"":0,""finals"":0,""prizeMoney"":0,""points"":0}",,,,,,,,,,,,,,,,false,false,false,,104,42,15,0,0,0,0,0,10,5,0,0,0,27,11,estimated from season exits versus eligible schedule | 27 eligible events not entered,Amateur,normal,,,false,false,false,false,0,0,0,,0,false,,amateur,amateur,,,true,true,
2034/35,wp-lennon-grimaldi,Lennon Grimaldi,34,IRL,Amateur,Amateur,false,false,false,,0,0,,Amateur,,,,,,,,,,,,,65,65,67,62,64,80,69,0,18,0,0,0,,0,,,,,,,0,0,30,20,10,66.66666666666666,0,0,0,"{""matches"":30,""wins"":20,""losses"":10,""draws"":0,""winPercentage"":66.66666666666666,""eventsEntered"":0,""titles"":0,""finals"":0,""prizeMoney"":0,""points"":0}",,,,,,,,,,,,,,,,false,false,false,,104,42,15,0,0,0,0,0,10,5,0,0,0,27,11,estimated from season exits versus eligible schedule | 27 eligible events not entered,Amateur,normal,,,false,false,false,false,0,0,0,,0,false,,amateur,amateur,,,true,true,
2034/35,wp-lennon-kovacs,Lennon Kovacs,42,ITA,Veteran,Amateur,false,false,false,,0,0,,Amateur,,,,,,,,,,,,,74,79,74,74,69,87,62,6,40,0,0,0,,0,,,,,,,0,0,57,34,23,59.64912280701754,0,0,1124494,"{""matches"":57,""wins"":34,""losses"":23,""draws"":0,""winPercentage"":59.64912280701754,""eventsEntered"":0,""titles"":0,""finals"":0,""prizeMoney"":1124494,""points"":0}",,,,,,,,,,,,,,38,,false,false,false,,104,44,15,0,0,0,0,0,10,5,0,0,0,29,11,estimated from season exits versus eligible schedule | 29 eligible events not entered,Amateur,normal,,,false,false,false,false,0,3,72844,,0,false,,senior,amateur,,,true,true,
2034/35,wp-lennon-mendoza,Lennon Mendoza,53,SCO,Veteran,Amateur,false,false,false,,0,0,,Amateur,,,,,,,,,,,,,68,70,66,65,58,75,51,23,26,0,0,0,,0,,,,,,,0,0,35,21,14,60,0,0,170836,"{""matches"":35,""wins"":21,""losses"":14,""draws"":0,""winPercentage"":60,""eventsEntered"":0,""titles"":0,""finals"":0,""prizeMoney"":170836,""points"":0}",,,,,,,,,,,,,,90,,false,false,false,,104,44,15,0,0,0,0,0,10,5,0,0,0,29,11,estimated from season exits versus eligible schedule | 29 eligible events not entered,Amateur,normal,,,false,false,false,false,0,0,0,,0,false,,amateur,amateur,,,true,true,
2034/35,wp-lennon-rahman,Lennon Rahman,36,CHN,Amateur,Amateur,false,false,false,,0,0,,Amateur,,,,,,,,,,,,,78,81,80,78,76,96,82,0,29,0,0,0,,0,,,,,,,0,0,12,12,0,100,0,0,304278,"{""matches"":12,""wins"":12,""losses"":0,""draws"":0,""winPercentage"":100,""eventsEntered"":0,""titles"":0,""finals"":0,""prizeMoney"":304278,""points"":0}",,,,,,,,,,,,,,78,,false,false,false,,104,42,15,0,0,0,0,0,10,5,0,0,0,27,11,estimated from season exits versus eligible schedule | 27 eligible events not entered,Amateur,normal,,,false,false,false,false,0,0,0,,0,false,,amateur,amateur,,,true,true,
2034/35,wp-lennon-tremblay,Lennon Tremblay,37,IRL,Amateur,Amateur,false,false,false,,0,0,,Amateur,,,,,,,,,,,,,69,70,70,67,67,84,70,0,23,0,0,0,,0,,,,,,,0,0,65,46,19,70.76923076923077,0,0,145399,"{""matches"":65,""wins"":46,""losses"":19,""draws"":0,""winPercentage"":70.76923076923077,""eventsEntered"":0,""titles"":0,""finals"":0,""prizeMoney"":145399,""points"":0}",,,,,,,,,,,,,,102,,false,false,false,,104,42,15,0,0,0,0,0,10,5,0,0,0,27,11,estimated from season exits versus eligible schedule | 27 eligible events not entered,Amateur,normal,,,false,false,false,false,0,0,0,,0,false,,amateur,amateur,,,true,true,
2034/35,wp-lennon-urban,Lennon Urban,33,NED,Amateur,Amateur,false,false,false,,0,0,,Amateur,,,,,,,,,,,,,72,72,74,70,71,90,82,0,18,0,0,0,,0,,,,,,,0,0,14,14,0,100,0,0,0,"{""matches"":14,""wins"":14,""losses"":0,""draws"":0,""winPercentage"":100,""eventsEntered"":0,""titles"":0,""finals"":0,""prizeMoney"":0,""points"":0}",,,,,,,,,,,,,,,,false,false,false,,104,42,15,0,0,0,0,0,10,5,0,0,0,27,11,estimated from season exits versus eligible schedule | 27 eligible events not entered,Amateur,normal,,,false,false,false,false,0,0,0,,0,false,,amateur,amateur,,,true,true,
2034/35,wp-lorenzo-ashford,Lorenzo Ashford,25,NIR,Amateur,Q School,false,false,false,,0,0,,Amateur,,,,,,,17,23,20,,,,69,73,71,67,67,79,66,25,24,10,6,4,60,0,,,,,,,0,290,98,69,29,70.40816326530613,0,0,184422,"{""matches"":98,""wins"":69,""losses"":29,""draws"":0,""winPercentage"":70.40816326530613,""eventsEntered"":0,""titles"":0,""finals"":0,""prizeMoney"":184422,""points"":0}",,,,,,,,,,,,,,99,,false,false,false,,104,42,4,0,0,0,0,0,0,4,0,0,0,38,22,estimated from season exits versus eligible schedule | 38 eligible events not entered,Q School,normal,,,false,false,false,false,0,0,0,,0,false,,qSchool,qSchool,,,true,true,
2034/35,wp-lorenzo-barker,Lorenzo Barker,23,POL,Amateur,Q School,false,false,false,,0,0,,Amateur,100,100,,100,,,33,,29,,100,,70,75,72,68,69,83,70,12,26,6,4,2,66.66666666666666,0,,,,,,,91633,570,118,85,33,72.03389830508475,1,0,182688,"{""matches"":118,""wins"":85,""losses"":33,""draws"":0,""winPercentage"":72.03389830508475,""eventsEntered"":0,""titles"":1,""finals"":0,""prizeMoney"":182688,""points"":0}",,,,,,,,,,,,,,100,,false,false,false,,104,42,4,0,0,0,0,0,0,4,0,0,0,38,22,estimated from season exits versus eligible schedule | 38 eligible events not entered,Q School,normal,,,false,false,false,false,4,8,182688,,0,false,,qTour,qSchool,,,true,true,
2034/35,wp-lorenzo-drayton,Lorenzo Drayton,31,JPN,Amateur,Amateur,false,false,false,,0,0,,Amateur,101,101,,101,,,,,,,101,,67,68,69,64,66,78,58,10,24,5,2,3,40,0,,,,,,,54344,338,110,69,41,62.727272727272734,0,0,145110,"{""matches"":110,""wins"":69,""losses"":41,""draws"":0,""winPercentage"":62.727272727272734,""eventsEntered"":0,""titles"":0,""finals"":0,""prizeMoney"":145110,""points"":0}",,,,,,,,,,,,,,101,,false,false,false,,104,42,15,0,0,0,0,0,10,5,0,0,0,27,11,estimated from season exits versus eligible schedule | 27 eligible events not entered,Amateur,normal,,,false,false,false,false,2,6,145110,,0,false,,amateur,amateur,,,true,true,
2034/35,wp-lorenzo-kovacs,Lorenzo Kovacs,33,ENG,Amateur,Amateur,false,false,false,,0,0,,Amateur,,,,,,,,,,,,,72,72,74,70,71,90,82,0,18,0,0,0,,0,,,,,,,0,0,12,12,0,100,0,0,0,"{""matches"":12,""wins"":12,""losses"":0,""draws"":0,""winPercentage"":100,""eventsEntered"":0,""titles"":0,""finals"":0,""prizeMoney"":0,""points"":0}",,,,,,,,,,,,,,,,false,false,false,,104,42,15,0,0,0,0,0,10,5,0,0,0,27,11,estimated from season exits versus eligible schedule | 27 eligible events not entered,Amateur,normal,,,false,false,false,false,0,0,0,,0,false,,amateur,amateur,,,true,true,
2034/35,wp-lorenzo-rahman,Lorenzo Rahman,54,ESP,Veteran,Amateur,false,false,false,,0,0,,Amateur,,,,,,,,,,,,,72,72,70,69,62,82,66,23,18,0,0,0,,0,,,,,,,0,0,14,14,0,100,0,0,0,"{""matches"":14,""wins"":14,""losses"":0,""draws"":0,""winPercentage"":100,""eventsEntered"":0,""titles"":0,""finals"":0,""prizeMoney"":0,""points"":0}",,,,,,,,,,,,,,,,false,false,false,,104,44,15,0,0,0,0,0,10,5,0,0,0,29,11,estimated from season exits versus eligible schedule | 29 eligible events not entered,Amateur,normal,,,false,false,false,false,0,0,0,,0,false,,amateur,amateur,,,true,true,
2034/35,wp-lorenzo-verma,Lorenzo Verma,31,POL,Amateur,Amateur,false,false,false,,0,0,,Amateur,,,,,,,,,,,,,77,79,79,77,77,95,82,0,27,0,0,0,,0,,,,,,,0,0,12,12,0,100,0,0,282686,"{""matches"":12,""wins"":12,""losses"":0,""draws"":0,""winPercentage"":100,""eventsEntered"":0,""titles"":0,""finals"":0,""prizeMoney"":282686,""points"":0}",,,,,,,,,,,,,,86,,false,false,false,,104,42,15,0,0,0,0,0,10,5,0,0,0,27,11,estimated from season exits versus eligible schedule | 27 eligible events not entered,Amateur,normal,,,false,false,false,false,0,0,0,,0,false,,amateur,amateur,,,true,true,
2034/35,wp-lorenzo-whitaker,Lorenzo Whitaker,31,SWE,Amateur,Amateur,false,false,false,,0,0,,Amateur,,,,,,,,,,,,,70,72,72,69,70,85,70,0,27,0,0,0,,0,,,,,,,0,0,39,27,12,69.23076923076923,0,0,423766,"{""matches"":39,""wins"":27,""losses"":12,""draws"":0,""winPercentage"":69.23076923076923,""eventsEntered"":0,""titles"":0,""finals"":0,""prizeMoney"":423766,""points"":0}",,,,,,,,,,,,,,92,,false,false,false,,104,42,15,0,0,0,0,0,10,5,0,0,0,27,11,estimated from season exits versus eligible schedule | 27 eligible events not entered,Amateur,normal,,,false,false,false,false,0,0,0,,0,false,,amateur,amateur,,,true,true,
2034/35,wp-lorenzo-yates,Lorenzo Yates,30,ENG,Amateur,Amateur,false,false,false,,0,0,,Amateur,,,,,,,,,,,,,72,72,74,70,72,90,82,0,18,0,0,0,,0,,,,,,,0,0,12,12,0,100,0,0,0,"{""matches"":12,""wins"":12,""losses"":0,""draws"":0,""winPercentage"":100,""eventsEntered"":0,""titles"":0,""finals"":0,""prizeMoney"":0,""points"":0}",,,,,,,,,,,,,,,,false,false,false,,104,42,15,0,0,0,0,0,10,5,0,0,0,27,11,estimated from season exits versus eligible schedule | 27 eligible events not entered,Amateur,normal,,,false,false,false,false,0,0,0,,0,false,,amateur,amateur,,,true,true,
2034/35,wp-luca-mercer-a,Luca Mercer A,20,ENG,Amateur,Q School,false,false,false,,0,0,,Amateur,102,102,,102,,,13,10,12,,102,,67,82,69,65,66,80,66,10,23,5,3,2,60,0,,,,,,,72266,449,41,26,15,63.41463414634146,0,0,143954,"{""matches"":41,""wins"":26,""losses"":15,""draws"":0,""winPercentage"":63.41463414634146,""eventsEntered"":0,""titles"":0,""finals"":0,""prizeMoney"":143954,""points"":0}",,,,,,,,,,,,,,102,,false,false,false,,104,42,4,0,0,0,0,0,0,4,0,0,0,38,22,estimated from season exits versus eligible schedule | 38 eligible events not entered,Q School,normal,,,false,false,false,false,3,6,143954,,0,false,,qSchool,qSchool,,,true,true,
2034/35,wp-luca-mercer-b,Luca Mercer B,20,ENG,Amateur,Q School,false,false,false,,0,0,,Amateur,103,103,,103,,,3,3,5,,103,,70,92,72,68,69,83,66,10,23,5,3,2,60,0,,,,,,,71977,447,33,21,12,63.63636363636363,0,0,143375,"{""matches"":33,""wins"":21,""losses"":12,""draws"":0,""winPercentage"":63.63636363636363,""eventsEntered"":0,""titles"":0,""finals"":0,""prizeMoney"":143375,""points"":0}",,,,,,,,,,,,,,103,,false,false,false,,104,42,4,0,0,0,0,0,0,4,0,0,0,38,22,estimated from season exits versus eligible schedule | 38 eligible events not entered,Q School,normal,,,false,false,false,false,3,6,143375,,0,false,,qSchool,qSchool,,,true,true,
2034/35,wp-luca-mercer-c,Luca Mercer C,20,ENG,Amateur,Q School,false,false,false,,0,0,,Amateur,104,104,,104,,,1,1,2,,104,,72,98,74,70,71,85,66,10,23,5,3,2,60,0,,,,,,,71688,446,26,17,9,65.38461538461539,0,0,142797,"{""matches"":26,""wins"":17,""losses"":9,""draws"":0,""winPercentage"":65.38461538461539,""eventsEntered"":0,""titles"":0,""finals"":0,""prizeMoney"":142797,""points"":0}",,,,,,,,,,,,,,104,,false,false,false,,104,42,4,0,0,0,0,0,0,4,0,0,0,38,22,estimated from season exits versus eligible schedule | 38 eligible events not entered,Q School,normal,,,false,false,false,false,3,6,142797,,0,false,,qSchool,qSchool,,,true,true,
2034/35,wp-luca-mercer-e,Luca Mercer E,15,SCO,Youth,Amateur,false,false,false,,0,0,,Amateur,,,,,,,,,,,,,63,81,65,60,62,74,65,16,18,7,4,3,57.14285714285714,0,,,,,,,0,92,7,4,3,57.14285714285714,0,0,0,"{""matches"":7,""wins"":4,""losses"":3,""draws"":0,""winPercentage"":57.14285714285714,""eventsEntered"":0,""titles"":0,""finals"":0,""prizeMoney"":0,""points"":0}",,,,,,,,,,,,,,,,false,false,false,,104,61,10,0,0,0,0,0,5,5,0,0,0,51,16,estimated from season exits versus eligible schedule | 51 eligible events not entered,Youth,normal,,,false,false,false,false,0,0,0,,0,false,,youth,youth,,,true,true,
2034/35,wp-luca-mercer-f,Luca Mercer F,15,SCO,Youth,Amateur,false,false,false,,0,0,,Amateur,,,,,,,,,,,,,50,81,52,44,50,59,42,0,18,,,,,,,,,,,,,,0,0,0,0,0,0,0,"{""matches"":0,""wins"":0,""losses"":0,""draws"":0,""winPercentage"":0,""eventsEntered"":0,""titles"":0,""finals"":0,""prizeMoney"":0,""points"":0}",,,,,,,,,,,,,,,,,false,false,,104,61,10,0,0,0,0,0,5,5,0,0,0,51,16,estimated from season exits versus eligible schedule | 51 eligible events not entered,Youth,normal,,,false,false,false,false,0,0,0,,0,false,,youth,youth,,,true,true,
2034/35,wp-malik-ashford,Malik Ashford,34,BEL,Amateur,Amateur,false,false,false,,0,0,,Amateur,,,,,,,,,,,,,72,72,74,70,71,90,82,0,18,0,0,0,,0,,,,,,,0,0,12,12,0,100,0,0,0,"{""matches"":12,""wins"":12,""losses"":0,""draws"":0,""winPercentage"":100,""eventsEntered"":0,""titles"":0,""finals"":0,""prizeMoney"":0,""points"":0}",,,,,,,,,,,,,,,,false,false,false,,104,42,15,0,0,0,0,0,10,5,0,0,0,27,11,estimated from season exits versus eligible schedule | 27 eligible events not entered,Amateur,normal,,,false,false,false,false,0,0,0,,0,false,,amateur,amateur,,,true,true,
2034/35,wp-malik-barker,Malik Barker,30,AUS,Amateur,Amateur,false,false,false,,0,0,,Amateur,,,,,,,,,,,,,72,72,74,70,72,90,82,0,18,0,0,0,,0,,,,,,,0,0,14,14,0,100,0,0,0,"{""matches"":14,""wins"":14,""losses"":0,""draws"":0,""winPercentage"":100,""eventsEntered"":0,""titles"":0,""finals"":0,""prizeMoney"":0,""points"":0}",,,,,,,,,,,,,,,,false,false,false,,104,42,15,0,0,0,0,0,10,5,0,0,0,27,11,estimated from season exits versus eligible schedule | 27 eligible events not entered,Amateur,normal,,,false,false,false,false,0,0,0,,0,false,,amateur,amateur,,,true,true,
2034/35,wp-malik-caldwell,Malik Caldwell,25,PAK,Amateur,Q Tour,false,false,false,,0,0,,Amateur,,,,,,,20,25,,,,,68,71,70,66,66,78,64,22,24,9,5,4,55.55555555555556,0,,,,,,,0,247,93,63,30,67.74193548387096,0,0,182688,"{""matches"":93,""wins"":63,""losses"":30,""draws"":0,""winPercentage"":67.74193548387096,""eventsEntered"":0,""titles"":0,""finals"":0,""prizeMoney"":182688,""points"":0}",,,,,,,,,,,,,,101,,false,false,false,,104,42,7,0,0,0,0,0,2,5,0,0,0,35,19,estimated from season exits versus eligible schedule | 35 eligible events not entered,Q Tour,normal,,,false,false,false,false,0,0,0,,0,false,,qTour,qTour,,,true,true,
2034/35,wp-malik-easton,Malik Easton,39,FRA,Amateur,Amateur,false,false,false,,0,0,,Amateur,,,,,,,,,,,,,72,72,73,70,69,90,81,0,18,0,0,0,,0,,,,,,,0,0,12,12,0,100,0,0,0,"{""matches"":12,""wins"":12,""losses"":0,""draws"":0,""winPercentage"":100,""eventsEntered"":0,""titles"":0,""finals"":0,""prizeMoney"":0,""points"":0}",,,,,,,,,,,,,,,,false,false,false,,104,42,15,0,0,0,0,0,10,5,0,0,0,27,11,estimated from season exits versus eligible schedule | 27 eligible events not entered,Amateur,normal,,,false,false,false,false,0,0,0,,0,false,,amateur,amateur,,,true,true,
2034/35,wp-malik-iversen,Malik Iversen,33,AUS,Amateur,Amateur,false,false,false,,0,0,,Amateur,,,,,,,,,,,,,79,82,81,79,78,97,82,0,30,0,0,0,,0,,,,,,,0,0,12,12,0,100,0,0,349256,"{""matches"":12,""wins"":12,""losses"":0,""draws"":0,""winPercentage"":100,""eventsEntered"":0,""titles"":0,""finals"":0,""prizeMoney"":349256,""points"":0}",,,,,,,,,,,,,,71,,false,false,false,,104,42,15,0,0,0,0,0,10,5,0,0,0,27,11,estimated from season exits versus eligible schedule | 27 eligible events not entered,Amateur,normal,,,false,false,false,false,0,0,0,,0,false,,amateur,amateur,,,true,true,
2034/35,wp-malik-langford,Malik Langford,30,BEL,Amateur,Amateur,false,false,false,,0,0,,Amateur,,,,,,,,,,,,,72,72,74,70,72,90,82,0,18,0,0,0,,0,,,,,,,0,0,12,12,0,100,0,0,0,"{""matches"":12,""wins"":12,""losses"":0,""draws"":0,""winPercentage"":100,""eventsEntered"":0,""titles"":0,""finals"":0,""prizeMoney"":0,""points"":0}",,,,,,,,,,,,,,,,false,false,false,,104,42,15,0,0,0,0,0,10,5,0,0,0,27,11,estimated from season exits versus eligible schedule | 27 eligible events not entered,Amateur,normal,,,false,false,false,false,0,0,0,,0,false,,amateur,amateur,,,true,true,
2034/35,wp-malik-rahman,Malik Rahman,30,FRA,Amateur,Amateur,false,false,false,,0,0,,Amateur,,,,,,,,,,,,,68,70,70,66,68,83,67,0,26,0,0,0,,0,,,,,,,0,0,60,37,23,61.66666666666667,0,0,384452,"{""matches"":60,""wins"":37,""losses"":23,""draws"":0,""winPercentage"":61.66666666666667,""eventsEntered"":0,""titles"":0,""finals"":0,""prizeMoney"":384452,""points"":0}",,,,,,,,,,,,,,93,,false,false,false,,104,42,15,0,0,0,0,0,10,5,0,0,0,27,11,estimated from season exits versus eligible schedule | 27 eligible events not entered,Amateur,normal,,,false,false,false,false,0,0,0,,0,false,,amateur,amateur,,,true,true,
2034/35,wp-malik-rossi,Malik Rossi,39,SCO,Amateur,Amateur,false,false,false,,0,0,,Amateur,,,,,,,,,,,,,67,67,68,65,64,83,71,0,20,0,0,0,,0,,,,,,,0,0,23,17,6,73.91304347826086,0,0,156190,"{""matches"":23,""wins"":17,""losses"":6,""draws"":0,""winPercentage"":73.91304347826086,""eventsEntered"":0,""titles"":0,""finals"":0,""prizeMoney"":156190,""points"":0}",,,,,,,,,,,,,,120,,false,false,false,,104,42,15,0,0,0,0,0,10,5,0,0,0,27,11,estimated from season exits versus eligible schedule | 27 eligible events not entered,Amateur,normal,,,false,false,false,false,0,0,0,,0,false,,amateur,amateur,,,true,true,
2034/35,wp-malik-sorensen,Malik Sorensen,34,IRL,Amateur,Amateur,false,false,false,,0,0,,Amateur,,,,,,,,,,,,,67,68,69,65,66,82,69,0,23,0,0,0,,0,,,,,,,0,0,61,41,20,67.21311475409836,0,0,160429,"{""matches"":61,""wins"":41,""losses"":20,""draws"":0,""winPercentage"":67.21311475409836,""eventsEntered"":0,""titles"":0,""finals"":0,""prizeMoney"":160429,""points"":0}",,,,,,,,,,,,,,106,,false,false,false,,104,42,15,0,0,0,0,0,10,5,0,0,0,27,11,estimated from season exits versus eligible schedule | 27 eligible events not entered,Amateur,normal,,,false,false,false,false,0,0,0,,0,false,,amateur,amateur,,,true,true,
2034/35,wp-malik-yates,Malik Yates,37,SCO,Amateur,Amateur,false,false,false,,0,0,,Amateur,,,,,,,,,,,,,72,72,73,70,70,90,82,0,18,0,0,0,,0,,,,,,,0,0,8,8,0,100,0,0,0,"{""matches"":8,""wins"":8,""losses"":0,""draws"":0,""winPercentage"":100,""eventsEntered"":0,""titles"":0,""finals"":0,""prizeMoney"":0,""points"":0}",,,,,,,,,,,,,,,,false,false,false,,104,42,15,0,0,0,0,0,10,5,0,0,0,27,11,estimated from season exits versus eligible schedule | 27 eligible events not entered,Amateur,normal,,,false,false,false,false,0,0,0,,0,false,,amateur,amateur,,,true,true,
2034/35,wp-mateo-barker,Mateo Barker,61,GER,Veteran,Senior Tour / Legend Circuit,false,false,false,,0,0,,Amateur,,,,,,,,,,6,,,70,70,67,67,55,73,55,53,24,6,5,1,83.33333333333334,0,,,,,,,0,192,36,30,6,83.33333333333334,3,0,0,"{""matches"":36,""wins"":30,""losses"":6,""draws"":0,""winPercentage"":83.33333333333334,""eventsEntered"":0,""titles"":3,""finals"":0,""prizeMoney"":0,""points"":0}",,,,,,,,,,,,,,,,false,false,false,,104,14,11,0,0,0,0,0,0,0,0,0,11,3,0,estimated from season exits versus eligible schedule | 3 eligible events not entered,Senior/Legend,normal,,,false,false,false,false,0,0,0,,1,false,,amateur,senior,,,true,true,
2034/35,wp-mateo-caldwell,Mateo Caldwell,31,THA,Amateur,Amateur,false,false,false,,0,0,,Amateur,,,,,,,,,,,,,72,72,74,70,72,90,82,0,18,0,0,0,,0,,,,,,,0,0,8,8,0,100,0,0,0,"{""matches"":8,""wins"":8,""losses"":0,""draws"":0,""winPercentage"":100,""eventsEntered"":0,""titles"":0,""finals"":0,""prizeMoney"":0,""points"":0}",,,,,,,,,,,,,,,,false,false,false,,104,42,15,0,0,0,0,0,10,5,0,0,0,27,11,estimated from season exits versus eligible schedule | 27 eligible events not entered,Amateur,normal,,,false,false,false,false,0,0,0,,0,false,,amateur,amateur,,,true,true,
2034/35,wp-mateo-easton,Mateo Easton,39,SWE,Amateur,Amateur,false,false,false,,0,0,,Amateur,,,,,,,,,,,,,72,72,73,70,69,90,81,0,18,0,0,0,,0,,,,,,,0,0,8,8,0,100,0,0,0,"{""matches"":8,""wins"":8,""losses"":0,""draws"":0,""winPercentage"":100,""eventsEntered"":0,""titles"":0,""finals"":0,""prizeMoney"":0,""points"":0}",,,,,,,,,,,,,,,,false,false,false,,104,42,15,0,0,0,0,0,10,5,0,0,0,27,11,estimated from season exits versus eligible schedule | 27 eligible events not entered,Amateur,normal,,,false,false,false,false,0,0,0,,0,false,,amateur,amateur,,,true,true,
2034/35,wp-mateo-forster,Mateo Forster,34,ENG,Amateur,Amateur,false,false,false,,0,0,,Amateur,,,,,,,,,,,,,72,72,74,70,71,90,82,0,18,0,0,0,,0,,,,,,,0,0,10,10,0,100,0,0,0,"{""matches"":10,""wins"":10,""losses"":0,""draws"":0,""winPercentage"":100,""eventsEntered"":0,""titles"":0,""finals"":0,""prizeMoney"":0,""points"":0}",,,,,,,,,,,,,,,,false,false,false,,104,42,15,0,0,0,0,0,10,5,0,0,0,27,11,estimated from season exits versus eligible schedule | 27 eligible events not entered,Amateur,normal,,,false,false,false,false,0,0,0,,0,false,,amateur,amateur,,,true,true,
2034/35,wp-mateo-nakamura,Mateo Nakamura,31,GER,Amateur,Amateur,false,false,false,,0,0,,Amateur,,,,,,,,,,,,,70,72,72,69,70,86,71,0,26,0,0,0,,0,,,,,,,0,0,41,30,11,73.17073170731707,0,0,363062,"{""matches"":41,""wins"":30,""losses"":11,""draws"":0,""winPercentage"":73.17073170731707,""eventsEntered"":0,""titles"":0,""finals"":0,""prizeMoney"":363062,""points"":0}",,,,,,,,,,,,,,94,,false,false,false,,104,42,15,0,0,0,0,0,10,5,0,0,0,27,11,estimated from season exits versus eligible schedule | 27 eligible events not entered,Amateur,normal,,,false,false,false,false,0,0,0,,0,false,,amateur,amateur,,,true,true,
2034/35,wp-mateo-novak,Mateo Novak,40,NIR,Veteran,Amateur,false,false,false,,0,0,,Amateur,,,,,,,,,,,,,74,75,75,73,70,91,80,1,21,0,0,0,,0,,,,,,,0,0,12,12,0,100,0,0,167604,"{""matches"":12,""wins"":12,""losses"":0,""draws"":0,""winPercentage"":100,""eventsEntered"":0,""titles"":0,""finals"":0,""prizeMoney"":167604,""points"":0}",,,,,,,,,,,,,,114,,false,false,false,,104,44,15,0,0,0,0,0,10,5,0,0,0,29,11,estimated from season exits versus eligible schedule | 29 eligible events not entered,Amateur,normal,,,false,false,false,false,0,0,0,,0,false,,amateur,amateur,,,true,true,
2034/35,wp-mateo-urban,Mateo Urban,35,POL,Amateur,Amateur,false,false,false,,0,0,,Amateur,,,,,,,,,,,,,66,67,68,63,64,81,66,0,22,0,0,0,,0,,,,,,,0,0,80,48,32,60,0,0,121695,"{""matches"":80,""wins"":48,""losses"":32,""draws"":0,""winPercentage"":60,""eventsEntered"":0,""titles"":0,""finals"":0,""prizeMoney"":121695,""points"":0}",,,,,,,,,,,,,,108,,false,false,false,,104,42,15,0,0,0,0,0,10,5,0,0,0,27,11,estimated from season exits versus eligible schedule | 27 eligible events not entered,Amateur,normal,,,false,false,false,false,0,0,0,,0,false,,amateur,amateur,,,true,true,
2034/35,wp-mateo-verma,Mateo Verma,30,IND,Amateur,Amateur,false,false,false,,0,0,,Amateur,,,,,,,,,,,,,72,72,74,70,72,90,82,0,18,0,0,0,,0,,,,,,,0,0,14,14,0,100,0,0,0,"{""matches"":14,""wins"":14,""losses"":0,""draws"":0,""winPercentage"":100,""eventsEntered"":0,""titles"":0,""finals"":0,""prizeMoney"":0,""points"":0}",,,,,,,,,,,,,,,,false,false,false,,104,42,15,0,0,0,0,0,10,5,0,0,0,27,11,estimated from season exits versus eligible schedule | 27 eligible events not entered,Amateur,normal,,,false,false,false,false,0,0,0,,0,false,,amateur,amateur,,,true,true,
2034/35,wp-mika-keane-b,Mika Keane B,20,IRL,Amateur,Q School,false,false,false,,0,0,,Amateur,106,106,,106,,,4,4,6,,106,,70,91,72,68,69,83,66,10,23,5,3,2,60,0,,,,,,,70242,437,36,24,12,66.66666666666666,0,0,140195,"{""matches"":36,""wins"":24,""losses"":12,""draws"":0,""winPercentage"":66.66666666666666,""eventsEntered"":0,""titles"":0,""finals"":0,""prizeMoney"":140195,""points"":0}",,,,,,,,,,,,,,106,,false,false,false,,104,42,4,0,0,0,0,0,0,4,0,0,0,38,22,estimated from season exits versus eligible schedule | 38 eligible events not entered,Q School,normal,,,false,false,false,false,3,6,140195,,0,false,,qSchool,qSchool,,,true,true,
2034/35,wp-mika-keane-c,Mika Keane C,20,IRL,Amateur,Q School,false,false,false,,0,0,,Amateur,107,107,,107,,,2,2,3,,107,,72,97,74,70,71,85,66,10,23,5,3,2,60,0,,,,,,,69953,435,28,19,9,67.85714285714286,0,0,139617,"{""matches"":28,""wins"":19,""losses"":9,""draws"":0,""winPercentage"":67.85714285714286,""eventsEntered"":0,""titles"":0,""finals"":0,""prizeMoney"":139617,""points"":0}",,,,,,,,,,,,,,107,,false,false,false,,104,42,4,0,0,0,0,0,0,4,0,0,0,38,22,estimated from season exits versus eligible schedule | 38 eligible events not entered,Q School,normal,,,false,false,false,false,3,6,139617,,0,false,,qSchool,qSchool,,,true,true,
2034/35,wp-mika-keane-d,Mika Keane D,17,IRL,Youth,Amateur,false,false,false,,0,0,,Amateur,,,,,,,,,,,,,64,75,66,61,62,75,67,19,18,8,5,3,62.5,0,,,,,,,0,115,17,11,6,64.70588235294117,0,0,0,"{""matches"":17,""wins"":11,""losses"":6,""draws"":0,""winPercentage"":64.70588235294117,""eventsEntered"":0,""titles"":0,""finals"":0,""prizeMoney"":0,""points"":0}",,,,,,,,,,,,,,,,false,false,false,,104,61,10,0,0,0,0,0,5,5,0,0,0,51,16,estimated from season exits versus eligible schedule | 51 eligible events not entered,Youth,normal,,,false,false,false,false,0,0,0,,0,false,,youth,youth,,,true,true,
2034/35,wp-mika-keane-e,Mika Keane E,16,CHN,Youth,Amateur,false,false,false,,0,0,,Amateur,,,,,,,,,,,,,64,83,66,61,62,75,67,19,18,8,5,3,62.5,0,,,,,,,0,111,8,5,3,62.5,0,0,0,"{""matches"":8,""wins"":5,""losses"":3,""draws"":0,""winPercentage"":62.5,""eventsEntered"":0,""titles"":0,""finals"":0,""prizeMoney"":0,""points"":0}",,,,,,,,,,,,,,,,false,false,false,,104,61,10,0,0,0,0,0,5,5,0,0,0,51,16,estimated from season exits versus eligible schedule | 51 eligible events not entered,Youth,normal,,,false,false,false,false,0,0,0,,0,false,,youth,youth,,,true,true,
2034/35,wp-mika-keane-f,Mika Keane F,16,CHN,Youth,Amateur,false,false,false,,0,0,,Amateur,,,,,,,,,,,,,52,89,54,46,52,61,42,0,18,,,,,,,,,,,,,,0,0,0,0,0,0,0,"{""matches"":0,""wins"":0,""losses"":0,""draws"":0,""winPercentage"":0,""eventsEntered"":0,""titles"":0,""finals"":0,""prizeMoney"":0,""points"":0}",,,,,,,,,,,,,,,,,false,false,,104,61,10,0,0,0,0,0,5,5,0,0,0,51,16,estimated from season exits versus eligible schedule | 51 eligible events not entered,Youth,normal,,,false,false,false,false,0,0,0,,0,false,,youth,youth,,,true,true,
2034/35,wp-nathan-caldwell,Nathan Caldwell,62,BEL,Veteran,Senior Tour / Legend Circuit,false,false,false,,0,0,,Amateur,,,,,,,,,,7,,,73,75,69,70,57,75,52,54,27,6,5,1,83.33333333333334,0,,,,,,,0,191,56,47,9,83.92857142857143,1,0,259108,"{""matches"":56,""wins"":47,""losses"":9,""draws"":0,""winPercentage"":83.92857142857143,""eventsEntered"":0,""titles"":1,""finals"":0,""prizeMoney"":259108,""points"":0}",,,,,,,,,,,,,,96,,false,false,false,,104,14,11,0,0,0,0,0,0,0,0,0,11,3,0,estimated from season exits versus eligible schedule | 3 eligible events not entered,Senior/Legend,normal,,,false,false,false,false,0,0,0,,0,false,,amateur,senior,,,true,true,
2034/35,wp-nathan-iqbal,Nathan Iqbal,62,PAK,Veteran,Senior Tour / Legend Circuit,false,false,false,,0,0,,Amateur,,,,,,,,,,8,,,66,66,62,61,50,67,52,57,18,7,6,1,85.71428571428571,0,,,,,,,0,218,48,35,13,72.91666666666666,0,0,0,"{""matches"":48,""wins"":35,""losses"":13,""draws"":0,""winPercentage"":72.91666666666666,""eventsEntered"":0,""titles"":0,""finals"":0,""prizeMoney"":0,""points"":0}",,,,,,,,,,,,,,,,false,false,false,,104,14,11,0,0,0,0,0,0,0,0,0,11,3,0,estimated from season exits versus eligible schedule | 3 eligible events not entered,Senior/Legend,normal,,,false,false,false,false,0,0,0,,0,false,,amateur,senior,,,true,true,
2034/35,wp-nathan-otero,Nathan Otero,24,CHN,Amateur,Q School,false,false,false,,0,0,,Amateur,108,108,,108,,,36,,30,,108,,68,72,70,66,67,81,66,10,23,5,3,2,60,0,,,,,,,69664,433,89,64,25,71.91011235955057,0,0,296578,"{""matches"":89,""wins"":64,""losses"":25,""draws"":0,""winPercentage"":71.91011235955057,""eventsEntered"":0,""titles"":0,""finals"":0,""prizeMoney"":296578,""points"":0}",,,,,,,,,,,,,,108,,false,false,false,,104,42,4,0,0,0,0,0,0,4,0,0,0,38,22,estimated from season exits versus eligible schedule | 38 eligible events not entered,Q School,normal,,,false,false,false,false,3,6,139039,,0,false,,qTour,qSchool,,,true,true,
2034/35,wp-nathan-tanaka,Nathan Tanaka,60,PAK,Veteran,Amateur,false,false,false,,0,0,,Amateur,,,,,,,,,,,,,81,85,78,80,68,88,60,33,34,0,0,0,,0,,,,,,,0,0,12,12,0,100,0,0,511696,"{""matches"":12,""wins"":12,""losses"":0,""draws"":0,""winPercentage"":100,""eventsEntered"":0,""titles"":0,""finals"":0,""prizeMoney"":511696,""points"":0}",,,,,,,,,,,,,,56,,false,false,false,,104,44,15,0,0,0,0,0,10,5,0,0,0,29,11,estimated from season exits versus eligible schedule | 29 eligible events not entered,Amateur,normal,,,false,false,false,false,0,0,0,,0,false,,senior,amateur,,,true,true,
2034/35,wp-nathan-urban,Nathan Urban,39,AUS,Amateur,Amateur,false,false,false,,0,0,,Amateur,,,,,,,,,,,,,67,69,68,65,64,81,65,1,25,0,0,0,,0,,,,,,,0,0,25,15,10,60,0,0,165633,"{""matches"":25,""wins"":15,""losses"":10,""draws"":0,""winPercentage"":60,""eventsEntered"":0,""titles"":0,""finals"":0,""prizeMoney"":165633,""points"":0}",,,,,,,,,,,,,,95,,false,false,false,,104,42,15,0,0,0,0,0,10,5,0,0,0,27,11,estimated from season exits versus eligible schedule | 27 eligible events not entered,Amateur,normal,,,false,false,false,false,0,0,0,,0,false,,amateur,amateur,,,true,true,
2034/35,wp-nathan-verma,Nathan Verma,36,PAK,Amateur,Amateur,false,false,false,,0,0,,Amateur,,,,,,,,,,,,,66,67,68,64,64,81,66,0,23,0,0,0,,0,,,,,,,0,0,83,50,33,60.24096385542169,0,0,123140,"{""matches"":83,""wins"":50,""losses"":33,""draws"":0,""winPercentage"":60.24096385542169,""eventsEntered"":0,""titles"":0,""finals"":0,""prizeMoney"":123140,""points"":0}",,,,,,,,,,,,,,105,,false,false,false,,104,42,15,0,0,0,0,0,10,5,0,0,0,27,11,estimated from season exits versus eligible schedule | 27 eligible events not entered,Amateur,normal,,,false,false,false,false,0,0,0,,0,false,,amateur,amateur,,,true,true,
2034/35,wp-nathan-whitaker,Nathan Whitaker,30,NOR,Amateur,Amateur,false,false,false,,0,0,,Amateur,,,,,,,,,,,,,72,72,74,70,72,90,82,0,18,0,0,0,,0,,,,,,,0,0,14,14,0,100,0,0,0,"{""matches"":14,""wins"":14,""losses"":0,""draws"":0,""winPercentage"":100,""eventsEntered"":0,""titles"":0,""finals"":0,""prizeMoney"":0,""points"":0}",,,,,,,,,,,,,,,,false,false,false,,104,42,15,0,0,0,0,0,10,5,0,0,0,27,11,estimated from season exits versus eligible schedule | 27 eligible events not entered,Amateur,normal,,,false,false,false,false,0,0,0,,0,false,,amateur,amateur,,,true,true,
2034/35,wp-nathan-yates,Nathan Yates,29,FRA,Amateur,Amateur,false,false,false,,0,0,,Amateur,,,,,,,,,,,,,64,64,66,62,64,79,67,0,22,0,0,0,,0,,,,,,,0,0,67,39,28,58.2089552238806,2,0,0,"{""matches"":67,""wins"":39,""losses"":28,""draws"":0,""winPercentage"":58.2089552238806,""eventsEntered"":0,""titles"":2,""finals"":0,""prizeMoney"":0,""points"":0}",,,,,,,,,,,,,,,,false,false,false,,104,42,15,0,0,0,0,0,10,5,0,0,0,27,11,estimated from season exits versus eligible schedule | 27 eligible events not entered,Amateur,normal,,,false,false,false,false,0,0,0,,0,false,,amateur,amateur,,,true,true,
2034/35,wp-niall-ashford,Niall Ashford,36,GER,Amateur,Amateur,false,false,false,,0,0,,Amateur,,,,,,,,,,,,,72,72,74,70,70,90,82,0,18,0,0,0,,0,,,,,,,0,0,8,8,0,100,0,0,0,"{""matches"":8,""wins"":8,""losses"":0,""draws"":0,""winPercentage"":100,""eventsEntered"":0,""titles"":0,""finals"":0,""prizeMoney"":0,""points"":0}",,,,,,,,,,,,,,,,false,false,false,,104,42,15,0,0,0,0,0,10,5,0,0,0,27,11,estimated from season exits versus eligible schedule | 27 eligible events not entered,Amateur,normal,,,false,false,false,false,0,0,0,,0,false,,amateur,amateur,,,true,true,
2034/35,wp-niall-barker,Niall Barker,30,THA,Amateur,Amateur,false,false,false,,0,0,,Amateur,,,,,,,,,,,,,72,72,74,70,72,90,82,0,18,0,0,0,,0,,,,,,,0,0,12,12,0,100,0,0,0,"{""matches"":12,""wins"":12,""losses"":0,""draws"":0,""winPercentage"":100,""eventsEntered"":0,""titles"":0,""finals"":0,""prizeMoney"":0,""points"":0}",,,,,,,,,,,,,,,,false,false,false,,104,42,15,0,0,0,0,0,10,5,0,0,0,27,11,estimated from season exits versus eligible schedule | 27 eligible events not entered,Amateur,normal,,,false,false,false,false,0,0,0,,0,false,,amateur,amateur,,,true,true,
2034/35,wp-niall-caldwell,Niall Caldwell,25,CAN,Amateur,Q Tour,false,false,false,,0,0,,Amateur,,,,,,,21,26,,,,,67,70,69,65,65,77,66,25,23,10,6,4,60,0,,,,,,,0,285,86,58,28,67.44186046511628,0,0,159562,"{""matches"":86,""wins"":58,""losses"":28,""draws"":0,""winPercentage"":67.44186046511628,""eventsEntered"":0,""titles"":0,""finals"":0,""prizeMoney"":159562,""points"":0}",,,,,,,,,,,,,,106,,false,false,false,,104,42,7,0,0,0,0,0,2,5,0,0,0,35,19,estimated from season exits versus eligible schedule | 35 eligible events not entered,Q Tour,normal,,,false,false,false,false,0,0,0,,0,false,,qTour,qTour,,,true,true,
2034/35,wp-niall-drayton,Niall Drayton,50,SWE,Veteran,Senior Tour / Legend Circuit,false,false,false,,0,0,,Amateur,,,,,,,,,,24,,,67,67,66,63,57,73,58,36,20,6,4,2,66.66666666666666,0,,,,,,,0,148,50,36,14,72,1,0,0,"{""matches"":50,""wins"":36,""losses"":14,""draws"":0,""winPercentage"":72,""eventsEntered"":0,""titles"":1,""finals"":0,""prizeMoney"":0,""points"":0}",,,,,,,,,,,,,,,,false,false,false,,104,14,11,0,0,0,0,0,0,0,0,0,11,3,0,estimated from season exits versus eligible schedule | 3 eligible events not entered,Senior/Legend,normal,,,false,false,false,false,0,0,0,,0,false,,amateur,senior,,,true,true,
2034/35,wp-niall-forster,Niall Forster,30,NIR,Amateur,Amateur,false,false,false,,0,0,,Amateur,,,,,,,,,,,,,72,72,74,70,72,90,82,0,18,0,0,0,,0,,,,,,,0,0,12,12,0,100,0,0,0,"{""matches"":12,""wins"":12,""losses"":0,""draws"":0,""winPercentage"":100,""eventsEntered"":0,""titles"":0,""finals"":0,""prizeMoney"":0,""points"":0}",,,,,,,,,,,,,,,,false,false,false,,104,42,15,0,0,0,0,0,10,5,0,0,0,27,11,estimated from season exits versus eligible schedule | 27 eligible events not entered,Amateur,normal,,,false,false,false,false,0,0,0,,0,false,,amateur,amateur,,,true,true,
2034/35,wp-niall-grimaldi,Niall Grimaldi,34,WAL,Amateur,Amateur,false,false,false,,0,0,,Amateur,,,,,,,,,,,,,75,76,77,74,74,93,82,0,24,0,0,0,,0,,,,,,,0,0,12,12,0,100,0,0,231822,"{""matches"":12,""wins"":12,""losses"":0,""draws"":0,""winPercentage"":100,""eventsEntered"":0,""titles"":0,""finals"":0,""prizeMoney"":231822,""points"":0}",,,,,,,,,,,,,,103,,false,false,false,,104,42,15,0,0,0,0,0,10,5,0,0,0,27,11,estimated from season exits versus eligible schedule | 27 eligible events not entered,Amateur,normal,,,false,false,false,false,0,0,0,,0,false,,amateur,amateur,,,true,true,
2034/35,wp-niall-lombardi,Niall Lombardi,37,WAL,Amateur,Amateur,false,false,false,,0,0,,Amateur,,,,,,,,,,,,,71,73,72,70,69,87,73,0,29,0,0,0,,0,,,,,,,0,0,37,27,10,72.97297297297297,2,0,165055,"{""matches"":37,""wins"":27,""losses"":10,""draws"":0,""winPercentage"":72.97297297297297,""eventsEntered"":0,""titles"":2,""finals"":0,""prizeMoney"":165055,""points"":0}",,,,,,,,,,,,,,96,,false,false,false,,104,42,15,0,0,0,0,0,10,5,0,0,0,27,11,estimated from season exits versus eligible schedule | 27 eligible events not entered,Amateur,normal,,,false,false,false,false,0,0,0,,0,false,,amateur,amateur,,,true,true,
2034/35,wp-niall-sorensen,Niall Sorensen,56,NIR,Veteran,Amateur,false,false,false,,0,0,,Amateur,,,,,,,,,,,,,69,71,67,65,58,75,51,27,24,0,0,0,,0,,,,,,,0,0,25,17,8,68,0,0,126899,"{""matches"":25,""wins"":17,""losses"":8,""draws"":0,""winPercentage"":68,""eventsEntered"":0,""titles"":0,""finals"":0,""prizeMoney"":126899,""points"":0}",,,,,,,,,,,,,,97,,false,false,false,,104,44,15,0,0,0,0,0,10,5,0,0,0,29,11,estimated from season exits versus eligible schedule | 29 eligible events not entered,Amateur,normal,,,false,false,false,false,0,0,0,,0,false,,amateur,amateur,,,true,true,
2034/35,wp-niall-tremblay,Niall Tremblay,31,POL,Amateur,Amateur,false,false,false,,0,0,,Amateur,,,,,,,,,,,,,72,72,74,70,72,90,82,0,18,0,0,0,,0,,,,,,,0,0,14,14,0,100,0,0,0,"{""matches"":14,""wins"":14,""losses"":0,""draws"":0,""winPercentage"":100,""eventsEntered"":0,""titles"":0,""finals"":0,""prizeMoney"":0,""points"":0}",,,,,,,,,,,,,,,,false,false,false,,104,42,15,0,0,0,0,0,10,5,0,0,0,27,11,estimated from season exits versus eligible schedule | 27 eligible events not entered,Amateur,normal,,,false,false,false,false,0,0,0,,0,false,,amateur,amateur,,,true,true,
2034/35,wp-noah-bennett,Noah Bennett,24,IRL,Amateur,Q School,false,false,false,,0,0,,Amateur,,,,,,,14,16,4,,,,70,89,72,68,67,79,69,36,25,14,9,5,64.28571428571429,0,,,,,,,0,353,79,54,25,68.35443037974683,1,0,275477,"{""matches"":79,""wins"":54,""losses"":25,""draws"":0,""winPercentage"":68.35443037974683,""eventsEntered"":0,""titles"":1,""finals"":0,""prizeMoney"":275477,""points"":0}",,,,,,,,,,,,,,107,,false,false,false,,104,42,5,0,0,0,0,0,1,4,0,0,0,37,21,estimated from season exits versus eligible schedule | 37 eligible events not entered,Q School,too high,,,false,false,false,false,0,3,68508,,0,false,failed Q School campaigns,qSchool,qSchool,,,true,true,
2034/35,wp-noah-bennett-e,Noah Bennett E,16,AUS,Youth,Amateur,false,false,false,,0,0,,Amateur,,,,,,,,,,,,,70,94,72,67,69,83,72,18,18,8,6,2,75,0,,,,,,,0,142,17,13,4,76.47058823529412,0,0,0,"{""matches"":17,""wins"":13,""losses"":4,""draws"":0,""winPercentage"":76.47058823529412,""eventsEntered"":0,""titles"":0,""finals"":0,""prizeMoney"":0,""points"":0}",,,,,,,,,,,,,,,,false,false,false,,104,61,10,0,0,0,0,0,5,5,0,0,0,51,16,estimated from season exits versus eligible schedule | 51 eligible events not entered,Youth,normal,,,false,false,false,false,0,0,0,,0,false,,youth,youth,,,true,true,
2034/35,wp-noah-bennett-f,Noah Bennett F,16,AUS,Youth,Amateur,false,false,false,,0,0,,Amateur,,,,,,,,,,,,,66,91,68,63,64,77,67,19,18,8,5,3,62.5,0,,,,,,,0,113,8,5,3,62.5,0,0,0,"{""matches"":8,""wins"":5,""losses"":3,""draws"":0,""winPercentage"":62.5,""eventsEntered"":0,""titles"":0,""finals"":0,""prizeMoney"":0,""points"":0}",,,,,,,,,,,,,,,,false,false,false,,104,61,10,0,0,0,0,0,5,5,0,0,0,51,16,estimated from season exits versus eligible schedule | 51 eligible events not entered,Youth,normal,,,false,false,false,false,0,0,0,,0,false,,youth,youth,,,true,true,
2034/35,wp-noah-bennett-g,Noah Bennett G,16,AUS,Youth,Amateur,false,false,false,,0,0,,Amateur,,,,,,,,,,,,,50,78,52,44,50,59,42,0,18,,,,,,,,,,,,,,0,0,0,0,0,0,0,"{""matches"":0,""wins"":0,""losses"":0,""draws"":0,""winPercentage"":0,""eventsEntered"":0,""titles"":0,""finals"":0,""prizeMoney"":0,""points"":0}",,,,,,,,,,,,,,,,,false,false,,104,61,10,0,0,0,0,0,5,5,0,0,0,51,16,estimated from season exits versus eligible schedule | 51 eligible events not entered,Youth,normal,,,false,false,false,false,0,0,0,,0,false,,youth,youth,,,true,true,
2034/35,wp-oskar-ashford,Oskar Ashford,24,NIR,Amateur,Q School,false,false,false,,0,0,,Amateur,,,,,,,11,19,15,,,,68,72,70,66,66,80,68,19,24,8,5,3,62.5,0,,,,,,,0,253,110,75,35,68.18181818181817,1,0,156961,"{""matches"":110,""wins"":75,""losses"":35,""draws"":0,""winPercentage"":68.18181818181817,""eventsEntered"":0,""titles"":1,""finals"":0,""prizeMoney"":156961,""points"":0}",,,,,,,,,,,,,,108,,false,false,false,,104,42,4,0,0,0,0,0,0,4,0,0,0,38,22,estimated from season exits versus eligible schedule | 38 eligible events not entered,Q School,normal,,,false,false,false,false,0,0,0,,0,false,,qSchool,qSchool,,,true,true,
2034/35,wp-oskar-janssen,Oskar Janssen,33,SWE,Amateur,Amateur,false,false,false,,0,0,,Amateur,,,,,,,,,,,,,72,72,74,70,71,90,82,0,18,0,0,0,,0,,,,,,,0,0,12,12,0,100,0,0,0,"{""matches"":12,""wins"":12,""losses"":0,""draws"":0,""winPercentage"":100,""eventsEntered"":0,""titles"":0,""finals"":0,""prizeMoney"":0,""points"":0}",,,,,,,,,,,,,,,,false,false,false,,104,42,15,0,0,0,0,0,10,5,0,0,0,27,11,estimated from season exits versus eligible schedule | 27 eligible events not entered,Amateur,normal,,,false,false,false,false,0,0,0,,0,false,,amateur,amateur,,,true,true,
2034/35,wp-oskar-otero,Oskar Otero,26,GER,Amateur,Amateur,false,false,false,,0,0,,Amateur,111,111,,111,,,46,,,,111,,70,74,72,68,69,81,58,10,30,5,2,3,40,0,,,,,,,49430,307,99,65,34,65.65656565656566,0,0,670877,"{""matches"":99,""wins"":65,""losses"":34,""draws"":0,""winPercentage"":65.65656565656566,""eventsEntered"":0,""titles"":0,""finals"":0,""prizeMoney"":670877,""points"":0}",,,,,,,,,,,,,,80,,false,false,false,,104,42,15,0,0,0,0,0,10,5,0,0,0,27,11,estimated from season exits versus eligible schedule | 27 eligible events not entered,Amateur,normal,,,false,false,false,false,2,6,135860,,0,false,,qTour,amateur,,,true,true,
2034/35,wp-oskar-petrov,Oskar Petrov,49,JPN,Veteran,Amateur,false,false,false,,0,0,,Amateur,,,,,,,,,,,,,70,71,69,67,62,81,62,16,24,0,0,0,,0,,,,,,,0,0,26,20,6,76.92307692307693,0,0,143376,"{""matches"":26,""wins"":20,""losses"":6,""draws"":0,""winPercentage"":76.92307692307693,""eventsEntered"":0,""titles"":0,""finals"":0,""prizeMoney"":143376,""points"":0}",,,,,,,,,,,,,,99,,false,false,false,,104,44,15,0,0,0,0,0,10,5,0,0,0,29,11,estimated from season exits versus eligible schedule | 29 eligible events not entered,Amateur,normal,,,false,false,false,false,0,0,0,,0,false,,amateur,amateur,,,true,true,
2034/35,wp-oskar-verma,Oskar Verma,30,CAN,Amateur,Amateur,false,false,false,,0,0,,Amateur,,,,,,,,,,,,,66,67,68,64,66,80,65,0,24,0,0,0,,0,,,,,,,0,0,48,27,21,56.25,0,0,161296,"{""matches"":48,""wins"":27,""losses"":21,""draws"":0,""winPercentage"":56.25,""eventsEntered"":0,""titles"":0,""finals"":0,""prizeMoney"":161296,""points"":0}",,,,,,,,,,,,,,100,,false,false,false,,104,42,15,0,0,0,0,0,10,5,0,0,0,27,11,estimated from season exits versus eligible schedule | 27 eligible events not entered,Amateur,normal,,,false,false,false,false,0,0,0,,0,false,,amateur,amateur,,,true,true,
2034/35,wp-oskar-westbrook,Oskar Westbrook,27,ESP,Amateur,Amateur,false,false,false,,0,0,,Amateur,,,,,,,62,,,,,,66,68,68,63,64,75,60,22,23,9,4,5,44.44444444444444,0,,,,,,,0,175,89,55,34,61.79775280898876,0,0,266078,"{""matches"":89,""wins"":55,""losses"":34,""draws"":0,""winPercentage"":61.79775280898876,""eventsEntered"":0,""titles"":0,""finals"":0,""prizeMoney"":266078,""points"":0}",,,,,,,,,,,,,,109,,false,false,false,,104,42,15,0,0,0,0,0,10,5,0,0,0,27,11,estimated from season exits versus eligible schedule | 27 eligible events not entered,Amateur,normal,,,false,false,false,false,0,0,0,,0,false,,qTour,amateur,,,true,true,
2034/35,wp-oskar-whitaker,Oskar Whitaker,36,SWE,Amateur,Amateur,false,false,false,,0,0,,Amateur,,,,,,,,,,,,,64,64,66,61,62,79,68,0,18,0,0,0,,0,,,,,,,0,0,40,26,14,65,0,0,0,"{""matches"":40,""wins"":26,""losses"":14,""draws"":0,""winPercentage"":65,""eventsEntered"":0,""titles"":0,""finals"":0,""prizeMoney"":0,""points"":0}",,,,,,,,,,,,,,,,false,false,false,,104,42,15,0,0,0,0,0,10,5,0,0,0,27,11,estimated from season exits versus eligible schedule | 27 eligible events not entered,Amateur,normal,,,false,false,false,false,0,0,0,,0,false,,amateur,amateur,,,true,true,
2034/35,wp-oskar-yates,Oskar Yates,31,ENG,Amateur,Amateur,false,false,false,,0,0,,Amateur,,,,,,,,,,,,,70,70,72,68,70,87,78,0,18,0,0,0,,0,,,,,,,0,0,18,16,2,88.88888888888889,0,0,0,"{""matches"":18,""wins"":16,""losses"":2,""draws"":0,""winPercentage"":88.88888888888889,""eventsEntered"":0,""titles"":0,""finals"":0,""prizeMoney"":0,""points"":0}",,,,,,,,,,,,,,,,false,false,false,,104,42,15,0,0,0,0,0,10,5,0,0,0,27,11,estimated from season exits versus eligible schedule | 27 eligible events not entered,Amateur,normal,,,false,false,false,false,0,0,0,,0,false,,amateur,amateur,,,true,true,
2034/35,wp-otis-barker,Otis Barker,31,CHN,Amateur,Amateur,false,false,false,,0,0,,Amateur,,,,,,,,,,,,,67,67,69,64,67,83,72,0,18,0,0,0,,0,,,,,,,0,0,21,16,5,76.19047619047619,0,0,0,"{""matches"":21,""wins"":16,""losses"":5,""draws"":0,""winPercentage"":76.19047619047619,""eventsEntered"":0,""titles"":0,""finals"":0,""prizeMoney"":0,""points"":0}",,,,,,,,,,,,,,,,false,false,false,,104,42,15,0,0,0,0,0,10,5,0,0,0,27,11,estimated from season exits versus eligible schedule | 27 eligible events not entered,Amateur,normal,,,false,false,false,false,0,0,0,,0,false,,amateur,amateur,,,true,true,
2034/35,wp-otis-drayton,Otis Drayton,37,ITA,Amateur,Amateur,false,false,false,,0,0,,Amateur,,,,,,,,,,,,,72,72,73,70,70,90,82,0,18,0,0,0,,0,,,,,,,0,0,8,8,0,100,0,0,0,"{""matches"":8,""wins"":8,""losses"":0,""draws"":0,""winPercentage"":100,""eventsEntered"":0,""titles"":0,""finals"":0,""prizeMoney"":0,""points"":0}",,,,,,,,,,,,,,,,false,false,false,,104,42,15,0,0,0,0,0,10,5,0,0,0,27,11,estimated from season exits versus eligible schedule | 27 eligible events not entered,Amateur,normal,,,false,false,false,false,0,0,0,,0,false,,amateur,amateur,,,true,true,
2034/35,wp-otis-easton,Otis Easton,30,SCO,Amateur,Amateur,false,false,false,,0,0,,Amateur,,,,,,,,,,,,,72,72,74,70,72,90,82,0,18,0,0,0,,0,,,,,,,0,0,10,10,0,100,0,0,0,"{""matches"":10,""wins"":10,""losses"":0,""draws"":0,""winPercentage"":100,""eventsEntered"":0,""titles"":0,""finals"":0,""prizeMoney"":0,""points"":0}",,,,,,,,,,,,,,,,false,false,false,,104,42,15,0,0,0,0,0,10,5,0,0,0,27,11,estimated from season exits versus eligible schedule | 27 eligible events not entered,Amateur,normal,,,false,false,false,false,0,0,0,,0,false,,amateur,amateur,,,true,true,
2034/35,wp-otis-grimaldi,Otis Grimaldi,37,AUS,Amateur,Amateur,false,false,false,,0,0,,Amateur,,,,,,,,,,,,,72,72,73,70,70,90,82,0,18,0,0,0,,0,,,,,,,0,0,12,12,0,100,0,0,0,"{""matches"":12,""wins"":12,""losses"":0,""draws"":0,""winPercentage"":100,""eventsEntered"":0,""titles"":0,""finals"":0,""prizeMoney"":0,""points"":0}",,,,,,,,,,,,,,,,false,false,false,,104,42,15,0,0,0,0,0,10,5,0,0,0,27,11,estimated from season exits versus eligible schedule | 27 eligible events not entered,Amateur,normal,,,false,false,false,false,0,0,0,,0,false,,amateur,amateur,,,true,true,
2034/35,wp-otis-madsen,Otis Madsen,42,CHN,Veteran,Amateur,false,false,false,,0,0,,Amateur,,,,,,,,,,,,,74,79,74,74,69,87,62,6,41,0,0,0,,0,,,,,,,0,0,54,32,22,59.25925925925925,0,0,1007568,"{""matches"":54,""wins"":32,""losses"":22,""draws"":0,""winPercentage"":59.25925925925925,""eventsEntered"":0,""titles"":0,""finals"":0,""prizeMoney"":1007568,""points"":0}",,,,,,,,,,,,,,33,,false,false,false,,104,44,15,0,0,0,0,0,10,5,0,0,0,29,11,estimated from season exits versus eligible schedule | 29 eligible events not entered,Amateur,normal,,,false,false,false,false,0,3,67641,,0,false,,senior,amateur,,,true,true,
2034/35,wp-otis-mendoza,Otis Mendoza,30,NED,Amateur,Amateur,false,false,false,,0,0,,Amateur,,,,,,,,,,,,,66,67,68,64,66,81,66,0,24,0,0,0,,0,,,,,,,0,0,57,34,23,59.64912280701754,0,0,160140,"{""matches"":57,""wins"":34,""losses"":23,""draws"":0,""winPercentage"":59.64912280701754,""eventsEntered"":0,""titles"":0,""finals"":0,""prizeMoney"":160140,""points"":0}",,,,,,,,,,,,,,101,,false,false,false,,104,42,15,0,0,0,0,0,10,5,0,0,0,27,11,estimated from season exits versus eligible schedule | 27 eligible events not entered,Amateur,normal,,,false,false,false,false,0,0,0,,0,false,,amateur,amateur,,,true,true,
2034/35,wp-otis-tremblay,Otis Tremblay,40,IRL,Veteran,Amateur,false,false,false,,0,0,,Amateur,,,,,,,,,,,,,77,79,78,77,73,94,80,1,27,0,0,0,,0,,,,,,,0,0,12,12,0,100,0,0,317492,"{""matches"":12,""wins"":12,""losses"":0,""draws"":0,""winPercentage"":100,""eventsEntered"":0,""titles"":0,""finals"":0,""prizeMoney"":317492,""points"":0}",,,,,,,,,,,,,,90,,false,false,false,,104,44,15,0,0,0,0,0,10,5,0,0,0,29,11,estimated from season exits versus eligible schedule | 29 eligible events not entered,Amateur,normal,,,false,false,false,false,0,0,0,,0,false,,amateur,amateur,,,true,true,
2034/35,wp-otis-urban,Otis Urban,63,PAK,Veteran,Senior Tour / Legend Circuit,false,false,false,,0,0,,Amateur,,,,,,,,,,5,,,69,69,65,65,53,70,51,56,20,6,5,1,83.33333333333334,0,,,,,,,0,193,53,45,8,84.90566037735849,1,0,0,"{""matches"":53,""wins"":45,""losses"":8,""draws"":0,""winPercentage"":84.90566037735849,""eventsEntered"":0,""titles"":1,""finals"":0,""prizeMoney"":0,""points"":0}",,,,,,,,,,,,,,,,false,false,false,,104,14,11,0,0,0,0,0,0,0,0,0,11,3,0,estimated from season exits versus eligible schedule | 3 eligible events not entered,Senior/Legend,normal,,,false,false,false,false,0,0,0,,0,false,,amateur,senior,,,true,true,
2034/35,wp-patrick-forster,Patrick Forster,40,GER,Veteran,Amateur,false,false,false,,0,0,,Amateur,,,,,,,,,,,,,72,72,73,70,68,89,80,1,18,0,0,0,,0,,,,,,,0,0,10,10,0,100,0,0,0,"{""matches"":10,""wins"":10,""losses"":0,""draws"":0,""winPercentage"":100,""eventsEntered"":0,""titles"":0,""finals"":0,""prizeMoney"":0,""points"":0}",,,,,,,,,,,,,,,,false,false,false,,104,44,15,0,0,0,0,0,10,5,0,0,0,29,11,estimated from season exits versus eligible schedule | 29 eligible events not entered,Amateur,normal,,,false,false,false,false,0,0,0,,0,false,,amateur,amateur,,,true,true,
2034/35,wp-patrick-gallagher,Patrick Gallagher,51,NIR,Veteran,Amateur,false,false,false,,0,0,,Amateur,,,,,,,,,,,,,79,82,78,78,70,91,69,18,31,0,0,0,,0,,,,,,,0,0,12,12,0,100,0,0,368140,"{""matches"":12,""wins"":12,""losses"":0,""draws"":0,""winPercentage"":100,""eventsEntered"":0,""titles"":0,""finals"":0,""prizeMoney"":368140,""points"":0}",,,,,,,,,,,,,,67,,false,false,false,,104,44,15,0,0,0,0,0,10,5,0,0,0,29,11,estimated from season exits versus eligible schedule | 29 eligible events not entered,Amateur,normal,,,false,false,false,false,0,0,0,,0,false,,amateur,amateur,,,true,true,
2034/35,wp-patrick-harrington,Patrick Harrington,33,CAN,Amateur,Amateur,false,false,false,,0,0,,Amateur,,,,,,,,,,,,,69,69,71,67,68,86,76,0,18,0,0,0,,0,,,,,,,0,0,20,17,3,85,0,0,0,"{""matches"":20,""wins"":17,""losses"":3,""draws"":0,""winPercentage"":85,""eventsEntered"":0,""titles"":0,""finals"":0,""prizeMoney"":0,""points"":0}",,,,,,,,,,,,,,,,false,false,false,,104,42,15,0,0,0,0,0,10,5,0,0,0,27,11,estimated from season exits versus eligible schedule | 27 eligible events not entered,Amateur,normal,,,false,false,false,false,0,0,0,,0,false,,amateur,amateur,,,true,true,
2034/35,wp-patrick-nakamura,Patrick Nakamura,31,IND,Amateur,Amateur,false,false,false,,0,0,,Amateur,,,,,,,,,,,,,70,71,72,68,70,86,73,0,24,0,0,0,,0,,,,,,,0,0,28,22,6,78.57142857142857,0,0,177484,"{""matches"":28,""wins"":22,""losses"":6,""draws"":0,""winPercentage"":78.57142857142857,""eventsEntered"":0,""titles"":0,""finals"":0,""prizeMoney"":177484,""points"":0}",,,,,,,,,,,,,,102,,false,false,false,,104,42,15,0,0,0,0,0,10,5,0,0,0,27,11,estimated from season exits versus eligible schedule | 27 eligible events not entered,Amateur,normal,,,false,false,false,false,0,0,0,,0,false,,amateur,amateur,,,true,true,
2034/35,wp-patrick-patel,Patrick Patel,35,SWE,Amateur,Amateur,false,false,false,,0,0,,Amateur,,,,,,,,,,,,,73,73,75,72,71,91,82,0,21,0,0,0,,0,,,,,,,0,0,12,12,0,100,0,0,169390,"{""matches"":12,""wins"":12,""losses"":0,""draws"":0,""winPercentage"":100,""eventsEntered"":0,""titles"":0,""finals"":0,""prizeMoney"":169390,""points"":0}",,,,,,,,,,,,,,119,,false,false,false,,104,42,15,0,0,0,0,0,10,5,0,0,0,27,11,estimated from season exits versus eligible schedule | 27 eligible events not entered,Amateur,normal,,,false,false,false,false,0,0,0,,0,false,,amateur,amateur,,,true,true,
2034/35,wp-patrick-tremblay,Patrick Tremblay,39,THA,Amateur,Amateur,false,false,false,,0,0,,Amateur,,,,,,,,,,,,,66,67,67,63,63,80,66,1,22,0,0,0,,0,,,,,,,0,0,62,39,23,62.903225806451616,0,0,115915,"{""matches"":62,""wins"":39,""losses"":23,""draws"":0,""winPercentage"":62.903225806451616,""eventsEntered"":0,""titles"":0,""finals"":0,""prizeMoney"":115915,""points"":0}",,,,,,,,,,,,,,112,,false,false,false,,104,42,15,0,0,0,0,0,10,5,0,0,0,27,11,estimated from season exits versus eligible schedule | 27 eligible events not entered,Amateur,normal,,,false,false,false,false,0,0,0,,0,false,,amateur,amateur,,,true,true,
2034/35,wp-patrick-urban,Patrick Urban,27,CAN,Amateur,Amateur,false,false,false,,0,0,,Amateur,112,112,,112,,,56,,,,112,,67,69,69,64,66,78,62,13,22,6,3,3,50,0,,,,,,,67352,419,115,81,34,70.43478260869566,0,0,268251,"{""matches"":115,""wins"":81,""losses"":34,""draws"":0,""winPercentage"":70.43478260869566,""eventsEntered"":0,""titles"":0,""finals"":0,""prizeMoney"":268251,""points"":0}",,,,,,,,,,,,,,112,,false,false,false,,104,42,15,0,0,0,0,0,10,5,0,0,0,27,11,estimated from season exits versus eligible schedule | 27 eligible events not entered,Amateur,normal,,,false,false,false,false,3,6,134415,,0,false,,qTour,amateur,,,true,true,
2034/35,wp-patrick-verma,Patrick Verma,34,SWE,Amateur,Q School,false,false,false,,0,0,,Amateur,,,,,,,,,31,,,,72,72,74,70,71,90,82,0,18,0,0,0,,0,,,,,,,0,0,14,14,0,100,0,0,0,"{""matches"":14,""wins"":14,""losses"":0,""draws"":0,""winPercentage"":100,""eventsEntered"":0,""titles"":0,""finals"":0,""prizeMoney"":0,""points"":0}",,,,,,,,,,,,,,,,false,false,false,,104,42,4,0,0,0,0,0,0,4,0,0,0,38,22,estimated from season exits versus eligible schedule | 38 eligible events not entered,Q School,normal,,,false,false,false,false,0,0,0,,0,false,,amateur,qSchool,,,true,true,
2034/35,wp-pavel-ashford,Pavel Ashford,30,BEL,Amateur,Amateur,false,false,false,,0,0,,Amateur,,,,,,,,,,,,,72,72,74,70,72,90,82,0,18,0,0,0,,0,,,,,,,0,0,14,14,0,100,0,0,0,"{""matches"":14,""wins"":14,""losses"":0,""draws"":0,""winPercentage"":100,""eventsEntered"":0,""titles"":0,""finals"":0,""prizeMoney"":0,""points"":0}",,,,,,,,,,,,,,,,false,false,false,,104,42,15,0,0,0,0,0,10,5,0,0,0,27,11,estimated from season exits versus eligible schedule | 27 eligible events not entered,Amateur,normal,,,false,false,false,false,0,0,0,,0,false,,amateur,amateur,,,true,true,
2034/35,wp-pavel-barker,Pavel Barker,30,AUS,Amateur,Amateur,false,false,false,,0,0,,Amateur,,,,,,,,,,,,,72,72,74,70,72,90,82,0,18,0,0,0,,0,,,,,,,0,0,10,10,0,100,0,0,0,"{""matches"":10,""wins"":10,""losses"":0,""draws"":0,""winPercentage"":100,""eventsEntered"":0,""titles"":0,""finals"":0,""prizeMoney"":0,""points"":0}",,,,,,,,,,,,,,,,false,false,false,,104,42,15,0,0,0,0,0,10,5,0,0,0,27,11,estimated from season exits versus eligible schedule | 27 eligible events not entered,Amateur,normal,,,false,false,false,false,0,0,0,,0,false,,amateur,amateur,,,true,true,
2034/35,wp-pavel-drayton,Pavel Drayton,56,NOR,Veteran,Senior Tour / Legend Circuit,false,false,false,,0,0,,Amateur,,,,,,,,,,17,,,67,67,65,63,54,71,53,45,22,6,4,2,66.66666666666666,0,,,,,,,0,154,69,49,20,71.01449275362319,2,0,0,"{""matches"":69,""wins"":49,""losses"":20,""draws"":0,""winPercentage"":71.01449275362319,""eventsEntered"":0,""titles"":2,""finals"":0,""prizeMoney"":0,""points"":0}",,,,,,,,,,,,,,,,false,false,false,,104,14,11,0,0,0,0,0,0,0,0,0,11,3,0,estimated from season exits versus eligible schedule | 3 eligible events not entered,Senior/Legend,normal,,,false,false,false,false,0,0,0,,0,false,,amateur,senior,,,true,true,
2034/35,wp-pavel-kovacs,Pavel Kovacs,34,SCO,Amateur,Amateur,false,false,false,,0,0,,Amateur,,,,,,,,,,,,,72,72,74,70,71,90,82,0,18,0,0,0,,0,,,,,,,0,0,12,12,0,100,0,0,0,"{""matches"":12,""wins"":12,""losses"":0,""draws"":0,""winPercentage"":100,""eventsEntered"":0,""titles"":0,""finals"":0,""prizeMoney"":0,""points"":0}",,,,,,,,,,,,,,,,false,false,false,,104,42,15,0,0,0,0,0,10,5,0,0,0,27,11,estimated from season exits versus eligible schedule | 27 eligible events not entered,Amateur,normal,,,false,false,false,false,0,0,0,,0,false,,amateur,amateur,,,true,true,
2034/35,wp-pavel-langford,Pavel Langford,34,FRA,Amateur,Amateur,false,false,false,,0,0,,Amateur,,,,,,,,,,,,,74,75,76,73,73,92,82,0,22,0,0,0,,0,,,,,,,0,0,12,12,0,100,0,0,180828,"{""matches"":12,""wins"":12,""losses"":0,""draws"":0,""winPercentage"":100,""eventsEntered"":0,""titles"":0,""finals"":0,""prizeMoney"":180828,""points"":0}",,,,,,,,,,,,,,110,,false,false,false,,104,42,15,0,0,0,0,0,10,5,0,0,0,27,11,estimated from season exits versus eligible schedule | 27 eligible events not entered,Amateur,normal,,,false,false,false,false,0,0,0,,0,false,,amateur,amateur,,,true,true,
2034/35,wp-pavel-petrov,Pavel Petrov,39,NOR,Amateur,Amateur,false,false,false,,0,0,,Amateur,,,,,,,,,,,,,70,71,71,69,67,86,71,0,27,0,0,0,,0,,,,,,,0,0,32,22,10,68.75,2,0,139328,"{""matches"":32,""wins"":22,""losses"":10,""draws"":0,""winPercentage"":68.75,""eventsEntered"":0,""titles"":2,""finals"":0,""prizeMoney"":139328,""points"":0}",,,,,,,,,,,,,,103,,false,false,false,,104,42,15,0,0,0,0,0,10,5,0,0,0,27,11,estimated from season exits versus eligible schedule | 27 eligible events not entered,Amateur,normal,,,false,false,false,false,0,0,0,,0,false,,amateur,amateur,,,true,true,
2034/35,wp-pavel-rahman,Pavel Rahman,26,FRA,Amateur,Amateur,false,false,false,,0,0,,Amateur,113,113,,113,,,48,,,,113,,67,69,69,64,66,78,58,10,22,5,2,3,40,0,,,,,,,48273,300,132,94,38,71.21212121212122,0,0,265936,"{""matches"":132,""wins"":94,""losses"":38,""draws"":0,""winPercentage"":71.21212121212122,""eventsEntered"":0,""titles"":0,""finals"":0,""prizeMoney"":265936,""points"":0}",,,,,,,,,,,,,,113,,false,false,false,,104,42,15,0,0,0,0,0,10,5,0,0,0,27,11,estimated from season exits versus eligible schedule | 27 eligible events not entered,Amateur,normal,,,false,false,false,false,2,5,114757,,0,false,,qTour,amateur,,,true,true,
2034/35,wp-pavel-whitaker,Pavel Whitaker,30,ITA,Amateur,Q School,false,false,false,,0,0,,Amateur,,,,,,,27,18,22,,,,64,65,66,61,63,75,65,16,23,7,4,3,57.14285714285714,0,,,,,,,0,169,59,31,28,52.54237288135594,0,0,156672,"{""matches"":59,""wins"":31,""losses"":28,""draws"":0,""winPercentage"":52.54237288135594,""eventsEntered"":0,""titles"":0,""finals"":0,""prizeMoney"":156672,""points"":0}",,,,,,,,,,,,,,104,,false,false,false,,104,42,4,0,0,0,0,0,0,4,0,0,0,38,22,estimated from season exits versus eligible schedule | 38 eligible events not entered,Q School,normal,,,false,false,false,false,0,0,0,,0,false,,qSchool,qSchool,,,true,true,
2034/35,wp-pavel-yates,Pavel Yates,39,SCO,Amateur,Amateur,false,false,false,,0,0,,Amateur,,,,,,,,,,,,,72,72,73,70,69,90,81,0,18,0,0,0,,0,,,,,,,0,0,12,12,0,100,0,0,0,"{""matches"":12,""wins"":12,""losses"":0,""draws"":0,""winPercentage"":100,""eventsEntered"":0,""titles"":0,""finals"":0,""prizeMoney"":0,""points"":0}",,,,,,,,,,,,,,,,false,false,false,,104,42,15,0,0,0,0,0,10,5,0,0,0,27,11,estimated from season exits versus eligible schedule | 27 eligible events not entered,Amateur,normal,,,false,false,false,false,0,0,0,,0,false,,amateur,amateur,,,true,true,
2034/35,wp-quentin-ashford,Quentin Ashford,26,ENG,Amateur,Amateur,false,false,false,,0,0,,Amateur,114,114,,114,,,47,,,,114,,69,72,71,67,68,80,58,10,28,5,2,3,40,0,,,,,,,47695,296,110,73,37,66.36363636363637,0,0,522990,"{""matches"":110,""wins"":73,""losses"":37,""draws"":0,""winPercentage"":66.36363636363637,""eventsEntered"":0,""titles"":0,""finals"":0,""prizeMoney"":522990,""points"":0}",,,,,,,,,,,,,,89,,false,false,false,,104,42,15,0,0,0,0,0,10,5,0,0,0,27,11,estimated from season exits versus eligible schedule | 27 eligible events not entered,Amateur,normal,,,false,false,false,false,2,6,132101,,0,false,,qTour,amateur,,,true,true,
2034/35,wp-quentin-barker,Quentin Barker,40,THA,Veteran,Amateur,false,false,false,,0,0,,Amateur,,,,,,,,,,,,,72,72,73,70,68,89,80,1,18,0,0,0,,0,,,,,,,0,0,14,14,0,100,0,0,0,"{""matches"":14,""wins"":14,""losses"":0,""draws"":0,""winPercentage"":100,""eventsEntered"":0,""titles"":0,""finals"":0,""prizeMoney"":0,""points"":0}",,,,,,,,,,,,,,,,false,false,false,,104,44,15,0,0,0,0,0,10,5,0,0,0,29,11,estimated from season exits versus eligible schedule | 29 eligible events not entered,Amateur,normal,,,false,false,false,false,0,0,0,,0,false,,amateur,amateur,,,true,true,
2034/35,wp-quentin-caldwell,Quentin Caldwell,37,CAN,Amateur,Amateur,false,false,false,,0,0,,Amateur,,,,,,,,,,,,,72,72,73,70,70,90,82,0,18,0,0,0,,0,,,,,,,0,0,10,10,0,100,0,0,0,"{""matches"":10,""wins"":10,""losses"":0,""draws"":0,""winPercentage"":100,""eventsEntered"":0,""titles"":0,""finals"":0,""prizeMoney"":0,""points"":0}",,,,,,,,,,,,,,,,false,false,false,,104,42,15,0,0,0,0,0,10,5,0,0,0,27,11,estimated from season exits versus eligible schedule | 27 eligible events not entered,Amateur,normal,,,false,false,false,false,0,0,0,,0,false,,amateur,amateur,,,true,true,
2034/35,wp-quentin-easton,Quentin Easton,33,ENG,Amateur,Amateur,false,false,false,,0,0,,Amateur,,,,,,,,,,,,,72,72,74,70,71,90,82,0,18,0,0,0,,0,,,,,,,0,0,12,12,0,100,0,0,0,"{""matches"":12,""wins"":12,""losses"":0,""draws"":0,""winPercentage"":100,""eventsEntered"":0,""titles"":0,""finals"":0,""prizeMoney"":0,""points"":0}",,,,,,,,,,,,,,,,false,false,false,,104,42,15,0,0,0,0,0,10,5,0,0,0,27,11,estimated from season exits versus eligible schedule | 27 eligible events not entered,Amateur,normal,,,false,false,false,false,0,0,0,,0,false,,amateur,amateur,,,true,true,
2034/35,wp-quentin-langford,Quentin Langford,36,GER,Amateur,Amateur,false,false,false,,0,0,,Amateur,,,,,,,,,,,,,72,72,74,70,70,90,82,0,18,0,0,0,,0,,,,,,,0,0,12,12,0,100,0,0,0,"{""matches"":12,""wins"":12,""losses"":0,""draws"":0,""winPercentage"":100,""eventsEntered"":0,""titles"":0,""finals"":0,""prizeMoney"":0,""points"":0}",,,,,,,,,,,,,,,,false,false,false,,104,42,15,0,0,0,0,0,10,5,0,0,0,27,11,estimated from season exits versus eligible schedule | 27 eligible events not entered,Amateur,normal,,,false,false,false,false,0,0,0,,0,false,,amateur,amateur,,,true,true,
2034/35,wp-quentin-rahman,Quentin Rahman,40,ENG,Veteran,Amateur,false,false,false,,0,0,,Amateur,,,,,,,,,,,,,69,70,70,67,65,84,70,2,23,0,0,0,,0,,,,,,,0,0,23,17,6,73.91304347826086,0,0,119094,"{""matches"":23,""wins"":17,""losses"":6,""draws"":0,""winPercentage"":73.91304347826086,""eventsEntered"":0,""titles"":0,""finals"":0,""prizeMoney"":119094,""points"":0}",,,,,,,,,,,,,,105,,false,false,false,,104,44,15,0,0,0,0,0,10,5,0,0,0,29,11,estimated from season exits versus eligible schedule | 29 eligible events not entered,Amateur,normal,,,false,false,false,false,0,0,0,,0,false,,amateur,amateur,,,true,true,
2034/35,wp-quentin-sorensen,Quentin Sorensen,28,NIR,Amateur,Amateur,false,false,false,,0,0,,Amateur,115,115,,115,,,,,,,115,,66,67,68,63,65,76,59,16,22,7,3,4,42.857142857142854,0,,,,,,,65617,408,113,73,40,64.60176991150442,0,0,242812,"{""matches"":113,""wins"":73,""losses"":40,""draws"":0,""winPercentage"":64.60176991150442,""eventsEntered"":0,""titles"":0,""finals"":0,""prizeMoney"":242812,""points"":0}",,,,,,,,,,,,,,115,,false,false,false,,104,42,15,0,0,0,0,0,10,5,0,0,0,27,11,estimated from season exits versus eligible schedule | 27 eligible events not entered,Amateur,normal,,,false,false,false,false,3,6,130945,,0,false,,qTour,amateur,,,true,true,
2034/35,wp-quentin-yates,Quentin Yates,29,WAL,Amateur,Amateur,false,false,false,,0,0,,Amateur,,,,,,,,,,,,,62,62,64,59,62,76,64,0,18,0,0,0,,0,,,,,,,0,0,66,36,30,54.54545454545454,0,0,0,"{""matches"":66,""wins"":36,""losses"":30,""draws"":0,""winPercentage"":54.54545454545454,""eventsEntered"":0,""titles"":0,""finals"":0,""prizeMoney"":0,""points"":0}",,,,,,,,,,,,,,,,false,false,false,,104,42,15,0,0,0,0,0,10,5,0,0,0,27,11,estimated from season exits versus eligible schedule | 27 eligible events not entered,Amateur,normal,,,false,false,false,false,0,0,0,,0,false,,amateur,amateur,,,true,true,
2034/35,wp-rafael-ashford,Rafael Ashford,25,NED,Amateur,Amateur,false,false,false,,0,0,,Amateur,,,,,,,43,,,,,,67,70,69,64,65,77,64,22,22,9,5,4,55.55555555555556,0,,,,,,,0,231,91,61,30,67.03296703296702,0,0,134126,"{""matches"":91,""wins"":61,""losses"":30,""draws"":0,""winPercentage"":67.03296703296702,""eventsEntered"":0,""titles"":0,""finals"":0,""prizeMoney"":134126,""points"":0}",,,,,,,,,,,,,,110,,false,false,false,,104,42,15,0,0,0,0,0,10,5,0,0,0,27,11,estimated from season exits versus eligible schedule | 27 eligible events not entered,Amateur,normal,,,false,false,false,false,0,0,0,,0,false,,qTour,amateur,,,true,true,
2034/35,wp-rafael-barker,Rafael Barker,49,CHN,Veteran,Amateur,false,false,false,,0,0,,Amateur,,,,,,,,,,,,,72,72,71,69,64,85,71,15,18,0,0,0,,0,,,,,,,0,0,12,12,0,100,0,0,0,"{""matches"":12,""wins"":12,""losses"":0,""draws"":0,""winPercentage"":100,""eventsEntered"":0,""titles"":0,""finals"":0,""prizeMoney"":0,""points"":0}",,,,,,,,,,,,,,,,false,false,false,,104,44,15,0,0,0,0,0,10,5,0,0,0,29,11,estimated from season exits versus eligible schedule | 29 eligible events not entered,Amateur,normal,,,false,false,false,false,0,0,0,,0,false,,amateur,amateur,,,true,true,
2034/35,wp-rafael-caldwell,Rafael Caldwell,34,BRA,Amateur,Amateur,false,false,false,,0,0,,Amateur,,,,,,,,,,,,,72,72,74,70,71,90,82,0,18,0,0,0,,0,,,,,,,0,0,14,14,0,100,0,0,0,"{""matches"":14,""wins"":14,""losses"":0,""draws"":0,""winPercentage"":100,""eventsEntered"":0,""titles"":0,""finals"":0,""prizeMoney"":0,""points"":0}",,,,,,,,,,,,,,,,false,false,false,,104,42,15,0,0,0,0,0,10,5,0,0,0,27,11,estimated from season exits versus eligible schedule | 27 eligible events not entered,Amateur,normal,,,false,false,false,false,0,0,0,,0,false,,amateur,amateur,,,true,true,
2034/35,wp-rafael-drayton,Rafael Drayton,25,ITA,Amateur,Q Tour,false,false,false,,0,0,,Amateur,,,,,,,25,29,,,,,66,69,68,63,64,76,66,25,22,10,6,4,60,0,,,,,,,0,281,86,56,30,65.11627906976744,0,0,115046,"{""matches"":86,""wins"":56,""losses"":30,""draws"":0,""winPercentage"":65.11627906976744,""eventsEntered"":0,""titles"":0,""finals"":0,""prizeMoney"":115046,""points"":0}",,,,,,,,,,,,,,111,,false,false,false,,104,42,7,0,0,0,0,0,2,5,0,0,0,35,19,estimated from season exits versus eligible schedule | 35 eligible events not entered,Q Tour,normal,,,false,false,false,false,0,0,0,,0,false,,qTour,qTour,,,true,true,
2034/35,wp-rafael-forster,Rafael Forster,33,BEL,Amateur,Amateur,false,false,false,,0,0,,Amateur,,,,,,,,,,,,,72,72,74,70,71,90,82,0,18,0,0,0,,0,,,,,,,0,0,12,12,0,100,0,0,0,"{""matches"":12,""wins"":12,""losses"":0,""draws"":0,""winPercentage"":100,""eventsEntered"":0,""titles"":0,""finals"":0,""prizeMoney"":0,""points"":0}",,,,,,,,,,,,,,,,false,false,false,,104,42,15,0,0,0,0,0,10,5,0,0,0,27,11,estimated from season exits versus eligible schedule | 27 eligible events not entered,Amateur,normal,,,false,false,false,false,0,0,0,,0,false,,amateur,amateur,,,true,true,
2034/35,wp-rafael-mendoza,Rafael Mendoza,28,SCO,Amateur,Amateur,false,false,false,,0,0,,Amateur,116,116,,116,,,,,,,116,,70,73,72,68,69,81,62,13,30,6,3,3,50,0,,,,,,,65039,404,102,63,39,61.76470588235294,0,0,465693,"{""matches"":102,""wins"":63,""losses"":39,""draws"":0,""winPercentage"":61.76470588235294,""eventsEntered"":0,""titles"":0,""finals"":0,""prizeMoney"":465693,""points"":0}",,,,,,,,,,,,,,75,,false,false,false,,104,42,15,0,0,0,0,0,10,5,0,0,0,27,11,estimated from season exits versus eligible schedule | 27 eligible events not entered,Amateur,normal,,,false,false,false,false,3,5,111289,,0,false,,qTour,amateur,,,true,true,
2034/35,wp-rafael-sorensen,Rafael Sorensen,37,BEL,Amateur,Amateur,false,false,false,,0,0,,Amateur,,,,,,,,,,,,,68,69,69,66,66,83,70,0,23,0,0,0,,0,,,,,,,0,0,24,17,7,70.83333333333334,0,0,117360,"{""matches"":24,""wins"":17,""losses"":7,""draws"":0,""winPercentage"":70.83333333333334,""eventsEntered"":0,""titles"":0,""finals"":0,""prizeMoney"":117360,""points"":0}",,,,,,,,,,,,,,106,,false,false,false,,104,42,15,0,0,0,0,0,10,5,0,0,0,27,11,estimated from season exits versus eligible schedule | 27 eligible events not entered,Amateur,normal,,,false,false,false,false,0,0,0,,0,false,,amateur,amateur,,,true,true,
2034/35,wp-rafael-upton,Rafael Upton,36,BRA,Amateur,Amateur,false,false,false,,0,0,,Amateur,,,,,,,,,,,,,73,73,75,72,71,91,82,0,20,0,0,0,,0,,,,,,,0,0,12,12,0,100,0,0,122270,"{""matches"":12,""wins"":12,""losses"":0,""draws"":0,""winPercentage"":100,""eventsEntered"":0,""titles"":0,""finals"":0,""prizeMoney"":122270,""points"":0}",,,,,,,,,,,,,,123,,false,false,false,,104,42,15,0,0,0,0,0,10,5,0,0,0,27,11,estimated from season exits versus eligible schedule | 27 eligible events not entered,Amateur,normal,,,false,false,false,false,0,0,0,,0,false,,amateur,amateur,,,true,true,
2034/35,wp-reuben-easton,Reuben Easton,36,ITA,Amateur,Amateur,false,false,false,,0,0,,Amateur,,,,,,,,,,,,,75,76,77,74,73,93,82,0,24,0,0,0,,0,,,,,,,0,0,12,12,0,100,0,0,257424,"{""matches"":12,""wins"":12,""losses"":0,""draws"":0,""winPercentage"":100,""eventsEntered"":0,""titles"":0,""finals"":0,""prizeMoney"":257424,""points"":0}",,,,,,,,,,,,,,100,,false,false,false,,104,42,15,0,0,0,0,0,10,5,0,0,0,27,11,estimated from season exits versus eligible schedule | 27 eligible events not entered,Amateur,normal,,,false,false,false,false,0,0,0,,0,false,,amateur,amateur,,,true,true,
2034/35,wp-reuben-iqbal,Reuben Iqbal,39,ITA,Amateur,Amateur,false,false,false,,0,0,,Amateur,,,,,,,,,,,,,72,72,73,70,69,90,81,0,18,0,0,0,,0,,,,,,,0,0,12,12,0,100,0,0,0,"{""matches"":12,""wins"":12,""losses"":0,""draws"":0,""winPercentage"":100,""eventsEntered"":0,""titles"":0,""finals"":0,""prizeMoney"":0,""points"":0}",,,,,,,,,,,,,,,,false,false,false,,104,42,15,0,0,0,0,0,10,5,0,0,0,27,11,estimated from season exits versus eligible schedule | 27 eligible events not entered,Amateur,normal,,,false,false,false,false,0,0,0,,0,false,,amateur,amateur,,,true,true,
2034/35,wp-reuben-otero,Reuben Otero,25,NOR,Amateur,Amateur,false,false,false,,0,0,,Amateur,117,117,,117,,,41,,,,117,,67,70,69,64,66,78,62,13,22,6,3,3,50,0,,,,,,,64461,401,112,78,34,69.64285714285714,0,0,275766,"{""matches"":112,""wins"":78,""losses"":34,""draws"":0,""winPercentage"":69.64285714285714,""eventsEntered"":0,""titles"":0,""finals"":0,""prizeMoney"":275766,""points"":0}",,,,,,,,,,,,,,117,,false,false,false,,104,42,15,0,0,0,0,0,10,5,0,0,0,27,11,estimated from season exits versus eligible schedule | 27 eligible events not entered,Amateur,normal,,,false,false,false,false,3,7,147133,,0,false,,qTour,amateur,,,true,true,
2034/35,wp-reuben-tremblay,Reuben Tremblay,30,CHN,Amateur,Amateur,false,false,false,,0,0,,Amateur,,,,,,,,,,,,,65,66,67,63,65,79,65,0,25,0,0,0,,0,,,,,,,0,0,60,33,27,55.00000000000001,1,0,153204,"{""matches"":60,""wins"":33,""losses"":27,""draws"":0,""winPercentage"":55.00000000000001,""eventsEntered"":0,""titles"":1,""finals"":0,""prizeMoney"":153204,""points"":0}",,,,,,,,,,,,,,107,,false,false,false,,104,42,15,0,0,0,0,0,10,5,0,0,0,27,11,estimated from season exits versus eligible schedule | 27 eligible events not entered,Amateur,normal,,,false,false,false,false,0,0,0,,0,false,,amateur,amateur,,,true,true,
2034/35,wp-reuben-urban,Reuben Urban,30,BRA,Amateur,Amateur,false,false,false,,0,0,,Amateur,,,,,,,,,,,,,64,65,66,61,64,78,64,0,22,0,0,0,,0,,,,,,,0,0,44,24,20,54.54545454545454,0,0,134126,"{""matches"":44,""wins"":24,""losses"":20,""draws"":0,""winPercentage"":54.54545454545454,""eventsEntered"":0,""titles"":0,""finals"":0,""prizeMoney"":134126,""points"":0}",,,,,,,,,,,,,,108,,false,false,false,,104,42,15,0,0,0,0,0,10,5,0,0,0,27,11,estimated from season exits versus eligible schedule | 27 eligible events not entered,Amateur,normal,,,false,false,false,false,0,0,0,,0,false,,amateur,amateur,,,true,true,
2034/35,wp-reuben-verma,Reuben Verma,33,ITA,Amateur,Amateur,false,false,false,,0,0,,Amateur,,,,,,,,,,,,,65,66,67,62,64,79,65,0,22,0,0,0,,0,,,,,,,0,0,89,51,38,57.30337078651685,0,0,131812,"{""matches"":89,""wins"":51,""losses"":38,""draws"":0,""winPercentage"":57.30337078651685,""eventsEntered"":0,""titles"":0,""finals"":0,""prizeMoney"":131812,""points"":0}",,,,,,,,,,,,,,112,,false,false,false,,104,42,15,0,0,0,0,0,10,5,0,0,0,27,11,estimated from season exits versus eligible schedule | 27 eligible events not entered,Amateur,normal,,,false,false,false,false,0,0,0,,0,false,,amateur,amateur,,,true,true,
2034/35,wp-reuben-whitaker,Reuben Whitaker,31,SCO,Amateur,Amateur,false,false,false,,0,0,,Amateur,,,,,,,,,,,,,72,72,74,70,72,90,82,0,18,0,0,0,,0,,,,,,,0,0,14,14,0,100,0,0,0,"{""matches"":14,""wins"":14,""losses"":0,""draws"":0,""winPercentage"":100,""eventsEntered"":0,""titles"":0,""finals"":0,""prizeMoney"":0,""points"":0}",,,,,,,,,,,,,,,,false,false,false,,104,42,15,0,0,0,0,0,10,5,0,0,0,27,11,estimated from season exits versus eligible schedule | 27 eligible events not entered,Amateur,normal,,,false,false,false,false,0,0,0,,0,false,,amateur,amateur,,,true,true,
2034/35,wp-reuben-yates,Reuben Yates,34,BEL,Amateur,Amateur,false,false,false,,0,0,,Amateur,,,,,,,,,,,,,66,66,68,63,65,82,71,0,18,0,0,0,,0,,,,,,,0,0,14,10,4,71.42857142857143,0,0,0,"{""matches"":14,""wins"":10,""losses"":4,""draws"":0,""winPercentage"":71.42857142857143,""eventsEntered"":0,""titles"":0,""finals"":0,""prizeMoney"":0,""points"":0}",,,,,,,,,,,,,,,,false,false,false,,104,42,15,0,0,0,0,0,10,5,0,0,0,27,11,estimated from season exits versus eligible schedule | 27 eligible events not entered,Amateur,normal,,,false,false,false,false,0,0,0,,0,false,,amateur,amateur,,,true,true,
2034/35,wp-rory-vale-b,Rory Vale B,22,ENG,Amateur,Q School,false,false,false,,0,0,,Amateur,120,120,,120,,,31,,27,,120,,66,73,68,63,65,77,59,10,22,5,2,3,40,0,,,,,,,44805,279,74,49,25,66.21621621621621,1,0,108399,"{""matches"":74,""wins"":49,""losses"":25,""draws"":0,""winPercentage"":66.21621621621621,""eventsEntered"":0,""titles"":1,""finals"":0,""prizeMoney"":108399,""points"":0}",,,,,,,,,,,,,,119,,false,false,false,,104,42,4,0,0,0,0,0,0,4,0,0,0,38,22,estimated from season exits versus eligible schedule | 38 eligible events not entered,Q School,normal,,,false,false,false,false,2,5,108399,,0,false,,qTour,qSchool,,,true,true,
2034/35,wp-rory-vale-f,Rory Vale F,16,THA,Youth,Amateur,false,false,false,,0,0,,Amateur,,,,,,,,,,,,,52,87,54,46,52,61,42,0,18,,,,,,,,,,,,,,0,0,0,0,0,0,0,"{""matches"":0,""wins"":0,""losses"":0,""draws"":0,""winPercentage"":0,""eventsEntered"":0,""titles"":0,""finals"":0,""prizeMoney"":0,""points"":0}",,,,,,,,,,,,,,,,,false,false,,104,61,10,0,0,0,0,0,5,5,0,0,0,51,16,estimated from season exits versus eligible schedule | 51 eligible events not entered,Youth,normal,,,false,false,false,false,0,0,0,,0,false,,youth,youth,,,true,true,
2034/35,wp-samir-ashford,Samir Ashford,30,THA,Amateur,Amateur,false,false,false,,0,0,,Amateur,,,,,,,,,,,,,72,72,74,70,72,90,82,0,18,0,0,0,,0,,,,,,,0,0,10,10,0,100,0,0,0,"{""matches"":10,""wins"":10,""losses"":0,""draws"":0,""winPercentage"":100,""eventsEntered"":0,""titles"":0,""finals"":0,""prizeMoney"":0,""points"":0}",,,,,,,,,,,,,,,,false,false,false,,104,42,15,0,0,0,0,0,10,5,0,0,0,27,11,estimated from season exits versus eligible schedule | 27 eligible events not entered,Amateur,normal,,,false,false,false,false,0,0,0,,0,false,,amateur,amateur,,,true,true,
2034/35,wp-samir-caldwell,Samir Caldwell,49,SWE,Veteran,Amateur,false,false,false,,0,0,,Amateur,,,,,,,,,,,,,70,70,69,68,62,82,67,16,22,0,0,0,,0,,,,,,,0,0,26,22,4,84.61538461538461,2,0,0,"{""matches"":26,""wins"":22,""losses"":4,""draws"":0,""winPercentage"":84.61538461538461,""eventsEntered"":0,""titles"":2,""finals"":0,""prizeMoney"":0,""points"":0}",,,,,,,,,,,,,,,,false,false,false,,104,44,15,0,0,0,0,0,10,5,0,0,0,29,11,estimated from season exits versus eligible schedule | 29 eligible events not entered,Amateur,normal,,,false,false,false,false,0,0,0,,0,false,,amateur,amateur,,,true,true,
2034/35,wp-samir-janssen,Samir Janssen,37,WAL,Amateur,Amateur,false,false,false,,0,0,,Amateur,,,,,,,,,,,,,72,72,73,70,70,90,82,0,18,0,0,0,,0,,,,,,,0,0,12,12,0,100,0,0,0,"{""matches"":12,""wins"":12,""losses"":0,""draws"":0,""winPercentage"":100,""eventsEntered"":0,""titles"":0,""finals"":0,""prizeMoney"":0,""points"":0}",,,,,,,,,,,,,,,,false,false,false,,104,42,15,0,0,0,0,0,10,5,0,0,0,27,11,estimated from season exits versus eligible schedule | 27 eligible events not entered,Amateur,normal,,,false,false,false,false,0,0,0,,0,false,,amateur,amateur,,,true,true,
2034/35,wp-samir-otero,Samir Otero,30,SWE,Amateur,Amateur,false,false,false,,0,0,,Amateur,,,,,,,,,,,,,68,69,70,66,68,83,70,0,26,0,0,0,,0,,,,,,,0,0,46,30,16,65.21739130434783,2,0,132390,"{""matches"":46,""wins"":30,""losses"":16,""draws"":0,""winPercentage"":65.21739130434783,""eventsEntered"":0,""titles"":2,""finals"":0,""prizeMoney"":132390,""points"":0}",,,,,,,,,,,,,,109,,false,false,false,,104,42,15,0,0,0,0,0,10,5,0,0,0,27,11,estimated from season exits versus eligible schedule | 27 eligible events not entered,Amateur,normal,,,false,false,false,false,0,0,0,,0,false,,amateur,amateur,,,true,true,
2034/35,wp-samir-petrov,Samir Petrov,25,ENG,Amateur,Amateur,false,false,false,,0,0,,Amateur,121,121,,121,,,42,,,,121,,66,69,68,63,65,77,62,13,21,6,3,3,50,0,,,,,,,62727,390,102,70,32,68.62745098039215,0,0,252642,"{""matches"":102,""wins"":70,""losses"":32,""draws"":0,""winPercentage"":68.62745098039215,""eventsEntered"":0,""titles"":0,""finals"":0,""prizeMoney"":252642,""points"":0}",,,,,,,,,,,,,,118,,false,false,false,,104,42,15,0,0,0,0,0,10,5,0,0,0,27,11,estimated from season exits versus eligible schedule | 27 eligible events not entered,Amateur,normal,,,false,false,false,false,3,7,144243,,0,false,,qTour,amateur,,,true,true,
2034/35,wp-samir-rahman,Samir Rahman,34,ESP,Amateur,Amateur,false,false,false,,0,0,,Amateur,,,,,,,,,,,,,78,80,80,78,77,96,82,0,28,0,0,0,,0,,,,,,,0,0,12,12,0,100,0,0,324280,"{""matches"":12,""wins"":12,""losses"":0,""draws"":0,""winPercentage"":100,""eventsEntered"":0,""titles"":0,""finals"":0,""prizeMoney"":324280,""points"":0}",,,,,,,,,,,,,,82,,false,false,false,,104,42,15,0,0,0,0,0,10,5,0,0,0,27,11,estimated from season exits versus eligible schedule | 27 eligible events not entered,Amateur,normal,,,false,false,false,false,0,0,0,,0,false,,amateur,amateur,,,true,true,
2034/35,wp-samir-verma,Samir Verma,40,ESP,Veteran,Amateur,false,false,false,,0,0,,Amateur,,,,,,,,,,,,,66,67,67,63,62,80,66,2,22,0,0,0,,0,,,,,,,0,0,20,13,7,65,0,0,113312,"{""matches"":20,""wins"":13,""losses"":7,""draws"":0,""winPercentage"":65,""eventsEntered"":0,""titles"":0,""finals"":0,""prizeMoney"":113312,""points"":0}",,,,,,,,,,,,,,110,,false,false,false,,104,44,15,0,0,0,0,0,10,5,0,0,0,29,11,estimated from season exits versus eligible schedule | 29 eligible events not entered,Amateur,normal,,,false,false,false,false,0,0,0,,0,false,,amateur,amateur,,,true,true,
2034/35,wp-samir-whitaker,Samir Whitaker,34,WAL,Amateur,Amateur,false,false,false,,0,0,,Amateur,,,,,,,,,,,,,72,72,74,70,71,90,82,0,18,0,0,0,,0,,,,,,,0,0,12,12,0,100,0,0,0,"{""matches"":12,""wins"":12,""losses"":0,""draws"":0,""winPercentage"":100,""eventsEntered"":0,""titles"":0,""finals"":0,""prizeMoney"":0,""points"":0}",,,,,,,,,,,,,,,,false,false,false,,104,42,15,0,0,0,0,0,10,5,0,0,0,27,11,estimated from season exits versus eligible schedule | 27 eligible events not entered,Amateur,normal,,,false,false,false,false,0,0,0,,0,false,,amateur,amateur,,,true,true,
2034/35,wp-samir-yates,Samir Yates,39,GER,Amateur,Amateur,false,false,false,,0,0,,Amateur,,,,,,,,,,,,,72,72,73,70,69,90,81,0,18,0,0,0,,0,,,,,,,0,0,14,14,0,100,0,0,0,"{""matches"":14,""wins"":14,""losses"":0,""draws"":0,""winPercentage"":100,""eventsEntered"":0,""titles"":0,""finals"":0,""prizeMoney"":0,""points"":0}",,,,,,,,,,,,,,,,false,false,false,,104,42,15,0,0,0,0,0,10,5,0,0,0,27,11,estimated from season exits versus eligible schedule | 27 eligible events not entered,Amateur,normal,,,false,false,false,false,0,0,0,,0,false,,amateur,amateur,,,true,true,
2034/35,wp-sebastian-ainsley,Sebastian Ainsley,59,WAL,Veteran,Amateur,false,false,false,,0,0,,Amateur,,,,,,,,,,,,,81,85,78,80,68,89,61,31,34,0,0,0,,0,,,,,,,0,0,12,12,0,100,0,0,451914,"{""matches"":12,""wins"":12,""losses"":0,""draws"":0,""winPercentage"":100,""eventsEntered"":0,""titles"":0,""finals"":0,""prizeMoney"":451914,""points"":0}",,,,,,,,,,,,,,54,,false,false,false,,104,44,15,0,0,0,0,0,10,5,0,0,0,29,11,estimated from season exits versus eligible schedule | 29 eligible events not entered,Amateur,normal,,,false,false,false,false,0,0,0,,0,false,,senior,amateur,,,true,true,
2034/35,wp-sebastian-ashford,Sebastian Ashford,34,POL,Amateur,Amateur,false,false,false,,0,0,,Amateur,,,,,,,,,,,,,72,72,74,70,71,90,82,0,18,0,0,0,,0,,,,,,,0,0,8,8,0,100,0,0,0,"{""matches"":8,""wins"":8,""losses"":0,""draws"":0,""winPercentage"":100,""eventsEntered"":0,""titles"":0,""finals"":0,""prizeMoney"":0,""points"":0}",,,,,,,,,,,,,,,,false,false,false,,104,42,15,0,0,0,0,0,10,5,0,0,0,27,11,estimated from season exits versus eligible schedule | 27 eligible events not entered,Amateur,normal,,,false,false,false,false,0,0,0,,0,false,,amateur,amateur,,,true,true,
2034/35,wp-sebastian-barker,Sebastian Barker,34,IND,Amateur,Amateur,false,false,false,,0,0,,Amateur,,,,,,,,,,,,,72,72,74,70,71,90,82,0,18,0,0,0,,0,,,,,,,0,0,8,8,0,100,0,0,0,"{""matches"":8,""wins"":8,""losses"":0,""draws"":0,""winPercentage"":100,""eventsEntered"":0,""titles"":0,""finals"":0,""prizeMoney"":0,""points"":0}",,,,,,,,,,,,,,,,false,false,false,,104,42,15,0,0,0,0,0,10,5,0,0,0,27,11,estimated from season exits versus eligible schedule | 27 eligible events not entered,Amateur,normal,,,false,false,false,false,0,0,0,,0,false,,amateur,amateur,,,true,true,
2034/35,wp-sebastian-caldwell,Sebastian Caldwell,33,JPN,Amateur,Amateur,false,false,false,,0,0,,Amateur,,,,,,,,,,,,,72,72,74,70,71,90,82,0,18,0,0,0,,0,,,,,,,0,0,8,8,0,100,0,0,0,"{""matches"":8,""wins"":8,""losses"":0,""draws"":0,""winPercentage"":100,""eventsEntered"":0,""titles"":0,""finals"":0,""prizeMoney"":0,""points"":0}",,,,,,,,,,,,,,,,false,false,false,,104,42,15,0,0,0,0,0,10,5,0,0,0,27,11,estimated from season exits versus eligible schedule | 27 eligible events not entered,Amateur,normal,,,false,false,false,false,0,0,0,,0,false,,amateur,amateur,,,true,true,
2034/35,wp-sebastian-drayton,Sebastian Drayton,36,ESP,Amateur,Amateur,false,false,false,,0,0,,Amateur,,,,,,,,,,,,,72,72,74,70,70,90,82,0,18,0,0,0,,0,,,,,,,0,0,8,8,0,100,0,0,0,"{""matches"":8,""wins"":8,""losses"":0,""draws"":0,""winPercentage"":100,""eventsEntered"":0,""titles"":0,""finals"":0,""prizeMoney"":0,""points"":0}",,,,,,,,,,,,,,,,false,false,false,,104,42,15,0,0,0,0,0,10,5,0,0,0,27,11,estimated from season exits versus eligible schedule | 27 eligible events not entered,Amateur,normal,,,false,false,false,false,0,0,0,,0,false,,amateur,amateur,,,true,true,
2034/35,wp-sebastian-easton,Sebastian Easton,33,WAL,Amateur,Q School,false,false,false,,0,0,,Amateur,,,,,,,26,12,18,,,,64,64,66,60,60,70,61,40,18,15,7,8,46.666666666666664,0,,,,,,,0,332,32,21,11,65.625,0,0,0,"{""matches"":32,""wins"":21,""losses"":11,""draws"":0,""winPercentage"":65.625,""eventsEntered"":0,""titles"":0,""finals"":0,""prizeMoney"":0,""points"":0}",,,,,,,,,,,,,,,,false,false,false,,104,42,8,0,0,0,0,0,3,5,0,0,0,34,18,estimated from season exits versus eligible schedule | 34 eligible events not entered,Q School,too high,,,false,false,false,false,0,0,0,,0,false,,qSchool,qSchool,,,true,true,
2034/35,wp-sebastian-grimaldi,Sebastian Grimaldi,34,THA,Amateur,Amateur,false,false,false,,0,0,,Amateur,,,,,,,,,,,,,72,72,74,70,71,90,82,0,18,0,0,0,,0,,,,,,,0,0,12,12,0,100,0,0,0,"{""matches"":12,""wins"":12,""losses"":0,""draws"":0,""winPercentage"":100,""eventsEntered"":0,""titles"":0,""finals"":0,""prizeMoney"":0,""points"":0}",,,,,,,,,,,,,,,,false,false,false,,104,42,15,0,0,0,0,0,10,5,0,0,0,27,11,estimated from season exits versus eligible schedule | 27 eligible events not entered,Amateur,normal,,,false,false,false,false,0,0,0,,0,false,,amateur,amateur,,,true,true,
2034/35,wp-sebastian-janssen,Sebastian Janssen,27,JPN,Amateur,Amateur,false,false,false,,0,0,,Amateur,,,,,,,63,,,,,,66,68,68,63,64,74,55,23,24,9,3,6,33.33333333333333,0,,,,,,,0,131,93,57,36,61.29032258064516,0,0,341206,"{""matches"":93,""wins"":57,""losses"":36,""draws"":0,""winPercentage"":61.29032258064516,""eventsEntered"":0,""titles"":0,""finals"":0,""prizeMoney"":341206,""points"":0}",,,,,,,,,,,,,,106,,false,false,false,,104,42,15,0,0,0,0,0,10,5,0,0,0,27,11,estimated from season exits versus eligible schedule | 27 eligible events not entered,Amateur,normal,,,false,false,false,false,0,0,0,,0,false,,qTour,amateur,,,true,true,
2034/35,wp-sebastian-mendoza,Sebastian Mendoza,27,POL,Amateur,Amateur,false,false,false,,0,0,,Amateur,122,122,,122,,,57,,,,122,,67,69,69,64,66,77,60,16,24,7,3,4,42.857142857142854,0,,,,,,,62438,388,108,71,37,65.74074074074075,1,0,219399,"{""matches"":108,""wins"":71,""losses"":37,""draws"":0,""winPercentage"":65.74074074074075,""eventsEntered"":0,""titles"":1,""finals"":0,""prizeMoney"":219399,""points"":0}",,,,,,,,,,,,,,111,,false,false,false,,104,42,15,0,0,0,0,0,10,5,0,0,0,27,11,estimated from season exits versus eligible schedule | 27 eligible events not entered,Amateur,normal,,,false,false,false,false,3,5,106665,,0,false,,qTour,amateur,,,true,true,
2034/35,wp-sebastian-urban,Sebastian Urban,51,CAN,Veteran,Amateur,false,false,false,,0,0,,Amateur,,,,,,,,,,,,,72,72,71,69,63,84,69,18,18,0,0,0,,0,,,,,,,0,0,14,14,0,100,0,0,0,"{""matches"":14,""wins"":14,""losses"":0,""draws"":0,""winPercentage"":100,""eventsEntered"":0,""titles"":0,""finals"":0,""prizeMoney"":0,""points"":0}",,,,,,,,,,,,,,,,false,false,false,,104,44,15,0,0,0,0,0,10,5,0,0,0,29,11,estimated from season exits versus eligible schedule | 29 eligible events not entered,Amateur,normal,,,false,false,false,false,0,0,0,,0,false,,amateur,amateur,,,true,true,
2034/35,wp-tariq-easton,Tariq Easton,40,IRL,Veteran,Amateur,false,false,false,,0,0,,Amateur,,,,,,,,,,,,,72,72,73,70,68,89,80,1,18,0,0,0,,0,,,,,,,0,0,8,8,0,100,0,0,0,"{""matches"":8,""wins"":8,""losses"":0,""draws"":0,""winPercentage"":100,""eventsEntered"":0,""titles"":0,""finals"":0,""prizeMoney"":0,""points"":0}",,,,,,,,,,,,,,,,false,false,false,,104,44,15,0,0,0,0,0,10,5,0,0,0,29,11,estimated from season exits versus eligible schedule | 29 eligible events not entered,Amateur,normal,,,false,false,false,false,0,0,0,,0,false,,amateur,amateur,,,true,true,
2034/35,wp-tariq-forster,Tariq Forster,37,NED,Amateur,Amateur,false,false,false,,0,0,,Amateur,,,,,,,,,,,,,72,72,73,70,70,90,82,0,18,0,0,0,,0,,,,,,,0,0,10,10,0,100,0,0,0,"{""matches"":10,""wins"":10,""losses"":0,""draws"":0,""winPercentage"":100,""eventsEntered"":0,""titles"":0,""finals"":0,""prizeMoney"":0,""points"":0}",,,,,,,,,,,,,,,,false,false,false,,104,42,15,0,0,0,0,0,10,5,0,0,0,27,11,estimated from season exits versus eligible schedule | 27 eligible events not entered,Amateur,normal,,,false,false,false,false,0,0,0,,0,false,,amateur,amateur,,,true,true,
2034/35,wp-tariq-harrington,Tariq Harrington,36,BRA,Amateur,Amateur,false,false,false,,0,0,,Amateur,,,,,,,,,,,,,72,72,74,70,70,90,82,0,18,0,0,0,,0,,,,,,,0,0,12,12,0,100,0,0,0,"{""matches"":12,""wins"":12,""losses"":0,""draws"":0,""winPercentage"":100,""eventsEntered"":0,""titles"":0,""finals"":0,""prizeMoney"":0,""points"":0}",,,,,,,,,,,,,,,,false,false,false,,104,42,15,0,0,0,0,0,10,5,0,0,0,27,11,estimated from season exits versus eligible schedule | 27 eligible events not entered,Amateur,normal,,,false,false,false,false,0,0,0,,0,false,,amateur,amateur,,,true,true,
2034/35,wp-tariq-nakamura,Tariq Nakamura,52,PAK,Veteran,Amateur,false,false,false,,0,0,,Amateur,,,,,,,,,,,,,68,69,66,64,59,77,57,21,21,0,0,0,,0,,,,,,,0,0,25,18,7,72,0,0,93078,"{""matches"":25,""wins"":18,""losses"":7,""draws"":0,""winPercentage"":72,""eventsEntered"":0,""titles"":0,""finals"":0,""prizeMoney"":93078,""points"":0}",,,,,,,,,,,,,,112,,false,false,false,,104,44,15,0,0,0,0,0,10,5,0,0,0,29,11,estimated from season exits versus eligible schedule | 29 eligible events not entered,Amateur,normal,,,false,false,false,false,0,0,0,,0,false,,amateur,amateur,,,true,true,
2034/35,wp-tariq-tremblay,Tariq Tremblay,34,CHN,Amateur,Amateur,false,false,false,,0,0,,Amateur,,,,,,,,,,,,,66,66,68,64,65,81,70,0,20,0,0,0,,0,,,,,,,0,0,63,44,19,69.84126984126983,0,0,124876,"{""matches"":63,""wins"":44,""losses"":19,""draws"":0,""winPercentage"":69.84126984126983,""eventsEntered"":0,""titles"":0,""finals"":0,""prizeMoney"":124876,""points"":0}",,,,,,,,,,,,,,120,,false,false,false,,104,42,15,0,0,0,0,0,10,5,0,0,0,27,11,estimated from season exits versus eligible schedule | 27 eligible events not entered,Amateur,normal,,,false,false,false,false,0,0,0,,0,false,,amateur,amateur,,,true,true,
2034/35,wp-tariq-urban,Tariq Urban,30,BRA,Amateur,Amateur,false,false,false,,0,0,,Amateur,,,,,,,,,,,,,66,66,68,63,66,81,69,0,20,0,0,0,,0,,,,,,,0,0,82,55,27,67.07317073170732,0,0,105796,"{""matches"":82,""wins"":55,""losses"":27,""draws"":0,""winPercentage"":67.07317073170732,""eventsEntered"":0,""titles"":0,""finals"":0,""prizeMoney"":105796,""points"":0}",,,,,,,,,,,,,,121,,false,false,false,,104,42,15,0,0,0,0,0,10,5,0,0,0,27,11,estimated from season exits versus eligible schedule | 27 eligible events not entered,Amateur,normal,,,false,false,false,false,0,0,0,,0,false,,amateur,amateur,,,true,true,
2034/35,wp-tariq-verma,Tariq Verma,27,ITA,Amateur,Amateur,false,false,false,,0,0,,Amateur,123,123,,123,,,59,,,,123,,66,67,68,62,65,77,58,10,20,5,2,3,40,0,,,,,,,43070,268,118,81,37,68.64406779661016,0,0,104929,"{""matches"":118,""wins"":81,""losses"":37,""draws"":0,""winPercentage"":68.64406779661016,""eventsEntered"":0,""titles"":0,""finals"":0,""prizeMoney"":104929,""points"":0}",,,,,,,,,,,,,,122,,false,false,false,,104,42,15,0,0,0,0,0,10,5,0,0,0,27,11,estimated from season exits versus eligible schedule | 27 eligible events not entered,Amateur,normal,,,false,false,false,false,2,5,104929,,0,false,,qTour,amateur,,,true,true,
2034/35,wp-tariq-whitaker,Tariq Whitaker,51,NOR,Veteran,Amateur,false,false,false,,0,0,,Amateur,,,,,,,,,,,,,76,78,75,74,67,88,69,18,26,0,0,0,,0,,,,,,,0,0,12,12,0,100,0,0,278484,"{""matches"":12,""wins"":12,""losses"":0,""draws"":0,""winPercentage"":100,""eventsEntered"":0,""titles"":0,""finals"":0,""prizeMoney"":278484,""points"":0}",,,,,,,,,,,,,,93,,false,false,false,,104,44,15,0,0,0,0,0,10,5,0,0,0,29,11,estimated from season exits versus eligible schedule | 29 eligible events not entered,Amateur,normal,,,false,false,false,false,0,0,0,,0,false,,amateur,amateur,,,true,true,
2034/35,wp-tobias-ashford,Tobias Ashford,26,CHN,Amateur,Amateur,false,false,false,,0,0,,Amateur,,,,,,,51,,,,,,67,69,69,64,65,75,56,23,23,9,3,6,33.33333333333333,0,,,,,,,0,140,113,76,37,67.2566371681416,1,0,108977,"{""matches"":113,""wins"":76,""losses"":37,""draws"":0,""winPercentage"":67.2566371681416,""eventsEntered"":0,""titles"":1,""finals"":0,""prizeMoney"":108977,""points"":0}",,,,,,,,,,,,,,115,,false,false,false,,104,42,15,0,0,0,0,0,10,5,0,0,0,27,11,estimated from season exits versus eligible schedule | 27 eligible events not entered,Amateur,normal,,,false,false,false,false,0,0,0,,0,false,,qTour,amateur,,,true,true,
2034/35,wp-tobias-barker,Tobias Barker,36,BRA,Amateur,Amateur,false,false,false,,0,0,,Amateur,,,,,,,,,,,,,72,72,74,70,70,90,82,0,18,0,0,0,,0,,,,,,,0,0,10,10,0,100,0,0,0,"{""matches"":10,""wins"":10,""losses"":0,""draws"":0,""winPercentage"":100,""eventsEntered"":0,""titles"":0,""finals"":0,""prizeMoney"":0,""points"":0}",,,,,,,,,,,,,,,,false,false,false,,104,42,15,0,0,0,0,0,10,5,0,0,0,27,11,estimated from season exits versus eligible schedule | 27 eligible events not entered,Amateur,normal,,,false,false,false,false,0,0,0,,0,false,,amateur,amateur,,,true,true,
2034/35,wp-tobias-drayton,Tobias Drayton,30,SCO,Amateur,Q School,false,false,false,,0,0,,Amateur,,,,,,,29,20,23,,,,65,66,67,62,63,75,62,19,21,8,4,4,50,0,,,,,,,0,168,98,62,36,63.26530612244898,0,0,126899,"{""matches"":98,""wins"":62,""losses"":36,""draws"":0,""winPercentage"":63.26530612244898,""eventsEntered"":0,""titles"":0,""finals"":0,""prizeMoney"":126899,""points"":0}",,,,,,,,,,,,,,116,,false,false,false,,104,42,4,0,0,0,0,0,0,4,0,0,0,38,22,estimated from season exits versus eligible schedule | 38 eligible events not entered,Q School,normal,,,false,false,false,false,0,0,0,,0,false,,qSchool,qSchool,,,true,true,
2034/35,wp-tobias-el-sayed,Tobias El-Sayed,33,FRA,Amateur,Amateur,false,false,false,,0,0,,Amateur,,,,,,,,,,,,,73,76,75,71,70,82,60,22,31,9,4,5,44.44444444444444,0,,,,,,,0,192,28,20,8,71.42857142857143,0,0,433160,"{""matches"":28,""wins"":20,""losses"":8,""draws"":0,""winPercentage"":71.42857142857143,""eventsEntered"":0,""titles"":0,""finals"":0,""prizeMoney"":433160,""points"":0}",,,,,,,,,,,,,,68,,false,false,false,,104,42,15,0,0,0,0,0,10,5,0,0,0,27,11,estimated from season exits versus eligible schedule | 27 eligible events not entered,Amateur,normal,,,false,false,false,false,0,0,0,,0,false,,amateur,amateur,,,true,true,
2034/35,wp-tobias-petrov,Tobias Petrov,25,SCO,Amateur,Q Tour,false,false,false,,0,0,,Amateur,,,,,,,24,28,,,,,66,69,68,63,64,76,66,25,21,10,6,4,60,0,,,,,,,0,282,91,60,31,65.93406593406593,0,0,126321,"{""matches"":91,""wins"":60,""losses"":31,""draws"":0,""winPercentage"":65.93406593406593,""eventsEntered"":0,""titles"":0,""finals"":0,""prizeMoney"":126321,""points"":0}",,,,,,,,,,,,,,117,,false,false,false,,104,42,7,0,0,0,0,0,2,5,0,0,0,35,19,estimated from season exits versus eligible schedule | 35 eligible events not entered,Q Tour,normal,,,false,false,false,false,0,0,0,,0,false,,qTour,qTour,,,true,true,
2034/35,wp-tobias-rahman,Tobias Rahman,50,BEL,Veteran,Amateur,false,false,false,,0,0,,Amateur,,,,,,,,,,,,,72,72,71,69,64,84,70,17,18,0,0,0,,0,,,,,,,0,0,14,14,0,100,0,0,0,"{""matches"":14,""wins"":14,""losses"":0,""draws"":0,""winPercentage"":100,""eventsEntered"":0,""titles"":0,""finals"":0,""prizeMoney"":0,""points"":0}",,,,,,,,,,,,,,,,false,false,false,,104,44,15,0,0,0,0,0,10,5,0,0,0,29,11,estimated from season exits versus eligible schedule | 29 eligible events not entered,Amateur,normal,,,false,false,false,false,0,0,0,,0,false,,amateur,amateur,,,true,true,
2034/35,wp-tobias-whitaker,Tobias Whitaker,40,IRL,Veteran,Amateur,false,false,false,,0,0,,Amateur,,,,,,,,,,,,,66,67,67,63,62,80,66,2,21,0,0,0,,0,,,,,,,0,0,25,16,9,64,0,0,128922,"{""matches"":25,""wins"":16,""losses"":9,""draws"":0,""winPercentage"":64,""eventsEntered"":0,""titles"":0,""finals"":0,""prizeMoney"":128922,""points"":0}",,,,,,,,,,,,,,113,,false,false,false,,104,44,15,0,0,0,0,0,10,5,0,0,0,29,11,estimated from season exits versus eligible schedule | 29 eligible events not entered,Amateur,normal,,,false,false,false,false,0,0,0,,0,false,,amateur,amateur,,,true,true,
2034/35,wp-toby-hale,Toby Hale,24,SCO,Amateur,Q School,false,false,false,,0,0,,Amateur,,,,,,,12,13,1,,,,68,90,70,65,65,77,67,34,21,13,8,5,61.53846153846154,0,,,,,,,0,313,81,54,27,66.66666666666666,0,0,210148,"{""matches"":81,""wins"":54,""losses"":27,""draws"":0,""winPercentage"":66.66666666666666,""eventsEntered"":0,""titles"":0,""finals"":0,""prizeMoney"":210148,""points"":0}",,,,,,,,,,,,,,118,,false,false,false,,104,42,5,0,0,0,0,0,1,4,0,0,0,37,21,estimated from season exits versus eligible schedule | 37 eligible events not entered,Q School,too high,,,false,false,false,false,0,3,61281,,0,false,failed Q School campaigns,qSchool,qSchool,,,true,true,
2034/35,wp-toby-hale-a,Toby Hale A,21,SCO,Amateur,Q School,false,false,false,,0,0,,Amateur,124,124,,124,,,10,9,11,,124,,66,84,68,63,65,77,62,13,19,6,3,3,50,0,,,,,,,60992,379,64,42,22,65.625,0,0,103484,"{""matches"":64,""wins"":42,""losses"":22,""draws"":0,""winPercentage"":65.625,""eventsEntered"":0,""titles"":0,""finals"":0,""prizeMoney"":103484,""points"":0}",,,,,,,,,,,,,,124,,false,false,false,,104,42,4,0,0,0,0,0,0,4,0,0,0,38,22,estimated from season exits versus eligible schedule | 38 eligible events not entered,Q School,normal,,,false,false,false,false,3,5,103484,,0,false,,qSchool,qSchool,,,true,true,
2034/35,wp-toby-hale-e,Toby Hale E,15,ENG,Youth,Amateur,false,false,false,,0,0,,Amateur,,,,,,,,,,,,,64,83,66,61,62,75,67,19,18,8,5,3,62.5,0,,,,,,,0,111,8,5,3,62.5,0,0,0,"{""matches"":8,""wins"":5,""losses"":3,""draws"":0,""winPercentage"":62.5,""eventsEntered"":0,""titles"":0,""finals"":0,""prizeMoney"":0,""points"":0}",,,,,,,,,,,,,,,,false,false,false,,104,61,10,0,0,0,0,0,5,5,0,0,0,51,16,estimated from season exits versus eligible schedule | 51 eligible events not entered,Youth,normal,,,false,false,false,false,0,0,0,,0,false,,youth,youth,,,true,true,
2034/35,wp-toby-hale-f,Toby Hale F,15,ENG,Youth,Amateur,false,false,false,,0,0,,Amateur,,,,,,,,,,,,,52,88,54,46,52,61,42,0,18,,,,,,,,,,,,,,0,0,0,0,0,0,0,"{""matches"":0,""wins"":0,""losses"":0,""draws"":0,""winPercentage"":0,""eventsEntered"":0,""titles"":0,""finals"":0,""prizeMoney"":0,""points"":0}",,,,,,,,,,,,,,,,,false,false,,104,61,10,0,0,0,0,0,5,5,0,0,0,51,16,estimated from season exits versus eligible schedule | 51 eligible events not entered,Youth,normal,,,false,false,false,false,0,0,0,,0,false,,youth,youth,,,true,true,
2034/35,wp-ulrich-iqbal,Ulrich Iqbal,37,ESP,Amateur,Amateur,false,false,false,,0,0,,Amateur,,,,,,,,,,,,,72,72,73,70,70,90,82,0,18,0,0,0,,0,,,,,,,0,0,12,12,0,100,0,0,0,"{""matches"":12,""wins"":12,""losses"":0,""draws"":0,""winPercentage"":100,""eventsEntered"":0,""titles"":0,""finals"":0,""prizeMoney"":0,""points"":0}",,,,,,,,,,,,,,,,false,false,false,,104,42,15,0,0,0,0,0,10,5,0,0,0,27,11,estimated from season exits versus eligible schedule | 27 eligible events not entered,Amateur,normal,,,false,false,false,false,0,0,0,,0,false,,amateur,amateur,,,true,true,
2034/35,wp-ulrich-sinclair,Ulrich Sinclair,33,THA,Amateur,Amateur,false,false,false,,0,0,,Amateur,,,,,,,,,,,,,72,72,74,71,71,90,82,0,20,0,0,0,,0,,,,,,,0,0,12,12,0,100,0,0,151996,"{""matches"":12,""wins"":12,""losses"":0,""draws"":0,""winPercentage"":100,""eventsEntered"":0,""titles"":0,""finals"":0,""prizeMoney"":151996,""points"":0}",,,,,,,,,,,,,,124,,false,false,false,,104,42,15,0,0,0,0,0,10,5,0,0,0,27,11,estimated from season exits versus eligible schedule | 27 eligible events not entered,Amateur,normal,,,false,false,false,false,0,0,0,,0,false,,amateur,amateur,,,true,true,
2034/35,wp-ulrich-urban,Ulrich Urban,40,JPN,Veteran,Amateur,false,false,false,,0,0,,Amateur,,,,,,,,,,,,,64,65,65,61,60,78,63,2,21,0,0,0,,0,,,,,,,0,0,21,12,9,57.14285714285714,0,0,90188,"{""matches"":21,""wins"":12,""losses"":9,""draws"":0,""winPercentage"":57.14285714285714,""eventsEntered"":0,""titles"":0,""finals"":0,""prizeMoney"":90188,""points"":0}",,,,,,,,,,,,,,114,,false,false,false,,104,44,15,0,0,0,0,0,10,5,0,0,0,29,11,estimated from season exits versus eligible schedule | 29 eligible events not entered,Amateur,normal,,,false,false,false,false,0,0,0,,0,false,,amateur,amateur,,,true,true,
2034/35,wp-ulrich-verma,Ulrich Verma,31,ESP,Amateur,Amateur,false,false,false,,0,0,,Amateur,,,,,,,,,,,,,66,66,68,63,66,81,69,0,20,0,0,0,,0,,,,,,,0,0,60,41,19,68.33333333333333,0,0,121984,"{""matches"":60,""wins"":41,""losses"":19,""draws"":0,""winPercentage"":68.33333333333333,""eventsEntered"":0,""titles"":0,""finals"":0,""prizeMoney"":121984,""points"":0}",,,,,,,,,,,,,,123,,false,false,false,,104,42,15,0,0,0,0,0,10,5,0,0,0,27,11,estimated from season exits versus eligible schedule | 27 eligible events not entered,Amateur,normal,,,false,false,false,false,0,0,0,,0,false,,amateur,amateur,,,true,true,
2034/35,wp-ulrich-whitaker,Ulrich Whitaker,31,WAL,Amateur,Amateur,false,false,false,,0,0,,Amateur,,,,,,,,,,,,,72,72,74,70,72,90,82,0,18,0,0,0,,0,,,,,,,0,0,14,14,0,100,0,0,0,"{""matches"":14,""wins"":14,""losses"":0,""draws"":0,""winPercentage"":100,""eventsEntered"":0,""titles"":0,""finals"":0,""prizeMoney"":0,""points"":0}",,,,,,,,,,,,,,,,false,false,false,,104,42,15,0,0,0,0,0,10,5,0,0,0,27,11,estimated from season exits versus eligible schedule | 27 eligible events not entered,Amateur,normal,,,false,false,false,false,0,0,0,,0,false,,amateur,amateur,,,true,true,
2034/35,wp-ulrich-yates,Ulrich Yates,30,GER,Amateur,Amateur,false,false,false,,0,0,,Amateur,,,,,,,,,,,,,69,69,71,67,69,86,75,0,22,0,0,0,,0,,,,,,,0,0,23,18,5,78.26086956521739,2,0,0,"{""matches"":23,""wins"":18,""losses"":5,""draws"":0,""winPercentage"":78.26086956521739,""eventsEntered"":0,""titles"":2,""finals"":0,""prizeMoney"":0,""points"":0}",,,,,,,,,,,,,,,,false,false,false,,104,42,15,0,0,0,0,0,10,5,0,0,0,27,11,estimated from season exits versus eligible schedule | 27 eligible events not entered,Amateur,normal,,,false,false,false,false,0,0,0,,0,false,,amateur,amateur,,,true,true,
2034/35,wp-viktor-ashford,Viktor Ashford,31,CHN,Amateur,Amateur,false,false,false,,0,0,,Amateur,,,,,,,,,,,,,72,72,74,70,72,90,82,0,18,0,0,0,,0,,,,,,,0,0,10,10,0,100,0,0,0,"{""matches"":10,""wins"":10,""losses"":0,""draws"":0,""winPercentage"":100,""eventsEntered"":0,""titles"":0,""finals"":0,""prizeMoney"":0,""points"":0}",,,,,,,,,,,,,,,,false,false,false,,104,42,15,0,0,0,0,0,10,5,0,0,0,27,11,estimated from season exits versus eligible schedule | 27 eligible events not entered,Amateur,normal,,,false,false,false,false,0,0,0,,0,false,,amateur,amateur,,,true,true,
2034/35,wp-viktor-harrington,Viktor Harrington,40,CHN,Veteran,Amateur,false,false,false,,0,0,,Amateur,,,,,,,,,,,,,75,76,76,74,71,92,80,1,23,0,0,0,,0,,,,,,,0,0,12,12,0,100,0,0,223034,"{""matches"":12,""wins"":12,""losses"":0,""draws"":0,""winPercentage"":100,""eventsEntered"":0,""titles"":0,""finals"":0,""prizeMoney"":223034,""points"":0}",,,,,,,,,,,,,,105,,false,false,false,,104,44,15,0,0,0,0,0,10,5,0,0,0,29,11,estimated from season exits versus eligible schedule | 29 eligible events not entered,Amateur,normal,,,false,false,false,false,0,0,0,,0,false,,amateur,amateur,,,true,true,
2034/35,wp-viktor-janssen,Viktor Janssen,36,IRL,Amateur,Amateur,false,false,false,,0,0,,Amateur,,,,,,,,,,,,,72,72,74,70,70,90,82,0,18,0,0,0,,0,,,,,,,0,0,12,12,0,100,0,0,0,"{""matches"":12,""wins"":12,""losses"":0,""draws"":0,""winPercentage"":100,""eventsEntered"":0,""titles"":0,""finals"":0,""prizeMoney"":0,""points"":0}",,,,,,,,,,,,,,,,false,false,false,,104,42,15,0,0,0,0,0,10,5,0,0,0,27,11,estimated from season exits versus eligible schedule | 27 eligible events not entered,Amateur,normal,,,false,false,false,false,0,0,0,,0,false,,amateur,amateur,,,true,true,
2034/35,wp-viktor-petrov,Viktor Petrov,28,SCO,Amateur,Amateur,false,false,false,,0,0,,Amateur,125,125,,125,,,,,,,125,,66,67,68,63,65,76,59,16,22,7,3,4,42.857142857142854,0,,,,,,,60414,376,98,63,35,64.28571428571429,0,0,247438,"{""matches"":98,""wins"":63,""losses"":35,""draws"":0,""winPercentage"":64.28571428571429,""eventsEntered"":0,""titles"":0,""finals"":0,""prizeMoney"":247438,""points"":0}",,,,,,,,,,,,,,115,,false,false,false,,104,42,15,0,0,0,0,0,10,5,0,0,0,27,11,estimated from season exits versus eligible schedule | 27 eligible events not entered,Amateur,normal,,,false,false,false,false,3,5,102328,,0,false,,qTour,amateur,,,true,true,
2034/35,wp-viktor-verma,Viktor Verma,25,FRA,Amateur,Q Tour,false,false,false,,0,0,,Amateur,,,,,,,23,27,,,,,65,67,67,62,63,75,64,22,20,9,5,4,55.55555555555556,0,,,,,,,0,242,79,50,29,63.29113924050633,0,0,141062,"{""matches"":79,""wins"":50,""losses"":29,""draws"":0,""winPercentage"":63.29113924050633,""eventsEntered"":0,""titles"":0,""finals"":0,""prizeMoney"":141062,""points"":0}",,,,,,,,,,,,,,121,,false,false,false,,104,42,7,0,0,0,0,0,2,5,0,0,0,35,19,estimated from season exits versus eligible schedule | 35 eligible events not entered,Q Tour,normal,,,false,false,false,false,0,0,0,,0,false,,qTour,qTour,,,true,true,
2034/35,wp-viktor-whitaker,Viktor Whitaker,37,IRL,Amateur,Amateur,false,false,false,,0,0,,Amateur,,,,,,,,,,,,,72,72,73,70,70,90,82,0,18,0,0,0,,0,,,,,,,0,0,12,12,0,100,0,0,0,"{""matches"":12,""wins"":12,""losses"":0,""draws"":0,""winPercentage"":100,""eventsEntered"":0,""titles"":0,""finals"":0,""prizeMoney"":0,""points"":0}",,,,,,,,,,,,,,,,false,false,false,,104,42,15,0,0,0,0,0,10,5,0,0,0,27,11,estimated from season exits versus eligible schedule | 27 eligible events not entered,Amateur,normal,,,false,false,false,false,0,0,0,,0,false,,amateur,amateur,,,true,true,
2034/35,wp-viktor-yates,Viktor Yates,36,NED,Amateur,Amateur,false,false,false,,0,0,,Amateur,,,,,,,,,,,,,72,72,74,70,70,90,82,0,18,0,0,0,,0,,,,,,,0,0,14,14,0,100,0,0,0,"{""matches"":14,""wins"":14,""losses"":0,""draws"":0,""winPercentage"":100,""eventsEntered"":0,""titles"":0,""finals"":0,""prizeMoney"":0,""points"":0}",,,,,,,,,,,,,,,,false,false,false,,104,42,15,0,0,0,0,0,10,5,0,0,0,27,11,estimated from season exits versus eligible schedule | 27 eligible events not entered,Amateur,normal,,,false,false,false,false,0,0,0,,0,false,,amateur,amateur,,,true,true,
2034/35,wp-viktor-yilmaz,Viktor Yilmaz,41,ITA,Veteran,Amateur,false,false,false,,0,0,,Safe,56,56,,56,,,,,,,56,,70,74,71,69,64,78,56,26,36,7,3,4,42.857142857142854,0,,,,,,,59836,372,62,32,30,51.61290322580645,0,0,863852,"{""matches"":62,""wins"":32,""losses"":30,""draws"":0,""winPercentage"":51.61290322580645,""eventsEntered"":0,""titles"":0,""finals"":0,""prizeMoney"":863852,""points"":0}",,,,,,,,,,,,,,56,,false,false,false,,104,44,15,0,0,0,0,0,10,5,0,0,0,29,11,estimated from season exits versus eligible schedule | 29 eligible events not entered,Amateur,normal,,,true,false,false,false,3,6,119672,,0,false,,senior,amateur,,,true,true,
2034/35,wp-vincent-ashford,Vincent Ashford,27,IND,Amateur,Amateur,false,false,false,,0,0,,Amateur,126,126,,126,,,58,,,,126,,65,66,67,61,64,75,59,16,19,7,3,4,42.857142857142854,0,,,,,,,59547,370,114,75,39,65.78947368421053,0,0,100594,"{""matches"":114,""wins"":75,""losses"":39,""draws"":0,""winPercentage"":65.78947368421053,""eventsEntered"":0,""titles"":0,""finals"":0,""prizeMoney"":100594,""points"":0}",,,,,,,,,,,,,,126,,false,false,false,,104,42,15,0,0,0,0,0,10,5,0,0,0,27,11,estimated from season exits versus eligible schedule | 27 eligible events not entered,Amateur,normal,,,false,false,false,false,3,5,100594,,0,false,,qTour,amateur,,,true,true,
2034/35,wp-vincent-barker,Vincent Barker,39,JPN,Amateur,Amateur,false,false,false,,0,0,,Amateur,,,,,,,,,,,,,72,72,73,70,69,90,81,0,18,0,0,0,,0,,,,,,,0,0,14,14,0,100,0,0,0,"{""matches"":14,""wins"":14,""losses"":0,""draws"":0,""winPercentage"":100,""eventsEntered"":0,""titles"":0,""finals"":0,""prizeMoney"":0,""points"":0}",,,,,,,,,,,,,,,,false,false,false,,104,42,15,0,0,0,0,0,10,5,0,0,0,27,11,estimated from season exits versus eligible schedule | 27 eligible events not entered,Amateur,normal,,,false,false,false,false,0,0,0,,0,false,,amateur,amateur,,,true,true,
2034/35,wp-vincent-caldwell,Vincent Caldwell,30,CAN,Amateur,Amateur,false,false,false,,0,0,,Amateur,,,,,,,,,,,,,75,76,77,74,75,93,82,0,24,0,0,0,,0,,,,,,,0,0,12,12,0,100,0,0,240092,"{""matches"":12,""wins"":12,""losses"":0,""draws"":0,""winPercentage"":100,""eventsEntered"":0,""titles"":0,""finals"":0,""prizeMoney"":240092,""points"":0}",,,,,,,,,,,,,,102,,false,false,false,,104,42,15,0,0,0,0,0,10,5,0,0,0,27,11,estimated from season exits versus eligible schedule | 27 eligible events not entered,Amateur,normal,,,false,false,false,false,0,0,0,,0,false,,amateur,amateur,,,true,true,
2034/35,wp-vincent-easton,Vincent Easton,36,GER,Amateur,Amateur,false,false,false,,0,0,,Amateur,,,,,,,,,,,,,72,72,74,70,70,90,82,0,18,0,0,0,,0,,,,,,,0,0,12,12,0,100,0,0,0,"{""matches"":12,""wins"":12,""losses"":0,""draws"":0,""winPercentage"":100,""eventsEntered"":0,""titles"":0,""finals"":0,""prizeMoney"":0,""points"":0}",,,,,,,,,,,,,,,,false,false,false,,104,42,15,0,0,0,0,0,10,5,0,0,0,27,11,estimated from season exits versus eligible schedule | 27 eligible events not entered,Amateur,normal,,,false,false,false,false,0,0,0,,0,false,,amateur,amateur,,,true,true,
2034/35,wp-vincent-langford,Vincent Langford,56,IND,Veteran,Senior Tour / Legend Circuit,false,false,false,,0,0,,Amateur,,,,,,,,,,18,,,66,66,64,61,53,69,48,43,18,5,3,2,60,0,,,,,,,0,125,60,44,16,73.33333333333333,0,0,0,"{""matches"":60,""wins"":44,""losses"":16,""draws"":0,""winPercentage"":73.33333333333333,""eventsEntered"":0,""titles"":0,""finals"":0,""prizeMoney"":0,""points"":0}",,,,,,,,,,,,,,,,false,false,false,,104,14,11,0,0,0,0,0,0,0,0,0,11,3,0,estimated from season exits versus eligible schedule | 3 eligible events not entered,Senior/Legend,normal,,,false,false,false,false,0,0,0,,0,false,,amateur,senior,,,true,true,
2034/35,wp-vincent-rahman,Vincent Rahman,39,GER,Amateur,Amateur,false,false,false,,0,0,,Amateur,,,,,,,,,,,,,67,68,68,65,64,82,69,0,21,0,0,0,,0,,,,,,,0,0,24,17,7,70.83333333333334,0,0,105796,"{""matches"":24,""wins"":17,""losses"":7,""draws"":0,""winPercentage"":70.83333333333334,""eventsEntered"":0,""titles"":0,""finals"":0,""prizeMoney"":105796,""points"":0}",,,,,,,,,,,,,,116,,false,false,false,,104,42,15,0,0,0,0,0,10,5,0,0,0,27,11,estimated from season exits versus eligible schedule | 27 eligible events not entered,Amateur,normal,,,false,false,false,false,0,0,0,,0,false,,amateur,amateur,,,true,true,
2034/35,wp-vincent-sorensen,Vincent Sorensen,31,THA,Amateur,Amateur,false,false,false,,0,0,,Amateur,,,,,,,,,,,,,65,65,67,62,65,80,69,0,19,0,0,0,,0,,,,,,,0,0,58,39,19,67.24137931034483,0,0,82672,"{""matches"":58,""wins"":39,""losses"":19,""draws"":0,""winPercentage"":67.24137931034483,""eventsEntered"":0,""titles"":0,""finals"":0,""prizeMoney"":82672,""points"":0}",,,,,,,,,,,,,,124,,false,false,false,,104,42,15,0,0,0,0,0,10,5,0,0,0,27,11,estimated from season exits versus eligible schedule | 27 eligible events not entered,Amateur,normal,,,false,false,false,false,0,0,0,,0,false,,amateur,amateur,,,true,true,
2034/35,wp-vincent-yates,Vincent Yates,30,POL,Amateur,Amateur,false,false,false,,0,0,,Amateur,,,,,,,,,,,,,72,72,74,70,72,90,82,0,18,0,0,0,,0,,,,,,,0,0,12,12,0,100,0,0,0,"{""matches"":12,""wins"":12,""losses"":0,""draws"":0,""winPercentage"":100,""eventsEntered"":0,""titles"":0,""finals"":0,""prizeMoney"":0,""points"":0}",,,,,,,,,,,,,,,,false,false,false,,104,42,15,0,0,0,0,0,10,5,0,0,0,27,11,estimated from season exits versus eligible schedule | 27 eligible events not entered,Amateur,normal,,,false,false,false,false,0,0,0,,0,false,,amateur,amateur,,,true,true,
2034/35,wp-warren-ashford,Warren Ashford,56,PAK,Veteran,Senior Tour / Legend Circuit,false,false,false,,0,0,,Amateur,,,,,,,,,,19,,,66,66,64,62,53,69,53,48,18,7,5,2,71.42857142857143,0,,,,,,,0,180,57,41,16,71.9298245614035,0,0,0,"{""matches"":57,""wins"":41,""losses"":16,""draws"":0,""winPercentage"":71.9298245614035,""eventsEntered"":0,""titles"":0,""finals"":0,""prizeMoney"":0,""points"":0}",,,,,,,,,,,,,,,,false,false,false,,104,14,11,0,0,0,0,0,0,0,0,0,11,3,0,estimated from season exits versus eligible schedule | 3 eligible events not entered,Senior/Legend,normal,,,false,false,false,false,0,0,0,,0,false,,amateur,senior,,,true,true,
2034/35,wp-warren-barker,Warren Barker,31,NOR,Amateur,Amateur,false,false,false,,0,0,,Amateur,,,,,,,,,,,,,72,72,74,70,72,90,82,0,18,0,0,0,,0,,,,,,,0,0,12,12,0,100,0,0,0,"{""matches"":12,""wins"":12,""losses"":0,""draws"":0,""winPercentage"":100,""eventsEntered"":0,""titles"":0,""finals"":0,""prizeMoney"":0,""points"":0}",,,,,,,,,,,,,,,,false,false,false,,104,42,15,0,0,0,0,0,10,5,0,0,0,27,11,estimated from season exits versus eligible schedule | 27 eligible events not entered,Amateur,normal,,,false,false,false,false,0,0,0,,0,false,,amateur,amateur,,,true,true,
2034/35,wp-warren-caldwell,Warren Caldwell,30,FRA,Amateur,Amateur,false,false,false,,0,0,,Amateur,,,,,,,,,,,,,72,72,74,70,72,90,82,0,18,0,0,0,,0,,,,,,,0,0,8,8,0,100,0,0,0,"{""matches"":8,""wins"":8,""losses"":0,""draws"":0,""winPercentage"":100,""eventsEntered"":0,""titles"":0,""finals"":0,""prizeMoney"":0,""points"":0}",,,,,,,,,,,,,,,,false,false,false,,104,42,15,0,0,0,0,0,10,5,0,0,0,27,11,estimated from season exits versus eligible schedule | 27 eligible events not entered,Amateur,normal,,,false,false,false,false,0,0,0,,0,false,,amateur,amateur,,,true,true,
2034/35,wp-warren-drayton,Warren Drayton,33,IRL,Amateur,Amateur,false,false,false,,0,0,,Amateur,,,,,,,,,,,,,72,72,74,70,71,90,82,0,18,0,0,0,,0,,,,,,,0,0,10,10,0,100,0,0,0,"{""matches"":10,""wins"":10,""losses"":0,""draws"":0,""winPercentage"":100,""eventsEntered"":0,""titles"":0,""finals"":0,""prizeMoney"":0,""points"":0}",,,,,,,,,,,,,,,,false,false,false,,104,42,15,0,0,0,0,0,10,5,0,0,0,27,11,estimated from season exits versus eligible schedule | 27 eligible events not entered,Amateur,normal,,,false,false,false,false,0,0,0,,0,false,,amateur,amateur,,,true,true,
2034/35,wp-warren-forster,Warren Forster,33,CHN,Amateur,Amateur,false,false,false,,0,0,,Amateur,,,,,,,,,,,,,72,72,74,70,71,90,82,0,18,0,0,0,,0,,,,,,,0,0,12,12,0,100,0,0,0,"{""matches"":12,""wins"":12,""losses"":0,""draws"":0,""winPercentage"":100,""eventsEntered"":0,""titles"":0,""finals"":0,""prizeMoney"":0,""points"":0}",,,,,,,,,,,,,,,,false,false,false,,104,42,15,0,0,0,0,0,10,5,0,0,0,27,11,estimated from season exits versus eligible schedule | 27 eligible events not entered,Amateur,normal,,,false,false,false,false,0,0,0,,0,false,,amateur,amateur,,,true,true,
2034/35,wp-warren-lombardi,Warren Lombardi,34,AUS,Amateur,Amateur,false,false,false,,0,0,,Amateur,,,,,,,,,,,,,67,68,69,65,66,82,70,0,24,0,0,0,,0,,,,,,,0,0,34,22,12,64.70588235294117,2,0,85562,"{""matches"":34,""wins"":22,""losses"":12,""draws"":0,""winPercentage"":64.70588235294117,""eventsEntered"":0,""titles"":2,""finals"":0,""prizeMoney"":85562,""points"":0}",,,,,,,,,,,,,,117,,false,false,false,,104,42,15,0,0,0,0,0,10,5,0,0,0,27,11,estimated from season exits versus eligible schedule | 27 eligible events not entered,Amateur,normal,,,false,false,false,false,0,0,0,,0,false,,amateur,amateur,,,true,true,
2034/35,wp-warren-otero,Warren Otero,37,BRA,Amateur,Amateur,false,false,false,,0,0,,Amateur,,,,,,,,,,,,,77,79,78,77,75,95,82,0,28,0,0,0,,0,,,,,,,0,0,12,12,0,100,0,0,365632,"{""matches"":12,""wins"":12,""losses"":0,""draws"":0,""winPercentage"":100,""eventsEntered"":0,""titles"":0,""finals"":0,""prizeMoney"":365632,""points"":0}",,,,,,,,,,,,,,84,,false,false,false,,104,42,15,0,0,0,0,0,10,5,0,0,0,27,11,estimated from season exits versus eligible schedule | 27 eligible events not entered,Amateur,normal,,,false,false,false,false,0,0,0,,0,false,,amateur,amateur,,,true,true,
2034/35,wp-warren-sorensen,Warren Sorensen,39,CHN,Amateur,Amateur,false,false,false,,0,0,,Amateur,,,,,,,,,,,,,67,68,68,64,64,82,69,0,20,0,0,0,,0,,,,,,,0,0,23,16,7,69.56521739130434,0,0,84984,"{""matches"":23,""wins"":16,""losses"":7,""draws"":0,""winPercentage"":69.56521739130434,""eventsEntered"":0,""titles"":0,""finals"":0,""prizeMoney"":84984,""points"":0}",,,,,,,,,,,,,,118,,false,false,false,,104,42,15,0,0,0,0,0,10,5,0,0,0,27,11,estimated from season exits versus eligible schedule | 27 eligible events not entered,Amateur,normal,,,false,false,false,false,0,0,0,,0,false,,amateur,amateur,,,true,true,
2034/35,wp-warren-tremblay,Warren Tremblay,51,BRA,Veteran,Amateur,false,false,false,,0,0,,Amateur,,,,,,,,,,,,,72,72,71,69,63,84,69,18,18,0,0,0,,0,,,,,,,0,0,14,14,0,100,0,0,0,"{""matches"":14,""wins"":14,""losses"":0,""draws"":0,""winPercentage"":100,""eventsEntered"":0,""titles"":0,""finals"":0,""prizeMoney"":0,""points"":0}",,,,,,,,,,,,,,,,false,false,false,,104,44,15,0,0,0,0,0,10,5,0,0,0,29,11,estimated from season exits versus eligible schedule | 29 eligible events not entered,Amateur,normal,,,false,false,false,false,0,0,0,,0,false,,amateur,amateur,,,true,true,
2034/35,wp-warren-yates,Warren Yates,26,AUS,Amateur,Amateur,false,false,false,,0,0,,Amateur,,,,,,,50,,,,,,65,67,67,62,63,74,60,22,20,9,4,5,44.44444444444444,0,,,,,,,0,184,95,61,34,64.21052631578948,0,0,119672,"{""matches"":95,""wins"":61,""losses"":34,""draws"":0,""winPercentage"":64.21052631578948,""eventsEntered"":0,""titles"":0,""finals"":0,""prizeMoney"":119672,""points"":0}",,,,,,,,,,,,,,122,,false,false,false,,104,42,15,0,0,0,0,0,10,5,0,0,0,27,11,estimated from season exits versus eligible schedule | 27 eligible events not entered,Amateur,normal,,,false,false,false,false,0,0,0,,0,false,,qTour,amateur,,,true,true,
2034/35,wp-wesley-ashford,Wesley Ashford,33,IND,Amateur,Amateur,false,false,false,,0,0,,Amateur,,,,,,,,,,,,,72,72,74,70,71,90,82,0,18,0,0,0,,0,,,,,,,0,0,14,14,0,100,0,0,0,"{""matches"":14,""wins"":14,""losses"":0,""draws"":0,""winPercentage"":100,""eventsEntered"":0,""titles"":0,""finals"":0,""prizeMoney"":0,""points"":0}",,,,,,,,,,,,,,,,false,false,false,,104,42,15,0,0,0,0,0,10,5,0,0,0,27,11,estimated from season exits versus eligible schedule | 27 eligible events not entered,Amateur,normal,,,false,false,false,false,0,0,0,,0,false,,amateur,amateur,,,true,true,
2034/35,wp-wesley-barker,Wesley Barker,29,JPN,Amateur,Amateur,false,false,false,,0,0,,Amateur,,,,,,,,,,,,,63,63,65,60,63,77,65,0,18,0,0,0,,0,,,,,,,0,0,44,25,19,56.81818181818182,0,0,0,"{""matches"":44,""wins"":25,""losses"":19,""draws"":0,""winPercentage"":56.81818181818182,""eventsEntered"":0,""titles"":0,""finals"":0,""prizeMoney"":0,""points"":0}",,,,,,,,,,,,,,,,false,false,false,,104,42,15,0,0,0,0,0,10,5,0,0,0,27,11,estimated from season exits versus eligible schedule | 27 eligible events not entered,Amateur,normal,,,false,false,false,false,0,0,0,,0,false,,amateur,amateur,,,true,true,
2034/35,wp-wesley-drayton,Wesley Drayton,33,WAL,Amateur,Amateur,false,false,false,,0,0,,Amateur,,,,,,,,,,,,,65,65,67,62,64,80,69,0,18,0,0,0,,0,,,,,,,0,0,25,17,8,68,0,0,0,"{""matches"":25,""wins"":17,""losses"":8,""draws"":0,""winPercentage"":68,""eventsEntered"":0,""titles"":0,""finals"":0,""prizeMoney"":0,""points"":0}",,,,,,,,,,,,,,,,false,false,false,,104,42,15,0,0,0,0,0,10,5,0,0,0,27,11,estimated from season exits versus eligible schedule | 27 eligible events not entered,Amateur,normal,,,false,false,false,false,0,0,0,,0,false,,amateur,amateur,,,true,true,
2034/35,wp-wesley-kovacs,Wesley Kovacs,33,POL,Amateur,Amateur,false,false,false,,0,0,,Amateur,,,,,,,,,,,,,72,72,74,70,71,90,82,0,18,0,0,0,,0,,,,,,,0,0,12,12,0,100,0,0,0,"{""matches"":12,""wins"":12,""losses"":0,""draws"":0,""winPercentage"":100,""eventsEntered"":0,""titles"":0,""finals"":0,""prizeMoney"":0,""points"":0}",,,,,,,,,,,,,,,,false,false,false,,104,42,15,0,0,0,0,0,10,5,0,0,0,27,11,estimated from season exits versus eligible schedule | 27 eligible events not entered,Amateur,normal,,,false,false,false,false,0,0,0,,0,false,,amateur,amateur,,,true,true,
2034/35,wp-wesley-petrov,Wesley Petrov,36,WAL,Amateur,Amateur,false,false,false,,0,0,,Amateur,,,,,,,,,,,,,65,65,67,62,63,80,67,0,20,0,0,0,,0,,,,,,,0,0,31,19,12,61.29032258064516,0,0,102328,"{""matches"":31,""wins"":19,""losses"":12,""draws"":0,""winPercentage"":61.29032258064516,""eventsEntered"":0,""titles"":0,""finals"":0,""prizeMoney"":102328,""points"":0}",,,,,,,,,,,,,,119,,false,false,false,,104,42,15,0,0,0,0,0,10,5,0,0,0,27,11,estimated from season exits versus eligible schedule | 27 eligible events not entered,Amateur,normal,,,false,false,false,false,0,0,0,,0,false,,amateur,amateur,,,true,true,
2034/35,wp-wesley-rahman,Wesley Rahman,54,GER,Veteran,Amateur,false,false,false,,0,0,,Amateur,,,,,,,,,,,,,72,72,70,69,62,82,66,23,18,0,0,0,,0,,,,,,,0,0,14,14,0,100,0,0,0,"{""matches"":14,""wins"":14,""losses"":0,""draws"":0,""winPercentage"":100,""eventsEntered"":0,""titles"":0,""finals"":0,""prizeMoney"":0,""points"":0}",,,,,,,,,,,,,,,,false,false,false,,104,44,15,0,0,0,0,0,10,5,0,0,0,29,11,estimated from season exits versus eligible schedule | 29 eligible events not entered,Amateur,normal,,,false,false,false,false,0,0,0,,0,false,,amateur,amateur,,,true,true,
2034/35,wp-wesley-urban,Wesley Urban,40,IND,Veteran,Amateur,false,false,false,,0,0,,Amateur,,,,,,,,,,,,,77,79,78,77,73,94,80,1,27,0,0,0,,0,,,,,,,0,0,12,12,0,100,0,0,314296,"{""matches"":12,""wins"":12,""losses"":0,""draws"":0,""winPercentage"":100,""eventsEntered"":0,""titles"":0,""finals"":0,""prizeMoney"":314296,""points"":0}",,,,,,,,,,,,,,88,,false,false,false,,104,44,15,0,0,0,0,0,10,5,0,0,0,29,11,estimated from season exits versus eligible schedule | 29 eligible events not entered,Amateur,normal,,,false,false,false,false,0,0,0,,0,false,,amateur,amateur,,,true,true,
2034/35,wp-wesley-whitaker,Wesley Whitaker,37,NIR,Amateur,Amateur,false,false,false,,0,0,,Amateur,,,,,,,,,,,,,65,65,66,62,63,80,67,0,20,0,0,0,,0,,,,,,,0,0,21,13,8,61.904761904761905,0,0,101750,"{""matches"":21,""wins"":13,""losses"":8,""draws"":0,""winPercentage"":61.904761904761905,""eventsEntered"":0,""titles"":0,""finals"":0,""prizeMoney"":101750,""points"":0}",,,,,,,,,,,,,,120,,false,false,false,,104,42,15,0,0,0,0,0,10,5,0,0,0,27,11,estimated from season exits versus eligible schedule | 27 eligible events not entered,Amateur,normal,,,false,false,false,false,0,0,0,,0,false,,amateur,amateur,,,true,true,
2034/35,wp-wesley-yates,Wesley Yates,26,POL,Amateur,Amateur,false,false,false,,0,0,,Amateur,,,,,,,52,,,,,,65,67,67,61,63,74,60,22,19,9,4,5,44.44444444444444,0,,,,,,,0,181,102,66,36,64.70588235294117,0,0,100016,"{""matches"":102,""wins"":66,""losses"":36,""draws"":0,""winPercentage"":64.70588235294117,""eventsEntered"":0,""titles"":0,""finals"":0,""prizeMoney"":100016,""points"":0}",,,,,,,,,,,,,,123,,false,false,false,,104,42,15,0,0,0,0,0,10,5,0,0,0,27,11,estimated from season exits versus eligible schedule | 27 eligible events not entered,Amateur,normal,,,false,false,false,false,0,0,0,,0,false,,qTour,amateur,,,true,true,
2034/35,wp-xander-ashford,Xander Ashford,55,PAK,Veteran,Senior Tour / Legend Circuit,false,false,false,,0,0,,Amateur,,,,,,,,,,22,,,66,66,64,61,54,70,52,44,18,6,4,2,66.66666666666666,0,,,,,,,0,150,57,41,16,71.9298245614035,0,0,0,"{""matches"":57,""wins"":41,""losses"":16,""draws"":0,""winPercentage"":71.9298245614035,""eventsEntered"":0,""titles"":0,""finals"":0,""prizeMoney"":0,""points"":0}",,,,,,,,,,,,,,,,false,false,false,,104,14,11,0,0,0,0,0,0,0,0,0,11,3,0,estimated from season exits versus eligible schedule | 3 eligible events not entered,Senior/Legend,normal,,,false,false,false,false,0,0,0,,0,false,,amateur,senior,,,true,true,
2034/35,wp-xander-barker,Xander Barker,30,NOR,Amateur,Amateur,false,false,false,,0,0,,Amateur,,,,,,,,,,,,,72,72,74,70,72,90,82,0,18,0,0,0,,0,,,,,,,0,0,14,14,0,100,0,0,0,"{""matches"":14,""wins"":14,""losses"":0,""draws"":0,""winPercentage"":100,""eventsEntered"":0,""titles"":0,""finals"":0,""prizeMoney"":0,""points"":0}",,,,,,,,,,,,,,,,false,false,false,,104,42,15,0,0,0,0,0,10,5,0,0,0,27,11,estimated from season exits versus eligible schedule | 27 eligible events not entered,Amateur,normal,,,false,false,false,false,0,0,0,,0,false,,amateur,amateur,,,true,true,
2034/35,wp-xander-easton,Xander Easton,33,NED,Amateur,Amateur,false,false,false,,0,0,,Amateur,,,,,,,,,,,,,72,72,74,70,71,90,82,0,18,0,0,0,,0,,,,,,,0,0,12,12,0,100,0,0,0,"{""matches"":12,""wins"":12,""losses"":0,""draws"":0,""winPercentage"":100,""eventsEntered"":0,""titles"":0,""finals"":0,""prizeMoney"":0,""points"":0}",,,,,,,,,,,,,,,,false,false,false,,104,42,15,0,0,0,0,0,10,5,0,0,0,27,11,estimated from season exits versus eligible schedule | 27 eligible events not entered,Amateur,normal,,,false,false,false,false,0,0,0,,0,false,,amateur,amateur,,,true,true,
2034/35,wp-xander-hayashi,Xander Hayashi,30,PAK,Amateur,Amateur,false,false,false,,0,0,,Amateur,,,,,,,,,,,,,78,81,80,78,78,96,82,0,29,0,0,0,,0,,,,,,,0,0,12,12,0,100,0,0,375346,"{""matches"":12,""wins"":12,""losses"":0,""draws"":0,""winPercentage"":100,""eventsEntered"":0,""titles"":0,""finals"":0,""prizeMoney"":375346,""points"":0}",,,,,,,,,,,,,,76,,false,false,false,,104,42,15,0,0,0,0,0,10,5,0,0,0,27,11,estimated from season exits versus eligible schedule | 27 eligible events not entered,Amateur,normal,,,false,false,false,false,0,0,0,,0,false,,amateur,amateur,,,true,true,
2034/35,wp-xander-langford,Xander Langford,36,PAK,Amateur,Amateur,false,false,false,,0,0,,Amateur,,,,,,,,,,,,,72,72,74,70,70,90,82,0,18,0,0,0,,0,,,,,,,0,0,12,12,0,100,0,0,0,"{""matches"":12,""wins"":12,""losses"":0,""draws"":0,""winPercentage"":100,""eventsEntered"":0,""titles"":0,""finals"":0,""prizeMoney"":0,""points"":0}",,,,,,,,,,,,,,,,false,false,false,,104,42,15,0,0,0,0,0,10,5,0,0,0,27,11,estimated from season exits versus eligible schedule | 27 eligible events not entered,Amateur,normal,,,false,false,false,false,0,0,0,,0,false,,amateur,amateur,,,true,true,
2034/35,wp-xander-quinnell,Xander Quinnell,50,BEL,Veteran,Amateur,false,false,false,,0,0,,Amateur,,,,,,,,,,,,,73,74,72,71,65,85,70,17,21,0,0,0,,0,,,,,,,0,0,12,12,0,100,0,0,153722,"{""matches"":12,""wins"":12,""losses"":0,""draws"":0,""winPercentage"":100,""eventsEntered"":0,""titles"":0,""finals"":0,""prizeMoney"":153722,""points"":0}",,,,,,,,,,,,,,116,,false,false,false,,104,44,15,0,0,0,0,0,10,5,0,0,0,29,11,estimated from season exits versus eligible schedule | 29 eligible events not entered,Amateur,normal,,,false,false,false,false,0,0,0,,0,false,,amateur,amateur,,,true,true,
2034/35,wp-xander-rahman,Xander Rahman,30,NED,Amateur,Q Tour,false,false,false,,0,0,,Amateur,,,,,,,,31,,,,,64,64,66,61,64,78,65,0,20,0,0,0,,0,,,,,,,0,0,46,27,19,58.69565217391305,0,0,119094,"{""matches"":46,""wins"":27,""losses"":19,""draws"":0,""winPercentage"":58.69565217391305,""eventsEntered"":0,""titles"":0,""finals"":0,""prizeMoney"":119094,""points"":0}",,,,,,,,,,,,,,121,,false,false,false,,104,42,7,0,0,0,0,0,2,5,0,0,0,35,19,estimated from season exits versus eligible schedule | 35 eligible events not entered,Q Tour,normal,,,false,false,false,false,0,0,0,,0,false,,amateur,qTour,,,true,true,
2034/35,wp-xander-sorensen,Xander Sorensen,34,CHN,Amateur,Amateur,false,false,false,,0,0,,Amateur,,,,,,,,,,,,,65,65,67,62,64,80,68,0,19,0,0,0,,0,,,,,,,0,0,58,38,20,65.51724137931035,0,0,79782,"{""matches"":58,""wins"":38,""losses"":20,""draws"":0,""winPercentage"":65.51724137931035,""eventsEntered"":0,""titles"":0,""finals"":0,""prizeMoney"":79782,""points"":0}",,,,,,,,,,,,,,125,,false,false,false,,104,42,15,0,0,0,0,0,10,5,0,0,0,27,11,estimated from season exits versus eligible schedule | 27 eligible events not entered,Amateur,normal,,,false,false,false,false,0,0,0,,0,false,,amateur,amateur,,,true,true,
2034/35,wp-xander-yates,Xander Yates,29,AUS,Amateur,Amateur,false,false,false,,0,0,,Amateur,,,,,,,,,,,,,62,62,64,59,62,76,63,0,18,0,0,0,,0,,,,,,,0,0,34,18,16,52.94117647058824,0,0,0,"{""matches"":34,""wins"":18,""losses"":16,""draws"":0,""winPercentage"":52.94117647058824,""eventsEntered"":0,""titles"":0,""finals"":0,""prizeMoney"":0,""points"":0}",,,,,,,,,,,,,,,,false,false,false,,104,42,15,0,0,0,0,0,10,5,0,0,0,27,11,estimated from season exits versus eligible schedule | 27 eligible events not entered,Amateur,normal,,,false,false,false,false,0,0,0,,0,false,,amateur,amateur,,,true,true,
2034/35,wp-yannick-ashford,Yannick Ashford,31,CAN,Amateur,Amateur,false,false,false,,0,0,,Amateur,,,,,,,,,,,,,72,72,74,70,72,90,82,0,18,0,0,0,,0,,,,,,,0,0,8,8,0,100,0,0,0,"{""matches"":8,""wins"":8,""losses"":0,""draws"":0,""winPercentage"":100,""eventsEntered"":0,""titles"":0,""finals"":0,""prizeMoney"":0,""points"":0}",,,,,,,,,,,,,,,,false,false,false,,104,42,15,0,0,0,0,0,10,5,0,0,0,27,11,estimated from season exits versus eligible schedule | 27 eligible events not entered,Amateur,normal,,,false,false,false,false,0,0,0,,0,false,,amateur,amateur,,,true,true,
2034/35,wp-yannick-barker,Yannick Barker,33,SWE,Amateur,Amateur,false,false,false,,0,0,,Amateur,,,,,,,,,,,,,72,72,74,70,71,90,82,0,18,0,0,0,,0,,,,,,,0,0,12,12,0,100,0,0,0,"{""matches"":12,""wins"":12,""losses"":0,""draws"":0,""winPercentage"":100,""eventsEntered"":0,""titles"":0,""finals"":0,""prizeMoney"":0,""points"":0}",,,,,,,,,,,,,,,,false,false,false,,104,42,15,0,0,0,0,0,10,5,0,0,0,27,11,estimated from season exits versus eligible schedule | 27 eligible events not entered,Amateur,normal,,,false,false,false,false,0,0,0,,0,false,,amateur,amateur,,,true,true,
2034/35,wp-yannick-caldwell,Yannick Caldwell,26,ENG,Amateur,Amateur,false,false,false,,0,0,,Amateur,,,,,,,54,,,,,,64,66,66,60,62,72,58,25,19,10,4,6,40,0,,,,,,,0,179,96,61,35,63.541666666666664,0,0,80360,"{""matches"":96,""wins"":61,""losses"":35,""draws"":0,""winPercentage"":63.541666666666664,""eventsEntered"":0,""titles"":0,""finals"":0,""prizeMoney"":80360,""points"":0}",,,,,,,,,,,,,,124,,false,false,false,,104,42,15,0,0,0,0,0,10,5,0,0,0,27,11,estimated from season exits versus eligible schedule | 27 eligible events not entered,Amateur,normal,,,false,false,false,false,0,0,0,,0,false,,qTour,amateur,,,true,true,
2034/35,wp-yannick-drayton,Yannick Drayton,35,NIR,Amateur,Amateur,false,false,false,,0,0,,Amateur,,,,,,,,,,,,,72,72,74,70,70,90,82,0,18,0,0,0,,0,,,,,,,0,0,10,10,0,100,0,0,0,"{""matches"":10,""wins"":10,""losses"":0,""draws"":0,""winPercentage"":100,""eventsEntered"":0,""titles"":0,""finals"":0,""prizeMoney"":0,""points"":0}",,,,,,,,,,,,,,,,false,false,false,,104,42,15,0,0,0,0,0,10,5,0,0,0,27,11,estimated from season exits versus eligible schedule | 27 eligible events not entered,Amateur,normal,,,false,false,false,false,0,0,0,,0,false,,amateur,amateur,,,true,true,
2034/35,wp-yannick-lombardi,Yannick Lombardi,36,THA,Amateur,Amateur,false,false,false,,0,0,,Amateur,,,,,,,,,,,,,68,68,70,66,66,84,73,0,24,0,0,0,,0,,,,,,,0,0,39,28,11,71.7948717948718,2,0,81516,"{""matches"":39,""wins"":28,""losses"":11,""draws"":0,""winPercentage"":71.7948717948718,""eventsEntered"":0,""titles"":2,""finals"":0,""prizeMoney"":81516,""points"":0}",,,,,,,,,,,,,,122,,false,false,false,,104,42,15,0,0,0,0,0,10,5,0,0,0,27,11,estimated from season exits versus eligible schedule | 27 eligible events not entered,Amateur,normal,,,false,false,false,false,0,0,0,,0,false,,amateur,amateur,,,true,true,
2034/35,wp-yannick-sorensen,Yannick Sorensen,33,IND,Amateur,Amateur,false,false,false,,0,0,,Amateur,,,,,,,,,,,,,66,66,68,63,65,81,69,0,19,0,0,0,,0,,,,,,,0,0,25,17,8,68,0,0,98860,"{""matches"":25,""wins"":17,""losses"":8,""draws"":0,""winPercentage"":68,""eventsEntered"":0,""titles"":0,""finals"":0,""prizeMoney"":98860,""points"":0}",,,,,,,,,,,,,,123,,false,false,false,,104,42,15,0,0,0,0,0,10,5,0,0,0,27,11,estimated from season exits versus eligible schedule | 27 eligible events not entered,Amateur,normal,,,false,false,false,false,0,0,0,,0,false,,amateur,amateur,,,true,true,
2034/35,wp-yannick-tremblay,Yannick Tremblay,36,JPN,Amateur,Amateur,false,false,false,,0,0,,Amateur,,,,,,,,,,,,,72,72,74,70,70,90,82,0,18,0,0,0,,0,,,,,,,0,0,14,14,0,100,0,0,0,"{""matches"":14,""wins"":14,""losses"":0,""draws"":0,""winPercentage"":100,""eventsEntered"":0,""titles"":0,""finals"":0,""prizeMoney"":0,""points"":0}",,,,,,,,,,,,,,,,false,false,false,,104,42,15,0,0,0,0,0,10,5,0,0,0,27,11,estimated from season exits versus eligible schedule | 27 eligible events not entered,Amateur,normal,,,false,false,false,false,0,0,0,,0,false,,amateur,amateur,,,true,true,
2034/35,wp-yusuf-barker,Yusuf Barker,26,SWE,Amateur,Amateur,false,false,false,,0,0,,Amateur,,,,,,,53,,,,,,64,66,66,60,62,73,57,19,19,8,3,5,37.5,0,,,,,,,0,138,95,60,35,63.1578947368421,0,0,97126,"{""matches"":95,""wins"":60,""losses"":35,""draws"":0,""winPercentage"":63.1578947368421,""eventsEntered"":0,""titles"":0,""finals"":0,""prizeMoney"":97126,""points"":0}",,,,,,,,,,,,,,125,,false,false,false,,104,42,15,0,0,0,0,0,10,5,0,0,0,27,11,estimated from season exits versus eligible schedule | 27 eligible events not entered,Amateur,normal,,,false,false,false,false,0,0,0,,0,false,,qTour,amateur,,,true,true,
2034/35,wp-yusuf-caldwell,Yusuf Caldwell,37,ENG,Amateur,Amateur,false,false,false,,0,0,,Amateur,,,,,,,,,,,,,72,72,73,70,70,90,82,0,18,0,0,0,,0,,,,,,,0,0,10,10,0,100,0,0,0,"{""matches"":10,""wins"":10,""losses"":0,""draws"":0,""winPercentage"":100,""eventsEntered"":0,""titles"":0,""finals"":0,""prizeMoney"":0,""points"":0}",,,,,,,,,,,,,,,,false,false,false,,104,42,15,0,0,0,0,0,10,5,0,0,0,27,11,estimated from season exits versus eligible schedule | 27 eligible events not entered,Amateur,normal,,,false,false,false,false,0,0,0,,0,false,,amateur,amateur,,,true,true,
2034/35,wp-yusuf-drayton,Yusuf Drayton,30,NIR,Amateur,Amateur,false,false,false,,0,0,,Amateur,,,,,,,,,,,,,72,72,74,70,72,90,82,0,18,0,0,0,,0,,,,,,,0,0,8,8,0,100,0,0,0,"{""matches"":8,""wins"":8,""losses"":0,""draws"":0,""winPercentage"":100,""eventsEntered"":0,""titles"":0,""finals"":0,""prizeMoney"":0,""points"":0}",,,,,,,,,,,,,,,,false,false,false,,104,42,15,0,0,0,0,0,10,5,0,0,0,27,11,estimated from season exits versus eligible schedule | 27 eligible events not entered,Amateur,normal,,,false,false,false,false,0,0,0,,0,false,,amateur,amateur,,,true,true,
2034/35,wp-yusuf-easton,Yusuf Easton,37,POL,Amateur,Amateur,false,false,false,,0,0,,Amateur,,,,,,,,,,,,,72,72,73,70,70,90,82,0,18,0,0,0,,0,,,,,,,0,0,10,10,0,100,0,0,0,"{""matches"":10,""wins"":10,""losses"":0,""draws"":0,""winPercentage"":100,""eventsEntered"":0,""titles"":0,""finals"":0,""prizeMoney"":0,""points"":0}",,,,,,,,,,,,,,,,false,false,false,,104,42,15,0,0,0,0,0,10,5,0,0,0,27,11,estimated from season exits versus eligible schedule | 27 eligible events not entered,Amateur,normal,,,false,false,false,false,0,0,0,,0,false,,amateur,amateur,,,true,true,
2034/35,wp-yusuf-grimaldi,Yusuf Grimaldi,28,JPN,Amateur,Amateur,false,false,false,,0,0,,Amateur,127,127,,127,,,,,,,127,,64,64,66,60,63,74,59,16,20,7,3,4,42.857142857142854,0,,,,,,,56945,354,97,61,36,62.88659793814433,0,0,192516,"{""matches"":97,""wins"":61,""losses"":36,""draws"":0,""winPercentage"":62.88659793814433,""eventsEntered"":0,""titles"":0,""finals"":0,""prizeMoney"":192516,""points"":0}",,,,,,,,,,,,,,124,,false,false,false,,104,42,15,0,0,0,0,0,10,5,0,0,0,27,11,estimated from season exits versus eligible schedule | 27 eligible events not entered,Amateur,normal,,,false,false,false,false,3,5,95390,,0,false,,qTour,amateur,,,true,true,
2034/35,wp-yusuf-langford,Yusuf Langford,36,POL,Amateur,Amateur,false,false,false,,0,0,,Amateur,,,,,,,,,,,,,74,75,76,73,72,92,82,0,22,0,0,0,,0,,,,,,,0,0,12,12,0,100,0,0,186346,"{""matches"":12,""wins"":12,""losses"":0,""draws"":0,""winPercentage"":100,""eventsEntered"":0,""titles"":0,""finals"":0,""prizeMoney"":186346,""points"":0}",,,,,,,,,,,,,,111,,false,false,false,,104,42,15,0,0,0,0,0,10,5,0,0,0,27,11,estimated from season exits versus eligible schedule | 27 eligible events not entered,Amateur,normal,,,false,false,false,false,0,0,0,,0,false,,amateur,amateur,,,true,true,
2034/35,wp-yusuf-mendoza,Yusuf Mendoza,58,CAN,Veteran,Amateur,false,false,false,,0,0,,Amateur,,,,,,,,,,,,,65,65,62,60,53,70,48,31,19,0,0,0,,0,,,,,,,0,0,28,18,10,64.28571428571429,0,0,78046,"{""matches"":28,""wins"":18,""losses"":10,""draws"":0,""winPercentage"":64.28571428571429,""eventsEntered"":0,""titles"":0,""finals"":0,""prizeMoney"":78046,""points"":0}",,,,,,,,,,,,,,125,,false,false,false,,104,44,15,0,0,0,0,0,10,5,0,0,0,29,11,estimated from season exits versus eligible schedule | 29 eligible events not entered,Amateur,normal,,,false,false,false,false,0,0,0,,0,false,,amateur,amateur,,,true,true,
2034/35,wp-yusuf-tremblay,Yusuf Tremblay,31,JPN,Amateur,Amateur,false,false,false,,0,0,,Amateur,,,,,,,,,,,,,66,66,68,63,66,81,70,0,19,0,0,0,,0,,,,,,,0,0,63,44,19,69.84126984126983,0,0,77468,"{""matches"":63,""wins"":44,""losses"":19,""draws"":0,""winPercentage"":69.84126984126983,""eventsEntered"":0,""titles"":0,""finals"":0,""prizeMoney"":77468,""points"":0}",,,,,,,,,,,,,,126,,false,false,false,,104,42,15,0,0,0,0,0,10,5,0,0,0,27,11,estimated from season exits versus eligible schedule | 27 eligible events not entered,Amateur,normal,,,false,false,false,false,0,0,0,,0,false,,amateur,amateur,,,true,true,
2034/35,wp-yusuf-urban,Yusuf Urban,31,ESP,Amateur,Amateur,false,false,false,,0,0,,Amateur,,,,,,,,,,,,,72,72,74,70,72,90,82,0,18,0,0,0,,0,,,,,,,0,0,14,14,0,100,0,0,0,"{""matches"":14,""wins"":14,""losses"":0,""draws"":0,""winPercentage"":100,""eventsEntered"":0,""titles"":0,""finals"":0,""prizeMoney"":0,""points"":0}",,,,,,,,,,,,,,,,false,false,false,,104,42,15,0,0,0,0,0,10,5,0,0,0,27,11,estimated from season exits versus eligible schedule | 27 eligible events not entered,Amateur,normal,,,false,false,false,false,0,0,0,,0,false,,amateur,amateur,,,true,true,
2034/35,wp-zac-ashford,Zac Ashford,28,AUS,Amateur,Amateur,false,false,false,,0,0,,Amateur,128,128,,128,,,,,,,128,,67,69,69,64,66,78,58,10,26,5,2,3,40,0,,,,,,,37867,235,84,50,34,59.523809523809526,0,0,357006,"{""matches"":84,""wins"":50,""losses"":34,""draws"":0,""winPercentage"":59.523809523809526,""eventsEntered"":0,""titles"":0,""finals"":0,""prizeMoney"":357006,""points"":0}",,,,,,,,,,,,,,94,,false,false,false,,104,42,15,0,0,0,0,0,10,5,0,0,0,27,11,estimated from season exits versus eligible schedule | 27 eligible events not entered,Amateur,normal,,,false,false,false,false,2,4,75734,,0,false,,qTour,amateur,,,true,true,
2034/35,wp-zac-forster,Zac Forster,26,PAK,Amateur,Amateur,false,false,false,,0,0,,Amateur,,,,,,,49,,,,,,65,67,67,61,63,74,60,22,19,9,4,5,44.44444444444444,0,,,,,,,0,185,101,67,34,66.33663366336634,0,0,95390,"{""matches"":101,""wins"":67,""losses"":34,""draws"":0,""winPercentage"":66.33663366336634,""eventsEntered"":0,""titles"":0,""finals"":0,""prizeMoney"":95390,""points"":0}",,,,,,,,,,,,,,126,,false,false,false,,104,42,15,0,0,0,0,0,10,5,0,0,0,27,11,estimated from season exits versus eligible schedule | 27 eligible events not entered,Amateur,normal,,,false,false,false,false,0,0,0,,0,false,,qTour,amateur,,,true,true,
2034/35,wp-zac-harrington,Zac Harrington,39,FRA,Amateur,Amateur,false,false,false,,0,0,,Amateur,,,,,,,,,,,,,69,69,70,67,66,86,76,0,18,0,0,0,,0,,,,,,,0,0,16,14,2,87.5,0,0,0,"{""matches"":16,""wins"":14,""losses"":2,""draws"":0,""winPercentage"":87.5,""eventsEntered"":0,""titles"":0,""finals"":0,""prizeMoney"":0,""points"":0}",,,,,,,,,,,,,,,,false,false,false,,104,42,15,0,0,0,0,0,10,5,0,0,0,27,11,estimated from season exits versus eligible schedule | 27 eligible events not entered,Amateur,normal,,,false,false,false,false,0,0,0,,0,false,,amateur,amateur,,,true,true,
2034/35,wp-zac-nakamura,Zac Nakamura,33,ITA,Amateur,Amateur,false,false,false,,0,0,,Amateur,,,,,,,,,,,,,65,65,67,62,64,80,70,0,19,0,0,0,,0,,,,,,,0,0,26,18,8,69.23076923076923,0,0,76890,"{""matches"":26,""wins"":18,""losses"":8,""draws"":0,""winPercentage"":69.23076923076923,""eventsEntered"":0,""titles"":0,""finals"":0,""prizeMoney"":76890,""points"":0}",,,,,,,,,,,,,,126,,false,false,false,,104,42,15,0,0,0,0,0,10,5,0,0,0,27,11,estimated from season exits versus eligible schedule | 27 eligible events not entered,Amateur,normal,,,false,false,false,false,0,0,0,,0,false,,amateur,amateur,,,true,true,
2034/35,wp-zac-tremblay,Zac Tremblay,33,NOR,Amateur,Amateur,false,false,false,,0,0,,Amateur,,,,,,,,,,,,,63,63,65,60,62,77,65,0,20,0,0,0,,0,,,,,,,0,0,27,15,12,55.55555555555556,1,0,57234,"{""matches"":27,""wins"":15,""losses"":12,""draws"":0,""winPercentage"":55.55555555555556,""eventsEntered"":0,""titles"":1,""finals"":0,""prizeMoney"":57234,""points"":0}",,,,,,,,,,,,,,127,,false,false,false,,104,42,15,0,0,0,0,0,10,5,0,0,0,27,11,estimated from season exits versus eligible schedule | 27 eligible events not entered,Amateur,normal,,,false,false,false,false,0,0,0,,0,false,,amateur,amateur,,,true,true,
2034/35,wp-zac-urban,Zac Urban,31,FRA,Amateur,Amateur,false,false,false,,0,0,,Amateur,,,,,,,,,,,,,65,65,67,62,65,80,70,0,19,0,0,0,,0,,,,,,,0,0,64,44,20,68.75,0,0,75734,"{""matches"":64,""wins"":44,""losses"":20,""draws"":0,""winPercentage"":68.75,""eventsEntered"":0,""titles"":0,""finals"":0,""prizeMoney"":75734,""points"":0}",,,,,,,,,,,,,,127,,false,false,false,,104,42,15,0,0,0,0,0,10,5,0,0,0,27,11,estimated from season exits versus eligible schedule | 27 eligible events not entered,Amateur,normal,,,false,false,false,false,0,0,0,,0,false,,amateur,amateur,,,true,true,
2034/35,wp-zac-verma,Zac Verma,40,IRL,Veteran,Amateur,false,false,false,,0,0,,Amateur,,,,,,,,,,,,,72,72,73,70,68,89,80,1,18,0,0,0,,0,,,,,,,0,0,14,14,0,100,0,0,0,"{""matches"":14,""wins"":14,""losses"":0,""draws"":0,""winPercentage"":100,""eventsEntered"":0,""titles"":0,""finals"":0,""prizeMoney"":0,""points"":0}",,,,,,,,,,,,,,,,false,false,false,,104,44,15,0,0,0,0,0,10,5,0,0,0,29,11,estimated from season exits versus eligible schedule | 29 eligible events not entered,Amateur,normal,,,false,false,false,false,0,0,0,,0,false,,amateur,amateur,,,true,true,
2034/35,wp-zane-barker,Zane Barker,30,ITA,Amateur,Amateur,false,false,false,,0,0,,Amateur,,,,,,,,,,,,,72,72,74,70,72,90,82,0,18,0,0,0,,0,,,,,,,0,0,8,8,0,100,0,0,0,"{""matches"":8,""wins"":8,""losses"":0,""draws"":0,""winPercentage"":100,""eventsEntered"":0,""titles"":0,""finals"":0,""prizeMoney"":0,""points"":0}",,,,,,,,,,,,,,,,false,false,false,,104,42,15,0,0,0,0,0,10,5,0,0,0,27,11,estimated from season exits versus eligible schedule | 27 eligible events not entered,Amateur,normal,,,false,false,false,false,0,0,0,,0,false,,amateur,amateur,,,true,true,
2034/35,wp-zane-caldwell,Zane Caldwell,39,SCO,Amateur,Amateur,false,false,false,,0,0,,Amateur,,,,,,,,,,,,,72,72,73,70,69,90,81,0,18,0,0,0,,0,,,,,,,0,0,10,10,0,100,0,0,0,"{""matches"":10,""wins"":10,""losses"":0,""draws"":0,""winPercentage"":100,""eventsEntered"":0,""titles"":0,""finals"":0,""prizeMoney"":0,""points"":0}",,,,,,,,,,,,,,,,false,false,false,,104,42,15,0,0,0,0,0,10,5,0,0,0,27,11,estimated from season exits versus eligible schedule | 27 eligible events not entered,Amateur,normal,,,false,false,false,false,0,0,0,,0,false,,amateur,amateur,,,true,true,
2034/35,wp-zane-drayton,Zane Drayton,58,BEL,Veteran,Senior Tour / Legend Circuit,false,false,false,,0,0,,Amateur,,,,,,,,,,14,,,69,69,66,67,57,78,66,32,26,1,1,0,100,1,,,,,,,0,14,32,23,9,71.875,4,0,0,"{""matches"":32,""wins"":23,""losses"":9,""draws"":0,""winPercentage"":71.875,""eventsEntered"":0,""titles"":4,""finals"":0,""prizeMoney"":0,""points"":0}",,,,,,,,,,,,,,,,false,false,false,,104,14,11,0,0,0,0,0,0,0,0,0,11,3,0,estimated from season exits versus eligible schedule | 3 eligible events not entered,Senior/Legend,normal,,,false,false,false,false,0,0,0,,1,false,,amateur,senior,,,true,true,
2034/35,wp-zane-easton,Zane Easton,25,AUS,Amateur,Q Tour,false,false,false,,0,0,,Amateur,,,,,,,28,30,,,,,64,66,66,61,62,74,64,22,19,9,5,4,55.55555555555556,0,,,,,,,0,236,81,50,31,61.72839506172839,0,0,112734,"{""matches"":81,""wins"":50,""losses"":31,""draws"":0,""winPercentage"":61.72839506172839,""eventsEntered"":0,""titles"":0,""finals"":0,""prizeMoney"":112734,""points"":0}",,,,,,,,,,,,,,127,,false,false,false,,104,42,7,0,0,0,0,0,2,5,0,0,0,35,19,estimated from season exits versus eligible schedule | 35 eligible events not entered,Q Tour,normal,,,false,false,false,false,0,0,0,,0,false,,qTour,qTour,,,true,true,
2034/35,wp-zane-forster,Zane Forster,30,PAK,Amateur,Amateur,false,false,false,,0,0,,Amateur,,,,,,,,,,,,,72,72,74,70,72,90,82,0,18,0,0,0,,0,,,,,,,0,0,12,12,0,100,0,0,0,"{""matches"":12,""wins"":12,""losses"":0,""draws"":0,""winPercentage"":100,""eventsEntered"":0,""titles"":0,""finals"":0,""prizeMoney"":0,""points"":0}",,,,,,,,,,,,,,,,false,false,false,,104,42,15,0,0,0,0,0,10,5,0,0,0,27,11,estimated from season exits versus eligible schedule | 27 eligible events not entered,Amateur,normal,,,false,false,false,false,0,0,0,,0,false,,amateur,amateur,,,true,true,
2034/35,wp-zane-grimaldi,Zane Grimaldi,40,NOR,Veteran,Amateur,false,false,false,,0,0,,Amateur,,,,,,,,,,,,,72,72,73,70,68,89,80,1,18,0,0,0,,0,,,,,,,0,0,12,12,0,100,0,0,0,"{""matches"":12,""wins"":12,""losses"":0,""draws"":0,""winPercentage"":100,""eventsEntered"":0,""titles"":0,""finals"":0,""prizeMoney"":0,""points"":0}",,,,,,,,,,,,,,,,false,false,false,,104,44,15,0,0,0,0,0,10,5,0,0,0,29,11,estimated from season exits versus eligible schedule | 29 eligible events not entered,Amateur,normal,,,false,false,false,false,0,0,0,,0,false,,amateur,amateur,,,true,true,
2034/35,wp-zane-mendoza,Zane Mendoza,35,BRA,Amateur,Amateur,false,false,false,,0,0,,Amateur,,,,,,,,,,,,,65,65,67,62,63,80,70,0,18,0,0,0,,0,,,,,,,0,0,26,18,8,69.23076923076923,0,0,74578,"{""matches"":26,""wins"":18,""losses"":8,""draws"":0,""winPercentage"":69.23076923076923,""eventsEntered"":0,""titles"":0,""finals"":0,""prizeMoney"":74578,""points"":0}",,,,,,,,,,,,,,128,,false,false,false,,104,42,15,0,0,0,0,0,10,5,0,0,0,27,11,estimated from season exits versus eligible schedule | 27 eligible events not entered,Amateur,normal,,,false,false,false,false,0,0,0,,0,false,,amateur,amateur,,,true,true,
2034/35,wp-zane-sorensen,Zane Sorensen,36,NED,Amateur,Amateur,false,false,false,,0,0,,Amateur,,,,,,,,,,,,,77,79,79,77,75,95,82,0,28,0,0,0,,0,,,,,,,0,0,12,12,0,100,0,0,312646,"{""matches"":12,""wins"":12,""losses"":0,""draws"":0,""winPercentage"":100,""eventsEntered"":0,""titles"":0,""finals"":0,""prizeMoney"":312646,""points"":0}",,,,,,,,,,,,,,83,,false,false,false,,104,42,15,0,0,0,0,0,10,5,0,0,0,27,11,estimated from season exits versus eligible schedule | 27 eligible events not entered,Amateur,normal,,,false,false,false,false,0,0,0,,0,false,,amateur,amateur,,,true,true,
2034/35,wp-zane-tremblay,Zane Tremblay,31,NOR,Amateur,Amateur,false,false,false,,0,0,,Amateur,,,,,,,,,,,,,66,66,68,63,66,82,71,0,19,0,0,0,,0,,,,,,,0,0,65,47,18,72.3076923076923,0,0,111578,"{""matches"":65,""wins"":47,""losses"":18,""draws"":0,""winPercentage"":72.3076923076923,""eventsEntered"":0,""titles"":0,""finals"":0,""prizeMoney"":111578,""points"":0}",,,,,,,,,,,,,,128,,false,false,false,,104,42,15,0,0,0,0,0,10,5,0,0,0,27,11,estimated from season exits versus eligible schedule | 27 eligible events not entered,Amateur,normal,,,false,false,false,false,0,0,0,,0,false,,amateur,amateur,,,true,true,
