season,playerId,name,age,nationality,careerPhase,competitiveStatus,isHumanPlayer,isOnMainTour,isTourCardHolder,tourCardSource,tourCardYear,yearsRemaining,expiresAfterSeason,tourSurvivalStatus,seasonOpenWorldRank,seasonCloseWorldRank,normalizedWorldRank,rawWorldRankBeforeCap,worldRank,oneYearRank,amateurRank,qTourRank,qSchoolRank,seniorRank,previousWorldRank,rankChange,overall,potential,technicalAverage,mentalAverage,physicalAverage,effectiveMatchStrength,confidence,fatigue,reputation,seasonMatches,seasonWins,seasonLosses,seasonWinPercentage,seasonTitles,seasonMajorTitles,seasonWorldChampionshipEntries,seasonBestWorldChampionshipFinish,seasonMajorQuarterFinals,seasonMajorSemiFinals,seasonMajorFinals,seasonPrizeMoney,seasonRankingPoints,careerMatches,careerWins,careerLosses,careerWinPercentage,careerTitles,careerMajorTitles,careerPrizeMoney,totalRecord,youthRecord,amateurRecord,qTourRecord,qSchoolRecord,proQualifierRecord,rankingEventRecord,majorRecord,worldQualifyingRecord,worldMainDrawRecord,playersSeriesRecord,invitationalRecord,seniorRecord,exhibitionRecord,bestWorldRank,bestWorldChampionshipFinish,worldChampionshipMainDrawEligible,worldChampionshipMainDrawEntered,worldChampionshipQualifyingEntered,reasonSkippedWorldMainDraw,availableEventsCount,eligibleEventsCount,enteredEventsCount,rankingEventsEntered,qualifierEventsEntered,majorEventsEntered,invitationalsEntered,playersSeriesEntered,qTourEventsEntered,qSchoolEventsEntered,amateurEventsEntered,youthEventsEntered,seniorEventsEntered,skippedEligibleEventsCount,skippedCoreEventsCount,skippedReasonSummary,eventAccessBand,eventVolumeBandStatus,eventVolumeWarnings,calendarValidationWarnings,tourCardValidAtSeasonOpen,tourCardValidAtSeasonClose,lifecycleCorrectionApplied,rankCapApplied,recentSeasonWins,twoYearWins,twoYearPrizeMoney,majorFinalsLastTwoYears,titlesLastTwoYears,rankingDecayApplied,stalledReason,expectedCircuit,actualCircuit,warningFlags,invalidStateReasons,validTourStatus,validEventAccess,invalidAccessReason
2045/46,human-elliot-vance,Elliot Vance,70,England,Senior,Senior Tour / Legend Circuit,true,false,false,,0,0,,Amateur,999,999,999,999,999,,,,,3,999,0,60,60,60,83,10,82,99,0,100,6,2,4,33.33333333333333,0,0,0,No main draw win,0,0,0,24000,15,140,60,80,42.857142857142854,0,0,846400,"{""matches"":140,""wins"":60,""losses"":80,""draws"":0,""winPercentage"":42.857142857142854,""eventsEntered"":80,""titles"":0,""finals"":6,""prizeMoney"":846400,""points"":412}","{""matches"":0,""wins"":0,""losses"":0,""draws"":0,""winPercentage"":0,""eventsEntered"":0,""titles"":0,""finals"":0,""prizeMoney"":0,""points"":0}","{""matches"":0,""wins"":0,""losses"":0,""draws"":0,""winPercentage"":0,""eventsEntered"":0,""titles"":0,""finals"":0,""prizeMoney"":0,""points"":0}","{""matches"":0,""wins"":0,""losses"":0,""draws"":0,""winPercentage"":0,""eventsEntered"":0,""titles"":0,""finals"":0,""prizeMoney"":0,""points"":0}","{""matches"":0,""wins"":0,""losses"":0,""draws"":0,""winPercentage"":0,""eventsEntered"":0,""titles"":0,""finals"":0,""prizeMoney"":0,""points"":0}","{""matches"":0,""wins"":0,""losses"":0,""draws"":0,""winPercentage"":0,""eventsEntered"":0,""titles"":0,""finals"":0,""prizeMoney"":0,""points"":0}","{""matches"":0,""wins"":0,""losses"":0,""draws"":0,""winPercentage"":0,""eventsEntered"":0,""titles"":0,""finals"":0,""prizeMoney"":0,""points"":0}","{""matches"":0,""wins"":0,""losses"":0,""draws"":0,""winPercentage"":0,""eventsEntered"":0,""titles"":0,""finals"":0,""prizeMoney"":0,""points"":0}","{""matches"":0,""wins"":0,""losses"":0,""draws"":0,""winPercentage"":0,""eventsEntered"":0,""titles"":0,""finals"":0,""prizeMoney"":0,""points"":0}","{""matches"":0,""wins"":0,""losses"":0,""draws"":0,""winPercentage"":0,""eventsEntered"":0,""titles"":0,""finals"":0,""prizeMoney"":0,""points"":0}","{""matches"":0,""wins"":0,""losses"":0,""draws"":0,""winPercentage"":0,""eventsEntered"":0,""titles"":0,""finals"":0,""prizeMoney"":0,""points"":0}","{""matches"":0,""wins"":0,""losses"":0,""draws"":0,""winPercentage"":0,""eventsEntered"":0,""titles"":0,""finals"":0,""prizeMoney"":0,""points"":0}","{""matches"":140,""wins"":60,""losses"":80,""draws"":0,""winPercentage"":42.857142857142854,""eventsEntered"":80,""titles"":0,""finals"":6,""prizeMoney"":846400,""points"":412}","{""matches"":0,""wins"":0,""losses"":0,""draws"":0,""winPercentage"":0,""eventsEntered"":0,""titles"":0,""finals"":0,""prizeMoney"":0,""points"":0}",999,No main draw win,false,false,false,,104,14,4,0,0,0,0,0,0,0,0,0,4,10,0,10 eligible events not entered,Senior/Legend,too low,,,false,false,false,false,2,0,0,0,0,false,,amateur,senior,,,true,true,
2045/46,wp-bartosz-urban,Bartosz Urban,42,ITA,Veteran,Top 16 Elite Player,false,true,true,Ranking Retained,0,0,,Top 16,2,2,1,2,1,22,,,,,2,1,91,91,91,94,84,99,63,29,63,8,5,3,62.5,0,,,,,,,123430,767,223,156,67,69.95515695067265,0,0,4004293,"{""matches"":223,""wins"":156,""losses"":67,""draws"":0,""winPercentage"":69.95515695067265,""eventsEntered"":0,""titles"":0,""finals"":0,""prizeMoney"":4004293,""points"":0}",,,,,,,,,,,,,,2,,true,true,false,,104,21,15,8,0,6,7,1,0,0,0,0,0,6,6,estimated from season exits versus eligible schedule | 6 eligible events not entered,Top 16,normal,,,true,true,false,false,5,12,283860,,0,false,,mainTour,mainTour,top4-low-wins-no-results,,true,true,
2045/46,wp-tobias-yates,Tobias Yates,42,NED,Veteran,Top 16 Elite Player,false,true,true,Ranking Retained,0,0,,Top 16,3,3,2,3,2,120,,,,,3,1,85,85,85,84,79,91,46,22,49,5,1,4,20,0,,,,,,,21680,135,123,57,66,46.34146341463415,0,0,1617257,"{""matches"":123,""wins"":57,""losses"":66,""draws"":0,""winPercentage"":46.34146341463415,""eventsEntered"":0,""titles"":0,""finals"":0,""prizeMoney"":1617257,""points"":0}",,,,,,,,,,,,,,3,,true,true,false,,104,20,15,8,0,6,7,0,0,0,0,0,0,5,5,estimated from season exits versus eligible schedule | 5 eligible events not entered,Top 16,normal,,,true,true,false,false,1,3,63305,,0,false,,mainTour,mainTour,top16-low-overall-no-results;top4-low-wins-no-results,,true,true,
2045/46,wp-dylan-forster,Dylan Forster,43,PAK,Veteran,Top 16 Elite Player,false,true,true,Ranking Retained,0,0,,Top 16,5,5,3,5,3,29,,,,,5,2,90,90,90,92,83,97,59,34,58,9,5,4,55.55555555555556,0,,,,,,,121406,755,186,125,61,67.20430107526882,0,0,3276006,"{""matches"":186,""wins"":125,""losses"":61,""draws"":0,""winPercentage"":67.20430107526882,""eventsEntered"":0,""titles"":0,""finals"":0,""prizeMoney"":3276006,""points"":0}",,,,,,,,,,,,,,5,,true,true,false,,104,21,15,8,0,6,7,1,0,0,0,0,0,6,6,estimated from season exits versus eligible schedule | 6 eligible events not entered,Top 16,normal,,,true,true,false,false,5,10,242523,,0,false,,mainTour,mainTour,top4-low-wins-no-results,,true,true,
2045/46,wp-samir-kovacs,Samir Kovacs,42,GER,Veteran,Top 16 Elite Player,false,true,true,Ranking Retained,0,0,,Top 16,6,6,4,6,4,118,,,,,6,2,85,85,85,85,79,93,54,21,48,5,2,3,40,0,,,,,,,40758,253,122,57,65,46.72131147540984,0,0,1513506,"{""matches"":122,""wins"":57,""losses"":65,""draws"":0,""winPercentage"":46.72131147540984,""eventsEntered"":0,""titles"":0,""finals"":0,""prizeMoney"":1513506,""points"":0}",,,,,,,,,,,,,,6,,true,true,false,,104,20,15,8,0,6,7,0,0,0,0,0,0,5,5,estimated from season exits versus eligible schedule | 5 eligible events not entered,Top 16,normal,,,true,true,false,false,2,5,101461,,0,false,,mainTour,mainTour,top16-low-overall-no-results;top4-low-wins-no-results,,true,true,
2045/46,wp-zac-rossi,Zac Rossi,41,NOR,Veteran,Top 16 Elite Player,false,true,true,Ranking Retained,0,0,,Top 16,7,7,5,7,5,128,,,,,7,2,84,84,85,84,78,92,56,26,47,7,3,4,42.857142857142854,0,,,,,,,55789,347,125,53,72,42.4,0,0,1291896,"{""matches"":125,""wins"":53,""losses"":72,""draws"":0,""winPercentage"":42.4,""eventsEntered"":0,""titles"":0,""finals"":0,""prizeMoney"":1291896,""points"":0}",,,,,,,,,,,,,,7,,true,true,false,,104,20,15,8,0,6,7,0,0,0,0,0,0,5,5,estimated from season exits versus eligible schedule | 5 eligible events not entered,Top 16,normal,,,true,true,false,false,3,4,74578,,0,false,,mainTour,mainTour,top16-low-overall-no-results,,true,true,
2045/46,wp-lorenzo-olsen,Lorenzo Olsen,43,JPN,Veteran,Top 16 Elite Player,false,true,true,Ranking Retained,0,0,,Top 16,8,8,6,8,6,79,,,,,8,2,87,87,87,87,81,95,53,23,51,5,2,3,40,0,,,,,,,51742,322,135,77,58,57.03703703703704,0,0,2015599,"{""matches"":135,""wins"":77,""losses"":58,""draws"":0,""winPercentage"":57.03703703703704,""eventsEntered"":0,""titles"":0,""finals"":0,""prizeMoney"":2015599,""points"":0}",,,,,,,,,,,,,,8,,true,true,false,,104,20,15,8,0,6,7,0,0,0,0,0,0,5,5,estimated from season exits versus eligible schedule | 5 eligible events not entered,Top 16,normal,,,true,true,false,false,2,5,123140,,0,false,,mainTour,mainTour,top16-low-overall-no-results,,true,true,
2045/46,wp-ilyas-quinnell,Ilyas Quinnell,43,FRA,Veteran,Top 16 Elite Player,false,true,true,Ranking Retained,0,0,,Top 16,9,9,7,9,7,64,,,,,9,2,87,87,87,89,80,94,59,34,55,9,5,4,55.55555555555556,0,,,,,,,111867,695,186,112,74,60.215053763440864,0,0,2794268,"{""matches"":186,""wins"":112,""losses"":74,""draws"":0,""winPercentage"":60.215053763440864,""eventsEntered"":0,""titles"":0,""finals"":0,""prizeMoney"":2794268,""points"":0}",,,,,,,,,,,,,,9,,true,true,false,,104,20,15,8,0,6,7,0,0,0,0,0,0,5,5,estimated from season exits versus eligible schedule | 5 eligible events not entered,Top 16,normal,,,true,true,false,false,5,10,225469,,0,false,,mainTour,mainTour,,,true,true,
2045/46,wp-ivan-madsen,Ivan Madsen,43,WAL,Veteran,Top 16 Elite Player,false,true,true,Ranking Retained,0,0,,Top 16,10,10,8,10,8,65,,,,,10,2,87,87,87,88,80,93,55,35,54,9,4,5,44.44444444444444,0,,,,,,,93078,579,185,110,75,59.45945945945946,0,0,2746004,"{""matches"":185,""wins"":110,""losses"":75,""draws"":0,""winPercentage"":59.45945945945946,""eventsEntered"":0,""titles"":0,""finals"":0,""prizeMoney"":2746004,""points"":0}",,,,,,,,,,,,,,10,,true,true,false,,104,20,15,8,0,6,7,0,0,0,0,0,0,5,5,estimated from season exits versus eligible schedule | 5 eligible events not entered,Top 16,normal,,,true,true,false,false,4,9,206391,,0,false,,mainTour,mainTour,,,true,true,
2045/46,wp-niall-xu,Niall Xu,41,THA,Veteran,Top 16 Elite Player,false,true,true,Ranking Retained,0,0,,Top 16,11,11,9,11,9,100,,,,,11,2,86,86,87,87,80,95,59,22,49,6,3,3,50,0,,,,,,,63883,397,127,70,57,55.118110236220474,0,0,1733717,"{""matches"":127,""wins"":70,""losses"":57,""draws"":0,""winPercentage"":55.118110236220474,""eventsEntered"":0,""titles"":0,""finals"":0,""prizeMoney"":1733717,""points"":0}",,,,,,,,,,,,,,11,,true,true,false,,104,20,15,8,0,6,7,0,0,0,0,0,0,5,5,estimated from season exits versus eligible schedule | 5 eligible events not entered,Top 16,normal,,,true,true,false,false,3,6,130367,,0,false,,mainTour,mainTour,top16-low-overall-no-results,,true,true,
2045/46,wp-yusuf-costa,Yusuf Costa,41,JPN,Veteran,Top 16 Elite Player,false,true,true,Ranking Retained,0,0,,Top 16,12,12,10,12,10,127,,,,,12,2,83,83,84,83,77,90,52,23,46,6,2,4,33.33333333333333,0,,,,,,,37578,234,127,55,72,43.30708661417323,0,0,1248244,"{""matches"":127,""wins"":55,""losses"":72,""draws"":0,""winPercentage"":43.30708661417323,""eventsEntered"":0,""titles"":0,""finals"":0,""prizeMoney"":1248244,""points"":0}",,,,,,,,,,,,,,12,,true,true,false,,104,20,15,8,0,6,7,0,0,0,0,0,0,5,5,estimated from season exits versus eligible schedule | 5 eligible events not entered,Top 16,normal,,,true,true,false,false,2,4,75156,,0,false,,mainTour,mainTour,top16-low-overall-no-results,,true,true,
2045/46,wp-kieran-zimmer,Kieran Zimmer,43,BRA,Veteran,Top 16 Elite Player,false,true,true,Ranking Retained,0,0,,Top 16,13,13,11,13,11,78,,,,,13,2,86,86,86,87,79,94,57,25,50,6,3,3,50,0,,,,,,,70531,438,138,78,60,56.52173913043478,0,0,1996464,"{""matches"":138,""wins"":78,""losses"":60,""draws"":0,""winPercentage"":56.52173913043478,""eventsEntered"":0,""titles"":0,""finals"":0,""prizeMoney"":1996464,""points"":0}",,,,,,,,,,,,,,13,,true,true,false,,104,20,15,8,0,6,7,0,0,0,0,0,0,5,5,estimated from season exits versus eligible schedule | 5 eligible events not entered,Top 16,normal,,,true,true,false,false,3,6,142219,,0,false,,mainTour,mainTour,top16-low-overall-no-results,,true,true,
2045/46,wp-adrian-janssen,Adrian Janssen,41,NIR,Veteran,Top 16 Elite Player,false,true,true,Ranking Retained,0,0,,Top 16,14,14,12,14,12,1,,,,,14,2,89,89,90,91,82,97,67,40,51,12,8,4,66.66666666666666,0,,,,,,,185000,1150,185,131,54,70.8108108108108,1,0,1866477,"{""matches"":185,""wins"":131,""losses"":54,""draws"":0,""winPercentage"":70.8108108108108,""eventsEntered"":0,""titles"":1,""finals"":0,""prizeMoney"":1866477,""points"":0}",,,,,,,,,,,,,,14,,true,true,false,,104,23,15,8,0,7,7,3,0,0,0,0,0,8,8,estimated from season exits versus eligible schedule | 8 eligible events not entered,Top 16,normal,,,true,true,false,false,8,15,351500,,0,false,,mainTour,mainTour,,,true,true,
2045/46,wp-adrian-petrov,Adrian Petrov,47,WAL,Veteran,Top 16 Elite Player,false,true,true,Ranking Retained,0,0,,Top 16,15,15,13,15,13,2,,,,,15,2,89,89,88,91,79,94,61,49,59,12,8,4,66.66666666666666,0,,,,,,,184711,1148,258,182,76,70.54263565891473,1,0,3304564,"{""matches"":258,""wins"":182,""losses"":76,""draws"":0,""winPercentage"":70.54263565891473,""eventsEntered"":0,""titles"":1,""finals"":0,""prizeMoney"":3304564,""points"":0}",,,,,,,,,,,,,,15,,true,true,false,,104,23,15,8,0,7,7,3,0,0,0,0,0,8,8,estimated from season exits versus eligible schedule | 8 eligible events not entered,Top 16,normal,,,true,true,false,false,8,15,350922,,0,false,,mainTour,mainTour,,,true,true,
2045/46,wp-arlo-dawes,Arlo Dawes,34,BEL,Established,Top 16 Elite Player,false,true,true,Ranking Retained,0,0,,Top 16,16,16,14,16,14,3,,,,,16,2,89,89,91,92,85,99,72,30,55,12,9,3,75,0,,,,,,,202922,1261,223,164,59,73.54260089686099,0,0,3037761,"{""matches"":223,""wins"":164,""losses"":59,""draws"":0,""winPercentage"":73.54260089686099,""eventsEntered"":0,""titles"":0,""finals"":0,""prizeMoney"":3037761,""points"":0}",,,,,,,,,,,,,,16,,true,true,false,,104,23,15,8,0,7,7,3,0,0,0,0,0,8,8,estimated from season exits versus eligible schedule | 8 eligible events not entered,Top 16,normal,,,true,true,false,false,9,17,387055,,0,false,,mainTour,mainTour,,,true,true,
2045/46,wp-arlo-dawes-a,Arlo Dawes A,34,BEL,Established,Top 16 Elite Player,false,true,true,Ranking Retained,0,0,,Top 32,17,17,15,17,15,4,,,,,17,2,89,89,91,92,85,99,69,27,59,11,7,4,63.63636363636363,0,,,,,,,165633,1030,211,149,62,70.61611374407583,2,0,3051926,"{""matches"":211,""wins"":149,""losses"":62,""draws"":0,""winPercentage"":70.61611374407583,""eventsEntered"":0,""titles"":2,""finals"":0,""prizeMoney"":3051926,""points"":0}",,,,,,,,,,,,,,17,,false,true,false,,104,23,15,8,0,7,7,3,0,0,0,0,0,8,8,estimated from season exits versus eligible schedule | 8 eligible events not entered,Top 16,normal,,,true,true,false,false,7,15,349477,,0,false,,mainTour,mainTour,,,true,true,
2045/46,wp-arlo-dawes-b,Arlo Dawes B,31,BEL,Established,Top 16 Elite Player,false,true,true,Ranking Retained,0,0,,Top 32,18,18,16,18,16,5,,,,,18,2,91,92,93,94,88,99,69,27,57,11,7,4,63.63636363636363,0,,,,,,,165344,1028,185,136,49,73.51351351351352,2,0,2680481,"{""matches"":185,""wins"":136,""losses"":49,""draws"":0,""winPercentage"":73.51351351351352,""eventsEntered"":0,""titles"":2,""finals"":0,""prizeMoney"":2680481,""points"":0}",,,,,,,,,,,,,,18,,false,true,false,,104,23,15,8,0,7,7,3,0,0,0,0,0,8,8,estimated from season exits versus eligible schedule | 8 eligible events not entered,Top 16,normal,,,true,true,false,false,7,15,348899,,0,false,,mainTour,mainTour,,,true,true,
2045/46,wp-arlo-dawes-c,Arlo Dawes C,31,BEL,Established,Top 32 Professional,false,true,true,Ranking Retained,0,0,,Top 32,19,19,17,19,17,6,,,,,19,2,89,89,91,92,86,99,69,27,56,11,7,4,63.63636363636363,0,,,,,,,165055,1026,168,122,46,72.61904761904762,2,0,2676724,"{""matches"":168,""wins"":122,""losses"":46,""draws"":0,""winPercentage"":72.61904761904762,""eventsEntered"":0,""titles"":2,""finals"":0,""prizeMoney"":2676724,""points"":0}",,,,,,,,,,,,,,19,,false,false,true,,104,24,13,8,2,2,3,3,0,0,0,0,0,11,11,estimated from season exits versus eligible schedule | 11 eligible events not entered,Top 32,normal,,,true,true,false,false,7,15,348321,,0,false,,mainTour,mainTour,,,true,true,
2045/46,wp-arlo-dawes-d,Arlo Dawes D,31,BEL,Established,Top 32 Professional,false,true,true,Ranking Retained,0,0,,Top 32,20,20,18,20,18,7,,,,,20,2,90,90,92,93,87,99,69,27,56,11,7,4,63.63636363636363,0,,,,,,,164766,1024,168,122,46,72.61904761904762,2,0,2654467,"{""matches"":168,""wins"":122,""losses"":46,""draws"":0,""winPercentage"":72.61904761904762,""eventsEntered"":0,""titles"":2,""finals"":0,""prizeMoney"":2654467,""points"":0}",,,,,,,,,,,,,,20,,false,false,true,,104,24,13,8,2,2,3,3,0,0,0,0,0,11,11,estimated from season exits versus eligible schedule | 11 eligible events not entered,Top 32,normal,,,true,true,false,false,7,15,347743,,0,false,,mainTour,mainTour,,,true,true,
2045/46,wp-arlo-dawes-e,Arlo Dawes E,29,THA,Established,Top 32 Professional,false,true,true,Ranking Retained,0,0,,Top 32,21,21,19,21,19,8,,,,,21,2,89,89,91,91,87,99,69,27,53,11,7,4,63.63636363636363,0,,,,,,,164477,1022,161,116,45,72.04968944099379,2,0,2065639,"{""matches"":161,""wins"":116,""losses"":45,""draws"":0,""winPercentage"":72.04968944099379,""eventsEntered"":0,""titles"":2,""finals"":0,""prizeMoney"":2065639,""points"":0}",,,,,,,,,,,,,,21,,false,false,true,,104,24,13,8,2,2,3,3,0,0,0,0,0,11,11,estimated from season exits versus eligible schedule | 11 eligible events not entered,Top 32,normal,,,true,true,false,false,7,15,347165,,0,false,,mainTour,mainTour,,,true,true,
2045/46,wp-arlo-dawes-f,Arlo Dawes F,26,THA,Established,Top 32 Professional,false,true,true,Ranking Retained,0,0,,Top 32,22,22,20,22,20,9,,,,,22,2,89,90,91,91,87,99,69,27,49,11,7,4,63.63636363636363,0,,,,,,,164188,1021,144,105,39,72.91666666666666,2,0,1479131,"{""matches"":144,""wins"":105,""losses"":39,""draws"":0,""winPercentage"":72.91666666666666,""eventsEntered"":0,""titles"":2,""finals"":0,""prizeMoney"":1479131,""points"":0}",,,,,,,,,,,,,,22,,false,false,true,,104,24,13,8,2,2,3,3,0,0,0,0,0,11,11,estimated from season exits versus eligible schedule | 11 eligible events not entered,Top 32,normal,,,true,true,false,false,7,16,365086,,0,false,,mainTour,mainTour,,,true,true,
2045/46,wp-arlo-dawes-g,Arlo Dawes G,26,THA,Established,Top 32 Professional,false,true,true,Ranking Retained,0,0,,Top 32,23,23,21,23,21,10,,,,,23,2,90,91,92,92,88,99,69,27,50,11,7,4,63.63636363636363,0,,,,,,,163898,1019,118,87,31,73.72881355932203,2,0,1696216,"{""matches"":118,""wins"":87,""losses"":31,""draws"":0,""winPercentage"":73.72881355932203,""eventsEntered"":0,""titles"":2,""finals"":0,""prizeMoney"":1696216,""points"":0}",,,,,,,,,,,,,,23,,false,false,true,,104,24,13,8,2,2,3,3,0,0,0,0,0,11,11,estimated from season exits versus eligible schedule | 11 eligible events not entered,Top 32,normal,,,true,true,false,false,7,16,364507,,0,false,,mainTour,mainTour,,,true,true,
2045/46,wp-arlo-dawes-h,Arlo Dawes H,23,BEL,Rookie,Top 32 Professional,false,true,true,Ranking Retained,0,0,,Top 32,24,24,22,24,22,11,,,,,24,2,88,92,90,90,86,99,73,27,47,11,8,3,72.72727272727273,1,,,,,,,256109,1477,82,60,22,73.17073170731707,2,0,1112022,"{""matches"":82,""wins"":60,""losses"":22,""draws"":0,""winPercentage"":73.17073170731707,""eventsEntered"":0,""titles"":2,""finals"":0,""prizeMoney"":1112022,""points"":0}",,,,,,,,,,,,,,24,,false,false,true,,104,24,13,8,2,2,3,3,0,0,0,0,0,11,11,estimated from season exits versus eligible schedule | 11 eligible events not entered,Top 32,normal,,,true,true,false,false,8,17,456429,,1,false,,mainTour,mainTour,,,true,true,
2045/46,wp-arlo-dawes-i,Arlo Dawes I,23,BEL,Rookie,Top 32 Professional,false,true,true,Ranking Retained,0,0,,Top 32,25,25,23,25,23,12,,,,,25,2,90,94,92,92,88,99,73,27,47,11,8,3,72.72727272727273,1,,,,,,,255820,1475,73,53,20,72.6027397260274,2,0,1110577,"{""matches"":73,""wins"":53,""losses"":20,""draws"":0,""winPercentage"":72.6027397260274,""eventsEntered"":0,""titles"":2,""finals"":0,""prizeMoney"":1110577,""points"":0}",,,,,,,,,,,,,,25,,false,false,true,,104,24,13,8,2,2,3,3,0,0,0,0,0,11,11,estimated from season exits versus eligible schedule | 11 eligible events not entered,Top 32,normal,,,true,true,false,false,8,17,455851,,1,false,,mainTour,mainTour,,,true,true,
2045/46,wp-arlo-dawes-j,Arlo Dawes J,20,BEL,Rookie,Top 32 Professional,false,true,true,Ranking Retained,0,0,,Top 32,26,26,24,26,24,13,,,,,26,2,90,96,92,91,88,99,72,27,41,11,8,3,72.72727272727273,1,,,,,,,255531,1473,55,40,15,72.72727272727273,1,0,455273,"{""matches"":55,""wins"":40,""losses"":15,""draws"":0,""winPercentage"":72.72727272727273,""eventsEntered"":0,""titles"":1,""finals"":0,""prizeMoney"":455273,""points"":0}",,,,,,,,,,,,,,26,,false,false,true,,104,23,13,8,2,1,3,2,0,0,0,0,0,10,10,estimated from season exits versus eligible schedule | 10 eligible events not entered,Top 32,normal,,,true,true,false,false,8,17,455273,,1,false,,mainTour,mainTour,,,true,true,
2045/46,wp-arlo-dawes-k,Arlo Dawes K,20,BEL,Rookie,Top 32 Professional,false,true,true,Ranking Retained,0,0,,Top 32,27,27,25,27,25,14,,,,,27,2,92,98,94,93,90,99,72,27,41,11,8,3,72.72727272727273,1,,,,,,,255242,1472,47,35,12,74.46808510638297,1,0,454695,"{""matches"":47,""wins"":35,""losses"":12,""draws"":0,""winPercentage"":74.46808510638297,""eventsEntered"":0,""titles"":1,""finals"":0,""prizeMoney"":454695,""points"":0}",,,,,,,,,,,,,,27,,false,false,true,,104,23,13,8,2,1,3,2,0,0,0,0,0,10,10,estimated from season exits versus eligible schedule | 10 eligible events not entered,Top 32,normal,,,true,true,false,false,8,17,454695,,1,false,,mainTour,mainTour,,,true,true,
2045/46,wp-arlo-dawes-l,Arlo Dawes L,20,BEL,Rookie,Top 32 Professional,false,true,true,Ranking Retained,0,0,,Top 32,28,28,26,28,26,15,,,,,28,2,88,94,90,89,86,99,73,27,41,11,8,3,72.72727272727273,1,,,,,,,254953,1470,57,43,14,75.43859649122807,2,0,254953,"{""matches"":57,""wins"":43,""losses"":14,""draws"":0,""winPercentage"":75.43859649122807,""eventsEntered"":0,""titles"":2,""finals"":0,""prizeMoney"":254953,""points"":0}",,,,,,,,,,,,,,28,,false,false,true,,104,23,13,8,2,1,3,2,0,0,0,0,0,10,10,estimated from season exits versus eligible schedule | 10 eligible events not entered,Top 32,normal,,,true,true,false,false,8,8,254953,,2,false,,mainTour,mainTour,,,true,true,
2045/46,wp-bailey-forster,Bailey Forster,39,CAN,Established,Top 32 Professional,false,true,true,Ranking Retained,0,0,,Top 32,29,29,27,29,27,16,,,,,29,2,84,84,85,86,78,92,68,37,49,12,8,4,66.66666666666666,0,,,,,,,180664,1123,219,144,75,65.75342465753424,0,0,2380140,"{""matches"":219,""wins"":144,""losses"":75,""draws"":0,""winPercentage"":65.75342465753424,""eventsEntered"":0,""titles"":0,""finals"":0,""prizeMoney"":2380140,""points"":0}",,,,,,,,,,,,,,29,,false,false,true,,104,23,13,8,2,1,3,2,0,0,0,0,0,10,10,estimated from season exits versus eligible schedule | 10 eligible events not entered,Top 32,normal,,,true,true,false,false,8,17,379828,,0,false,,mainTour,mainTour,,,true,true,
2045/46,wp-bailey-verma,Bailey Verma,39,NIR,Established,Top 32 Professional,false,true,true,Ranking Retained,0,0,,Top 32,30,30,28,30,28,17,,,,,30,2,84,84,85,85,78,94,69,30,47,10,7,3,70,0,,,,,,,161875,1006,228,151,77,66.22807017543859,0,0,1956084,"{""matches"":228,""wins"":151,""losses"":77,""draws"":0,""winPercentage"":66.22807017543859,""eventsEntered"":0,""titles"":0,""finals"":0,""prizeMoney"":1956084,""points"":0}",,,,,,,,,,,,,,30,,false,false,true,,104,22,13,8,2,1,3,1,0,0,0,0,0,9,9,estimated from season exits versus eligible schedule | 9 eligible events not entered,Top 32,normal,,,true,true,false,false,7,12,286750,,0,false,,mainTour,mainTour,,,true,true,
2045/46,wp-bartosz-barker,Bartosz Barker,34,NOR,Established,Top 32 Professional,false,true,true,Ranking Retained,0,0,,Top 32,31,31,29,31,29,18,,,,,31,2,86,86,88,88,83,97,71,24,50,10,7,3,70,0,,,,,,,161586,1004,231,162,69,70.12987012987013,1,0,2300070,"{""matches"":231,""wins"":162,""losses"":69,""draws"":0,""winPercentage"":70.12987012987013,""eventsEntered"":0,""titles"":1,""finals"":0,""prizeMoney"":2300070,""points"":0}",,,,,,,,,,,,,,31,,false,false,true,,104,22,13,8,2,1,3,1,0,0,0,0,0,9,9,estimated from season exits versus eligible schedule | 9 eligible events not entered,Top 32,normal,,,true,true,false,false,7,12,286172,,0,false,,mainTour,mainTour,,,true,true,
2045/46,wp-bartosz-drayton,Bartosz Drayton,36,IRL,Established,Top 32 Professional,false,true,true,Ranking Retained,0,0,,Top 32,32,32,30,32,30,19,,,,,32,2,87,87,89,90,83,99,72,23,53,9,6,3,66.66666666666666,0,,,,,,,142797,888,259,178,81,68.72586872586872,3,0,2118828,"{""matches"":259,""wins"":178,""losses"":81,""draws"":0,""winPercentage"":68.72586872586872,""eventsEntered"":0,""titles"":3,""finals"":0,""prizeMoney"":2118828,""points"":0}",,,,,,,,,,,,,,32,,false,false,true,,104,22,13,8,2,1,3,1,0,0,0,0,0,9,9,estimated from season exits versus eligible schedule | 9 eligible events not entered,Top 32,normal,,,true,true,false,false,6,11,267094,,0,false,,mainTour,mainTour,,,true,true,
2045/46,wp-bartosz-kovacs,Bartosz Kovacs,42,IRL,Veteran,Top 32 Professional,false,true,true,Ranking Retained,0,0,,Safe,33,33,31,33,31,20,,,,,33,2,84,84,84,84,77,92,66,35,39,10,7,3,70,0,,,,,,,161008,1001,89,59,30,66.29213483146067,0,0,625405,"{""matches"":89,""wins"":59,""losses"":30,""draws"":0,""winPercentage"":66.29213483146067,""eventsEntered"":0,""titles"":0,""finals"":0,""prizeMoney"":625405,""points"":0}",,,,,,,,,,,,,,33,,false,false,true,,104,22,13,8,2,1,3,1,0,0,0,0,0,9,9,estimated from season exits versus eligible schedule | 9 eligible events not entered,Top 32,normal,,,true,true,false,false,7,13,303516,,0,false,,mainTour,mainTour,,,true,true,
2045/46,wp-bartosz-rahman,Bartosz Rahman,38,NED,Established,Top 32 Professional,false,true,true,Ranking Retained,0,0,,Safe,34,34,32,34,32,21,,,,,34,2,84,84,85,86,79,95,67,23,49,8,5,3,62.5,0,,,,,,,123719,769,246,169,77,68.69918699186992,0,0,2460502,"{""matches"":246,""wins"":169,""losses"":77,""draws"":0,""winPercentage"":68.69918699186992,""eventsEntered"":0,""titles"":0,""finals"":0,""prizeMoney"":2460502,""points"":0}",,,,,,,,,,,,,,34,,false,false,true,,104,22,13,8,2,1,3,1,0,0,0,0,0,9,9,estimated from season exits versus eligible schedule | 9 eligible events not entered,Top 32,normal,,,true,true,false,false,5,12,284438,,0,false,,mainTour,mainTour,,,true,true,
2045/46,wp-cedric-caldwell,Cedric Caldwell,36,ENG,Established,Tour Survivor / Top 64,false,true,true,Ranking Retained,0,0,,Safe,35,35,33,35,33,23,,,,,35,2,86,86,88,89,82,98,72,23,55,9,6,3,66.66666666666666,0,,,,,,,141641,880,218,152,66,69.72477064220183,3,0,2612258,"{""matches"":218,""wins"":152,""losses"":66,""draws"":0,""winPercentage"":69.72477064220183,""eventsEntered"":0,""titles"":3,""finals"":0,""prizeMoney"":2612258,""points"":0}",,,,,,,,,,,,,,35,,false,false,true,,104,19,11,9,2,1,0,1,0,0,0,0,0,8,8,estimated from season exits versus eligible schedule | 8 eligible events not entered,Top 64,normal,,,true,true,false,false,6,11,264782,,0,false,,mainTour,mainTour,,,true,true,
2045/46,wp-cedric-rahman,Cedric Rahman,41,POL,Veteran,Tour Survivor / Top 64,false,true,true,Ranking Retained,0,0,,Safe,36,36,34,36,34,24,,,,,36,2,85,85,86,88,78,94,68,34,55,10,7,3,70,0,,,,,,,159852,994,212,150,62,70.75471698113208,1,0,3242126,"{""matches"":212,""wins"":150,""losses"":62,""draws"":0,""winPercentage"":70.75471698113208,""eventsEntered"":0,""titles"":1,""finals"":0,""prizeMoney"":3242126,""points"":0}",,,,,,,,,,,,,,36,,false,false,true,,104,19,11,9,2,1,0,1,0,0,0,0,0,8,8,estimated from season exits versus eligible schedule | 8 eligible events not entered,Top 64,normal,,,true,true,false,false,7,13,301204,,0,false,,mainTour,mainTour,,,true,true,
2045/46,wp-connor-urban,Connor Urban,41,SCO,Veteran,Tour Survivor / Top 64,false,true,true,Ranking Retained,0,0,,Safe,37,37,35,37,35,25,,,,,37,2,84,84,85,86,78,93,65,28,53,8,5,3,62.5,0,,,,,,,122563,762,196,137,59,69.89795918367348,1,0,3060307,"{""matches"":196,""wins"":137,""losses"":59,""draws"":0,""winPercentage"":69.89795918367348,""eventsEntered"":0,""titles"":1,""finals"":0,""prizeMoney"":3060307,""points"":0}",,,,,,,,,,,,,,37,,false,false,true,,104,19,11,9,2,1,0,1,0,0,0,0,0,8,8,estimated from season exits versus eligible schedule | 8 eligible events not entered,Top 64,normal,,,true,true,false,false,5,11,263336,,0,false,,mainTour,mainTour,,,true,true,
2045/46,wp-connor-yates,Connor Yates,35,PAK,Established,Tour Survivor / Top 64,false,true,true,Ranking Retained,0,0,,Safe,38,38,36,38,36,26,,,,,38,2,86,86,88,88,83,98,69,18,51,8,5,3,62.5,0,,,,,,,122273,760,229,166,63,72.48908296943232,2,0,2238502,"{""matches"":229,""wins"":166,""losses"":63,""draws"":0,""winPercentage"":72.48908296943232,""eventsEntered"":0,""titles"":2,""finals"":0,""prizeMoney"":2238502,""points"":0}",,,,,,,,,,,,,,38,,false,false,true,,104,19,11,9,2,1,0,1,0,0,0,0,0,8,8,estimated from season exits versus eligible schedule | 8 eligible events not entered,Top 64,normal,,,true,true,false,false,5,12,281257,,0,false,,mainTour,mainTour,,,true,true,
2045/46,wp-dario-verma,Dario Verma,42,GER,Veteran,Tour Survivor / Top 64,false,true,true,Ranking Retained,0,0,,Safe,39,39,37,39,37,27,,,,,39,2,83,83,83,84,76,90,60,33,50,9,5,4,55.55555555555556,0,,,,,,,121984,758,192,132,60,68.75,0,0,2880219,"{""matches"":192,""wins"":132,""losses"":60,""draws"":0,""winPercentage"":68.75,""eventsEntered"":0,""titles"":0,""finals"":0,""prizeMoney"":2880219,""points"":0}",,,,,,,,,,,,,,39,,false,false,true,,104,19,11,9,2,1,0,1,0,0,0,0,0,8,8,estimated from season exits versus eligible schedule | 8 eligible events not entered,Top 64,normal,,,true,true,false,false,5,11,262179,,0,false,,mainTour,mainTour,,,true,true,
2045/46,wp-dylan-barker,Dylan Barker,39,ITA,Established,Tour Survivor / Top 64,false,true,true,Ranking Retained,0,0,,Safe,40,40,38,40,38,28,,,,,40,2,82,82,83,83,76,92,69,30,43,10,7,3,70,0,,,,,,,158695,986,198,129,69,65.15151515151516,0,0,1566140,"{""matches"":198,""wins"":129,""losses"":69,""draws"":0,""winPercentage"":65.15151515151516,""eventsEntered"":0,""titles"":0,""finals"":0,""prizeMoney"":1566140,""points"":0}",,,,,,,,,,,,,,40,,false,false,true,,104,19,11,9,2,1,0,1,0,0,0,0,0,8,8,estimated from season exits versus eligible schedule | 8 eligible events not entered,Top 64,normal,,,true,true,false,false,7,12,280101,,0,false,,mainTour,mainTour,,,true,true,
2045/46,wp-dylan-sorensen,Dylan Sorensen,41,PAK,Veteran,Tour Survivor / Top 64,false,true,true,Ranking Retained,0,0,,Safe,41,41,39,41,39,30,,,,,41,2,84,84,85,86,78,93,67,31,52,9,6,3,66.66666666666666,0,,,,,,,139617,868,187,133,54,71.12299465240642,1,0,2884555,"{""matches"":187,""wins"":133,""losses"":54,""draws"":0,""winPercentage"":71.12299465240642,""eventsEntered"":0,""titles"":1,""finals"":0,""prizeMoney"":2884555,""points"":0}",,,,,,,,,,,,,,41,,false,false,true,,104,19,11,9,2,1,0,1,0,0,0,0,0,8,8,estimated from season exits versus eligible schedule | 8 eligible events not entered,Top 64,normal,,,true,true,false,false,6,12,278945,,0,false,,mainTour,mainTour,,,true,true,
2045/46,wp-emil-tremblay,Emil Tremblay,37,SWE,Established,Tour Survivor / Top 64,false,true,true,Ranking Retained,0,0,,Safe,42,42,40,42,40,31,,,,,42,2,83,83,84,84,79,94,70,24,45,9,6,3,66.66666666666666,0,,,,,,,139328,866,223,156,67,69.95515695067265,1,0,1640430,"{""matches"":223,""wins"":156,""losses"":67,""draws"":0,""winPercentage"":69.95515695067265,""eventsEntered"":0,""titles"":1,""finals"":0,""prizeMoney"":1640430,""points"":0}",,,,,,,,,,,,,,42,,false,false,true,,104,19,11,9,2,1,0,1,0,0,0,0,0,8,8,estimated from season exits versus eligible schedule | 8 eligible events not entered,Top 64,normal,,,true,true,false,false,6,11,259867,,0,false,,mainTour,mainTour,,,true,true,
2045/46,wp-euan-drayton,Euan Drayton,36,AUS,Established,Tour Survivor / Top 64,false,true,true,Ranking Retained,0,0,,Safe,43,43,41,43,41,32,,,,,43,2,83,83,85,84,79,94,69,23,45,9,6,3,66.66666666666666,0,,,,,,,139039,864,222,157,65,70.72072072072072,0,0,2152069,"{""matches"":222,""wins"":157,""losses"":65,""draws"":0,""winPercentage"":70.72072072072072,""eventsEntered"":0,""titles"":0,""finals"":0,""prizeMoney"":2152069,""points"":0}",,,,,,,,,,,,,,43,,false,false,true,,104,19,11,9,2,1,0,1,0,0,0,0,0,8,8,estimated from season exits versus eligible schedule | 8 eligible events not entered,Top 64,normal,,,true,true,false,false,6,13,296289,,0,false,,mainTour,mainTour,,,true,true,
2045/46,wp-euan-yates,Euan Yates,39,BRA,Established,Tour Survivor / Top 64,false,true,true,Q School,1,2,2047/48,At Risk,,42,42,42,42,33,,,,,,,78,78,79,77,70,82,70,66,32,22,16,6,72.72727272727273,0,,,,,,,0,700,190,120,70,63.1578947368421,0,0,555289,"{""matches"":190,""wins"":120,""losses"":70,""draws"":0,""winPercentage"":63.1578947368421,""eventsEntered"":0,""titles"":0,""finals"":0,""prizeMoney"":555289,""points"":0}",,,,,,,,,,,,,,70,,false,false,true,,104,18,11,9,2,1,0,0,0,0,0,0,0,7,7,estimated from season exits versus eligible schedule | 7 eligible events not entered,Top 64,normal,,,true,true,false,false,0,0,0,,0,false,,mainTour,mainTour,,,true,true,
2045/46,wp-evan-mori,Evan Mori,34,CHN,Established,Tour Survivor / Top 64,false,true,true,Ranking Retained,0,0,,Safe,44,44,43,44,43,34,,,,,44,1,83,83,85,84,80,95,70,21,44,9,6,3,66.66666666666666,0,,,,,,,138750,863,225,153,72,68,1,0,1658062,"{""matches"":225,""wins"":153,""losses"":72,""draws"":0,""winPercentage"":68,""eventsEntered"":0,""titles"":1,""finals"":0,""prizeMoney"":1658062,""points"":0}",,,,,,,,,,,,,,44,,false,false,true,,104,18,11,9,2,1,0,0,0,0,0,0,0,7,7,estimated from season exits versus eligible schedule | 7 eligible events not entered,Top 64,normal,,,true,true,false,false,6,12,276922,,0,false,,mainTour,mainTour,,,true,true,
2045/46,wp-evan-mori-a,Evan Mori A,34,CHN,Established,Tour Survivor / Top 64,false,true,true,Ranking Retained,0,0,,Safe,45,45,44,45,44,35,,,,,45,1,81,88,83,82,78,92,70,24,41,10,7,3,70,0,,,,,,,156961,976,216,144,72,66.66666666666666,0,0,1460633,"{""matches"":216,""wins"":144,""losses"":72,""draws"":0,""winPercentage"":66.66666666666666,""eventsEntered"":0,""titles"":0,""finals"":0,""prizeMoney"":1460633,""points"":0}",,,,,,,,,,,,,,45,,false,false,true,,104,18,11,9,2,1,0,0,0,0,0,0,0,7,7,estimated from season exits versus eligible schedule | 7 eligible events not entered,Top 64,normal,,,true,true,false,false,7,13,294844,,0,false,,mainTour,mainTour,,,true,true,
2045/46,wp-evan-mori-b,Evan Mori B,31,CHN,Established,Tour Survivor / Top 64,false,true,true,Ranking Retained,0,0,,Safe,46,46,45,46,45,36,,,,,46,1,81,81,83,81,79,91,66,25,41,10,6,4,60,0,,,,,,,138172,859,174,114,60,65.51724137931035,0,0,1421610,"{""matches"":174,""wins"":114,""losses"":60,""draws"":0,""winPercentage"":65.51724137931035,""eventsEntered"":0,""titles"":0,""finals"":0,""prizeMoney"":1421610,""points"":0}",,,,,,,,,,,,,,46,,false,false,true,,104,18,11,9,2,1,0,0,0,0,0,0,0,7,7,estimated from season exits versus eligible schedule | 7 eligible events not entered,Top 64,normal,,,true,true,false,false,6,11,257266,,0,false,,mainTour,mainTour,,,true,true,
2045/46,wp-evan-mori-c,Evan Mori C,31,CHN,Established,Tour Survivor / Top 64,false,true,true,Ranking Retained,0,0,,Safe,47,47,46,47,46,37,,,,,47,1,82,88,84,82,80,92,66,25,40,10,6,4,60,0,,,,,,,137883,857,171,115,56,67.2514619883041,0,0,1400220,"{""matches"":171,""wins"":115,""losses"":56,""draws"":0,""winPercentage"":67.2514619883041,""eventsEntered"":0,""titles"":0,""finals"":0,""prizeMoney"":1400220,""points"":0}",,,,,,,,,,,,,,47,,false,false,true,,104,18,11,9,2,1,0,0,0,0,0,0,0,7,7,estimated from season exits versus eligible schedule | 7 eligible events not entered,Top 64,normal,,,true,true,false,false,6,11,256688,,0,false,,mainTour,mainTour,,,true,true,
2045/46,wp-evan-mori-d,Evan Mori D,31,CHN,Established,Tour Survivor / Top 64,false,true,true,Ranking Retained,0,0,,Safe,48,48,47,48,47,38,,,,,48,1,81,81,83,81,79,91,66,25,39,10,6,4,60,0,,,,,,,137594,855,197,136,61,69.03553299492386,0,0,1239213,"{""matches"":197,""wins"":136,""losses"":61,""draws"":0,""winPercentage"":69.03553299492386,""eventsEntered"":0,""titles"":0,""finals"":0,""prizeMoney"":1239213,""points"":0}",,,,,,,,,,,,,,48,,false,false,true,,104,18,11,9,2,1,0,0,0,0,0,0,0,7,7,estimated from season exits versus eligible schedule | 7 eligible events not entered,Top 64,normal,,,true,true,false,false,6,11,256110,,0,false,,mainTour,mainTour,,,true,true,
2045/46,wp-evan-mori-e,Evan Mori E,28,CHN,Established,Tour Survivor / Top 64,false,true,true,Ranking Retained,0,0,,Safe,49,49,48,49,48,39,,,,,49,1,82,86,84,82,80,92,66,25,38,10,6,4,60,0,,,,,,,137305,854,165,114,51,69.0909090909091,0,0,1100463,"{""matches"":165,""wins"":114,""losses"":51,""draws"":0,""winPercentage"":69.0909090909091,""eventsEntered"":0,""titles"":0,""finals"":0,""prizeMoney"":1100463,""points"":0}",,,,,,,,,,,,,,49,,false,false,true,,104,18,11,9,2,1,0,0,0,0,0,0,0,7,7,estimated from season exits versus eligible schedule | 7 eligible events not entered,Top 64,normal,,,true,true,false,false,6,11,255532,,0,false,,mainTour,mainTour,,,true,true,
2045/46,wp-evan-mori-f,Evan Mori F,25,AUS,Established,Tour Survivor / Top 64,false,true,true,Ranking Retained,0,0,,Safe,50,50,49,50,49,40,,,,,50,1,81,83,83,81,79,92,70,24,38,10,7,3,70,0,,,,,,,155516,967,102,72,30,70.58823529411765,0,0,1033690,"{""matches"":102,""wins"":72,""losses"":30,""draws"":0,""winPercentage"":70.58823529411765,""eventsEntered"":0,""titles"":0,""finals"":0,""prizeMoney"":1033690,""points"":0}",,,,,,,,,,,,,,50,,false,false,true,,104,18,11,9,2,1,0,0,0,0,0,0,0,7,7,estimated from season exits versus eligible schedule | 7 eligible events not entered,Top 64,normal,,,true,true,false,false,7,13,291954,,0,false,,mainTour,mainTour,,,true,true,
2045/46,wp-evan-mori-g,Evan Mori G,25,AUS,Established,Tour Survivor / Top 64,false,true,true,Ranking Retained,0,0,,Safe,51,51,50,51,50,41,,,,,51,1,83,91,85,83,81,94,70,24,38,10,7,3,70,0,,,,,,,155227,965,93,65,28,69.89247311827957,0,0,1031666,"{""matches"":93,""wins"":65,""losses"":28,""draws"":0,""winPercentage"":69.89247311827957,""eventsEntered"":0,""titles"":0,""finals"":0,""prizeMoney"":1031666,""points"":0}",,,,,,,,,,,,,,51,,false,false,true,,104,18,11,9,2,1,0,0,0,0,0,0,0,7,7,estimated from season exits versus eligible schedule | 7 eligible events not entered,Top 64,normal,,,true,true,false,false,7,13,291375,,0,false,,mainTour,mainTour,,,true,true,
2045/46,wp-evan-mori-h,Evan Mori H,25,AUS,Established,Tour Survivor / Top 64,false,true,true,Ranking Retained,0,0,,Safe,52,52,51,52,51,42,,,,,52,1,81,83,83,81,79,92,70,24,36,10,7,3,70,0,,,,,,,154938,963,112,78,34,69.64285714285714,0,0,737688,"{""matches"":112,""wins"":78,""losses"":34,""draws"":0,""winPercentage"":69.64285714285714,""eventsEntered"":0,""titles"":0,""finals"":0,""prizeMoney"":737688,""points"":0}",,,,,,,,,,,,,,52,,false,false,true,,104,18,11,9,2,1,0,0,0,0,0,0,0,7,7,estimated from season exits versus eligible schedule | 7 eligible events not entered,Top 64,normal,,,true,true,false,false,7,13,290797,,0,false,,mainTour,mainTour,,,true,true,
2045/46,wp-evan-mori-i,Evan Mori I,23,CHN,Rookie,Tour Survivor / Top 64,false,true,true,Ranking Retained,0,0,,Safe,53,53,52,53,52,43,,,,,53,1,80,84,82,80,78,91,70,24,36,10,7,3,70,0,,,,,,,154648,961,64,44,20,68.75,0,0,736242,"{""matches"":64,""wins"":44,""losses"":20,""draws"":0,""winPercentage"":68.75,""eventsEntered"":0,""titles"":0,""finals"":0,""prizeMoney"":736242,""points"":0}",,,,,,,,,,,,,,53,,false,false,true,,104,18,11,9,2,1,0,0,0,0,0,0,0,7,7,estimated from season exits versus eligible schedule | 7 eligible events not entered,Top 64,normal,,,true,true,false,false,7,13,290218,,0,false,,mainTour,mainTour,,,true,true,
2045/46,wp-evan-mori-j,Evan Mori J,20,CHN,Rookie,Tour Survivor / Top 64,false,true,true,Ranking Retained,0,0,,Safe,54,54,53,54,53,44,,,,,54,1,81,87,83,80,79,92,70,24,33,10,7,3,70,0,,,,,,,154359,960,51,36,15,70.58823529411765,0,0,289640,"{""matches"":51,""wins"":36,""losses"":15,""draws"":0,""winPercentage"":70.58823529411765,""eventsEntered"":0,""titles"":0,""finals"":0,""prizeMoney"":289640,""points"":0}",,,,,,,,,,,,,,54,,false,false,true,,104,18,11,9,2,1,0,0,0,0,0,0,0,7,7,estimated from season exits versus eligible schedule | 7 eligible events not entered,Top 64,normal,,,true,true,false,false,7,13,289640,,0,false,,mainTour,mainTour,,,true,true,
2045/46,wp-evan-mori-k,Evan Mori K,20,CHN,Rookie,Tour Survivor / Top 64,false,true,true,Ranking Retained,0,0,,Safe,55,55,54,55,54,45,,,,,55,1,83,90,85,82,81,94,70,24,33,10,7,3,70,0,,,,,,,154070,958,43,31,12,72.09302325581395,0,0,289062,"{""matches"":43,""wins"":31,""losses"":12,""draws"":0,""winPercentage"":72.09302325581395,""eventsEntered"":0,""titles"":0,""finals"":0,""prizeMoney"":289062,""points"":0}",,,,,,,,,,,,,,55,,false,false,true,,104,18,11,9,2,1,0,0,0,0,0,0,0,7,7,estimated from season exits versus eligible schedule | 7 eligible events not entered,Top 64,normal,,,true,true,false,false,7,13,289062,,0,false,,mainTour,mainTour,,,true,true,
2045/46,wp-evan-mori-l,Evan Mori L,20,CHN,Rookie,Tour Survivor / Top 64,false,true,true,Ranking Retained,0,0,,Safe,56,56,55,56,55,46,,,,,56,1,80,86,82,79,78,91,70,24,32,10,7,3,70,0,,,,,,,153781,956,54,39,15,72.22222222222221,0,0,153781,"{""matches"":54,""wins"":39,""losses"":15,""draws"":0,""winPercentage"":72.22222222222221,""eventsEntered"":0,""titles"":0,""finals"":0,""prizeMoney"":153781,""points"":0}",,,,,,,,,,,,,,56,,false,false,true,,104,18,11,9,2,1,0,0,0,0,0,0,0,7,7,estimated from season exits versus eligible schedule | 7 eligible events not entered,Top 64,normal,,,true,true,false,false,7,7,153781,,0,false,,mainTour,mainTour,,,true,true,
2045/46,wp-finn-cross,Finn Cross,33,SCO,Established,Tour Survivor / Top 64,false,true,true,Ranking Retained,0,0,,Safe,57,57,56,57,56,47,,,,,57,1,78,91,80,78,75,88,62,19,40,8,4,4,50,0,,,,,,,97992,609,190,122,68,64.21052631578948,0,0,1634071,"{""matches"":190,""wins"":122,""losses"":68,""draws"":0,""winPercentage"":64.21052631578948,""eventsEntered"":0,""titles"":0,""finals"":0,""prizeMoney"":1634071,""points"":0}",,,,,,,,,,,,,,57,,false,false,true,,104,18,11,9,2,1,0,0,0,0,0,0,0,7,7,estimated from season exits versus eligible schedule | 7 eligible events not entered,Top 64,normal,,,true,true,false,false,4,9,214195,,0,false,,mainTour,mainTour,,,true,true,
2045/46,wp-finn-cross-a,Finn Cross A,33,SCO,Established,Tour Survivor / Top 64,false,true,true,Ranking Retained,0,0,,Safe,58,58,57,58,57,48,,,,,58,1,79,79,81,79,76,89,63,19,38,8,4,4,50,0,,,,,,,97703,607,202,134,68,66.33663366336634,1,0,1001314,"{""matches"":202,""wins"":134,""losses"":68,""draws"":0,""winPercentage"":66.33663366336634,""eventsEntered"":0,""titles"":1,""finals"":0,""prizeMoney"":1001314,""points"":0}",,,,,,,,,,,,,,58,,false,false,true,,104,18,11,9,2,1,0,0,0,0,0,0,0,7,7,estimated from season exits versus eligible schedule | 7 eligible events not entered,Top 64,normal,,,true,true,false,false,4,9,213617,,0,false,,mainTour,mainTour,,,true,true,
2045/46,wp-finn-cross-b,Finn Cross B,30,SCO,Established,Tour Survivor / Top 64,false,true,true,Ranking Retained,0,0,,Safe,59,59,58,59,58,49,,,,,59,1,79,79,81,79,77,89,63,19,38,8,4,4,50,0,,,,,,,97414,606,166,108,58,65.06024096385542,1,0,994663,"{""matches"":166,""wins"":108,""losses"":58,""draws"":0,""winPercentage"":65.06024096385542,""eventsEntered"":0,""titles"":1,""finals"":0,""prizeMoney"":994663,""points"":0}",,,,,,,,,,,,,,59,,false,false,true,,104,18,11,9,2,1,0,0,0,0,0,0,0,7,7,estimated from season exits versus eligible schedule | 7 eligible events not entered,Top 64,normal,,,true,true,false,false,4,9,213039,,0,false,,mainTour,mainTour,,,true,true,
2045/46,wp-finn-cross-c,Finn Cross C,30,SCO,Established,Tour Survivor / Top 64,false,true,true,Ranking Retained,0,0,,Safe,60,60,59,60,59,50,,,,,60,1,79,80,81,78,77,89,63,19,37,8,4,4,50,0,,,,,,,97125,604,194,129,65,66.49484536082474,1,0,874992,"{""matches"":194,""wins"":129,""losses"":65,""draws"":0,""winPercentage"":66.49484536082474,""eventsEntered"":0,""titles"":1,""finals"":0,""prizeMoney"":874992,""points"":0}",,,,,,,,,,,,,,60,,false,false,true,,104,18,11,9,2,1,0,0,0,0,0,0,0,7,7,estimated from season exits versus eligible schedule | 7 eligible events not entered,Top 64,normal,,,true,true,false,false,4,9,212461,,0,false,,mainTour,mainTour,,,true,true,
2045/46,wp-finn-cross-d,Finn Cross D,30,SCO,Established,Tour Survivor / Top 64,false,true,true,Federation Route,1,2,2047/48,At Risk,,60,60,60,60,51,,,,,,,78,87,80,77,75,85,65,43,36,16,9,7,56.25,0,,,,,,,0,440,154,96,58,62.33766233766234,0,0,1035422,"{""matches"":154,""wins"":96,""losses"":58,""draws"":0,""winPercentage"":62.33766233766234,""eventsEntered"":0,""titles"":0,""finals"":0,""prizeMoney"":1035422,""points"":0}",,,,,,,,,,,,,,62,,false,false,true,,104,18,11,9,2,1,0,0,0,0,0,0,0,7,7,estimated from season exits versus eligible schedule | 7 eligible events not entered,Top 64,normal,,,true,true,false,false,0,0,0,,0,false,,mainTour,mainTour,,,true,true,
2045/46,wp-finn-cross-e,Finn Cross E,27,SCO,Established,Tour Survivor / Top 64,false,true,true,Ranking Retained,0,0,,Safe,61,61,61,61,61,52,,,,,61,0,81,93,83,80,79,91,62,19,35,8,4,4,50,0,,,,,,,96836,602,144,100,44,69.44444444444444,0,0,909969,"{""matches"":144,""wins"":100,""losses"":44,""draws"":0,""winPercentage"":69.44444444444444,""eventsEntered"":0,""titles"":0,""finals"":0,""prizeMoney"":909969,""points"":0}",,,,,,,,,,,,,,61,,false,false,true,,104,18,11,9,2,1,0,0,0,0,0,0,0,7,7,estimated from season exits versus eligible schedule | 7 eligible events not entered,Top 64,normal,,,true,true,false,false,4,9,211883,,0,false,,mainTour,mainTour,,,true,true,
2045/46,wp-finn-cross-f,Finn Cross F,27,SCO,Established,Tour Survivor / Top 64,false,true,true,Ranking Retained,0,0,,Safe,62,62,62,62,62,53,,,,,62,0,78,79,80,77,76,88,62,19,34,8,4,4,50,0,,,,,,,96547,600,133,89,44,66.9172932330827,0,0,755321,"{""matches"":133,""wins"":89,""losses"":44,""draws"":0,""winPercentage"":66.9172932330827,""eventsEntered"":0,""titles"":0,""finals"":0,""prizeMoney"":755321,""points"":0}",,,,,,,,,,,,,,62,,false,false,true,,104,18,11,9,2,1,0,0,0,0,0,0,0,7,7,estimated from season exits versus eligible schedule | 7 eligible events not entered,Top 64,normal,,,true,true,false,false,4,9,211305,,0,false,,mainTour,mainTour,,,true,true,
2045/46,wp-finn-cross-g,Finn Cross G,25,BEL,Established,Tour Survivor / Top 64,false,true,true,Playoff Route,1,2,2047/48,At Risk,,63,63,63,63,54,,,,,,,78,80,80,78,74,84,72,54,32,20,15,5,75,0,,,,,,,0,659,115,80,35,69.56521739130434,0,0,502679,"{""matches"":115,""wins"":80,""losses"":35,""draws"":0,""winPercentage"":69.56521739130434,""eventsEntered"":0,""titles"":0,""finals"":0,""prizeMoney"":502679,""points"":0}",,,,,,,,,,,,,,63,,false,false,true,,104,18,11,9,2,1,0,0,0,0,0,0,0,7,7,estimated from season exits versus eligible schedule | 7 eligible events not entered,Top 64,normal,,,true,true,false,false,0,0,0,,0,false,,mainTour,mainTour,,,true,true,
2045/46,wp-finn-cross-h,Finn Cross H,25,BEL,Established,Tour Survivor / Top 64,false,true,true,Ranking Retained,0,0,,Safe,63,63,64,63,64,55,,,,,63,-1,79,83,81,79,77,91,68,19,35,8,5,3,62.5,0,,,,,,,114758,713,104,71,33,68.26923076923077,1,0,616281,"{""matches"":104,""wins"":71,""losses"":33,""draws"":0,""winPercentage"":68.26923076923077,""eventsEntered"":0,""titles"":1,""finals"":0,""prizeMoney"":616281,""points"":0}",,,,,,,,,,,,,,63,,false,false,true,,104,18,11,9,2,1,0,0,0,0,0,0,0,7,7,estimated from season exits versus eligible schedule | 7 eligible events not entered,Top 64,normal,,,true,true,false,true,5,5,114758,,0,true,,mainTour,mainTour,,,true,true,
2045/46,wp-finn-cross-i,Finn Cross I,22,BEL,Rookie,Bottom Tour / At Risk,false,true,true,Ranking Retained,0,0,,Safe,64,64,65,64,65,56,,,,,64,-1,80,88,82,79,78,92,68,19,34,8,5,3,62.5,0,,,,,,,114469,712,84,58,26,69.04761904761905,1,0,383008,"{""matches"":84,""wins"":58,""losses"":26,""draws"":0,""winPercentage"":69.04761904761905,""eventsEntered"":0,""titles"":1,""finals"":0,""prizeMoney"":383008,""points"":0}",,,,,,,,,,,,,,64,,false,false,true,,104,18,9,3,6,1,0,0,0,0,0,0,0,9,9,estimated from season exits versus eligible schedule | 9 eligible events not entered,Bottom Tour 65-128,normal,,,true,true,false,true,5,5,114469,,1,true,,mainTour,mainTour,,,true,true,
2045/46,wp-finn-cross-j,Finn Cross J,19,SCO,Rookie,Rookie Pro / Bubble,false,true,true,Federation Route,2,1,2046/47,Rookie Year 2,65,65,66,65,66,57,,,,,65,-1,79,85,81,78,77,90,67,19,30,8,5,3,62.5,0,,,,,,,114180,710,42,31,11,73.80952380952381,0,0,114180,"{""matches"":42,""wins"":31,""losses"":11,""draws"":0,""winPercentage"":73.80952380952381,""eventsEntered"":0,""titles"":0,""finals"":0,""prizeMoney"":114180,""points"":0}",,,,,,,,,,,,,,65,,false,false,true,,104,18,9,3,6,1,0,0,0,0,0,0,0,9,9,estimated from season exits versus eligible schedule | 9 eligible events not entered,Rookie Pro,normal,,,true,true,false,true,5,5,114180,,0,true,,mainTour,mainTour,,,true,true,
2045/46,wp-finn-cross-k,Finn Cross K,19,SCO,Rookie,Rookie Pro / Bubble,false,true,true,Federation Route,2,1,2046/47,Rookie Year 2,66,66,67,66,67,58,,,,,66,-1,78,84,80,77,76,89,67,19,30,8,5,3,62.5,0,,,,,,,113891,708,33,23,10,69.6969696969697,0,0,113891,"{""matches"":33,""wins"":23,""losses"":10,""draws"":0,""winPercentage"":69.6969696969697,""eventsEntered"":0,""titles"":0,""finals"":0,""prizeMoney"":113891,""points"":0}",,,,,,,,,,,,,,66,,false,false,true,,104,18,9,3,6,1,0,0,0,0,0,0,0,9,9,estimated from season exits versus eligible schedule | 9 eligible events not entered,Rookie Pro,normal,,,true,true,false,true,5,5,113891,,0,true,,mainTour,mainTour,,,true,true,
2045/46,wp-finn-cross-l,Finn Cross L,19,SCO,Rookie,Rookie Pro / Bubble,false,true,true,Federation Route,2,1,2046/47,Rookie Year 2,67,67,68,67,68,59,,,,,67,-1,79,90,81,78,77,90,67,19,30,8,5,3,62.5,0,,,,,,,113602,706,25,17,8,68,0,0,113602,"{""matches"":25,""wins"":17,""losses"":8,""draws"":0,""winPercentage"":68,""eventsEntered"":0,""titles"":0,""finals"":0,""prizeMoney"":113602,""points"":0}",,,,,,,,,,,,,,67,,false,false,true,,104,18,9,3,6,1,0,0,0,0,0,0,0,9,9,estimated from season exits versus eligible schedule | 9 eligible events not entered,Rookie Pro,normal,,,true,true,false,true,5,5,113602,,0,true,,mainTour,mainTour,,,true,true,
2045/46,wp-fraser-forster,Fraser Forster,36,BRA,Established,Rookie Pro / Bubble,false,true,true,Federation Route,2,1,2046/47,Rookie Year 2,68,68,69,68,69,60,,,,,68,-1,75,75,77,74,71,85,62,21,35,8,4,4,50,0,,,,,,,94813,589,214,132,82,61.6822429906542,0,0,1172150,"{""matches"":214,""wins"":132,""losses"":82,""draws"":0,""winPercentage"":61.6822429906542,""eventsEntered"":0,""titles"":0,""finals"":0,""prizeMoney"":1172150,""points"":0}",,,,,,,,,,,,,,68,,false,false,true,,104,18,9,3,6,1,0,0,0,0,0,0,0,9,9,estimated from season exits versus eligible schedule | 9 eligible events not entered,Rookie Pro,normal,,,true,true,false,true,4,4,94813,,0,true,,mainTour,mainTour,,,true,true,
2045/46,wp-fraser-harrington,Fraser Harrington,35,SCO,Established,Rookie Pro / Bubble,false,true,true,Playoff Route,2,1,2046/47,Rookie Year 2,69,69,70,69,70,61,,,,,69,-1,77,77,79,76,74,87,63,19,36,8,4,4,50,0,,,,,,,94523,588,241,158,83,65.56016597510373,1,0,975874,"{""matches"":241,""wins"":158,""losses"":83,""draws"":0,""winPercentage"":65.56016597510373,""eventsEntered"":0,""titles"":1,""finals"":0,""prizeMoney"":975874,""points"":0}",,,,,,,,,,,,,,69,,false,false,true,,104,18,9,3,6,1,0,0,0,0,0,0,0,9,9,estimated from season exits versus eligible schedule | 9 eligible events not entered,Rookie Pro,normal,,,true,true,false,true,4,4,94523,,0,true,,mainTour,mainTour,,,true,true,
2045/46,wp-fraser-nakamura,Fraser Nakamura,39,FRA,Established,Rookie Pro / Bubble,false,true,true,Q School,2,1,2046/47,Rookie Year 2,70,70,71,70,71,62,,,,,70,-1,77,77,78,77,72,86,62,25,41,8,4,4,50,0,,,,,,,94234,586,186,124,62,66.66666666666666,1,0,1848555,"{""matches"":186,""wins"":124,""losses"":62,""draws"":0,""winPercentage"":66.66666666666666,""eventsEntered"":0,""titles"":1,""finals"":0,""prizeMoney"":1848555,""points"":0}",,,,,,,,,,,,,,70,,false,false,true,,104,18,9,3,6,1,0,0,0,0,0,0,0,9,9,estimated from season exits versus eligible schedule | 9 eligible events not entered,Rookie Pro,normal,,,true,true,false,true,4,4,94234,,0,true,,mainTour,mainTour,,,true,true,
2045/46,wp-gareth-iqbal,Gareth Iqbal,36,GER,Established,Rookie Pro / Bubble,false,true,true,Federation Route,2,1,2046/47,Rookie Year 2,71,71,72,71,72,63,,,,,71,-1,75,75,77,74,71,85,66,26,33,10,6,4,60,0,,,,,,,130945,814,237,150,87,63.29113924050633,0,0,851578,"{""matches"":237,""wins"":150,""losses"":87,""draws"":0,""winPercentage"":63.29113924050633,""eventsEntered"":0,""titles"":0,""finals"":0,""prizeMoney"":851578,""points"":0}",,,,,,,,,,,,,,71,,false,false,true,,104,18,9,3,6,1,0,0,0,0,0,0,0,9,9,estimated from season exits versus eligible schedule | 9 eligible events not entered,Rookie Pro,normal,,,true,true,false,true,6,6,130945,,0,true,,mainTour,mainTour,,,true,true,
2045/46,wp-jude-sloan-e,Jude Sloan E,26,IRL,Established,Rookie Pro / Bubble,false,true,true,Q School,2,1,2046/47,Rookie Year 2,74,74,73,74,73,66,,,,,74,1,79,97,81,78,78,90,65,16,32,7,4,3,57.14285714285714,0,,,,,,,92211,573,108,75,33,69.44444444444444,0,0,779890,"{""matches"":108,""wins"":75,""losses"":33,""draws"":0,""winPercentage"":69.44444444444444,""eventsEntered"":0,""titles"":0,""finals"":0,""prizeMoney"":779890,""points"":0}",,,,,,,,,,,,,,74,,false,false,true,,104,18,9,3,6,1,0,0,0,0,0,0,0,9,9,estimated from season exits versus eligible schedule | 9 eligible events not entered,Rookie Pro,normal,,,true,true,false,false,4,4,92211,,0,false,random development failure,mainTour,mainTour,,,true,true,
2045/46,wp-jude-sloan-g,Jude Sloan G,26,IRL,Established,Rookie Pro / Bubble,false,true,true,Playoff Route,2,1,2046/47,Rookie Year 2,75,75,74,75,74,67,,,,,75,1,76,81,78,75,75,88,66,16,32,7,4,3,57.14285714285714,0,,,,,,,91922,571,127,85,42,66.92913385826772,1,0,460188,"{""matches"":127,""wins"":85,""losses"":42,""draws"":0,""winPercentage"":66.92913385826772,""eventsEntered"":0,""titles"":1,""finals"":0,""prizeMoney"":460188,""points"":0}",,,,,,,,,,,,,,75,,false,false,true,,104,18,9,3,6,1,0,0,0,0,0,0,0,9,9,estimated from season exits versus eligible schedule | 9 eligible events not entered,Rookie Pro,normal,,,true,true,false,false,4,4,91922,,0,false,,mainTour,mainTour,,,true,true,
2045/46,wp-jude-sloan-i,Jude Sloan I,23,IRL,Rookie,Rookie Pro / Bubble,false,true,true,Federation Route,1,2,2047/48,At Risk,77,77,75,77,75,68,,,,,77,2,80,93,82,79,79,92,66,16,33,7,4,3,57.14285714285714,0,,,,,,,91344,568,79,54,25,68.35443037974683,1,0,444000,"{""matches"":79,""wins"":54,""losses"":25,""draws"":0,""winPercentage"":68.35443037974683,""eventsEntered"":0,""titles"":1,""finals"":0,""prizeMoney"":444000,""points"":0}",,,,,,,,,,,,,,72,,false,false,true,,104,18,9,3,6,1,0,0,0,0,0,0,0,9,9,estimated from season exits versus eligible schedule | 9 eligible events not entered,Rookie Pro,normal,,,true,true,false,false,4,10,221422,,0,false,,mainTour,mainTour,,,true,true,
2045/46,wp-jude-sloan-j,Jude Sloan J,21,AUS,Rookie,Rookie Pro / Bubble,false,true,true,Q School,1,2,2047/48,At Risk,,76,76,76,76,69,,,,,,,77,87,79,76,71,79,70,75,29,27,19,8,70.37037037037037,0,,,,,,,0,763,65,44,21,67.6923076923077,0,0,203500,"{""matches"":65,""wins"":44,""losses"":21,""draws"":0,""winPercentage"":67.6923076923077,""eventsEntered"":0,""titles"":0,""finals"":0,""prizeMoney"":203500,""points"":0}",,,,,,,,,,,,,,73,,false,false,true,,104,18,9,3,6,1,0,0,0,0,0,0,0,9,9,estimated from season exits versus eligible schedule | 9 eligible events not entered,Rookie Pro,normal,,,true,true,false,false,0,5,111289,,0,false,,mainTour,mainTour,,,true,true,
2045/46,wp-jude-sloan-k,Jude Sloan K,21,AUS,Rookie,Rookie Pro / Bubble,false,true,true,Q School,1,2,2047/48,At Risk,,77,77,77,77,70,,,,,,,80,93,82,79,74,82,72,75,29,27,20,7,74.07407407407408,0,,,,,,,0,810,55,40,15,72.72727272727273,0,0,184422,"{""matches"":55,""wins"":40,""losses"":15,""draws"":0,""winPercentage"":72.72727272727273,""eventsEntered"":0,""titles"":0,""finals"":0,""prizeMoney"":184422,""points"":0}",,,,,,,,,,,,,,74,,false,false,true,,104,18,9,3,6,1,0,0,0,0,0,0,0,9,9,estimated from season exits versus eligible schedule | 9 eligible events not entered,Rookie Pro,normal,,,true,true,false,false,0,4,92500,,0,false,,mainTour,mainTour,,,true,true,
2045/46,wp-kai-pryce,Kai Pryce,34,AUS,Established,Rookie Pro / Bubble,false,true,true,Playoff Route,1,2,2047/48,At Risk,,78,78,78,78,71,,,,,,,73,93,75,72,67,78,65,52,34,19,11,8,57.89473684210527,0,,,,,,,0,490,181,108,73,59.66850828729282,0,0,1245280,"{""matches"":181,""wins"":108,""losses"":73,""draws"":0,""winPercentage"":59.66850828729282,""eventsEntered"":0,""titles"":0,""finals"":0,""prizeMoney"":1245280,""points"":0}",,,,,,,,,,,,,,79,,false,false,true,,104,18,9,3,6,1,0,0,0,0,0,0,0,9,9,estimated from season exits versus eligible schedule | 9 eligible events not entered,Rookie Pro,normal,,,true,true,false,false,0,0,0,,0,false,low match volume,mainTour,mainTour,,,true,true,
2045/46,wp-kai-pryce-b,Kai Pryce B,31,AUS,Established,Rookie Pro / Bubble,false,true,true,Federation Route,1,2,2047/48,At Risk,,79,79,79,79,72,,,,,,,76,89,78,75,73,83,61,34,34,13,6,7,46.15384615384615,0,,,,,,,0,253,190,121,69,63.68421052631579,1,0,832500,"{""matches"":190,""wins"":121,""losses"":69,""draws"":0,""winPercentage"":63.68421052631579,""eventsEntered"":0,""titles"":1,""finals"":0,""prizeMoney"":832500,""points"":0}",,,,,,,,,,,,,,75,,false,false,true,,104,18,9,3,6,1,0,0,0,0,0,0,0,9,9,estimated from season exits versus eligible schedule | 9 eligible events not entered,Rookie Pro,normal,,,true,true,false,false,0,4,92211,,0,false,random development failure,mainTour,mainTour,,,true,true,
2045/46,wp-kai-pryce-e,Kai Pryce E,29,CHN,Established,Rookie Pro / Bubble,false,true,true,Federation Route,2,1,2046/47,Rookie Year 2,79,79,80,79,80,73,,,,,79,-1,73,82,75,71,72,84,62,13,30,6,3,3,50,0,,,,,,,72266,449,134,82,52,61.19402985074627,0,0,585064,"{""matches"":134,""wins"":82,""losses"":52,""draws"":0,""winPercentage"":61.19402985074627,""eventsEntered"":0,""titles"":0,""finals"":0,""prizeMoney"":585064,""points"":0}",,,,,,,,,,,,,,79,,false,false,true,,104,18,9,3,6,1,0,0,0,0,0,0,0,9,9,estimated from season exits versus eligible schedule | 9 eligible events not entered,Rookie Pro,normal,,,true,true,false,true,3,3,72266,,0,true,,mainTour,mainTour,,,true,true,
2045/46,wp-kai-pryce-g,Kai Pryce G,24,WAL,Rookie,Rookie Pro / Bubble,false,true,true,Q School,2,1,2046/47,Rookie Year 2,80,80,81,80,81,74,,,,,80,-1,78,98,80,77,77,91,69,12,29,6,4,2,66.66666666666666,0,,,,,,,90477,562,80,54,26,67.5,0,0,416541,"{""matches"":80,""wins"":54,""losses"":26,""draws"":0,""winPercentage"":67.5,""eventsEntered"":0,""titles"":0,""finals"":0,""prizeMoney"":416541,""points"":0}",,,,,,,,,,,,,,80,,false,false,true,,104,18,9,3,6,1,0,0,0,0,0,0,0,9,9,estimated from season exits versus eligible schedule | 9 eligible events not entered,Rookie Pro,normal,,,true,true,false,true,4,4,90477,,0,true,random development failure,mainTour,mainTour,,,true,true,
2045/46,wp-kai-pryce-i,Kai Pryce I,24,WAL,Rookie,Rookie Pro / Bubble,false,true,true,Q School,2,1,2046/47,Rookie Year 2,82,82,82,82,82,75,,,,,82,0,77,95,79,76,76,90,69,12,29,6,4,2,66.66666666666666,0,,,,,,,89898,559,64,43,21,67.1875,0,0,414225,"{""matches"":64,""wins"":43,""losses"":21,""draws"":0,""winPercentage"":67.1875,""eventsEntered"":0,""titles"":0,""finals"":0,""prizeMoney"":414225,""points"":0}",,,,,,,,,,,,,,82,,false,false,true,,104,18,9,3,6,1,0,0,0,0,0,0,0,9,9,estimated from season exits versus eligible schedule | 9 eligible events not entered,Rookie Pro,normal,,,true,true,false,false,4,4,89898,,0,false,random development failure,mainTour,mainTour,,,true,true,
2045/46,wp-kai-pryce-k,Kai Pryce K,21,WAL,Rookie,Rookie Pro / Bubble,false,true,true,Federation Route,2,1,2046/47,Rookie Year 2,83,83,83,83,83,76,,,,,83,0,78,95,80,77,77,91,69,12,28,6,4,2,66.66666666666666,0,,,,,,,89609,557,39,26,13,66.66666666666666,0,0,251195,"{""matches"":39,""wins"":26,""losses"":13,""draws"":0,""winPercentage"":66.66666666666666,""eventsEntered"":0,""titles"":0,""finals"":0,""prizeMoney"":251195,""points"":0}",,,,,,,,,,,,,,80,,false,false,true,,104,18,9,3,6,1,0,0,0,0,0,0,0,9,9,estimated from season exits versus eligible schedule | 9 eligible events not entered,Rookie Pro,normal,,,true,true,false,false,4,8,180375,,0,false,,mainTour,mainTour,,,true,true,
2045/46,wp-kai-pryce-m,Kai Pryce M,18,WAL,Rookie,Rookie Pro / Bubble,false,true,true,Federation Route,1,2,2047/48,At Risk,,84,84,84,84,77,,,,,,,73,93,75,71,72,87,77,18,18,8,7,1,87.5,0,,,,,,,0,162,33,25,8,75.75757575757575,0,0,0,"{""matches"":33,""wins"":25,""losses"":8,""draws"":0,""winPercentage"":75.75757575757575,""eventsEntered"":0,""titles"":0,""finals"":0,""prizeMoney"":0,""points"":0}",,,,,,,,,,,,,,,,false,false,true,,104,18,9,3,6,1,0,0,0,0,0,0,0,9,9,estimated from season exits versus eligible schedule | 9 eligible events not entered,Rookie Pro,normal,,,true,true,false,false,0,0,0,,0,false,,mainTour,mainTour,,,true,true,
2045/46,wp-luca-mercer,Luca Mercer,33,THA,Established,Rookie Pro / Bubble,false,true,true,Q School,2,1,2046/47,Rookie Year 2,85,85,85,85,85,80,,,,,85,0,74,76,76,72,72,86,63,13,31,6,3,3,50,0,,,,,,,69953,435,209,135,74,64.5933014354067,1,0,518867,"{""matches"":209,""wins"":135,""losses"":74,""draws"":0,""winPercentage"":64.5933014354067,""eventsEntered"":0,""titles"":1,""finals"":0,""prizeMoney"":518867,""points"":0}",,,,,,,,,,,,,,85,,false,false,true,,104,18,9,3,6,1,0,0,0,0,0,0,0,9,9,estimated from season exits versus eligible schedule | 9 eligible events not entered,Rookie Pro,normal,,,true,true,false,false,3,3,69953,,0,false,,mainTour,mainTour,,,true,true,
2045/46,wp-luca-mercer-a,Luca Mercer A,31,ENG,Established,Rookie Pro / Bubble,false,true,true,Playoff Route,2,1,2046/47,Rookie Year 2,86,86,86,86,86,81,,,,,86,0,72,82,74,70,70,83,65,16,29,7,4,3,57.14285714285714,0,,,,,,,88164,548,174,109,65,62.643678160919535,0,0,535635,"{""matches"":174,""wins"":109,""losses"":65,""draws"":0,""winPercentage"":62.643678160919535,""eventsEntered"":0,""titles"":0,""finals"":0,""prizeMoney"":535635,""points"":0}",,,,,,,,,,,,,,86,,false,false,true,,104,18,9,3,6,1,0,0,0,0,0,0,0,9,9,estimated from season exits versus eligible schedule | 9 eligible events not entered,Rookie Pro,normal,,,true,true,false,false,4,4,88164,,0,false,,mainTour,mainTour,,,true,true,
2045/46,wp-luca-mercer-b,Luca Mercer B,31,ENG,Established,Rookie Pro / Bubble,false,true,true,Playoff Route,1,2,2047/48,At Risk,,87,87,87,87,82,,,,,,,73,92,75,71,68,78,66,55,29,20,12,8,60,0,,,,,,,0,560,161,98,63,60.86956521739131,0,0,602983,"{""matches"":161,""wins"":98,""losses"":63,""draws"":0,""winPercentage"":60.86956521739131,""eventsEntered"":0,""titles"":0,""finals"":0,""prizeMoney"":602983,""points"":0}",,,,,,,,,,,,,,88,,false,false,true,,104,18,9,3,6,1,0,0,0,0,0,0,0,9,9,estimated from season exits versus eligible schedule | 9 eligible events not entered,Rookie Pro,normal,,,true,true,false,false,0,0,0,,0,false,low match volume,mainTour,mainTour,,,true,true,
2045/46,wp-luca-mercer-e,Luca Mercer E,26,SCO,Established,Rookie Pro / Bubble,false,true,true,Federation Route,2,1,2046/47,Rookie Year 2,89,89,88,89,88,83,,,,,89,1,73,81,75,71,72,84,65,16,27,7,4,3,57.14285714285714,0,,,,,,,87297,543,136,91,45,66.91176470588235,0,0,364508,"{""matches"":136,""wins"":91,""losses"":45,""draws"":0,""winPercentage"":66.91176470588235,""eventsEntered"":0,""titles"":0,""finals"":0,""prizeMoney"":364508,""points"":0}",,,,,,,,,,,,,,89,,false,false,true,,104,18,9,3,6,1,0,0,0,0,0,0,0,9,9,estimated from season exits versus eligible schedule | 9 eligible events not entered,Rookie Pro,normal,,,true,true,false,false,4,4,87297,,0,false,,mainTour,mainTour,,,true,true,
2045/46,wp-luca-mercer-f,Luca Mercer F,26,SCO,Established,Rookie Pro / Bubble,false,true,true,Federation Route,2,1,2046/47,Rookie Year 2,90,90,89,90,89,84,,,,,90,1,72,81,74,70,71,83,65,16,27,7,4,3,57.14285714285714,0,,,,,,,87008,541,129,85,44,65.89147286821705,0,0,363063,"{""matches"":129,""wins"":85,""losses"":44,""draws"":0,""winPercentage"":65.89147286821705,""eventsEntered"":0,""titles"":0,""finals"":0,""prizeMoney"":363063,""points"":0}",,,,,,,,,,,,,,90,,false,false,true,,104,18,9,3,6,1,0,0,0,0,0,0,0,9,9,estimated from season exits versus eligible schedule | 9 eligible events not entered,Rookie Pro,normal,,,true,true,false,false,4,4,87008,,0,false,,mainTour,mainTour,,,true,true,
2045/46,wp-luca-mercer-g,Luca Mercer G,26,SCO,Established,Rookie Pro / Bubble,false,true,true,Playoff Route,1,2,2047/48,At Risk,,90,90,90,90,85,,,,,,,74,96,76,72,70,78,64,55,28,20,11,9,55.00000000000001,0,,,,,,,0,514,88,52,36,59.09090909090909,0,0,456140,"{""matches"":88,""wins"":52,""losses"":36,""draws"":0,""winPercentage"":59.09090909090909,""eventsEntered"":0,""titles"":0,""finals"":0,""prizeMoney"":456140,""points"":0}",,,,,,,,,,,,,,84,,false,false,true,,104,18,9,3,6,1,0,0,0,0,0,0,0,9,9,estimated from season exits versus eligible schedule | 9 eligible events not entered,Rookie Pro,normal,,,true,true,false,false,0,4,89031,,0,false,random development failure,mainTour,mainTour,,,true,true,
2045/46,wp-luca-mercer-j,Luca Mercer J,23,SCO,Rookie,Rookie Pro / Bubble,false,true,true,Playoff Route,2,1,2046/47,Rookie Year 2,93,93,91,93,91,86,,,,,93,2,73,78,75,71,72,85,66,16,28,7,4,3,57.14285714285714,0,,,,,,,86141,535,81,55,26,67.90123456790124,1,0,222579,"{""matches"":81,""wins"":55,""losses"":26,""draws"":0,""winPercentage"":67.90123456790124,""eventsEntered"":0,""titles"":1,""finals"":0,""prizeMoney"":222579,""points"":0}",,,,,,,,,,,,,,92,,false,false,true,,104,18,9,3,6,1,0,0,0,0,0,0,0,9,9,estimated from season exits versus eligible schedule | 9 eligible events not entered,Rookie Pro,normal,,,true,true,false,false,4,4,86141,,1,false,,mainTour,mainTour,,,true,true,
2045/46,wp-luca-mercer-k,Luca Mercer K,19,THA,Rookie,Rookie Pro / Bubble,false,true,true,Q School,1,2,2047/48,At Risk,,92,92,92,92,87,,,,,,,69,75,71,66,63,71,72,75,18,27,20,7,74.07407407407408,0,,,,,,,0,809,57,42,15,73.68421052631578,0,0,0,"{""matches"":57,""wins"":42,""losses"":15,""draws"":0,""winPercentage"":73.68421052631578,""eventsEntered"":0,""titles"":0,""finals"":0,""prizeMoney"":0,""points"":0}",,,,,,,,,,,,,,,,false,false,true,,104,18,9,3,6,1,0,0,0,0,0,0,0,9,9,estimated from season exits versus eligible schedule | 9 eligible events not entered,Rookie Pro,normal,,,true,true,false,false,0,0,0,,0,false,,mainTour,mainTour,,,true,true,
2045/46,wp-luca-mercer-l,Luca Mercer L,19,THA,Rookie,Rookie Pro / Bubble,false,true,true,Federation Route,2,1,2046/47,Rookie Year 2,94,94,93,94,93,88,,,,,94,1,74,91,76,72,73,85,65,16,25,7,4,3,57.14285714285714,0,,,,,,,85852,534,30,20,10,66.66666666666666,0,0,85852,"{""matches"":30,""wins"":20,""losses"":10,""draws"":0,""winPercentage"":66.66666666666666,""eventsEntered"":0,""titles"":0,""finals"":0,""prizeMoney"":85852,""points"":0}",,,,,,,,,,,,,,94,,false,false,true,,104,18,9,3,6,1,0,0,0,0,0,0,0,9,9,estimated from season exits versus eligible schedule | 9 eligible events not entered,Rookie Pro,normal,,,true,true,false,false,4,4,85852,,0,false,,mainTour,mainTour,,,true,true,
2045/46,wp-luca-mercer-m,Luca Mercer M,19,THA,Rookie,Rookie Pro / Bubble,false,true,true,Federation Route,2,1,2046/47,Rookie Year 2,95,95,94,95,94,89,,,,,95,1,75,93,77,73,74,86,65,16,24,7,4,3,57.14285714285714,0,,,,,,,85563,532,22,15,7,68.18181818181817,0,0,85563,"{""matches"":22,""wins"":15,""losses"":7,""draws"":0,""winPercentage"":68.18181818181817,""eventsEntered"":0,""titles"":0,""finals"":0,""prizeMoney"":85563,""points"":0}",,,,,,,,,,,,,,95,,false,false,true,,104,18,9,3,6,1,0,0,0,0,0,0,0,9,9,estimated from season exits versus eligible schedule | 9 eligible events not entered,Rookie Pro,normal,,,true,true,false,false,4,4,85563,,0,false,,mainTour,mainTour,,,true,true,
2045/46,wp-mika-keane-a,Mika Keane A,33,WAL,Established,Rookie Pro / Bubble,false,true,true,Q School,2,1,2046/47,Rookie Year 2,97,97,95,97,95,90,,,,,97,2,70,97,72,68,68,80,59,16,28,7,3,4,42.857142857142854,0,,,,,,,66195,411,177,113,64,63.84180790960452,0,0,813132,"{""matches"":177,""wins"":113,""losses"":64,""draws"":0,""winPercentage"":63.84180790960452,""eventsEntered"":0,""titles"":0,""finals"":0,""prizeMoney"":813132,""points"":0}",,,,,,,,,,,,,,97,,false,false,true,,104,18,9,3,6,1,0,0,0,0,0,0,0,9,9,estimated from season exits versus eligible schedule | 9 eligible events not entered,Rookie Pro,normal,,,true,true,false,false,3,3,66195,,0,false,age decline,mainTour,mainTour,,,true,true,
2045/46,wp-mika-keane-b,Mika Keane B,31,IRL,Established,Rookie Pro / Bubble,false,true,true,Playoff Route,1,2,2047/48,At Risk,,96,96,96,96,91,,,,,,,71,91,73,69,66,75,67,58,27,21,13,8,61.904761904761905,0,,,,,,,0,558,173,107,66,61.849710982658955,0,0,565985,"{""matches"":173,""wins"":107,""losses"":66,""draws"":0,""winPercentage"":61.849710982658955,""eventsEntered"":0,""titles"":0,""finals"":0,""prizeMoney"":565985,""points"":0}",,,,,,,,,,,,,,93,,false,false,true,,104,18,9,3,6,1,0,0,0,0,0,0,0,9,9,estimated from season exits versus eligible schedule | 9 eligible events not entered,Rookie Pro,normal,,,true,true,false,false,0,0,0,,0,false,low match volume,mainTour,mainTour,,,true,true,
2045/46,wp-mika-keane-d,Mika Keane D,28,IRL,Established,Rookie Pro / Bubble,false,true,true,Playoff Route,2,1,2046/47,Rookie Year 2,99,99,97,99,97,92,,,,,99,2,70,75,72,67,69,80,59,16,25,7,3,4,42.857142857142854,0,,,,,,,65617,408,149,94,55,63.08724832214765,0,0,355547,"{""matches"":149,""wins"":94,""losses"":55,""draws"":0,""winPercentage"":63.08724832214765,""eventsEntered"":0,""titles"":0,""finals"":0,""prizeMoney"":355547,""points"":0}",,,,,,,,,,,,,,99,,false,false,true,,104,18,9,3,6,1,0,0,0,0,0,0,0,9,9,estimated from season exits versus eligible schedule | 9 eligible events not entered,Rookie Pro,normal,,,true,true,false,false,3,3,65617,,0,false,,mainTour,mainTour,,,true,true,
2045/46,wp-mika-keane-f,Mika Keane F,27,CHN,Established,Rookie Pro / Bubble,false,true,true,Playoff Route,1,2,2047/48,At Risk,,98,98,98,98,93,,,,,,,73,89,75,71,68,77,65,58,27,21,12,9,57.14285714285714,0,,,,,,,0,495,122,78,44,63.934426229508205,0,0,407290,"{""matches"":122,""wins"":78,""losses"":44,""draws"":0,""winPercentage"":63.934426229508205,""eventsEntered"":0,""titles"":0,""finals"":0,""prizeMoney"":407290,""points"":0}",,,,,,,,,,,,,,90,,false,false,true,,104,18,9,3,6,1,0,0,0,0,0,0,0,9,9,estimated from season exits versus eligible schedule | 9 eligible events not entered,Rookie Pro,normal,,,true,true,false,false,0,2,50008,,0,false,low match volume,mainTour,mainTour,,,true,true,
2045/46,wp-mika-keane-g,Mika Keane G,24,CHN,Rookie,Rookie Pro / Bubble,false,true,true,Q School,2,1,2046/47,Rookie Year 2,100,100,99,100,99,94,,,,,100,1,74,95,76,72,73,85,65,16,26,7,4,3,57.14285714285714,0,,,,,,,83828,521,86,57,29,66.27906976744185,0,0,386766,"{""matches"":86,""wins"":57,""losses"":29,""draws"":0,""winPercentage"":66.27906976744185,""eventsEntered"":0,""titles"":0,""finals"":0,""prizeMoney"":386766,""points"":0}",,,,,,,,,,,,,,96,,false,false,true,,104,18,9,3,6,1,0,0,0,0,0,0,0,9,9,estimated from season exits versus eligible schedule | 9 eligible events not entered,Rookie Pro,normal,,,true,true,false,false,4,4,83828,,0,false,random development failure,mainTour,mainTour,,,true,true,
2045/46,wp-mika-keane-h,Mika Keane H,24,CHN,Rookie,Rookie Pro / Bubble,false,true,true,Playoff Route,2,1,2046/47,Rookie Year 2,101,101,100,101,100,95,,,,,101,1,70,75,72,68,69,81,65,16,24,7,4,3,57.14285714285714,0,,,,,,,83539,519,100,68,32,68,0,0,233562,"{""matches"":100,""wins"":68,""losses"":32,""draws"":0,""winPercentage"":68,""eventsEntered"":0,""titles"":0,""finals"":0,""prizeMoney"":233562,""points"":0}",,,,,,,,,,,,,,101,,false,false,true,,104,18,9,3,6,1,0,0,0,0,0,0,0,9,9,estimated from season exits versus eligible schedule | 9 eligible events not entered,Rookie Pro,normal,,,true,true,false,false,4,4,83539,,0,false,,mainTour,mainTour,,,true,true,
2045/46,wp-mika-keane-j,Mika Keane J,21,CHN,Rookie,Rookie Pro / Bubble,false,true,true,Q School,1,2,2047/48,At Risk,,101,101,101,101,96,,,,,,,76,91,78,75,70,77,73,81,27,29,22,7,75.86206896551724,1,,,,,,,0,962,72,52,20,72.22222222222221,1,0,134993,"{""matches"":72,""wins"":52,""losses"":20,""draws"":0,""winPercentage"":72.22222222222221,""eventsEntered"":0,""titles"":1,""finals"":0,""prizeMoney"":134993,""points"":0}",,,,,,,,,,,,,,92,,false,false,true,,104,18,9,3,6,1,0,0,0,0,0,0,0,9,9,estimated from season exits versus eligible schedule | 9 eligible events not entered,Rookie Pro,normal,,,true,true,false,false,0,3,67930,,1,false,,mainTour,mainTour,,,true,true,
2045/46,wp-mika-keane-k,Mika Keane K,21,CHN,Rookie,Rookie Pro / Bubble,false,true,true,Q School,1,2,2047/48,At Risk,,102,102,102,102,97,,,,,,,72,86,74,70,66,73,71,81,25,29,21,8,72.41379310344827,0,,,,,,,0,781,64,43,21,67.1875,0,0,115914,"{""matches"":64,""wins"":43,""losses"":21,""draws"":0,""winPercentage"":67.1875,""eventsEntered"":0,""titles"":0,""finals"":0,""prizeMoney"":115914,""points"":0}",,,,,,,,,,,,,,93,,false,false,true,,104,18,9,3,6,1,0,0,0,0,0,0,0,9,9,estimated from season exits versus eligible schedule | 9 eligible events not entered,Rookie Pro,normal,,,true,true,false,false,0,2,49141,,0,false,,mainTour,mainTour,,,true,true,
2045/46,wp-mika-keane-l,Mika Keane L,19,WAL,Rookie,Rookie Pro / Bubble,false,true,true,Federation Route,2,1,2046/47,Rookie Year 2,103,103,103,103,103,98,,,,,103,0,73,91,75,70,72,84,65,16,23,7,4,3,57.14285714285714,0,,,,,,,82961,516,31,21,10,67.74193548387096,0,0,82961,"{""matches"":31,""wins"":21,""losses"":10,""draws"":0,""winPercentage"":67.74193548387096,""eventsEntered"":0,""titles"":0,""finals"":0,""prizeMoney"":82961,""points"":0}",,,,,,,,,,,,,,103,,false,false,true,,104,18,9,3,6,1,0,0,0,0,0,0,0,9,9,estimated from season exits versus eligible schedule | 9 eligible events not entered,Rookie Pro,normal,,,true,true,false,false,4,4,82961,,0,false,,mainTour,mainTour,,,true,true,
2045/46,wp-mika-keane-m,Mika Keane M,19,WAL,Rookie,Rookie Pro / Bubble,false,true,true,Federation Route,2,1,2046/47,Rookie Year 2,104,104,104,104,104,99,,,,,104,0,73,91,75,70,72,84,65,16,23,7,4,3,57.14285714285714,0,,,,,,,82672,514,22,15,7,68.18181818181817,0,0,82672,"{""matches"":22,""wins"":15,""losses"":7,""draws"":0,""winPercentage"":68.18181818181817,""eventsEntered"":0,""titles"":0,""finals"":0,""prizeMoney"":82672,""points"":0}",,,,,,,,,,,,,,104,,false,false,true,,104,18,9,3,6,1,0,0,0,0,0,0,0,9,9,estimated from season exits versus eligible schedule | 9 eligible events not entered,Rookie Pro,normal,,,true,true,false,false,4,4,82672,,0,false,,mainTour,mainTour,,,true,true,
2045/46,wp-noah-bennett-d,Noah Bennett D,30,AUS,Established,Rookie Pro / Bubble,false,true,true,Playoff Route,2,1,2046/47,Rookie Year 2,106,106,105,106,105,101,,,,,106,1,69,97,71,67,68,80,62,13,26,6,3,3,50,0,,,,,,,63305,394,122,70,52,57.377049180327866,0,0,589978,"{""matches"":122,""wins"":70,""losses"":52,""draws"":0,""winPercentage"":57.377049180327866,""eventsEntered"":0,""titles"":0,""finals"":0,""prizeMoney"":589978,""points"":0}",,,,,,,,,,,,,,104,,false,false,true,,104,18,9,3,6,1,0,0,0,0,0,0,0,9,9,estimated from season exits versus eligible schedule | 9 eligible events not entered,Rookie Pro,normal,,,true,true,false,false,3,3,63305,,0,false,random development failure,mainTour,mainTour,,,true,true,
2045/46,wp-noah-bennett-e,Noah Bennett E,27,AUS,Established,Rookie Pro / Bubble,false,true,true,Playoff Route,1,2,2047/48,At Risk,,106,106,106,106,102,,,,,,,73,94,75,71,68,77,67,61,28,22,13,9,59.09090909090909,0,,,,,,,0,561,138,90,48,65.21739130434783,1,0,410469,"{""matches"":138,""wins"":90,""losses"":48,""draws"":0,""winPercentage"":65.21739130434783,""eventsEntered"":0,""titles"":1,""finals"":0,""prizeMoney"":410469,""points"":0}",,,,,,,,,,,,,,99,,false,false,true,,104,18,9,3,6,1,0,0,0,0,0,0,0,9,9,estimated from season exits versus eligible schedule | 9 eligible events not entered,Rookie Pro,normal,,,true,true,false,false,0,2,46828,,0,false,low match volume,mainTour,mainTour,,,true,true,
2045/46,wp-noah-bennett-f,Noah Bennett F,27,AUS,Established,Rookie Pro / Bubble,false,true,true,Playoff Route,1,2,2047/48,At Risk,,107,107,107,107,103,,,,,,,72,91,74,70,67,76,67,61,27,22,13,9,59.09090909090909,0,,,,,,,0,553,129,82,47,63.565891472868216,1,0,408734,"{""matches"":129,""wins"":82,""losses"":47,""draws"":0,""winPercentage"":63.565891472868216,""eventsEntered"":0,""titles"":1,""finals"":0,""prizeMoney"":408734,""points"":0}",,,,,,,,,,,,,,100,,false,false,true,,104,18,9,3,6,1,0,0,0,0,0,0,0,9,9,estimated from season exits versus eligible schedule | 9 eligible events not entered,Rookie Pro,normal,,,true,true,false,false,0,2,46539,,0,false,low match volume,mainTour,mainTour,,,true,true,
2045/46,wp-noah-bennett-g,Noah Bennett G,27,AUS,Established,Rookie Pro / Bubble,false,true,true,Playoff Route,2,1,2046/47,Rookie Year 2,107,107,108,107,108,104,,,,,107,-1,69,78,71,67,68,81,63,13,25,6,3,3,50,0,,,,,,,63016,392,131,83,48,63.358778625954194,1,0,303516,"{""matches"":131,""wins"":83,""losses"":48,""draws"":0,""winPercentage"":63.358778625954194,""eventsEntered"":0,""titles"":1,""finals"":0,""prizeMoney"":303516,""points"":0}",,,,,,,,,,,,,,107,,false,false,true,,104,18,9,3,6,1,0,0,0,0,0,0,0,9,9,estimated from season exits versus eligible schedule | 9 eligible events not entered,Rookie Pro,normal,,,true,true,false,true,3,3,63016,,0,true,,mainTour,mainTour,,,true,true,
2045/46,wp-noah-bennett-h,Noah Bennett H,24,IRL,Rookie,Rookie Pro / Bubble,false,true,true,Q School,2,1,2046/47,Rookie Year 2,108,108,109,108,109,105,,,,,108,-1,69,91,71,66,68,80,62,13,24,6,3,3,50,0,,,,,,,62727,390,66,40,26,60.60606060606061,0,0,317103,"{""matches"":66,""wins"":40,""losses"":26,""draws"":0,""winPercentage"":60.60606060606061,""eventsEntered"":0,""titles"":0,""finals"":0,""prizeMoney"":317103,""points"":0}",,,,,,,,,,,,,,107,,false,false,true,,104,18,9,3,6,1,0,0,0,0,0,0,0,9,9,estimated from season exits versus eligible schedule | 9 eligible events not entered,Rookie Pro,normal,,,true,true,false,true,3,3,62727,,0,true,random development failure,mainTour,mainTour,,,true,true,
2045/46,wp-noah-bennett-i,Noah Bennett I,21,IRL,Rookie,Rookie Pro / Bubble,false,true,true,Q School,1,2,2047/48,At Risk,,110,110,110,110,106,,,,,,,71,88,73,69,65,72,71,81,23,29,21,8,72.41379310344827,0,,,,,,,0,828,72,49,23,68.05555555555556,0,0,109555,"{""matches"":72,""wins"":49,""losses"":23,""draws"":0,""winPercentage"":68.05555555555556,""eventsEntered"":0,""titles"":0,""finals"":0,""prizeMoney"":109555,""points"":0}",,,,,,,,,,,,,,101,,false,false,true,,104,18,9,3,6,1,0,0,0,0,0,0,0,9,9,estimated from season exits versus eligible schedule | 9 eligible events not entered,Rookie Pro,normal,,,true,true,false,false,0,2,46250,,0,false,,mainTour,mainTour,,,true,true,
2045/46,wp-noah-bennett-k,Noah Bennett K,19,AUS,Rookie,Rookie Pro / Bubble,false,true,true,Q School,1,2,2047/48,At Risk,,111,111,111,111,107,,,,,,,68,75,70,65,62,69,72,81,18,29,22,7,75.86206896551724,0,,,,,,,0,863,53,39,14,73.58490566037736,0,0,0,"{""matches"":53,""wins"":39,""losses"":14,""draws"":0,""winPercentage"":73.58490566037736,""eventsEntered"":0,""titles"":0,""finals"":0,""prizeMoney"":0,""points"":0}",,,,,,,,,,,,,,,,false,false,true,,104,18,9,3,6,1,0,0,0,0,0,0,0,9,9,estimated from season exits versus eligible schedule | 9 eligible events not entered,Rookie Pro,normal,,,true,true,false,false,0,0,0,,0,false,,mainTour,mainTour,,,true,true,
2045/46,wp-noah-bennett-l,Noah Bennett L,19,AUS,Rookie,Rookie Pro / Bubble,false,true,true,Federation Route,2,1,2046/47,Rookie Year 2,110,110,112,110,112,108,,,,,110,-2,70,89,72,67,69,81,62,13,22,6,3,3,50,0,,,,,,,62148,386,22,14,8,63.63636363636363,0,0,62148,"{""matches"":22,""wins"":14,""losses"":8,""draws"":0,""winPercentage"":63.63636363636363,""eventsEntered"":0,""titles"":0,""finals"":0,""prizeMoney"":62148,""points"":0}",,,,,,,,,,,,,,110,,false,false,true,,104,18,9,3,6,1,0,0,0,0,0,0,0,9,9,estimated from season exits versus eligible schedule | 9 eligible events not entered,Rookie Pro,normal,,,true,true,false,true,3,3,62148,,0,true,,mainTour,mainTour,,,true,true,
2045/46,wp-reuben-otero,Reuben Otero,36,NOR,Established,Rookie Pro / Bubble,false,true,true,Federation Route,2,1,2046/47,Rookie Year 2,111,111,113,111,113,109,,,,,111,-2,67,67,69,64,64,78,58,12,23,5,2,3,40,0,,,,,,,43359,270,221,134,87,60.633484162895925,0,0,407289,"{""matches"":221,""wins"":134,""losses"":87,""draws"":0,""winPercentage"":60.633484162895925,""eventsEntered"":0,""titles"":0,""finals"":0,""prizeMoney"":407289,""points"":0}",,,,,,,,,,,,,,111,,false,false,true,,104,18,9,3,6,1,0,0,0,0,0,0,0,9,9,estimated from season exits versus eligible schedule | 9 eligible events not entered,Rookie Pro,normal,,,true,true,false,true,2,2,43359,,0,true,,mainTour,mainTour,,,true,true,
2045/46,wp-rory-vale-b,Rory Vale B,33,ENG,Established,Rookie Pro / Bubble,false,true,true,Federation Route,2,1,2046/47,Rookie Year 2,113,113,114,113,114,110,,,,,113,-1,67,73,69,64,65,78,59,10,25,5,2,3,40,0,,,,,,,42781,266,190,115,75,60.526315789473685,1,0,362485,"{""matches"":190,""wins"":115,""losses"":75,""draws"":0,""winPercentage"":60.526315789473685,""eventsEntered"":0,""titles"":1,""finals"":0,""prizeMoney"":362485,""points"":0}",,,,,,,,,,,,,,113,,false,false,true,,104,18,9,3,6,1,0,0,0,0,0,0,0,9,9,estimated from season exits versus eligible schedule | 9 eligible events not entered,Rookie Pro,normal,,,true,true,false,true,2,2,42781,,0,true,,mainTour,mainTour,,,true,true,
2045/46,wp-rory-vale-f,Rory Vale F,27,THA,Established,Rookie Pro / Bubble,false,true,true,Federation Route,1,2,2047/48,At Risk,,115,115,115,115,111,,,,,,,68,87,70,65,63,72,65,58,23,21,12,9,57.14285714285714,0,,,,,,,0,522,118,71,47,60.16949152542372,0,0,333289,"{""matches"":118,""wins"":71,""losses"":47,""draws"":0,""winPercentage"":60.16949152542372,""eventsEntered"":0,""titles"":0,""finals"":0,""prizeMoney"":333289,""points"":0}",,,,,,,,,,,,,,109,,false,false,true,,104,18,9,3,6,1,0,0,0,0,0,0,0,9,9,estimated from season exits versus eligible schedule | 9 eligible events not entered,Rookie Pro,normal,,,true,true,false,false,0,2,43938,,0,false,low match volume,mainTour,mainTour,,,true,true,
2045/46,wp-rory-vale-g,Rory Vale G,24,THA,Rookie,Rookie Pro / Bubble,false,true,true,Playoff Route,1,2,2047/48,At Risk,,116,116,116,116,112,,,,,,,69,89,71,67,64,74,71,57,22,21,15,6,71.42857142857143,0,,,,,,,0,634,104,69,35,66.34615384615384,0,0,207546,"{""matches"":104,""wins"":69,""losses"":35,""draws"":0,""winPercentage"":66.34615384615384,""eventsEntered"":0,""titles"":0,""finals"":0,""prizeMoney"":207546,""points"":0}",,,,,,,,,,,,,,110,,false,false,true,,104,18,9,3,6,1,0,0,0,0,0,0,0,9,9,estimated from season exits versus eligible schedule | 9 eligible events not entered,Rookie Pro,normal,,,true,true,false,false,0,3,62148,,0,false,random development failure,mainTour,mainTour,,,true,true,
2045/46,wp-rory-vale-h,Rory Vale H,24,THA,Rookie,Rookie Pro / Bubble,false,true,true,Playoff Route,2,1,2046/47,Rookie Year 2,116,116,117,116,117,113,,,,,116,-1,67,70,69,63,66,78,58,10,21,5,2,3,40,0,,,,,,,41914,261,90,60,30,66.66666666666666,0,0,143664,"{""matches"":90,""wins"":60,""losses"":30,""draws"":0,""winPercentage"":66.66666666666666,""eventsEntered"":0,""titles"":0,""finals"":0,""prizeMoney"":143664,""points"":0}",,,,,,,,,,,,,,116,,false,false,true,,104,18,9,3,6,1,0,0,0,0,0,0,0,9,9,estimated from season exits versus eligible schedule | 9 eligible events not entered,Rookie Pro,normal,,,true,true,false,true,2,2,41914,,0,true,,mainTour,mainTour,,,true,true,
2045/46,wp-rory-vale-i,Rory Vale I,24,THA,Rookie,Rookie Pro / Bubble,false,true,true,Playoff Route,1,2,2047/48,At Risk,,118,118,118,118,114,,,,,,,68,87,70,66,63,73,69,57,22,21,14,7,66.66666666666666,0,,,,,,,0,589,86,54,32,62.7906976744186,0,0,206101,"{""matches"":86,""wins"":54,""losses"":32,""draws"":0,""winPercentage"":62.7906976744186,""eventsEntered"":0,""titles"":0,""finals"":0,""prizeMoney"":206101,""points"":0}",,,,,,,,,,,,,,111,,false,false,true,,104,18,9,3,6,1,0,0,0,0,0,0,0,9,9,estimated from season exits versus eligible schedule | 9 eligible events not entered,Rookie Pro,normal,,,true,true,false,false,0,3,61859,,0,false,random development failure,mainTour,mainTour,,,true,true,
2045/46,wp-rory-vale-j,Rory Vale J,21,THA,Rookie,Rookie Pro / Bubble,false,true,true,Federation Route,2,1,2046/47,Rookie Year 2,117,117,119,117,119,115,,,,,117,-2,72,98,74,69,71,83,58,10,22,5,2,3,40,0,,,,,,,41625,259,47,31,16,65.95744680851064,0,0,144820,"{""matches"":47,""wins"":31,""losses"":16,""draws"":0,""winPercentage"":65.95744680851064,""eventsEntered"":0,""titles"":0,""finals"":0,""prizeMoney"":144820,""points"":0}",,,,,,,,,,,,,,112,,false,false,true,,104,18,9,3,6,1,0,0,0,0,0,0,0,9,9,estimated from season exits versus eligible schedule | 9 eligible events not entered,Rookie Pro,normal,,,true,true,false,true,2,5,103195,,0,true,,mainTour,mainTour,,,true,true,
2045/46,wp-rory-vale-l,Rory Vale L,21,THA,Rookie,Rookie Pro / Bubble,false,true,true,Q School,1,2,2047/48,At Risk,,120,120,120,120,116,,,,,,,72,94,74,70,66,74,74,81,21,29,23,6,79.3103448275862,0,,,,,,,0,906,56,40,16,71.42857142857143,0,0,102328,"{""matches"":56,""wins"":40,""losses"":16,""draws"":0,""winPercentage"":71.42857142857143,""eventsEntered"":0,""titles"":0,""finals"":0,""prizeMoney"":102328,""points"":0}",,,,,,,,,,,,,,114,,false,false,true,,104,18,9,3,6,1,0,0,0,0,0,0,0,9,9,estimated from season exits versus eligible schedule | 9 eligible events not entered,Rookie Pro,normal,,,true,true,false,false,0,3,60992,,0,false,,mainTour,mainTour,,,true,true,
2045/46,wp-rory-vale-m,Rory Vale M,19,ENG,Rookie,Rookie Pro / Bubble,false,true,true,Federation Route,2,1,2046/47,Rookie Year 2,119,119,121,119,121,117,,,,,119,-2,68,86,70,64,67,79,58,10,20,5,2,3,40,0,,,,,,,41047,255,21,14,7,66.66666666666666,0,0,41047,"{""matches"":21,""wins"":14,""losses"":7,""draws"":0,""winPercentage"":66.66666666666666,""eventsEntered"":0,""titles"":0,""finals"":0,""prizeMoney"":41047,""points"":0}",,,,,,,,,,,,,,119,,false,false,true,,104,18,9,3,6,1,0,0,0,0,0,0,0,9,9,estimated from season exits versus eligible schedule | 9 eligible events not entered,Rookie Pro,normal,,,true,true,false,true,2,2,41047,,0,true,,mainTour,mainTour,,,true,true,
2045/46,wp-tariq-urban,Tariq Urban,41,BRA,Veteran,Rookie Pro / Bubble,false,true,true,Playoff Route,2,1,2046/47,Rookie Year 2,120,120,122,120,122,119,,,,,120,-2,65,65,66,61,60,74,55,20,20,5,2,3,40,0,,,,,,,40469,252,113,72,41,63.716814159292035,0,0,146265,"{""matches"":113,""wins"":72,""losses"":41,""draws"":0,""winPercentage"":63.716814159292035,""eventsEntered"":0,""titles"":0,""finals"":0,""prizeMoney"":146265,""points"":0}",,,,,,,,,,,,,,120,,false,false,true,,104,18,9,3,6,1,0,0,0,0,0,0,0,9,9,estimated from season exits versus eligible schedule | 9 eligible events not entered,Rookie Pro,normal,,,true,true,false,true,2,2,40469,,0,true,,mainTour,mainTour,,,true,true,
2045/46,wp-toby-hale-a,Toby Hale A,32,SCO,Established,Rookie Pro / Bubble,false,true,true,Q School,2,1,2046/47,Rookie Year 2,122,122,123,122,123,121,,,,,122,-1,65,84,67,61,63,75,55,14,21,6,2,4,33.33333333333333,0,,,,,,,39602,246,197,123,74,62.43654822335025,0,0,327219,"{""matches"":197,""wins"":123,""losses"":74,""draws"":0,""winPercentage"":62.43654822335025,""eventsEntered"":0,""titles"":0,""finals"":0,""prizeMoney"":327219,""points"":0}",,,,,,,,,,,,,,120,,false,false,true,,104,18,9,3,6,1,0,0,0,0,0,0,0,9,9,estimated from season exits versus eligible schedule | 9 eligible events not entered,Rookie Pro,normal,,,true,true,false,true,2,2,39602,,0,true,,mainTour,mainTour,,,true,true,
2045/46,wp-toby-hale-e,Toby Hale E,26,ENG,Established,Rookie Pro / Bubble,false,true,true,Playoff Route,2,1,2046/47,Rookie Year 2,125,125,124,125,124,122,,,,,125,1,66,83,68,62,65,76,55,14,21,6,2,4,33.33333333333333,0,,,,,,,38734,241,136,90,46,66.17647058823529,0,0,235587,"{""matches"":136,""wins"":90,""losses"":46,""draws"":0,""winPercentage"":66.17647058823529,""eventsEntered"":0,""titles"":0,""finals"":0,""prizeMoney"":235587,""points"":0}",,,,,,,,,,,,,,121,,false,false,true,,104,18,9,3,6,1,0,0,0,0,0,0,0,9,9,estimated from season exits versus eligible schedule | 9 eligible events not entered,Rookie Pro,normal,,,true,true,false,false,2,2,38734,,0,false,,mainTour,mainTour,,,true,true,
2045/46,wp-toby-hale-i,Toby Hale I,21,SCO,Rookie,Rookie Pro / Bubble,false,true,true,Playoff Route,1,2,2047/48,At Risk,,125,125,125,125,123,,,,,,,66,83,68,64,60,68,71,78,20,28,20,8,71.42857142857143,0,,,,,,,0,781,70,47,23,67.14285714285714,0,0,97415,"{""matches"":70,""wins"":47,""losses"":23,""draws"":0,""winPercentage"":67.14285714285714,""eventsEntered"":0,""titles"":0,""finals"":0,""prizeMoney"":97415,""points"":0}",,,,,,,,,,,,,,122,,false,false,true,,104,18,9,3,6,1,0,0,0,0,0,0,0,9,9,estimated from season exits versus eligible schedule | 9 eligible events not entered,Rookie Pro,normal,,,true,true,false,false,0,2,39602,,0,false,,mainTour,mainTour,,,true,true,
2045/46,wp-toby-hale-j,Toby Hale J,21,SCO,Rookie,Rookie Pro / Bubble,false,true,true,Q School,1,2,2047/48,At Risk,,126,126,126,126,124,,,,,,,69,93,71,67,63,71,72,78,19,28,21,7,75,0,,,,,,,0,854,62,42,20,67.74193548387096,0,0,96836,"{""matches"":62,""wins"":42,""losses"":20,""draws"":0,""winPercentage"":67.74193548387096,""eventsEntered"":0,""titles"":0,""finals"":0,""prizeMoney"":96836,""points"":0}",,,,,,,,,,,,,,123,,false,false,true,,104,18,9,3,6,1,0,0,0,0,0,0,0,9,9,estimated from season exits versus eligible schedule | 9 eligible events not entered,Rookie Pro,normal,,,true,true,false,false,0,2,39313,,0,false,,mainTour,mainTour,,,true,true,
2045/46,wp-toby-hale-k,Toby Hale K,21,SCO,Rookie,Rookie Pro / Bubble,false,true,true,Q School,1,2,2047/48,At Risk,,127,127,127,127,125,,,,,,,65,84,67,62,59,67,71,78,19,28,20,8,71.42857142857143,0,,,,,,,0,785,54,35,19,64.81481481481481,0,0,96257,"{""matches"":54,""wins"":35,""losses"":19,""draws"":0,""winPercentage"":64.81481481481481,""eventsEntered"":0,""titles"":0,""finals"":0,""prizeMoney"":96257,""points"":0}",,,,,,,,,,,,,,124,,false,false,true,,104,18,9,3,6,1,0,0,0,0,0,0,0,9,9,estimated from season exits versus eligible schedule | 9 eligible events not entered,Rookie Pro,normal,,,true,true,false,false,0,2,39023,,0,false,,mainTour,mainTour,,,true,true,
2045/46,wp-toby-hale-l,Toby Hale L,19,BEL,Rookie,Rookie Pro / Bubble,false,true,true,Q School,1,2,2047/48,At Risk,,128,128,128,128,126,,,,,,,65,71,67,62,59,67,72,78,18,28,21,7,75,0,,,,,,,0,830,43,30,13,69.76744186046511,0,0,0,"{""matches"":43,""wins"":30,""losses"":13,""draws"":0,""winPercentage"":69.76744186046511,""eventsEntered"":0,""titles"":0,""finals"":0,""prizeMoney"":0,""points"":0}",,,,,,,,,,,,,,,,false,false,true,,104,18,9,3,6,1,0,0,0,0,0,0,0,9,9,estimated from season exits versus eligible schedule | 9 eligible events not entered,Rookie Pro,normal,,,true,true,false,false,0,0,0,,0,false,,mainTour,mainTour,,,true,true,
2045/46,wp-adrian-ashford,Adrian Ashford,48,IND,Veteran,Amateur,false,false,false,,0,0,,Amateur,,,,,,,,,,,,,66,66,65,62,59,77,61,15,18,0,0,0,,0,,,,,,,0,0,18,13,5,72.22222222222221,0,0,0,"{""matches"":18,""wins"":13,""losses"":5,""draws"":0,""winPercentage"":72.22222222222221,""eventsEntered"":0,""titles"":0,""finals"":0,""prizeMoney"":0,""points"":0}",,,,,,,,,,,,,,,,false,false,false,,104,44,15,0,0,0,0,0,10,5,0,0,0,29,11,estimated from season exits versus eligible schedule | 29 eligible events not entered,Amateur,normal,,,false,false,false,false,0,0,0,,0,false,,amateur,amateur,,,true,true,
2045/46,wp-adrian-harrington,Adrian Harrington,51,SWE,Veteran,Amateur,false,false,false,,0,0,,Amateur,,,,,,,,,,,,,78,83,77,80,69,87,57,19,58,0,0,0,,0,,,,,,,0,0,215,150,65,69.76744186046511,0,0,3765760,"{""matches"":215,""wins"":150,""losses"":65,""draws"":0,""winPercentage"":69.76744186046511,""eventsEntered"":0,""titles"":0,""finals"":0,""prizeMoney"":3765760,""points"":0}",,,,,,,,,,,,,,20,,false,false,false,,104,44,15,0,0,0,0,0,10,5,0,0,0,29,11,estimated from season exits versus eligible schedule | 29 eligible events not entered,Amateur,normal,,,false,false,false,false,0,0,0,,0,false,,senior,amateur,,,true,true,
2045/46,wp-adrian-nakamura,Adrian Nakamura,47,THA,Veteran,Amateur,false,false,false,,0,0,,Amateur,,,,,,,,,,,,,79,82,78,78,72,93,73,12,30,0,0,0,,0,,,,,,,0,0,12,12,0,100,0,0,379406,"{""matches"":12,""wins"":12,""losses"":0,""draws"":0,""winPercentage"":100,""eventsEntered"":0,""titles"":0,""finals"":0,""prizeMoney"":379406,""points"":0}",,,,,,,,,,,,,,73,,false,false,false,,104,44,15,0,0,0,0,0,10,5,0,0,0,29,11,estimated from season exits versus eligible schedule | 29 eligible events not entered,Amateur,normal,,,false,false,false,false,0,0,0,,0,false,,amateur,amateur,,,true,true,
2045/46,wp-adrian-verma,Adrian Verma,50,ENG,Veteran,Amateur,false,false,false,,0,0,,Amateur,,,,,,,,,,,,,78,84,77,80,70,88,58,18,57,0,0,0,,0,,,,,,,0,0,228,157,71,68.85964912280701,0,0,3410651,"{""matches"":228,""wins"":157,""losses"":71,""draws"":0,""winPercentage"":68.85964912280701,""eventsEntered"":0,""titles"":0,""finals"":0,""prizeMoney"":3410651,""points"":0}",,,,,,,,,,,,,,18,,false,false,false,,104,44,15,0,0,0,0,0,10,5,0,0,0,29,11,estimated from season exits versus eligible schedule | 29 eligible events not entered,Amateur,normal,,,false,false,false,false,0,7,165922,,0,false,,senior,amateur,,,true,true,
2045/46,wp-adrian-vos,Adrian Vos,68,WAL,Veteran,Senior Tour / Legend Circuit,false,false,false,,0,0,,Amateur,,,,,,,,,,14,,,70,70,65,64,53,65,17,51,29,1,0,1,0,0,,,,,,,0,13,80,58,22,72.5,5,0,122844,"{""matches"":80,""wins"":58,""losses"":22,""draws"":0,""winPercentage"":72.5,""eventsEntered"":0,""titles"":5,""finals"":0,""prizeMoney"":122844,""points"":0}",,,,,,,,,,,,,,125,,false,false,false,,104,14,11,0,0,0,0,0,0,0,0,0,11,3,0,estimated from season exits versus eligible schedule | 3 eligible events not entered,Senior/Legend,normal,,,false,false,false,false,0,0,0,,0,false,,amateur,senior,,,true,true,
2045/46,wp-adrian-whitaker,Adrian Whitaker,48,NIR,Veteran,Amateur,false,false,false,,0,0,,Amateur,,,,,,,,,,,,,63,63,62,59,56,72,55,15,18,0,0,0,,0,,,,,,,0,0,57,33,24,57.89473684210527,0,0,0,"{""matches"":57,""wins"":33,""losses"":24,""draws"":0,""winPercentage"":57.89473684210527,""eventsEntered"":0,""titles"":0,""finals"":0,""prizeMoney"":0,""points"":0}",,,,,,,,,,,,,,,,false,false,false,,104,44,15,0,0,0,0,0,10,5,0,0,0,29,11,estimated from season exits versus eligible schedule | 29 eligible events not entered,Amateur,normal,,,false,false,false,false,0,0,0,,0,false,,amateur,amateur,,,true,true,
2045/46,wp-adrian-yates,Adrian Yates,45,POL,Veteran,Amateur,false,false,false,,0,0,,Amateur,,,,,,,,,,,,,72,72,72,70,66,87,75,9,18,0,0,0,,0,,,,,,,0,0,14,14,0,100,0,0,0,"{""matches"":14,""wins"":14,""losses"":0,""draws"":0,""winPercentage"":100,""eventsEntered"":0,""titles"":0,""finals"":0,""prizeMoney"":0,""points"":0}",,,,,,,,,,,,,,,,false,false,false,,104,44,15,0,0,0,0,0,10,5,0,0,0,29,11,estimated from season exits versus eligible schedule | 29 eligible events not entered,Amateur,normal,,,false,false,false,false,0,0,0,,0,false,,amateur,amateur,,,true,true,
2045/46,wp-arlo-dawes-m,Arlo Dawes M,17,BEL,Youth,Amateur,false,false,false,,0,0,,Amateur,,,,,,,,,,,,,66,78,68,64,64,78,73,21,18,9,7,2,77.77777777777779,0,,,,,,,0,158,26,19,7,73.07692307692307,0,0,0,"{""matches"":26,""wins"":19,""losses"":7,""draws"":0,""winPercentage"":73.07692307692307,""eventsEntered"":0,""titles"":0,""finals"":0,""prizeMoney"":0,""points"":0}",,,,,,,,,,,,,,,,false,false,false,,104,61,10,0,0,0,0,0,5,5,0,0,0,51,16,estimated from season exits versus eligible schedule | 51 eligible events not entered,Youth,normal,,,false,false,false,false,0,0,0,,0,false,,youth,youth,,,true,true,
2045/46,wp-arlo-dawes-n,Arlo Dawes N,17,BEL,Youth,Amateur,false,false,false,,0,0,,Amateur,,,,,,,,,,,,,67,86,69,65,65,79,73,21,18,9,7,2,77.77777777777779,0,,,,,,,0,158,17,12,5,70.58823529411765,0,0,0,"{""matches"":17,""wins"":12,""losses"":5,""draws"":0,""winPercentage"":70.58823529411765,""eventsEntered"":0,""titles"":0,""finals"":0,""prizeMoney"":0,""points"":0}",,,,,,,,,,,,,,,,false,false,false,,104,61,10,0,0,0,0,0,5,5,0,0,0,51,16,estimated from season exits versus eligible schedule | 51 eligible events not entered,Youth,normal,,,false,false,false,false,0,0,0,,0,false,,youth,youth,,,true,true,
2045/46,wp-arlo-dawes-o,Arlo Dawes O,15,THA,Youth,Amateur,false,false,false,,0,0,,Amateur,,,,,,,,,,,,,53,91,55,47,53,62,42,0,18,,,,,,,,,,,,,,0,0,0,0,0,0,0,"{""matches"":0,""wins"":0,""losses"":0,""draws"":0,""winPercentage"":0,""eventsEntered"":0,""titles"":0,""finals"":0,""prizeMoney"":0,""points"":0}",,,,,,,,,,,,,,,,,false,false,,104,61,10,0,0,0,0,0,5,5,0,0,0,51,16,estimated from season exits versus eligible schedule | 51 eligible events not entered,Youth,normal,,,false,false,false,false,0,0,0,,0,false,,youth,youth,,,true,true,
2045/46,wp-bailey-ashford,Bailey Ashford,67,JPN,Veteran,Amateur,false,false,false,,0,0,,Amateur,,,,,,,,,,,,,79,84,74,77,63,81,45,44,40,0,0,0,,0,,,,,,,0,0,25,20,5,80,0,0,788848,"{""matches"":25,""wins"":20,""losses"":5,""draws"":0,""winPercentage"":80,""eventsEntered"":0,""titles"":0,""finals"":0,""prizeMoney"":788848,""points"":0}",,,,,,,,,,,,,,29,,false,false,false,,104,44,15,0,0,0,0,0,10,5,0,0,0,29,11,estimated from season exits versus eligible schedule | 29 eligible events not entered,Amateur,normal,,,false,false,false,false,0,0,0,,0,false,,senior,amateur,,,true,true,
2045/46,wp-bailey-easton,Bailey Easton,40,THA,Veteran,Q School,false,false,false,,0,0,,Amateur,,,,,,,,,30,,,,62,62,63,59,53,63,63,71,18,23,13,10,56.52173913043478,0,,,,,,,0,540,84,46,38,54.761904761904766,0,0,0,"{""matches"":84,""wins"":46,""losses"":38,""draws"":0,""winPercentage"":54.761904761904766,""eventsEntered"":0,""titles"":0,""finals"":0,""prizeMoney"":0,""points"":0}",,,,,,,,,,,,,,,,false,false,false,,104,44,10,0,0,0,0,0,5,5,0,0,0,34,16,estimated from season exits versus eligible schedule | 34 eligible events not entered,Q School,too high,,,false,false,false,false,0,0,0,,0,false,,amateur,qSchool,,,true,true,
2045/46,wp-bailey-fletcher,Bailey Fletcher,47,POL,Veteran,Amateur,false,false,false,,0,0,,Amateur,,,,,,,,,,,,,79,82,78,78,72,93,73,12,31,0,0,0,,0,,,,,,,0,0,12,12,0,100,0,0,404884,"{""matches"":12,""wins"":12,""losses"":0,""draws"":0,""winPercentage"":100,""eventsEntered"":0,""titles"":0,""finals"":0,""prizeMoney"":404884,""points"":0}",,,,,,,,,,,,,,69,,false,false,false,,104,44,15,0,0,0,0,0,10,5,0,0,0,29,11,estimated from season exits versus eligible schedule | 29 eligible events not entered,Amateur,normal,,,false,false,false,false,0,0,0,,0,false,,amateur,amateur,,,true,true,
2045/46,wp-bailey-harrington,Bailey Harrington,48,ENG,Veteran,Amateur,false,false,false,,0,0,,Amateur,,,,,,,,,,,,,72,72,71,69,65,85,72,14,18,0,0,0,,0,,,,,,,0,0,12,12,0,100,0,0,0,"{""matches"":12,""wins"":12,""losses"":0,""draws"":0,""winPercentage"":100,""eventsEntered"":0,""titles"":0,""finals"":0,""prizeMoney"":0,""points"":0}",,,,,,,,,,,,,,,,false,false,false,,104,44,15,0,0,0,0,0,10,5,0,0,0,29,11,estimated from season exits versus eligible schedule | 29 eligible events not entered,Amateur,normal,,,false,false,false,false,0,0,0,,0,false,,amateur,amateur,,,true,true,
2045/46,wp-bailey-nakamura,Bailey Nakamura,40,ESP,Veteran,Amateur,false,false,false,,0,0,,Amateur,,,,,,,,,,,,,73,76,74,73,65,76,60,54,40,17,8,9,47.05882352941176,0,,,,,,,0,351,155,100,55,64.51612903225806,1,0,1489829,"{""matches"":155,""wins"":100,""losses"":55,""draws"":0,""winPercentage"":64.51612903225806,""eventsEntered"":0,""titles"":1,""finals"":0,""prizeMoney"":1489829,""points"":0}",,,,,,,,,,,,,,61,,false,false,false,,104,44,15,0,0,0,0,0,10,5,0,0,0,29,11,estimated from season exits versus eligible schedule | 29 eligible events not entered,Amateur,normal,,,false,false,false,false,0,0,0,,0,false,,senior,amateur,,,true,true,
2045/46,wp-bailey-olsen,Bailey Olsen,66,ENG,Veteran,Senior Tour / Legend Circuit,false,false,false,,0,0,,Amateur,,,,,,,,,,20,,,67,68,63,62,50,65,41,61,21,6,4,2,66.66666666666666,0,,,,,,,0,151,135,97,38,71.85185185185186,0,0,160124,"{""matches"":135,""wins"":97,""losses"":38,""draws"":0,""winPercentage"":71.85185185185186,""eventsEntered"":0,""titles"":0,""finals"":0,""prizeMoney"":160124,""points"":0}",,,,,,,,,,,,,,117,,false,false,false,,104,14,11,0,0,0,0,0,0,0,0,0,11,3,0,estimated from season exits versus eligible schedule | 3 eligible events not entered,Senior/Legend,normal,,,false,false,false,false,0,0,0,,0,false,,amateur,senior,,,true,true,
2045/46,wp-bailey-tremblay,Bailey Tremblay,50,SWE,Veteran,Amateur,false,false,false,,0,0,,Amateur,,,,,,,,,,,,,75,78,74,74,67,85,60,18,39,0,0,0,,0,,,,,,,0,0,106,77,29,72.64150943396226,1,0,1339806,"{""matches"":106,""wins"":77,""losses"":29,""draws"":0,""winPercentage"":72.64150943396226,""eventsEntered"":0,""titles"":1,""finals"":0,""prizeMoney"":1339806,""points"":0}",,,,,,,,,,,,,,62,,false,false,false,,104,44,15,0,0,0,0,0,10,5,0,0,0,29,11,estimated from season exits versus eligible schedule | 29 eligible events not entered,Amateur,normal,,,false,false,false,false,0,0,0,,0,false,,senior,amateur,,,true,true,
2045/46,wp-bailey-urban,Bailey Urban,40,ENG,Veteran,Amateur,false,false,false,,0,0,,Amateur,,,,,,,,,,,,,72,75,73,70,66,78,53,30,33,9,3,6,33.33333333333333,0,,,,,,,0,139,157,99,58,63.05732484076433,0,0,642587,"{""matches"":157,""wins"":99,""losses"":58,""draws"":0,""winPercentage"":63.05732484076433,""eventsEntered"":0,""titles"":0,""finals"":0,""prizeMoney"":642587,""points"":0}",,,,,,,,,,,,,,63,,false,false,false,,104,44,15,0,0,0,0,0,10,5,0,0,0,29,11,estimated from season exits versus eligible schedule | 29 eligible events not entered,Amateur,normal,,,false,false,false,false,0,0,0,,0,false,,senior,amateur,,,true,true,
2045/46,wp-bartosz-ashford,Bartosz Ashford,44,PAK,Veteran,Amateur,false,false,false,,0,0,,Amateur,,,,,,,,,,,,,72,72,72,70,67,87,76,7,18,0,0,0,,0,,,,,,,0,0,14,14,0,100,0,0,0,"{""matches"":14,""wins"":14,""losses"":0,""draws"":0,""winPercentage"":100,""eventsEntered"":0,""titles"":0,""finals"":0,""prizeMoney"":0,""points"":0}",,,,,,,,,,,,,,,,false,false,false,,104,44,15,0,0,0,0,0,10,5,0,0,0,29,11,estimated from season exits versus eligible schedule | 29 eligible events not entered,Amateur,normal,,,false,false,false,false,0,0,0,,0,false,,amateur,amateur,,,true,true,
2045/46,wp-bartosz-bouchard,Bartosz Bouchard,68,CHN,Veteran,Amateur,false,false,false,,0,0,,Amateur,,,,,,,,,,,,,80,83,75,78,63,83,52,45,32,0,0,0,,0,,,,,,,0,0,12,12,0,100,0,0,435980,"{""matches"":12,""wins"":12,""losses"":0,""draws"":0,""winPercentage"":100,""eventsEntered"":0,""titles"":0,""finals"":0,""prizeMoney"":435980,""points"":0}",,,,,,,,,,,,,,63,,false,false,false,,104,44,15,0,0,0,0,0,10,5,0,0,0,29,11,estimated from season exits versus eligible schedule | 29 eligible events not entered,Amateur,normal,,,false,false,false,false,0,0,0,,0,false,,senior,amateur,,,true,true,
2045/46,wp-bartosz-petrov,Bartosz Petrov,51,IRL,Veteran,Amateur,false,false,false,,0,0,,Amateur,,,,,,,,,,,,,76,79,75,75,67,86,62,19,37,0,0,0,,0,,,,,,,0,0,62,48,14,77.41935483870968,2,0,624376,"{""matches"":62,""wins"":48,""losses"":14,""draws"":0,""winPercentage"":77.41935483870968,""eventsEntered"":0,""titles"":2,""finals"":0,""prizeMoney"":624376,""points"":0}",,,,,,,,,,,,,,63,,false,false,false,,104,44,15,0,0,0,0,0,10,5,0,0,0,29,11,estimated from season exits versus eligible schedule | 29 eligible events not entered,Amateur,normal,,,false,false,false,false,0,0,0,,0,false,,senior,amateur,,,true,true,
2045/46,wp-bartosz-whitaker,Bartosz Whitaker,50,BEL,Veteran,Amateur,false,false,false,,0,0,,Amateur,,,,,,,,,,,,,69,69,68,66,61,80,64,17,18,0,0,0,,0,,,,,,,0,0,13,11,2,84.61538461538461,0,0,0,"{""matches"":13,""wins"":11,""losses"":2,""draws"":0,""winPercentage"":84.61538461538461,""eventsEntered"":0,""titles"":0,""finals"":0,""prizeMoney"":0,""points"":0}",,,,,,,,,,,,,,,,false,false,false,,104,44,15,0,0,0,0,0,10,5,0,0,0,29,11,estimated from season exits versus eligible schedule | 29 eligible events not entered,Amateur,normal,,,false,false,false,false,0,0,0,,0,false,,amateur,amateur,,,true,true,
2045/46,wp-bartosz-yates,Bartosz Yates,41,AUS,Veteran,Amateur,false,false,false,,0,0,,Amateur,,,,,,,,,,,,,72,72,73,70,68,89,79,3,18,0,0,0,,0,,,,,,,0,0,12,12,0,100,0,0,0,"{""matches"":12,""wins"":12,""losses"":0,""draws"":0,""winPercentage"":100,""eventsEntered"":0,""titles"":0,""finals"":0,""prizeMoney"":0,""points"":0}",,,,,,,,,,,,,,,,false,false,false,,104,44,15,0,0,0,0,0,10,5,0,0,0,29,11,estimated from season exits versus eligible schedule | 29 eligible events not entered,Amateur,normal,,,false,false,false,false,0,0,0,,0,false,,amateur,amateur,,,true,true,
2045/46,wp-cedric-ashford,Cedric Ashford,65,CAN,Veteran,Senior Tour / Legend Circuit,false,false,false,,0,0,,Amateur,,,,,,,,,,23,,,65,65,61,60,48,64,44,62,18,7,5,2,71.42857142857143,0,,,,,,,0,177,126,88,38,69.84126984126983,0,0,0,"{""matches"":126,""wins"":88,""losses"":38,""draws"":0,""winPercentage"":69.84126984126983,""eventsEntered"":0,""titles"":0,""finals"":0,""prizeMoney"":0,""points"":0}",,,,,,,,,,,,,,,,false,false,false,,104,14,11,0,0,0,0,0,0,0,0,0,11,3,0,estimated from season exits versus eligible schedule | 3 eligible events not entered,Senior/Legend,normal,,,false,false,false,false,0,0,0,,0,false,,amateur,senior,,,true,true,
2045/46,wp-cedric-barker,Cedric Barker,45,SWE,Veteran,Amateur,false,false,false,,0,0,,Amateur,,,,,,,,,,,,,72,72,72,70,66,87,75,9,18,0,0,0,,0,,,,,,,0,0,14,14,0,100,0,0,0,"{""matches"":14,""wins"":14,""losses"":0,""draws"":0,""winPercentage"":100,""eventsEntered"":0,""titles"":0,""finals"":0,""prizeMoney"":0,""points"":0}",,,,,,,,,,,,,,,,false,false,false,,104,44,15,0,0,0,0,0,10,5,0,0,0,29,11,estimated from season exits versus eligible schedule | 29 eligible events not entered,Amateur,normal,,,false,false,false,false,0,0,0,,0,false,,amateur,amateur,,,true,true,
2045/46,wp-cedric-easton,Cedric Easton,50,POL,Veteran,Amateur,false,false,false,,0,0,,Amateur,,,,,,,,,,,,,72,72,71,69,64,84,70,17,18,0,0,0,,0,,,,,,,0,0,12,12,0,100,0,0,0,"{""matches"":12,""wins"":12,""losses"":0,""draws"":0,""winPercentage"":100,""eventsEntered"":0,""titles"":0,""finals"":0,""prizeMoney"":0,""points"":0}",,,,,,,,,,,,,,,,false,false,false,,104,44,15,0,0,0,0,0,10,5,0,0,0,29,11,estimated from season exits versus eligible schedule | 29 eligible events not entered,Amateur,normal,,,false,false,false,false,0,0,0,,0,false,,amateur,amateur,,,true,true,
2045/46,wp-cedric-kovacs,Cedric Kovacs,63,THA,Veteran,Amateur,false,false,false,,0,0,,Amateur,,,,,,,,,,,,,72,72,68,68,57,78,57,37,18,0,0,0,,0,,,,,,,0,0,12,12,0,100,0,0,0,"{""matches"":12,""wins"":12,""losses"":0,""draws"":0,""winPercentage"":100,""eventsEntered"":0,""titles"":0,""finals"":0,""prizeMoney"":0,""points"":0}",,,,,,,,,,,,,,,,false,false,false,,104,44,15,0,0,0,0,0,10,5,0,0,0,29,11,estimated from season exits versus eligible schedule | 29 eligible events not entered,Amateur,normal,,,false,false,false,false,0,0,0,,0,false,,amateur,amateur,,,true,true,
2045/46,wp-cedric-langford,Cedric Langford,73,CAN,Veteran,Senior Tour / Legend Circuit,false,false,false,,0,0,,Amateur,,,,,,,,,,4,,,72,72,66,69,51,69,48,74,32,7,6,1,85.71428571428571,0,,,,,,,0,221,96,75,21,78.125,7,0,0,"{""matches"":96,""wins"":75,""losses"":21,""draws"":0,""winPercentage"":78.125,""eventsEntered"":0,""titles"":7,""finals"":0,""prizeMoney"":0,""points"":0}",,,,,,,,,,,,,,,,false,false,false,,104,14,11,0,0,0,0,0,0,0,0,0,11,3,0,estimated from season exits versus eligible schedule | 3 eligible events not entered,Senior/Legend,normal,,,false,false,false,false,0,0,0,,1,false,,amateur,senior,,,true,true,
2045/46,wp-cedric-quinnell,Cedric Quinnell,52,IND,Veteran,Amateur,false,false,false,,0,0,,Amateur,,,,,,,,,,,,,76,80,74,76,67,84,55,21,49,0,0,0,,0,,,,,,,0,0,159,109,50,68.55345911949685,0,0,2721334,"{""matches"":159,""wins"":109,""losses"":50,""draws"":0,""winPercentage"":68.55345911949685,""eventsEntered"":0,""titles"":0,""finals"":0,""prizeMoney"":2721334,""points"":0}",,,,,,,,,,,,,,41,,false,false,false,,104,44,15,0,0,0,0,0,10,5,0,0,0,29,11,estimated from season exits versus eligible schedule | 29 eligible events not entered,Amateur,normal,,,false,false,false,false,0,0,0,,0,false,,senior,amateur,,,true,true,
2045/46,wp-cedric-sorensen,Cedric Sorensen,45,IND,Veteran,Amateur,false,false,false,,0,0,,Amateur,,,,,,,,,,,,,76,80,76,77,70,88,62,10,48,0,0,0,,0,,,,,,,0,0,213,145,68,68.07511737089203,0,0,2435064,"{""matches"":213,""wins"":145,""losses"":68,""draws"":0,""winPercentage"":68.07511737089203,""eventsEntered"":0,""titles"":0,""finals"":0,""prizeMoney"":2435064,""points"":0}",,,,,,,,,,,,,,39,,false,false,false,,104,44,15,0,0,0,0,0,10,5,0,0,0,29,11,estimated from season exits versus eligible schedule | 29 eligible events not entered,Amateur,normal,,,false,false,false,false,0,5,122563,,0,false,,senior,amateur,,,true,true,
2045/46,wp-cedric-yates,Cedric Yates,70,NIR,Veteran,Senior Tour / Legend Circuit,false,false,false,,0,0,,Amateur,,,,,,,,,,9,,,76,78,71,75,58,79,57,51,40,1,1,0,100,1,,,,,,,0,19,73,57,16,78.08219178082192,7,0,304274,"{""matches"":73,""wins"":57,""losses"":16,""draws"":0,""winPercentage"":78.08219178082192,""eventsEntered"":0,""titles"":7,""finals"":0,""prizeMoney"":304274,""points"":0}",,,,,,,,,,,,,,92,,false,false,false,,104,14,11,0,0,0,0,0,0,0,0,0,11,3,0,estimated from season exits versus eligible schedule | 3 eligible events not entered,Senior/Legend,normal,,,false,false,false,false,0,0,0,,1,false,,amateur,senior,,,true,true,
2045/46,wp-connor-drayton,Connor Drayton,64,SCO,Veteran,Amateur,false,false,false,,0,0,,Amateur,,,,,,,,,,,,,76,78,72,73,61,81,56,39,25,0,0,0,,0,,,,,,,0,0,12,12,0,100,0,0,269542,"{""matches"":12,""wins"":12,""losses"":0,""draws"":0,""winPercentage"":100,""eventsEntered"":0,""titles"":0,""finals"":0,""prizeMoney"":269542,""points"":0}",,,,,,,,,,,,,,95,,false,false,false,,104,44,15,0,0,0,0,0,10,5,0,0,0,29,11,estimated from season exits versus eligible schedule | 29 eligible events not entered,Amateur,normal,,,false,false,false,false,0,0,0,,0,false,,amateur,amateur,,,true,true,
2045/46,wp-connor-iqbal,Connor Iqbal,44,BEL,Veteran,Amateur,false,false,false,,0,0,,Amateur,,,,,,,,,,,,,72,72,72,70,67,87,76,7,18,0,0,0,,0,,,,,,,0,0,12,12,0,100,0,0,0,"{""matches"":12,""wins"":12,""losses"":0,""draws"":0,""winPercentage"":100,""eventsEntered"":0,""titles"":0,""finals"":0,""prizeMoney"":0,""points"":0}",,,,,,,,,,,,,,,,false,false,false,,104,44,15,0,0,0,0,0,10,5,0,0,0,29,11,estimated from season exits versus eligible schedule | 29 eligible events not entered,Amateur,normal,,,false,false,false,false,0,0,0,,0,false,,amateur,amateur,,,true,true,
2045/46,wp-connor-mendoza,Connor Mendoza,66,NOR,Veteran,Amateur,false,false,false,,0,0,,Amateur,,,,,,,,,,,,,82,88,78,82,66,84,44,43,51,0,0,0,,0,,,,,,,0,0,61,42,19,68.85245901639344,2,0,1258819,"{""matches"":61,""wins"":42,""losses"":19,""draws"":0,""winPercentage"":68.85245901639344,""eventsEntered"":0,""titles"":2,""finals"":0,""prizeMoney"":1258819,""points"":0}",,,,,,,,,,,,,,3,,false,false,false,,104,44,15,0,0,0,0,0,10,5,0,0,0,29,11,estimated from season exits versus eligible schedule | 29 eligible events not entered,Amateur,normal,,,false,false,false,false,0,0,0,,0,false,,senior,amateur,,,true,true,
2045/46,wp-connor-otero,Connor Otero,63,IRL,Veteran,Amateur,false,false,false,,0,0,,Amateur,,,,,,,,,,,,,74,77,70,71,59,77,46,38,31,0,0,0,,0,,,,,,,0,0,38,28,10,73.68421052631578,0,0,326929,"{""matches"":38,""wins"":28,""losses"":10,""draws"":0,""winPercentage"":73.68421052631578,""eventsEntered"":0,""titles"":0,""finals"":0,""prizeMoney"":326929,""points"":0}",,,,,,,,,,,,,,66,,false,false,false,,104,44,15,0,0,0,0,0,10,5,0,0,0,29,11,estimated from season exits versus eligible schedule | 29 eligible events not entered,Amateur,normal,,,false,false,false,false,0,0,0,,0,false,,amateur,amateur,,,true,true,
2045/46,wp-connor-upton,Connor Upton,51,AUS,Veteran,Amateur,false,false,false,,0,0,,Amateur,,,,,,,,,,,,,76,80,75,76,67,85,56,20,48,0,0,0,,0,,,,,,,0,0,153,105,48,68.62745098039215,0,0,2604041,"{""matches"":153,""wins"":105,""losses"":48,""draws"":0,""winPercentage"":68.62745098039215,""eventsEntered"":0,""titles"":0,""finals"":0,""prizeMoney"":2604041,""points"":0}",,,,,,,,,,,,,,40,,false,false,false,,104,44,15,0,0,0,0,0,10,5,0,0,0,29,11,estimated from season exits versus eligible schedule | 29 eligible events not entered,Amateur,normal,,,false,false,false,false,0,0,0,,0,false,,senior,amateur,,,true,true,
2045/46,wp-connor-verma,Connor Verma,50,BEL,Veteran,Amateur,false,false,false,,0,0,,Amateur,,,,,,,,,,,,,65,65,64,61,57,75,58,18,18,0,0,0,,0,,,,,,,0,0,39,27,12,69.23076923076923,0,0,0,"{""matches"":39,""wins"":27,""losses"":12,""draws"":0,""winPercentage"":69.23076923076923,""eventsEntered"":0,""titles"":0,""finals"":0,""prizeMoney"":0,""points"":0}",,,,,,,,,,,,,,,,false,false,false,,104,44,15,0,0,0,0,0,10,5,0,0,0,29,11,estimated from season exits versus eligible schedule | 29 eligible events not entered,Amateur,normal,,,false,false,false,false,0,0,0,,0,false,,amateur,amateur,,,true,true,
2045/46,wp-connor-whitaker,Connor Whitaker,48,AUS,Veteran,Amateur,false,false,false,,0,0,,Amateur,,,,,,,,,,,,,72,72,71,69,65,85,72,14,18,0,0,0,,0,,,,,,,0,0,14,14,0,100,0,0,0,"{""matches"":14,""wins"":14,""losses"":0,""draws"":0,""winPercentage"":100,""eventsEntered"":0,""titles"":0,""finals"":0,""prizeMoney"":0,""points"":0}",,,,,,,,,,,,,,,,false,false,false,,104,44,15,0,0,0,0,0,10,5,0,0,0,29,11,estimated from season exits versus eligible schedule | 29 eligible events not entered,Amateur,normal,,,false,false,false,false,0,0,0,,0,false,,amateur,amateur,,,true,true,
2045/46,wp-dario-ashford,Dario Ashford,48,SWE,Veteran,Amateur,false,false,false,,0,0,,Amateur,,,,,,,,,,,,,75,75,74,74,68,89,76,13,26,0,0,0,,0,,,,,,,0,0,14,14,0,100,4,0,0,"{""matches"":14,""wins"":14,""losses"":0,""draws"":0,""winPercentage"":100,""eventsEntered"":0,""titles"":4,""finals"":0,""prizeMoney"":0,""points"":0}",,,,,,,,,,,,,,,,false,false,false,,104,44,15,0,0,0,0,0,10,5,0,0,0,29,11,estimated from season exits versus eligible schedule | 29 eligible events not entered,Amateur,normal,,,false,false,false,false,0,0,0,,0,false,,amateur,amateur,,,true,true,
2045/46,wp-dario-janssen,Dario Janssen,51,THA,Veteran,Amateur,false,false,false,,0,0,,Amateur,,,,,,,,,,,,,77,82,76,78,68,86,56,20,50,0,0,0,,0,,,,,,,0,0,135,90,45,66.66666666666666,0,0,2434215,"{""matches"":135,""wins"":90,""losses"":45,""draws"":0,""winPercentage"":66.66666666666666,""eventsEntered"":0,""titles"":0,""finals"":0,""prizeMoney"":2434215,""points"":0}",,,,,,,,,,,,,,23,,false,false,false,,104,44,15,0,0,0,0,0,10,5,0,0,0,29,11,estimated from season exits versus eligible schedule | 29 eligible events not entered,Amateur,normal,,,false,false,false,false,0,0,0,,0,false,,senior,amateur,,,true,true,
2045/46,wp-dario-petrov,Dario Petrov,51,WAL,Veteran,Amateur,false,false,false,,0,0,,Amateur,,,,,,,,,,,,,78,80,77,77,69,90,69,18,29,0,0,0,,0,,,,,,,0,0,12,12,0,100,0,0,335438,"{""matches"":12,""wins"":12,""losses"":0,""draws"":0,""winPercentage"":100,""eventsEntered"":0,""titles"":0,""finals"":0,""prizeMoney"":335438,""points"":0}",,,,,,,,,,,,,,79,,false,false,false,,104,44,15,0,0,0,0,0,10,5,0,0,0,29,11,estimated from season exits versus eligible schedule | 29 eligible events not entered,Amateur,normal,,,false,false,false,false,0,0,0,,0,false,,amateur,amateur,,,true,true,
2045/46,wp-dario-whitaker,Dario Whitaker,44,THA,Veteran,Amateur,false,false,false,,0,0,,Amateur,,,,,,,,,,,,,72,72,72,70,67,87,76,7,18,0,0,0,,0,,,,,,,0,0,12,12,0,100,0,0,0,"{""matches"":12,""wins"":12,""losses"":0,""draws"":0,""winPercentage"":100,""eventsEntered"":0,""titles"":0,""finals"":0,""prizeMoney"":0,""points"":0}",,,,,,,,,,,,,,,,false,false,false,,104,44,15,0,0,0,0,0,10,5,0,0,0,29,11,estimated from season exits versus eligible schedule | 29 eligible events not entered,Amateur,normal,,,false,false,false,false,0,0,0,,0,false,,amateur,amateur,,,true,true,
2045/46,wp-dario-yates,Dario Yates,41,CAN,Veteran,Amateur,false,false,false,,0,0,,Amateur,,,,,,,,,,,,,72,72,73,70,68,89,79,3,18,0,0,0,,0,,,,,,,0,0,14,14,0,100,0,0,0,"{""matches"":14,""wins"":14,""losses"":0,""draws"":0,""winPercentage"":100,""eventsEntered"":0,""titles"":0,""finals"":0,""prizeMoney"":0,""points"":0}",,,,,,,,,,,,,,,,false,false,false,,104,44,15,0,0,0,0,0,10,5,0,0,0,29,11,estimated from season exits versus eligible schedule | 29 eligible events not entered,Amateur,normal,,,false,false,false,false,0,0,0,,0,false,,amateur,amateur,,,true,true,
2045/46,wp-dylan-ashford,Dylan Ashford,45,BRA,Veteran,Amateur,false,false,false,,0,0,,Amateur,,,,,,,,,,,,,72,72,72,70,66,87,75,9,18,0,0,0,,0,,,,,,,0,0,8,8,0,100,0,0,0,"{""matches"":8,""wins"":8,""losses"":0,""draws"":0,""winPercentage"":100,""eventsEntered"":0,""titles"":0,""finals"":0,""prizeMoney"":0,""points"":0}",,,,,,,,,,,,,,,,false,false,false,,104,44,15,0,0,0,0,0,10,5,0,0,0,29,11,estimated from season exits versus eligible schedule | 29 eligible events not entered,Amateur,normal,,,false,false,false,false,0,0,0,,0,false,,amateur,amateur,,,true,true,
2045/46,wp-dylan-caldwell,Dylan Caldwell,42,SCO,Veteran,Amateur,false,false,false,,0,0,,Amateur,,,,,,,,,,,,,72,72,72,70,67,88,78,4,18,0,0,0,,0,,,,,,,0,0,14,14,0,100,0,0,0,"{""matches"":14,""wins"":14,""losses"":0,""draws"":0,""winPercentage"":100,""eventsEntered"":0,""titles"":0,""finals"":0,""prizeMoney"":0,""points"":0}",,,,,,,,,,,,,,,,false,false,false,,104,44,15,0,0,0,0,0,10,5,0,0,0,29,11,estimated from season exits versus eligible schedule | 29 eligible events not entered,Amateur,normal,,,false,false,false,false,0,0,0,,0,false,,amateur,amateur,,,true,true,
2045/46,wp-dylan-drayton,Dylan Drayton,41,BEL,Veteran,Amateur,false,false,false,,0,0,,Amateur,,,,,,,,,,,,,72,72,73,70,68,89,79,3,18,0,0,0,,0,,,,,,,0,0,10,10,0,100,0,0,0,"{""matches"":10,""wins"":10,""losses"":0,""draws"":0,""winPercentage"":100,""eventsEntered"":0,""titles"":0,""finals"":0,""prizeMoney"":0,""points"":0}",,,,,,,,,,,,,,,,false,false,false,,104,44,15,0,0,0,0,0,10,5,0,0,0,29,11,estimated from season exits versus eligible schedule | 29 eligible events not entered,Amateur,normal,,,false,false,false,false,0,0,0,,0,false,,amateur,amateur,,,true,true,
2045/46,wp-dylan-lombardi,Dylan Lombardi,42,BEL,Veteran,Amateur,false,false,false,,0,0,,Amateur,,,,,,,,,,,,,79,82,79,79,74,95,78,4,31,0,0,0,,0,,,,,,,0,0,12,12,0,100,0,0,388412,"{""matches"":12,""wins"":12,""losses"":0,""draws"":0,""winPercentage"":100,""eventsEntered"":0,""titles"":0,""finals"":0,""prizeMoney"":388412,""points"":0}",,,,,,,,,,,,,,70,,false,false,false,,104,44,15,0,0,0,0,0,10,5,0,0,0,29,11,estimated from season exits versus eligible schedule | 29 eligible events not entered,Amateur,normal,,,false,false,false,false,0,0,0,,0,false,,amateur,amateur,,,true,true,
2045/46,wp-dylan-madsen,Dylan Madsen,44,ITA,Veteran,Amateur,false,false,false,,0,0,,Amateur,,,,,,,,,,,,,72,72,72,70,67,87,76,7,18,0,0,0,,0,,,,,,,0,0,12,12,0,100,0,0,0,"{""matches"":12,""wins"":12,""losses"":0,""draws"":0,""winPercentage"":100,""eventsEntered"":0,""titles"":0,""finals"":0,""prizeMoney"":0,""points"":0}",,,,,,,,,,,,,,,,false,false,false,,104,44,15,0,0,0,0,0,10,5,0,0,0,29,11,estimated from season exits versus eligible schedule | 29 eligible events not entered,Amateur,normal,,,false,false,false,false,0,0,0,,0,false,,amateur,amateur,,,true,true,
2045/46,wp-dylan-tanaka,Dylan Tanaka,42,ITA,Veteran,Amateur,false,false,false,,0,0,,Amateur,,,,,,,,,,,,,73,73,73,71,68,89,78,4,20,0,0,0,,0,,,,,,,0,0,12,12,0,100,0,0,143876,"{""matches"":12,""wins"":12,""losses"":0,""draws"":0,""winPercentage"":100,""eventsEntered"":0,""titles"":0,""finals"":0,""prizeMoney"":143876,""points"":0}",,,,,,,,,,,,,,121,,false,false,false,,104,44,15,0,0,0,0,0,10,5,0,0,0,29,11,estimated from season exits versus eligible schedule | 29 eligible events not entered,Amateur,normal,,,false,false,false,false,0,0,0,,0,false,,amateur,amateur,,,true,true,
2045/46,wp-dylan-tremblay,Dylan Tremblay,48,NOR,Veteran,Amateur,false,false,false,,0,0,,Amateur,,,,,,,,,,,,,71,71,70,68,64,84,70,14,18,0,0,0,,0,,,,,,,0,0,17,16,1,94.11764705882352,0,0,0,"{""matches"":17,""wins"":16,""losses"":1,""draws"":0,""winPercentage"":94.11764705882352,""eventsEntered"":0,""titles"":0,""finals"":0,""prizeMoney"":0,""points"":0}",,,,,,,,,,,,,,,,false,false,false,,104,44,15,0,0,0,0,0,10,5,0,0,0,29,11,estimated from season exits versus eligible schedule | 29 eligible events not entered,Amateur,normal,,,false,false,false,false,0,0,0,,0,false,,amateur,amateur,,,true,true,
2045/46,wp-dylan-yates,Dylan Yates,50,CHN,Veteran,Amateur,false,false,false,,0,0,,Amateur,,,,,,,,,,,,,72,72,71,69,64,84,70,17,18,0,0,0,,0,,,,,,,0,0,8,8,0,100,0,0,0,"{""matches"":8,""wins"":8,""losses"":0,""draws"":0,""winPercentage"":100,""eventsEntered"":0,""titles"":0,""finals"":0,""prizeMoney"":0,""points"":0}",,,,,,,,,,,,,,,,false,false,false,,104,44,15,0,0,0,0,0,10,5,0,0,0,29,11,estimated from season exits versus eligible schedule | 29 eligible events not entered,Amateur,normal,,,false,false,false,false,0,0,0,,0,false,,amateur,amateur,,,true,true,
2045/46,wp-emil-barker,Emil Barker,50,ESP,Veteran,Amateur,false,false,false,,0,0,,Amateur,,,,,,,,,,,,,72,72,71,69,64,84,70,17,18,0,0,0,,0,,,,,,,0,0,8,8,0,100,0,0,0,"{""matches"":8,""wins"":8,""losses"":0,""draws"":0,""winPercentage"":100,""eventsEntered"":0,""titles"":0,""finals"":0,""prizeMoney"":0,""points"":0}",,,,,,,,,,,,,,,,false,false,false,,104,44,15,0,0,0,0,0,10,5,0,0,0,29,11,estimated from season exits versus eligible schedule | 29 eligible events not entered,Amateur,normal,,,false,false,false,false,0,0,0,,0,false,,amateur,amateur,,,true,true,
2045/46,wp-emil-caldwell,Emil Caldwell,74,WAL,Veteran,Senior Tour / Legend Circuit,false,false,false,,0,0,,Amateur,,,,,,,,,,1,,,71,71,65,67,50,67,43,73,26,6,5,1,83.33333333333334,0,,,,,,,0,195,112,95,17,84.82142857142857,4,0,0,"{""matches"":112,""wins"":95,""losses"":17,""draws"":0,""winPercentage"":84.82142857142857,""eventsEntered"":0,""titles"":4,""finals"":0,""prizeMoney"":0,""points"":0}",,,,,,,,,,,,,,,,false,false,false,,104,14,11,0,0,0,0,0,0,0,0,0,11,3,0,estimated from season exits versus eligible schedule | 3 eligible events not entered,Senior/Legend,normal,,,false,false,false,false,0,0,0,,0,false,,amateur,senior,,,true,true,
2045/46,wp-emil-drayton,Emil Drayton,42,GER,Veteran,Amateur,false,false,false,,0,0,,Amateur,,,,,,,,,,,,,72,72,72,70,67,88,78,4,18,0,0,0,,0,,,,,,,0,0,8,8,0,100,0,0,0,"{""matches"":8,""wins"":8,""losses"":0,""draws"":0,""winPercentage"":100,""eventsEntered"":0,""titles"":0,""finals"":0,""prizeMoney"":0,""points"":0}",,,,,,,,,,,,,,,,false,false,false,,104,44,15,0,0,0,0,0,10,5,0,0,0,29,11,estimated from season exits versus eligible schedule | 29 eligible events not entered,Amateur,normal,,,false,false,false,false,0,0,0,,0,false,,amateur,amateur,,,true,true,
2045/46,wp-emil-easton,Emil Easton,47,THA,Veteran,Amateur,false,false,false,,0,0,,Amateur,,,,,,,,,,,,,72,72,71,70,65,86,73,12,18,0,0,0,,0,,,,,,,0,0,10,10,0,100,0,0,0,"{""matches"":10,""wins"":10,""losses"":0,""draws"":0,""winPercentage"":100,""eventsEntered"":0,""titles"":0,""finals"":0,""prizeMoney"":0,""points"":0}",,,,,,,,,,,,,,,,false,false,false,,104,44,15,0,0,0,0,0,10,5,0,0,0,29,11,estimated from season exits versus eligible schedule | 29 eligible events not entered,Amateur,normal,,,false,false,false,false,0,0,0,,0,false,,amateur,amateur,,,true,true,
2045/46,wp-emil-forster,Emil Forster,50,CAN,Veteran,Amateur,false,false,false,,0,0,,Amateur,,,,,,,,,,,,,72,72,71,69,64,84,70,17,18,0,0,0,,0,,,,,,,0,0,12,12,0,100,0,0,0,"{""matches"":12,""wins"":12,""losses"":0,""draws"":0,""winPercentage"":100,""eventsEntered"":0,""titles"":0,""finals"":0,""prizeMoney"":0,""points"":0}",,,,,,,,,,,,,,,,false,false,false,,104,44,15,0,0,0,0,0,10,5,0,0,0,29,11,estimated from season exits versus eligible schedule | 29 eligible events not entered,Amateur,normal,,,false,false,false,false,0,0,0,,0,false,,amateur,amateur,,,true,true,
2045/46,wp-emil-grimaldi,Emil Grimaldi,44,SWE,Veteran,Amateur,false,false,false,,0,0,,Amateur,,,,,,,,,,,,,72,72,72,70,67,87,76,7,18,0,0,0,,0,,,,,,,0,0,12,12,0,100,0,0,0,"{""matches"":12,""wins"":12,""losses"":0,""draws"":0,""winPercentage"":100,""eventsEntered"":0,""titles"":0,""finals"":0,""prizeMoney"":0,""points"":0}",,,,,,,,,,,,,,,,false,false,false,,104,44,15,0,0,0,0,0,10,5,0,0,0,29,11,estimated from season exits versus eligible schedule | 29 eligible events not entered,Amateur,normal,,,false,false,false,false,0,0,0,,0,false,,amateur,amateur,,,true,true,
2045/46,wp-emil-iqbal,Emil Iqbal,44,ESP,Veteran,Amateur,false,false,false,,0,0,,Amateur,,,,,,,,,,,,,74,75,74,73,69,89,76,7,23,0,0,0,,0,,,,,,,0,0,12,12,0,100,0,0,207818,"{""matches"":12,""wins"":12,""losses"":0,""draws"":0,""winPercentage"":100,""eventsEntered"":0,""titles"":0,""finals"":0,""prizeMoney"":207818,""points"":0}",,,,,,,,,,,,,,108,,false,false,false,,104,44,15,0,0,0,0,0,10,5,0,0,0,29,11,estimated from season exits versus eligible schedule | 29 eligible events not entered,Amateur,normal,,,false,false,false,false,0,0,0,,0,false,,amateur,amateur,,,true,true,
2045/46,wp-emil-mendoza,Emil Mendoza,45,JPN,Veteran,Amateur,false,false,false,,0,0,,Amateur,,,,,,,,,,,,,73,76,73,72,67,85,64,10,32,0,0,0,,0,,,,,,,0,0,56,40,16,71.42857142857143,0,0,571188,"{""matches"":56,""wins"":40,""losses"":16,""draws"":0,""winPercentage"":71.42857142857143,""eventsEntered"":0,""titles"":0,""finals"":0,""prizeMoney"":571188,""points"":0}",,,,,,,,,,,,,,70,,false,false,false,,104,44,15,0,0,0,0,0,10,5,0,0,0,29,11,estimated from season exits versus eligible schedule | 29 eligible events not entered,Amateur,normal,,,false,false,false,false,0,0,0,,0,false,,amateur,amateur,,,true,true,
2045/46,wp-emil-sorensen,Emil Sorensen,49,CAN,Veteran,Amateur,false,false,false,,0,0,,Amateur,,,,,,,,,,,,,79,85,78,80,71,89,58,16,54,0,0,0,,0,,,,,,,0,0,137,92,45,67.15328467153284,0,0,2593817,"{""matches"":137,""wins"":92,""losses"":45,""draws"":0,""winPercentage"":67.15328467153284,""eventsEntered"":0,""titles"":0,""finals"":0,""prizeMoney"":2593817,""points"":0}",,,,,,,,,,,,,,9,,false,false,false,,104,44,15,0,0,0,0,0,10,5,0,0,0,29,11,estimated from season exits versus eligible schedule | 29 eligible events not entered,Amateur,normal,,,false,false,false,false,0,0,0,,0,false,,senior,amateur,,,true,true,
2045/46,wp-emil-urban,Emil Urban,41,ENG,Veteran,Amateur,false,false,false,,0,0,,Amateur,,,,,,,,,,,,,72,75,73,71,68,86,66,4,30,0,0,0,,0,,,,,,,0,0,101,69,32,68.31683168316832,0,0,298890,"{""matches"":101,""wins"":69,""losses"":32,""draws"":0,""winPercentage"":68.31683168316832,""eventsEntered"":0,""titles"":0,""finals"":0,""prizeMoney"":298890,""points"":0}",,,,,,,,,,,,,,73,,false,false,false,,104,44,15,0,0,0,0,0,10,5,0,0,0,29,11,estimated from season exits versus eligible schedule | 29 eligible events not entered,Amateur,normal,,,false,false,false,false,0,0,0,,0,false,,amateur,amateur,,,true,true,
2045/46,wp-emil-zimmer,Emil Zimmer,49,GER,Veteran,Amateur,false,false,false,,0,0,,Amateur,,,,,,,,,,,,,76,81,75,77,68,86,58,16,48,0,0,0,,0,,,,,,,0,0,136,92,44,67.64705882352942,0,0,2369898,"{""matches"":136,""wins"":92,""losses"":44,""draws"":0,""winPercentage"":67.64705882352942,""eventsEntered"":0,""titles"":0,""finals"":0,""prizeMoney"":2369898,""points"":0}",,,,,,,,,,,,,,32,,false,false,false,,104,44,15,0,0,0,0,0,10,5,0,0,0,29,11,estimated from season exits versus eligible schedule | 29 eligible events not entered,Amateur,normal,,,false,false,false,false,0,0,0,,0,false,,senior,amateur,,,true,true,
2045/46,wp-euan-ashford,Euan Ashford,42,ITA,Veteran,Amateur,false,false,false,,0,0,,Amateur,,,,,,,,,,,,,70,70,70,68,65,85,74,5,18,0,0,0,,0,,,,,,,0,0,19,17,2,89.47368421052632,0,0,0,"{""matches"":19,""wins"":17,""losses"":2,""draws"":0,""winPercentage"":89.47368421052632,""eventsEntered"":0,""titles"":0,""finals"":0,""prizeMoney"":0,""points"":0}",,,,,,,,,,,,,,,,false,false,false,,104,44,15,0,0,0,0,0,10,5,0,0,0,29,11,estimated from season exits versus eligible schedule | 29 eligible events not entered,Amateur,normal,,,false,false,false,false,0,0,0,,0,false,,amateur,amateur,,,true,true,
2045/46,wp-euan-barker,Euan Barker,44,SCO,Veteran,Amateur,false,false,false,,0,0,,Amateur,,,,,,,,,,,,,65,65,65,62,59,77,63,8,18,0,0,0,,0,,,,,,,0,0,42,28,14,66.66666666666666,0,0,0,"{""matches"":42,""wins"":28,""losses"":14,""draws"":0,""winPercentage"":66.66666666666666,""eventsEntered"":0,""titles"":0,""finals"":0,""prizeMoney"":0,""points"":0}",,,,,,,,,,,,,,,,false,false,false,,104,44,15,0,0,0,0,0,10,5,0,0,0,29,11,estimated from season exits versus eligible schedule | 29 eligible events not entered,Amateur,normal,,,false,false,false,false,0,0,0,,0,false,,amateur,amateur,,,true,true,
2045/46,wp-euan-davenport,Euan Davenport,44,IRL,Veteran,Amateur,false,false,false,,0,0,,Amateur,,,,,,,,,,,,,79,82,79,79,74,94,76,7,32,0,0,0,,0,,,,,,,0,0,12,12,0,100,0,0,423942,"{""matches"":12,""wins"":12,""losses"":0,""draws"":0,""winPercentage"":100,""eventsEntered"":0,""titles"":0,""finals"":0,""prizeMoney"":423942,""points"":0}",,,,,,,,,,,,,,66,,false,false,false,,104,44,15,0,0,0,0,0,10,5,0,0,0,29,11,estimated from season exits versus eligible schedule | 29 eligible events not entered,Amateur,normal,,,false,false,false,false,0,0,0,,0,false,,amateur,amateur,,,true,true,
2045/46,wp-euan-janssen,Euan Janssen,74,CHN,Veteran,Senior Tour / Legend Circuit,false,false,false,,0,0,,Amateur,,,,,,,,,,8,,,74,74,68,71,53,71,47,73,34,6,5,1,83.33333333333334,0,,,,,,,0,189,102,85,17,83.33333333333334,8,0,0,"{""matches"":102,""wins"":85,""losses"":17,""draws"":0,""winPercentage"":83.33333333333334,""eventsEntered"":0,""titles"":8,""finals"":0,""prizeMoney"":0,""points"":0}",,,,,,,,,,,,,,,,false,false,false,,104,14,11,0,0,0,0,0,0,0,0,0,11,3,0,estimated from season exits versus eligible schedule | 3 eligible events not entered,Senior/Legend,normal,,,false,false,false,false,0,0,0,,1,false,,amateur,senior,,,true,true,
2045/46,wp-euan-kovacs,Euan Kovacs,40,BRA,Veteran,Amateur,false,false,false,,0,0,,Amateur,,,,,,,,,,,,,62,62,63,58,58,75,62,3,18,0,0,0,,0,,,,,,,0,0,57,31,26,54.385964912280706,0,0,0,"{""matches"":57,""wins"":31,""losses"":26,""draws"":0,""winPercentage"":54.385964912280706,""eventsEntered"":0,""titles"":0,""finals"":0,""prizeMoney"":0,""points"":0}",,,,,,,,,,,,,,,,false,false,false,,104,44,15,0,0,0,0,0,10,5,0,0,0,29,11,estimated from season exits versus eligible schedule | 29 eligible events not entered,Amateur,normal,,,false,false,false,false,0,0,0,,0,false,,amateur,amateur,,,true,true,
2045/46,wp-euan-madsen,Euan Madsen,45,NOR,Veteran,Amateur,false,false,false,,0,0,,Amateur,,,,,,,,,,,,,73,77,73,72,67,84,60,10,36,0,0,0,,0,,,,,,,0,0,92,57,35,61.95652173913043,0,0,640667,"{""matches"":92,""wins"":57,""losses"":35,""draws"":0,""winPercentage"":61.95652173913043,""eventsEntered"":0,""titles"":0,""finals"":0,""prizeMoney"":640667,""points"":0}",,,,,,,,,,,,,,47,,false,false,false,,104,44,15,0,0,0,0,0,10,5,0,0,0,29,11,estimated from season exits versus eligible schedule | 29 eligible events not entered,Amateur,normal,,,false,false,false,false,0,4,101461,,0,false,,senior,amateur,,,true,true,
2045/46,wp-euan-petrov,Euan Petrov,51,AUS,Veteran,Amateur,false,false,false,,0,0,,Amateur,,,,,,,,,,,,,72,75,71,70,63,81,57,19,33,0,0,0,,0,,,,,,,0,0,111,79,32,71.17117117117117,0,0,900140,"{""matches"":111,""wins"":79,""losses"":32,""draws"":0,""winPercentage"":71.17117117117117,""eventsEntered"":0,""titles"":0,""finals"":0,""prizeMoney"":900140,""points"":0}",,,,,,,,,,,,,,73,,false,false,false,,104,44,15,0,0,0,0,0,10,5,0,0,0,29,11,estimated from season exits versus eligible schedule | 29 eligible events not entered,Amateur,normal,,,false,false,false,false,0,0,0,,0,false,,amateur,amateur,,,true,true,
2045/46,wp-euan-rahman,Euan Rahman,44,PAK,Veteran,Amateur,false,false,false,,0,0,,Amateur,,,,,,,,,,,,,72,75,72,71,66,84,63,8,34,0,0,0,,0,,,,,,,0,0,123,84,39,68.29268292682927,0,0,1047561,"{""matches"":123,""wins"":84,""losses"":39,""draws"":0,""winPercentage"":68.29268292682927,""eventsEntered"":0,""titles"":0,""finals"":0,""prizeMoney"":1047561,""points"":0}",,,,,,,,,,,,,,74,,false,false,false,,104,44,15,0,0,0,0,0,10,5,0,0,0,29,11,estimated from season exits versus eligible schedule | 29 eligible events not entered,Amateur,normal,,,false,false,false,false,0,0,0,,0,false,,amateur,amateur,,,true,true,
2045/46,wp-euan-whitaker,Euan Whitaker,53,CHN,Veteran,Amateur,false,false,false,,0,0,,Amateur,,,,,,,,,,,,,79,85,77,80,69,86,52,23,54,0,0,0,,0,,,,,,,0,0,145,90,55,62.06896551724138,0,0,2516707,"{""matches"":145,""wins"":90,""losses"":55,""draws"":0,""winPercentage"":62.06896551724138,""eventsEntered"":0,""titles"":0,""finals"":0,""prizeMoney"":2516707,""points"":0}",,,,,,,,,,,,,,4,,false,false,false,,104,44,15,0,0,0,0,0,10,5,0,0,0,29,11,estimated from season exits versus eligible schedule | 29 eligible events not entered,Amateur,normal,,,false,false,false,false,0,0,0,,0,false,,senior,amateur,,,true,true,
2045/46,wp-evan-mori-m,Evan Mori M,17,CHN,Youth,Amateur,false,false,false,,0,0,,Amateur,,,,,,,,,,,,,66,78,68,63,65,79,72,18,18,8,6,2,75,0,,,,,,,0,139,24,17,7,70.83333333333334,0,0,0,"{""matches"":24,""wins"":17,""losses"":7,""draws"":0,""winPercentage"":70.83333333333334,""eventsEntered"":0,""titles"":0,""finals"":0,""prizeMoney"":0,""points"":0}",,,,,,,,,,,,,,,,false,false,false,,104,61,10,0,0,0,0,0,5,5,0,0,0,51,16,estimated from season exits versus eligible schedule | 51 eligible events not entered,Youth,normal,,,false,false,false,false,0,0,0,,0,false,,youth,youth,,,true,true,
2045/46,wp-evan-mori-n,Evan Mori N,17,CHN,Youth,Amateur,false,false,false,,0,0,,Amateur,,,,,,,,,,,,,69,90,71,66,68,82,72,18,18,8,6,2,75,0,,,,,,,0,142,16,12,4,75,0,0,0,"{""matches"":16,""wins"":12,""losses"":4,""draws"":0,""winPercentage"":75,""eventsEntered"":0,""titles"":0,""finals"":0,""prizeMoney"":0,""points"":0}",,,,,,,,,,,,,,,,false,false,false,,104,61,10,0,0,0,0,0,5,5,0,0,0,51,16,estimated from season exits versus eligible schedule | 51 eligible events not entered,Youth,normal,,,false,false,false,false,0,0,0,,0,false,,youth,youth,,,true,true,
2045/46,wp-evan-mori-o,Evan Mori O,17,CHN,Youth,Amateur,false,false,false,,0,0,,Amateur,,,,,,,,,,,,,64,83,66,61,62,75,67,19,18,8,5,3,62.5,0,,,,,,,0,111,8,5,3,62.5,0,0,0,"{""matches"":8,""wins"":5,""losses"":3,""draws"":0,""winPercentage"":62.5,""eventsEntered"":0,""titles"":0,""finals"":0,""prizeMoney"":0,""points"":0}",,,,,,,,,,,,,,,,false,false,false,,104,61,10,0,0,0,0,0,5,5,0,0,0,51,16,estimated from season exits versus eligible schedule | 51 eligible events not entered,Youth,normal,,,false,false,false,false,0,0,0,,0,false,,youth,youth,,,true,true,
2045/46,wp-finn-cross-m,Finn Cross M,16,SCO,Youth,Amateur,false,false,false,,0,0,,Amateur,,,,,,,,,,,,,70,97,72,68,68,82,73,21,18,9,7,2,77.77777777777779,0,,,,,,,0,161,17,12,5,70.58823529411765,0,0,0,"{""matches"":17,""wins"":12,""losses"":5,""draws"":0,""winPercentage"":70.58823529411765,""eventsEntered"":0,""titles"":0,""finals"":0,""prizeMoney"":0,""points"":0}",,,,,,,,,,,,,,,,false,false,false,,104,61,10,0,0,0,0,0,5,5,0,0,0,51,16,estimated from season exits versus eligible schedule | 51 eligible events not entered,Youth,normal,,,false,false,false,false,0,0,0,,0,false,,youth,youth,,,true,true,
2045/46,wp-finn-cross-n,Finn Cross N,16,SCO,Youth,Amateur,false,false,false,,0,0,,Amateur,,,,,,,,,,,,,65,82,67,62,63,76,69,21,18,9,6,3,66.66666666666666,0,,,,,,,0,131,9,6,3,66.66666666666666,0,0,0,"{""matches"":9,""wins"":6,""losses"":3,""draws"":0,""winPercentage"":66.66666666666666,""eventsEntered"":0,""titles"":0,""finals"":0,""prizeMoney"":0,""points"":0}",,,,,,,,,,,,,,,,false,false,false,,104,61,10,0,0,0,0,0,5,5,0,0,0,51,16,estimated from season exits versus eligible schedule | 51 eligible events not entered,Youth,normal,,,false,false,false,false,0,0,0,,0,false,,youth,youth,,,true,true,
2045/46,wp-finn-cross-o,Finn Cross O,16,SCO,Youth,Amateur,false,false,false,,0,0,,Amateur,,,,,,,,,,,,,50,78,52,44,50,59,42,0,18,,,,,,,,,,,,,,0,0,0,0,0,0,0,"{""matches"":0,""wins"":0,""losses"":0,""draws"":0,""winPercentage"":0,""eventsEntered"":0,""titles"":0,""finals"":0,""prizeMoney"":0,""points"":0}",,,,,,,,,,,,,,,,,false,false,,104,61,10,0,0,0,0,0,5,5,0,0,0,51,16,estimated from season exits versus eligible schedule | 51 eligible events not entered,Youth,normal,,,false,false,false,false,0,0,0,,0,false,,youth,youth,,,true,true,
2045/46,wp-fraser-caldwell,Fraser Caldwell,45,IRL,Veteran,Amateur,false,false,false,,0,0,,Amateur,,,,,,,,,,,,,72,72,72,70,66,87,75,9,18,0,0,0,,0,,,,,,,0,0,8,8,0,100,0,0,0,"{""matches"":8,""wins"":8,""losses"":0,""draws"":0,""winPercentage"":100,""eventsEntered"":0,""titles"":0,""finals"":0,""prizeMoney"":0,""points"":0}",,,,,,,,,,,,,,,,false,false,false,,104,44,15,0,0,0,0,0,10,5,0,0,0,29,11,estimated from season exits versus eligible schedule | 29 eligible events not entered,Amateur,normal,,,false,false,false,false,0,0,0,,0,false,,amateur,amateur,,,true,true,
2045/46,wp-fraser-easton,Fraser Easton,74,CHN,Veteran,Senior Tour / Legend Circuit,false,false,false,,0,0,,Amateur,,,,,,,,,,5,,,73,73,67,69,52,70,44,70,30,5,4,1,80,0,,,,,,,0,165,101,85,16,84.15841584158416,6,0,0,"{""matches"":101,""wins"":85,""losses"":16,""draws"":0,""winPercentage"":84.15841584158416,""eventsEntered"":0,""titles"":6,""finals"":0,""prizeMoney"":0,""points"":0}",,,,,,,,,,,,,,,,false,false,false,,104,14,11,0,0,0,0,0,0,0,0,0,11,3,0,estimated from season exits versus eligible schedule | 3 eligible events not entered,Senior/Legend,normal,,,false,false,false,false,0,0,0,,1,false,,amateur,senior,,,true,true,
2045/46,wp-fraser-olsen,Fraser Olsen,51,NED,Veteran,Amateur,false,false,false,,0,0,,Amateur,,,,,,,,,,,,,75,80,74,75,66,83,54,20,47,0,0,0,,0,,,,,,,0,0,129,82,47,63.565891472868216,0,0,2178239,"{""matches"":129,""wins"":82,""losses"":47,""draws"":0,""winPercentage"":63.565891472868216,""eventsEntered"":0,""titles"":0,""finals"":0,""prizeMoney"":2178239,""points"":0}",,,,,,,,,,,,,,36,,false,false,false,,104,44,15,0,0,0,0,0,10,5,0,0,0,29,11,estimated from season exits versus eligible schedule | 29 eligible events not entered,Amateur,normal,,,false,false,false,false,0,0,0,,0,false,,senior,amateur,,,true,true,
2045/46,wp-fraser-urban,Fraser Urban,41,SCO,Veteran,Amateur,false,false,false,,0,0,,Amateur,,,,,,,,,,,,,73,76,74,73,69,88,70,3,37,0,0,0,,0,,,,,,,0,0,121,87,34,71.900826446281,2,0,1027329,"{""matches"":121,""wins"":87,""losses"":34,""draws"":0,""winPercentage"":71.900826446281,""eventsEntered"":0,""titles"":2,""finals"":0,""prizeMoney"":1027329,""points"":0}",,,,,,,,,,,,,,77,,false,false,false,,104,44,15,0,0,0,0,0,10,5,0,0,0,29,11,estimated from season exits versus eligible schedule | 29 eligible events not entered,Amateur,normal,,,false,false,false,false,0,0,0,,0,false,,amateur,amateur,,,true,true,
2045/46,wp-fraser-verma,Fraser Verma,44,FRA,Veteran,Amateur,false,false,false,,0,0,,Amateur,,,,,,,,,,,,,76,78,76,75,71,91,76,7,26,0,0,0,,0,,,,,,,0,0,12,12,0,100,0,0,287364,"{""matches"":12,""wins"":12,""losses"":0,""draws"":0,""winPercentage"":100,""eventsEntered"":0,""titles"":0,""finals"":0,""prizeMoney"":287364,""points"":0}",,,,,,,,,,,,,,91,,false,false,false,,104,44,15,0,0,0,0,0,10,5,0,0,0,29,11,estimated from season exits versus eligible schedule | 29 eligible events not entered,Amateur,normal,,,false,false,false,false,0,0,0,,0,false,,amateur,amateur,,,true,true,
2045/46,wp-freddie-ashford,Freddie Ashford,42,ESP,Veteran,Amateur,false,false,false,,0,0,,Amateur,,,,,,,,,,,,,72,72,72,70,67,88,78,4,18,0,0,0,,0,,,,,,,0,0,12,12,0,100,0,0,0,"{""matches"":12,""wins"":12,""losses"":0,""draws"":0,""winPercentage"":100,""eventsEntered"":0,""titles"":0,""finals"":0,""prizeMoney"":0,""points"":0}",,,,,,,,,,,,,,,,false,false,false,,104,44,15,0,0,0,0,0,10,5,0,0,0,29,11,estimated from season exits versus eligible schedule | 29 eligible events not entered,Amateur,normal,,,false,false,false,false,0,0,0,,0,false,,amateur,amateur,,,true,true,
2045/46,wp-freddie-barker,Freddie Barker,46,SWE,Veteran,Amateur,false,false,false,,0,0,,Amateur,,,,,,,,,,,,,76,78,76,75,70,90,74,11,25,0,0,0,,0,,,,,,,0,0,12,12,0,100,0,0,283620,"{""matches"":12,""wins"":12,""losses"":0,""draws"":0,""winPercentage"":100,""eventsEntered"":0,""titles"":0,""finals"":0,""prizeMoney"":283620,""points"":0}",,,,,,,,,,,,,,97,,false,false,false,,104,44,15,0,0,0,0,0,10,5,0,0,0,29,11,estimated from season exits versus eligible schedule | 29 eligible events not entered,Amateur,normal,,,false,false,false,false,0,0,0,,0,false,,amateur,amateur,,,true,true,
2045/46,wp-freddie-caldwell,Freddie Caldwell,41,GER,Veteran,Amateur,false,false,false,,0,0,,Amateur,,,,,,,,,,,,,71,74,72,69,67,84,63,4,31,0,0,0,,0,,,,,,,0,0,110,66,44,60,0,0,269984,"{""matches"":110,""wins"":66,""losses"":44,""draws"":0,""winPercentage"":60,""eventsEntered"":0,""titles"":0,""finals"":0,""prizeMoney"":269984,""points"":0}",,,,,,,,,,,,,,66,,false,false,false,,104,44,15,0,0,0,0,0,10,5,0,0,0,29,11,estimated from season exits versus eligible schedule | 29 eligible events not entered,Amateur,normal,,,false,false,false,false,0,0,0,,0,false,,amateur,amateur,,,true,true,
2045/46,wp-freddie-easton,Freddie Easton,47,CAN,Veteran,Amateur,false,false,false,,0,0,,Amateur,,,,,,,,,,,,,72,72,71,70,65,86,73,12,18,0,0,0,,0,,,,,,,0,0,12,12,0,100,0,0,0,"{""matches"":12,""wins"":12,""losses"":0,""draws"":0,""winPercentage"":100,""eventsEntered"":0,""titles"":0,""finals"":0,""prizeMoney"":0,""points"":0}",,,,,,,,,,,,,,,,false,false,false,,104,44,15,0,0,0,0,0,10,5,0,0,0,29,11,estimated from season exits versus eligible schedule | 29 eligible events not entered,Amateur,normal,,,false,false,false,false,0,0,0,,0,false,,amateur,amateur,,,true,true,
2045/46,wp-freddie-langford,Freddie Langford,42,ESP,Veteran,Amateur,false,false,false,,0,0,,Amateur,,,,,,,,,,,,,72,72,72,70,67,88,78,4,18,0,0,0,,0,,,,,,,0,0,12,12,0,100,0,0,0,"{""matches"":12,""wins"":12,""losses"":0,""draws"":0,""winPercentage"":100,""eventsEntered"":0,""titles"":0,""finals"":0,""prizeMoney"":0,""points"":0}",,,,,,,,,,,,,,,,false,false,false,,104,44,15,0,0,0,0,0,10,5,0,0,0,29,11,estimated from season exits versus eligible schedule | 29 eligible events not entered,Amateur,normal,,,false,false,false,false,0,0,0,,0,false,,amateur,amateur,,,true,true,
2045/46,wp-freddie-petrov,Freddie Petrov,62,THA,Veteran,Amateur,false,false,false,,0,0,,Amateur,,,,,,,,,,,,,71,74,67,67,57,74,44,37,30,0,0,0,,0,,,,,,,0,0,35,23,12,65.71428571428571,0,0,263915,"{""matches"":35,""wins"":23,""losses"":12,""draws"":0,""winPercentage"":65.71428571428571,""eventsEntered"":0,""titles"":0,""finals"":0,""prizeMoney"":263915,""points"":0}",,,,,,,,,,,,,,72,,false,false,false,,104,44,15,0,0,0,0,0,10,5,0,0,0,29,11,estimated from season exits versus eligible schedule | 29 eligible events not entered,Amateur,normal,,,false,false,false,false,0,0,0,,0,false,,amateur,amateur,,,true,true,
2045/46,wp-freddie-rahman,Freddie Rahman,44,CAN,Veteran,Amateur,false,false,false,,0,0,,Amateur,,,,,,,,,,,,,72,75,72,71,66,84,63,8,34,0,0,0,,0,,,,,,,0,0,85,58,27,68.23529411764706,0,0,1072134,"{""matches"":85,""wins"":58,""losses"":27,""draws"":0,""winPercentage"":68.23529411764706,""eventsEntered"":0,""titles"":0,""finals"":0,""prizeMoney"":1072134,""points"":0}",,,,,,,,,,,,,,73,,false,false,false,,104,44,15,0,0,0,0,0,10,5,0,0,0,29,11,estimated from season exits versus eligible schedule | 29 eligible events not entered,Amateur,normal,,,false,false,false,false,0,0,0,,0,false,,amateur,amateur,,,true,true,
2045/46,wp-freddie-sinclair,Freddie Sinclair,47,NIR,Veteran,Amateur,false,false,false,,0,0,,Amateur,,,,,,,,,,,,,76,81,75,77,69,86,58,13,52,0,0,0,,0,,,,,,,0,0,166,102,64,61.44578313253012,0,0,2627489,"{""matches"":166,""wins"":102,""losses"":64,""draws"":0,""winPercentage"":61.44578313253012,""eventsEntered"":0,""titles"":0,""finals"":0,""prizeMoney"":2627489,""points"":0}",,,,,,,,,,,,,,20,,false,false,false,,104,44,15,0,0,0,0,0,10,5,0,0,0,29,11,estimated from season exits versus eligible schedule | 29 eligible events not entered,Amateur,normal,,,false,false,false,false,0,0,0,,0,false,,senior,amateur,,,true,true,
2045/46,wp-freddie-sorensen,Freddie Sorensen,66,SWE,Veteran,Senior Tour / Legend Circuit,false,false,false,,0,0,,Amateur,,,,,,,,,,21,,,66,66,62,60,49,64,38,58,18,5,3,2,60,0,,,,,,,0,123,130,92,38,70.76923076923077,0,0,0,"{""matches"":130,""wins"":92,""losses"":38,""draws"":0,""winPercentage"":70.76923076923077,""eventsEntered"":0,""titles"":0,""finals"":0,""prizeMoney"":0,""points"":0}",,,,,,,,,,,,,,,,false,false,false,,104,14,11,0,0,0,0,0,0,0,0,0,11,3,0,estimated from season exits versus eligible schedule | 3 eligible events not entered,Senior/Legend,normal,,,false,false,false,false,0,0,0,,0,false,,amateur,senior,,,true,true,
2045/46,wp-freddie-whitaker,Freddie Whitaker,50,IND,Veteran,Amateur,false,false,false,,0,0,,Amateur,,,,,,,,,,,,,71,74,70,69,63,80,57,18,34,0,0,0,,0,,,,,,,0,0,83,56,27,67.46987951807229,0,0,1104507,"{""matches"":83,""wins"":56,""losses"":27,""draws"":0,""winPercentage"":67.46987951807229,""eventsEntered"":0,""titles"":0,""finals"":0,""prizeMoney"":1104507,""points"":0}",,,,,,,,,,,,,,74,,false,false,false,,104,44,15,0,0,0,0,0,10,5,0,0,0,29,11,estimated from season exits versus eligible schedule | 29 eligible events not entered,Amateur,normal,,,false,false,false,false,0,0,0,,0,false,,amateur,amateur,,,true,true,
2045/46,wp-freddie-yates,Freddie Yates,41,JPN,Veteran,Amateur,false,false,false,,0,0,,Amateur,,,,,,,,,,,,,72,72,73,70,68,89,79,3,18,0,0,0,,0,,,,,,,0,0,8,8,0,100,0,0,0,"{""matches"":8,""wins"":8,""losses"":0,""draws"":0,""winPercentage"":100,""eventsEntered"":0,""titles"":0,""finals"":0,""prizeMoney"":0,""points"":0}",,,,,,,,,,,,,,,,false,false,false,,104,44,15,0,0,0,0,0,10,5,0,0,0,29,11,estimated from season exits versus eligible schedule | 29 eligible events not entered,Amateur,normal,,,false,false,false,false,0,0,0,,0,false,,amateur,amateur,,,true,true,
2045/46,wp-gareth-drayton,Gareth Drayton,47,POL,Veteran,Amateur,false,false,false,,0,0,,Amateur,,,,,,,,,,,,,78,84,77,79,71,88,58,13,54,0,0,0,,0,,,,,,,0,0,168,103,65,61.30952380952381,0,0,2707805,"{""matches"":168,""wins"":103,""losses"":65,""draws"":0,""winPercentage"":61.30952380952381,""eventsEntered"":0,""titles"":0,""finals"":0,""prizeMoney"":2707805,""points"":0}",,,,,,,,,,,,,,10,,false,false,false,,104,44,15,0,0,0,0,0,10,5,0,0,0,29,11,estimated from season exits versus eligible schedule | 29 eligible events not entered,Amateur,normal,,,false,false,false,false,0,0,0,,0,false,,senior,amateur,,,true,true,
2045/46,wp-gareth-iversen,Gareth Iversen,41,ENG,Veteran,Amateur,false,false,false,,0,0,,Amateur,,,,,,,,,,,,,78,81,79,78,74,95,79,3,29,0,0,0,,0,,,,,,,0,0,12,12,0,100,0,0,392116,"{""matches"":12,""wins"":12,""losses"":0,""draws"":0,""winPercentage"":100,""eventsEntered"":0,""titles"":0,""finals"":0,""prizeMoney"":392116,""points"":0}",,,,,,,,,,,,,,77,,false,false,false,,104,44,15,0,0,0,0,0,10,5,0,0,0,29,11,estimated from season exits versus eligible schedule | 29 eligible events not entered,Amateur,normal,,,false,false,false,false,0,0,0,,0,false,,amateur,amateur,,,true,true,
2045/46,wp-gareth-otero,Gareth Otero,46,NIR,Veteran,Amateur,false,false,false,,0,0,,Amateur,,,,,,,,,,,,,73,76,73,72,67,85,64,11,31,0,0,0,,0,,,,,,,0,0,50,37,13,74,0,0,536500,"{""matches"":50,""wins"":37,""losses"":13,""draws"":0,""winPercentage"":74,""eventsEntered"":0,""titles"":0,""finals"":0,""prizeMoney"":536500,""points"":0}",,,,,,,,,,,,,,75,,false,false,false,,104,44,15,0,0,0,0,0,10,5,0,0,0,29,11,estimated from season exits versus eligible schedule | 29 eligible events not entered,Amateur,normal,,,false,false,false,false,0,0,0,,0,false,,amateur,amateur,,,true,true,
2045/46,wp-gareth-rossi,Gareth Rossi,51,CAN,Veteran,Amateur,false,false,false,,0,0,,Amateur,,,,,,,,,,,,,73,74,72,71,64,85,69,18,21,0,0,0,,0,,,,,,,0,0,12,12,0,100,0,0,153912,"{""matches"":12,""wins"":12,""losses"":0,""draws"":0,""winPercentage"":100,""eventsEntered"":0,""titles"":0,""finals"":0,""prizeMoney"":153912,""points"":0}",,,,,,,,,,,,,,118,,false,false,false,,104,44,15,0,0,0,0,0,10,5,0,0,0,29,11,estimated from season exits versus eligible schedule | 29 eligible events not entered,Amateur,normal,,,false,false,false,false,0,0,0,,0,false,,amateur,amateur,,,true,true,
2045/46,wp-gareth-urban,Gareth Urban,39,WAL,Amateur,Amateur,false,false,false,,0,0,,Amateur,,,,,,,,,,,,,69,72,70,68,66,83,64,1,32,0,0,0,,0,,,,,,,0,0,125,73,52,58.4,0,0,750117,"{""matches"":125,""wins"":73,""losses"":52,""draws"":0,""winPercentage"":58.4,""eventsEntered"":0,""titles"":0,""finals"":0,""prizeMoney"":750117,""points"":0}",,,,,,,,,,,,,,76,,false,false,false,,104,42,15,0,0,0,0,0,10,5,0,0,0,27,11,estimated from season exits versus eligible schedule | 27 eligible events not entered,Amateur,normal,,,false,false,false,false,0,0,0,,0,false,,amateur,amateur,,,true,true,
2045/46,wp-gareth-verma,Gareth Verma,48,GER,Veteran,Amateur,false,false,false,,0,0,,Amateur,,,,,,,,,,,,,72,72,71,69,65,85,72,14,18,0,0,0,,0,,,,,,,0,0,14,14,0,100,0,0,0,"{""matches"":14,""wins"":14,""losses"":0,""draws"":0,""winPercentage"":100,""eventsEntered"":0,""titles"":0,""finals"":0,""prizeMoney"":0,""points"":0}",,,,,,,,,,,,,,,,false,false,false,,104,44,15,0,0,0,0,0,10,5,0,0,0,29,11,estimated from season exits versus eligible schedule | 29 eligible events not entered,Amateur,normal,,,false,false,false,false,0,0,0,,0,false,,amateur,amateur,,,true,true,
2045/46,wp-gareth-whitaker,Gareth Whitaker,50,THA,Veteran,Amateur,false,false,false,,0,0,,Amateur,,,,,,,,,,,,,72,72,71,69,64,84,70,17,18,0,0,0,,0,,,,,,,0,0,14,14,0,100,0,0,0,"{""matches"":14,""wins"":14,""losses"":0,""draws"":0,""winPercentage"":100,""eventsEntered"":0,""titles"":0,""finals"":0,""prizeMoney"":0,""points"":0}",,,,,,,,,,,,,,,,false,false,false,,104,44,15,0,0,0,0,0,10,5,0,0,0,29,11,estimated from season exits versus eligible schedule | 29 eligible events not entered,Amateur,normal,,,false,false,false,false,0,0,0,,0,false,,amateur,amateur,,,true,true,
2045/46,wp-gareth-yates,Gareth Yates,66,CAN,Veteran,Senior Tour / Legend Circuit,false,false,false,,0,0,,Amateur,,,,,,,,,,13,,,74,74,70,74,58,81,66,44,42,1,1,0,100,1,,,,,,,0,15,80,58,22,72.5,12,0,0,"{""matches"":80,""wins"":58,""losses"":22,""draws"":0,""winPercentage"":72.5,""eventsEntered"":0,""titles"":12,""finals"":0,""prizeMoney"":0,""points"":0}",,,,,,,,,,,,,,,,false,false,false,,104,14,11,0,0,0,0,0,0,0,0,0,11,3,0,estimated from season exits versus eligible schedule | 3 eligible events not entered,Senior/Legend,normal,,,false,false,false,false,0,0,0,,1,false,,amateur,senior,,,true,true,
2045/46,wp-gianni-ashford,Gianni Ashford,37,FRA,Amateur,Amateur,false,false,false,,0,0,,Amateur,,,,,,,,,,,,,70,73,71,69,68,85,67,0,31,0,0,0,,0,,,,,,,0,0,203,125,78,61.57635467980296,0,0,772665,"{""matches"":203,""wins"":125,""losses"":78,""draws"":0,""winPercentage"":61.57635467980296,""eventsEntered"":0,""titles"":0,""finals"":0,""prizeMoney"":772665,""points"":0}",,,,,,,,,,,,,,78,,false,false,false,,104,42,15,0,0,0,0,0,10,5,0,0,0,27,11,estimated from season exits versus eligible schedule | 27 eligible events not entered,Amateur,normal,,,false,false,false,false,0,0,0,,0,false,,amateur,amateur,,,true,true,
2045/46,wp-gianni-barker,Gianni Barker,37,IRL,Amateur,Amateur,false,false,false,,0,0,,Amateur,,,,,,,,,,,,,69,71,70,68,67,84,66,0,31,0,0,0,,0,,,,,,,0,0,212,128,84,60.37735849056604,0,0,757344,"{""matches"":212,""wins"":128,""losses"":84,""draws"":0,""winPercentage"":60.37735849056604,""eventsEntered"":0,""titles"":0,""finals"":0,""prizeMoney"":757344,""points"":0}",,,,,,,,,,,,,,80,,false,false,false,,104,42,15,0,0,0,0,0,10,5,0,0,0,27,11,estimated from season exits versus eligible schedule | 27 eligible events not entered,Amateur,normal,,,false,false,false,false,0,0,0,,0,false,,amateur,amateur,,,true,true,
2045/46,wp-gianni-caldwell,Gianni Caldwell,46,NED,Veteran,Amateur,false,false,false,,0,0,,Amateur,,,,,,,,,,,,,72,72,72,70,66,86,74,11,18,0,0,0,,0,,,,,,,0,0,8,8,0,100,0,0,0,"{""matches"":8,""wins"":8,""losses"":0,""draws"":0,""winPercentage"":100,""eventsEntered"":0,""titles"":0,""finals"":0,""prizeMoney"":0,""points"":0}",,,,,,,,,,,,,,,,false,false,false,,104,44,15,0,0,0,0,0,10,5,0,0,0,29,11,estimated from season exits versus eligible schedule | 29 eligible events not entered,Amateur,normal,,,false,false,false,false,0,0,0,,0,false,,amateur,amateur,,,true,true,
2045/46,wp-gianni-drayton,Gianni Drayton,35,CHN,Amateur,Amateur,false,false,false,,0,0,,Amateur,,,,,,,58,,,,,,72,75,74,71,68,80,59,25,35,10,4,6,40,0,,,,,,,0,171,246,160,86,65.04065040650406,1,0,700110,"{""matches"":246,""wins"":160,""losses"":86,""draws"":0,""winPercentage"":65.04065040650406,""eventsEntered"":0,""titles"":1,""finals"":0,""prizeMoney"":700110,""points"":0}",,,,,,,,,,,,,,67,,false,false,false,,104,42,15,0,0,0,0,0,10,5,0,0,0,27,11,estimated from season exits versus eligible schedule | 27 eligible events not entered,Amateur,normal,,,false,false,false,false,0,0,0,,0,false,,amateur,amateur,,,true,true,
2045/46,wp-gianni-forster,Gianni Forster,69,ITA,Veteran,Senior Tour / Legend Circuit,false,false,false,,0,0,,Amateur,,,,,,,,,,15,,,70,70,65,67,51,69,50,65,30,6,5,1,83.33333333333334,0,,,,,,,0,184,62,45,17,72.58064516129032,6,0,0,"{""matches"":62,""wins"":45,""losses"":17,""draws"":0,""winPercentage"":72.58064516129032,""eventsEntered"":0,""titles"":6,""finals"":0,""prizeMoney"":0,""points"":0}",,,,,,,,,,,,,,,,false,false,false,,104,14,11,0,0,0,0,0,0,0,0,0,11,3,0,estimated from season exits versus eligible schedule | 3 eligible events not entered,Senior/Legend,normal,,,false,false,false,false,0,0,0,,0,false,,amateur,senior,,,true,true,
2045/46,wp-gianni-harrington,Gianni Harrington,70,BEL,Veteran,Amateur,false,false,false,,0,0,,Amateur,,,,,,,,,,,,,82,86,77,80,64,84,50,49,37,0,0,0,,0,,,,,,,0,0,12,12,0,100,0,0,624446,"{""matches"":12,""wins"":12,""losses"":0,""draws"":0,""winPercentage"":100,""eventsEntered"":0,""titles"":0,""finals"":0,""prizeMoney"":624446,""points"":0}",,,,,,,,,,,,,,43,,false,false,false,,104,44,15,0,0,0,0,0,10,5,0,0,0,29,11,estimated from season exits versus eligible schedule | 29 eligible events not entered,Amateur,normal,,,false,false,false,false,0,0,0,,0,false,,senior,amateur,,,true,true,
2045/46,wp-gianni-lombardi,Gianni Lombardi,48,NOR,Veteran,Amateur,false,false,false,,0,0,,Amateur,,,,,,,,,,,,,73,76,72,72,66,84,62,15,36,0,0,0,,0,,,,,,,0,0,81,57,24,70.37037037037037,2,0,805907,"{""matches"":81,""wins"":57,""losses"":24,""draws"":0,""winPercentage"":70.37037037037037,""eventsEntered"":0,""titles"":2,""finals"":0,""prizeMoney"":805907,""points"":0}",,,,,,,,,,,,,,77,,false,false,false,,104,44,15,0,0,0,0,0,10,5,0,0,0,29,11,estimated from season exits versus eligible schedule | 29 eligible events not entered,Amateur,normal,,,false,false,false,false,0,0,0,,0,false,,amateur,amateur,,,true,true,
2045/46,wp-gianni-nakamura,Gianni Nakamura,40,ITA,Veteran,Amateur,false,false,false,,0,0,,Amateur,,,,,,,,,,,,,68,70,69,66,64,81,62,3,28,0,0,0,,0,,,,,,,0,0,56,31,25,55.35714285714286,0,0,356276,"{""matches"":56,""wins"":31,""losses"":25,""draws"":0,""winPercentage"":55.35714285714286,""eventsEntered"":0,""titles"":0,""finals"":0,""prizeMoney"":356276,""points"":0}",,,,,,,,,,,,,,81,,false,false,false,,104,44,15,0,0,0,0,0,10,5,0,0,0,29,11,estimated from season exits versus eligible schedule | 29 eligible events not entered,Amateur,normal,,,false,false,false,false,0,0,0,,0,false,,amateur,amateur,,,true,true,
2045/46,wp-gianni-sorensen,Gianni Sorensen,64,ITA,Veteran,Amateur,false,false,false,,0,0,,Amateur,,,,,,,,,,,,,72,75,68,68,57,75,45,40,28,0,0,0,,0,,,,,,,0,0,30,22,8,73.33333333333333,0,0,240789,"{""matches"":30,""wins"":22,""losses"":8,""draws"":0,""winPercentage"":73.33333333333333,""eventsEntered"":0,""titles"":0,""finals"":0,""prizeMoney"":240789,""points"":0}",,,,,,,,,,,,,,78,,false,false,false,,104,44,15,0,0,0,0,0,10,5,0,0,0,29,11,estimated from season exits versus eligible schedule | 29 eligible events not entered,Amateur,normal,,,false,false,false,false,0,0,0,,0,false,,amateur,amateur,,,true,true,
2045/46,wp-gianni-tremblay,Gianni Tremblay,42,SCO,Veteran,Amateur,false,false,false,,0,0,,Amateur,,,,,,,,,,,,,70,70,70,68,65,85,74,5,18,0,0,0,,0,,,,,,,0,0,18,16,2,88.88888888888889,0,0,0,"{""matches"":18,""wins"":16,""losses"":2,""draws"":0,""winPercentage"":88.88888888888889,""eventsEntered"":0,""titles"":0,""finals"":0,""prizeMoney"":0,""points"":0}",,,,,,,,,,,,,,,,false,false,false,,104,44,15,0,0,0,0,0,10,5,0,0,0,29,11,estimated from season exits versus eligible schedule | 29 eligible events not entered,Amateur,normal,,,false,false,false,false,0,0,0,,0,false,,amateur,amateur,,,true,true,
2045/46,wp-gianni-vos,Gianni Vos,42,CHN,Veteran,Amateur,false,false,false,,0,0,,Amateur,,,,,,,,,,,,,72,72,72,70,67,88,78,4,19,0,0,0,,0,,,,,,,0,0,12,12,0,100,0,0,120640,"{""matches"":12,""wins"":12,""losses"":0,""draws"":0,""winPercentage"":100,""eventsEntered"":0,""titles"":0,""finals"":0,""prizeMoney"":120640,""points"":0}",,,,,,,,,,,,,,126,,false,false,false,,104,44,15,0,0,0,0,0,10,5,0,0,0,29,11,estimated from season exits versus eligible schedule | 29 eligible events not entered,Amateur,normal,,,false,false,false,false,0,0,0,,0,false,,amateur,amateur,,,true,true,
2045/46,wp-hamza-ashford,Hamza Ashford,38,ITA,Amateur,Amateur,false,false,false,,0,0,,Amateur,,,,,,,,,,,,,68,70,69,66,65,83,66,0,29,0,0,0,,0,,,,,,,0,0,151,88,63,58.27814569536424,1,0,272296,"{""matches"":151,""wins"":88,""losses"":63,""draws"":0,""winPercentage"":58.27814569536424,""eventsEntered"":0,""titles"":1,""finals"":0,""prizeMoney"":272296,""points"":0}",,,,,,,,,,,,,,88,,false,false,false,,104,42,15,0,0,0,0,0,10,5,0,0,0,27,11,estimated from season exits versus eligible schedule | 27 eligible events not entered,Amateur,normal,,,false,false,false,false,0,0,0,,0,false,,amateur,amateur,,,true,true,
2045/46,wp-hamza-grimaldi,Hamza Grimaldi,64,BRA,Veteran,Amateur,false,false,false,,0,0,,Amateur,,,,,,,,,,,,,75,76,71,72,60,80,56,39,24,0,0,0,,0,,,,,,,0,0,12,12,0,100,0,0,230172,"{""matches"":12,""wins"":12,""losses"":0,""draws"":0,""winPercentage"":100,""eventsEntered"":0,""titles"":0,""finals"":0,""prizeMoney"":230172,""points"":0}",,,,,,,,,,,,,,101,,false,false,false,,104,44,15,0,0,0,0,0,10,5,0,0,0,29,11,estimated from season exits versus eligible schedule | 29 eligible events not entered,Amateur,normal,,,false,false,false,false,0,0,0,,0,false,,amateur,amateur,,,true,true,
2045/46,wp-hamza-janssen,Hamza Janssen,45,CHN,Veteran,Amateur,false,false,false,,0,0,,Amateur,,,,,,,,,,,,,72,72,72,70,66,87,75,9,18,0,0,0,,0,,,,,,,0,0,12,12,0,100,0,0,0,"{""matches"":12,""wins"":12,""losses"":0,""draws"":0,""winPercentage"":100,""eventsEntered"":0,""titles"":0,""finals"":0,""prizeMoney"":0,""points"":0}",,,,,,,,,,,,,,,,false,false,false,,104,44,15,0,0,0,0,0,10,5,0,0,0,29,11,estimated from season exits versus eligible schedule | 29 eligible events not entered,Amateur,normal,,,false,false,false,false,0,0,0,,0,false,,amateur,amateur,,,true,true,
2045/46,wp-hamza-petrov,Hamza Petrov,46,AUS,Veteran,Amateur,false,false,false,,0,0,,Amateur,,,,,,,,,,,,,78,84,78,80,71,89,58,12,57,0,0,0,,0,,,,,,,0,0,182,107,75,58.791208791208796,0,0,2917074,"{""matches"":182,""wins"":107,""losses"":75,""draws"":0,""winPercentage"":58.791208791208796,""eventsEntered"":0,""titles"":0,""finals"":0,""prizeMoney"":2917074,""points"":0}",,,,,,,,,,,,,,3,,false,false,false,,104,44,15,0,0,0,0,0,10,5,0,0,0,29,11,estimated from season exits versus eligible schedule | 29 eligible events not entered,Amateur,normal,,,false,false,false,false,0,4,95969,,0,false,,senior,amateur,,,true,true,
2045/46,wp-hamza-verma,Hamza Verma,42,NED,Veteran,Amateur,false,false,false,,0,0,,Amateur,,,,,,,,,,,,,70,72,70,68,65,83,64,5,30,0,0,0,,0,,,,,,,0,0,142,91,51,64.08450704225352,0,0,499501,"{""matches"":142,""wins"":91,""losses"":51,""draws"":0,""winPercentage"":64.08450704225352,""eventsEntered"":0,""titles"":0,""finals"":0,""prizeMoney"":499501,""points"":0}",,,,,,,,,,,,,,79,,false,false,false,,104,44,15,0,0,0,0,0,10,5,0,0,0,29,11,estimated from season exits versus eligible schedule | 29 eligible events not entered,Amateur,normal,,,false,false,false,false,0,0,0,,0,false,,amateur,amateur,,,true,true,
2045/46,wp-hamza-whitaker,Hamza Whitaker,34,CHN,Amateur,Q School,false,false,false,,0,0,,Amateur,,,,,,,44,,31,,,,71,74,73,70,68,80,62,25,34,10,5,5,50,0,,,,,,,0,235,221,138,83,62.44343891402715,0,0,1020968,"{""matches"":221,""wins"":138,""losses"":83,""draws"":0,""winPercentage"":62.44343891402715,""eventsEntered"":0,""titles"":0,""finals"":0,""prizeMoney"":1020968,""points"":0}",,,,,,,,,,,,,,68,,false,false,false,,104,42,5,0,0,0,0,0,1,4,0,0,0,37,21,estimated from season exits versus eligible schedule | 37 eligible events not entered,Q School,too high,,,false,false,false,false,0,0,0,,0,false,,amateur,qSchool,,,true,true,
2045/46,wp-hamza-xu,Hamza Xu,48,SCO,Veteran,Amateur,false,false,false,,0,0,,Amateur,,,,,,,,,,,,,75,80,74,75,68,85,56,15,48,0,0,0,,0,,,,,,,0,0,149,89,60,59.73154362416108,0,0,2215137,"{""matches"":149,""wins"":89,""losses"":60,""draws"":0,""winPercentage"":59.73154362416108,""eventsEntered"":0,""titles"":0,""finals"":0,""prizeMoney"":2215137,""points"":0}",,,,,,,,,,,,,,28,,false,false,false,,104,44,15,0,0,0,0,0,10,5,0,0,0,29,11,estimated from season exits versus eligible schedule | 29 eligible events not entered,Amateur,normal,,,false,false,false,false,0,0,0,,0,false,,senior,amateur,,,true,true,
2045/46,wp-hamza-yates,Hamza Yates,41,BRA,Veteran,Amateur,false,false,false,,0,0,,Amateur,,,,,,,,,,,,,72,72,73,70,68,89,79,3,18,0,0,0,,0,,,,,,,0,0,14,14,0,100,0,0,0,"{""matches"":14,""wins"":14,""losses"":0,""draws"":0,""winPercentage"":100,""eventsEntered"":0,""titles"":0,""finals"":0,""prizeMoney"":0,""points"":0}",,,,,,,,,,,,,,,,false,false,false,,104,44,15,0,0,0,0,0,10,5,0,0,0,29,11,estimated from season exits versus eligible schedule | 29 eligible events not entered,Amateur,normal,,,false,false,false,false,0,0,0,,0,false,,amateur,amateur,,,true,true,
2045/46,wp-harris-barker,Harris Barker,50,NIR,Veteran,Amateur,false,false,false,,0,0,,Amateur,,,,,,,,,,,,,72,72,71,69,64,84,70,17,18,0,0,0,,0,,,,,,,0,0,12,12,0,100,0,0,0,"{""matches"":12,""wins"":12,""losses"":0,""draws"":0,""winPercentage"":100,""eventsEntered"":0,""titles"":0,""finals"":0,""prizeMoney"":0,""points"":0}",,,,,,,,,,,,,,,,false,false,false,,104,44,15,0,0,0,0,0,10,5,0,0,0,29,11,estimated from season exits versus eligible schedule | 29 eligible events not entered,Amateur,normal,,,false,false,false,false,0,0,0,,0,false,,amateur,amateur,,,true,true,
2045/46,wp-harris-bouchard,Harris Bouchard,50,ESP,Veteran,Amateur,false,false,false,,0,0,,Amateur,,,,,,,,,,,,,74,79,73,74,66,82,53,18,45,0,0,0,,0,,,,,,,0,0,127,74,53,58.26771653543307,0,0,1884120,"{""matches"":127,""wins"":74,""losses"":53,""draws"":0,""winPercentage"":58.26771653543307,""eventsEntered"":0,""titles"":0,""finals"":0,""prizeMoney"":1884120,""points"":0}",,,,,,,,,,,,,,38,,false,false,false,,104,44,15,0,0,0,0,0,10,5,0,0,0,29,11,estimated from season exits versus eligible schedule | 29 eligible events not entered,Amateur,normal,,,false,false,false,false,0,0,0,,0,false,,senior,amateur,,,true,true,
2045/46,wp-harris-drayton,Harris Drayton,44,IND,Veteran,Amateur,false,false,false,,0,0,,Amateur,,,,,,,,,,,,,72,72,72,70,67,87,76,7,18,0,0,0,,0,,,,,,,0,0,8,8,0,100,0,0,0,"{""matches"":8,""wins"":8,""losses"":0,""draws"":0,""winPercentage"":100,""eventsEntered"":0,""titles"":0,""finals"":0,""prizeMoney"":0,""points"":0}",,,,,,,,,,,,,,,,false,false,false,,104,44,15,0,0,0,0,0,10,5,0,0,0,29,11,estimated from season exits versus eligible schedule | 29 eligible events not entered,Amateur,normal,,,false,false,false,false,0,0,0,,0,false,,amateur,amateur,,,true,true,
2045/46,wp-harris-easton,Harris Easton,45,JPN,Veteran,Amateur,false,false,false,,0,0,,Amateur,,,,,,,,,,,,,64,64,64,60,58,75,60,10,18,0,0,0,,0,,,,,,,0,0,26,16,10,61.53846153846154,0,0,0,"{""matches"":26,""wins"":16,""losses"":10,""draws"":0,""winPercentage"":61.53846153846154,""eventsEntered"":0,""titles"":0,""finals"":0,""prizeMoney"":0,""points"":0}",,,,,,,,,,,,,,,,false,false,false,,104,44,15,0,0,0,0,0,10,5,0,0,0,29,11,estimated from season exits versus eligible schedule | 29 eligible events not entered,Amateur,normal,,,false,false,false,false,0,0,0,,0,false,,amateur,amateur,,,true,true,
2045/46,wp-harris-grimaldi,Harris Grimaldi,62,WAL,Veteran,Amateur,false,false,false,,0,0,,Amateur,,,,,,,,,,,,,72,72,68,68,58,78,58,36,18,0,0,0,,0,,,,,,,0,0,12,12,0,100,0,0,0,"{""matches"":12,""wins"":12,""losses"":0,""draws"":0,""winPercentage"":100,""eventsEntered"":0,""titles"":0,""finals"":0,""prizeMoney"":0,""points"":0}",,,,,,,,,,,,,,,,false,false,false,,104,44,15,0,0,0,0,0,10,5,0,0,0,29,11,estimated from season exits versus eligible schedule | 29 eligible events not entered,Amateur,normal,,,false,false,false,false,0,0,0,,0,false,,amateur,amateur,,,true,true,
2045/46,wp-harris-kovacs,Harris Kovacs,38,IND,Amateur,Amateur,false,false,false,,0,0,,Amateur,,,,,,,,,,,,,67,69,68,65,64,81,65,0,28,0,0,0,,0,,,,,,,0,0,139,79,60,56.83453237410072,0,0,463707,"{""matches"":139,""wins"":79,""losses"":60,""draws"":0,""winPercentage"":56.83453237410072,""eventsEntered"":0,""titles"":0,""finals"":0,""prizeMoney"":463707,""points"":0}",,,,,,,,,,,,,,87,,false,false,false,,104,42,15,0,0,0,0,0,10,5,0,0,0,27,11,estimated from season exits versus eligible schedule | 27 eligible events not entered,Amateur,normal,,,false,false,false,false,0,0,0,,0,false,,amateur,amateur,,,true,true,
2045/46,wp-harris-mendoza,Harris Mendoza,47,ENG,Veteran,Amateur,false,false,false,,0,0,,Amateur,,,,,,,,,,,,,71,73,70,69,64,82,61,13,29,0,0,0,,0,,,,,,,0,0,48,34,14,70.83333333333334,0,0,471461,"{""matches"":48,""wins"":34,""losses"":14,""draws"":0,""winPercentage"":70.83333333333334,""eventsEntered"":0,""titles"":0,""finals"":0,""prizeMoney"":471461,""points"":0}",,,,,,,,,,,,,,79,,false,false,false,,104,44,15,0,0,0,0,0,10,5,0,0,0,29,11,estimated from season exits versus eligible schedule | 29 eligible events not entered,Amateur,normal,,,false,false,false,false,0,0,0,,0,false,,amateur,amateur,,,true,true,
2045/46,wp-harris-tremblay,Harris Tremblay,41,WAL,Veteran,Amateur,false,false,false,,0,0,,Amateur,,,,,,,,,,,,,71,73,72,70,67,85,68,4,28,0,0,0,,0,,,,,,,0,0,89,62,27,69.66292134831461,1,0,250906,"{""matches"":89,""wins"":62,""losses"":27,""draws"":0,""winPercentage"":69.66292134831461,""eventsEntered"":0,""titles"":1,""finals"":0,""prizeMoney"":250906,""points"":0}",,,,,,,,,,,,,,89,,false,false,false,,104,44,15,0,0,0,0,0,10,5,0,0,0,29,11,estimated from season exits versus eligible schedule | 29 eligible events not entered,Amateur,normal,,,false,false,false,false,0,0,0,,0,false,,amateur,amateur,,,true,true,
2045/46,wp-harris-urban,Harris Urban,46,GER,Veteran,Amateur,false,false,false,,0,0,,Top 16,1,1,,1,,,,,,,1,,78,84,78,79,69,82,49,37,56,8,3,5,37.5,0,,,,,,,75156,467,179,103,76,57.54189944134078,0,0,2730679,"{""matches"":179,""wins"":103,""losses"":76,""draws"":0,""winPercentage"":57.54189944134078,""eventsEntered"":0,""titles"":0,""finals"":0,""prizeMoney"":2730679,""points"":0}",,,,,,,,,,,,,,1,,true,false,false,,104,44,15,0,0,0,0,0,10,5,0,0,0,29,11,estimated from season exits versus eligible schedule | 29 eligible events not entered,Amateur,normal,,,true,false,false,false,3,8,189336,,0,false,,senior,amateur,,,true,true,
2045/46,wp-ilyas-barker,Ilyas Barker,39,BEL,Amateur,Amateur,false,false,false,,0,0,,Amateur,,,,,,,,,,,,,68,70,69,66,65,82,65,1,27,0,0,0,,0,,,,,,,0,0,119,70,49,58.82352941176471,0,0,230672,"{""matches"":119,""wins"":70,""losses"":49,""draws"":0,""winPercentage"":58.82352941176471,""eventsEntered"":0,""titles"":0,""finals"":0,""prizeMoney"":230672,""points"":0}",,,,,,,,,,,,,,85,,false,false,false,,104,42,15,0,0,0,0,0,10,5,0,0,0,27,11,estimated from season exits versus eligible schedule | 27 eligible events not entered,Amateur,normal,,,false,false,false,false,0,0,0,,0,false,,amateur,amateur,,,true,true,
2045/46,wp-ilyas-easton,Ilyas Easton,38,NOR,Amateur,Amateur,false,false,false,,0,0,,Amateur,,,,,,,53,,,,,,70,73,71,68,65,77,58,30,33,10,4,6,40,0,,,,,,,0,180,227,129,98,56.82819383259912,0,0,762259,"{""matches"":227,""wins"":129,""losses"":98,""draws"":0,""winPercentage"":56.82819383259912,""eventsEntered"":0,""titles"":0,""finals"":0,""prizeMoney"":762259,""points"":0}",,,,,,,,,,,,,,66,,false,false,false,,104,42,15,0,0,0,0,0,10,5,0,0,0,27,11,estimated from season exits versus eligible schedule | 27 eligible events not entered,Amateur,normal,,,false,false,false,false,0,6,132391,,0,false,,amateur,amateur,,,true,true,
2045/46,wp-ilyas-forster,Ilyas Forster,41,FRA,Veteran,Amateur,false,false,false,,0,0,,Amateur,,,,,,,,,,,,,72,72,73,70,68,89,79,3,18,0,0,0,,0,,,,,,,0,0,10,10,0,100,0,0,0,"{""matches"":10,""wins"":10,""losses"":0,""draws"":0,""winPercentage"":100,""eventsEntered"":0,""titles"":0,""finals"":0,""prizeMoney"":0,""points"":0}",,,,,,,,,,,,,,,,false,false,false,,104,44,15,0,0,0,0,0,10,5,0,0,0,29,11,estimated from season exits versus eligible schedule | 29 eligible events not entered,Amateur,normal,,,false,false,false,false,0,0,0,,0,false,,amateur,amateur,,,true,true,
2045/46,wp-ilyas-harrington,Ilyas Harrington,42,NED,Veteran,Amateur,false,false,false,,0,0,,Amateur,,,,,,,,,,,,,72,72,72,70,67,88,78,4,18,0,0,0,,0,,,,,,,0,0,12,12,0,100,0,0,0,"{""matches"":12,""wins"":12,""losses"":0,""draws"":0,""winPercentage"":100,""eventsEntered"":0,""titles"":0,""finals"":0,""prizeMoney"":0,""points"":0}",,,,,,,,,,,,,,,,false,false,false,,104,44,15,0,0,0,0,0,10,5,0,0,0,29,11,estimated from season exits versus eligible schedule | 29 eligible events not entered,Amateur,normal,,,false,false,false,false,0,0,0,,0,false,,amateur,amateur,,,true,true,
2045/46,wp-ilyas-nakamura,Ilyas Nakamura,44,BEL,Veteran,Amateur,false,false,false,,0,0,,Amateur,,,,,,,,,,,,,71,73,71,69,65,83,63,8,31,0,0,0,,0,,,,,,,0,0,67,45,22,67.16417910447761,0,0,718032,"{""matches"":67,""wins"":45,""losses"":22,""draws"":0,""winPercentage"":67.16417910447761,""eventsEntered"":0,""titles"":0,""finals"":0,""prizeMoney"":718032,""points"":0}",,,,,,,,,,,,,,80,,false,false,false,,104,44,15,0,0,0,0,0,10,5,0,0,0,29,11,estimated from season exits versus eligible schedule | 29 eligible events not entered,Amateur,normal,,,false,false,false,false,0,0,0,,0,false,,amateur,amateur,,,true,true,
2045/46,wp-ilyas-tremblay,Ilyas Tremblay,34,IRL,Amateur,Amateur,false,false,false,,0,0,,Amateur,,,,,,,47,,,,,,71,74,73,70,68,80,61,22,36,9,4,5,44.44444444444444,0,,,,,,,0,190,228,142,86,62.28070175438597,1,0,989752,"{""matches"":228,""wins"":142,""losses"":86,""draws"":0,""winPercentage"":62.28070175438597,""eventsEntered"":0,""titles"":1,""finals"":0,""prizeMoney"":989752,""points"":0}",,,,,,,,,,,,,,69,,false,false,false,,104,42,15,0,0,0,0,0,10,5,0,0,0,27,11,estimated from season exits versus eligible schedule | 27 eligible events not entered,Amateur,normal,,,false,false,false,false,0,0,0,,0,false,,amateur,amateur,,,true,true,
2045/46,wp-ilyas-urban,Ilyas Urban,50,NED,Veteran,Amateur,false,false,false,,0,0,,Amateur,,,,,,,,,,,,,72,72,71,69,64,84,70,17,18,0,0,0,,0,,,,,,,0,0,14,14,0,100,0,0,0,"{""matches"":14,""wins"":14,""losses"":0,""draws"":0,""winPercentage"":100,""eventsEntered"":0,""titles"":0,""finals"":0,""prizeMoney"":0,""points"":0}",,,,,,,,,,,,,,,,false,false,false,,104,44,15,0,0,0,0,0,10,5,0,0,0,29,11,estimated from season exits versus eligible schedule | 29 eligible events not entered,Amateur,normal,,,false,false,false,false,0,0,0,,0,false,,amateur,amateur,,,true,true,
2045/46,wp-ilyas-verma,Ilyas Verma,41,CHN,Veteran,Amateur,false,false,false,,0,0,,Amateur,,,,,,,,,,,,,72,72,73,70,68,89,79,3,18,0,0,0,,0,,,,,,,0,0,14,14,0,100,0,0,0,"{""matches"":14,""wins"":14,""losses"":0,""draws"":0,""winPercentage"":100,""eventsEntered"":0,""titles"":0,""finals"":0,""prizeMoney"":0,""points"":0}",,,,,,,,,,,,,,,,false,false,false,,104,44,15,0,0,0,0,0,10,5,0,0,0,29,11,estimated from season exits versus eligible schedule | 29 eligible events not entered,Amateur,normal,,,false,false,false,false,0,0,0,,0,false,,amateur,amateur,,,true,true,
2045/46,wp-ilyas-yates,Ilyas Yates,42,PAK,Veteran,Amateur,false,false,false,,0,0,,Amateur,,,,,,,,,,,,,74,76,74,73,69,89,73,5,27,0,0,0,,0,,,,,,,0,0,16,14,2,87.5,0,0,287374,"{""matches"":16,""wins"":14,""losses"":2,""draws"":0,""winPercentage"":87.5,""eventsEntered"":0,""titles"":0,""finals"":0,""prizeMoney"":287374,""points"":0}",,,,,,,,,,,,,,87,,false,false,false,,104,44,15,0,0,0,0,0,10,5,0,0,0,29,11,estimated from season exits versus eligible schedule | 29 eligible events not entered,Amateur,normal,,,false,false,false,false,0,0,0,,0,false,,amateur,amateur,,,true,true,
2045/46,wp-ivan-ashford,Ivan Ashford,47,ESP,Veteran,Amateur,false,false,false,,0,0,,Amateur,,,,,,,,,,,,,72,72,71,70,65,86,73,12,18,0,0,0,,0,,,,,,,0,0,14,14,0,100,0,0,0,"{""matches"":14,""wins"":14,""losses"":0,""draws"":0,""winPercentage"":100,""eventsEntered"":0,""titles"":0,""finals"":0,""prizeMoney"":0,""points"":0}",,,,,,,,,,,,,,,,false,false,false,,104,44,15,0,0,0,0,0,10,5,0,0,0,29,11,estimated from season exits versus eligible schedule | 29 eligible events not entered,Amateur,normal,,,false,false,false,false,0,0,0,,0,false,,amateur,amateur,,,true,true,
2045/46,wp-ivan-barker,Ivan Barker,45,WAL,Veteran,Amateur,false,false,false,,0,0,,Amateur,,,,,,,,,,,,,72,72,72,70,66,87,75,9,18,0,0,0,,0,,,,,,,0,0,10,10,0,100,0,0,0,"{""matches"":10,""wins"":10,""losses"":0,""draws"":0,""winPercentage"":100,""eventsEntered"":0,""titles"":0,""finals"":0,""prizeMoney"":0,""points"":0}",,,,,,,,,,,,,,,,false,false,false,,104,44,15,0,0,0,0,0,10,5,0,0,0,29,11,estimated from season exits versus eligible schedule | 29 eligible events not entered,Amateur,normal,,,false,false,false,false,0,0,0,,0,false,,amateur,amateur,,,true,true,
2045/46,wp-ivan-drayton,Ivan Drayton,41,THA,Veteran,Amateur,false,false,false,,0,0,,Amateur,,,,,,,,,,,,,70,72,71,69,66,84,68,4,30,0,0,0,,0,,,,,,,0,0,104,70,34,67.3076923076923,2,0,247727,"{""matches"":104,""wins"":70,""losses"":34,""draws"":0,""winPercentage"":67.3076923076923,""eventsEntered"":0,""titles"":2,""finals"":0,""prizeMoney"":247727,""points"":0}",,,,,,,,,,,,,,93,,false,false,false,,104,44,15,0,0,0,0,0,10,5,0,0,0,29,11,estimated from season exits versus eligible schedule | 29 eligible events not entered,Amateur,normal,,,false,false,false,false,0,0,0,,0,false,,amateur,amateur,,,true,true,
2045/46,wp-ivan-kovacs,Ivan Kovacs,45,JPN,Veteran,Amateur,false,false,false,,0,0,,Amateur,,,,,,,,,,,,,72,72,72,70,66,87,75,9,18,0,0,0,,0,,,,,,,0,0,12,12,0,100,0,0,0,"{""matches"":12,""wins"":12,""losses"":0,""draws"":0,""winPercentage"":100,""eventsEntered"":0,""titles"":0,""finals"":0,""prizeMoney"":0,""points"":0}",,,,,,,,,,,,,,,,false,false,false,,104,44,15,0,0,0,0,0,10,5,0,0,0,29,11,estimated from season exits versus eligible schedule | 29 eligible events not entered,Amateur,normal,,,false,false,false,false,0,0,0,,0,false,,amateur,amateur,,,true,true,
2045/46,wp-ivan-petrov,Ivan Petrov,42,THA,Veteran,Amateur,false,false,false,,0,0,,Amateur,,,,,,,,,,,,,70,72,70,69,65,83,64,5,32,0,0,0,,0,,,,,,,0,0,88,58,30,65.9090909090909,0,0,994666,"{""matches"":88,""wins"":58,""losses"":30,""draws"":0,""winPercentage"":65.9090909090909,""eventsEntered"":0,""titles"":0,""finals"":0,""prizeMoney"":994666,""points"":0}",,,,,,,,,,,,,,81,,false,false,false,,104,44,15,0,0,0,0,0,10,5,0,0,0,29,11,estimated from season exits versus eligible schedule | 29 eligible events not entered,Amateur,normal,,,false,false,false,false,0,0,0,,0,false,,amateur,amateur,,,true,true,
2045/46,wp-ivan-rahman,Ivan Rahman,47,CAN,Veteran,Amateur,false,false,false,,0,0,,Amateur,,,,,,,,,,,,,70,72,69,68,63,81,61,13,26,0,0,0,,0,,,,,,,0,0,74,52,22,70.27027027027027,0,0,247438,"{""matches"":74,""wins"":52,""losses"":22,""draws"":0,""winPercentage"":70.27027027027027,""eventsEntered"":0,""titles"":0,""finals"":0,""prizeMoney"":247438,""points"":0}",,,,,,,,,,,,,,92,,false,false,false,,104,44,15,0,0,0,0,0,10,5,0,0,0,29,11,estimated from season exits versus eligible schedule | 29 eligible events not entered,Amateur,normal,,,false,false,false,false,0,0,0,,0,false,,amateur,amateur,,,true,true,
2045/46,wp-ivan-tremblay,Ivan Tremblay,63,JPN,Veteran,Amateur,false,false,false,,0,0,,Amateur,,,,,,,,,,,,,77,79,73,74,62,83,57,37,28,0,0,0,,0,,,,,,,0,0,12,12,0,100,0,0,320072,"{""matches"":12,""wins"":12,""losses"":0,""draws"":0,""winPercentage"":100,""eventsEntered"":0,""titles"":0,""finals"":0,""prizeMoney"":320072,""points"":0}",,,,,,,,,,,,,,85,,false,false,false,,104,44,15,0,0,0,0,0,10,5,0,0,0,29,11,estimated from season exits versus eligible schedule | 29 eligible events not entered,Amateur,normal,,,false,false,false,false,0,0,0,,0,false,,amateur,amateur,,,true,true,
2045/46,wp-ivan-verma,Ivan Verma,66,POL,Veteran,Amateur,false,false,false,,0,0,,Amateur,,,,,,,,,,,,,70,72,66,66,54,71,40,43,27,0,0,0,,0,,,,,,,0,0,25,16,9,64,0,0,198007,"{""matches"":25,""wins"":16,""losses"":9,""draws"":0,""winPercentage"":64,""eventsEntered"":0,""titles"":0,""finals"":0,""prizeMoney"":198007,""points"":0}",,,,,,,,,,,,,,82,,false,false,false,,104,44,15,0,0,0,0,0,10,5,0,0,0,29,11,estimated from season exits versus eligible schedule | 29 eligible events not entered,Amateur,normal,,,false,false,false,false,0,0,0,,0,false,,amateur,amateur,,,true,true,
2045/46,wp-ivan-whitaker,Ivan Whitaker,39,IND,Amateur,Amateur,false,false,false,,0,0,,Amateur,,,,,,,,,,,,,69,71,70,68,66,83,65,1,30,0,0,0,,0,,,,,,,0,0,79,48,31,60.75949367088608,0,0,764282,"{""matches"":79,""wins"":48,""losses"":31,""draws"":0,""winPercentage"":60.75949367088608,""eventsEntered"":0,""titles"":0,""finals"":0,""prizeMoney"":764282,""points"":0}",,,,,,,,,,,,,,83,,false,false,false,,104,42,15,0,0,0,0,0,10,5,0,0,0,27,11,estimated from season exits versus eligible schedule | 27 eligible events not entered,Amateur,normal,,,false,false,false,false,0,0,0,,0,false,,amateur,amateur,,,true,true,
2045/46,wp-ivan-yates,Ivan Yates,48,JPN,Veteran,Amateur,false,false,false,,0,0,,Amateur,,,,,,,,,,,,,72,72,71,69,65,85,72,14,18,0,0,0,,0,,,,,,,0,0,12,12,0,100,0,0,0,"{""matches"":12,""wins"":12,""losses"":0,""draws"":0,""winPercentage"":100,""eventsEntered"":0,""titles"":0,""finals"":0,""prizeMoney"":0,""points"":0}",,,,,,,,,,,,,,,,false,false,false,,104,44,15,0,0,0,0,0,10,5,0,0,0,29,11,estimated from season exits versus eligible schedule | 29 eligible events not entered,Amateur,normal,,,false,false,false,false,0,0,0,,0,false,,amateur,amateur,,,true,true,
2045/46,wp-jasper-ashford,Jasper Ashford,42,FRA,Veteran,Amateur,false,false,false,,0,0,,Amateur,,,,,,,,,,,,,72,72,72,70,67,88,78,4,18,0,0,0,,0,,,,,,,0,0,12,12,0,100,0,0,0,"{""matches"":12,""wins"":12,""losses"":0,""draws"":0,""winPercentage"":100,""eventsEntered"":0,""titles"":0,""finals"":0,""prizeMoney"":0,""points"":0}",,,,,,,,,,,,,,,,false,false,false,,104,44,15,0,0,0,0,0,10,5,0,0,0,29,11,estimated from season exits versus eligible schedule | 29 eligible events not entered,Amateur,normal,,,false,false,false,false,0,0,0,,0,false,,amateur,amateur,,,true,true,
2045/46,wp-jasper-barker,Jasper Barker,53,IRL,Veteran,Amateur,false,false,false,,0,0,,Amateur,,,,,,,,,,,,,78,84,76,78,68,85,52,23,51,0,0,0,,0,,,,,,,0,0,114,70,44,61.40350877192983,0,0,1946471,"{""matches"":114,""wins"":70,""losses"":44,""draws"":0,""winPercentage"":61.40350877192983,""eventsEntered"":0,""titles"":0,""finals"":0,""prizeMoney"":1946471,""points"":0}",,,,,,,,,,,,,,7,,false,false,false,,104,44,15,0,0,0,0,0,10,5,0,0,0,29,11,estimated from season exits versus eligible schedule | 29 eligible events not entered,Amateur,normal,,,false,false,false,false,0,0,0,,0,false,,senior,amateur,,,true,true,
2045/46,wp-jasper-caldwell,Jasper Caldwell,41,NED,Veteran,Amateur,false,false,false,,0,0,,Amateur,,,,,,,,,,,,,68,68,69,65,64,83,72,3,18,0,0,0,,0,,,,,,,0,0,16,13,3,81.25,0,0,0,"{""matches"":16,""wins"":13,""losses"":3,""draws"":0,""winPercentage"":81.25,""eventsEntered"":0,""titles"":0,""finals"":0,""prizeMoney"":0,""points"":0}",,,,,,,,,,,,,,,,false,false,false,,104,44,15,0,0,0,0,0,10,5,0,0,0,29,11,estimated from season exits versus eligible schedule | 29 eligible events not entered,Amateur,normal,,,false,false,false,false,0,0,0,,0,false,,amateur,amateur,,,true,true,
2045/46,wp-jasper-easton,Jasper Easton,72,BRA,Veteran,Senior Tour / Legend Circuit,false,false,false,,0,0,,Amateur,,,,,,,,,,10,,,69,69,63,66,50,71,52,54,26,1,1,0,100,1,,,,,,,0,16,92,69,23,75,4,0,0,"{""matches"":92,""wins"":69,""losses"":23,""draws"":0,""winPercentage"":75,""eventsEntered"":0,""titles"":4,""finals"":0,""prizeMoney"":0,""points"":0}",,,,,,,,,,,,,,,,false,false,false,,104,14,11,0,0,0,0,0,0,0,0,0,11,3,0,estimated from season exits versus eligible schedule | 3 eligible events not entered,Senior/Legend,normal,,,false,false,false,false,0,0,0,,1,false,,amateur,senior,,,true,true,
2045/46,wp-jasper-gallagher,Jasper Gallagher,44,NOR,Veteran,Amateur,false,false,false,,0,0,,Amateur,,,,,,,,,,,,,77,80,77,76,71,91,71,8,32,0,0,0,,0,,,,,,,0,0,15,13,2,86.66666666666667,0,0,416132,"{""matches"":15,""wins"":13,""losses"":2,""draws"":0,""winPercentage"":86.66666666666667,""eventsEntered"":0,""titles"":0,""finals"":0,""prizeMoney"":416132,""points"":0}",,,,,,,,,,,,,,65,,false,false,false,,104,44,15,0,0,0,0,0,10,5,0,0,0,29,11,estimated from season exits versus eligible schedule | 29 eligible events not entered,Amateur,normal,,,false,false,false,false,0,0,0,,0,false,,amateur,amateur,,,true,true,
2045/46,wp-jasper-langford,Jasper Langford,34,FRA,Amateur,Amateur,false,false,false,,0,0,,Amateur,,,,,,,32,,,,,,71,74,73,70,68,80,61,22,35,9,4,5,44.44444444444444,0,,,,,,,0,198,215,133,82,61.86046511627907,1,0,735956,"{""matches"":215,""wins"":133,""losses"":82,""draws"":0,""winPercentage"":61.86046511627907,""eventsEntered"":0,""titles"":1,""finals"":0,""prizeMoney"":735956,""points"":0}",,,,,,,,,,,,,,70,,false,false,false,,104,42,15,0,0,0,0,0,10,5,0,0,0,27,11,estimated from season exits versus eligible schedule | 27 eligible events not entered,Amateur,normal,,,false,false,false,false,0,0,0,,0,false,,amateur,amateur,,,true,true,
2045/46,wp-jasper-patel,Jasper Patel,47,AUS,Veteran,Amateur,false,false,false,,0,0,,Amateur,,,,,,,,,,,,,74,75,73,72,67,88,73,12,22,0,0,0,,0,,,,,,,0,0,12,12,0,100,0,0,166244,"{""matches"":12,""wins"":12,""losses"":0,""draws"":0,""winPercentage"":100,""eventsEntered"":0,""titles"":0,""finals"":0,""prizeMoney"":166244,""points"":0}",,,,,,,,,,,,,,113,,false,false,false,,104,44,15,0,0,0,0,0,10,5,0,0,0,29,11,estimated from season exits versus eligible schedule | 29 eligible events not entered,Amateur,normal,,,false,false,false,false,0,0,0,,0,false,,amateur,amateur,,,true,true,
2045/46,wp-jasper-petrov,Jasper Petrov,45,CHN,Veteran,Amateur,false,false,false,,0,0,,Amateur,,,,,,,,,,,,,71,73,71,70,65,83,63,10,32,0,0,0,,0,,,,,,,0,0,58,38,20,65.51724137931035,2,0,460477,"{""matches"":58,""wins"":38,""losses"":20,""draws"":0,""winPercentage"":65.51724137931035,""eventsEntered"":0,""titles"":2,""finals"":0,""prizeMoney"":460477,""points"":0}",,,,,,,,,,,,,,84,,false,false,false,,104,44,15,0,0,0,0,0,10,5,0,0,0,29,11,estimated from season exits versus eligible schedule | 29 eligible events not entered,Amateur,normal,,,false,false,false,false,0,0,0,,0,false,,amateur,amateur,,,true,true,
2045/46,wp-jasper-rahman,Jasper Rahman,48,BRA,Veteran,Amateur,false,false,false,,0,0,,Amateur,,,,,,,,,,,,,70,72,69,68,63,80,58,15,28,0,0,0,,0,,,,,,,0,0,46,30,16,65.21739130434783,0,0,422320,"{""matches"":46,""wins"":30,""losses"":16,""draws"":0,""winPercentage"":65.21739130434783,""eventsEntered"":0,""titles"":0,""finals"":0,""prizeMoney"":422320,""points"":0}",,,,,,,,,,,,,,85,,false,false,false,,104,44,15,0,0,0,0,0,10,5,0,0,0,29,11,estimated from season exits versus eligible schedule | 29 eligible events not entered,Amateur,normal,,,false,false,false,false,0,0,0,,0,false,,amateur,amateur,,,true,true,
2045/46,wp-jasper-sorensen,Jasper Sorensen,44,ITA,Veteran,Amateur,false,false,false,,0,0,,Amateur,,,,,,,,,,,,,69,71,69,67,63,81,63,8,25,0,0,0,,0,,,,,,,0,0,75,51,24,68,0,0,226047,"{""matches"":75,""wins"":51,""losses"":24,""draws"":0,""winPercentage"":68,""eventsEntered"":0,""titles"":0,""finals"":0,""prizeMoney"":226047,""points"":0}",,,,,,,,,,,,,,96,,false,false,false,,104,44,15,0,0,0,0,0,10,5,0,0,0,29,11,estimated from season exits versus eligible schedule | 29 eligible events not entered,Amateur,normal,,,false,false,false,false,0,0,0,,0,false,,amateur,amateur,,,true,true,
2045/46,wp-jasper-yates,Jasper Yates,51,NOR,Veteran,Amateur,false,false,false,,0,0,,Amateur,,,,,,,,,,,,,68,68,67,64,59,78,62,19,18,0,0,0,,0,,,,,,,0,0,12,10,2,83.33333333333334,0,0,0,"{""matches"":12,""wins"":10,""losses"":2,""draws"":0,""winPercentage"":83.33333333333334,""eventsEntered"":0,""titles"":0,""finals"":0,""prizeMoney"":0,""points"":0}",,,,,,,,,,,,,,,,false,false,false,,104,44,15,0,0,0,0,0,10,5,0,0,0,29,11,estimated from season exits versus eligible schedule | 29 eligible events not entered,Amateur,normal,,,false,false,false,false,0,0,0,,0,false,,amateur,amateur,,,true,true,
2045/46,wp-joel-forster,Joel Forster,46,ENG,Veteran,Amateur,false,false,false,,0,0,,Amateur,,,,,,,,,,,,,77,83,77,78,70,87,57,12,53,0,0,0,,0,,,,,,,0,0,162,92,70,56.79012345679012,0,0,2405165,"{""matches"":162,""wins"":92,""losses"":70,""draws"":0,""winPercentage"":56.79012345679012,""eventsEntered"":0,""titles"":0,""finals"":0,""prizeMoney"":2405165,""points"":0}",,,,,,,,,,,,,,8,,false,false,false,,104,44,15,0,0,0,0,0,10,5,0,0,0,29,11,estimated from season exits versus eligible schedule | 29 eligible events not entered,Amateur,normal,,,false,false,false,false,0,0,0,,0,false,,senior,amateur,,,true,true,
2045/46,wp-joel-iqbal,Joel Iqbal,45,IND,Veteran,Amateur,false,false,false,,0,0,,Amateur,,,,,,,,,,,,,72,72,72,70,66,87,75,9,18,0,0,0,,0,,,,,,,0,0,12,12,0,100,0,0,0,"{""matches"":12,""wins"":12,""losses"":0,""draws"":0,""winPercentage"":100,""eventsEntered"":0,""titles"":0,""finals"":0,""prizeMoney"":0,""points"":0}",,,,,,,,,,,,,,,,false,false,false,,104,44,15,0,0,0,0,0,10,5,0,0,0,29,11,estimated from season exits versus eligible schedule | 29 eligible events not entered,Amateur,normal,,,false,false,false,false,0,0,0,,0,false,,amateur,amateur,,,true,true,
2045/46,wp-joel-lombardi,Joel Lombardi,50,CAN,Veteran,Amateur,false,false,false,,0,0,,Amateur,,,,,,,,,,,,,79,82,78,78,71,91,70,17,30,0,0,0,,0,,,,,,,0,0,12,12,0,100,0,0,355312,"{""matches"":12,""wins"":12,""losses"":0,""draws"":0,""winPercentage"":100,""eventsEntered"":0,""titles"":0,""finals"":0,""prizeMoney"":355312,""points"":0}",,,,,,,,,,,,,,72,,false,false,false,,104,44,15,0,0,0,0,0,10,5,0,0,0,29,11,estimated from season exits versus eligible schedule | 29 eligible events not entered,Amateur,normal,,,false,false,false,false,0,0,0,,0,false,,amateur,amateur,,,true,true,
2045/46,wp-joel-otero,Joel Otero,35,THA,Amateur,Amateur,false,false,false,,0,0,,Amateur,,,,,,,52,,,,,,71,74,73,69,67,79,55,23,34,9,3,6,33.33333333333333,0,,,,,,,0,127,246,159,87,64.63414634146342,0,0,995819,"{""matches"":246,""wins"":159,""losses"":87,""draws"":0,""winPercentage"":64.63414634146342,""eventsEntered"":0,""titles"":0,""finals"":0,""prizeMoney"":995819,""points"":0}",,,,,,,,,,,,,,71,,false,false,false,,104,42,15,0,0,0,0,0,10,5,0,0,0,27,11,estimated from season exits versus eligible schedule | 27 eligible events not entered,Amateur,normal,,,false,false,false,false,0,0,0,,0,false,,amateur,amateur,,,true,true,
2045/46,wp-joel-tanaka,Joel Tanaka,42,GER,Veteran,Amateur,false,false,false,,0,0,,Amateur,,,,,,,,,,,,,73,73,73,71,68,89,78,4,20,0,0,0,,0,,,,,,,0,0,12,12,0,100,0,0,130856,"{""matches"":12,""wins"":12,""losses"":0,""draws"":0,""winPercentage"":100,""eventsEntered"":0,""titles"":0,""finals"":0,""prizeMoney"":130856,""points"":0}",,,,,,,,,,,,,,122,,false,false,false,,104,44,15,0,0,0,0,0,10,5,0,0,0,29,11,estimated from season exits versus eligible schedule | 29 eligible events not entered,Amateur,normal,,,false,false,false,false,0,0,0,,0,false,,amateur,amateur,,,true,true,
2045/46,wp-joel-urban,Joel Urban,42,POL,Veteran,Amateur,false,false,false,,0,0,,Amateur,,,,,,,,,,,,,69,71,69,67,64,82,64,5,28,0,0,0,,0,,,,,,,0,0,152,98,54,64.47368421052632,0,0,487937,"{""matches"":152,""wins"":98,""losses"":54,""draws"":0,""winPercentage"":64.47368421052632,""eventsEntered"":0,""titles"":0,""finals"":0,""prizeMoney"":487937,""points"":0}",,,,,,,,,,,,,,88,,false,false,false,,104,44,15,0,0,0,0,0,10,5,0,0,0,29,11,estimated from season exits versus eligible schedule | 29 eligible events not entered,Amateur,normal,,,false,false,false,false,0,0,0,,0,false,,amateur,amateur,,,true,true,
2045/46,wp-joel-verma,Joel Verma,51,IND,Veteran,Amateur,false,false,false,,0,0,,Amateur,,,,,,,,,,,,,64,64,63,60,55,73,55,20,18,0,0,0,,0,,,,,,,0,0,41,27,14,65.85365853658537,0,0,0,"{""matches"":41,""wins"":27,""losses"":14,""draws"":0,""winPercentage"":65.85365853658537,""eventsEntered"":0,""titles"":0,""finals"":0,""prizeMoney"":0,""points"":0}",,,,,,,,,,,,,,,,false,false,false,,104,44,15,0,0,0,0,0,10,5,0,0,0,29,11,estimated from season exits versus eligible schedule | 29 eligible events not entered,Amateur,normal,,,false,false,false,false,0,0,0,,0,false,,amateur,amateur,,,true,true,
2045/46,wp-joel-whitaker,Joel Whitaker,41,JPN,Veteran,Amateur,false,false,false,,0,0,,Amateur,,,,,,,,,,,,,72,72,73,70,68,89,79,3,18,0,0,0,,0,,,,,,,0,0,14,14,0,100,0,0,0,"{""matches"":14,""wins"":14,""losses"":0,""draws"":0,""winPercentage"":100,""eventsEntered"":0,""titles"":0,""finals"":0,""prizeMoney"":0,""points"":0}",,,,,,,,,,,,,,,,false,false,false,,104,44,15,0,0,0,0,0,10,5,0,0,0,29,11,estimated from season exits versus eligible schedule | 29 eligible events not entered,Amateur,normal,,,false,false,false,false,0,0,0,,0,false,,amateur,amateur,,,true,true,
2045/46,wp-joel-yates,Joel Yates,50,ESP,Veteran,Amateur,false,false,false,,0,0,,Amateur,,,,,,,,,,,,,67,67,66,63,59,77,60,18,18,0,0,0,,0,,,,,,,0,0,16,12,4,75,0,0,0,"{""matches"":16,""wins"":12,""losses"":4,""draws"":0,""winPercentage"":75,""eventsEntered"":0,""titles"":0,""finals"":0,""prizeMoney"":0,""points"":0}",,,,,,,,,,,,,,,,false,false,false,,104,44,15,0,0,0,0,0,10,5,0,0,0,29,11,estimated from season exits versus eligible schedule | 29 eligible events not entered,Amateur,normal,,,false,false,false,false,0,0,0,,0,false,,amateur,amateur,,,true,true,
2045/46,wp-jude-sloan,Jude Sloan,34,WAL,Amateur,Amateur,false,false,false,,0,0,,Amateur,72,72,,72,,,46,,,,72,,72,75,74,72,69,82,67,25,36,10,6,4,60,0,,,,,,,129789,807,197,122,75,61.92893401015228,1,0,991483,"{""matches"":197,""wins"":122,""losses"":75,""draws"":0,""winPercentage"":61.92893401015228,""eventsEntered"":0,""titles"":1,""finals"":0,""prizeMoney"":991483,""points"":0}",,,,,,,,,,,,,,67,,false,false,false,,104,42,15,0,0,0,0,0,10,5,0,0,0,27,11,estimated from season exits versus eligible schedule | 27 eligible events not entered,Amateur,normal,,,false,false,false,false,6,11,242812,,0,false,,amateur,amateur,,,true,true,
2045/46,wp-jude-sloan-a,Jude Sloan A,31,WAL,Amateur,Amateur,false,false,false,,0,0,,Amateur,,,,,,,26,,,,,,71,78,73,70,69,80,60,22,34,9,4,5,44.44444444444444,0,,,,,,,0,197,193,124,69,64.24870466321244,0,0,953904,"{""matches"":193,""wins"":124,""losses"":69,""draws"":0,""winPercentage"":64.24870466321244,""eventsEntered"":0,""titles"":0,""finals"":0,""prizeMoney"":953904,""points"":0}",,,,,,,,,,,,,,68,,false,false,false,,104,42,15,0,0,0,0,0,10,5,0,0,0,27,11,estimated from season exits versus eligible schedule | 27 eligible events not entered,Amateur,normal,,,false,false,false,false,0,5,112734,,0,false,,amateur,amateur,,,true,true,
2045/46,wp-jude-sloan-b,Jude Sloan B,31,WAL,Amateur,Amateur,false,false,false,,0,0,,Amateur,,,,,,,39,,,,,,72,78,74,70,70,81,60,22,33,9,4,5,44.44444444444444,0,,,,,,,0,196,204,135,69,66.17647058823529,0,0,746647,"{""matches"":204,""wins"":135,""losses"":69,""draws"":0,""winPercentage"":66.17647058823529,""eventsEntered"":0,""titles"":0,""finals"":0,""prizeMoney"":746647,""points"":0}",,,,,,,,,,,,,,69,,false,false,false,,104,42,15,0,0,0,0,0,10,5,0,0,0,27,11,estimated from season exits versus eligible schedule | 27 eligible events not entered,Amateur,normal,,,false,false,false,false,0,5,112445,,0,false,,amateur,amateur,,,true,true,
2045/46,wp-jude-sloan-c,Jude Sloan C,29,IRL,Amateur,Q School,false,false,false,,0,0,,Amateur,,,,,,,10,16,15,,,,71,78,73,70,69,81,64,22,32,9,5,4,55.55555555555556,0,,,,,,,0,255,150,98,52,65.33333333333333,0,0,652991,"{""matches"":150,""wins"":98,""losses"":52,""draws"":0,""winPercentage"":65.33333333333333,""eventsEntered"":0,""titles"":0,""finals"":0,""prizeMoney"":652991,""points"":0}",,,,,,,,,,,,,,72,,false,false,false,,104,42,4,0,0,0,0,0,0,4,0,0,0,38,22,estimated from season exits versus eligible schedule | 38 eligible events not entered,Q School,normal,,,false,false,false,false,0,0,0,,0,false,,qSchool,qSchool,,,true,true,
2045/46,wp-jude-sloan-d,Jude Sloan D,29,IRL,Amateur,Amateur,false,false,false,,0,0,,Amateur,73,73,,73,,,34,,,,73,,73,91,75,72,72,84,65,16,34,7,4,3,57.14285714285714,0,,,,,,,92500,575,146,96,50,65.75342465753424,0,0,933092,"{""matches"":146,""wins"":96,""losses"":50,""draws"":0,""winPercentage"":65.75342465753424,""eventsEntered"":0,""titles"":0,""finals"":0,""prizeMoney"":933092,""points"":0}",,,,,,,,,,,,,,70,,false,false,false,,104,42,15,0,0,0,0,0,10,5,0,0,0,27,11,estimated from season exits versus eligible schedule | 27 eligible events not entered,Amateur,normal,,,false,false,false,false,4,9,204656,,0,false,no tour access,amateur,amateur,,,true,true,
2045/46,wp-jude-sloan-f,Jude Sloan F,26,IRL,Amateur,Q School,false,false,false,,0,0,,Amateur,,,,,,,2,2,5,,,,72,77,74,71,69,79,68,43,32,16,10,6,62.5,0,,,,,,,0,493,134,88,46,65.67164179104478,1,0,406422,"{""matches"":134,""wins"":88,""losses"":46,""draws"":0,""winPercentage"":65.67164179104478,""eventsEntered"":0,""titles"":1,""finals"":0,""prizeMoney"":406422,""points"":0}",,,,,,,,,,,,,,75,,false,false,false,,104,42,6,0,0,0,0,0,1,5,0,0,0,36,20,estimated from season exits versus eligible schedule | 36 eligible events not entered,Q School,too high,,,false,false,false,false,0,0,0,,0,false,,qSchool,qSchool,,,true,true,
2045/46,wp-jude-sloan-h,Jude Sloan H,23,IRL,Amateur,Q School,false,false,false,,0,0,,Amateur,76,76,,76,,,18,15,14,,76,,74,87,76,73,73,86,66,16,33,7,4,3,57.14285714285714,0,,,,,,,91633,570,86,59,27,68.6046511627907,1,0,445156,"{""matches"":86,""wins"":59,""losses"":27,""draws"":0,""winPercentage"":68.6046511627907,""eventsEntered"":0,""titles"":1,""finals"":0,""prizeMoney"":445156,""points"":0}",,,,,,,,,,,,,,71,,false,false,false,,104,42,4,0,0,0,0,0,0,4,0,0,0,38,22,estimated from season exits versus eligible schedule | 38 eligible events not entered,Q School,normal,,,false,false,false,false,4,10,222000,,0,false,,qSchool,qSchool,,,true,true,
2045/46,wp-jude-sloan-l,Jude Sloan L,18,AUS,Amateur,Q School,false,false,false,,0,0,,Amateur,,,,,,,6,5,7,,,,66,73,68,63,65,79,72,18,18,8,6,2,75,0,,,,,,,0,142,31,22,9,70.96774193548387,0,0,0,"{""matches"":31,""wins"":22,""losses"":9,""draws"":0,""winPercentage"":70.96774193548387,""eventsEntered"":0,""titles"":0,""finals"":0,""prizeMoney"":0,""points"":0}",,,,,,,,,,,,,,,,false,false,false,,104,42,4,0,0,0,0,0,0,4,0,0,0,38,22,estimated from season exits versus eligible schedule | 38 eligible events not entered,Q School,normal,,,false,false,false,false,0,0,0,,0,false,,qSchool,qSchool,,,true,true,
2045/46,wp-jude-sloan-m,Jude Sloan M,17,WAL,Youth,Amateur,false,false,false,,0,0,,Amateur,,,,,,,,,,,,,65,80,67,62,64,78,72,18,18,8,6,2,75,0,,,,,,,0,138,15,10,5,66.66666666666666,0,0,0,"{""matches"":15,""wins"":10,""losses"":5,""draws"":0,""winPercentage"":66.66666666666666,""eventsEntered"":0,""titles"":0,""finals"":0,""prizeMoney"":0,""points"":0}",,,,,,,,,,,,,,,,false,false,false,,104,61,10,0,0,0,0,0,5,5,0,0,0,51,16,estimated from season exits versus eligible schedule | 51 eligible events not entered,Youth,normal,,,false,false,false,false,0,0,0,,0,false,,youth,youth,,,true,true,
2045/46,wp-jude-sloan-n,Jude Sloan N,17,WAL,Youth,Amateur,false,false,false,,0,0,,Amateur,,,,,,,,,,,,,64,83,66,61,62,75,67,19,18,8,5,3,62.5,0,,,,,,,0,111,8,5,3,62.5,0,0,0,"{""matches"":8,""wins"":5,""losses"":3,""draws"":0,""winPercentage"":62.5,""eventsEntered"":0,""titles"":0,""finals"":0,""prizeMoney"":0,""points"":0}",,,,,,,,,,,,,,,,false,false,false,,104,61,10,0,0,0,0,0,5,5,0,0,0,51,16,estimated from season exits versus eligible schedule | 51 eligible events not entered,Youth,normal,,,false,false,false,false,0,0,0,,0,false,,youth,youth,,,true,true,
2045/46,wp-jude-sloan-o,Jude Sloan O,14,WAL,Youth,Amateur,false,false,false,,0,0,,Amateur,,,,,,,,,,,,,53,91,55,47,53,62,42,0,18,,,,,,,,,,,,,,0,0,0,0,0,0,0,"{""matches"":0,""wins"":0,""losses"":0,""draws"":0,""winPercentage"":0,""eventsEntered"":0,""titles"":0,""finals"":0,""prizeMoney"":0,""points"":0}",,,,,,,,,,,,,,,,,false,false,,104,61,10,0,0,0,0,0,5,5,0,0,0,51,16,estimated from season exits versus eligible schedule | 51 eligible events not entered,Youth,normal,,,false,false,false,false,0,0,0,,0,false,,youth,youth,,,true,true,
2045/46,wp-kai-pryce-a,Kai Pryce A,34,AUS,Amateur,Amateur,false,false,false,,0,0,,Amateur,,,,,,,48,,,,,,69,71,71,67,66,78,60,22,30,9,4,5,44.44444444444444,0,,,,,,,0,189,205,124,81,60.48780487804878,0,0,668601,"{""matches"":205,""wins"":124,""losses"":81,""draws"":0,""winPercentage"":60.48780487804878,""eventsEntered"":0,""titles"":0,""finals"":0,""prizeMoney"":668601,""points"":0}",,,,,,,,,,,,,,80,,false,false,false,,104,42,15,0,0,0,0,0,10,5,0,0,0,27,11,estimated from season exits versus eligible schedule | 27 eligible events not entered,Amateur,normal,,,false,false,false,false,0,0,0,,0,false,,amateur,amateur,,,true,true,
2045/46,wp-kai-pryce-c,Kai Pryce C,31,AUS,Amateur,Amateur,false,false,false,,0,0,,Amateur,,,,,,,40,,,,,,71,74,73,70,69,80,61,22,33,9,4,5,44.44444444444444,0,,,,,,,0,194,176,112,64,63.63636363636363,1,0,569454,"{""matches"":176,""wins"":112,""losses"":64,""draws"":0,""winPercentage"":63.63636363636363,""eventsEntered"":0,""titles"":1,""finals"":0,""prizeMoney"":569454,""points"":0}",,,,,,,,,,,,,,76,,false,false,false,,104,42,15,0,0,0,0,0,10,5,0,0,0,27,11,estimated from season exits versus eligible schedule | 27 eligible events not entered,Amateur,normal,,,false,false,false,false,0,4,91922,,0,false,,amateur,amateur,,,true,true,
2045/46,wp-kai-pryce-d,Kai Pryce D,29,CHN,Amateur,Amateur,false,false,false,,0,0,,Amateur,78,78,,78,,,35,,,,78,,71,90,73,69,70,82,62,13,31,6,3,3,50,0,,,,,,,72555,451,143,91,52,63.63636363636363,0,0,772665,"{""matches"":143,""wins"":91,""losses"":52,""draws"":0,""winPercentage"":63.63636363636363,""eventsEntered"":0,""titles"":0,""finals"":0,""prizeMoney"":772665,""points"":0}",,,,,,,,,,,,,,77,,false,false,false,,104,42,15,0,0,0,0,0,10,5,0,0,0,27,11,estimated from season exits versus eligible schedule | 27 eligible events not entered,Amateur,normal,,,false,false,false,false,3,7,164188,,0,false,no tour access,amateur,amateur,,,true,true,
2045/46,wp-kai-pryce-f,Kai Pryce F,26,CHN,Amateur,Q School,false,false,false,,0,0,,Amateur,,,,,,,3,3,6,,,,70,78,72,68,67,77,65,43,28,16,9,7,56.25,0,,,,,,,0,447,135,88,47,65.18518518518519,0,0,324618,"{""matches"":135,""wins"":88,""losses"":47,""draws"":0,""winPercentage"":65.18518518518519,""eventsEntered"":0,""titles"":0,""finals"":0,""prizeMoney"":324618,""points"":0}",,,,,,,,,,,,,,83,,false,false,false,,104,42,7,0,0,0,0,0,2,5,0,0,0,35,19,estimated from season exits versus eligible schedule | 35 eligible events not entered,Q School,too high,,,false,false,false,false,0,0,0,,0,false,,qSchool,qSchool,,,true,true,
2045/46,wp-kai-pryce-h,Kai Pryce H,24,WAL,Amateur,Q School,false,false,false,,0,0,,Amateur,81,81,,81,,,24,25,24,,81,,71,80,73,70,70,84,69,12,29,6,4,2,66.66666666666666,0,,,,,,,90188,561,103,70,33,67.96116504854369,0,0,345142,"{""matches"":103,""wins"":70,""losses"":33,""draws"":0,""winPercentage"":67.96116504854369,""eventsEntered"":0,""titles"":0,""finals"":0,""prizeMoney"":345142,""points"":0}",,,,,,,,,,,,,,78,,false,false,false,,104,42,4,0,0,0,0,0,0,4,0,0,0,38,22,estimated from season exits versus eligible schedule | 38 eligible events not entered,Q School,normal,,,false,false,false,false,4,8,181532,,0,false,,qSchool,qSchool,,,true,true,
2045/46,wp-kai-pryce-j,Kai Pryce J,21,WAL,Amateur,Q School,false,false,false,,0,0,,Amateur,,,,,,,5,7,2,,,,70,78,72,68,67,78,64,34,28,13,7,6,53.84615384615385,0,,,,,,,0,303,53,33,20,62.264150943396224,0,0,162164,"{""matches"":53,""wins"":33,""losses"":20,""draws"":0,""winPercentage"":62.264150943396224,""eventsEntered"":0,""titles"":0,""finals"":0,""prizeMoney"":162164,""points"":0}",,,,,,,,,,,,,,79,,false,false,false,,104,42,6,0,0,0,0,0,1,5,0,0,0,36,20,estimated from season exits versus eligible schedule | 36 eligible events not entered,Q School,too high,,,false,false,false,false,0,4,91055,,0,false,,qSchool,qSchool,,,true,true,
2045/46,wp-kai-pryce-l,Kai Pryce L,21,WAL,Amateur,Q School,false,false,false,,0,0,,Amateur,84,84,,84,,,11,8,9,,84,,71,79,73,69,70,82,62,13,27,6,3,3,50,0,,,,,,,70820,440,56,38,18,67.85714285714286,0,0,161297,"{""matches"":56,""wins"":38,""losses"":18,""draws"":0,""winPercentage"":67.85714285714286,""eventsEntered"":0,""titles"":0,""finals"":0,""prizeMoney"":161297,""points"":0}",,,,,,,,,,,,,,81,,false,false,false,,104,42,4,0,0,0,0,0,0,4,0,0,0,38,22,estimated from season exits versus eligible schedule | 38 eligible events not entered,Q School,normal,,,false,false,false,false,3,7,161297,,0,false,,qSchool,qSchool,,,true,true,
2045/46,wp-kai-pryce-n,Kai Pryce N,15,CHN,Youth,Amateur,false,false,false,,0,0,,Amateur,,,,,,,,,,,,,67,84,69,64,66,80,72,18,18,8,6,2,75,0,,,,,,,0,132,8,6,2,75,0,0,0,"{""matches"":8,""wins"":6,""losses"":2,""draws"":0,""winPercentage"":75,""eventsEntered"":0,""titles"":0,""finals"":0,""prizeMoney"":0,""points"":0}",,,,,,,,,,,,,,,,false,false,false,,104,61,10,0,0,0,0,0,5,5,0,0,0,51,16,estimated from season exits versus eligible schedule | 51 eligible events not entered,Youth,normal,,,false,false,false,false,0,0,0,,0,false,,youth,youth,,,true,true,
2045/46,wp-kai-pryce-o,Kai Pryce O,15,CHN,Youth,Amateur,false,false,false,,0,0,,Amateur,,,,,,,,,,,,,53,92,55,47,53,62,42,0,18,,,,,,,,,,,,,,0,0,0,0,0,0,0,"{""matches"":0,""wins"":0,""losses"":0,""draws"":0,""winPercentage"":0,""eventsEntered"":0,""titles"":0,""finals"":0,""prizeMoney"":0,""points"":0}",,,,,,,,,,,,,,,,,false,false,,104,61,10,0,0,0,0,0,5,5,0,0,0,51,16,estimated from season exits versus eligible schedule | 51 eligible events not entered,Youth,normal,,,false,false,false,false,0,0,0,,0,false,,youth,youth,,,true,true,
2045/46,wp-kaito-ashford,Kaito Ashford,45,ENG,Veteran,Amateur,false,false,false,,0,0,,Amateur,,,,,,,,,,,,,72,72,72,70,66,87,75,9,18,0,0,0,,0,,,,,,,0,0,8,8,0,100,0,0,0,"{""matches"":8,""wins"":8,""losses"":0,""draws"":0,""winPercentage"":100,""eventsEntered"":0,""titles"":0,""finals"":0,""prizeMoney"":0,""points"":0}",,,,,,,,,,,,,,,,false,false,false,,104,44,15,0,0,0,0,0,10,5,0,0,0,29,11,estimated from season exits versus eligible schedule | 29 eligible events not entered,Amateur,normal,,,false,false,false,false,0,0,0,,0,false,,amateur,amateur,,,true,true,
2045/46,wp-kaito-barker,Kaito Barker,41,NIR,Veteran,Amateur,false,false,false,,0,0,,Amateur,,,,,,,,,,,,,72,72,73,70,68,89,79,3,18,0,0,0,,0,,,,,,,0,0,14,14,0,100,0,0,0,"{""matches"":14,""wins"":14,""losses"":0,""draws"":0,""winPercentage"":100,""eventsEntered"":0,""titles"":0,""finals"":0,""prizeMoney"":0,""points"":0}",,,,,,,,,,,,,,,,false,false,false,,104,44,15,0,0,0,0,0,10,5,0,0,0,29,11,estimated from season exits versus eligible schedule | 29 eligible events not entered,Amateur,normal,,,false,false,false,false,0,0,0,,0,false,,amateur,amateur,,,true,true,
2045/46,wp-kaito-caldwell,Kaito Caldwell,50,POL,Veteran,Amateur,false,false,false,,0,0,,Amateur,,,,,,,,,,,,,72,72,71,69,64,84,70,17,18,0,0,0,,0,,,,,,,0,0,14,14,0,100,0,0,0,"{""matches"":14,""wins"":14,""losses"":0,""draws"":0,""winPercentage"":100,""eventsEntered"":0,""titles"":0,""finals"":0,""prizeMoney"":0,""points"":0}",,,,,,,,,,,,,,,,false,false,false,,104,44,15,0,0,0,0,0,10,5,0,0,0,29,11,estimated from season exits versus eligible schedule | 29 eligible events not entered,Amateur,normal,,,false,false,false,false,0,0,0,,0,false,,amateur,amateur,,,true,true,
2045/46,wp-kaito-drayton,Kaito Drayton,68,IND,Veteran,Senior Tour / Legend Circuit,false,false,false,,0,0,,Amateur,,,,,,,,,,12,,,71,71,66,68,53,71,51,60,32,5,4,1,80,0,,,,,,,0,158,79,57,22,72.15189873417721,7,0,0,"{""matches"":79,""wins"":57,""losses"":22,""draws"":0,""winPercentage"":72.15189873417721,""eventsEntered"":0,""titles"":7,""finals"":0,""prizeMoney"":0,""points"":0}",,,,,,,,,,,,,,,,false,false,false,,104,14,11,0,0,0,0,0,0,0,0,0,11,3,0,estimated from season exits versus eligible schedule | 3 eligible events not entered,Senior/Legend,normal,,,false,false,false,false,0,0,0,,1,false,,amateur,senior,,,true,true,
2045/46,wp-kaito-easton,Kaito Easton,42,THA,Veteran,Amateur,false,false,false,,0,0,,Amateur,,,,,,,,,,,,,76,78,76,75,71,92,78,4,25,0,0,0,,0,,,,,,,0,0,12,12,0,100,0,0,251362,"{""matches"":12,""wins"":12,""losses"":0,""draws"":0,""winPercentage"":100,""eventsEntered"":0,""titles"":0,""finals"":0,""prizeMoney"":251362,""points"":0}",,,,,,,,,,,,,,98,,false,false,false,,104,44,15,0,0,0,0,0,10,5,0,0,0,29,11,estimated from season exits versus eligible schedule | 29 eligible events not entered,Amateur,normal,,,false,false,false,false,0,0,0,,0,false,,amateur,amateur,,,true,true,
2045/46,wp-kaito-forster,Kaito Forster,45,ESP,Veteran,Amateur,false,false,false,,0,0,,Amateur,,,,,,,,,,,,,72,72,72,70,66,87,75,9,18,0,0,0,,0,,,,,,,0,0,12,12,0,100,0,0,0,"{""matches"":12,""wins"":12,""losses"":0,""draws"":0,""winPercentage"":100,""eventsEntered"":0,""titles"":0,""finals"":0,""prizeMoney"":0,""points"":0}",,,,,,,,,,,,,,,,false,false,false,,104,44,15,0,0,0,0,0,10,5,0,0,0,29,11,estimated from season exits versus eligible schedule | 29 eligible events not entered,Amateur,normal,,,false,false,false,false,0,0,0,,0,false,,amateur,amateur,,,true,true,
2045/46,wp-kaito-nakamura,Kaito Nakamura,51,NIR,Veteran,Amateur,false,false,false,,0,0,,Amateur,,,,,,,,,,,,,79,85,78,80,70,87,54,20,55,0,0,0,,0,,,,,,,0,0,121,70,51,57.85123966942148,2,0,1909343,"{""matches"":121,""wins"":70,""losses"":51,""draws"":0,""winPercentage"":57.85123966942148,""eventsEntered"":0,""titles"":2,""finals"":0,""prizeMoney"":1909343,""points"":0}",,,,,,,,,,,,,,2,,false,false,false,,104,44,15,0,0,0,0,0,10,5,0,0,0,29,11,estimated from season exits versus eligible schedule | 29 eligible events not entered,Amateur,normal,,,false,false,false,false,0,0,0,,0,false,,senior,amateur,,,true,true,
2045/46,wp-kaito-sorensen,Kaito Sorensen,60,ESP,Veteran,Amateur,false,false,false,,0,0,,Amateur,,,,,,,,,,,,,71,73,68,67,58,76,49,34,27,0,0,0,,0,,,,,,,0,0,29,21,8,72.41379310344827,0,0,212461,"{""matches"":29,""wins"":21,""losses"":8,""draws"":0,""winPercentage"":72.41379310344827,""eventsEntered"":0,""titles"":0,""finals"":0,""prizeMoney"":212461,""points"":0}",,,,,,,,,,,,,,86,,false,false,false,,104,44,15,0,0,0,0,0,10,5,0,0,0,29,11,estimated from season exits versus eligible schedule | 29 eligible events not entered,Amateur,normal,,,false,false,false,false,0,0,0,,0,false,,amateur,amateur,,,true,true,
2045/46,wp-kaito-tremblay,Kaito Tremblay,40,WAL,Veteran,Amateur,false,false,false,,0,0,,Amateur,,,,,,,,,,,,,63,63,64,60,59,77,64,2,18,0,0,0,,0,,,,,,,0,0,47,28,19,59.57446808510638,0,0,0,"{""matches"":47,""wins"":28,""losses"":19,""draws"":0,""winPercentage"":59.57446808510638,""eventsEntered"":0,""titles"":0,""finals"":0,""prizeMoney"":0,""points"":0}",,,,,,,,,,,,,,,,false,false,false,,104,44,15,0,0,0,0,0,10,5,0,0,0,29,11,estimated from season exits versus eligible schedule | 29 eligible events not entered,Amateur,normal,,,false,false,false,false,0,0,0,,0,false,,amateur,amateur,,,true,true,
2045/46,wp-kaito-vos,Kaito Vos,51,SWE,Veteran,Amateur,false,false,false,,0,0,,Amateur,,,,,,,,,,,,,73,77,72,72,64,81,53,20,40,0,0,0,,0,,,,,,,0,0,84,51,33,60.71428571428571,0,0,1403473,"{""matches"":84,""wins"":51,""losses"":33,""draws"":0,""winPercentage"":60.71428571428571,""eventsEntered"":0,""titles"":0,""finals"":0,""prizeMoney"":1403473,""points"":0}",,,,,,,,,,,,,,51,,false,false,false,,104,44,15,0,0,0,0,0,10,5,0,0,0,29,11,estimated from season exits versus eligible schedule | 29 eligible events not entered,Amateur,normal,,,false,false,false,false,0,0,0,,0,false,,senior,amateur,,,true,true,
2045/46,wp-kieran-ashford,Kieran Ashford,45,IRL,Veteran,Amateur,false,false,false,,0,0,,Amateur,,,,,,,,,,,,,72,72,72,70,66,87,75,9,18,0,0,0,,0,,,,,,,0,0,10,10,0,100,0,0,0,"{""matches"":10,""wins"":10,""losses"":0,""draws"":0,""winPercentage"":100,""eventsEntered"":0,""titles"":0,""finals"":0,""prizeMoney"":0,""points"":0}",,,,,,,,,,,,,,,,false,false,false,,104,44,15,0,0,0,0,0,10,5,0,0,0,29,11,estimated from season exits versus eligible schedule | 29 eligible events not entered,Amateur,normal,,,false,false,false,false,0,0,0,,0,false,,amateur,amateur,,,true,true,
2045/46,wp-kieran-iqbal,Kieran Iqbal,39,NED,Amateur,Amateur,false,false,false,,0,0,,Amateur,,,,,,,,,,,,,67,69,68,65,64,81,66,1,26,0,0,0,,0,,,,,,,0,0,121,75,46,61.98347107438017,0,0,387716,"{""matches"":121,""wins"":75,""losses"":46,""draws"":0,""winPercentage"":61.98347107438017,""eventsEntered"":0,""titles"":0,""finals"":0,""prizeMoney"":387716,""points"":0}",,,,,,,,,,,,,,97,,false,false,false,,104,42,15,0,0,0,0,0,10,5,0,0,0,27,11,estimated from season exits versus eligible schedule | 27 eligible events not entered,Amateur,normal,,,false,false,false,false,0,0,0,,0,false,,amateur,amateur,,,true,true,
2045/46,wp-kieran-janssen,Kieran Janssen,46,NOR,Veteran,Amateur,false,false,false,,0,0,,Amateur,,,,,,,,,,,,,72,72,72,70,66,86,74,11,18,0,0,0,,0,,,,,,,0,0,12,12,0,100,0,0,0,"{""matches"":12,""wins"":12,""losses"":0,""draws"":0,""winPercentage"":100,""eventsEntered"":0,""titles"":0,""finals"":0,""prizeMoney"":0,""points"":0}",,,,,,,,,,,,,,,,false,false,false,,104,44,15,0,0,0,0,0,10,5,0,0,0,29,11,estimated from season exits versus eligible schedule | 29 eligible events not entered,Amateur,normal,,,false,false,false,false,0,0,0,,0,false,,amateur,amateur,,,true,true,
2045/46,wp-kieran-petrov,Kieran Petrov,40,BRA,Veteran,Amateur,false,false,false,,0,0,,Amateur,,,,,,,,,,,,,69,71,70,67,65,83,65,2,29,0,0,0,,0,,,,,,,0,0,135,85,50,62.96296296296296,0,0,673516,"{""matches"":135,""wins"":85,""losses"":50,""draws"":0,""winPercentage"":62.96296296296296,""eventsEntered"":0,""titles"":0,""finals"":0,""prizeMoney"":673516,""points"":0}",,,,,,,,,,,,,,87,,false,false,false,,104,44,15,0,0,0,0,0,10,5,0,0,0,29,11,estimated from season exits versus eligible schedule | 29 eligible events not entered,Amateur,normal,,,false,false,false,false,0,0,0,,0,false,,amateur,amateur,,,true,true,
2045/46,wp-kieran-sorensen,Kieran Sorensen,52,SCO,Veteran,Amateur,false,false,false,,0,0,,Amateur,,,,,,,,,,,,,77,83,75,77,68,84,51,21,49,0,0,0,,0,,,,,,,0,0,86,49,37,56.97674418604651,0,0,1584438,"{""matches"":86,""wins"":49,""losses"":37,""draws"":0,""winPercentage"":56.97674418604651,""eventsEntered"":0,""titles"":0,""finals"":0,""prizeMoney"":1584438,""points"":0}",,,,,,,,,,,,,,5,,false,false,false,,104,44,15,0,0,0,0,0,10,5,0,0,0,29,11,estimated from season exits versus eligible schedule | 29 eligible events not entered,Amateur,normal,,,false,false,false,false,0,0,0,,0,false,,senior,amateur,,,true,true,
2045/46,wp-kieran-urban,Kieran Urban,44,AUS,Veteran,Amateur,false,false,false,,0,0,,Amateur,,,,,,,,,,,,,68,70,68,66,62,80,61,9,27,0,0,0,,0,,,,,,,0,0,37,23,14,62.16216216216216,0,0,357282,"{""matches"":37,""wins"":23,""losses"":14,""draws"":0,""winPercentage"":62.16216216216216,""eventsEntered"":0,""titles"":0,""finals"":0,""prizeMoney"":357282,""points"":0}",,,,,,,,,,,,,,88,,false,false,false,,104,44,15,0,0,0,0,0,10,5,0,0,0,29,11,estimated from season exits versus eligible schedule | 29 eligible events not entered,Amateur,normal,,,false,false,false,false,0,0,0,,0,false,,amateur,amateur,,,true,true,
2045/46,wp-kieran-verma,Kieran Verma,47,PAK,Veteran,Amateur,false,false,false,,0,0,,Amateur,,,,,,,,,,,,,70,72,69,67,63,81,60,13,26,0,0,0,,0,,,,,,,0,0,25,17,8,68,0,0,209571,"{""matches"":25,""wins"":17,""losses"":8,""draws"":0,""winPercentage"":68,""eventsEntered"":0,""titles"":0,""finals"":0,""prizeMoney"":209571,""points"":0}",,,,,,,,,,,,,,89,,false,false,false,,104,44,15,0,0,0,0,0,10,5,0,0,0,29,11,estimated from season exits versus eligible schedule | 29 eligible events not entered,Amateur,normal,,,false,false,false,false,0,0,0,,0,false,,amateur,amateur,,,true,true,
2045/46,wp-kieran-whitaker,Kieran Whitaker,39,NOR,Amateur,Amateur,false,false,false,,0,0,,Amateur,,,,,,,,,,,,,68,70,69,66,65,82,64,1,27,0,0,0,,0,,,,,,,0,0,203,117,86,57.635467980295566,0,0,326641,"{""matches"":203,""wins"":117,""losses"":86,""draws"":0,""winPercentage"":57.635467980295566,""eventsEntered"":0,""titles"":0,""finals"":0,""prizeMoney"":326641,""points"":0}",,,,,,,,,,,,,,86,,false,false,false,,104,42,15,0,0,0,0,0,10,5,0,0,0,27,11,estimated from season exits versus eligible schedule | 27 eligible events not entered,Amateur,normal,,,false,false,false,false,0,0,0,,0,false,,amateur,amateur,,,true,true,
2045/46,wp-kieran-yates,Kieran Yates,36,FRA,Amateur,Amateur,false,false,false,,0,0,,Amateur,,,,,,,,,,,,,68,70,70,66,66,83,67,0,26,0,0,0,,0,,,,,,,0,0,207,129,78,62.31884057971014,0,0,406711,"{""matches"":207,""wins"":129,""losses"":78,""draws"":0,""winPercentage"":62.31884057971014,""eventsEntered"":0,""titles"":0,""finals"":0,""prizeMoney"":406711,""points"":0}",,,,,,,,,,,,,,94,,false,false,false,,104,42,15,0,0,0,0,0,10,5,0,0,0,27,11,estimated from season exits versus eligible schedule | 27 eligible events not entered,Amateur,normal,,,false,false,false,false,0,0,0,,0,false,,amateur,amateur,,,true,true,
2045/46,wp-lennon-barker,Lennon Barker,47,BEL,Veteran,Amateur,false,false,false,,0,0,,Amateur,,,,,,,,,,,,,68,70,67,65,61,78,58,13,25,0,0,0,,0,,,,,,,0,0,74,47,27,63.51351351351351,0,0,145399,"{""matches"":74,""wins"":47,""losses"":27,""draws"":0,""winPercentage"":63.51351351351351,""eventsEntered"":0,""titles"":0,""finals"":0,""prizeMoney"":145399,""points"":0}",,,,,,,,,,,,,,95,,false,false,false,,104,44,15,0,0,0,0,0,10,5,0,0,0,29,11,estimated from season exits versus eligible schedule | 29 eligible events not entered,Amateur,normal,,,false,false,false,false,0,0,0,,0,false,,amateur,amateur,,,true,true,
2045/46,wp-lennon-caldwell,Lennon Caldwell,44,AUS,Veteran,Amateur,false,false,false,,0,0,,Amateur,,,,,,,,,,,,,68,68,68,65,62,82,69,8,18,0,0,0,,0,,,,,,,0,0,18,15,3,83.33333333333334,0,0,0,"{""matches"":18,""wins"":15,""losses"":3,""draws"":0,""winPercentage"":83.33333333333334,""eventsEntered"":0,""titles"":0,""finals"":0,""prizeMoney"":0,""points"":0}",,,,,,,,,,,,,,,,false,false,false,,104,44,15,0,0,0,0,0,10,5,0,0,0,29,11,estimated from season exits versus eligible schedule | 29 eligible events not entered,Amateur,normal,,,false,false,false,false,0,0,0,,0,false,,amateur,amateur,,,true,true,
2045/46,wp-lennon-drayton,Lennon Drayton,47,PAK,Veteran,Amateur,false,false,false,,0,0,,Amateur,,,,,,,,,,,,,72,72,71,70,65,86,73,12,18,0,0,0,,0,,,,,,,0,0,8,8,0,100,0,0,0,"{""matches"":8,""wins"":8,""losses"":0,""draws"":0,""winPercentage"":100,""eventsEntered"":0,""titles"":0,""finals"":0,""prizeMoney"":0,""points"":0}",,,,,,,,,,,,,,,,false,false,false,,104,44,15,0,0,0,0,0,10,5,0,0,0,29,11,estimated from season exits versus eligible schedule | 29 eligible events not entered,Amateur,normal,,,false,false,false,false,0,0,0,,0,false,,amateur,amateur,,,true,true,
2045/46,wp-lennon-easton,Lennon Easton,46,NOR,Veteran,Amateur,false,false,false,,0,0,,Amateur,,,,,,,,,,,,,72,72,72,70,66,86,74,11,18,0,0,0,,0,,,,,,,0,0,10,10,0,100,0,0,0,"{""matches"":10,""wins"":10,""losses"":0,""draws"":0,""winPercentage"":100,""eventsEntered"":0,""titles"":0,""finals"":0,""prizeMoney"":0,""points"":0}",,,,,,,,,,,,,,,,false,false,false,,104,44,15,0,0,0,0,0,10,5,0,0,0,29,11,estimated from season exits versus eligible schedule | 29 eligible events not entered,Amateur,normal,,,false,false,false,false,0,0,0,,0,false,,amateur,amateur,,,true,true,
2045/46,wp-lennon-grimaldi,Lennon Grimaldi,45,IRL,Veteran,Amateur,false,false,false,,0,0,,Amateur,,,,,,,,,,,,,65,65,65,61,59,77,62,10,18,0,0,0,,0,,,,,,,0,0,30,20,10,66.66666666666666,0,0,0,"{""matches"":30,""wins"":20,""losses"":10,""draws"":0,""winPercentage"":66.66666666666666,""eventsEntered"":0,""titles"":0,""finals"":0,""prizeMoney"":0,""points"":0}",,,,,,,,,,,,,,,,false,false,false,,104,44,15,0,0,0,0,0,10,5,0,0,0,29,11,estimated from season exits versus eligible schedule | 29 eligible events not entered,Amateur,normal,,,false,false,false,false,0,0,0,,0,false,,amateur,amateur,,,true,true,
2045/46,wp-lennon-kovacs,Lennon Kovacs,53,ITA,Veteran,Amateur,false,false,false,,0,0,,Amateur,,,,,,,,,,,,,74,79,72,73,64,81,51,23,40,0,0,0,,0,,,,,,,0,0,57,34,23,59.64912280701754,0,0,1124494,"{""matches"":57,""wins"":34,""losses"":23,""draws"":0,""winPercentage"":59.64912280701754,""eventsEntered"":0,""titles"":0,""finals"":0,""prizeMoney"":1124494,""points"":0}",,,,,,,,,,,,,,38,,false,false,false,,104,44,15,0,0,0,0,0,10,5,0,0,0,29,11,estimated from season exits versus eligible schedule | 29 eligible events not entered,Amateur,normal,,,false,false,false,false,0,0,0,,0,false,,senior,amateur,,,true,true,
2045/46,wp-lennon-mendoza,Lennon Mendoza,64,SCO,Veteran,Amateur,false,false,false,,0,0,,Amateur,,,,,,,,,,,,,68,70,64,63,53,70,40,40,26,0,0,0,,0,,,,,,,0,0,35,21,14,60,0,0,170836,"{""matches"":35,""wins"":21,""losses"":14,""draws"":0,""winPercentage"":60,""eventsEntered"":0,""titles"":0,""finals"":0,""prizeMoney"":170836,""points"":0}",,,,,,,,,,,,,,90,,false,false,false,,104,44,15,0,0,0,0,0,10,5,0,0,0,29,11,estimated from season exits versus eligible schedule | 29 eligible events not entered,Amateur,normal,,,false,false,false,false,0,0,0,,0,false,,amateur,amateur,,,true,true,
2045/46,wp-lennon-rahman,Lennon Rahman,47,CHN,Veteran,Amateur,false,false,false,,0,0,,Amateur,,,,,,,,,,,,,78,81,77,77,71,92,73,12,29,0,0,0,,0,,,,,,,0,0,12,12,0,100,0,0,304278,"{""matches"":12,""wins"":12,""losses"":0,""draws"":0,""winPercentage"":100,""eventsEntered"":0,""titles"":0,""finals"":0,""prizeMoney"":304278,""points"":0}",,,,,,,,,,,,,,78,,false,false,false,,104,44,15,0,0,0,0,0,10,5,0,0,0,29,11,estimated from season exits versus eligible schedule | 29 eligible events not entered,Amateur,normal,,,false,false,false,false,0,0,0,,0,false,,amateur,amateur,,,true,true,
2045/46,wp-lennon-tremblay,Lennon Tremblay,48,IRL,Veteran,Amateur,false,false,false,,0,0,,Amateur,,,,,,,,,,,,,69,70,68,66,62,80,60,15,23,0,0,0,,0,,,,,,,0,0,65,46,19,70.76923076923077,0,0,145399,"{""matches"":65,""wins"":46,""losses"":19,""draws"":0,""winPercentage"":70.76923076923077,""eventsEntered"":0,""titles"":0,""finals"":0,""prizeMoney"":145399,""points"":0}",,,,,,,,,,,,,,102,,false,false,false,,104,44,15,0,0,0,0,0,10,5,0,0,0,29,11,estimated from season exits versus eligible schedule | 29 eligible events not entered,Amateur,normal,,,false,false,false,false,0,0,0,,0,false,,amateur,amateur,,,true,true,
2045/46,wp-lennon-urban,Lennon Urban,44,NED,Veteran,Amateur,false,false,false,,0,0,,Amateur,,,,,,,,,,,,,72,72,72,70,67,87,76,7,18,0,0,0,,0,,,,,,,0,0,14,14,0,100,0,0,0,"{""matches"":14,""wins"":14,""losses"":0,""draws"":0,""winPercentage"":100,""eventsEntered"":0,""titles"":0,""finals"":0,""prizeMoney"":0,""points"":0}",,,,,,,,,,,,,,,,false,false,false,,104,44,15,0,0,0,0,0,10,5,0,0,0,29,11,estimated from season exits versus eligible schedule | 29 eligible events not entered,Amateur,normal,,,false,false,false,false,0,0,0,,0,false,,amateur,amateur,,,true,true,
2045/46,wp-lorenzo-ashford,Lorenzo Ashford,36,NIR,Amateur,Amateur,false,false,false,,0,0,,Amateur,,,,,,,,,,,,,67,69,69,65,65,82,67,0,25,0,0,0,,0,,,,,,,0,0,190,117,73,61.578947368421055,0,0,292243,"{""matches"":190,""wins"":117,""losses"":73,""draws"":0,""winPercentage"":61.578947368421055,""eventsEntered"":0,""titles"":0,""finals"":0,""prizeMoney"":292243,""points"":0}",,,,,,,,,,,,,,96,,false,false,false,,104,42,15,0,0,0,0,0,10,5,0,0,0,27,11,estimated from season exits versus eligible schedule | 27 eligible events not entered,Amateur,normal,,,false,false,false,false,0,0,0,,0,false,,amateur,amateur,,,true,true,
2045/46,wp-lorenzo-barker,Lorenzo Barker,34,POL,Amateur,Amateur,false,false,false,,0,0,,Amateur,,,,,,,57,,,,,,69,71,71,67,66,78,61,22,30,9,4,5,44.44444444444444,0,,,,,,,0,188,222,140,82,63.06306306306306,1,0,451228,"{""matches"":222,""wins"":140,""losses"":82,""draws"":0,""winPercentage"":63.06306306306306,""eventsEntered"":0,""titles"":1,""finals"":0,""prizeMoney"":451228,""points"":0}",,,,,,,,,,,,,,87,,false,false,false,,104,42,15,0,0,0,0,0,10,5,0,0,0,27,11,estimated from season exits versus eligible schedule | 27 eligible events not entered,Amateur,normal,,,false,false,false,false,0,0,0,,0,false,,amateur,amateur,,,true,true,
2045/46,wp-lorenzo-drayton,Lorenzo Drayton,42,JPN,Veteran,Amateur,false,false,false,,0,0,,Amateur,,,,,,,,,,,,,67,68,67,64,62,80,62,6,24,0,0,0,,0,,,,,,,0,0,133,81,52,60.902255639097746,0,0,145110,"{""matches"":133,""wins"":81,""losses"":52,""draws"":0,""winPercentage"":60.902255639097746,""eventsEntered"":0,""titles"":0,""finals"":0,""prizeMoney"":145110,""points"":0}",,,,,,,,,,,,,,101,,false,false,false,,104,44,15,0,0,0,0,0,10,5,0,0,0,29,11,estimated from season exits versus eligible schedule | 29 eligible events not entered,Amateur,normal,,,false,false,false,false,0,0,0,,0,false,,amateur,amateur,,,true,true,
2045/46,wp-lorenzo-kovacs,Lorenzo Kovacs,44,ENG,Veteran,Amateur,false,false,false,,0,0,,Amateur,,,,,,,,,,,,,72,72,72,70,67,87,76,7,18,0,0,0,,0,,,,,,,0,0,12,12,0,100,0,0,0,"{""matches"":12,""wins"":12,""losses"":0,""draws"":0,""winPercentage"":100,""eventsEntered"":0,""titles"":0,""finals"":0,""prizeMoney"":0,""points"":0}",,,,,,,,,,,,,,,,false,false,false,,104,44,15,0,0,0,0,0,10,5,0,0,0,29,11,estimated from season exits versus eligible schedule | 29 eligible events not entered,Amateur,normal,,,false,false,false,false,0,0,0,,0,false,,amateur,amateur,,,true,true,
2045/46,wp-lorenzo-petrov,Lorenzo Petrov,41,JPN,Veteran,Amateur,false,false,false,,0,0,,Amateur,,,,,,,,,,,,,68,70,69,66,64,81,64,4,28,0,0,0,,0,,,,,,,0,0,127,78,49,61.417322834645674,0,0,531876,"{""matches"":127,""wins"":78,""losses"":49,""draws"":0,""winPercentage"":61.417322834645674,""eventsEntered"":0,""titles"":0,""finals"":0,""prizeMoney"":531876,""points"":0}",,,,,,,,,,,,,,91,,false,false,false,,104,44,15,0,0,0,0,0,10,5,0,0,0,29,11,estimated from season exits versus eligible schedule | 29 eligible events not entered,Amateur,normal,,,false,false,false,false,0,0,0,,0,false,,amateur,amateur,,,true,true,
2045/46,wp-lorenzo-rahman,Lorenzo Rahman,65,ESP,Veteran,Amateur,false,false,false,,0,0,,Amateur,,,,,,,,,,,,,72,72,68,68,56,77,55,41,18,0,0,0,,0,,,,,,,0,0,14,14,0,100,0,0,0,"{""matches"":14,""wins"":14,""losses"":0,""draws"":0,""winPercentage"":100,""eventsEntered"":0,""titles"":0,""finals"":0,""prizeMoney"":0,""points"":0}",,,,,,,,,,,,,,,,false,false,false,,104,44,15,0,0,0,0,0,10,5,0,0,0,29,11,estimated from season exits versus eligible schedule | 29 eligible events not entered,Amateur,normal,,,false,false,false,false,0,0,0,,0,false,,amateur,amateur,,,true,true,
2045/46,wp-lorenzo-verma,Lorenzo Verma,42,POL,Veteran,Amateur,false,false,false,,0,0,,Amateur,,,,,,,,,,,,,77,79,77,76,72,93,78,4,27,0,0,0,,0,,,,,,,0,0,12,12,0,100,0,0,282686,"{""matches"":12,""wins"":12,""losses"":0,""draws"":0,""winPercentage"":100,""eventsEntered"":0,""titles"":0,""finals"":0,""prizeMoney"":282686,""points"":0}",,,,,,,,,,,,,,86,,false,false,false,,104,44,15,0,0,0,0,0,10,5,0,0,0,29,11,estimated from season exits versus eligible schedule | 29 eligible events not entered,Amateur,normal,,,false,false,false,false,0,0,0,,0,false,,amateur,amateur,,,true,true,
2045/46,wp-lorenzo-whitaker,Lorenzo Whitaker,42,SWE,Veteran,Amateur,false,false,false,,0,0,,Amateur,,,,,,,,,,,,,69,71,69,67,64,82,64,5,27,0,0,0,,0,,,,,,,0,0,46,30,16,65.21739130434783,0,0,423766,"{""matches"":46,""wins"":30,""losses"":16,""draws"":0,""winPercentage"":65.21739130434783,""eventsEntered"":0,""titles"":0,""finals"":0,""prizeMoney"":423766,""points"":0}",,,,,,,,,,,,,,92,,false,false,false,,104,44,15,0,0,0,0,0,10,5,0,0,0,29,11,estimated from season exits versus eligible schedule | 29 eligible events not entered,Amateur,normal,,,false,false,false,false,0,0,0,,0,false,,amateur,amateur,,,true,true,
2045/46,wp-lorenzo-yates,Lorenzo Yates,41,ENG,Veteran,Amateur,false,false,false,,0,0,,Amateur,,,,,,,,,,,,,72,72,73,70,68,89,79,3,18,0,0,0,,0,,,,,,,0,0,12,12,0,100,0,0,0,"{""matches"":12,""wins"":12,""losses"":0,""draws"":0,""winPercentage"":100,""eventsEntered"":0,""titles"":0,""finals"":0,""prizeMoney"":0,""points"":0}",,,,,,,,,,,,,,,,false,false,false,,104,44,15,0,0,0,0,0,10,5,0,0,0,29,11,estimated from season exits versus eligible schedule | 29 eligible events not entered,Amateur,normal,,,false,false,false,false,0,0,0,,0,false,,amateur,amateur,,,true,true,
2045/46,wp-luca-mercer-c,Luca Mercer C,31,ENG,Amateur,Q School,false,false,false,,0,0,,Amateur,87,87,,87,,,29,30,28,,87,,72,98,74,71,70,84,66,16,33,7,4,3,57.14285714285714,0,,,,,,,87875,546,144,92,52,63.888888888888886,1,0,761389,"{""matches"":144,""wins"":92,""losses"":52,""draws"":0,""winPercentage"":63.888888888888886,""eventsEntered"":0,""titles"":1,""finals"":0,""prizeMoney"":761389,""points"":0}",,,,,,,,,,,,,,82,,false,false,false,,104,42,4,0,0,0,0,0,0,4,0,0,0,38,22,estimated from season exits versus eligible schedule | 38 eligible events not entered,Q School,normal,,,false,false,false,false,4,7,158984,,0,false,failed Q School campaigns,amateur,qSchool,,,true,true,
2045/46,wp-luca-mercer-d,Luca Mercer D,29,SCO,Amateur,Q Tour,false,false,false,,0,0,,Amateur,88,88,,88,,,37,31,,,88,,70,89,72,69,69,81,65,16,30,7,4,3,57.14285714285714,0,,,,,,,87586,544,125,77,48,61.6,0,0,618303,"{""matches"":125,""wins"":77,""losses"":48,""draws"":0,""winPercentage"":61.6,""eventsEntered"":0,""titles"":0,""finals"":0,""prizeMoney"":618303,""points"":0}",,,,,,,,,,,,,,83,,false,false,false,,104,42,7,0,0,0,0,0,2,5,0,0,0,35,19,estimated from season exits versus eligible schedule | 35 eligible events not entered,Q Tour,normal,,,false,false,false,false,4,7,158406,,0,false,no tour access,amateur,qTour,,,true,true,
2045/46,wp-luca-mercer-h,Luca Mercer H,23,SCO,Amateur,Q School,false,false,false,,0,0,,Amateur,91,91,,91,,,28,29,29,,91,,70,76,72,68,69,81,65,16,27,7,4,3,57.14285714285714,0,,,,,,,86719,539,84,56,28,66.66666666666666,0,0,314211,"{""matches"":84,""wins"":56,""losses"":28,""draws"":0,""winPercentage"":66.66666666666666,""eventsEntered"":0,""titles"":0,""finals"":0,""prizeMoney"":314211,""points"":0}",,,,,,,,,,,,,,85,,false,false,false,,104,42,4,0,0,0,0,0,0,4,0,0,0,38,22,estimated from season exits versus eligible schedule | 38 eligible events not entered,Q School,normal,,,false,false,false,false,4,8,175461,,0,false,,qTour,qSchool,,,true,true,
2045/46,wp-luca-mercer-i,Luca Mercer I,23,SCO,Amateur,Q School,false,false,false,,0,0,,Amateur,92,92,,92,,,17,13,13,,92,,71,88,73,69,70,82,65,16,27,7,4,3,57.14285714285714,0,,,,,,,86430,537,76,50,26,65.78947368421053,0,0,313055,"{""matches"":76,""wins"":50,""losses"":26,""draws"":0,""winPercentage"":65.78947368421053,""eventsEntered"":0,""titles"":0,""finals"":0,""prizeMoney"":313055,""points"":0}",,,,,,,,,,,,,,86,,false,false,false,,104,42,4,0,0,0,0,0,0,4,0,0,0,38,22,estimated from season exits versus eligible schedule | 38 eligible events not entered,Q School,normal,,,false,false,false,false,4,8,174883,,0,false,,qSchool,qSchool,,,true,true,
2045/46,wp-luca-mercer-n,Luca Mercer N,17,ENG,Youth,Amateur,false,false,false,,0,0,,Amateur,,,,,,,,,,,,,68,88,70,65,67,81,71,15,18,7,5,2,71.42857142857143,0,,,,,,,0,114,7,5,2,71.42857142857143,0,0,0,"{""matches"":7,""wins"":5,""losses"":2,""draws"":0,""winPercentage"":71.42857142857143,""eventsEntered"":0,""titles"":0,""finals"":0,""prizeMoney"":0,""points"":0}",,,,,,,,,,,,,,,,false,false,false,,104,61,10,0,0,0,0,0,5,5,0,0,0,51,16,estimated from season exits versus eligible schedule | 51 eligible events not entered,Youth,normal,,,false,false,false,false,0,0,0,,0,false,,youth,youth,,,true,true,
2045/46,wp-luca-mercer-o,Luca Mercer O,14,ENG,Youth,Amateur,false,false,false,,0,0,,Amateur,,,,,,,,,,,,,50,73,52,44,50,59,42,0,18,,,,,,,,,,,,,,0,0,0,0,0,0,0,"{""matches"":0,""wins"":0,""losses"":0,""draws"":0,""winPercentage"":0,""eventsEntered"":0,""titles"":0,""finals"":0,""prizeMoney"":0,""points"":0}",,,,,,,,,,,,,,,,,false,false,,104,61,10,0,0,0,0,0,5,5,0,0,0,51,16,estimated from season exits versus eligible schedule | 51 eligible events not entered,Youth,normal,,,false,false,false,false,0,0,0,,0,false,,youth,youth,,,true,true,
2045/46,wp-malik-ashford,Malik Ashford,45,BEL,Veteran,Amateur,false,false,false,,0,0,,Amateur,,,,,,,,,,,,,69,69,69,66,63,83,70,9,18,0,0,0,,0,,,,,,,0,0,16,14,2,87.5,0,0,0,"{""matches"":16,""wins"":14,""losses"":2,""draws"":0,""winPercentage"":87.5,""eventsEntered"":0,""titles"":0,""finals"":0,""prizeMoney"":0,""points"":0}",,,,,,,,,,,,,,,,false,false,false,,104,44,15,0,0,0,0,0,10,5,0,0,0,29,11,estimated from season exits versus eligible schedule | 29 eligible events not entered,Amateur,normal,,,false,false,false,false,0,0,0,,0,false,,amateur,amateur,,,true,true,
2045/46,wp-malik-barker,Malik Barker,41,AUS,Veteran,Amateur,false,false,false,,0,0,,Amateur,,,,,,,,,,,,,69,71,70,67,65,83,66,4,25,0,0,0,,0,,,,,,,0,0,76,52,24,68.42105263157895,0,0,137305,"{""matches"":76,""wins"":52,""losses"":24,""draws"":0,""winPercentage"":68.42105263157895,""eventsEntered"":0,""titles"":0,""finals"":0,""prizeMoney"":137305,""points"":0}",,,,,,,,,,,,,,94,,false,false,false,,104,44,15,0,0,0,0,0,10,5,0,0,0,29,11,estimated from season exits versus eligible schedule | 29 eligible events not entered,Amateur,normal,,,false,false,false,false,0,0,0,,0,false,,amateur,amateur,,,true,true,
2045/46,wp-malik-caldwell,Malik Caldwell,36,PAK,Amateur,Amateur,false,false,false,,0,0,,Amateur,,,,,,,63,,,,,,67,69,69,65,65,82,66,0,27,0,0,0,,0,,,,,,,0,0,214,131,83,61.21495327102804,0,0,479555,"{""matches"":214,""wins"":131,""losses"":83,""draws"":0,""winPercentage"":61.21495327102804,""eventsEntered"":0,""titles"":0,""finals"":0,""prizeMoney"":479555,""points"":0}",,,,,,,,,,,,,,95,,false,false,false,,104,42,15,0,0,0,0,0,10,5,0,0,0,27,11,estimated from season exits versus eligible schedule | 27 eligible events not entered,Amateur,normal,,,false,false,false,false,0,0,0,,0,false,,amateur,amateur,,,true,true,
2045/46,wp-malik-drayton,Malik Drayton,48,NOR,Veteran,Amateur,false,false,false,,0,0,,Amateur,,,,,,,,,,,,,77,83,76,77,70,86,54,15,49,0,0,0,,0,,,,,,,0,0,108,60,48,55.55555555555556,0,0,1733001,"{""matches"":108,""wins"":60,""losses"":48,""draws"":0,""winPercentage"":55.55555555555556,""eventsEntered"":0,""titles"":0,""finals"":0,""prizeMoney"":1733001,""points"":0}",,,,,,,,,,,,,,7,,false,false,false,,104,44,15,0,0,0,0,0,10,5,0,0,0,29,11,estimated from season exits versus eligible schedule | 29 eligible events not entered,Amateur,normal,,,false,false,false,false,0,0,0,,0,false,,senior,amateur,,,true,true,
2045/46,wp-malik-easton,Malik Easton,50,FRA,Veteran,Amateur,false,false,false,,0,0,,Amateur,,,,,,,,,,,,,72,72,71,69,64,84,70,17,18,0,0,0,,0,,,,,,,0,0,12,12,0,100,0,0,0,"{""matches"":12,""wins"":12,""losses"":0,""draws"":0,""winPercentage"":100,""eventsEntered"":0,""titles"":0,""finals"":0,""prizeMoney"":0,""points"":0}",,,,,,,,,,,,,,,,false,false,false,,104,44,15,0,0,0,0,0,10,5,0,0,0,29,11,estimated from season exits versus eligible schedule | 29 eligible events not entered,Amateur,normal,,,false,false,false,false,0,0,0,,0,false,,amateur,amateur,,,true,true,
2045/46,wp-malik-iversen,Malik Iversen,44,AUS,Veteran,Amateur,false,false,false,,0,0,,Amateur,,,,,,,,,,,,,79,82,79,79,74,94,76,7,30,0,0,0,,0,,,,,,,0,0,12,12,0,100,0,0,349256,"{""matches"":12,""wins"":12,""losses"":0,""draws"":0,""winPercentage"":100,""eventsEntered"":0,""titles"":0,""finals"":0,""prizeMoney"":349256,""points"":0}",,,,,,,,,,,,,,71,,false,false,false,,104,44,15,0,0,0,0,0,10,5,0,0,0,29,11,estimated from season exits versus eligible schedule | 29 eligible events not entered,Amateur,normal,,,false,false,false,false,0,0,0,,0,false,,amateur,amateur,,,true,true,
2045/46,wp-malik-langford,Malik Langford,41,BEL,Veteran,Amateur,false,false,false,,0,0,,Amateur,,,,,,,,,,,,,72,72,73,70,68,89,79,3,18,0,0,0,,0,,,,,,,0,0,12,12,0,100,0,0,0,"{""matches"":12,""wins"":12,""losses"":0,""draws"":0,""winPercentage"":100,""eventsEntered"":0,""titles"":0,""finals"":0,""prizeMoney"":0,""points"":0}",,,,,,,,,,,,,,,,false,false,false,,104,44,15,0,0,0,0,0,10,5,0,0,0,29,11,estimated from season exits versus eligible schedule | 29 eligible events not entered,Amateur,normal,,,false,false,false,false,0,0,0,,0,false,,amateur,amateur,,,true,true,
2045/46,wp-malik-rahman,Malik Rahman,41,FRA,Veteran,Amateur,false,false,false,,0,0,,Amateur,,,,,,,,,,,,,68,70,69,66,64,81,64,4,26,0,0,0,,0,,,,,,,0,0,60,37,23,61.66666666666667,0,0,384452,"{""matches"":60,""wins"":37,""losses"":23,""draws"":0,""winPercentage"":61.66666666666667,""eventsEntered"":0,""titles"":0,""finals"":0,""prizeMoney"":384452,""points"":0}",,,,,,,,,,,,,,93,,false,false,false,,104,44,15,0,0,0,0,0,10,5,0,0,0,29,11,estimated from season exits versus eligible schedule | 29 eligible events not entered,Amateur,normal,,,false,false,false,false,0,0,0,,0,false,,amateur,amateur,,,true,true,
2045/46,wp-malik-rossi,Malik Rossi,50,SCO,Veteran,Amateur,false,false,false,,0,0,,Amateur,,,,,,,,,,,,,67,67,66,64,59,77,60,18,20,0,0,0,,0,,,,,,,0,0,23,17,6,73.91304347826086,0,0,156190,"{""matches"":23,""wins"":17,""losses"":6,""draws"":0,""winPercentage"":73.91304347826086,""eventsEntered"":0,""titles"":0,""finals"":0,""prizeMoney"":156190,""points"":0}",,,,,,,,,,,,,,120,,false,false,false,,104,44,15,0,0,0,0,0,10,5,0,0,0,29,11,estimated from season exits versus eligible schedule | 29 eligible events not entered,Amateur,normal,,,false,false,false,false,0,0,0,,0,false,,amateur,amateur,,,true,true,
2045/46,wp-malik-sorensen,Malik Sorensen,45,IRL,Veteran,Amateur,false,false,false,,0,0,,Amateur,,,,,,,,,,,,,67,68,67,64,61,79,62,10,23,0,0,0,,0,,,,,,,0,0,61,41,20,67.21311475409836,0,0,160429,"{""matches"":61,""wins"":41,""losses"":20,""draws"":0,""winPercentage"":67.21311475409836,""eventsEntered"":0,""titles"":0,""finals"":0,""prizeMoney"":160429,""points"":0}",,,,,,,,,,,,,,106,,false,false,false,,104,44,15,0,0,0,0,0,10,5,0,0,0,29,11,estimated from season exits versus eligible schedule | 29 eligible events not entered,Amateur,normal,,,false,false,false,false,0,0,0,,0,false,,amateur,amateur,,,true,true,
2045/46,wp-malik-yates,Malik Yates,48,SCO,Veteran,Amateur,false,false,false,,0,0,,Amateur,,,,,,,,,,,,,72,72,71,69,65,85,72,14,18,0,0,0,,0,,,,,,,0,0,8,8,0,100,0,0,0,"{""matches"":8,""wins"":8,""losses"":0,""draws"":0,""winPercentage"":100,""eventsEntered"":0,""titles"":0,""finals"":0,""prizeMoney"":0,""points"":0}",,,,,,,,,,,,,,,,false,false,false,,104,44,15,0,0,0,0,0,10,5,0,0,0,29,11,estimated from season exits versus eligible schedule | 29 eligible events not entered,Amateur,normal,,,false,false,false,false,0,0,0,,0,false,,amateur,amateur,,,true,true,
2045/46,wp-mateo-barker,Mateo Barker,72,GER,Veteran,Senior Tour / Legend Circuit,false,false,false,,0,0,,Amateur,,,,,,,,,,6,,,73,73,67,70,53,71,48,70,32,6,5,1,83.33333333333334,0,,,,,,,0,192,72,58,14,80.55555555555556,7,0,0,"{""matches"":72,""wins"":58,""losses"":14,""draws"":0,""winPercentage"":80.55555555555556,""eventsEntered"":0,""titles"":7,""finals"":0,""prizeMoney"":0,""points"":0}",,,,,,,,,,,,,,,,false,false,false,,104,14,11,0,0,0,0,0,0,0,0,0,11,3,0,estimated from season exits versus eligible schedule | 3 eligible events not entered,Senior/Legend,normal,,,false,false,false,false,0,0,0,,1,false,,amateur,senior,,,true,true,
2045/46,wp-mateo-caldwell,Mateo Caldwell,42,THA,Veteran,Amateur,false,false,false,,0,0,,Amateur,,,,,,,,,,,,,72,72,72,70,67,88,78,4,18,0,0,0,,0,,,,,,,0,0,8,8,0,100,0,0,0,"{""matches"":8,""wins"":8,""losses"":0,""draws"":0,""winPercentage"":100,""eventsEntered"":0,""titles"":0,""finals"":0,""prizeMoney"":0,""points"":0}",,,,,,,,,,,,,,,,false,false,false,,104,44,15,0,0,0,0,0,10,5,0,0,0,29,11,estimated from season exits versus eligible schedule | 29 eligible events not entered,Amateur,normal,,,false,false,false,false,0,0,0,,0,false,,amateur,amateur,,,true,true,
2045/46,wp-mateo-easton,Mateo Easton,50,SWE,Veteran,Amateur,false,false,false,,0,0,,Amateur,,,,,,,,,,,,,72,72,71,69,64,84,70,17,18,0,0,0,,0,,,,,,,0,0,8,8,0,100,0,0,0,"{""matches"":8,""wins"":8,""losses"":0,""draws"":0,""winPercentage"":100,""eventsEntered"":0,""titles"":0,""finals"":0,""prizeMoney"":0,""points"":0}",,,,,,,,,,,,,,,,false,false,false,,104,44,15,0,0,0,0,0,10,5,0,0,0,29,11,estimated from season exits versus eligible schedule | 29 eligible events not entered,Amateur,normal,,,false,false,false,false,0,0,0,,0,false,,amateur,amateur,,,true,true,
2045/46,wp-mateo-el-sayed,Mateo El-Sayed,48,IND,Veteran,Amateur,false,false,false,,0,0,,Amateur,,,,,,,,,,,,,73,77,72,72,66,82,55,15,41,0,0,0,,0,,,,,,,0,0,89,51,38,57.30337078651685,0,0,1295261,"{""matches"":89,""wins"":51,""losses"":38,""draws"":0,""winPercentage"":57.30337078651685,""eventsEntered"":0,""titles"":0,""finals"":0,""prizeMoney"":1295261,""points"":0}",,,,,,,,,,,,,,41,,false,false,false,,104,44,15,0,0,0,0,0,10,5,0,0,0,29,11,estimated from season exits versus eligible schedule | 29 eligible events not entered,Amateur,normal,,,false,false,false,false,0,0,0,,0,false,,senior,amateur,,,true,true,
2045/46,wp-mateo-forster,Mateo Forster,45,ENG,Veteran,Amateur,false,false,false,,0,0,,Amateur,,,,,,,,,,,,,72,72,72,70,66,87,75,9,18,0,0,0,,0,,,,,,,0,0,10,10,0,100,0,0,0,"{""matches"":10,""wins"":10,""losses"":0,""draws"":0,""winPercentage"":100,""eventsEntered"":0,""titles"":0,""finals"":0,""prizeMoney"":0,""points"":0}",,,,,,,,,,,,,,,,false,false,false,,104,44,15,0,0,0,0,0,10,5,0,0,0,29,11,estimated from season exits versus eligible schedule | 29 eligible events not entered,Amateur,normal,,,false,false,false,false,0,0,0,,0,false,,amateur,amateur,,,true,true,
2045/46,wp-mateo-harrington,Mateo Harrington,34,POL,Amateur,Amateur,false,false,false,,0,0,,Amateur,,,,,,,54,,,,,,67,69,69,64,64,76,57,19,26,8,3,5,37.5,0,,,,,,,0,144,211,131,80,62.08530805687204,0,0,420008,"{""matches"":211,""wins"":131,""losses"":80,""draws"":0,""winPercentage"":62.08530805687204,""eventsEntered"":0,""titles"":0,""finals"":0,""prizeMoney"":420008,""points"":0}",,,,,,,,,,,,,,96,,false,false,false,,104,42,15,0,0,0,0,0,10,5,0,0,0,27,11,estimated from season exits versus eligible schedule | 27 eligible events not entered,Amateur,normal,,,false,false,false,false,0,0,0,,0,false,,amateur,amateur,,,true,true,
2045/46,wp-mateo-nakamura,Mateo Nakamura,42,GER,Veteran,Amateur,false,false,false,,0,0,,Amateur,,,,,,,,,,,,,70,72,70,68,65,84,67,5,26,0,0,0,,0,,,,,,,0,0,41,30,11,73.17073170731707,0,0,363062,"{""matches"":41,""wins"":30,""losses"":11,""draws"":0,""winPercentage"":73.17073170731707,""eventsEntered"":0,""titles"":0,""finals"":0,""prizeMoney"":363062,""points"":0}",,,,,,,,,,,,,,94,,false,false,false,,104,44,15,0,0,0,0,0,10,5,0,0,0,29,11,estimated from season exits versus eligible schedule | 29 eligible events not entered,Amateur,normal,,,false,false,false,false,0,0,0,,0,false,,amateur,amateur,,,true,true,
2045/46,wp-mateo-novak,Mateo Novak,51,NIR,Veteran,Amateur,false,false,false,,0,0,,Amateur,,,,,,,,,,,,,74,75,73,72,65,86,69,18,21,0,0,0,,0,,,,,,,0,0,12,12,0,100,0,0,167604,"{""matches"":12,""wins"":12,""losses"":0,""draws"":0,""winPercentage"":100,""eventsEntered"":0,""titles"":0,""finals"":0,""prizeMoney"":167604,""points"":0}",,,,,,,,,,,,,,114,,false,false,false,,104,44,15,0,0,0,0,0,10,5,0,0,0,29,11,estimated from season exits versus eligible schedule | 29 eligible events not entered,Amateur,normal,,,false,false,false,false,0,0,0,,0,false,,amateur,amateur,,,true,true,
2045/46,wp-mateo-urban,Mateo Urban,46,POL,Veteran,Amateur,false,false,false,,0,0,,Amateur,,,,,,,,,,,,,66,67,66,63,59,77,58,12,22,0,0,0,,0,,,,,,,0,0,80,48,32,60,0,0,121695,"{""matches"":80,""wins"":48,""losses"":32,""draws"":0,""winPercentage"":60,""eventsEntered"":0,""titles"":0,""finals"":0,""prizeMoney"":121695,""points"":0}",,,,,,,,,,,,,,108,,false,false,false,,104,44,15,0,0,0,0,0,10,5,0,0,0,29,11,estimated from season exits versus eligible schedule | 29 eligible events not entered,Amateur,normal,,,false,false,false,false,0,0,0,,0,false,,amateur,amateur,,,true,true,
2045/46,wp-mateo-verma,Mateo Verma,41,IND,Veteran,Amateur,false,false,false,,0,0,,Amateur,,,,,,,,,,,,,72,72,73,70,68,89,79,3,18,0,0,0,,0,,,,,,,0,0,14,14,0,100,0,0,0,"{""matches"":14,""wins"":14,""losses"":0,""draws"":0,""winPercentage"":100,""eventsEntered"":0,""titles"":0,""finals"":0,""prizeMoney"":0,""points"":0}",,,,,,,,,,,,,,,,false,false,false,,104,44,15,0,0,0,0,0,10,5,0,0,0,29,11,estimated from season exits versus eligible schedule | 29 eligible events not entered,Amateur,normal,,,false,false,false,false,0,0,0,,0,false,,amateur,amateur,,,true,true,
2045/46,wp-mateo-yates,Mateo Yates,44,ESP,Veteran,Amateur,false,false,false,,0,0,,Top 16,4,4,,4,,,,,,,4,,76,82,76,76,69,83,52,24,51,5,2,3,40,0,,,,,,,48273,300,127,67,60,52.75590551181102,0,0,1885383,"{""matches"":127,""wins"":67,""losses"":60,""draws"":0,""winPercentage"":52.75590551181102,""eventsEntered"":0,""titles"":0,""finals"":0,""prizeMoney"":1885383,""points"":0}",,,,,,,,,,,,,,4,,true,false,false,,104,44,15,0,0,0,0,0,10,5,0,0,0,29,11,estimated from season exits versus eligible schedule | 29 eligible events not entered,Amateur,normal,,,true,false,false,false,2,5,117937,,0,false,,senior,amateur,,,true,true,
2045/46,wp-mika-keane,Mika Keane,33,WAL,Amateur,Amateur,false,false,false,,0,0,,Amateur,96,96,,96,,,45,,,,96,,69,72,71,67,67,79,59,16,29,7,3,4,42.857142857142854,0,,,,,,,66484,413,187,117,70,62.56684491978609,0,0,572054,"{""matches"":187,""wins"":117,""losses"":70,""draws"":0,""winPercentage"":62.56684491978609,""eventsEntered"":0,""titles"":0,""finals"":0,""prizeMoney"":572054,""points"":0}",,,,,,,,,,,,,,87,,false,false,false,,104,42,15,0,0,0,0,0,10,5,0,0,0,27,11,estimated from season exits versus eligible schedule | 27 eligible events not entered,Amateur,normal,,,false,false,false,false,3,6,135859,,0,false,,amateur,amateur,,,true,true,
2045/46,wp-mika-keane-c,Mika Keane C,31,IRL,Amateur,Amateur,false,false,false,,0,0,,Amateur,98,98,,98,,,31,,,,98,,70,97,72,68,68,80,59,16,29,7,3,4,42.857142857142854,0,,,,,,,65906,410,137,83,54,60.58394160583942,0,0,680453,"{""matches"":137,""wins"":83,""losses"":54,""draws"":0,""winPercentage"":60.58394160583942,""eventsEntered"":0,""titles"":0,""finals"":0,""prizeMoney"":680453,""points"":0}",,,,,,,,,,,,,,88,,false,false,false,,104,42,15,0,0,0,0,0,10,5,0,0,0,27,11,estimated from season exits versus eligible schedule | 27 eligible events not entered,Amateur,normal,,,false,false,false,false,3,5,116492,,0,false,no tour access,amateur,amateur,,,true,true,
2045/46,wp-mika-keane-e,Mika Keane E,27,CHN,Amateur,Q School,false,false,false,,0,0,,Amateur,,,,,,,8,11,4,,,,68,83,70,66,65,76,64,34,27,13,7,6,53.84615384615385,0,,,,,,,0,277,122,75,47,61.47540983606557,0,0,409025,"{""matches"":122,""wins"":75,""losses"":47,""draws"":0,""winPercentage"":61.47540983606557,""eventsEntered"":0,""titles"":0,""finals"":0,""prizeMoney"":409025,""points"":0}",,,,,,,,,,,,,,89,,false,false,false,,104,42,6,0,0,0,0,0,1,5,0,0,0,36,20,estimated from season exits versus eligible schedule | 36 eligible events not entered,Q School,too high,,,false,false,false,false,0,2,50297,,0,false,,qSchool,qSchool,,,true,true,
2045/46,wp-mika-keane-i,Mika Keane I,24,CHN,Amateur,Q School,false,false,false,,0,0,,Amateur,102,102,,102,,,27,28,27,,102,,69,79,71,67,68,80,65,16,26,7,4,3,57.14285714285714,0,,,,,,,83250,518,93,60,33,64.51612903225806,0,0,300914,"{""matches"":93,""wins"":60,""losses"":33,""draws"":0,""winPercentage"":64.51612903225806,""eventsEntered"":0,""titles"":0,""finals"":0,""prizeMoney"":300914,""points"":0}",,,,,,,,,,,,,,91,,false,false,false,,104,42,4,0,0,0,0,0,0,4,0,0,0,38,22,estimated from season exits versus eligible schedule | 38 eligible events not entered,Q School,normal,,,false,false,false,false,4,7,151469,,0,false,,qTour,qSchool,,,true,true,
2045/46,wp-mika-keane-n,Mika Keane N,16,WAL,Youth,Amateur,false,false,false,,0,0,,Amateur,,,,,,,,,,,,,65,73,67,62,64,78,72,18,18,8,6,2,75,0,,,,,,,0,137,15,10,5,66.66666666666666,0,0,0,"{""matches"":15,""wins"":10,""losses"":5,""draws"":0,""winPercentage"":66.66666666666666,""eventsEntered"":0,""titles"":0,""finals"":0,""prizeMoney"":0,""points"":0}",,,,,,,,,,,,,,,,false,false,false,,104,61,10,0,0,0,0,0,5,5,0,0,0,51,16,estimated from season exits versus eligible schedule | 51 eligible events not entered,Youth,normal,,,false,false,false,false,0,0,0,,0,false,,youth,youth,,,true,true,
2045/46,wp-mika-keane-o,Mika Keane O,14,IRL,Youth,Amateur,false,false,false,,0,0,,Amateur,,,,,,,,,,,,,55,97,57,49,55,64,42,0,18,,,,,,,,,,,,,,0,0,0,0,0,0,0,"{""matches"":0,""wins"":0,""losses"":0,""draws"":0,""winPercentage"":0,""eventsEntered"":0,""titles"":0,""finals"":0,""prizeMoney"":0,""points"":0}",,,,,,,,,,,,,,,,,false,false,,104,61,10,0,0,0,0,0,5,5,0,0,0,51,16,estimated from season exits versus eligible schedule | 51 eligible events not entered,Youth,normal,,,false,false,false,false,0,0,0,,0,false,,youth,youth,,,true,true,
2045/46,wp-nathan-caldwell,Nathan Caldwell,73,BEL,Veteran,Senior Tour / Legend Circuit,false,false,false,,0,0,,Amateur,,,,,,,,,,11,,,73,75,67,69,52,69,42,72,29,6,5,1,83.33333333333334,0,,,,,,,0,187,102,83,19,81.37254901960785,2,0,259108,"{""matches"":102,""wins"":83,""losses"":19,""draws"":0,""winPercentage"":81.37254901960785,""eventsEntered"":0,""titles"":2,""finals"":0,""prizeMoney"":259108,""points"":0}",,,,,,,,,,,,,,96,,false,false,false,,104,14,11,0,0,0,0,0,0,0,0,0,11,3,0,estimated from season exits versus eligible schedule | 3 eligible events not entered,Senior/Legend,normal,,,false,false,false,false,0,0,0,,0,false,,amateur,senior,,,true,true,
2045/46,wp-nathan-iqbal,Nathan Iqbal,73,PAK,Veteran,Senior Tour / Legend Circuit,false,false,false,,0,0,,Amateur,,,,,,,,,,7,,,71,71,65,68,51,69,45,68,30,5,4,1,80,1,,,,,,,0,246,93,71,22,76.34408602150538,6,0,0,"{""matches"":93,""wins"":71,""losses"":22,""draws"":0,""winPercentage"":76.34408602150538,""eventsEntered"":0,""titles"":6,""finals"":0,""prizeMoney"":0,""points"":0}",,,,,,,,,,,,,,,,false,false,false,,104,14,11,0,0,0,0,0,0,0,0,0,11,3,0,estimated from season exits versus eligible schedule | 3 eligible events not entered,Senior/Legend,normal,,,false,false,false,false,0,0,0,,1,false,,amateur,senior,,,true,true,
2045/46,wp-nathan-otero,Nathan Otero,35,CHN,Amateur,Amateur,false,false,false,,0,0,,Amateur,,,,,,,49,,,,,,68,70,70,65,65,77,57,19,27,8,3,5,37.5,0,,,,,,,0,137,204,130,74,63.725490196078425,0,0,548352,"{""matches"":204,""wins"":130,""losses"":74,""draws"":0,""winPercentage"":63.725490196078425,""eventsEntered"":0,""titles"":0,""finals"":0,""prizeMoney"":548352,""points"":0}",,,,,,,,,,,,,,94,,false,false,false,,104,42,15,0,0,0,0,0,10,5,0,0,0,27,11,estimated from season exits versus eligible schedule | 27 eligible events not entered,Amateur,normal,,,false,false,false,false,0,3,67352,,0,false,,amateur,amateur,,,true,true,
2045/46,wp-nathan-tanaka,Nathan Tanaka,71,PAK,Veteran,Amateur,false,false,false,,0,0,,Amateur,,,,,,,,,,,,,81,85,76,79,63,83,49,50,34,0,0,0,,0,,,,,,,0,0,12,12,0,100,0,0,511696,"{""matches"":12,""wins"":12,""losses"":0,""draws"":0,""winPercentage"":100,""eventsEntered"":0,""titles"":0,""finals"":0,""prizeMoney"":511696,""points"":0}",,,,,,,,,,,,,,56,,false,false,false,,104,44,15,0,0,0,0,0,10,5,0,0,0,29,11,estimated from season exits versus eligible schedule | 29 eligible events not entered,Amateur,normal,,,false,false,false,false,0,0,0,,0,false,,senior,amateur,,,true,true,
2045/46,wp-nathan-urban,Nathan Urban,50,AUS,Veteran,Amateur,false,false,false,,0,0,,Amateur,,,,,,,,,,,,,67,69,66,64,59,76,54,18,25,0,0,0,,0,,,,,,,0,0,25,15,10,60,0,0,165633,"{""matches"":25,""wins"":15,""losses"":10,""draws"":0,""winPercentage"":60,""eventsEntered"":0,""titles"":0,""finals"":0,""prizeMoney"":165633,""points"":0}",,,,,,,,,,,,,,95,,false,false,false,,104,44,15,0,0,0,0,0,10,5,0,0,0,29,11,estimated from season exits versus eligible schedule | 29 eligible events not entered,Amateur,normal,,,false,false,false,false,0,0,0,,0,false,,amateur,amateur,,,true,true,
2045/46,wp-nathan-verma,Nathan Verma,47,PAK,Veteran,Amateur,false,false,false,,0,0,,Amateur,,,,,,,,,,,,,66,67,65,63,59,76,57,13,23,0,0,0,,0,,,,,,,0,0,83,50,33,60.24096385542169,0,0,123140,"{""matches"":83,""wins"":50,""losses"":33,""draws"":0,""winPercentage"":60.24096385542169,""eventsEntered"":0,""titles"":0,""finals"":0,""prizeMoney"":123140,""points"":0}",,,,,,,,,,,,,,105,,false,false,false,,104,44,15,0,0,0,0,0,10,5,0,0,0,29,11,estimated from season exits versus eligible schedule | 29 eligible events not entered,Amateur,normal,,,false,false,false,false,0,0,0,,0,false,,amateur,amateur,,,true,true,
2045/46,wp-nathan-whitaker,Nathan Whitaker,41,NOR,Veteran,Amateur,false,false,false,,0,0,,Amateur,,,,,,,,,,,,,72,72,73,70,68,89,79,3,18,0,0,0,,0,,,,,,,0,0,14,14,0,100,0,0,0,"{""matches"":14,""wins"":14,""losses"":0,""draws"":0,""winPercentage"":100,""eventsEntered"":0,""titles"":0,""finals"":0,""prizeMoney"":0,""points"":0}",,,,,,,,,,,,,,,,false,false,false,,104,44,15,0,0,0,0,0,10,5,0,0,0,29,11,estimated from season exits versus eligible schedule | 29 eligible events not entered,Amateur,normal,,,false,false,false,false,0,0,0,,0,false,,amateur,amateur,,,true,true,
2045/46,wp-nathan-yates,Nathan Yates,40,FRA,Veteran,Amateur,false,false,false,,0,0,,Amateur,,,,,,,,,,,,,64,64,65,61,60,78,65,2,22,0,0,0,,0,,,,,,,0,0,67,39,28,58.2089552238806,2,0,0,"{""matches"":67,""wins"":39,""losses"":28,""draws"":0,""winPercentage"":58.2089552238806,""eventsEntered"":0,""titles"":2,""finals"":0,""prizeMoney"":0,""points"":0}",,,,,,,,,,,,,,,,false,false,false,,104,44,15,0,0,0,0,0,10,5,0,0,0,29,11,estimated from season exits versus eligible schedule | 29 eligible events not entered,Amateur,normal,,,false,false,false,false,0,0,0,,0,false,,amateur,amateur,,,true,true,
2045/46,wp-niall-ashford,Niall Ashford,47,GER,Veteran,Amateur,false,false,false,,0,0,,Amateur,,,,,,,,,,,,,72,72,71,70,65,86,73,12,18,0,0,0,,0,,,,,,,0,0,8,8,0,100,0,0,0,"{""matches"":8,""wins"":8,""losses"":0,""draws"":0,""winPercentage"":100,""eventsEntered"":0,""titles"":0,""finals"":0,""prizeMoney"":0,""points"":0}",,,,,,,,,,,,,,,,false,false,false,,104,44,15,0,0,0,0,0,10,5,0,0,0,29,11,estimated from season exits versus eligible schedule | 29 eligible events not entered,Amateur,normal,,,false,false,false,false,0,0,0,,0,false,,amateur,amateur,,,true,true,
2045/46,wp-niall-barker,Niall Barker,41,THA,Veteran,Amateur,false,false,false,,0,0,,Amateur,,,,,,,,,,,,,72,72,73,70,68,89,79,3,18,0,0,0,,0,,,,,,,0,0,12,12,0,100,0,0,0,"{""matches"":12,""wins"":12,""losses"":0,""draws"":0,""winPercentage"":100,""eventsEntered"":0,""titles"":0,""finals"":0,""prizeMoney"":0,""points"":0}",,,,,,,,,,,,,,,,false,false,false,,104,44,15,0,0,0,0,0,10,5,0,0,0,29,11,estimated from season exits versus eligible schedule | 29 eligible events not entered,Amateur,normal,,,false,false,false,false,0,0,0,,0,false,,amateur,amateur,,,true,true,
2045/46,wp-niall-caldwell,Niall Caldwell,36,CAN,Amateur,Amateur,false,false,false,,0,0,,Amateur,,,,,,,59,,,,,,67,69,69,64,63,75,58,27,26,10,4,6,40,0,,,,,,,0,176,200,119,81,59.5,0,0,391680,"{""matches"":200,""wins"":119,""losses"":81,""draws"":0,""winPercentage"":59.5,""eventsEntered"":0,""titles"":0,""finals"":0,""prizeMoney"":391680,""points"":0}",,,,,,,,,,,,,,95,,false,false,false,,104,42,15,0,0,0,0,0,10,5,0,0,0,27,11,estimated from season exits versus eligible schedule | 27 eligible events not entered,Amateur,normal,,,false,false,false,false,0,2,48563,,0,false,,amateur,amateur,,,true,true,
2045/46,wp-niall-drayton,Niall Drayton,61,SWE,Veteran,Senior Tour / Legend Circuit,false,false,false,,0,0,,Amateur,,,,,,,,,,24,,,66,66,63,61,51,67,49,56,20,7,5,2,71.42857142857143,0,,,,,,,0,176,115,79,36,68.69565217391305,1,0,0,"{""matches"":115,""wins"":79,""losses"":36,""draws"":0,""winPercentage"":68.69565217391305,""eventsEntered"":0,""titles"":1,""finals"":0,""prizeMoney"":0,""points"":0}",,,,,,,,,,,,,,,,false,false,false,,104,14,11,0,0,0,0,0,0,0,0,0,11,3,0,estimated from season exits versus eligible schedule | 3 eligible events not entered,Senior/Legend,normal,,,false,false,false,false,0,0,0,,0,false,,amateur,senior,,,true,true,
2045/46,wp-niall-forster,Niall Forster,41,NIR,Veteran,Amateur,false,false,false,,0,0,,Amateur,,,,,,,,,,,,,72,72,73,70,68,89,79,3,18,0,0,0,,0,,,,,,,0,0,12,12,0,100,0,0,0,"{""matches"":12,""wins"":12,""losses"":0,""draws"":0,""winPercentage"":100,""eventsEntered"":0,""titles"":0,""finals"":0,""prizeMoney"":0,""points"":0}",,,,,,,,,,,,,,,,false,false,false,,104,44,15,0,0,0,0,0,10,5,0,0,0,29,11,estimated from season exits versus eligible schedule | 29 eligible events not entered,Amateur,normal,,,false,false,false,false,0,0,0,,0,false,,amateur,amateur,,,true,true,
2045/46,wp-niall-grimaldi,Niall Grimaldi,45,WAL,Veteran,Amateur,false,false,false,,0,0,,Amateur,,,,,,,,,,,,,75,76,75,74,69,90,75,9,24,0,0,0,,0,,,,,,,0,0,12,12,0,100,0,0,231822,"{""matches"":12,""wins"":12,""losses"":0,""draws"":0,""winPercentage"":100,""eventsEntered"":0,""titles"":0,""finals"":0,""prizeMoney"":231822,""points"":0}",,,,,,,,,,,,,,103,,false,false,false,,104,44,15,0,0,0,0,0,10,5,0,0,0,29,11,estimated from season exits versus eligible schedule | 29 eligible events not entered,Amateur,normal,,,false,false,false,false,0,0,0,,0,false,,amateur,amateur,,,true,true,
2045/46,wp-niall-lombardi,Niall Lombardi,48,WAL,Veteran,Amateur,false,false,false,,0,0,,Amateur,,,,,,,,,,,,,71,73,70,69,64,82,63,14,29,0,0,0,,0,,,,,,,0,0,37,27,10,72.97297297297297,2,0,165055,"{""matches"":37,""wins"":27,""losses"":10,""draws"":0,""winPercentage"":72.97297297297297,""eventsEntered"":0,""titles"":2,""finals"":0,""prizeMoney"":165055,""points"":0}",,,,,,,,,,,,,,96,,false,false,false,,104,44,15,0,0,0,0,0,10,5,0,0,0,29,11,estimated from season exits versus eligible schedule | 29 eligible events not entered,Amateur,normal,,,false,false,false,false,0,0,0,,0,false,,amateur,amateur,,,true,true,
2045/46,wp-niall-petrov,Niall Petrov,45,SWE,Veteran,Amateur,false,false,false,,0,0,,Amateur,,,,,,,,,,,,,76,82,76,77,70,86,55,11,51,0,0,0,,0,,,,,,,0,0,121,61,60,50.413223140495866,0,0,1857020,"{""matches"":121,""wins"":61,""losses"":60,""draws"":0,""winPercentage"":50.413223140495866,""eventsEntered"":0,""titles"":0,""finals"":0,""prizeMoney"":1857020,""points"":0}",,,,,,,,,,,,,,1,,false,false,false,,104,44,15,0,0,0,0,0,10,5,0,0,0,29,11,estimated from season exits versus eligible schedule | 29 eligible events not entered,Amateur,normal,,,false,false,false,false,0,2,48273,,0,false,,senior,amateur,,,true,true,
2045/46,wp-niall-sorensen,Niall Sorensen,67,NIR,Veteran,Amateur,false,false,false,,0,0,,Amateur,,,,,,,,,,,,,69,71,64,64,52,70,40,45,24,0,0,0,,0,,,,,,,0,0,25,17,8,68,0,0,126899,"{""matches"":25,""wins"":17,""losses"":8,""draws"":0,""winPercentage"":68,""eventsEntered"":0,""titles"":0,""finals"":0,""prizeMoney"":126899,""points"":0}",,,,,,,,,,,,,,97,,false,false,false,,104,44,15,0,0,0,0,0,10,5,0,0,0,29,11,estimated from season exits versus eligible schedule | 29 eligible events not entered,Amateur,normal,,,false,false,false,false,0,0,0,,0,false,,amateur,amateur,,,true,true,
2045/46,wp-niall-tremblay,Niall Tremblay,42,POL,Veteran,Amateur,false,false,false,,0,0,,Amateur,,,,,,,,,,,,,72,72,72,70,67,88,78,4,18,0,0,0,,0,,,,,,,0,0,14,14,0,100,0,0,0,"{""matches"":14,""wins"":14,""losses"":0,""draws"":0,""winPercentage"":100,""eventsEntered"":0,""titles"":0,""finals"":0,""prizeMoney"":0,""points"":0}",,,,,,,,,,,,,,,,false,false,false,,104,44,15,0,0,0,0,0,10,5,0,0,0,29,11,estimated from season exits versus eligible schedule | 29 eligible events not entered,Amateur,normal,,,false,false,false,false,0,0,0,,0,false,,amateur,amateur,,,true,true,
2045/46,wp-noah-bennett,Noah Bennett,35,IRL,Amateur,Amateur,false,false,false,,0,0,,Amateur,105,105,,105,,,43,,,,105,,68,89,70,66,65,78,60,16,29,7,3,4,42.857142857142854,0,,,,,,,63594,395,200,122,78,61,1,0,652703,"{""matches"":200,""wins"":122,""losses"":78,""draws"":0,""winPercentage"":61,""eventsEntered"":0,""titles"":1,""finals"":0,""prizeMoney"":652703,""points"":0}",,,,,,,,,,,,,,96,,false,false,false,,104,42,15,0,0,0,0,0,10,5,0,0,0,27,11,estimated from season exits versus eligible schedule | 27 eligible events not entered,Amateur,normal,,,false,false,false,false,3,6,129789,,0,false,,amateur,amateur,,,true,true,
2045/46,wp-noah-bennett-a,Noah Bennett A,33,AUS,Amateur,Q School,false,false,false,,0,0,,Amateur,,,,,,,7,12,11,,,,66,91,68,64,63,76,66,25,27,10,6,4,60,0,,,,,,,0,299,163,97,66,59.50920245398773,0,0,670336,"{""matches"":163,""wins"":97,""losses"":66,""draws"":0,""winPercentage"":59.50920245398773,""eventsEntered"":0,""titles"":0,""finals"":0,""prizeMoney"":670336,""points"":0}",,,,,,,,,,,,,,101,,false,false,false,,104,42,4,0,0,0,0,0,0,4,0,0,0,38,22,estimated from season exits versus eligible schedule | 38 eligible events not entered,Q School,normal,,,false,false,false,false,0,0,0,,0,false,low match volume,qSchool,qSchool,,,true,true,
2045/46,wp-noah-bennett-b,Noah Bennett B,30,AUS,Amateur,Q Tour,false,false,false,,0,0,,Amateur,,,,,,,22,27,,,,,67,78,69,65,65,76,62,25,26,10,5,5,50,0,,,,,,,0,242,157,98,59,62.42038216560509,0,0,378961,"{""matches"":157,""wins"":98,""losses"":59,""draws"":0,""winPercentage"":62.42038216560509,""eventsEntered"":0,""titles"":0,""finals"":0,""prizeMoney"":378961,""points"":0}",,,,,,,,,,,,,,97,,false,false,false,,104,42,7,0,0,0,0,0,2,5,0,0,0,35,19,estimated from season exits versus eligible schedule | 35 eligible events not entered,Q Tour,normal,,,false,false,false,false,0,2,47406,,0,false,,amateur,qTour,,,true,true,
2045/46,wp-noah-bennett-c,Noah Bennett C,30,AUS,Amateur,Q School,false,false,false,,0,0,,Amateur,,,,,,,19,24,23,,,,68,82,70,65,66,77,62,25,25,10,5,5,50,0,,,,,,,0,243,174,112,62,64.36781609195403,0,0,377227,"{""matches"":174,""wins"":112,""losses"":62,""draws"":0,""winPercentage"":64.36781609195403,""eventsEntered"":0,""titles"":0,""finals"":0,""prizeMoney"":377227,""points"":0}",,,,,,,,,,,,,,98,,false,false,false,,104,42,5,0,0,0,0,0,1,4,0,0,0,37,21,estimated from season exits versus eligible schedule | 37 eligible events not entered,Q School,too high,,,false,false,false,false,0,2,47117,,0,false,,qSchool,qSchool,,,true,true,
2045/46,wp-noah-bennett-j,Noah Bennett J,21,IRL,Amateur,Q School,false,false,false,,0,0,,Amateur,109,109,,109,,,13,10,12,,109,,68,74,70,65,67,79,62,13,23,6,3,3,50,0,,,,,,,62438,388,61,41,20,67.21311475409836,0,0,108399,"{""matches"":61,""wins"":41,""losses"":20,""draws"":0,""winPercentage"":67.21311475409836,""eventsEntered"":0,""titles"":0,""finals"":0,""prizeMoney"":108399,""points"":0}",,,,,,,,,,,,,,102,,false,false,false,,104,42,4,0,0,0,0,0,0,4,0,0,0,38,22,estimated from season exits versus eligible schedule | 38 eligible events not entered,Q School,normal,,,false,false,false,false,3,5,108399,,0,false,,qSchool,qSchool,,,true,true,
2045/46,wp-noah-bennett-m,Noah Bennett M,16,AUS,Youth,Amateur,false,false,false,,0,0,,Amateur,,,,,,,,,,,,,66,86,68,63,65,79,71,15,18,7,5,2,71.42857142857143,0,,,,,,,0,123,16,11,5,68.75,0,0,0,"{""matches"":16,""wins"":11,""losses"":5,""draws"":0,""winPercentage"":68.75,""eventsEntered"":0,""titles"":0,""finals"":0,""prizeMoney"":0,""points"":0}",,,,,,,,,,,,,,,,false,false,false,,104,61,10,0,0,0,0,0,5,5,0,0,0,51,16,estimated from season exits versus eligible schedule | 51 eligible events not entered,Youth,normal,,,false,false,false,false,0,0,0,,0,false,,youth,youth,,,true,true,
2045/46,wp-noah-bennett-n,Noah Bennett N,16,AUS,Youth,Amateur,false,false,false,,0,0,,Amateur,,,,,,,,,,,,,68,89,70,65,67,81,71,15,18,7,5,2,71.42857142857143,0,,,,,,,0,116,7,5,2,71.42857142857143,0,0,0,"{""matches"":7,""wins"":5,""losses"":2,""draws"":0,""winPercentage"":71.42857142857143,""eventsEntered"":0,""titles"":0,""finals"":0,""prizeMoney"":0,""points"":0}",,,,,,,,,,,,,,,,false,false,false,,104,61,10,0,0,0,0,0,5,5,0,0,0,51,16,estimated from season exits versus eligible schedule | 51 eligible events not entered,Youth,normal,,,false,false,false,false,0,0,0,,0,false,,youth,youth,,,true,true,
2045/46,wp-noah-bennett-o,Noah Bennett O,16,AUS,Youth,Amateur,false,false,false,,0,0,,Amateur,,,,,,,,,,,,,55,98,57,49,55,64,42,0,18,,,,,,,,,,,,,,0,0,0,0,0,0,0,"{""matches"":0,""wins"":0,""losses"":0,""draws"":0,""winPercentage"":0,""eventsEntered"":0,""titles"":0,""finals"":0,""prizeMoney"":0,""points"":0}",,,,,,,,,,,,,,,,,false,false,,104,61,10,0,0,0,0,0,5,5,0,0,0,51,16,estimated from season exits versus eligible schedule | 51 eligible events not entered,Youth,normal,,,false,false,false,false,0,0,0,,0,false,,youth,youth,,,true,true,
2045/46,wp-oskar-ashford,Oskar Ashford,35,NIR,Amateur,Amateur,false,false,false,,0,0,,Amateur,,,,,,,51,,,,,,68,69,70,66,63,74,62,40,27,15,7,8,46.666666666666664,0,,,,,,,0,242,243,155,88,63.78600823045267,1,0,378672,"{""matches"":243,""wins"":155,""losses"":88,""draws"":0,""winPercentage"":63.78600823045267,""eventsEntered"":0,""titles"":1,""finals"":0,""prizeMoney"":378672,""points"":0}",,,,,,,,,,,,,,103,,false,false,false,,104,42,15,0,0,0,0,0,10,5,0,0,0,27,11,estimated from season exits versus eligible schedule | 27 eligible events not entered,Amateur,normal,,,false,false,false,false,0,3,64172,,0,false,,amateur,amateur,,,true,true,
2045/46,wp-oskar-iqbal,Oskar Iqbal,46,CAN,Veteran,Amateur,false,false,false,,0,0,,Amateur,,,,,,,,,,,,,76,82,76,76,69,86,55,12,49,0,0,0,,0,,,,,,,0,0,117,60,57,51.28205128205128,0,0,1701630,"{""matches"":117,""wins"":60,""losses"":57,""draws"":0,""winPercentage"":51.28205128205128,""eventsEntered"":0,""titles"":0,""finals"":0,""prizeMoney"":1701630,""points"":0}",,,,,,,,,,,,,,9,,false,false,false,,104,44,15,0,0,0,0,0,10,5,0,0,0,29,11,estimated from season exits versus eligible schedule | 29 eligible events not entered,Amateur,normal,,,false,false,false,false,0,0,0,,0,false,,senior,amateur,,,true,true,
2045/46,wp-oskar-janssen,Oskar Janssen,44,SWE,Veteran,Amateur,false,false,false,,0,0,,Amateur,,,,,,,,,,,,,72,72,72,70,67,87,76,7,18,0,0,0,,0,,,,,,,0,0,12,12,0,100,0,0,0,"{""matches"":12,""wins"":12,""losses"":0,""draws"":0,""winPercentage"":100,""eventsEntered"":0,""titles"":0,""finals"":0,""prizeMoney"":0,""points"":0}",,,,,,,,,,,,,,,,false,false,false,,104,44,15,0,0,0,0,0,10,5,0,0,0,29,11,estimated from season exits versus eligible schedule | 29 eligible events not entered,Amateur,normal,,,false,false,false,false,0,0,0,,0,false,,amateur,amateur,,,true,true,
2045/46,wp-oskar-otero,Oskar Otero,37,GER,Amateur,Q School,false,false,false,,0,0,,Amateur,,,,,,,64,,32,,,,68,70,69,67,66,82,64,0,31,0,0,0,,0,,,,,,,0,0,188,105,83,55.85106382978723,0,0,778408,"{""matches"":188,""wins"":105,""losses"":83,""draws"":0,""winPercentage"":55.85106382978723,""eventsEntered"":0,""titles"":0,""finals"":0,""prizeMoney"":778408,""points"":0}",,,,,,,,,,,,,,80,,false,false,false,,104,42,4,0,0,0,0,0,0,4,0,0,0,38,22,estimated from season exits versus eligible schedule | 38 eligible events not entered,Q School,normal,,,false,false,false,false,0,0,0,,0,false,,amateur,qSchool,,,true,true,
2045/46,wp-oskar-petrov,Oskar Petrov,60,JPN,Veteran,Amateur,false,false,false,,0,0,,Amateur,,,,,,,,,,,,,70,71,67,66,57,75,51,33,24,0,0,0,,0,,,,,,,0,0,26,20,6,76.92307692307693,0,0,143376,"{""matches"":26,""wins"":20,""losses"":6,""draws"":0,""winPercentage"":76.92307692307693,""eventsEntered"":0,""titles"":0,""finals"":0,""prizeMoney"":143376,""points"":0}",,,,,,,,,,,,,,99,,false,false,false,,104,44,15,0,0,0,0,0,10,5,0,0,0,29,11,estimated from season exits versus eligible schedule | 29 eligible events not entered,Amateur,normal,,,false,false,false,false,0,0,0,,0,false,,amateur,amateur,,,true,true,
2045/46,wp-oskar-verma,Oskar Verma,41,CAN,Veteran,Amateur,false,false,false,,0,0,,Amateur,,,,,,,,,,,,,66,67,67,63,62,79,62,4,24,0,0,0,,0,,,,,,,0,0,48,27,21,56.25,0,0,161296,"{""matches"":48,""wins"":27,""losses"":21,""draws"":0,""winPercentage"":56.25,""eventsEntered"":0,""titles"":0,""finals"":0,""prizeMoney"":161296,""points"":0}",,,,,,,,,,,,,,100,,false,false,false,,104,44,15,0,0,0,0,0,10,5,0,0,0,29,11,estimated from season exits versus eligible schedule | 29 eligible events not entered,Amateur,normal,,,false,false,false,false,0,0,0,,0,false,,amateur,amateur,,,true,true,
2045/46,wp-oskar-westbrook,Oskar Westbrook,38,ESP,Amateur,Amateur,false,false,false,,0,0,,Amateur,,,,,,,,,,,,,64,65,65,61,61,78,64,0,23,0,0,0,,0,,,,,,,0,0,186,101,85,54.3010752688172,0,0,353375,"{""matches"":186,""wins"":101,""losses"":85,""draws"":0,""winPercentage"":54.3010752688172,""eventsEntered"":0,""titles"":0,""finals"":0,""prizeMoney"":353375,""points"":0}",,,,,,,,,,,,,,109,,false,false,false,,104,42,15,0,0,0,0,0,10,5,0,0,0,27,11,estimated from season exits versus eligible schedule | 27 eligible events not entered,Amateur,normal,,,false,false,false,false,0,0,0,,0,false,,amateur,amateur,,,true,true,
2045/46,wp-oskar-whitaker,Oskar Whitaker,47,SWE,Veteran,Amateur,false,false,false,,0,0,,Amateur,,,,,,,,,,,,,64,64,63,60,57,75,59,13,18,0,0,0,,0,,,,,,,0,0,40,26,14,65,0,0,0,"{""matches"":40,""wins"":26,""losses"":14,""draws"":0,""winPercentage"":65,""eventsEntered"":0,""titles"":0,""finals"":0,""prizeMoney"":0,""points"":0}",,,,,,,,,,,,,,,,false,false,false,,104,44,15,0,0,0,0,0,10,5,0,0,0,29,11,estimated from season exits versus eligible schedule | 29 eligible events not entered,Amateur,normal,,,false,false,false,false,0,0,0,,0,false,,amateur,amateur,,,true,true,
2045/46,wp-oskar-yates,Oskar Yates,42,ENG,Veteran,Amateur,false,false,false,,0,0,,Amateur,,,,,,,,,,,,,70,70,70,68,65,85,74,5,18,0,0,0,,0,,,,,,,0,0,18,16,2,88.88888888888889,0,0,0,"{""matches"":18,""wins"":16,""losses"":2,""draws"":0,""winPercentage"":88.88888888888889,""eventsEntered"":0,""titles"":0,""finals"":0,""prizeMoney"":0,""points"":0}",,,,,,,,,,,,,,,,false,false,false,,104,44,15,0,0,0,0,0,10,5,0,0,0,29,11,estimated from season exits versus eligible schedule | 29 eligible events not entered,Amateur,normal,,,false,false,false,false,0,0,0,,0,false,,amateur,amateur,,,true,true,
2045/46,wp-otis-barker,Otis Barker,42,CHN,Veteran,Amateur,false,false,false,,0,0,,Amateur,,,,,,,,,,,,,67,67,67,64,62,81,68,5,18,0,0,0,,0,,,,,,,0,0,21,16,5,76.19047619047619,0,0,0,"{""matches"":21,""wins"":16,""losses"":5,""draws"":0,""winPercentage"":76.19047619047619,""eventsEntered"":0,""titles"":0,""finals"":0,""prizeMoney"":0,""points"":0}",,,,,,,,,,,,,,,,false,false,false,,104,44,15,0,0,0,0,0,10,5,0,0,0,29,11,estimated from season exits versus eligible schedule | 29 eligible events not entered,Amateur,normal,,,false,false,false,false,0,0,0,,0,false,,amateur,amateur,,,true,true,
2045/46,wp-otis-drayton,Otis Drayton,48,ITA,Veteran,Amateur,false,false,false,,0,0,,Amateur,,,,,,,,,,,,,72,72,71,69,65,85,72,14,18,0,0,0,,0,,,,,,,0,0,8,8,0,100,0,0,0,"{""matches"":8,""wins"":8,""losses"":0,""draws"":0,""winPercentage"":100,""eventsEntered"":0,""titles"":0,""finals"":0,""prizeMoney"":0,""points"":0}",,,,,,,,,,,,,,,,false,false,false,,104,44,15,0,0,0,0,0,10,5,0,0,0,29,11,estimated from season exits versus eligible schedule | 29 eligible events not entered,Amateur,normal,,,false,false,false,false,0,0,0,,0,false,,amateur,amateur,,,true,true,
2045/46,wp-otis-easton,Otis Easton,41,SCO,Veteran,Amateur,false,false,false,,0,0,,Amateur,,,,,,,,,,,,,69,69,70,67,65,85,74,3,18,0,0,0,,0,,,,,,,0,0,15,13,2,86.66666666666667,0,0,0,"{""matches"":15,""wins"":13,""losses"":2,""draws"":0,""winPercentage"":86.66666666666667,""eventsEntered"":0,""titles"":0,""finals"":0,""prizeMoney"":0,""points"":0}",,,,,,,,,,,,,,,,false,false,false,,104,44,15,0,0,0,0,0,10,5,0,0,0,29,11,estimated from season exits versus eligible schedule | 29 eligible events not entered,Amateur,normal,,,false,false,false,false,0,0,0,,0,false,,amateur,amateur,,,true,true,
2045/46,wp-otis-grimaldi,Otis Grimaldi,48,AUS,Veteran,Amateur,false,false,false,,0,0,,Amateur,,,,,,,,,,,,,72,72,71,69,65,85,72,14,18,0,0,0,,0,,,,,,,0,0,12,12,0,100,0,0,0,"{""matches"":12,""wins"":12,""losses"":0,""draws"":0,""winPercentage"":100,""eventsEntered"":0,""titles"":0,""finals"":0,""prizeMoney"":0,""points"":0}",,,,,,,,,,,,,,,,false,false,false,,104,44,15,0,0,0,0,0,10,5,0,0,0,29,11,estimated from season exits versus eligible schedule | 29 eligible events not entered,Amateur,normal,,,false,false,false,false,0,0,0,,0,false,,amateur,amateur,,,true,true,
2045/46,wp-otis-madsen,Otis Madsen,53,CHN,Veteran,Amateur,false,false,false,,0,0,,Amateur,,,,,,,,,,,,,74,79,72,73,64,81,51,23,41,0,0,0,,0,,,,,,,0,0,54,32,22,59.25925925925925,0,0,1007568,"{""matches"":54,""wins"":32,""losses"":22,""draws"":0,""winPercentage"":59.25925925925925,""eventsEntered"":0,""titles"":0,""finals"":0,""prizeMoney"":1007568,""points"":0}",,,,,,,,,,,,,,33,,false,false,false,,104,44,15,0,0,0,0,0,10,5,0,0,0,29,11,estimated from season exits versus eligible schedule | 29 eligible events not entered,Amateur,normal,,,false,false,false,false,0,0,0,,0,false,,senior,amateur,,,true,true,
2045/46,wp-otis-mendoza,Otis Mendoza,41,NED,Veteran,Amateur,false,false,false,,0,0,,Amateur,,,,,,,,,,,,,66,67,67,63,62,79,63,4,24,0,0,0,,0,,,,,,,0,0,57,34,23,59.64912280701754,0,0,160140,"{""matches"":57,""wins"":34,""losses"":23,""draws"":0,""winPercentage"":59.64912280701754,""eventsEntered"":0,""titles"":0,""finals"":0,""prizeMoney"":160140,""points"":0}",,,,,,,,,,,,,,101,,false,false,false,,104,44,15,0,0,0,0,0,10,5,0,0,0,29,11,estimated from season exits versus eligible schedule | 29 eligible events not entered,Amateur,normal,,,false,false,false,false,0,0,0,,0,false,,amateur,amateur,,,true,true,
2045/46,wp-otis-tremblay,Otis Tremblay,51,IRL,Veteran,Amateur,false,false,false,,0,0,,Amateur,,,,,,,,,,,,,77,79,76,75,68,89,69,18,27,0,0,0,,0,,,,,,,0,0,12,12,0,100,0,0,317492,"{""matches"":12,""wins"":12,""losses"":0,""draws"":0,""winPercentage"":100,""eventsEntered"":0,""titles"":0,""finals"":0,""prizeMoney"":317492,""points"":0}",,,,,,,,,,,,,,90,,false,false,false,,104,44,15,0,0,0,0,0,10,5,0,0,0,29,11,estimated from season exits versus eligible schedule | 29 eligible events not entered,Amateur,normal,,,false,false,false,false,0,0,0,,0,false,,amateur,amateur,,,true,true,
2045/46,wp-otis-urban,Otis Urban,74,PAK,Veteran,Senior Tour / Legend Circuit,false,false,false,,0,0,,Amateur,,,,,,,,,,2,,,74,74,68,72,54,76,54,57,34,1,1,0,100,1,,,,,,,0,22,93,79,14,84.94623655913979,8,0,0,"{""matches"":93,""wins"":79,""losses"":14,""draws"":0,""winPercentage"":84.94623655913979,""eventsEntered"":0,""titles"":8,""finals"":0,""prizeMoney"":0,""points"":0}",,,,,,,,,,,,,,,,false,false,false,,104,14,11,0,0,0,0,0,0,0,0,0,11,3,0,estimated from season exits versus eligible schedule | 3 eligible events not entered,Senior/Legend,normal,,,false,false,false,false,0,0,0,,1,false,,amateur,senior,,,true,true,
2045/46,wp-patrick-barker,Patrick Barker,47,IND,Veteran,Amateur,false,false,false,,0,0,,Amateur,,,,,,,,,,,,,76,82,75,76,69,85,54,14,48,0,0,0,,0,,,,,,,0,0,109,57,52,52.293577981651374,0,0,1630058,"{""matches"":109,""wins"":57,""losses"":52,""draws"":0,""winPercentage"":52.293577981651374,""eventsEntered"":0,""titles"":0,""finals"":0,""prizeMoney"":1630058,""points"":0}",,,,,,,,,,,,,,10,,false,false,false,,104,44,15,0,0,0,0,0,10,5,0,0,0,29,11,estimated from season exits versus eligible schedule | 29 eligible events not entered,Amateur,normal,,,false,false,false,false,0,0,0,,0,false,,senior,amateur,,,true,true,
2045/46,wp-patrick-forster,Patrick Forster,51,GER,Veteran,Amateur,false,false,false,,0,0,,Amateur,,,,,,,,,,,,,72,72,71,69,63,84,69,18,18,0,0,0,,0,,,,,,,0,0,10,10,0,100,0,0,0,"{""matches"":10,""wins"":10,""losses"":0,""draws"":0,""winPercentage"":100,""eventsEntered"":0,""titles"":0,""finals"":0,""prizeMoney"":0,""points"":0}",,,,,,,,,,,,,,,,false,false,false,,104,44,15,0,0,0,0,0,10,5,0,0,0,29,11,estimated from season exits versus eligible schedule | 29 eligible events not entered,Amateur,normal,,,false,false,false,false,0,0,0,,0,false,,amateur,amateur,,,true,true,
2045/46,wp-patrick-gallagher,Patrick Gallagher,62,NIR,Veteran,Amateur,false,false,false,,0,0,,Amateur,,,,,,,,,,,,,79,82,75,77,65,85,58,36,31,0,0,0,,0,,,,,,,0,0,12,12,0,100,0,0,368140,"{""matches"":12,""wins"":12,""losses"":0,""draws"":0,""winPercentage"":100,""eventsEntered"":0,""titles"":0,""finals"":0,""prizeMoney"":368140,""points"":0}",,,,,,,,,,,,,,67,,false,false,false,,104,44,15,0,0,0,0,0,10,5,0,0,0,29,11,estimated from season exits versus eligible schedule | 29 eligible events not entered,Amateur,normal,,,false,false,false,false,0,0,0,,0,false,,amateur,amateur,,,true,true,
2045/46,wp-patrick-harrington,Patrick Harrington,44,CAN,Veteran,Amateur,false,false,false,,0,0,,Amateur,,,,,,,,,,,,,69,69,69,66,63,83,70,8,18,0,0,0,,0,,,,,,,0,0,20,17,3,85,0,0,0,"{""matches"":20,""wins"":17,""losses"":3,""draws"":0,""winPercentage"":85,""eventsEntered"":0,""titles"":0,""finals"":0,""prizeMoney"":0,""points"":0}",,,,,,,,,,,,,,,,false,false,false,,104,44,15,0,0,0,0,0,10,5,0,0,0,29,11,estimated from season exits versus eligible schedule | 29 eligible events not entered,Amateur,normal,,,false,false,false,false,0,0,0,,0,false,,amateur,amateur,,,true,true,
2045/46,wp-patrick-nakamura,Patrick Nakamura,42,IND,Veteran,Amateur,false,false,false,,0,0,,Amateur,,,,,,,,,,,,,70,71,70,68,65,84,69,5,24,0,0,0,,0,,,,,,,0,0,28,22,6,78.57142857142857,0,0,177484,"{""matches"":28,""wins"":22,""losses"":6,""draws"":0,""winPercentage"":78.57142857142857,""eventsEntered"":0,""titles"":0,""finals"":0,""prizeMoney"":177484,""points"":0}",,,,,,,,,,,,,,102,,false,false,false,,104,44,15,0,0,0,0,0,10,5,0,0,0,29,11,estimated from season exits versus eligible schedule | 29 eligible events not entered,Amateur,normal,,,false,false,false,false,0,0,0,,0,false,,amateur,amateur,,,true,true,
2045/46,wp-patrick-patel,Patrick Patel,46,SWE,Veteran,Amateur,false,false,false,,0,0,,Amateur,,,,,,,,,,,,,73,73,73,71,67,87,74,11,21,0,0,0,,0,,,,,,,0,0,12,12,0,100,0,0,169390,"{""matches"":12,""wins"":12,""losses"":0,""draws"":0,""winPercentage"":100,""eventsEntered"":0,""titles"":0,""finals"":0,""prizeMoney"":169390,""points"":0}",,,,,,,,,,,,,,119,,false,false,false,,104,44,15,0,0,0,0,0,10,5,0,0,0,29,11,estimated from season exits versus eligible schedule | 29 eligible events not entered,Amateur,normal,,,false,false,false,false,0,0,0,,0,false,,amateur,amateur,,,true,true,
2045/46,wp-patrick-tremblay,Patrick Tremblay,50,THA,Veteran,Amateur,false,false,false,,0,0,,Amateur,,,,,,,,,,,,,66,67,65,62,58,75,55,18,22,0,0,0,,0,,,,,,,0,0,62,39,23,62.903225806451616,0,0,115915,"{""matches"":62,""wins"":39,""losses"":23,""draws"":0,""winPercentage"":62.903225806451616,""eventsEntered"":0,""titles"":0,""finals"":0,""prizeMoney"":115915,""points"":0}",,,,,,,,,,,,,,112,,false,false,false,,104,44,15,0,0,0,0,0,10,5,0,0,0,29,11,estimated from season exits versus eligible schedule | 29 eligible events not entered,Amateur,normal,,,false,false,false,false,0,0,0,,0,false,,amateur,amateur,,,true,true,
2045/46,wp-patrick-urban,Patrick Urban,38,CAN,Amateur,Amateur,false,false,false,,0,0,,Amateur,,,,,,,,,,,,,65,66,66,62,62,80,66,0,22,0,0,0,,0,,,,,,,0,0,164,99,65,60.36585365853659,0,0,268251,"{""matches"":164,""wins"":99,""losses"":65,""draws"":0,""winPercentage"":60.36585365853659,""eventsEntered"":0,""titles"":0,""finals"":0,""prizeMoney"":268251,""points"":0}",,,,,,,,,,,,,,112,,false,false,false,,104,42,15,0,0,0,0,0,10,5,0,0,0,27,11,estimated from season exits versus eligible schedule | 27 eligible events not entered,Amateur,normal,,,false,false,false,false,0,0,0,,0,false,,amateur,amateur,,,true,true,
2045/46,wp-patrick-verma,Patrick Verma,45,SWE,Veteran,Amateur,false,false,false,,0,0,,Amateur,,,,,,,,,,,,,66,67,66,63,60,77,60,10,22,0,0,0,,0,,,,,,,0,0,89,55,34,61.79775280898876,0,0,106086,"{""matches"":89,""wins"":55,""losses"":34,""draws"":0,""winPercentage"":61.79775280898876,""eventsEntered"":0,""titles"":0,""finals"":0,""prizeMoney"":106086,""points"":0}",,,,,,,,,,,,,,111,,false,false,false,,104,44,15,0,0,0,0,0,10,5,0,0,0,29,11,estimated from season exits versus eligible schedule | 29 eligible events not entered,Amateur,normal,,,false,false,false,false,0,0,0,,0,false,,amateur,amateur,,,true,true,
2045/46,wp-pavel-ashford,Pavel Ashford,41,BEL,Veteran,Amateur,false,false,false,,0,0,,Amateur,,,,,,,,,,,,,72,72,73,70,68,89,79,3,18,0,0,0,,0,,,,,,,0,0,14,14,0,100,0,0,0,"{""matches"":14,""wins"":14,""losses"":0,""draws"":0,""winPercentage"":100,""eventsEntered"":0,""titles"":0,""finals"":0,""prizeMoney"":0,""points"":0}",,,,,,,,,,,,,,,,false,false,false,,104,44,15,0,0,0,0,0,10,5,0,0,0,29,11,estimated from season exits versus eligible schedule | 29 eligible events not entered,Amateur,normal,,,false,false,false,false,0,0,0,,0,false,,amateur,amateur,,,true,true,
2045/46,wp-pavel-barker,Pavel Barker,41,AUS,Veteran,Amateur,false,false,false,,0,0,,Amateur,,,,,,,,,,,,,69,69,70,67,65,85,73,3,18,0,0,0,,0,,,,,,,0,0,14,12,2,85.71428571428571,0,0,0,"{""matches"":14,""wins"":12,""losses"":2,""draws"":0,""winPercentage"":85.71428571428571,""eventsEntered"":0,""titles"":0,""finals"":0,""prizeMoney"":0,""points"":0}",,,,,,,,,,,,,,,,false,false,false,,104,44,15,0,0,0,0,0,10,5,0,0,0,29,11,estimated from season exits versus eligible schedule | 29 eligible events not entered,Amateur,normal,,,false,false,false,false,0,0,0,,0,false,,amateur,amateur,,,true,true,
2045/46,wp-pavel-costa,Pavel Costa,51,NED,Veteran,Amateur,false,false,false,,0,0,,Amateur,,,,,,,,,,,,,72,76,71,70,63,80,52,20,37,0,0,0,,0,,,,,,,0,0,65,38,27,58.46153846153847,0,0,1048360,"{""matches"":65,""wins"":38,""losses"":27,""draws"":0,""winPercentage"":58.46153846153847,""eventsEntered"":0,""titles"":0,""finals"":0,""prizeMoney"":1048360,""points"":0}",,,,,,,,,,,,,,54,,false,false,false,,104,44,15,0,0,0,0,0,10,5,0,0,0,29,11,estimated from season exits versus eligible schedule | 29 eligible events not entered,Amateur,normal,,,false,false,false,false,0,0,0,,0,false,,senior,amateur,,,true,true,
2045/46,wp-pavel-drayton,Pavel Drayton,67,NOR,Veteran,Senior Tour / Legend Circuit,false,false,false,,0,0,,Amateur,,,,,,,,,,17,,,67,67,62,63,49,67,47,59,22,5,4,1,80,0,,,,,,,0,154,135,94,41,69.62962962962963,2,0,0,"{""matches"":135,""wins"":94,""losses"":41,""draws"":0,""winPercentage"":69.62962962962963,""eventsEntered"":0,""titles"":2,""finals"":0,""prizeMoney"":0,""points"":0}",,,,,,,,,,,,,,,,false,false,false,,104,14,11,0,0,0,0,0,0,0,0,0,11,3,0,estimated from season exits versus eligible schedule | 3 eligible events not entered,Senior/Legend,normal,,,false,false,false,false,0,0,0,,0,false,,amateur,senior,,,true,true,
2045/46,wp-pavel-kovacs,Pavel Kovacs,45,SCO,Veteran,Amateur,false,false,false,,0,0,,Amateur,,,,,,,,,,,,,72,72,72,70,66,87,75,9,18,0,0,0,,0,,,,,,,0,0,12,12,0,100,0,0,0,"{""matches"":12,""wins"":12,""losses"":0,""draws"":0,""winPercentage"":100,""eventsEntered"":0,""titles"":0,""finals"":0,""prizeMoney"":0,""points"":0}",,,,,,,,,,,,,,,,false,false,false,,104,44,15,0,0,0,0,0,10,5,0,0,0,29,11,estimated from season exits versus eligible schedule | 29 eligible events not entered,Amateur,normal,,,false,false,false,false,0,0,0,,0,false,,amateur,amateur,,,true,true,
2045/46,wp-pavel-langford,Pavel Langford,45,FRA,Veteran,Amateur,false,false,false,,0,0,,Amateur,,,,,,,,,,,,,74,75,74,72,68,89,75,9,22,0,0,0,,0,,,,,,,0,0,12,12,0,100,0,0,180828,"{""matches"":12,""wins"":12,""losses"":0,""draws"":0,""winPercentage"":100,""eventsEntered"":0,""titles"":0,""finals"":0,""prizeMoney"":180828,""points"":0}",,,,,,,,,,,,,,110,,false,false,false,,104,44,15,0,0,0,0,0,10,5,0,0,0,29,11,estimated from season exits versus eligible schedule | 29 eligible events not entered,Amateur,normal,,,false,false,false,false,0,0,0,,0,false,,amateur,amateur,,,true,true,
2045/46,wp-pavel-petrov,Pavel Petrov,50,NOR,Veteran,Amateur,false,false,false,,0,0,,Amateur,,,,,,,,,,,,,70,71,69,68,62,80,60,18,27,0,0,0,,0,,,,,,,0,0,32,22,10,68.75,2,0,139328,"{""matches"":32,""wins"":22,""losses"":10,""draws"":0,""winPercentage"":68.75,""eventsEntered"":0,""titles"":2,""finals"":0,""prizeMoney"":139328,""points"":0}",,,,,,,,,,,,,,103,,false,false,false,,104,44,15,0,0,0,0,0,10,5,0,0,0,29,11,estimated from season exits versus eligible schedule | 29 eligible events not entered,Amateur,normal,,,false,false,false,false,0,0,0,,0,false,,amateur,amateur,,,true,true,
2045/46,wp-pavel-rahman,Pavel Rahman,37,FRA,Amateur,Amateur,false,false,false,,0,0,,Amateur,,,,,,,,,,,,,65,66,66,63,63,80,67,0,22,0,0,0,,0,,,,,,,0,0,205,126,79,61.46341463414634,0,0,265936,"{""matches"":205,""wins"":126,""losses"":79,""draws"":0,""winPercentage"":61.46341463414634,""eventsEntered"":0,""titles"":0,""finals"":0,""prizeMoney"":265936,""points"":0}",,,,,,,,,,,,,,113,,false,false,false,,104,42,15,0,0,0,0,0,10,5,0,0,0,27,11,estimated from season exits versus eligible schedule | 27 eligible events not entered,Amateur,normal,,,false,false,false,false,0,0,0,,0,false,,amateur,amateur,,,true,true,
2045/46,wp-pavel-verma,Pavel Verma,48,BRA,Veteran,Amateur,false,false,false,,0,0,,Amateur,,,,,,,,,,,,,76,82,75,76,69,85,52,15,48,0,0,0,,0,,,,,,,0,0,94,47,47,50,0,0,1474624,"{""matches"":94,""wins"":47,""losses"":47,""draws"":0,""winPercentage"":50,""eventsEntered"":0,""titles"":0,""finals"":0,""prizeMoney"":1474624,""points"":0}",,,,,,,,,,,,,,5,,false,false,false,,104,44,15,0,0,0,0,0,10,5,0,0,0,29,11,estimated from season exits versus eligible schedule | 29 eligible events not entered,Amateur,normal,,,false,false,false,false,0,0,0,,0,false,,senior,amateur,,,true,true,
2045/46,wp-pavel-whitaker,Pavel Whitaker,41,ITA,Veteran,Amateur,false,false,false,,0,0,,Amateur,,,,,,,,,,,,,65,66,66,62,61,78,61,4,24,0,0,0,,0,,,,,,,0,0,111,61,50,54.95495495495496,0,0,267383,"{""matches"":111,""wins"":61,""losses"":50,""draws"":0,""winPercentage"":54.95495495495496,""eventsEntered"":0,""titles"":0,""finals"":0,""prizeMoney"":267383,""points"":0}",,,,,,,,,,,,,,104,,false,false,false,,104,44,15,0,0,0,0,0,10,5,0,0,0,29,11,estimated from season exits versus eligible schedule | 29 eligible events not entered,Amateur,normal,,,false,false,false,false,0,0,0,,0,false,,amateur,amateur,,,true,true,
2045/46,wp-pavel-yates,Pavel Yates,50,SCO,Veteran,Amateur,false,false,false,,0,0,,Amateur,,,,,,,,,,,,,72,72,71,69,64,84,70,17,18,0,0,0,,0,,,,,,,0,0,12,12,0,100,0,0,0,"{""matches"":12,""wins"":12,""losses"":0,""draws"":0,""winPercentage"":100,""eventsEntered"":0,""titles"":0,""finals"":0,""prizeMoney"":0,""points"":0}",,,,,,,,,,,,,,,,false,false,false,,104,44,15,0,0,0,0,0,10,5,0,0,0,29,11,estimated from season exits versus eligible schedule | 29 eligible events not entered,Amateur,normal,,,false,false,false,false,0,0,0,,0,false,,amateur,amateur,,,true,true,
2045/46,wp-quentin-ashford,Quentin Ashford,37,ENG,Amateur,Amateur,false,false,false,,0,0,,Amateur,,,,,,,,,,,,,67,69,68,65,65,81,65,0,28,0,0,0,,0,,,,,,,0,0,191,109,82,57.06806282722513,0,0,522990,"{""matches"":191,""wins"":109,""losses"":82,""draws"":0,""winPercentage"":57.06806282722513,""eventsEntered"":0,""titles"":0,""finals"":0,""prizeMoney"":522990,""points"":0}",,,,,,,,,,,,,,89,,false,false,false,,104,42,15,0,0,0,0,0,10,5,0,0,0,27,11,estimated from season exits versus eligible schedule | 27 eligible events not entered,Amateur,normal,,,false,false,false,false,0,0,0,,0,false,,amateur,amateur,,,true,true,
2045/46,wp-quentin-barker,Quentin Barker,51,THA,Veteran,Amateur,false,false,false,,0,0,,Amateur,,,,,,,,,,,,,72,72,71,69,63,84,69,18,18,0,0,0,,0,,,,,,,0,0,14,14,0,100,0,0,0,"{""matches"":14,""wins"":14,""losses"":0,""draws"":0,""winPercentage"":100,""eventsEntered"":0,""titles"":0,""finals"":0,""prizeMoney"":0,""points"":0}",,,,,,,,,,,,,,,,false,false,false,,104,44,15,0,0,0,0,0,10,5,0,0,0,29,11,estimated from season exits versus eligible schedule | 29 eligible events not entered,Amateur,normal,,,false,false,false,false,0,0,0,,0,false,,amateur,amateur,,,true,true,
2045/46,wp-quentin-caldwell,Quentin Caldwell,48,CAN,Veteran,Amateur,false,false,false,,0,0,,Amateur,,,,,,,,,,,,,72,72,71,69,65,85,72,14,18,0,0,0,,0,,,,,,,0,0,10,10,0,100,0,0,0,"{""matches"":10,""wins"":10,""losses"":0,""draws"":0,""winPercentage"":100,""eventsEntered"":0,""titles"":0,""finals"":0,""prizeMoney"":0,""points"":0}",,,,,,,,,,,,,,,,false,false,false,,104,44,15,0,0,0,0,0,10,5,0,0,0,29,11,estimated from season exits versus eligible schedule | 29 eligible events not entered,Amateur,normal,,,false,false,false,false,0,0,0,,0,false,,amateur,amateur,,,true,true,
2045/46,wp-quentin-easton,Quentin Easton,44,ENG,Veteran,Amateur,false,false,false,,0,0,,Amateur,,,,,,,,,,,,,72,72,72,70,67,87,76,7,18,0,0,0,,0,,,,,,,0,0,12,12,0,100,0,0,0,"{""matches"":12,""wins"":12,""losses"":0,""draws"":0,""winPercentage"":100,""eventsEntered"":0,""titles"":0,""finals"":0,""prizeMoney"":0,""points"":0}",,,,,,,,,,,,,,,,false,false,false,,104,44,15,0,0,0,0,0,10,5,0,0,0,29,11,estimated from season exits versus eligible schedule | 29 eligible events not entered,Amateur,normal,,,false,false,false,false,0,0,0,,0,false,,amateur,amateur,,,true,true,
2045/46,wp-quentin-langford,Quentin Langford,47,GER,Veteran,Amateur,false,false,false,,0,0,,Amateur,,,,,,,,,,,,,72,72,71,70,65,86,73,12,18,0,0,0,,0,,,,,,,0,0,12,12,0,100,0,0,0,"{""matches"":12,""wins"":12,""losses"":0,""draws"":0,""winPercentage"":100,""eventsEntered"":0,""titles"":0,""finals"":0,""prizeMoney"":0,""points"":0}",,,,,,,,,,,,,,,,false,false,false,,104,44,15,0,0,0,0,0,10,5,0,0,0,29,11,estimated from season exits versus eligible schedule | 29 eligible events not entered,Amateur,normal,,,false,false,false,false,0,0,0,,0,false,,amateur,amateur,,,true,true,
2045/46,wp-quentin-rahman,Quentin Rahman,51,ENG,Veteran,Amateur,false,false,false,,0,0,,Amateur,,,,,,,,,,,,,69,70,68,66,60,79,59,19,23,0,0,0,,0,,,,,,,0,0,23,17,6,73.91304347826086,0,0,119094,"{""matches"":23,""wins"":17,""losses"":6,""draws"":0,""winPercentage"":73.91304347826086,""eventsEntered"":0,""titles"":0,""finals"":0,""prizeMoney"":119094,""points"":0}",,,,,,,,,,,,,,105,,false,false,false,,104,44,15,0,0,0,0,0,10,5,0,0,0,29,11,estimated from season exits versus eligible schedule | 29 eligible events not entered,Amateur,normal,,,false,false,false,false,0,0,0,,0,false,,amateur,amateur,,,true,true,
2045/46,wp-quentin-rossi,Quentin Rossi,51,POL,Veteran,Amateur,false,false,false,,0,0,,Amateur,,,,,,,,,,,,,72,76,71,70,63,80,51,20,39,0,0,0,,0,,,,,,,0,0,61,33,28,54.09836065573771,0,0,974317,"{""matches"":61,""wins"":33,""losses"":28,""draws"":0,""winPercentage"":54.09836065573771,""eventsEntered"":0,""titles"":0,""finals"":0,""prizeMoney"":974317,""points"":0}",,,,,,,,,,,,,,41,,false,false,false,,104,44,15,0,0,0,0,0,10,5,0,0,0,29,11,estimated from season exits versus eligible schedule | 29 eligible events not entered,Amateur,normal,,,false,false,false,false,0,0,0,,0,false,,senior,amateur,,,true,true,
2045/46,wp-quentin-sorensen,Quentin Sorensen,39,NIR,Amateur,Q School,false,false,false,,0,0,,Amateur,,,,,,,9,4,3,,,,66,67,67,63,58,69,66,64,22,21,13,8,61.904761904761905,0,,,,,,,0,558,141,90,51,63.829787234042556,0,0,242812,"{""matches"":141,""wins"":90,""losses"":51,""draws"":0,""winPercentage"":63.829787234042556,""eventsEntered"":0,""titles"":0,""finals"":0,""prizeMoney"":242812,""points"":0}",,,,,,,,,,,,,,115,,false,false,false,,104,42,8,0,0,0,0,0,3,5,0,0,0,34,18,estimated from season exits versus eligible schedule | 34 eligible events not entered,Q School,too high,,,false,false,false,false,0,0,0,,0,false,,qSchool,qSchool,,,true,true,
2045/46,wp-quentin-yates,Quentin Yates,40,WAL,Veteran,Amateur,false,false,false,,0,0,,Amateur,,,,,,,,,,,,,62,62,63,58,58,75,62,3,18,0,0,0,,0,,,,,,,0,0,66,36,30,54.54545454545454,0,0,0,"{""matches"":66,""wins"":36,""losses"":30,""draws"":0,""winPercentage"":54.54545454545454,""eventsEntered"":0,""titles"":0,""finals"":0,""prizeMoney"":0,""points"":0}",,,,,,,,,,,,,,,,false,false,false,,104,44,15,0,0,0,0,0,10,5,0,0,0,29,11,estimated from season exits versus eligible schedule | 29 eligible events not entered,Amateur,normal,,,false,false,false,false,0,0,0,,0,false,,amateur,amateur,,,true,true,
2045/46,wp-rafael-ashford,Rafael Ashford,36,NED,Amateur,Q School,false,false,false,,0,0,,Amateur,,,,,,,4,6,8,,,,65,66,67,62,60,71,63,41,23,15,8,7,53.333333333333336,0,,,,,,,0,408,211,125,86,59.241706161137444,0,0,241658,"{""matches"":211,""wins"":125,""losses"":86,""draws"":0,""winPercentage"":59.241706161137444,""eventsEntered"":0,""titles"":0,""finals"":0,""prizeMoney"":241658,""points"":0}",,,,,,,,,,,,,,110,,false,false,false,,104,42,7,0,0,0,0,0,2,5,0,0,0,35,19,estimated from season exits versus eligible schedule | 35 eligible events not entered,Q School,too high,,,false,false,false,false,0,0,0,,0,false,,qSchool,qSchool,,,true,true,
2045/46,wp-rafael-barker,Rafael Barker,60,CHN,Veteran,Amateur,false,false,false,,0,0,,Amateur,,,,,,,,,,,,,72,72,69,68,59,79,60,33,18,0,0,0,,0,,,,,,,0,0,12,12,0,100,0,0,0,"{""matches"":12,""wins"":12,""losses"":0,""draws"":0,""winPercentage"":100,""eventsEntered"":0,""titles"":0,""finals"":0,""prizeMoney"":0,""points"":0}",,,,,,,,,,,,,,,,false,false,false,,104,44,15,0,0,0,0,0,10,5,0,0,0,29,11,estimated from season exits versus eligible schedule | 29 eligible events not entered,Amateur,normal,,,false,false,false,false,0,0,0,,0,false,,amateur,amateur,,,true,true,
2045/46,wp-rafael-caldwell,Rafael Caldwell,45,BRA,Veteran,Amateur,false,false,false,,0,0,,Amateur,,,,,,,,,,,,,72,72,72,70,66,87,75,9,18,0,0,0,,0,,,,,,,0,0,14,14,0,100,0,0,0,"{""matches"":14,""wins"":14,""losses"":0,""draws"":0,""winPercentage"":100,""eventsEntered"":0,""titles"":0,""finals"":0,""prizeMoney"":0,""points"":0}",,,,,,,,,,,,,,,,false,false,false,,104,44,15,0,0,0,0,0,10,5,0,0,0,29,11,estimated from season exits versus eligible schedule | 29 eligible events not entered,Amateur,normal,,,false,false,false,false,0,0,0,,0,false,,amateur,amateur,,,true,true,
2045/46,wp-rafael-drayton,Rafael Drayton,36,ITA,Amateur,Amateur,false,false,false,,0,0,,Amateur,,,,,,,61,,,,,,66,67,68,63,62,74,58,27,24,10,4,6,40,0,,,,,,,0,175,208,122,86,58.65384615384615,0,0,332710,"{""matches"":208,""wins"":122,""losses"":86,""draws"":0,""winPercentage"":58.65384615384615,""eventsEntered"":0,""titles"":0,""finals"":0,""prizeMoney"":332710,""points"":0}",,,,,,,,,,,,,,104,,false,false,false,,104,42,15,0,0,0,0,0,10,5,0,0,0,27,11,estimated from season exits versus eligible schedule | 27 eligible events not entered,Amateur,normal,,,false,false,false,false,0,2,45383,,0,false,,amateur,amateur,,,true,true,
2045/46,wp-rafael-forster,Rafael Forster,44,BEL,Veteran,Amateur,false,false,false,,0,0,,Amateur,,,,,,,,,,,,,72,72,72,70,67,87,76,7,18,0,0,0,,0,,,,,,,0,0,12,12,0,100,0,0,0,"{""matches"":12,""wins"":12,""losses"":0,""draws"":0,""winPercentage"":100,""eventsEntered"":0,""titles"":0,""finals"":0,""prizeMoney"":0,""points"":0}",,,,,,,,,,,,,,,,false,false,false,,104,44,15,0,0,0,0,0,10,5,0,0,0,29,11,estimated from season exits versus eligible schedule | 29 eligible events not entered,Amateur,normal,,,false,false,false,false,0,0,0,,0,false,,amateur,amateur,,,true,true,
2045/46,wp-rafael-grimaldi,Rafael Grimaldi,52,AUS,Veteran,Amateur,false,false,false,,0,0,,Amateur,,,,,,,,,,,,,75,80,73,74,66,82,49,22,44,0,0,0,,0,,,,,,,0,0,75,39,36,52,0,0,1226492,"{""matches"":75,""wins"":39,""losses"":36,""draws"":0,""winPercentage"":52,""eventsEntered"":0,""titles"":0,""finals"":0,""prizeMoney"":1226492,""points"":0}",,,,,,,,,,,,,,19,,false,false,false,,104,44,15,0,0,0,0,0,10,5,0,0,0,29,11,estimated from season exits versus eligible schedule | 29 eligible events not entered,Amateur,normal,,,false,false,false,false,0,0,0,,0,false,,senior,amateur,,,true,true,
2045/46,wp-rafael-mendoza,Rafael Mendoza,39,SCO,Amateur,Amateur,false,false,false,,0,0,,Amateur,,,,,,,,,,,,,70,73,71,69,67,84,66,1,30,0,0,0,,0,,,,,,,0,0,102,63,39,61.76470588235294,0,0,465693,"{""matches"":102,""wins"":63,""losses"":39,""draws"":0,""winPercentage"":61.76470588235294,""eventsEntered"":0,""titles"":0,""finals"":0,""prizeMoney"":465693,""points"":0}",,,,,,,,,,,,,,75,,false,false,false,,104,42,15,0,0,0,0,0,10,5,0,0,0,27,11,estimated from season exits versus eligible schedule | 27 eligible events not entered,Amateur,normal,,,false,false,false,false,0,0,0,,0,false,,amateur,amateur,,,true,true,
2045/46,wp-rafael-sorensen,Rafael Sorensen,48,BEL,Veteran,Amateur,false,false,false,,0,0,,Amateur,,,,,,,,,,,,,68,69,67,65,61,79,60,15,23,0,0,0,,0,,,,,,,0,0,24,17,7,70.83333333333334,0,0,117360,"{""matches"":24,""wins"":17,""losses"":7,""draws"":0,""winPercentage"":70.83333333333334,""eventsEntered"":0,""titles"":0,""finals"":0,""prizeMoney"":117360,""points"":0}",,,,,,,,,,,,,,106,,false,false,false,,104,44,15,0,0,0,0,0,10,5,0,0,0,29,11,estimated from season exits versus eligible schedule | 29 eligible events not entered,Amateur,normal,,,false,false,false,false,0,0,0,,0,false,,amateur,amateur,,,true,true,
2045/46,wp-rafael-tremblay,Rafael Tremblay,39,AUS,Amateur,Amateur,false,false,false,,0,0,,Amateur,,,,,,,,,,,,,65,66,66,62,62,79,65,1,21,0,0,0,,0,,,,,,,0,0,121,72,49,59.50413223140496,0,0,131234,"{""matches"":121,""wins"":72,""losses"":49,""draws"":0,""winPercentage"":59.50413223140496,""eventsEntered"":0,""titles"":0,""finals"":0,""prizeMoney"":131234,""points"":0}",,,,,,,,,,,,,,113,,false,false,false,,104,42,15,0,0,0,0,0,10,5,0,0,0,27,11,estimated from season exits versus eligible schedule | 27 eligible events not entered,Amateur,normal,,,false,false,false,false,0,0,0,,0,false,,amateur,amateur,,,true,true,
2045/46,wp-rafael-upton,Rafael Upton,47,BRA,Veteran,Amateur,false,false,false,,0,0,,Amateur,,,,,,,,,,,,,73,73,72,71,66,87,73,12,20,0,0,0,,0,,,,,,,0,0,12,12,0,100,0,0,122270,"{""matches"":12,""wins"":12,""losses"":0,""draws"":0,""winPercentage"":100,""eventsEntered"":0,""titles"":0,""finals"":0,""prizeMoney"":122270,""points"":0}",,,,,,,,,,,,,,123,,false,false,false,,104,44,15,0,0,0,0,0,10,5,0,0,0,29,11,estimated from season exits versus eligible schedule | 29 eligible events not entered,Amateur,normal,,,false,false,false,false,0,0,0,,0,false,,amateur,amateur,,,true,true,
2045/46,wp-reuben-easton,Reuben Easton,47,ITA,Veteran,Amateur,false,false,false,,0,0,,Amateur,,,,,,,,,,,,,75,76,74,73,68,89,73,12,24,0,0,0,,0,,,,,,,0,0,12,12,0,100,0,0,257424,"{""matches"":12,""wins"":12,""losses"":0,""draws"":0,""winPercentage"":100,""eventsEntered"":0,""titles"":0,""finals"":0,""prizeMoney"":257424,""points"":0}",,,,,,,,,,,,,,100,,false,false,false,,104,44,15,0,0,0,0,0,10,5,0,0,0,29,11,estimated from season exits versus eligible schedule | 29 eligible events not entered,Amateur,normal,,,false,false,false,false,0,0,0,,0,false,,amateur,amateur,,,true,true,
2045/46,wp-reuben-iqbal,Reuben Iqbal,50,ITA,Veteran,Amateur,false,false,false,,0,0,,Amateur,,,,,,,,,,,,,72,72,71,69,64,84,70,17,18,0,0,0,,0,,,,,,,0,0,12,12,0,100,0,0,0,"{""matches"":12,""wins"":12,""losses"":0,""draws"":0,""winPercentage"":100,""eventsEntered"":0,""titles"":0,""finals"":0,""prizeMoney"":0,""points"":0}",,,,,,,,,,,,,,,,false,false,false,,104,44,15,0,0,0,0,0,10,5,0,0,0,29,11,estimated from season exits versus eligible schedule | 29 eligible events not entered,Amateur,normal,,,false,false,false,false,0,0,0,,0,false,,amateur,amateur,,,true,true,
2045/46,wp-reuben-nakamura,Reuben Nakamura,50,PAK,Veteran,Amateur,false,false,false,,0,0,,Amateur,,,,,,,,,,,,,78,84,77,79,70,86,52,18,53,0,0,0,,0,,,,,,,0,0,100,50,50,50,2,0,1492507,"{""matches"":100,""wins"":50,""losses"":50,""draws"":0,""winPercentage"":50,""eventsEntered"":0,""titles"":2,""finals"":0,""prizeMoney"":1492507,""points"":0}",,,,,,,,,,,,,,2,,false,false,false,,104,44,15,0,0,0,0,0,10,5,0,0,0,29,11,estimated from season exits versus eligible schedule | 29 eligible events not entered,Amateur,normal,,,false,false,false,false,0,0,0,,0,false,,senior,amateur,,,true,true,
2045/46,wp-reuben-tremblay,Reuben Tremblay,41,CHN,Veteran,Amateur,false,false,false,,0,0,,Amateur,,,,,,,,,,,,,65,66,66,62,61,78,62,4,25,0,0,0,,0,,,,,,,0,0,60,33,27,55.00000000000001,1,0,153204,"{""matches"":60,""wins"":33,""losses"":27,""draws"":0,""winPercentage"":55.00000000000001,""eventsEntered"":0,""titles"":1,""finals"":0,""prizeMoney"":153204,""points"":0}",,,,,,,,,,,,,,107,,false,false,false,,104,44,15,0,0,0,0,0,10,5,0,0,0,29,11,estimated from season exits versus eligible schedule | 29 eligible events not entered,Amateur,normal,,,false,false,false,false,0,0,0,,0,false,,amateur,amateur,,,true,true,
2045/46,wp-reuben-urban,Reuben Urban,41,BRA,Veteran,Amateur,false,false,false,,0,0,,Amateur,,,,,,,,,,,,,64,65,65,61,60,77,61,4,22,0,0,0,,0,,,,,,,0,0,44,24,20,54.54545454545454,0,0,134126,"{""matches"":44,""wins"":24,""losses"":20,""draws"":0,""winPercentage"":54.54545454545454,""eventsEntered"":0,""titles"":0,""finals"":0,""prizeMoney"":134126,""points"":0}",,,,,,,,,,,,,,108,,false,false,false,,104,44,15,0,0,0,0,0,10,5,0,0,0,29,11,estimated from season exits versus eligible schedule | 29 eligible events not entered,Amateur,normal,,,false,false,false,false,0,0,0,,0,false,,amateur,amateur,,,true,true,
2045/46,wp-reuben-verma,Reuben Verma,44,ITA,Veteran,Amateur,false,false,false,,0,0,,Amateur,,,,,,,,,,,,,65,66,65,62,59,76,59,9,22,0,0,0,,0,,,,,,,0,0,89,51,38,57.30337078651685,0,0,131812,"{""matches"":89,""wins"":51,""losses"":38,""draws"":0,""winPercentage"":57.30337078651685,""eventsEntered"":0,""titles"":0,""finals"":0,""prizeMoney"":131812,""points"":0}",,,,,,,,,,,,,,112,,false,false,false,,104,44,15,0,0,0,0,0,10,5,0,0,0,29,11,estimated from season exits versus eligible schedule | 29 eligible events not entered,Amateur,normal,,,false,false,false,false,0,0,0,,0,false,,amateur,amateur,,,true,true,
2045/46,wp-reuben-vos,Reuben Vos,46,BEL,Veteran,Amateur,false,false,false,,0,0,,Amateur,,,,,,,,,,,,,74,79,74,74,67,84,54,12,45,0,0,0,,0,,,,,,,0,0,113,56,57,49.557522123893804,0,0,1410604,"{""matches"":113,""wins"":56,""losses"":57,""draws"":0,""winPercentage"":49.557522123893804,""eventsEntered"":0,""titles"":0,""finals"":0,""prizeMoney"":1410604,""points"":0}",,,,,,,,,,,,,,19,,false,false,false,,104,44,15,0,0,0,0,0,10,5,0,0,0,29,11,estimated from season exits versus eligible schedule | 29 eligible events not entered,Amateur,normal,,,false,false,false,false,0,0,0,,0,false,,senior,amateur,,,true,true,
2045/46,wp-reuben-whitaker,Reuben Whitaker,42,SCO,Veteran,Amateur,false,false,false,,0,0,,Amateur,,,,,,,,,,,,,72,72,72,70,67,88,78,4,18,0,0,0,,0,,,,,,,0,0,14,14,0,100,0,0,0,"{""matches"":14,""wins"":14,""losses"":0,""draws"":0,""winPercentage"":100,""eventsEntered"":0,""titles"":0,""finals"":0,""prizeMoney"":0,""points"":0}",,,,,,,,,,,,,,,,false,false,false,,104,44,15,0,0,0,0,0,10,5,0,0,0,29,11,estimated from season exits versus eligible schedule | 29 eligible events not entered,Amateur,normal,,,false,false,false,false,0,0,0,,0,false,,amateur,amateur,,,true,true,
2045/46,wp-reuben-yates,Reuben Yates,45,BEL,Veteran,Amateur,false,false,false,,0,0,,Amateur,,,,,,,,,,,,,66,66,66,63,60,78,64,10,18,0,0,0,,0,,,,,,,0,0,14,10,4,71.42857142857143,0,0,0,"{""matches"":14,""wins"":10,""losses"":4,""draws"":0,""winPercentage"":71.42857142857143,""eventsEntered"":0,""titles"":0,""finals"":0,""prizeMoney"":0,""points"":0}",,,,,,,,,,,,,,,,false,false,false,,104,44,15,0,0,0,0,0,10,5,0,0,0,29,11,estimated from season exits versus eligible schedule | 29 eligible events not entered,Amateur,normal,,,false,false,false,false,0,0,0,,0,false,,amateur,amateur,,,true,true,
2045/46,wp-rory-vale,Rory Vale,33,ENG,Amateur,Amateur,false,false,false,,0,0,,Amateur,112,112,,112,,,41,,,,112,,66,89,68,63,64,76,59,16,25,7,3,4,42.857142857142854,0,,,,,,,61570,383,179,108,71,60.33519553072626,0,0,579571,"{""matches"":179,""wins"":108,""losses"":71,""draws"":0,""winPercentage"":60.33519553072626,""eventsEntered"":0,""titles"":0,""finals"":0,""prizeMoney"":579571,""points"":0}",,,,,,,,,,,,,,105,,false,false,false,,104,42,15,0,0,0,0,0,10,5,0,0,0,27,11,estimated from season exits versus eligible schedule | 27 eligible events not entered,Amateur,normal,,,false,false,false,false,3,6,125164,,0,false,no tour access,amateur,amateur,,,true,true,
2045/46,wp-rory-vale-a,Rory Vale A,33,ENG,Amateur,Q School,false,false,false,,0,0,,Amateur,,,,,,,14,21,19,,,,65,86,67,63,62,75,67,25,25,10,6,4,60,0,,,,,,,0,291,176,103,73,58.52272727272727,1,0,432438,"{""matches"":176,""wins"":103,""losses"":73,""draws"":0,""winPercentage"":58.52272727272727,""eventsEntered"":0,""titles"":1,""finals"":0,""prizeMoney"":432438,""points"":0}",,,,,,,,,,,,,,112,,false,false,false,,104,42,4,0,0,0,0,0,0,4,0,0,0,38,22,estimated from season exits versus eligible schedule | 38 eligible events not entered,Q School,normal,,,false,false,false,false,0,0,0,,0,false,low match volume,qSchool,qSchool,,,true,true,
2045/46,wp-rory-vale-c,Rory Vale C,29,BEL,Amateur,Q School,false,false,false,,0,0,,Amateur,114,114,,114,,,23,23,21,,114,,69,97,71,66,68,80,58,10,24,5,2,3,40,0,,,,,,,42492,264,147,94,53,63.94557823129252,0,0,444867,"{""matches"":147,""wins"":94,""losses"":53,""draws"":0,""winPercentage"":63.94557823129252,""eventsEntered"":0,""titles"":0,""finals"":0,""prizeMoney"":444867,""points"":0}",,,,,,,,,,,,,,106,,false,false,false,,104,42,4,0,0,0,0,0,0,4,0,0,0,38,22,estimated from season exits versus eligible schedule | 38 eligible events not entered,Q School,normal,,,false,false,false,false,2,4,87297,,0,false,failed Q School campaigns,qSchool,qSchool,,,true,true,
2045/46,wp-rory-vale-d,Rory Vale D,29,BEL,Amateur,Q School,false,false,false,,0,0,,Amateur,,,,,,,16,22,20,,,,67,82,69,64,65,76,62,25,24,10,5,5,50,0,,,,,,,0,244,149,95,54,63.758389261744966,0,0,338781,"{""matches"":149,""wins"":95,""losses"":54,""draws"":0,""winPercentage"":63.758389261744966,""eventsEntered"":0,""titles"":0,""finals"":0,""prizeMoney"":338781,""points"":0}",,,,,,,,,,,,,,107,,false,false,false,,104,42,5,0,0,0,0,0,1,4,0,0,0,37,21,estimated from season exits versus eligible schedule | 37 eligible events not entered,Q School,too high,,,false,false,false,false,0,2,44516,,0,false,,qSchool,qSchool,,,true,true,
2045/46,wp-rory-vale-e,Rory Vale E,29,BEL,Amateur,Q School,false,false,false,,0,0,,Amateur,115,115,,115,,,25,26,25,,115,,68,95,70,65,67,79,58,10,24,5,2,3,40,0,,,,,,,42203,262,132,83,49,62.878787878787875,0,0,441399,"{""matches"":132,""wins"":83,""losses"":49,""draws"":0,""winPercentage"":62.878787878787875,""eventsEntered"":0,""titles"":0,""finals"":0,""prizeMoney"":441399,""points"":0}",,,,,,,,,,,,,,108,,false,false,false,,104,42,4,0,0,0,0,0,0,4,0,0,0,38,22,estimated from season exits versus eligible schedule | 38 eligible events not entered,Q School,normal,,,false,false,false,false,2,4,86430,,0,false,failed Q School campaigns,amateur,qSchool,,,true,true,
2045/46,wp-rory-vale-k,Rory Vale K,21,THA,Amateur,Q School,false,false,false,,0,0,,Amateur,118,118,,118,,,12,9,10,,118,,67,79,69,63,66,78,58,10,21,5,2,3,40,0,,,,,,,41336,257,64,45,19,70.3125,0,0,102617,"{""matches"":64,""wins"":45,""losses"":19,""draws"":0,""winPercentage"":70.3125,""eventsEntered"":0,""titles"":0,""finals"":0,""prizeMoney"":102617,""points"":0}",,,,,,,,,,,,,,113,,false,false,false,,104,42,4,0,0,0,0,0,0,4,0,0,0,38,22,estimated from season exits versus eligible schedule | 38 eligible events not entered,Q School,normal,,,false,false,false,false,2,5,102617,,0,false,,qSchool,qSchool,,,true,true,
2045/46,wp-rory-vale-n,Rory Vale N,16,ENG,Youth,Amateur,false,false,false,,0,0,,Amateur,,,,,,,,,,,,,65,77,67,62,64,78,72,18,18,8,6,2,75,0,,,,,,,0,137,16,11,5,68.75,0,0,0,"{""matches"":16,""wins"":11,""losses"":5,""draws"":0,""winPercentage"":68.75,""eventsEntered"":0,""titles"":0,""finals"":0,""prizeMoney"":0,""points"":0}",,,,,,,,,,,,,,,,false,false,false,,104,61,10,0,0,0,0,0,5,5,0,0,0,51,16,estimated from season exits versus eligible schedule | 51 eligible events not entered,Youth,normal,,,false,false,false,false,0,0,0,,0,false,,youth,youth,,,true,true,
2045/46,wp-rory-vale-o,Rory Vale O,16,ENG,Youth,Amateur,false,false,false,,0,0,,Amateur,,,,,,,,,,,,,69,90,71,66,68,82,72,18,18,8,6,2,75,0,,,,,,,0,135,8,6,2,75,0,0,0,"{""matches"":8,""wins"":6,""losses"":2,""draws"":0,""winPercentage"":75,""eventsEntered"":0,""titles"":0,""finals"":0,""prizeMoney"":0,""points"":0}",,,,,,,,,,,,,,,,false,false,false,,104,61,10,0,0,0,0,0,5,5,0,0,0,51,16,estimated from season exits versus eligible schedule | 51 eligible events not entered,Youth,normal,,,false,false,false,false,0,0,0,,0,false,,youth,youth,,,true,true,
2045/46,wp-samir-ashford,Samir Ashford,41,THA,Veteran,Amateur,false,false,false,,0,0,,Amateur,,,,,,,,,,,,,72,72,73,70,68,89,79,3,18,0,0,0,,0,,,,,,,0,0,10,10,0,100,0,0,0,"{""matches"":10,""wins"":10,""losses"":0,""draws"":0,""winPercentage"":100,""eventsEntered"":0,""titles"":0,""finals"":0,""prizeMoney"":0,""points"":0}",,,,,,,,,,,,,,,,false,false,false,,104,44,15,0,0,0,0,0,10,5,0,0,0,29,11,estimated from season exits versus eligible schedule | 29 eligible events not entered,Amateur,normal,,,false,false,false,false,0,0,0,,0,false,,amateur,amateur,,,true,true,
2045/46,wp-samir-caldwell,Samir Caldwell,60,SWE,Veteran,Amateur,false,false,false,,0,0,,Amateur,,,,,,,,,,,,,70,70,67,66,57,76,56,33,22,0,0,0,,0,,,,,,,0,0,26,22,4,84.61538461538461,2,0,0,"{""matches"":26,""wins"":22,""losses"":4,""draws"":0,""winPercentage"":84.61538461538461,""eventsEntered"":0,""titles"":2,""finals"":0,""prizeMoney"":0,""points"":0}",,,,,,,,,,,,,,,,false,false,false,,104,44,15,0,0,0,0,0,10,5,0,0,0,29,11,estimated from season exits versus eligible schedule | 29 eligible events not entered,Amateur,normal,,,false,false,false,false,0,0,0,,0,false,,amateur,amateur,,,true,true,
2045/46,wp-samir-janssen,Samir Janssen,48,WAL,Veteran,Amateur,false,false,false,,0,0,,Amateur,,,,,,,,,,,,,72,72,71,69,65,85,72,14,18,0,0,0,,0,,,,,,,0,0,12,12,0,100,0,0,0,"{""matches"":12,""wins"":12,""losses"":0,""draws"":0,""winPercentage"":100,""eventsEntered"":0,""titles"":0,""finals"":0,""prizeMoney"":0,""points"":0}",,,,,,,,,,,,,,,,false,false,false,,104,44,15,0,0,0,0,0,10,5,0,0,0,29,11,estimated from season exits versus eligible schedule | 29 eligible events not entered,Amateur,normal,,,false,false,false,false,0,0,0,,0,false,,amateur,amateur,,,true,true,
2045/46,wp-samir-otero,Samir Otero,41,SWE,Veteran,Amateur,false,false,false,,0,0,,Amateur,,,,,,,,,,,,,68,69,69,66,64,82,67,4,26,0,0,0,,0,,,,,,,0,0,46,30,16,65.21739130434783,2,0,132390,"{""matches"":46,""wins"":30,""losses"":16,""draws"":0,""winPercentage"":65.21739130434783,""eventsEntered"":0,""titles"":2,""finals"":0,""prizeMoney"":132390,""points"":0}",,,,,,,,,,,,,,109,,false,false,false,,104,44,15,0,0,0,0,0,10,5,0,0,0,29,11,estimated from season exits versus eligible schedule | 29 eligible events not entered,Amateur,normal,,,false,false,false,false,0,0,0,,0,false,,amateur,amateur,,,true,true,
2045/46,wp-samir-petrov,Samir Petrov,36,ENG,Amateur,Q School,false,false,false,,0,0,,Amateur,,,,,,,33,18,26,,,,64,65,66,61,61,75,65,17,22,7,4,3,57.14285714285714,0,,,,,,,0,170,218,131,87,60.09174311926605,0,0,336470,"{""matches"":218,""wins"":131,""losses"":87,""draws"":0,""winPercentage"":60.09174311926605,""eventsEntered"":0,""titles"":0,""finals"":0,""prizeMoney"":336470,""points"":0}",,,,,,,,,,,,,,118,,false,false,false,,104,42,4,0,0,0,0,0,0,4,0,0,0,38,22,estimated from season exits versus eligible schedule | 38 eligible events not entered,Q School,normal,,,false,false,false,false,0,0,0,,0,false,,qTour,qSchool,,,true,true,
2045/46,wp-samir-rahman,Samir Rahman,45,ESP,Veteran,Amateur,false,false,false,,0,0,,Amateur,,,,,,,,,,,,,78,80,78,77,72,93,75,9,28,0,0,0,,0,,,,,,,0,0,12,12,0,100,0,0,324280,"{""matches"":12,""wins"":12,""losses"":0,""draws"":0,""winPercentage"":100,""eventsEntered"":0,""titles"":0,""finals"":0,""prizeMoney"":324280,""points"":0}",,,,,,,,,,,,,,82,,false,false,false,,104,44,15,0,0,0,0,0,10,5,0,0,0,29,11,estimated from season exits versus eligible schedule | 29 eligible events not entered,Amateur,normal,,,false,false,false,false,0,0,0,,0,false,,amateur,amateur,,,true,true,
2045/46,wp-samir-verma,Samir Verma,51,ESP,Veteran,Amateur,false,false,false,,0,0,,Amateur,,,,,,,,,,,,,66,67,65,62,57,75,55,20,22,0,0,0,,0,,,,,,,0,0,20,13,7,65,0,0,113312,"{""matches"":20,""wins"":13,""losses"":7,""draws"":0,""winPercentage"":65,""eventsEntered"":0,""titles"":0,""finals"":0,""prizeMoney"":113312,""points"":0}",,,,,,,,,,,,,,110,,false,false,false,,104,44,15,0,0,0,0,0,10,5,0,0,0,29,11,estimated from season exits versus eligible schedule | 29 eligible events not entered,Amateur,normal,,,false,false,false,false,0,0,0,,0,false,,amateur,amateur,,,true,true,
2045/46,wp-samir-whitaker,Samir Whitaker,45,WAL,Veteran,Amateur,false,false,false,,0,0,,Amateur,,,,,,,,,,,,,72,72,72,70,66,87,75,9,18,0,0,0,,0,,,,,,,0,0,12,12,0,100,0,0,0,"{""matches"":12,""wins"":12,""losses"":0,""draws"":0,""winPercentage"":100,""eventsEntered"":0,""titles"":0,""finals"":0,""prizeMoney"":0,""points"":0}",,,,,,,,,,,,,,,,false,false,false,,104,44,15,0,0,0,0,0,10,5,0,0,0,29,11,estimated from season exits versus eligible schedule | 29 eligible events not entered,Amateur,normal,,,false,false,false,false,0,0,0,,0,false,,amateur,amateur,,,true,true,
2045/46,wp-samir-yates,Samir Yates,50,GER,Veteran,Amateur,false,false,false,,0,0,,Amateur,,,,,,,,,,,,,72,72,71,69,64,84,70,17,18,0,0,0,,0,,,,,,,0,0,14,14,0,100,0,0,0,"{""matches"":14,""wins"":14,""losses"":0,""draws"":0,""winPercentage"":100,""eventsEntered"":0,""titles"":0,""finals"":0,""prizeMoney"":0,""points"":0}",,,,,,,,,,,,,,,,false,false,false,,104,44,15,0,0,0,0,0,10,5,0,0,0,29,11,estimated from season exits versus eligible schedule | 29 eligible events not entered,Amateur,normal,,,false,false,false,false,0,0,0,,0,false,,amateur,amateur,,,true,true,
2045/46,wp-sebastian-ainsley,Sebastian Ainsley,70,WAL,Veteran,Amateur,false,false,false,,0,0,,Amateur,,,,,,,,,,,,,81,85,76,79,63,83,50,49,34,0,0,0,,0,,,,,,,0,0,12,12,0,100,0,0,451914,"{""matches"":12,""wins"":12,""losses"":0,""draws"":0,""winPercentage"":100,""eventsEntered"":0,""titles"":0,""finals"":0,""prizeMoney"":451914,""points"":0}",,,,,,,,,,,,,,54,,false,false,false,,104,44,15,0,0,0,0,0,10,5,0,0,0,29,11,estimated from season exits versus eligible schedule | 29 eligible events not entered,Amateur,normal,,,false,false,false,false,0,0,0,,0,false,,senior,amateur,,,true,true,
2045/46,wp-sebastian-ashford,Sebastian Ashford,45,POL,Veteran,Amateur,false,false,false,,0,0,,Amateur,,,,,,,,,,,,,72,72,72,70,66,87,75,9,18,0,0,0,,0,,,,,,,0,0,8,8,0,100,0,0,0,"{""matches"":8,""wins"":8,""losses"":0,""draws"":0,""winPercentage"":100,""eventsEntered"":0,""titles"":0,""finals"":0,""prizeMoney"":0,""points"":0}",,,,,,,,,,,,,,,,false,false,false,,104,44,15,0,0,0,0,0,10,5,0,0,0,29,11,estimated from season exits versus eligible schedule | 29 eligible events not entered,Amateur,normal,,,false,false,false,false,0,0,0,,0,false,,amateur,amateur,,,true,true,
2045/46,wp-sebastian-barker,Sebastian Barker,45,IND,Veteran,Amateur,false,false,false,,0,0,,Amateur,,,,,,,,,,,,,72,72,72,70,66,87,75,9,18,0,0,0,,0,,,,,,,0,0,8,8,0,100,0,0,0,"{""matches"":8,""wins"":8,""losses"":0,""draws"":0,""winPercentage"":100,""eventsEntered"":0,""titles"":0,""finals"":0,""prizeMoney"":0,""points"":0}",,,,,,,,,,,,,,,,false,false,false,,104,44,15,0,0,0,0,0,10,5,0,0,0,29,11,estimated from season exits versus eligible schedule | 29 eligible events not entered,Amateur,normal,,,false,false,false,false,0,0,0,,0,false,,amateur,amateur,,,true,true,
2045/46,wp-sebastian-caldwell,Sebastian Caldwell,44,JPN,Veteran,Amateur,false,false,false,,0,0,,Amateur,,,,,,,,,,,,,69,69,69,66,63,83,70,8,18,0,0,0,,0,,,,,,,0,0,13,11,2,84.61538461538461,0,0,0,"{""matches"":13,""wins"":11,""losses"":2,""draws"":0,""winPercentage"":84.61538461538461,""eventsEntered"":0,""titles"":0,""finals"":0,""prizeMoney"":0,""points"":0}",,,,,,,,,,,,,,,,false,false,false,,104,44,15,0,0,0,0,0,10,5,0,0,0,29,11,estimated from season exits versus eligible schedule | 29 eligible events not entered,Amateur,normal,,,false,false,false,false,0,0,0,,0,false,,amateur,amateur,,,true,true,
2045/46,wp-sebastian-drayton,Sebastian Drayton,47,ESP,Veteran,Amateur,false,false,false,,0,0,,Amateur,,,,,,,,,,,,,72,72,71,70,65,86,73,12,18,0,0,0,,0,,,,,,,0,0,8,8,0,100,0,0,0,"{""matches"":8,""wins"":8,""losses"":0,""draws"":0,""winPercentage"":100,""eventsEntered"":0,""titles"":0,""finals"":0,""prizeMoney"":0,""points"":0}",,,,,,,,,,,,,,,,false,false,false,,104,44,15,0,0,0,0,0,10,5,0,0,0,29,11,estimated from season exits versus eligible schedule | 29 eligible events not entered,Amateur,normal,,,false,false,false,false,0,0,0,,0,false,,amateur,amateur,,,true,true,
2045/46,wp-sebastian-easton,Sebastian Easton,44,WAL,Veteran,Amateur,false,false,false,,0,0,,Amateur,,,,,,,,,,,,,64,64,64,61,58,76,60,9,20,0,0,0,,0,,,,,,,0,0,82,50,32,60.97560975609756,0,0,104929,"{""matches"":82,""wins"":50,""losses"":32,""draws"":0,""winPercentage"":60.97560975609756,""eventsEntered"":0,""titles"":0,""finals"":0,""prizeMoney"":104929,""points"":0}",,,,,,,,,,,,,,120,,false,false,false,,104,44,15,0,0,0,0,0,10,5,0,0,0,29,11,estimated from season exits versus eligible schedule | 29 eligible events not entered,Amateur,normal,,,false,false,false,false,0,0,0,,0,false,,amateur,amateur,,,true,true,
2045/46,wp-sebastian-grimaldi,Sebastian Grimaldi,45,THA,Veteran,Amateur,false,false,false,,0,0,,Amateur,,,,,,,,,,,,,72,72,72,70,66,87,75,9,18,0,0,0,,0,,,,,,,0,0,12,12,0,100,0,0,0,"{""matches"":12,""wins"":12,""losses"":0,""draws"":0,""winPercentage"":100,""eventsEntered"":0,""titles"":0,""finals"":0,""prizeMoney"":0,""points"":0}",,,,,,,,,,,,,,,,false,false,false,,104,44,15,0,0,0,0,0,10,5,0,0,0,29,11,estimated from season exits versus eligible schedule | 29 eligible events not entered,Amateur,normal,,,false,false,false,false,0,0,0,,0,false,,amateur,amateur,,,true,true,
2045/46,wp-sebastian-janssen,Sebastian Janssen,38,JPN,Amateur,Amateur,false,false,false,,0,0,,Amateur,,,,,,,,,,,,,64,65,65,61,61,78,63,0,24,0,0,0,,0,,,,,,,0,0,136,73,63,53.67647058823529,0,0,341206,"{""matches"":136,""wins"":73,""losses"":63,""draws"":0,""winPercentage"":53.67647058823529,""eventsEntered"":0,""titles"":0,""finals"":0,""prizeMoney"":341206,""points"":0}",,,,,,,,,,,,,,106,,false,false,false,,104,42,15,0,0,0,0,0,10,5,0,0,0,27,11,estimated from season exits versus eligible schedule | 27 eligible events not entered,Amateur,normal,,,false,false,false,false,0,0,0,,0,false,,amateur,amateur,,,true,true,
2045/46,wp-sebastian-mendoza,Sebastian Mendoza,38,POL,Amateur,Amateur,false,false,false,,0,0,,Amateur,,,,,,,,,,,,,65,66,66,63,62,80,66,0,24,0,0,0,,0,,,,,,,0,0,160,92,68,57.49999999999999,1,0,219399,"{""matches"":160,""wins"":92,""losses"":68,""draws"":0,""winPercentage"":57.49999999999999,""eventsEntered"":0,""titles"":1,""finals"":0,""prizeMoney"":219399,""points"":0}",,,,,,,,,,,,,,111,,false,false,false,,104,42,15,0,0,0,0,0,10,5,0,0,0,27,11,estimated from season exits versus eligible schedule | 27 eligible events not entered,Amateur,normal,,,false,false,false,false,0,0,0,,0,false,,amateur,amateur,,,true,true,
2045/46,wp-sebastian-tremblay,Sebastian Tremblay,49,THA,Veteran,Amateur,false,false,false,,0,0,,Amateur,,,,,,,,,,,,,75,81,74,75,67,83,50,17,48,0,0,0,,0,,,,,,,0,0,98,46,52,46.93877551020408,0,0,1421738,"{""matches"":98,""wins"":46,""losses"":52,""draws"":0,""winPercentage"":46.93877551020408,""eventsEntered"":0,""titles"":0,""finals"":0,""prizeMoney"":1421738,""points"":0}",,,,,,,,,,,,,,5,,false,false,false,,104,44,15,0,0,0,0,0,10,5,0,0,0,29,11,estimated from season exits versus eligible schedule | 29 eligible events not entered,Amateur,normal,,,false,false,false,false,0,0,0,,0,false,,senior,amateur,,,true,true,
2045/46,wp-sebastian-urban,Sebastian Urban,62,CAN,Veteran,Amateur,false,false,false,,0,0,,Amateur,,,,,,,,,,,,,72,72,68,68,58,78,58,36,18,0,0,0,,0,,,,,,,0,0,14,14,0,100,0,0,0,"{""matches"":14,""wins"":14,""losses"":0,""draws"":0,""winPercentage"":100,""eventsEntered"":0,""titles"":0,""finals"":0,""prizeMoney"":0,""points"":0}",,,,,,,,,,,,,,,,false,false,false,,104,44,15,0,0,0,0,0,10,5,0,0,0,29,11,estimated from season exits versus eligible schedule | 29 eligible events not entered,Amateur,normal,,,false,false,false,false,0,0,0,,0,false,,amateur,amateur,,,true,true,
2045/46,wp-tariq-easton,Tariq Easton,51,IRL,Veteran,Amateur,false,false,false,,0,0,,Amateur,,,,,,,,,,,,,72,72,71,69,63,84,69,18,18,0,0,0,,0,,,,,,,0,0,8,8,0,100,0,0,0,"{""matches"":8,""wins"":8,""losses"":0,""draws"":0,""winPercentage"":100,""eventsEntered"":0,""titles"":0,""finals"":0,""prizeMoney"":0,""points"":0}",,,,,,,,,,,,,,,,false,false,false,,104,44,15,0,0,0,0,0,10,5,0,0,0,29,11,estimated from season exits versus eligible schedule | 29 eligible events not entered,Amateur,normal,,,false,false,false,false,0,0,0,,0,false,,amateur,amateur,,,true,true,
2045/46,wp-tariq-forster,Tariq Forster,48,NED,Veteran,Amateur,false,false,false,,0,0,,Amateur,,,,,,,,,,,,,72,72,71,69,65,85,72,14,18,0,0,0,,0,,,,,,,0,0,10,10,0,100,0,0,0,"{""matches"":10,""wins"":10,""losses"":0,""draws"":0,""winPercentage"":100,""eventsEntered"":0,""titles"":0,""finals"":0,""prizeMoney"":0,""points"":0}",,,,,,,,,,,,,,,,false,false,false,,104,44,15,0,0,0,0,0,10,5,0,0,0,29,11,estimated from season exits versus eligible schedule | 29 eligible events not entered,Amateur,normal,,,false,false,false,false,0,0,0,,0,false,,amateur,amateur,,,true,true,
2045/46,wp-tariq-harrington,Tariq Harrington,47,BRA,Veteran,Amateur,false,false,false,,0,0,,Amateur,,,,,,,,,,,,,72,72,71,70,65,86,73,12,18,0,0,0,,0,,,,,,,0,0,12,12,0,100,0,0,0,"{""matches"":12,""wins"":12,""losses"":0,""draws"":0,""winPercentage"":100,""eventsEntered"":0,""titles"":0,""finals"":0,""prizeMoney"":0,""points"":0}",,,,,,,,,,,,,,,,false,false,false,,104,44,15,0,0,0,0,0,10,5,0,0,0,29,11,estimated from season exits versus eligible schedule | 29 eligible events not entered,Amateur,normal,,,false,false,false,false,0,0,0,,0,false,,amateur,amateur,,,true,true,
2045/46,wp-tariq-nakamura,Tariq Nakamura,63,PAK,Veteran,Amateur,false,false,false,,0,0,,Amateur,,,,,,,,,,,,,68,69,64,63,53,71,46,38,21,0,0,0,,0,,,,,,,0,0,25,18,7,72,0,0,93078,"{""matches"":25,""wins"":18,""losses"":7,""draws"":0,""winPercentage"":72,""eventsEntered"":0,""titles"":0,""finals"":0,""prizeMoney"":93078,""points"":0}",,,,,,,,,,,,,,112,,false,false,false,,104,44,15,0,0,0,0,0,10,5,0,0,0,29,11,estimated from season exits versus eligible schedule | 29 eligible events not entered,Amateur,normal,,,false,false,false,false,0,0,0,,0,false,,amateur,amateur,,,true,true,
2045/46,wp-tariq-patel,Tariq Patel,50,IRL,Veteran,Amateur,false,false,false,,0,0,,Amateur,,,,,,,,,,,,,73,78,72,72,65,81,51,18,41,0,0,0,,0,,,,,,,0,0,71,37,34,52.112676056338024,0,0,1020774,"{""matches"":71,""wins"":37,""losses"":34,""draws"":0,""winPercentage"":52.112676056338024,""eventsEntered"":0,""titles"":0,""finals"":0,""prizeMoney"":1020774,""points"":0}",,,,,,,,,,,,,,34,,false,false,false,,104,44,15,0,0,0,0,0,10,5,0,0,0,29,11,estimated from season exits versus eligible schedule | 29 eligible events not entered,Amateur,normal,,,false,false,false,false,0,0,0,,0,false,,senior,amateur,,,true,true,
2045/46,wp-tariq-tremblay,Tariq Tremblay,45,CHN,Veteran,Amateur,false,false,false,,0,0,,Amateur,,,,,,,,,,,,,66,66,66,63,60,78,63,10,20,0,0,0,,0,,,,,,,0,0,63,44,19,69.84126984126983,0,0,124876,"{""matches"":63,""wins"":44,""losses"":19,""draws"":0,""winPercentage"":69.84126984126983,""eventsEntered"":0,""titles"":0,""finals"":0,""prizeMoney"":124876,""points"":0}",,,,,,,,,,,,,,120,,false,false,false,,104,44,15,0,0,0,0,0,10,5,0,0,0,29,11,estimated from season exits versus eligible schedule | 29 eligible events not entered,Amateur,normal,,,false,false,false,false,0,0,0,,0,false,,amateur,amateur,,,true,true,
2045/46,wp-tariq-verma,Tariq Verma,38,ITA,Amateur,Amateur,false,false,false,,0,0,,Amateur,,,,,,,,,,,,,64,64,65,61,61,78,65,0,20,0,0,0,,0,,,,,,,0,0,173,101,72,58.38150289017341,0,0,104929,"{""matches"":173,""wins"":101,""losses"":72,""draws"":0,""winPercentage"":58.38150289017341,""eventsEntered"":0,""titles"":0,""finals"":0,""prizeMoney"":104929,""points"":0}",,,,,,,,,,,,,,122,,false,false,false,,104,42,15,0,0,0,0,0,10,5,0,0,0,27,11,estimated from season exits versus eligible schedule | 27 eligible events not entered,Amateur,normal,,,false,false,false,false,0,0,0,,0,false,,amateur,amateur,,,true,true,
2045/46,wp-tariq-whitaker,Tariq Whitaker,62,NOR,Veteran,Amateur,false,false,false,,0,0,,Amateur,,,,,,,,,,,,,76,78,72,73,62,82,58,36,26,0,0,0,,0,,,,,,,0,0,12,12,0,100,0,0,278484,"{""matches"":12,""wins"":12,""losses"":0,""draws"":0,""winPercentage"":100,""eventsEntered"":0,""titles"":0,""finals"":0,""prizeMoney"":278484,""points"":0}",,,,,,,,,,,,,,93,,false,false,false,,104,44,15,0,0,0,0,0,10,5,0,0,0,29,11,estimated from season exits versus eligible schedule | 29 eligible events not entered,Amateur,normal,,,false,false,false,false,0,0,0,,0,false,,amateur,amateur,,,true,true,
2045/46,wp-tobias-ashford,Tobias Ashford,37,CHN,Amateur,Amateur,false,false,false,,0,0,,Amateur,,,,,,,,,,,,,65,66,66,63,63,80,66,0,23,0,0,0,,0,,,,,,,0,0,184,106,78,57.608695652173914,1,0,108977,"{""matches"":184,""wins"":106,""losses"":78,""draws"":0,""winPercentage"":57.608695652173914,""eventsEntered"":0,""titles"":1,""finals"":0,""prizeMoney"":108977,""points"":0}",,,,,,,,,,,,,,115,,false,false,false,,104,42,15,0,0,0,0,0,10,5,0,0,0,27,11,estimated from season exits versus eligible schedule | 27 eligible events not entered,Amateur,normal,,,false,false,false,false,0,0,0,,0,false,,amateur,amateur,,,true,true,
2045/46,wp-tobias-barker,Tobias Barker,47,BRA,Veteran,Amateur,false,false,false,,0,0,,Amateur,,,,,,,,,,,,,72,72,71,70,65,86,73,12,18,0,0,0,,0,,,,,,,0,0,10,10,0,100,0,0,0,"{""matches"":10,""wins"":10,""losses"":0,""draws"":0,""winPercentage"":100,""eventsEntered"":0,""titles"":0,""finals"":0,""prizeMoney"":0,""points"":0}",,,,,,,,,,,,,,,,false,false,false,,104,44,15,0,0,0,0,0,10,5,0,0,0,29,11,estimated from season exits versus eligible schedule | 29 eligible events not entered,Amateur,normal,,,false,false,false,false,0,0,0,,0,false,,amateur,amateur,,,true,true,
2045/46,wp-tobias-drayton,Tobias Drayton,41,SCO,Veteran,Amateur,false,false,false,,0,0,,Amateur,,,,,,,,,,,,,65,66,66,62,61,78,63,4,21,0,0,0,,0,,,,,,,0,0,153,93,60,60.78431372549019,0,0,230672,"{""matches"":153,""wins"":93,""losses"":60,""draws"":0,""winPercentage"":60.78431372549019,""eventsEntered"":0,""titles"":0,""finals"":0,""prizeMoney"":230672,""points"":0}",,,,,,,,,,,,,,116,,false,false,false,,104,44,15,0,0,0,0,0,10,5,0,0,0,29,11,estimated from season exits versus eligible schedule | 29 eligible events not entered,Amateur,normal,,,false,false,false,false,0,0,0,,0,false,,amateur,amateur,,,true,true,
2045/46,wp-tobias-el-sayed,Tobias El-Sayed,44,FRA,Veteran,Amateur,false,false,false,,0,0,,Amateur,,,,,,,,,,,,,73,76,73,72,67,86,65,8,31,0,0,0,,0,,,,,,,0,0,28,20,8,71.42857142857143,0,0,433160,"{""matches"":28,""wins"":20,""losses"":8,""draws"":0,""winPercentage"":71.42857142857143,""eventsEntered"":0,""titles"":0,""finals"":0,""prizeMoney"":433160,""points"":0}",,,,,,,,,,,,,,68,,false,false,false,,104,44,15,0,0,0,0,0,10,5,0,0,0,29,11,estimated from season exits versus eligible schedule | 29 eligible events not entered,Amateur,normal,,,false,false,false,false,0,0,0,,0,false,,amateur,amateur,,,true,true,
2045/46,wp-tobias-kovacs,Tobias Kovacs,39,NED,Amateur,Amateur,false,false,false,,0,0,,Amateur,,,,,,,,,,,,,63,64,64,60,60,77,63,1,20,0,0,0,,0,,,,,,,0,0,112,62,50,55.35714285714286,0,0,88454,"{""matches"":112,""wins"":62,""losses"":50,""draws"":0,""winPercentage"":55.35714285714286,""eventsEntered"":0,""titles"":0,""finals"":0,""prizeMoney"":88454,""points"":0}",,,,,,,,,,,,,,117,,false,false,false,,104,42,15,0,0,0,0,0,10,5,0,0,0,27,11,estimated from season exits versus eligible schedule | 27 eligible events not entered,Amateur,normal,,,false,false,false,false,0,0,0,,0,false,,amateur,amateur,,,true,true,
2045/46,wp-tobias-novak,Tobias Novak,39,PAK,Amateur,Amateur,false,false,false,,0,0,,Amateur,,,,,,,,,,,,,64,65,65,61,61,78,64,1,22,0,0,0,,0,,,,,,,0,0,118,67,51,56.779661016949156,0,0,276097,"{""matches"":118,""wins"":67,""losses"":51,""draws"":0,""winPercentage"":56.779661016949156,""eventsEntered"":0,""titles"":0,""finals"":0,""prizeMoney"":276097,""points"":0}",,,,,,,,,,,,,,115,,false,false,false,,104,42,15,0,0,0,0,0,10,5,0,0,0,27,11,estimated from season exits versus eligible schedule | 27 eligible events not entered,Amateur,normal,,,false,false,false,false,0,0,0,,0,false,,amateur,amateur,,,true,true,
2045/46,wp-tobias-petrov,Tobias Petrov,36,SCO,Amateur,Q Tour,false,false,false,,0,0,,Amateur,,,,,,,62,33,,,,,64,65,66,60,60,72,55,24,22,9,3,6,33.33333333333333,0,,,,,,,0,130,210,119,91,56.666666666666664,0,0,312188,"{""matches"":210,""wins"":119,""losses"":91,""draws"":0,""winPercentage"":56.666666666666664,""eventsEntered"":0,""titles"":0,""finals"":0,""prizeMoney"":312188,""points"":0}",,,,,,,,,,,,,,115,,false,false,false,,104,42,7,0,0,0,0,0,2,5,0,0,0,35,19,estimated from season exits versus eligible schedule | 35 eligible events not entered,Q Tour,normal,,,false,false,false,false,0,2,41914,,0,false,,amateur,qTour,,,true,true,
2045/46,wp-tobias-rahman,Tobias Rahman,61,BEL,Veteran,Amateur,false,false,false,,0,0,,Amateur,,,,,,,,,,,,,72,72,69,68,58,79,59,34,18,0,0,0,,0,,,,,,,0,0,14,14,0,100,0,0,0,"{""matches"":14,""wins"":14,""losses"":0,""draws"":0,""winPercentage"":100,""eventsEntered"":0,""titles"":0,""finals"":0,""prizeMoney"":0,""points"":0}",,,,,,,,,,,,,,,,false,false,false,,104,44,15,0,0,0,0,0,10,5,0,0,0,29,11,estimated from season exits versus eligible schedule | 29 eligible events not entered,Amateur,normal,,,false,false,false,false,0,0,0,,0,false,,amateur,amateur,,,true,true,
2045/46,wp-tobias-whitaker,Tobias Whitaker,51,IRL,Veteran,Amateur,false,false,false,,0,0,,Amateur,,,,,,,,,,,,,66,67,65,62,57,75,55,20,21,0,0,0,,0,,,,,,,0,0,25,16,9,64,0,0,128922,"{""matches"":25,""wins"":16,""losses"":9,""draws"":0,""winPercentage"":64,""eventsEntered"":0,""titles"":0,""finals"":0,""prizeMoney"":128922,""points"":0}",,,,,,,,,,,,,,113,,false,false,false,,104,44,15,0,0,0,0,0,10,5,0,0,0,29,11,estimated from season exits versus eligible schedule | 29 eligible events not entered,Amateur,normal,,,false,false,false,false,0,0,0,,0,false,,amateur,amateur,,,true,true,
2045/46,wp-toby-hale,Toby Hale,35,SCO,Amateur,Amateur,false,false,false,,0,0,,Amateur,121,121,,121,,,42,,,,121,,64,90,66,60,61,74,55,14,23,6,2,4,33.33333333333333,0,,,,,,,39891,248,192,112,80,58.333333333333336,0,0,495164,"{""matches"":192,""wins"":112,""losses"":80,""draws"":0,""winPercentage"":58.333333333333336,""eventsEntered"":0,""titles"":0,""finals"":0,""prizeMoney"":495164,""points"":0}",,,,,,,,,,,,,,116,,false,false,false,,104,42,15,0,0,0,0,0,10,5,0,0,0,27,11,estimated from season exits versus eligible schedule | 27 eligible events not entered,Amateur,normal,,,false,false,false,false,2,4,81227,,0,false,,amateur,amateur,,,true,true,
2045/46,wp-toby-hale-b,Toby Hale B,29,ENG,Amateur,Q School,false,false,false,,0,0,,Amateur,,,,,,,1,1,1,,,,65,82,67,63,60,70,69,57,21,21,14,7,66.66666666666666,0,,,,,,,0,620,153,98,55,64.05228758169935,0,0,305539,"{""matches"":153,""wins"":98,""losses"":55,""draws"":0,""winPercentage"":64.05228758169935,""eventsEntered"":0,""titles"":0,""finals"":0,""prizeMoney"":305539,""points"":0}",,,,,,,,,,,,,,120,,false,false,false,,104,42,7,0,0,0,0,0,2,5,0,0,0,35,19,estimated from season exits versus eligible schedule | 35 eligible events not entered,Q School,too high,,,false,false,false,false,0,0,0,,0,false,,qSchool,qSchool,,,true,true,
2045/46,wp-toby-hale-c,Toby Hale C,29,ENG,Amateur,Amateur,false,false,false,,0,0,,Amateur,123,123,,123,,,38,,,,123,,65,88,67,61,64,75,55,14,22,6,2,4,33.33333333333333,0,,,,,,,39313,244,131,77,54,58.778625954198475,0,0,403243,"{""matches"":131,""wins"":77,""losses"":54,""draws"":0,""winPercentage"":58.778625954198475,""eventsEntered"":0,""titles"":0,""finals"":0,""prizeMoney"":403243,""points"":0}",,,,,,,,,,,,,,117,,false,false,false,,104,42,15,0,0,0,0,0,10,5,0,0,0,27,11,estimated from season exits versus eligible schedule | 27 eligible events not entered,Amateur,normal,,,false,false,false,false,2,4,80360,,0,false,no tour access,amateur,amateur,,,true,true,
2045/46,wp-toby-hale-d,Toby Hale D,29,ENG,Amateur,Amateur,false,false,false,,0,0,,Amateur,124,124,,124,,,36,,,,124,,65,90,67,61,64,75,55,14,22,6,2,4,33.33333333333333,0,,,,,,,39023,243,123,73,50,59.34959349593496,0,0,400930,"{""matches"":123,""wins"":73,""losses"":50,""draws"":0,""winPercentage"":59.34959349593496,""eventsEntered"":0,""titles"":0,""finals"":0,""prizeMoney"":400930,""points"":0}",,,,,,,,,,,,,,118,,false,false,false,,104,42,15,0,0,0,0,0,10,5,0,0,0,27,11,estimated from season exits versus eligible schedule | 27 eligible events not entered,Amateur,normal,,,false,false,false,false,2,4,79781,,0,false,no tour access,amateur,amateur,,,true,true,
2045/46,wp-toby-hale-f,Toby Hale F,26,ENG,Amateur,Q School,false,false,false,,0,0,,Amateur,126,126,,126,,,21,19,17,,126,,66,88,68,62,65,76,55,14,21,6,2,4,33.33333333333333,0,,,,,,,38445,239,106,66,40,62.264150943396224,0,0,294844,"{""matches"":106,""wins"":66,""losses"":40,""draws"":0,""winPercentage"":62.264150943396224,""eventsEntered"":0,""titles"":0,""finals"":0,""prizeMoney"":294844,""points"":0}",,,,,,,,,,,,,,119,,false,false,false,,104,42,4,0,0,0,0,0,0,4,0,0,0,38,22,estimated from season exits versus eligible schedule | 38 eligible events not entered,Q School,normal,,,false,false,false,false,2,4,78914,,0,false,failed Q School campaigns,qSchool,qSchool,,,true,true,
2045/46,wp-toby-hale-g,Toby Hale G,26,ENG,Amateur,Q School,false,false,false,,0,0,,Amateur,,,,,,,15,20,18,,,,67,71,69,65,65,78,66,22,25,9,5,4,55.55555555555556,0,,,,,,,0,247,116,75,41,64.65517241379311,2,0,196564,"{""matches"":116,""wins"":75,""losses"":41,""draws"":0,""winPercentage"":64.65517241379311,""eventsEntered"":0,""titles"":2,""finals"":0,""prizeMoney"":196564,""points"":0}",,,,,,,,,,,,,,120,,false,false,false,,104,42,4,0,0,0,0,0,0,4,0,0,0,38,22,estimated from season exits versus eligible schedule | 38 eligible events not entered,Q School,normal,,,false,false,false,false,0,2,40180,,0,false,,qSchool,qSchool,,,true,true,
2045/46,wp-toby-hale-h,Toby Hale H,23,ENG,Amateur,Q School,false,false,false,,0,0,,Amateur,127,127,,127,,,20,17,16,,127,,66,86,68,63,65,77,62,13,20,6,3,3,50,0,,,,,,,56656,352,82,53,29,64.63414634146342,0,0,193383,"{""matches"":82,""wins"":53,""losses"":29,""draws"":0,""winPercentage"":64.63414634146342,""eventsEntered"":0,""titles"":0,""finals"":0,""prizeMoney"":193383,""points"":0}",,,,,,,,,,,,,,121,,false,false,false,,104,42,4,0,0,0,0,0,0,4,0,0,0,38,22,estimated from season exits versus eligible schedule | 38 eligible events not entered,Q School,normal,,,false,false,false,false,3,5,96547,,0,false,,qSchool,qSchool,,,true,true,
2045/46,wp-toby-hale-m,Toby Hale M,16,BEL,Youth,Amateur,false,false,false,,0,0,,Amateur,,,,,,,,,,,,,65,74,67,62,64,78,71,15,18,7,5,2,71.42857142857143,0,,,,,,,0,118,15,10,5,66.66666666666666,0,0,0,"{""matches"":15,""wins"":10,""losses"":5,""draws"":0,""winPercentage"":66.66666666666666,""eventsEntered"":0,""titles"":0,""finals"":0,""prizeMoney"":0,""points"":0}",,,,,,,,,,,,,,,,false,false,false,,104,61,10,0,0,0,0,0,5,5,0,0,0,51,16,estimated from season exits versus eligible schedule | 51 eligible events not entered,Youth,normal,,,false,false,false,false,0,0,0,,0,false,,youth,youth,,,true,true,
2045/46,wp-toby-hale-n,Toby Hale N,16,BEL,Youth,Amateur,false,false,false,,0,0,,Amateur,,,,,,,,,,,,,68,91,70,65,67,81,71,15,18,7,5,2,71.42857142857143,0,,,,,,,0,118,7,5,2,71.42857142857143,0,0,0,"{""matches"":7,""wins"":5,""losses"":2,""draws"":0,""winPercentage"":71.42857142857143,""eventsEntered"":0,""titles"":0,""finals"":0,""prizeMoney"":0,""points"":0}",,,,,,,,,,,,,,,,false,false,false,,104,61,10,0,0,0,0,0,5,5,0,0,0,51,16,estimated from season exits versus eligible schedule | 51 eligible events not entered,Youth,normal,,,false,false,false,false,0,0,0,,0,false,,youth,youth,,,true,true,
2045/46,wp-toby-hale-o,Toby Hale O,16,BEL,Youth,Amateur,false,false,false,,0,0,,Amateur,,,,,,,,,,,,,50,72,52,44,50,59,42,0,18,,,,,,,,,,,,,,0,0,0,0,0,0,0,"{""matches"":0,""wins"":0,""losses"":0,""draws"":0,""winPercentage"":0,""eventsEntered"":0,""titles"":0,""finals"":0,""prizeMoney"":0,""points"":0}",,,,,,,,,,,,,,,,,false,false,,104,61,10,0,0,0,0,0,5,5,0,0,0,51,16,estimated from season exits versus eligible schedule | 51 eligible events not entered,Youth,normal,,,false,false,false,false,0,0,0,,0,false,,youth,youth,,,true,true,
2045/46,wp-ulrich-easton,Ulrich Easton,53,NIR,Veteran,Amateur,false,false,false,,0,0,,Amateur,,,,,,,,,,,,,74,79,72,73,64,80,47,23,44,0,0,0,,0,,,,,,,0,0,69,34,35,49.275362318840585,0,0,1084402,"{""matches"":69,""wins"":34,""losses"":35,""draws"":0,""winPercentage"":49.275362318840585,""eventsEntered"":0,""titles"":0,""finals"":0,""prizeMoney"":1084402,""points"":0}",,,,,,,,,,,,,,19,,false,false,false,,104,44,15,0,0,0,0,0,10,5,0,0,0,29,11,estimated from season exits versus eligible schedule | 29 eligible events not entered,Amateur,normal,,,false,false,false,false,0,0,0,,0,false,,senior,amateur,,,true,true,
2045/46,wp-ulrich-iqbal,Ulrich Iqbal,48,ESP,Veteran,Amateur,false,false,false,,0,0,,Amateur,,,,,,,,,,,,,72,72,71,69,65,85,72,14,18,0,0,0,,0,,,,,,,0,0,12,12,0,100,0,0,0,"{""matches"":12,""wins"":12,""losses"":0,""draws"":0,""winPercentage"":100,""eventsEntered"":0,""titles"":0,""finals"":0,""prizeMoney"":0,""points"":0}",,,,,,,,,,,,,,,,false,false,false,,104,44,15,0,0,0,0,0,10,5,0,0,0,29,11,estimated from season exits versus eligible schedule | 29 eligible events not entered,Amateur,normal,,,false,false,false,false,0,0,0,,0,false,,amateur,amateur,,,true,true,
2045/46,wp-ulrich-kowalski,Ulrich Kowalski,34,SWE,Amateur,Amateur,false,false,false,,0,0,,Amateur,,,,,,,50,,,,,,69,72,71,67,66,78,60,22,32,9,4,5,44.44444444444444,0,,,,,,,0,192,181,107,74,59.11602209944752,0,0,774845,"{""matches"":181,""wins"":107,""losses"":74,""draws"":0,""winPercentage"":59.11602209944752,""eventsEntered"":0,""titles"":0,""finals"":0,""prizeMoney"":774845,""points"":0}",,,,,,,,,,,,,,74,,false,false,false,,104,42,15,0,0,0,0,0,10,5,0,0,0,27,11,estimated from season exits versus eligible schedule | 27 eligible events not entered,Amateur,normal,,,false,false,false,false,0,3,57234,,0,false,,amateur,amateur,,,true,true,
2045/46,wp-ulrich-otero,Ulrich Otero,34,SWE,Amateur,Amateur,false,false,false,,0,0,,Amateur,,,,,,,55,,,,,,65,65,67,62,62,74,60,22,21,9,4,5,44.44444444444444,0,,,,,,,0,185,211,132,79,62.55924170616114,0,0,321726,"{""matches"":211,""wins"":132,""losses"":79,""draws"":0,""winPercentage"":62.55924170616114,""eventsEntered"":0,""titles"":0,""finals"":0,""prizeMoney"":321726,""points"":0}",,,,,,,,,,,,,,120,,false,false,false,,104,42,15,0,0,0,0,0,10,5,0,0,0,27,11,estimated from season exits versus eligible schedule | 27 eligible events not entered,Amateur,normal,,,false,false,false,false,0,0,0,,0,false,,amateur,amateur,,,true,true,
2045/46,wp-ulrich-sinclair,Ulrich Sinclair,44,THA,Veteran,Amateur,false,false,false,,0,0,,Amateur,,,,,,,,,,,,,72,72,72,70,67,87,76,7,20,0,0,0,,0,,,,,,,0,0,12,12,0,100,0,0,151996,"{""matches"":12,""wins"":12,""losses"":0,""draws"":0,""winPercentage"":100,""eventsEntered"":0,""titles"":0,""finals"":0,""prizeMoney"":151996,""points"":0}",,,,,,,,,,,,,,124,,false,false,false,,104,44,15,0,0,0,0,0,10,5,0,0,0,29,11,estimated from season exits versus eligible schedule | 29 eligible events not entered,Amateur,normal,,,false,false,false,false,0,0,0,,0,false,,amateur,amateur,,,true,true,
2045/46,wp-ulrich-urban,Ulrich Urban,51,JPN,Veteran,Amateur,false,false,false,,0,0,,Amateur,,,,,,,,,,,,,64,65,63,60,55,72,52,20,21,0,0,0,,0,,,,,,,0,0,21,12,9,57.14285714285714,0,0,90188,"{""matches"":21,""wins"":12,""losses"":9,""draws"":0,""winPercentage"":57.14285714285714,""eventsEntered"":0,""titles"":0,""finals"":0,""prizeMoney"":90188,""points"":0}",,,,,,,,,,,,,,114,,false,false,false,,104,44,15,0,0,0,0,0,10,5,0,0,0,29,11,estimated from season exits versus eligible schedule | 29 eligible events not entered,Amateur,normal,,,false,false,false,false,0,0,0,,0,false,,amateur,amateur,,,true,true,
2045/46,wp-ulrich-verma,Ulrich Verma,42,ESP,Veteran,Amateur,false,false,false,,0,0,,Amateur,,,,,,,,,,,,,66,66,66,63,61,79,65,5,20,0,0,0,,0,,,,,,,0,0,60,41,19,68.33333333333333,0,0,121984,"{""matches"":60,""wins"":41,""losses"":19,""draws"":0,""winPercentage"":68.33333333333333,""eventsEntered"":0,""titles"":0,""finals"":0,""prizeMoney"":121984,""points"":0}",,,,,,,,,,,,,,123,,false,false,false,,104,44,15,0,0,0,0,0,10,5,0,0,0,29,11,estimated from season exits versus eligible schedule | 29 eligible events not entered,Amateur,normal,,,false,false,false,false,0,0,0,,0,false,,amateur,amateur,,,true,true,
2045/46,wp-ulrich-whitaker,Ulrich Whitaker,42,WAL,Veteran,Amateur,false,false,false,,0,0,,Amateur,,,,,,,,,,,,,72,72,72,70,67,88,78,4,18,0,0,0,,0,,,,,,,0,0,14,14,0,100,0,0,0,"{""matches"":14,""wins"":14,""losses"":0,""draws"":0,""winPercentage"":100,""eventsEntered"":0,""titles"":0,""finals"":0,""prizeMoney"":0,""points"":0}",,,,,,,,,,,,,,,,false,false,false,,104,44,15,0,0,0,0,0,10,5,0,0,0,29,11,estimated from season exits versus eligible schedule | 29 eligible events not entered,Amateur,normal,,,false,false,false,false,0,0,0,,0,false,,amateur,amateur,,,true,true,
2045/46,wp-ulrich-yates,Ulrich Yates,41,GER,Veteran,Amateur,false,false,false,,0,0,,Amateur,,,,,,,,,,,,,69,69,70,67,65,84,72,3,22,0,0,0,,0,,,,,,,0,0,23,18,5,78.26086956521739,2,0,0,"{""matches"":23,""wins"":18,""losses"":5,""draws"":0,""winPercentage"":78.26086956521739,""eventsEntered"":0,""titles"":2,""finals"":0,""prizeMoney"":0,""points"":0}",,,,,,,,,,,,,,,,false,false,false,,104,44,15,0,0,0,0,0,10,5,0,0,0,29,11,estimated from season exits versus eligible schedule | 29 eligible events not entered,Amateur,normal,,,false,false,false,false,0,0,0,,0,false,,amateur,amateur,,,true,true,
2045/46,wp-viktor-ashford,Viktor Ashford,42,CHN,Veteran,Amateur,false,false,false,,0,0,,Amateur,,,,,,,,,,,,,72,72,72,70,67,88,78,4,18,0,0,0,,0,,,,,,,0,0,10,10,0,100,0,0,0,"{""matches"":10,""wins"":10,""losses"":0,""draws"":0,""winPercentage"":100,""eventsEntered"":0,""titles"":0,""finals"":0,""prizeMoney"":0,""points"":0}",,,,,,,,,,,,,,,,false,false,false,,104,44,15,0,0,0,0,0,10,5,0,0,0,29,11,estimated from season exits versus eligible schedule | 29 eligible events not entered,Amateur,normal,,,false,false,false,false,0,0,0,,0,false,,amateur,amateur,,,true,true,
2045/46,wp-viktor-harrington,Viktor Harrington,51,CHN,Veteran,Amateur,false,false,false,,0,0,,Amateur,,,,,,,,,,,,,75,76,74,73,66,87,69,18,23,0,0,0,,0,,,,,,,0,0,12,12,0,100,0,0,223034,"{""matches"":12,""wins"":12,""losses"":0,""draws"":0,""winPercentage"":100,""eventsEntered"":0,""titles"":0,""finals"":0,""prizeMoney"":223034,""points"":0}",,,,,,,,,,,,,,105,,false,false,false,,104,44,15,0,0,0,0,0,10,5,0,0,0,29,11,estimated from season exits versus eligible schedule | 29 eligible events not entered,Amateur,normal,,,false,false,false,false,0,0,0,,0,false,,amateur,amateur,,,true,true,
2045/46,wp-viktor-janssen,Viktor Janssen,47,IRL,Veteran,Amateur,false,false,false,,0,0,,Amateur,,,,,,,,,,,,,72,72,71,70,65,86,73,12,18,0,0,0,,0,,,,,,,0,0,12,12,0,100,0,0,0,"{""matches"":12,""wins"":12,""losses"":0,""draws"":0,""winPercentage"":100,""eventsEntered"":0,""titles"":0,""finals"":0,""prizeMoney"":0,""points"":0}",,,,,,,,,,,,,,,,false,false,false,,104,44,15,0,0,0,0,0,10,5,0,0,0,29,11,estimated from season exits versus eligible schedule | 29 eligible events not entered,Amateur,normal,,,false,false,false,false,0,0,0,,0,false,,amateur,amateur,,,true,true,
2045/46,wp-viktor-petrov,Viktor Petrov,39,SCO,Amateur,Amateur,false,false,false,,0,0,,Amateur,,,,,,,,,,,,,66,67,67,64,63,81,67,1,22,0,0,0,,0,,,,,,,0,0,98,63,35,64.28571428571429,0,0,247438,"{""matches"":98,""wins"":63,""losses"":35,""draws"":0,""winPercentage"":64.28571428571429,""eventsEntered"":0,""titles"":0,""finals"":0,""prizeMoney"":247438,""points"":0}",,,,,,,,,,,,,,115,,false,false,false,,104,42,15,0,0,0,0,0,10,5,0,0,0,27,11,estimated from season exits versus eligible schedule | 27 eligible events not entered,Amateur,normal,,,false,false,false,false,0,0,0,,0,false,,amateur,amateur,,,true,true,
2045/46,wp-viktor-rahman,Viktor Rahman,51,BEL,Veteran,Amateur,false,false,false,,0,0,,Amateur,,,,,,,,,,,,,74,80,73,73,65,81,47,20,47,0,0,0,,0,,,,,,,0,0,83,37,46,44.57831325301205,0,0,1243017,"{""matches"":83,""wins"":37,""losses"":46,""draws"":0,""winPercentage"":44.57831325301205,""eventsEntered"":0,""titles"":0,""finals"":0,""prizeMoney"":1243017,""points"":0}",,,,,,,,,,,,,,6,,false,false,false,,104,44,15,0,0,0,0,0,10,5,0,0,0,29,11,estimated from season exits versus eligible schedule | 29 eligible events not entered,Amateur,normal,,,false,false,false,false,0,0,0,,0,false,,senior,amateur,,,true,true,
2045/46,wp-viktor-verma,Viktor Verma,36,FRA,Amateur,Amateur,false,false,false,,0,0,,Amateur,,,,,,,60,,,,,,63,63,65,59,59,71,55,24,21,9,3,6,33.33333333333333,0,,,,,,,0,131,203,111,92,54.679802955665025,0,0,335890,"{""matches"":203,""wins"":111,""losses"":92,""draws"":0,""winPercentage"":54.679802955665025,""eventsEntered"":0,""titles"":0,""finals"":0,""prizeMoney"":335890,""points"":0}",,,,,,,,,,,,,,121,,false,false,false,,104,42,15,0,0,0,0,0,10,5,0,0,0,27,11,estimated from season exits versus eligible schedule | 27 eligible events not entered,Amateur,normal,,,false,false,false,false,0,2,38445,,0,false,,amateur,amateur,,,true,true,
2045/46,wp-viktor-whitaker,Viktor Whitaker,48,IRL,Veteran,Amateur,false,false,false,,0,0,,Amateur,,,,,,,,,,,,,72,72,71,69,65,85,72,14,18,0,0,0,,0,,,,,,,0,0,12,12,0,100,0,0,0,"{""matches"":12,""wins"":12,""losses"":0,""draws"":0,""winPercentage"":100,""eventsEntered"":0,""titles"":0,""finals"":0,""prizeMoney"":0,""points"":0}",,,,,,,,,,,,,,,,false,false,false,,104,44,15,0,0,0,0,0,10,5,0,0,0,29,11,estimated from season exits versus eligible schedule | 29 eligible events not entered,Amateur,normal,,,false,false,false,false,0,0,0,,0,false,,amateur,amateur,,,true,true,
2045/46,wp-viktor-yates,Viktor Yates,47,NED,Veteran,Amateur,false,false,false,,0,0,,Amateur,,,,,,,,,,,,,72,72,71,70,65,86,73,12,18,0,0,0,,0,,,,,,,0,0,14,14,0,100,0,0,0,"{""matches"":14,""wins"":14,""losses"":0,""draws"":0,""winPercentage"":100,""eventsEntered"":0,""titles"":0,""finals"":0,""prizeMoney"":0,""points"":0}",,,,,,,,,,,,,,,,false,false,false,,104,44,15,0,0,0,0,0,10,5,0,0,0,29,11,estimated from season exits versus eligible schedule | 29 eligible events not entered,Amateur,normal,,,false,false,false,false,0,0,0,,0,false,,amateur,amateur,,,true,true,
2045/46,wp-viktor-yilmaz,Viktor Yilmaz,52,ITA,Veteran,Amateur,false,false,false,,0,0,,Amateur,,,,,,,,,,,,,70,74,68,68,61,77,49,22,36,0,0,0,,0,,,,,,,0,0,62,32,30,51.61290322580645,0,0,863852,"{""matches"":62,""wins"":32,""losses"":30,""draws"":0,""winPercentage"":51.61290322580645,""eventsEntered"":0,""titles"":0,""finals"":0,""prizeMoney"":863852,""points"":0}",,,,,,,,,,,,,,56,,false,false,false,,104,44,15,0,0,0,0,0,10,5,0,0,0,29,11,estimated from season exits versus eligible schedule | 29 eligible events not entered,Amateur,normal,,,false,false,false,false,0,0,0,,0,false,,senior,amateur,,,true,true,
2045/46,wp-vincent-ashford,Vincent Ashford,38,IND,Amateur,Amateur,false,false,false,,0,0,,Amateur,,,,,,,,,,,,,63,63,64,60,60,77,65,0,19,0,0,0,,0,,,,,,,0,0,160,93,67,58.12500000000001,0,0,100594,"{""matches"":160,""wins"":93,""losses"":67,""draws"":0,""winPercentage"":58.12500000000001,""eventsEntered"":0,""titles"":0,""finals"":0,""prizeMoney"":100594,""points"":0}",,,,,,,,,,,,,,126,,false,false,false,,104,42,15,0,0,0,0,0,10,5,0,0,0,27,11,estimated from season exits versus eligible schedule | 27 eligible events not entered,Amateur,normal,,,false,false,false,false,0,0,0,,0,false,,amateur,amateur,,,true,true,
2045/46,wp-vincent-barker,Vincent Barker,50,JPN,Veteran,Amateur,false,false,false,,0,0,,Amateur,,,,,,,,,,,,,72,72,71,69,64,84,70,17,18,0,0,0,,0,,,,,,,0,0,14,14,0,100,0,0,0,"{""matches"":14,""wins"":14,""losses"":0,""draws"":0,""winPercentage"":100,""eventsEntered"":0,""titles"":0,""finals"":0,""prizeMoney"":0,""points"":0}",,,,,,,,,,,,,,,,false,false,false,,104,44,15,0,0,0,0,0,10,5,0,0,0,29,11,estimated from season exits versus eligible schedule | 29 eligible events not entered,Amateur,normal,,,false,false,false,false,0,0,0,,0,false,,amateur,amateur,,,true,true,
2045/46,wp-vincent-caldwell,Vincent Caldwell,41,CAN,Veteran,Amateur,false,false,false,,0,0,,Amateur,,,,,,,,,,,,,75,76,76,74,71,92,79,3,24,0,0,0,,0,,,,,,,0,0,12,12,0,100,0,0,240092,"{""matches"":12,""wins"":12,""losses"":0,""draws"":0,""winPercentage"":100,""eventsEntered"":0,""titles"":0,""finals"":0,""prizeMoney"":240092,""points"":0}",,,,,,,,,,,,,,102,,false,false,false,,104,44,15,0,0,0,0,0,10,5,0,0,0,29,11,estimated from season exits versus eligible schedule | 29 eligible events not entered,Amateur,normal,,,false,false,false,false,0,0,0,,0,false,,amateur,amateur,,,true,true,
2045/46,wp-vincent-easton,Vincent Easton,47,GER,Veteran,Amateur,false,false,false,,0,0,,Amateur,,,,,,,,,,,,,72,72,71,70,65,86,73,12,18,0,0,0,,0,,,,,,,0,0,12,12,0,100,0,0,0,"{""matches"":12,""wins"":12,""losses"":0,""draws"":0,""winPercentage"":100,""eventsEntered"":0,""titles"":0,""finals"":0,""prizeMoney"":0,""points"":0}",,,,,,,,,,,,,,,,false,false,false,,104,44,15,0,0,0,0,0,10,5,0,0,0,29,11,estimated from season exits versus eligible schedule | 29 eligible events not entered,Amateur,normal,,,false,false,false,false,0,0,0,,0,false,,amateur,amateur,,,true,true,
2045/46,wp-vincent-langford,Vincent Langford,67,IND,Veteran,Senior Tour / Legend Circuit,false,false,false,,0,0,,Amateur,,,,,,,,,,18,,,65,65,60,59,47,62,40,63,18,6,4,2,66.66666666666666,0,,,,,,,0,153,128,90,38,70.3125,0,0,0,"{""matches"":128,""wins"":90,""losses"":38,""draws"":0,""winPercentage"":70.3125,""eventsEntered"":0,""titles"":0,""finals"":0,""prizeMoney"":0,""points"":0}",,,,,,,,,,,,,,,,false,false,false,,104,14,11,0,0,0,0,0,0,0,0,0,11,3,0,estimated from season exits versus eligible schedule | 3 eligible events not entered,Senior/Legend,normal,,,false,false,false,false,0,0,0,,0,false,,amateur,senior,,,true,true,
2045/46,wp-vincent-lombardi,Vincent Lombardi,48,POL,Veteran,Amateur,false,false,false,,0,0,,Amateur,,,,,,,,,,,,,77,83,76,78,70,86,53,15,53,0,0,0,,0,,,,,,,0,0,117,56,61,47.863247863247864,2,0,1452385,"{""matches"":117,""wins"":56,""losses"":61,""draws"":0,""winPercentage"":47.863247863247864,""eventsEntered"":0,""titles"":2,""finals"":0,""prizeMoney"":1452385,""points"":0}",,,,,,,,,,,,,,1,,false,false,false,,104,44,15,0,0,0,0,0,10,5,0,0,0,29,11,estimated from season exits versus eligible schedule | 29 eligible events not entered,Amateur,normal,,,false,false,false,false,0,0,0,,0,false,,senior,amateur,,,true,true,
2045/46,wp-vincent-rahman,Vincent Rahman,50,GER,Veteran,Amateur,false,false,false,,0,0,,Amateur,,,,,,,,,,,,,67,68,66,63,59,77,58,18,21,0,0,0,,0,,,,,,,0,0,24,17,7,70.83333333333334,0,0,105796,"{""matches"":24,""wins"":17,""losses"":7,""draws"":0,""winPercentage"":70.83333333333334,""eventsEntered"":0,""titles"":0,""finals"":0,""prizeMoney"":105796,""points"":0}",,,,,,,,,,,,,,116,,false,false,false,,104,44,15,0,0,0,0,0,10,5,0,0,0,29,11,estimated from season exits versus eligible schedule | 29 eligible events not entered,Amateur,normal,,,false,false,false,false,0,0,0,,0,false,,amateur,amateur,,,true,true,
2045/46,wp-vincent-sorensen,Vincent Sorensen,42,THA,Veteran,Amateur,false,false,false,,0,0,,Amateur,,,,,,,,,,,,,65,65,65,62,60,78,65,5,19,0,0,0,,0,,,,,,,0,0,58,39,19,67.24137931034483,0,0,82672,"{""matches"":58,""wins"":39,""losses"":19,""draws"":0,""winPercentage"":67.24137931034483,""eventsEntered"":0,""titles"":0,""finals"":0,""prizeMoney"":82672,""points"":0}",,,,,,,,,,,,,,124,,false,false,false,,104,44,15,0,0,0,0,0,10,5,0,0,0,29,11,estimated from season exits versus eligible schedule | 29 eligible events not entered,Amateur,normal,,,false,false,false,false,0,0,0,,0,false,,amateur,amateur,,,true,true,
2045/46,wp-vincent-tanaka,Vincent Tanaka,48,ENG,Veteran,Amateur,false,false,false,,0,0,,Amateur,,,,,,,,,,,,,71,75,70,70,64,80,51,15,40,0,0,0,,0,,,,,,,0,0,84,39,45,46.42857142857143,0,0,1001489,"{""matches"":84,""wins"":39,""losses"":45,""draws"":0,""winPercentage"":46.42857142857143,""eventsEntered"":0,""titles"":0,""finals"":0,""prizeMoney"":1001489,""points"":0}",,,,,,,,,,,,,,39,,false,false,false,,104,44,15,0,0,0,0,0,10,5,0,0,0,29,11,estimated from season exits versus eligible schedule | 29 eligible events not entered,Amateur,normal,,,false,false,false,false,0,0,0,,0,false,,senior,amateur,,,true,true,
2045/46,wp-vincent-yates,Vincent Yates,41,POL,Veteran,Amateur,false,false,false,,0,0,,Amateur,,,,,,,,,,,,,72,72,73,70,68,89,79,3,18,0,0,0,,0,,,,,,,0,0,12,12,0,100,0,0,0,"{""matches"":12,""wins"":12,""losses"":0,""draws"":0,""winPercentage"":100,""eventsEntered"":0,""titles"":0,""finals"":0,""prizeMoney"":0,""points"":0}",,,,,,,,,,,,,,,,false,false,false,,104,44,15,0,0,0,0,0,10,5,0,0,0,29,11,estimated from season exits versus eligible schedule | 29 eligible events not entered,Amateur,normal,,,false,false,false,false,0,0,0,,0,false,,amateur,amateur,,,true,true,
2045/46,wp-warren-ashford,Warren Ashford,67,PAK,Veteran,Senior Tour / Legend Circuit,false,false,false,,0,0,,Amateur,,,,,,,,,,19,,,65,65,60,59,47,62,37,60,18,5,3,2,60,0,,,,,,,0,124,120,82,38,68.33333333333333,0,0,0,"{""matches"":120,""wins"":82,""losses"":38,""draws"":0,""winPercentage"":68.33333333333333,""eventsEntered"":0,""titles"":0,""finals"":0,""prizeMoney"":0,""points"":0}",,,,,,,,,,,,,,,,false,false,false,,104,14,11,0,0,0,0,0,0,0,0,0,11,3,0,estimated from season exits versus eligible schedule | 3 eligible events not entered,Senior/Legend,normal,,,false,false,false,false,0,0,0,,0,false,,amateur,senior,,,true,true,
2045/46,wp-warren-barker,Warren Barker,42,NOR,Veteran,Amateur,false,false,false,,0,0,,Amateur,,,,,,,,,,,,,72,72,72,70,67,88,78,4,18,0,0,0,,0,,,,,,,0,0,12,12,0,100,0,0,0,"{""matches"":12,""wins"":12,""losses"":0,""draws"":0,""winPercentage"":100,""eventsEntered"":0,""titles"":0,""finals"":0,""prizeMoney"":0,""points"":0}",,,,,,,,,,,,,,,,false,false,false,,104,44,15,0,0,0,0,0,10,5,0,0,0,29,11,estimated from season exits versus eligible schedule | 29 eligible events not entered,Amateur,normal,,,false,false,false,false,0,0,0,,0,false,,amateur,amateur,,,true,true,
2045/46,wp-warren-caldwell,Warren Caldwell,41,FRA,Veteran,Amateur,false,false,false,,0,0,,Amateur,,,,,,,,,,,,,72,72,73,70,68,89,79,3,18,0,0,0,,0,,,,,,,0,0,8,8,0,100,0,0,0,"{""matches"":8,""wins"":8,""losses"":0,""draws"":0,""winPercentage"":100,""eventsEntered"":0,""titles"":0,""finals"":0,""prizeMoney"":0,""points"":0}",,,,,,,,,,,,,,,,false,false,false,,104,44,15,0,0,0,0,0,10,5,0,0,0,29,11,estimated from season exits versus eligible schedule | 29 eligible events not entered,Amateur,normal,,,false,false,false,false,0,0,0,,0,false,,amateur,amateur,,,true,true,
2045/46,wp-warren-drayton,Warren Drayton,44,IRL,Veteran,Amateur,false,false,false,,0,0,,Amateur,,,,,,,,,,,,,72,72,72,70,67,87,76,7,18,0,0,0,,0,,,,,,,0,0,10,10,0,100,0,0,0,"{""matches"":10,""wins"":10,""losses"":0,""draws"":0,""winPercentage"":100,""eventsEntered"":0,""titles"":0,""finals"":0,""prizeMoney"":0,""points"":0}",,,,,,,,,,,,,,,,false,false,false,,104,44,15,0,0,0,0,0,10,5,0,0,0,29,11,estimated from season exits versus eligible schedule | 29 eligible events not entered,Amateur,normal,,,false,false,false,false,0,0,0,,0,false,,amateur,amateur,,,true,true,
2045/46,wp-warren-forster,Warren Forster,44,CHN,Veteran,Amateur,false,false,false,,0,0,,Amateur,,,,,,,,,,,,,64,64,64,61,58,76,62,9,19,0,0,0,,0,,,,,,,0,0,89,57,32,64.04494382022472,0,0,95390,"{""matches"":89,""wins"":57,""losses"":32,""draws"":0,""winPercentage"":64.04494382022472,""eventsEntered"":0,""titles"":0,""finals"":0,""prizeMoney"":95390,""points"":0}",,,,,,,,,,,,,,127,,false,false,false,,104,44,15,0,0,0,0,0,10,5,0,0,0,29,11,estimated from season exits versus eligible schedule | 29 eligible events not entered,Amateur,normal,,,false,false,false,false,0,0,0,,0,false,,amateur,amateur,,,true,true,
2045/46,wp-warren-iqbal,Warren Iqbal,48,SCO,Veteran,Amateur,false,false,false,,0,0,,Amateur,,,,,,,,,,,,,73,79,72,72,65,81,49,16,44,0,0,0,,0,,,,,,,0,0,103,44,59,42.71844660194174,0,0,1192597,"{""matches"":103,""wins"":44,""losses"":59,""draws"":0,""winPercentage"":42.71844660194174,""eventsEntered"":0,""titles"":0,""finals"":0,""prizeMoney"":1192597,""points"":0}",,,,,,,,,,,,,,18,,false,false,false,,104,44,15,0,0,0,0,0,10,5,0,0,0,29,11,estimated from season exits versus eligible schedule | 29 eligible events not entered,Amateur,normal,,,false,false,false,false,0,0,0,,0,false,,senior,amateur,,,true,true,
2045/46,wp-warren-lombardi,Warren Lombardi,45,AUS,Veteran,Amateur,false,false,false,,0,0,,Amateur,,,,,,,,,,,,,67,68,67,64,61,79,63,10,24,0,0,0,,0,,,,,,,0,0,34,22,12,64.70588235294117,2,0,85562,"{""matches"":34,""wins"":22,""losses"":12,""draws"":0,""winPercentage"":64.70588235294117,""eventsEntered"":0,""titles"":2,""finals"":0,""prizeMoney"":85562,""points"":0}",,,,,,,,,,,,,,117,,false,false,false,,104,44,15,0,0,0,0,0,10,5,0,0,0,29,11,estimated from season exits versus eligible schedule | 29 eligible events not entered,Amateur,normal,,,false,false,false,false,0,0,0,,0,false,,amateur,amateur,,,true,true,
2045/46,wp-warren-otero,Warren Otero,48,BRA,Veteran,Amateur,false,false,false,,0,0,,Amateur,,,,,,,,,,,,,77,79,76,76,70,90,72,14,28,0,0,0,,0,,,,,,,0,0,12,12,0,100,0,0,365632,"{""matches"":12,""wins"":12,""losses"":0,""draws"":0,""winPercentage"":100,""eventsEntered"":0,""titles"":0,""finals"":0,""prizeMoney"":365632,""points"":0}",,,,,,,,,,,,,,84,,false,false,false,,104,44,15,0,0,0,0,0,10,5,0,0,0,29,11,estimated from season exits versus eligible schedule | 29 eligible events not entered,Amateur,normal,,,false,false,false,false,0,0,0,,0,false,,amateur,amateur,,,true,true,
2045/46,wp-warren-sorensen,Warren Sorensen,50,CHN,Veteran,Amateur,false,false,false,,0,0,,Amateur,,,,,,,,,,,,,67,68,66,63,59,77,58,18,20,0,0,0,,0,,,,,,,0,0,23,16,7,69.56521739130434,0,0,84984,"{""matches"":23,""wins"":16,""losses"":7,""draws"":0,""winPercentage"":69.56521739130434,""eventsEntered"":0,""titles"":0,""finals"":0,""prizeMoney"":84984,""points"":0}",,,,,,,,,,,,,,118,,false,false,false,,104,44,15,0,0,0,0,0,10,5,0,0,0,29,11,estimated from season exits versus eligible schedule | 29 eligible events not entered,Amateur,normal,,,false,false,false,false,0,0,0,,0,false,,amateur,amateur,,,true,true,
2045/46,wp-warren-tremblay,Warren Tremblay,62,BRA,Veteran,Amateur,false,false,false,,0,0,,Amateur,,,,,,,,,,,,,72,72,68,68,58,78,58,36,18,0,0,0,,0,,,,,,,0,0,14,14,0,100,0,0,0,"{""matches"":14,""wins"":14,""losses"":0,""draws"":0,""winPercentage"":100,""eventsEntered"":0,""titles"":0,""finals"":0,""prizeMoney"":0,""points"":0}",,,,,,,,,,,,,,,,false,false,false,,104,44,15,0,0,0,0,0,10,5,0,0,0,29,11,estimated from season exits versus eligible schedule | 29 eligible events not entered,Amateur,normal,,,false,false,false,false,0,0,0,,0,false,,amateur,amateur,,,true,true,
2045/46,wp-warren-westbrook,Warren Westbrook,39,NED,Amateur,Amateur,false,false,false,,0,0,,Amateur,,,,,,,,,,,,,63,63,64,60,60,77,64,1,20,0,0,0,,0,,,,,,,0,0,115,65,50,56.52173913043478,0,0,207990,"{""matches"":115,""wins"":65,""losses"":50,""draws"":0,""winPercentage"":56.52173913043478,""eventsEntered"":0,""titles"":0,""finals"":0,""prizeMoney"":207990,""points"":0}",,,,,,,,,,,,,,126,,false,false,false,,104,42,15,0,0,0,0,0,10,5,0,0,0,27,11,estimated from season exits versus eligible schedule | 27 eligible events not entered,Amateur,normal,,,false,false,false,false,0,0,0,,0,false,,amateur,amateur,,,true,true,
2045/46,wp-warren-yates,Warren Yates,37,AUS,Amateur,Q School,false,false,false,,0,0,,Amateur,,,,,,,30,14,22,,,,62,62,63,59,58,73,62,16,20,6,3,3,50,0,,,,,,,0,137,173,92,81,53.179190751445084,0,0,119672,"{""matches"":173,""wins"":92,""losses"":81,""draws"":0,""winPercentage"":53.179190751445084,""eventsEntered"":0,""titles"":0,""finals"":0,""prizeMoney"":119672,""points"":0}",,,,,,,,,,,,,,122,,false,false,false,,104,42,4,0,0,0,0,0,0,4,0,0,0,38,22,estimated from season exits versus eligible schedule | 38 eligible events not entered,Q School,normal,,,false,false,false,false,0,0,0,,0,false,,qSchool,qSchool,,,true,true,
2045/46,wp-wesley-ashford,Wesley Ashford,44,IND,Veteran,Amateur,false,false,false,,0,0,,Amateur,,,,,,,,,,,,,72,72,72,70,67,87,76,7,18,0,0,0,,0,,,,,,,0,0,14,14,0,100,0,0,0,"{""matches"":14,""wins"":14,""losses"":0,""draws"":0,""winPercentage"":100,""eventsEntered"":0,""titles"":0,""finals"":0,""prizeMoney"":0,""points"":0}",,,,,,,,,,,,,,,,false,false,false,,104,44,15,0,0,0,0,0,10,5,0,0,0,29,11,estimated from season exits versus eligible schedule | 29 eligible events not entered,Amateur,normal,,,false,false,false,false,0,0,0,,0,false,,amateur,amateur,,,true,true,
2045/46,wp-wesley-barker,Wesley Barker,40,JPN,Veteran,Amateur,false,false,false,,0,0,,Amateur,128,128,,128,,,,,,,128,,63,63,64,59,58,71,53,21,19,6,2,4,33.33333333333333,0,,,,,,,37867,235,106,61,45,57.54716981132076,0,0,94523,"{""matches"":106,""wins"":61,""losses"":45,""draws"":0,""winPercentage"":57.54716981132076,""eventsEntered"":0,""titles"":0,""finals"":0,""prizeMoney"":94523,""points"":0}",,,,,,,,,,,,,,127,,false,false,false,,104,44,15,0,0,0,0,0,10,5,0,0,0,29,11,estimated from season exits versus eligible schedule | 29 eligible events not entered,Amateur,normal,,,false,false,false,false,2,5,94523,,0,false,,amateur,amateur,,,true,true,
2045/46,wp-wesley-drayton,Wesley Drayton,44,WAL,Veteran,Amateur,false,false,false,,0,0,,Amateur,,,,,,,,,,,,,65,65,65,62,59,77,63,8,18,0,0,0,,0,,,,,,,0,0,25,17,8,68,0,0,0,"{""matches"":25,""wins"":17,""losses"":8,""draws"":0,""winPercentage"":68,""eventsEntered"":0,""titles"":0,""finals"":0,""prizeMoney"":0,""points"":0}",,,,,,,,,,,,,,,,false,false,false,,104,44,15,0,0,0,0,0,10,5,0,0,0,29,11,estimated from season exits versus eligible schedule | 29 eligible events not entered,Amateur,normal,,,false,false,false,false,0,0,0,,0,false,,amateur,amateur,,,true,true,
2045/46,wp-wesley-kovacs,Wesley Kovacs,44,POL,Veteran,Amateur,false,false,false,,0,0,,Amateur,,,,,,,,,,,,,72,72,72,70,67,87,76,7,18,0,0,0,,0,,,,,,,0,0,12,12,0,100,0,0,0,"{""matches"":12,""wins"":12,""losses"":0,""draws"":0,""winPercentage"":100,""eventsEntered"":0,""titles"":0,""finals"":0,""prizeMoney"":0,""points"":0}",,,,,,,,,,,,,,,,false,false,false,,104,44,15,0,0,0,0,0,10,5,0,0,0,29,11,estimated from season exits versus eligible schedule | 29 eligible events not entered,Amateur,normal,,,false,false,false,false,0,0,0,,0,false,,amateur,amateur,,,true,true,
2045/46,wp-wesley-novak,Wesley Novak,50,ESP,Veteran,Amateur,false,false,false,,0,0,,Amateur,,,,,,,,,,,,,72,77,71,71,63,79,48,19,43,0,0,0,,0,,,,,,,0,0,90,40,50,44.44444444444444,0,0,1130304,"{""matches"":90,""wins"":40,""losses"":50,""draws"":0,""winPercentage"":44.44444444444444,""eventsEntered"":0,""titles"":0,""finals"":0,""prizeMoney"":1130304,""points"":0}",,,,,,,,,,,,,,24,,false,false,false,,104,44,15,0,0,0,0,0,10,5,0,0,0,29,11,estimated from season exits versus eligible schedule | 29 eligible events not entered,Amateur,normal,,,false,false,false,false,0,0,0,,0,false,,senior,amateur,,,true,true,
2045/46,wp-wesley-petrov,Wesley Petrov,47,WAL,Veteran,Amateur,false,false,false,,0,0,,Amateur,,,,,,,,,,,,,65,65,64,61,58,75,58,13,20,0,0,0,,0,,,,,,,0,0,31,19,12,61.29032258064516,0,0,102328,"{""matches"":31,""wins"":19,""losses"":12,""draws"":0,""winPercentage"":61.29032258064516,""eventsEntered"":0,""titles"":0,""finals"":0,""prizeMoney"":102328,""points"":0}",,,,,,,,,,,,,,119,,false,false,false,,104,44,15,0,0,0,0,0,10,5,0,0,0,29,11,estimated from season exits versus eligible schedule | 29 eligible events not entered,Amateur,normal,,,false,false,false,false,0,0,0,,0,false,,amateur,amateur,,,true,true,
2045/46,wp-wesley-rahman,Wesley Rahman,65,GER,Veteran,Amateur,false,false,false,,0,0,,Amateur,,,,,,,,,,,,,72,72,68,68,56,77,55,41,18,0,0,0,,0,,,,,,,0,0,14,14,0,100,0,0,0,"{""matches"":14,""wins"":14,""losses"":0,""draws"":0,""winPercentage"":100,""eventsEntered"":0,""titles"":0,""finals"":0,""prizeMoney"":0,""points"":0}",,,,,,,,,,,,,,,,false,false,false,,104,44,15,0,0,0,0,0,10,5,0,0,0,29,11,estimated from season exits versus eligible schedule | 29 eligible events not entered,Amateur,normal,,,false,false,false,false,0,0,0,,0,false,,amateur,amateur,,,true,true,
2045/46,wp-wesley-urban,Wesley Urban,51,IND,Veteran,Amateur,false,false,false,,0,0,,Amateur,,,,,,,,,,,,,77,79,76,75,68,89,69,18,27,0,0,0,,0,,,,,,,0,0,12,12,0,100,0,0,314296,"{""matches"":12,""wins"":12,""losses"":0,""draws"":0,""winPercentage"":100,""eventsEntered"":0,""titles"":0,""finals"":0,""prizeMoney"":314296,""points"":0}",,,,,,,,,,,,,,88,,false,false,false,,104,44,15,0,0,0,0,0,10,5,0,0,0,29,11,estimated from season exits versus eligible schedule | 29 eligible events not entered,Amateur,normal,,,false,false,false,false,0,0,0,,0,false,,amateur,amateur,,,true,true,
2045/46,wp-wesley-whitaker,Wesley Whitaker,48,NIR,Veteran,Amateur,false,false,false,,0,0,,Amateur,,,,,,,,,,,,,65,65,64,61,58,75,57,15,20,0,0,0,,0,,,,,,,0,0,21,13,8,61.904761904761905,0,0,101750,"{""matches"":21,""wins"":13,""losses"":8,""draws"":0,""winPercentage"":61.904761904761905,""eventsEntered"":0,""titles"":0,""finals"":0,""prizeMoney"":101750,""points"":0}",,,,,,,,,,,,,,120,,false,false,false,,104,44,15,0,0,0,0,0,10,5,0,0,0,29,11,estimated from season exits versus eligible schedule | 29 eligible events not entered,Amateur,normal,,,false,false,false,false,0,0,0,,0,false,,amateur,amateur,,,true,true,
2045/46,wp-wesley-yates,Wesley Yates,37,POL,Amateur,Amateur,false,false,false,,0,0,,Amateur,,,,,,,,,,,,,63,63,64,60,61,77,64,0,19,0,0,0,,0,,,,,,,0,0,176,96,80,54.54545454545454,0,0,100016,"{""matches"":176,""wins"":96,""losses"":80,""draws"":0,""winPercentage"":54.54545454545454,""eventsEntered"":0,""titles"":0,""finals"":0,""prizeMoney"":100016,""points"":0}",,,,,,,,,,,,,,123,,false,false,false,,104,42,15,0,0,0,0,0,10,5,0,0,0,27,11,estimated from season exits versus eligible schedule | 27 eligible events not entered,Amateur,normal,,,false,false,false,false,0,0,0,,0,false,,amateur,amateur,,,true,true,
2045/46,wp-xander-ashford,Xander Ashford,66,PAK,Veteran,Senior Tour / Legend Circuit,false,false,false,,0,0,,Amateur,,,,,,,,,,22,,,65,65,61,60,47,63,43,64,18,7,5,2,71.42857142857143,0,,,,,,,0,178,126,88,38,69.84126984126983,0,0,0,"{""matches"":126,""wins"":88,""losses"":38,""draws"":0,""winPercentage"":69.84126984126983,""eventsEntered"":0,""titles"":0,""finals"":0,""prizeMoney"":0,""points"":0}",,,,,,,,,,,,,,,,false,false,false,,104,14,11,0,0,0,0,0,0,0,0,0,11,3,0,estimated from season exits versus eligible schedule | 3 eligible events not entered,Senior/Legend,normal,,,false,false,false,false,0,0,0,,0,false,,amateur,senior,,,true,true,
2045/46,wp-xander-barker,Xander Barker,41,NOR,Veteran,Amateur,false,false,false,,0,0,,Amateur,,,,,,,,,,,,,72,72,73,70,68,89,79,3,18,0,0,0,,0,,,,,,,0,0,14,14,0,100,0,0,0,"{""matches"":14,""wins"":14,""losses"":0,""draws"":0,""winPercentage"":100,""eventsEntered"":0,""titles"":0,""finals"":0,""prizeMoney"":0,""points"":0}",,,,,,,,,,,,,,,,false,false,false,,104,44,15,0,0,0,0,0,10,5,0,0,0,29,11,estimated from season exits versus eligible schedule | 29 eligible events not entered,Amateur,normal,,,false,false,false,false,0,0,0,,0,false,,amateur,amateur,,,true,true,
2045/46,wp-xander-caldwell,Xander Caldwell,51,FRA,Veteran,Amateur,false,false,false,,0,0,,Amateur,,,,,,,,,,,,,72,77,71,71,63,79,47,20,42,0,0,0,,0,,,,,,,0,0,80,36,44,45,0,0,1099672,"{""matches"":80,""wins"":36,""losses"":44,""draws"":0,""winPercentage"":45,""eventsEntered"":0,""titles"":0,""finals"":0,""prizeMoney"":1099672,""points"":0}",,,,,,,,,,,,,,29,,false,false,false,,104,44,15,0,0,0,0,0,10,5,0,0,0,29,11,estimated from season exits versus eligible schedule | 29 eligible events not entered,Amateur,normal,,,false,false,false,false,0,0,0,,0,false,,senior,amateur,,,true,true,
2045/46,wp-xander-easton,Xander Easton,44,NED,Veteran,Amateur,false,false,false,,0,0,,Amateur,,,,,,,,,,,,,72,72,72,70,67,87,76,7,18,0,0,0,,0,,,,,,,0,0,12,12,0,100,0,0,0,"{""matches"":12,""wins"":12,""losses"":0,""draws"":0,""winPercentage"":100,""eventsEntered"":0,""titles"":0,""finals"":0,""prizeMoney"":0,""points"":0}",,,,,,,,,,,,,,,,false,false,false,,104,44,15,0,0,0,0,0,10,5,0,0,0,29,11,estimated from season exits versus eligible schedule | 29 eligible events not entered,Amateur,normal,,,false,false,false,false,0,0,0,,0,false,,amateur,amateur,,,true,true,
2045/46,wp-xander-hayashi,Xander Hayashi,41,PAK,Veteran,Amateur,false,false,false,,0,0,,Amateur,,,,,,,,,,,,,71,74,72,70,67,85,65,4,30,0,0,0,,0,,,,,,,0,0,69,45,24,65.21739130434783,0,0,451080,"{""matches"":69,""wins"":45,""losses"":24,""draws"":0,""winPercentage"":65.21739130434783,""eventsEntered"":0,""titles"":0,""finals"":0,""prizeMoney"":451080,""points"":0}",,,,,,,,,,,,,,76,,false,false,false,,104,44,15,0,0,0,0,0,10,5,0,0,0,29,11,estimated from season exits versus eligible schedule | 29 eligible events not entered,Amateur,normal,,,false,false,false,false,0,2,37867,,0,false,,amateur,amateur,,,true,true,
2045/46,wp-xander-langford,Xander Langford,47,PAK,Veteran,Amateur,false,false,false,,0,0,,Amateur,,,,,,,,,,,,,72,72,71,70,65,86,73,12,18,0,0,0,,0,,,,,,,0,0,12,12,0,100,0,0,0,"{""matches"":12,""wins"":12,""losses"":0,""draws"":0,""winPercentage"":100,""eventsEntered"":0,""titles"":0,""finals"":0,""prizeMoney"":0,""points"":0}",,,,,,,,,,,,,,,,false,false,false,,104,44,15,0,0,0,0,0,10,5,0,0,0,29,11,estimated from season exits versus eligible schedule | 29 eligible events not entered,Amateur,normal,,,false,false,false,false,0,0,0,,0,false,,amateur,amateur,,,true,true,
2045/46,wp-xander-quinnell,Xander Quinnell,61,BEL,Veteran,Amateur,false,false,false,,0,0,,Amateur,,,,,,,,,,,,,73,74,70,70,59,80,59,34,21,0,0,0,,0,,,,,,,0,0,12,12,0,100,0,0,153722,"{""matches"":12,""wins"":12,""losses"":0,""draws"":0,""winPercentage"":100,""eventsEntered"":0,""titles"":0,""finals"":0,""prizeMoney"":153722,""points"":0}",,,,,,,,,,,,,,116,,false,false,false,,104,44,15,0,0,0,0,0,10,5,0,0,0,29,11,estimated from season exits versus eligible schedule | 29 eligible events not entered,Amateur,normal,,,false,false,false,false,0,0,0,,0,false,,amateur,amateur,,,true,true,
2045/46,wp-xander-rahman,Xander Rahman,41,NED,Veteran,Amateur,false,false,false,,0,0,,Amateur,,,,,,,,,,,,,64,64,65,61,60,77,63,4,20,0,0,0,,0,,,,,,,0,0,117,70,47,59.82905982905983,0,0,196273,"{""matches"":117,""wins"":70,""losses"":47,""draws"":0,""winPercentage"":59.82905982905983,""eventsEntered"":0,""titles"":0,""finals"":0,""prizeMoney"":196273,""points"":0}",,,,,,,,,,,,,,121,,false,false,false,,104,44,15,0,0,0,0,0,10,5,0,0,0,29,11,estimated from season exits versus eligible schedule | 29 eligible events not entered,Amateur,normal,,,false,false,false,false,0,0,0,,0,false,,amateur,amateur,,,true,true,
2045/46,wp-xander-sorensen,Xander Sorensen,45,CHN,Veteran,Amateur,false,false,false,,0,0,,Amateur,,,,,,,,,,,,,65,65,65,61,59,77,61,10,19,0,0,0,,0,,,,,,,0,0,58,38,20,65.51724137931035,0,0,79782,"{""matches"":58,""wins"":38,""losses"":20,""draws"":0,""winPercentage"":65.51724137931035,""eventsEntered"":0,""titles"":0,""finals"":0,""prizeMoney"":79782,""points"":0}",,,,,,,,,,,,,,125,,false,false,false,,104,44,15,0,0,0,0,0,10,5,0,0,0,29,11,estimated from season exits versus eligible schedule | 29 eligible events not entered,Amateur,normal,,,false,false,false,false,0,0,0,,0,false,,amateur,amateur,,,true,true,
2045/46,wp-xander-yates,Xander Yates,40,AUS,Veteran,Amateur,false,false,false,,0,0,,Amateur,,,,,,,,,,,,,62,62,63,58,58,75,61,3,18,0,0,0,,0,,,,,,,0,0,34,18,16,52.94117647058824,0,0,0,"{""matches"":34,""wins"":18,""losses"":16,""draws"":0,""winPercentage"":52.94117647058824,""eventsEntered"":0,""titles"":0,""finals"":0,""prizeMoney"":0,""points"":0}",,,,,,,,,,,,,,,,false,false,false,,104,44,15,0,0,0,0,0,10,5,0,0,0,29,11,estimated from season exits versus eligible schedule | 29 eligible events not entered,Amateur,normal,,,false,false,false,false,0,0,0,,0,false,,amateur,amateur,,,true,true,
2045/46,wp-yannick-ashford,Yannick Ashford,42,CAN,Veteran,Amateur,false,false,false,,0,0,,Amateur,,,,,,,,,,,,,72,72,72,70,67,88,78,4,18,0,0,0,,0,,,,,,,0,0,8,8,0,100,0,0,0,"{""matches"":8,""wins"":8,""losses"":0,""draws"":0,""winPercentage"":100,""eventsEntered"":0,""titles"":0,""finals"":0,""prizeMoney"":0,""points"":0}",,,,,,,,,,,,,,,,false,false,false,,104,44,15,0,0,0,0,0,10,5,0,0,0,29,11,estimated from season exits versus eligible schedule | 29 eligible events not entered,Amateur,normal,,,false,false,false,false,0,0,0,,0,false,,amateur,amateur,,,true,true,
2045/46,wp-yannick-barker,Yannick Barker,44,SWE,Veteran,Amateur,false,false,false,,0,0,,Amateur,,,,,,,,,,,,,72,72,72,70,67,87,76,7,18,0,0,0,,0,,,,,,,0,0,12,12,0,100,0,0,0,"{""matches"":12,""wins"":12,""losses"":0,""draws"":0,""winPercentage"":100,""eventsEntered"":0,""titles"":0,""finals"":0,""prizeMoney"":0,""points"":0}",,,,,,,,,,,,,,,,false,false,false,,104,44,15,0,0,0,0,0,10,5,0,0,0,29,11,estimated from season exits versus eligible schedule | 29 eligible events not entered,Amateur,normal,,,false,false,false,false,0,0,0,,0,false,,amateur,amateur,,,true,true,
2045/46,wp-yannick-caldwell,Yannick Caldwell,37,ENG,Amateur,Amateur,false,false,false,,0,0,,Amateur,,,,,,,,,,,,,62,62,63,59,60,76,63,0,19,0,0,0,,0,,,,,,,0,0,168,90,78,53.57142857142857,0,0,80360,"{""matches"":168,""wins"":90,""losses"":78,""draws"":0,""winPercentage"":53.57142857142857,""eventsEntered"":0,""titles"":0,""finals"":0,""prizeMoney"":80360,""points"":0}",,,,,,,,,,,,,,124,,false,false,false,,104,42,15,0,0,0,0,0,10,5,0,0,0,27,11,estimated from season exits versus eligible schedule | 27 eligible events not entered,Amateur,normal,,,false,false,false,false,0,0,0,,0,false,,amateur,amateur,,,true,true,
2045/46,wp-yannick-drayton,Yannick Drayton,46,NIR,Veteran,Amateur,false,false,false,,0,0,,Amateur,,,,,,,,,,,,,72,72,72,70,66,86,74,11,18,0,0,0,,0,,,,,,,0,0,10,10,0,100,0,0,0,"{""matches"":10,""wins"":10,""losses"":0,""draws"":0,""winPercentage"":100,""eventsEntered"":0,""titles"":0,""finals"":0,""prizeMoney"":0,""points"":0}",,,,,,,,,,,,,,,,false,false,false,,104,44,15,0,0,0,0,0,10,5,0,0,0,29,11,estimated from season exits versus eligible schedule | 29 eligible events not entered,Amateur,normal,,,false,false,false,false,0,0,0,,0,false,,amateur,amateur,,,true,true,
2045/46,wp-yannick-forster,Yannick Forster,44,GER,Veteran,Amateur,false,false,false,,0,0,,Amateur,,,,,,,,,,,,,67,68,67,64,61,79,61,9,25,0,0,0,,0,,,,,,,0,0,86,53,33,61.627906976744185,0,0,326582,"{""matches"":86,""wins"":53,""losses"":33,""draws"":0,""winPercentage"":61.627906976744185,""eventsEntered"":0,""titles"":0,""finals"":0,""prizeMoney"":326582,""points"":0}",,,,,,,,,,,,,,99,,false,false,false,,104,44,15,0,0,0,0,0,10,5,0,0,0,29,11,estimated from season exits versus eligible schedule | 29 eligible events not entered,Amateur,normal,,,false,false,false,false,0,0,0,,0,false,,amateur,amateur,,,true,true,
2045/46,wp-yannick-lombardi,Yannick Lombardi,47,THA,Veteran,Amateur,false,false,false,,0,0,,Amateur,,,,,,,,,,,,,68,68,67,66,61,80,64,13,24,0,0,0,,0,,,,,,,0,0,39,28,11,71.7948717948718,2,0,81516,"{""matches"":39,""wins"":28,""losses"":11,""draws"":0,""winPercentage"":71.7948717948718,""eventsEntered"":0,""titles"":2,""finals"":0,""prizeMoney"":81516,""points"":0}",,,,,,,,,,,,,,122,,false,false,false,,104,44,15,0,0,0,0,0,10,5,0,0,0,29,11,estimated from season exits versus eligible schedule | 29 eligible events not entered,Amateur,normal,,,false,false,false,false,0,0,0,,0,false,,amateur,amateur,,,true,true,
2045/46,wp-yannick-otero,Yannick Otero,51,ENG,Veteran,Amateur,false,false,false,,0,0,,Amateur,,,,,,,,,,,,,75,81,74,74,66,82,47,20,47,0,0,0,,0,,,,,,,0,0,90,40,50,44.44444444444444,0,0,1227813,"{""matches"":90,""wins"":40,""losses"":50,""draws"":0,""winPercentage"":44.44444444444444,""eventsEntered"":0,""titles"":0,""finals"":0,""prizeMoney"":1227813,""points"":0}",,,,,,,,,,,,,,4,,false,false,false,,104,44,15,0,0,0,0,0,10,5,0,0,0,29,11,estimated from season exits versus eligible schedule | 29 eligible events not entered,Amateur,normal,,,false,false,false,false,0,0,0,,0,false,,senior,amateur,,,true,true,
2045/46,wp-yannick-sorensen,Yannick Sorensen,44,IND,Veteran,Amateur,false,false,false,,0,0,,Amateur,,,,,,,,,,,,,65,65,65,62,59,77,62,9,19,0,0,0,,0,,,,,,,0,0,29,19,10,65.51724137931035,0,0,98860,"{""matches"":29,""wins"":19,""losses"":10,""draws"":0,""winPercentage"":65.51724137931035,""eventsEntered"":0,""titles"":0,""finals"":0,""prizeMoney"":98860,""points"":0}",,,,,,,,,,,,,,123,,false,false,false,,104,44,15,0,0,0,0,0,10,5,0,0,0,29,11,estimated from season exits versus eligible schedule | 29 eligible events not entered,Amateur,normal,,,false,false,false,false,0,0,0,,0,false,,amateur,amateur,,,true,true,
2045/46,wp-yannick-tremblay,Yannick Tremblay,47,JPN,Veteran,Amateur,false,false,false,,0,0,,Amateur,,,,,,,,,,,,,72,72,71,70,65,86,73,12,18,0,0,0,,0,,,,,,,0,0,14,14,0,100,0,0,0,"{""matches"":14,""wins"":14,""losses"":0,""draws"":0,""winPercentage"":100,""eventsEntered"":0,""titles"":0,""finals"":0,""prizeMoney"":0,""points"":0}",,,,,,,,,,,,,,,,false,false,false,,104,44,15,0,0,0,0,0,10,5,0,0,0,29,11,estimated from season exits versus eligible schedule | 29 eligible events not entered,Amateur,normal,,,false,false,false,false,0,0,0,,0,false,,amateur,amateur,,,true,true,
2045/46,wp-yannick-westbrook,Yannick Westbrook,47,CAN,Veteran,Amateur,false,false,false,,0,0,,Amateur,,,,,,,,,,,,,71,76,70,70,64,80,51,14,41,0,0,0,,0,,,,,,,0,0,90,40,50,44.44444444444444,0,0,1049428,"{""matches"":90,""wins"":40,""losses"":50,""draws"":0,""winPercentage"":44.44444444444444,""eventsEntered"":0,""titles"":0,""finals"":0,""prizeMoney"":1049428,""points"":0}",,,,,,,,,,,,,,33,,false,false,false,,104,44,15,0,0,0,0,0,10,5,0,0,0,29,11,estimated from season exits versus eligible schedule | 29 eligible events not entered,Amateur,normal,,,false,false,false,false,0,0,0,,0,false,,senior,amateur,,,true,true,
2045/46,wp-yusuf-barker,Yusuf Barker,37,SWE,Amateur,Amateur,false,false,false,,0,0,,Amateur,,,,,,,,,,,,,63,63,64,60,61,77,65,0,20,0,0,0,,0,,,,,,,0,0,205,117,88,57.073170731707314,0,0,173438,"{""matches"":205,""wins"":117,""losses"":88,""draws"":0,""winPercentage"":57.073170731707314,""eventsEntered"":0,""titles"":0,""finals"":0,""prizeMoney"":173438,""points"":0}",,,,,,,,,,,,,,125,,false,false,false,,104,42,15,0,0,0,0,0,10,5,0,0,0,27,11,estimated from season exits versus eligible schedule | 27 eligible events not entered,Amateur,normal,,,false,false,false,false,0,0,0,,0,false,,amateur,amateur,,,true,true,
2045/46,wp-yusuf-caldwell,Yusuf Caldwell,48,ENG,Veteran,Amateur,false,false,false,,0,0,,Amateur,,,,,,,,,,,,,72,72,71,69,65,85,72,14,18,0,0,0,,0,,,,,,,0,0,10,10,0,100,0,0,0,"{""matches"":10,""wins"":10,""losses"":0,""draws"":0,""winPercentage"":100,""eventsEntered"":0,""titles"":0,""finals"":0,""prizeMoney"":0,""points"":0}",,,,,,,,,,,,,,,,false,false,false,,104,44,15,0,0,0,0,0,10,5,0,0,0,29,11,estimated from season exits versus eligible schedule | 29 eligible events not entered,Amateur,normal,,,false,false,false,false,0,0,0,,0,false,,amateur,amateur,,,true,true,
2045/46,wp-yusuf-drayton,Yusuf Drayton,41,NIR,Veteran,Amateur,false,false,false,,0,0,,Amateur,,,,,,,,,,,,,72,72,73,70,68,89,79,3,18,0,0,0,,0,,,,,,,0,0,8,8,0,100,0,0,0,"{""matches"":8,""wins"":8,""losses"":0,""draws"":0,""winPercentage"":100,""eventsEntered"":0,""titles"":0,""finals"":0,""prizeMoney"":0,""points"":0}",,,,,,,,,,,,,,,,false,false,false,,104,44,15,0,0,0,0,0,10,5,0,0,0,29,11,estimated from season exits versus eligible schedule | 29 eligible events not entered,Amateur,normal,,,false,false,false,false,0,0,0,,0,false,,amateur,amateur,,,true,true,
2045/46,wp-yusuf-easton,Yusuf Easton,48,POL,Veteran,Amateur,false,false,false,,0,0,,Amateur,,,,,,,,,,,,,72,72,71,69,65,85,72,14,18,0,0,0,,0,,,,,,,0,0,10,10,0,100,0,0,0,"{""matches"":10,""wins"":10,""losses"":0,""draws"":0,""winPercentage"":100,""eventsEntered"":0,""titles"":0,""finals"":0,""prizeMoney"":0,""points"":0}",,,,,,,,,,,,,,,,false,false,false,,104,44,15,0,0,0,0,0,10,5,0,0,0,29,11,estimated from season exits versus eligible schedule | 29 eligible events not entered,Amateur,normal,,,false,false,false,false,0,0,0,,0,false,,amateur,amateur,,,true,true,
2045/46,wp-yusuf-grimaldi,Yusuf Grimaldi,39,JPN,Amateur,Q Tour,false,false,false,,0,0,,Amateur,,,,,,,,32,,,,,64,64,65,61,61,78,66,1,20,0,0,0,,0,,,,,,,0,0,97,61,36,62.88659793814433,0,0,192516,"{""matches"":97,""wins"":61,""losses"":36,""draws"":0,""winPercentage"":62.88659793814433,""eventsEntered"":0,""titles"":0,""finals"":0,""prizeMoney"":192516,""points"":0}",,,,,,,,,,,,,,124,,false,false,false,,104,42,7,0,0,0,0,0,2,5,0,0,0,35,19,estimated from season exits versus eligible schedule | 35 eligible events not entered,Q Tour,normal,,,false,false,false,false,0,0,0,,0,false,,amateur,qTour,,,true,true,
2045/46,wp-yusuf-langford,Yusuf Langford,47,POL,Veteran,Amateur,false,false,false,,0,0,,Amateur,,,,,,,,,,,,,74,75,73,72,67,88,73,12,22,0,0,0,,0,,,,,,,0,0,12,12,0,100,0,0,186346,"{""matches"":12,""wins"":12,""losses"":0,""draws"":0,""winPercentage"":100,""eventsEntered"":0,""titles"":0,""finals"":0,""prizeMoney"":186346,""points"":0}",,,,,,,,,,,,,,111,,false,false,false,,104,44,15,0,0,0,0,0,10,5,0,0,0,29,11,estimated from season exits versus eligible schedule | 29 eligible events not entered,Amateur,normal,,,false,false,false,false,0,0,0,,0,false,,amateur,amateur,,,true,true,
2045/46,wp-yusuf-mendoza,Yusuf Mendoza,69,CAN,Veteran,Amateur,false,false,false,,0,0,,Amateur,,,,,,,,,,,,,65,65,60,59,48,65,37,48,19,0,0,0,,0,,,,,,,0,0,28,18,10,64.28571428571429,0,0,78046,"{""matches"":28,""wins"":18,""losses"":10,""draws"":0,""winPercentage"":64.28571428571429,""eventsEntered"":0,""titles"":0,""finals"":0,""prizeMoney"":78046,""points"":0}",,,,,,,,,,,,,,125,,false,false,false,,104,44,15,0,0,0,0,0,10,5,0,0,0,29,11,estimated from season exits versus eligible schedule | 29 eligible events not entered,Amateur,normal,,,false,false,false,false,0,0,0,,0,false,,amateur,amateur,,,true,true,
2045/46,wp-yusuf-tremblay,Yusuf Tremblay,42,JPN,Veteran,Amateur,false,false,false,,0,0,,Amateur,,,,,,,,,,,,,66,66,66,63,61,80,66,5,19,0,0,0,,0,,,,,,,0,0,63,44,19,69.84126984126983,0,0,77468,"{""matches"":63,""wins"":44,""losses"":19,""draws"":0,""winPercentage"":69.84126984126983,""eventsEntered"":0,""titles"":0,""finals"":0,""prizeMoney"":77468,""points"":0}",,,,,,,,,,,,,,126,,false,false,false,,104,44,15,0,0,0,0,0,10,5,0,0,0,29,11,estimated from season exits versus eligible schedule | 29 eligible events not entered,Amateur,normal,,,false,false,false,false,0,0,0,,0,false,,amateur,amateur,,,true,true,
2045/46,wp-yusuf-urban,Yusuf Urban,42,ESP,Veteran,Amateur,false,false,false,,0,0,,Amateur,,,,,,,,,,,,,72,72,72,70,67,88,78,4,18,0,0,0,,0,,,,,,,0,0,14,14,0,100,0,0,0,"{""matches"":14,""wins"":14,""losses"":0,""draws"":0,""winPercentage"":100,""eventsEntered"":0,""titles"":0,""finals"":0,""prizeMoney"":0,""points"":0}",,,,,,,,,,,,,,,,false,false,false,,104,44,15,0,0,0,0,0,10,5,0,0,0,29,11,estimated from season exits versus eligible schedule | 29 eligible events not entered,Amateur,normal,,,false,false,false,false,0,0,0,,0,false,,amateur,amateur,,,true,true,
2045/46,wp-yusuf-verma,Yusuf Verma,48,WAL,Veteran,Amateur,false,false,false,,0,0,,Amateur,,,,,,,,,,,,,74,80,73,73,66,82,49,16,47,0,0,0,,0,,,,,,,0,0,105,44,61,41.904761904761905,0,0,1216002,"{""matches"":105,""wins"":44,""losses"":61,""draws"":0,""winPercentage"":41.904761904761905,""eventsEntered"":0,""titles"":0,""finals"":0,""prizeMoney"":1216002,""points"":0}",,,,,,,,,,,,,,6,,false,false,false,,104,44,15,0,0,0,0,0,10,5,0,0,0,29,11,estimated from season exits versus eligible schedule | 29 eligible events not entered,Amateur,normal,,,false,false,false,false,0,0,0,,0,false,,senior,amateur,,,true,true,
2045/46,wp-zac-ashford,Zac Ashford,39,AUS,Amateur,Amateur,false,false,false,,0,0,,Amateur,,,,,,,,,,,,,67,69,68,65,64,81,65,1,26,0,0,0,,0,,,,,,,0,0,84,50,34,59.523809523809526,0,0,357006,"{""matches"":84,""wins"":50,""losses"":34,""draws"":0,""winPercentage"":59.523809523809526,""eventsEntered"":0,""titles"":0,""finals"":0,""prizeMoney"":357006,""points"":0}",,,,,,,,,,,,,,94,,false,false,false,,104,42,15,0,0,0,0,0,10,5,0,0,0,27,11,estimated from season exits versus eligible schedule | 27 eligible events not entered,Amateur,normal,,,false,false,false,false,0,0,0,,0,false,,amateur,amateur,,,true,true,
2045/46,wp-zac-forster,Zac Forster,37,PAK,Amateur,Amateur,false,false,false,,0,0,,Amateur,,,,,,,,,,,,,63,63,64,60,61,77,64,0,19,0,0,0,,0,,,,,,,0,0,164,92,72,56.09756097560976,0,0,95390,"{""matches"":164,""wins"":92,""losses"":72,""draws"":0,""winPercentage"":56.09756097560976,""eventsEntered"":0,""titles"":0,""finals"":0,""prizeMoney"":95390,""points"":0}",,,,,,,,,,,,,,126,,false,false,false,,104,42,15,0,0,0,0,0,10,5,0,0,0,27,11,estimated from season exits versus eligible schedule | 27 eligible events not entered,Amateur,normal,,,false,false,false,false,0,0,0,,0,false,,amateur,amateur,,,true,true,
2045/46,wp-zac-harrington,Zac Harrington,50,FRA,Veteran,Amateur,false,false,false,,0,0,,Amateur,,,,,,,,,,,,,69,69,68,66,61,80,65,17,18,0,0,0,,0,,,,,,,0,0,16,14,2,87.5,0,0,0,"{""matches"":16,""wins"":14,""losses"":2,""draws"":0,""winPercentage"":87.5,""eventsEntered"":0,""titles"":0,""finals"":0,""prizeMoney"":0,""points"":0}",,,,,,,,,,,,,,,,false,false,false,,104,44,15,0,0,0,0,0,10,5,0,0,0,29,11,estimated from season exits versus eligible schedule | 29 eligible events not entered,Amateur,normal,,,false,false,false,false,0,0,0,,0,false,,amateur,amateur,,,true,true,
2045/46,wp-zac-nakamura,Zac Nakamura,44,ITA,Veteran,Amateur,false,false,false,,0,0,,Amateur,,,,,,,,,,,,,65,65,65,62,59,78,64,8,19,0,0,0,,0,,,,,,,0,0,26,18,8,69.23076923076923,0,0,76890,"{""matches"":26,""wins"":18,""losses"":8,""draws"":0,""winPercentage"":69.23076923076923,""eventsEntered"":0,""titles"":0,""finals"":0,""prizeMoney"":76890,""points"":0}",,,,,,,,,,,,,,126,,false,false,false,,104,44,15,0,0,0,0,0,10,5,0,0,0,29,11,estimated from season exits versus eligible schedule | 29 eligible events not entered,Amateur,normal,,,false,false,false,false,0,0,0,,0,false,,amateur,amateur,,,true,true,
2045/46,wp-zac-tremblay,Zac Tremblay,44,NOR,Veteran,Amateur,false,false,false,,0,0,,Amateur,,,,,,,,,,,,,63,63,63,59,57,74,59,9,20,0,0,0,,0,,,,,,,0,0,27,15,12,55.55555555555556,1,0,57234,"{""matches"":27,""wins"":15,""losses"":12,""draws"":0,""winPercentage"":55.55555555555556,""eventsEntered"":0,""titles"":1,""finals"":0,""prizeMoney"":57234,""points"":0}",,,,,,,,,,,,,,127,,false,false,false,,104,44,15,0,0,0,0,0,10,5,0,0,0,29,11,estimated from season exits versus eligible schedule | 29 eligible events not entered,Amateur,normal,,,false,false,false,false,0,0,0,,0,false,,amateur,amateur,,,true,true,
2045/46,wp-zac-urban,Zac Urban,42,FRA,Veteran,Amateur,false,false,false,,0,0,,Amateur,,,,,,,,,,,,,65,65,65,62,60,78,65,5,19,0,0,0,,0,,,,,,,0,0,67,45,22,67.16417910447761,0,0,75734,"{""matches"":67,""wins"":45,""losses"":22,""draws"":0,""winPercentage"":67.16417910447761,""eventsEntered"":0,""titles"":0,""finals"":0,""prizeMoney"":75734,""points"":0}",,,,,,,,,,,,,,127,,false,false,false,,104,44,15,0,0,0,0,0,10,5,0,0,0,29,11,estimated from season exits versus eligible schedule | 29 eligible events not entered,Amateur,normal,,,false,false,false,false,0,0,0,,0,false,,amateur,amateur,,,true,true,
2045/46,wp-zac-verma,Zac Verma,51,IRL,Veteran,Amateur,false,false,false,,0,0,,Amateur,,,,,,,,,,,,,72,72,71,69,63,84,69,18,18,0,0,0,,0,,,,,,,0,0,14,14,0,100,0,0,0,"{""matches"":14,""wins"":14,""losses"":0,""draws"":0,""winPercentage"":100,""eventsEntered"":0,""titles"":0,""finals"":0,""prizeMoney"":0,""points"":0}",,,,,,,,,,,,,,,,false,false,false,,104,44,15,0,0,0,0,0,10,5,0,0,0,29,11,estimated from season exits versus eligible schedule | 29 eligible events not entered,Amateur,normal,,,false,false,false,false,0,0,0,,0,false,,amateur,amateur,,,true,true,
2045/46,wp-zane-barker,Zane Barker,41,ITA,Veteran,Amateur,false,false,false,,0,0,,Amateur,,,,,,,,,,,,,72,72,73,70,68,89,79,3,18,0,0,0,,0,,,,,,,0,0,8,8,0,100,0,0,0,"{""matches"":8,""wins"":8,""losses"":0,""draws"":0,""winPercentage"":100,""eventsEntered"":0,""titles"":0,""finals"":0,""prizeMoney"":0,""points"":0}",,,,,,,,,,,,,,,,false,false,false,,104,44,15,0,0,0,0,0,10,5,0,0,0,29,11,estimated from season exits versus eligible schedule | 29 eligible events not entered,Amateur,normal,,,false,false,false,false,0,0,0,,0,false,,amateur,amateur,,,true,true,
2045/46,wp-zane-caldwell,Zane Caldwell,50,SCO,Veteran,Amateur,false,false,false,,0,0,,Amateur,,,,,,,,,,,,,72,72,71,69,64,84,70,17,18,0,0,0,,0,,,,,,,0,0,10,10,0,100,0,0,0,"{""matches"":10,""wins"":10,""losses"":0,""draws"":0,""winPercentage"":100,""eventsEntered"":0,""titles"":0,""finals"":0,""prizeMoney"":0,""points"":0}",,,,,,,,,,,,,,,,false,false,false,,104,44,15,0,0,0,0,0,10,5,0,0,0,29,11,estimated from season exits versus eligible schedule | 29 eligible events not entered,Amateur,normal,,,false,false,false,false,0,0,0,,0,false,,amateur,amateur,,,true,true,
2045/46,wp-zane-drayton,Zane Drayton,69,BEL,Veteran,Senior Tour / Legend Circuit,false,false,false,,0,0,,Amateur,,,,,,,,,,16,,,72,72,67,67,54,67,20,52,36,1,0,1,0,0,,,,,,,0,12,62,43,19,69.35483870967742,9,0,0,"{""matches"":62,""wins"":43,""losses"":19,""draws"":0,""winPercentage"":69.35483870967742,""eventsEntered"":0,""titles"":9,""finals"":0,""prizeMoney"":0,""points"":0}",,,,,,,,,,,,,,,,false,false,false,,104,14,11,0,0,0,0,0,0,0,0,0,11,3,0,estimated from season exits versus eligible schedule | 3 eligible events not entered,Senior/Legend,normal,,,false,false,false,false,0,0,0,,1,false,,amateur,senior,,,true,true,
2045/46,wp-zane-easton,Zane Easton,36,AUS,Amateur,Amateur,false,false,false,,0,0,,Amateur,,,,,,,,,,,,,62,62,64,59,60,76,64,0,19,0,0,0,,0,,,,,,,0,0,175,95,80,54.285714285714285,0,0,187601,"{""matches"":175,""wins"":95,""losses"":80,""draws"":0,""winPercentage"":54.285714285714285,""eventsEntered"":0,""titles"":0,""finals"":0,""prizeMoney"":187601,""points"":0}",,,,,,,,,,,,,,127,,false,false,false,,104,42,15,0,0,0,0,0,10,5,0,0,0,27,11,estimated from season exits versus eligible schedule | 27 eligible events not entered,Amateur,normal,,,false,false,false,false,0,0,0,,0,false,,amateur,amateur,,,true,true,
2045/46,wp-zane-forster,Zane Forster,41,PAK,Veteran,Amateur,false,false,false,,0,0,,Amateur,,,,,,,,,,,,,72,72,73,70,68,89,79,3,18,0,0,0,,0,,,,,,,0,0,12,12,0,100,0,0,0,"{""matches"":12,""wins"":12,""losses"":0,""draws"":0,""winPercentage"":100,""eventsEntered"":0,""titles"":0,""finals"":0,""prizeMoney"":0,""points"":0}",,,,,,,,,,,,,,,,false,false,false,,104,44,15,0,0,0,0,0,10,5,0,0,0,29,11,estimated from season exits versus eligible schedule | 29 eligible events not entered,Amateur,normal,,,false,false,false,false,0,0,0,,0,false,,amateur,amateur,,,true,true,
2045/46,wp-zane-grimaldi,Zane Grimaldi,51,NOR,Veteran,Amateur,false,false,false,,0,0,,Amateur,,,,,,,,,,,,,72,72,71,69,63,84,69,18,18,0,0,0,,0,,,,,,,0,0,12,12,0,100,0,0,0,"{""matches"":12,""wins"":12,""losses"":0,""draws"":0,""winPercentage"":100,""eventsEntered"":0,""titles"":0,""finals"":0,""prizeMoney"":0,""points"":0}",,,,,,,,,,,,,,,,false,false,false,,104,44,15,0,0,0,0,0,10,5,0,0,0,29,11,estimated from season exits versus eligible schedule | 29 eligible events not entered,Amateur,normal,,,false,false,false,false,0,0,0,,0,false,,amateur,amateur,,,true,true,
2045/46,wp-zane-langford,Zane Langford,52,BRA,Veteran,Amateur,false,false,false,,0,0,,Amateur,,,,,,,,,,,,,71,76,69,69,62,77,45,22,41,0,0,0,,0,,,,,,,0,0,80,34,46,42.5,0,0,999697,"{""matches"":80,""wins"":34,""losses"":46,""draws"":0,""winPercentage"":42.5,""eventsEntered"":0,""titles"":0,""finals"":0,""prizeMoney"":999697,""points"":0}",,,,,,,,,,,,,,31,,false,false,false,,104,44,15,0,0,0,0,0,10,5,0,0,0,29,11,estimated from season exits versus eligible schedule | 29 eligible events not entered,Amateur,normal,,,false,false,false,false,0,0,0,,0,false,,senior,amateur,,,true,true,
2045/46,wp-zane-mendoza,Zane Mendoza,46,BRA,Veteran,Amateur,false,false,false,,0,0,,Amateur,,,,,,,,,,,,,65,65,65,61,58,76,62,12,18,0,0,0,,0,,,,,,,0,0,26,18,8,69.23076923076923,0,0,74578,"{""matches"":26,""wins"":18,""losses"":8,""draws"":0,""winPercentage"":69.23076923076923,""eventsEntered"":0,""titles"":0,""finals"":0,""prizeMoney"":74578,""points"":0}",,,,,,,,,,,,,,128,,false,false,false,,104,44,15,0,0,0,0,0,10,5,0,0,0,29,11,estimated from season exits versus eligible schedule | 29 eligible events not entered,Amateur,normal,,,false,false,false,false,0,0,0,,0,false,,amateur,amateur,,,true,true,
2045/46,wp-zane-sorensen,Zane Sorensen,47,NED,Veteran,Amateur,false,false,false,,0,0,,Amateur,,,,,,,,,,,,,77,79,76,76,70,91,73,12,28,0,0,0,,0,,,,,,,0,0,12,12,0,100,0,0,312646,"{""matches"":12,""wins"":12,""losses"":0,""draws"":0,""winPercentage"":100,""eventsEntered"":0,""titles"":0,""finals"":0,""prizeMoney"":312646,""points"":0}",,,,,,,,,,,,,,83,,false,false,false,,104,44,15,0,0,0,0,0,10,5,0,0,0,29,11,estimated from season exits versus eligible schedule | 29 eligible events not entered,Amateur,normal,,,false,false,false,false,0,0,0,,0,false,,amateur,amateur,,,true,true,
2045/46,wp-zane-tremblay,Zane Tremblay,42,NOR,Veteran,Amateur,false,false,false,,0,0,,Amateur,,,,,,,,,,,,,66,66,66,63,61,80,67,5,19,0,0,0,,0,,,,,,,0,0,65,47,18,72.3076923076923,0,0,111578,"{""matches"":65,""wins"":47,""losses"":18,""draws"":0,""winPercentage"":72.3076923076923,""eventsEntered"":0,""titles"":0,""finals"":0,""prizeMoney"":111578,""points"":0}",,,,,,,,,,,,,,128,,false,false,false,,104,44,15,0,0,0,0,0,10,5,0,0,0,29,11,estimated from season exits versus eligible schedule | 29 eligible events not entered,Amateur,normal,,,false,false,false,false,0,0,0,,0,false,,amateur,amateur,,,true,true,
2045/46,wp-zane-urban,Zane Urban,34,FRA,Amateur,Amateur,false,false,false,,0,0,,Amateur,,,,,,,56,,,,,,63,63,65,59,60,72,57,19,20,8,3,5,37.5,0,,,,,,,0,142,199,118,81,59.2964824120603,0,0,279234,"{""matches"":199,""wins"":118,""losses"":81,""draws"":0,""winPercentage"":59.2964824120603,""eventsEntered"":0,""titles"":0,""finals"":0,""prizeMoney"":279234,""points"":0}",,,,,,,,,,,,,,128,,false,false,false,,104,42,15,0,0,0,0,0,10,5,0,0,0,27,11,estimated from season exits versus eligible schedule | 27 eligible events not entered,Amateur,normal,,,false,false,false,false,0,0,0,,0,false,,amateur,amateur,,,true,true,
