season,playerId,name,age,nationality,careerPhase,competitiveStatus,isHumanPlayer,isOnMainTour,isTourCardHolder,tourCardSource,tourCardYear,yearsRemaining,expiresAfterSeason,tourSurvivalStatus,seasonOpenWorldRank,seasonCloseWorldRank,normalizedWorldRank,rawWorldRankBeforeCap,worldRank,oneYearRank,amateurRank,qTourRank,qSchoolRank,seniorRank,previousWorldRank,rankChange,overall,potential,technicalAverage,mentalAverage,physicalAverage,effectiveMatchStrength,confidence,fatigue,reputation,seasonMatches,seasonWins,seasonLosses,seasonWinPercentage,seasonTitles,seasonMajorTitles,seasonWorldChampionshipEntries,seasonBestWorldChampionshipFinish,seasonMajorQuarterFinals,seasonMajorSemiFinals,seasonMajorFinals,seasonPrizeMoney,seasonRankingPoints,careerMatches,careerWins,careerLosses,careerWinPercentage,careerTitles,careerMajorTitles,careerPrizeMoney,totalRecord,youthRecord,amateurRecord,qTourRecord,qSchoolRecord,proQualifierRecord,rankingEventRecord,majorRecord,worldQualifyingRecord,worldMainDrawRecord,playersSeriesRecord,invitationalRecord,seniorRecord,exhibitionRecord,bestWorldRank,bestWorldChampionshipFinish,worldChampionshipMainDrawEligible,worldChampionshipMainDrawEntered,worldChampionshipQualifyingEntered,reasonSkippedWorldMainDraw,availableEventsCount,eligibleEventsCount,enteredEventsCount,rankingEventsEntered,qualifierEventsEntered,majorEventsEntered,invitationalsEntered,playersSeriesEntered,qTourEventsEntered,qSchoolEventsEntered,amateurEventsEntered,youthEventsEntered,seniorEventsEntered,skippedEligibleEventsCount,skippedCoreEventsCount,skippedReasonSummary,eventAccessBand,eventVolumeBandStatus,eventVolumeWarnings,calendarValidationWarnings,tourCardValidAtSeasonOpen,tourCardValidAtSeasonClose,lifecycleCorrectionApplied,rankCapApplied,recentSeasonWins,twoYearWins,twoYearPrizeMoney,majorFinalsLastTwoYears,titlesLastTwoYears,rankingDecayApplied,stalledReason,expectedCircuit,actualCircuit,warningFlags,invalidStateReasons,validTourStatus,validEventAccess,invalidAccessReason
2054/55,human-elliot-vance,Elliot Vance,43,England,Veteran,Major Contender,true,true,true,Ranking Retained,0,0,,Top 16,1,1,1,1,1,44,1,,,,1,0,87,94,90,75,89,99,99,0,100,15,11,4,73.33333333333333,0,0,1,Final,2,2,1,1345000,2208,640,448,192,70,11,2,26250563,"{""matches"":640,""wins"":448,""losses"":192,""draws"":0,""winPercentage"":70,""eventsEntered"":265,""titles"":11,""finals"":31,""prizeMoney"":26250563,""points"":73149}","{""matches"":93,""wins"":62,""losses"":31,""draws"":0,""winPercentage"":66.66666666666666,""eventsEntered"":33,""titles"":2,""finals"":6,""prizeMoney"":13853,""points"":709}","{""matches"":4,""wins"":2,""losses"":2,""draws"":0,""winPercentage"":50,""eventsEntered"":2,""titles"":0,""finals"":0,""prizeMoney"":820,""points"":35}","{""matches"":6,""wins"":3,""losses"":3,""draws"":0,""winPercentage"":50,""eventsEntered"":3,""titles"":0,""finals"":0,""prizeMoney"":4900,""points"":121}","{""matches"":5,""wins"":4,""losses"":1,""draws"":0,""winPercentage"":80,""eventsEntered"":1,""titles"":0,""finals"":0,""prizeMoney"":40,""points"":6}","{""matches"":9,""wins"":7,""losses"":2,""draws"":0,""winPercentage"":0,""eventsEntered"":20,""titles"":0,""finals"":1,""prizeMoney"":173800,""points"":2180}","{""matches"":256,""wins"":198,""losses"":58,""draws"":0,""winPercentage"":77.34375,""eventsEntered"":78,""titles"":5,""finals"":9,""prizeMoney"":5187950,""points"":26713}","{""matches"":105,""wins"":74,""losses"":31,""draws"":0,""winPercentage"":70.47619047619048,""eventsEntered"":38,""titles"":2,""finals"":4,""prizeMoney"":3364600,""points"":12889}","{""matches"":0,""wins"":0,""losses"":0,""draws"":0,""winPercentage"":0,""eventsEntered"":23,""titles"":0,""finals"":0,""prizeMoney"":0,""points"":0}","{""matches"":75,""wins"":52,""losses"":23,""draws"":0,""winPercentage"":69.33333333333334,""eventsEntered"":23,""titles"":0,""finals"":4,""prizeMoney"":13225000,""points"":30000}","{""matches"":2,""wins"":1,""losses"":1,""draws"":0,""winPercentage"":50,""eventsEntered"":2,""titles"":0,""finals"":0,""prizeMoney"":9600,""points"":56}","{""matches"":85,""wins"":45,""losses"":40,""draws"":0,""winPercentage"":52.94117647058824,""eventsEntered"":42,""titles"":2,""finals"":7,""prizeMoney"":4270000,""points"":440}","{""matches"":0,""wins"":0,""losses"":0,""draws"":0,""winPercentage"":0,""eventsEntered"":0,""titles"":0,""finals"":0,""prizeMoney"":0,""points"":0}","{""matches"":0,""wins"":0,""losses"":0,""draws"":0,""winPercentage"":0,""eventsEntered"":0,""titles"":0,""finals"":0,""prizeMoney"":0,""points"":0}",1,Final,true,true,false,,71,21,4,1,0,2,3,0,0,0,0,0,0,17,16,17 eligible events not entered,Top 16,too low,top16-low-event-volume,,true,true,false,false,11,25,3411000,2,0,false,,mainTour,mainTour,,,true,true,
2054/55,wp-aaron-keane,Aaron Keane,56,BEL,Veteran,Top 16 Elite Player,false,true,true,Ranking Retained,0,0,,Top 16,2,2,2,2,2,3,,,,,2,0,91,91,89,95,80,97,51,27,74,0,0,0,,0,,,,,,,0,0,20,9,11,45,9,0,2706300,"{""matches"":20,""wins"":9,""losses"":11,""draws"":0,""winPercentage"":45,""eventsEntered"":0,""titles"":9,""finals"":0,""prizeMoney"":2706300,""points"":0}",,,,,,,,,,,,,,2,,true,true,false,,71,21,15,9,0,6,6,3,0,0,0,0,0,6,6,estimated from season exits versus eligible schedule | 6 eligible events not entered,Top 16,normal,,,true,true,false,false,0,1,1176250,,1,false,,mainTour,mainTour,,,true,true,
2054/55,wp-arlo-dawes-a,Arlo Dawes A,43,BEL,Veteran,Top 16 Elite Player,false,true,true,Ranking Retained,0,0,,Top 16,3,3,3,3,3,10,,,,,3,0,94,94,94,99,89,99,68,7,73,0,0,0,,0,,,,,,,0,0,22,11,11,50,11,0,1884800,"{""matches"":22,""wins"":11,""losses"":11,""draws"":0,""winPercentage"":50,""eventsEntered"":0,""titles"":11,""finals"":0,""prizeMoney"":1884800,""points"":0}",,,,,,,,,,,,,,2,,true,true,false,,71,21,15,9,0,6,6,3,0,0,0,0,0,6,6,estimated from season exits versus eligible schedule | 6 eligible events not entered,Top 16,normal,,,true,true,false,false,0,0,250000,,0,false,,mainTour,mainTour,top4-low-wins-no-results,,true,true,
2054/55,wp-aaron-nash,Aaron Nash,74,BEL,Veteran,Top 16 Elite Player,false,true,true,Ranking Retained,0,0,,Top 16,4,4,4,4,4,5,,,,,4,0,87,87,81,87,67,82,25,57,68,0,0,0,,0,,,,,,,0,0,23,7,16,30.434782608695656,7,0,2345850,"{""matches"":23,""wins"":7,""losses"":16,""draws"":0,""winPercentage"":30.434782608695656,""eventsEntered"":0,""titles"":7,""finals"":0,""prizeMoney"":2345850,""points"":0}",,,,,,,,,,,,,,2,,true,true,false,,71,21,15,9,0,6,6,3,0,0,0,0,0,6,6,estimated from season exits versus eligible schedule | 6 eligible events not entered,Top 16,normal,,,true,true,false,false,0,0,0,,0,false,,mainTour,mainTour,top16-low-overall-no-results;top4-low-wins-no-results,,true,true,
2054/55,wp-aaron-zhou,Aaron Zhou,60,BEL,Veteran,Top 16 Elite Player,false,true,true,Ranking Retained,0,0,,Top 16,5,5,5,5,5,7,,,,,5,0,92,92,89,95,79,97,49,34,71,0,0,0,,0,,,,,,,0,0,15,8,7,53.333333333333336,8,0,2607900,"{""matches"":15,""wins"":8,""losses"":7,""draws"":0,""winPercentage"":53.333333333333336,""eventsEntered"":0,""titles"":8,""finals"":0,""prizeMoney"":2607900,""points"":0}",,,,,,,,,,,,,,2,,true,true,false,,71,21,15,9,0,6,6,3,0,0,0,0,0,6,6,estimated from season exits versus eligible schedule | 6 eligible events not entered,Top 16,normal,,,true,true,false,false,0,0,60000,,0,false,,mainTour,mainTour,top16-low-overall-no-results,,true,true,
2054/55,wp-aaron-sloan,Aaron Sloan,57,BEL,Veteran,Top 16 Elite Player,false,true,true,Ranking Retained,0,0,,Top 16,6,6,6,6,6,6,,,,,6,0,88,88,85,90,76,93,45,29,68,0,0,0,,0,,,,,,,0,0,23,8,15,34.78260869565217,8,0,2118550,"{""matches"":23,""wins"":8,""losses"":15,""draws"":0,""winPercentage"":34.78260869565217,""eventsEntered"":0,""titles"":8,""finals"":0,""prizeMoney"":2118550,""points"":0}",,,,,,,,,,,,,,3,,true,true,false,,71,21,15,9,0,6,6,3,0,0,0,0,0,6,6,estimated from season exits versus eligible schedule | 6 eligible events not entered,Top 16,normal,,,true,true,false,false,0,1,102000,,1,false,,mainTour,mainTour,,,true,true,
2054/55,wp-cian-holt,Cian Holt,55,WAL,Veteran,Top 16 Elite Player,false,true,true,Ranking Retained,0,0,,Top 16,12,7,7,7,7,31,,,,,12,5,89,89,87,94,78,99,75,27,67,1,1,0,100,1,,,,,,,600000,1440,27,10,17,37.03703703703704,10,0,1373100,"{""matches"":27,""wins"":10,""losses"":17,""draws"":0,""winPercentage"":37.03703703703704,""eventsEntered"":0,""titles"":10,""finals"":0,""prizeMoney"":1373100,""points"":0}",,,,,,,,,,,,,,7,,true,true,false,,71,21,15,9,0,6,6,3,0,0,0,0,0,6,6,estimated from season exits versus eligible schedule | 6 eligible events not entered,Top 16,normal,,,true,true,false,false,1,1,600000,,1,false,,mainTour,mainTour,,,true,true,
2054/55,wp-aiden-pike,Aiden Pike,60,ENG,Veteran,Top 16 Elite Player,false,true,true,Ranking Retained,0,0,,Top 16,7,8,8,8,8,8,,,,,7,-1,94,94,91,95,80,93,31,41,71,2,0,2,0,0,,,,,,,146250,333,16,11,5,68.75,11,0,1557250,"{""matches"":16,""wins"":11,""losses"":5,""draws"":0,""winPercentage"":68.75,""eventsEntered"":0,""titles"":11,""finals"":0,""prizeMoney"":1557250,""points"":0}",,,,,,,,,,,,,,3,,true,true,false,,71,21,15,9,0,6,6,3,0,0,0,0,0,6,6,estimated from season exits versus eligible schedule | 6 eligible events not entered,Top 16,normal,,,true,true,false,false,0,0,146250,,0,false,,mainTour,mainTour,top16-low-overall-no-results,,true,true,
2054/55,wp-arlo-dawes-b,Arlo Dawes B,40,BEL,Veteran,Top 16 Elite Player,false,true,true,Ranking Retained,0,0,,Top 16,8,9,9,9,9,11,,,,,8,-1,92,92,93,98,88,99,87,4,66,1,1,0,100,1,,,,,,,70000,396,12,7,5,58.333333333333336,7,0,2037700,"{""matches"":12,""wins"":7,""losses"":5,""draws"":0,""winPercentage"":58.333333333333336,""eventsEntered"":0,""titles"":7,""finals"":0,""prizeMoney"":2037700,""points"":0}",,,,,,,,,,,,,,2,,true,true,false,,71,21,15,9,0,6,6,3,0,0,0,0,0,6,6,estimated from season exits versus eligible schedule | 6 eligible events not entered,Top 16,normal,,,true,true,false,false,1,1,195000,,1,false,,mainTour,mainTour,,,true,true,
2054/55,wp-aaron-crane,Aaron Crane,58,BEL,Veteran,Top 16 Elite Player,false,true,true,Ranking Retained,0,0,,Top 16,9,10,10,10,10,1,,,,,9,-1,92,92,89,94,80,98,51,30,64,0,0,0,,0,,,,,,,0,0,15,8,7,53.333333333333336,8,0,1206200,"{""matches"":15,""wins"":8,""losses"":7,""draws"":0,""winPercentage"":53.333333333333336,""eventsEntered"":0,""titles"":8,""finals"":0,""prizeMoney"":1206200,""points"":0}",,,,,,,,,,,,,,1,,true,true,false,,71,21,15,9,0,6,6,3,0,0,0,0,0,6,6,estimated from season exits versus eligible schedule | 6 eligible events not entered,Top 16,normal,,,true,true,false,false,0,0,0,,0,false,,mainTour,mainTour,top16-low-overall-no-results,,true,true,
2054/55,wp-arlo-dawes,Arlo Dawes,43,BEL,Veteran,Top 16 Elite Player,false,true,true,Ranking Retained,0,0,,Top 16,10,11,11,11,11,9,,,,,10,-1,87,87,87,90,82,99,60,7,60,0,0,0,,0,,,,,,,0,0,18,7,11,38.88888888888889,7,0,1008550,"{""matches"":18,""wins"":7,""losses"":11,""draws"":0,""winPercentage"":38.88888888888889,""eventsEntered"":0,""titles"":7,""finals"":0,""prizeMoney"":1008550,""points"":0}",,,,,,,,,,,,,,6,,true,true,false,,71,21,15,9,0,6,6,3,0,0,0,0,0,6,6,estimated from season exits versus eligible schedule | 6 eligible events not entered,Top 16,normal,,,true,true,false,false,0,0,0,,0,false,,mainTour,mainTour,top16-low-overall-no-results,,true,true,
2054/55,wp-cian-crane,Cian Crane,57,WAL,Veteran,Top 16 Elite Player,false,true,true,Ranking Retained,0,0,,Top 16,11,12,12,12,12,30,,,,,11,-1,86,87,83,87,74,90,42,30,61,0,0,0,,0,,,,,,,0,0,14,5,9,35.714285714285715,5,0,1828150,"{""matches"":14,""wins"":5,""losses"":9,""draws"":0,""winPercentage"":35.714285714285715,""eventsEntered"":0,""titles"":5,""finals"":0,""prizeMoney"":1828150,""points"":0}",,,,,,,,,,,,,,2,,true,true,false,,71,21,15,9,0,6,6,3,0,0,0,0,0,6,6,estimated from season exits versus eligible schedule | 6 eligible events not entered,Top 16,normal,,,true,true,false,false,0,0,0,,0,false,,mainTour,mainTour,top16-low-overall-no-results,,true,true,
2054/55,wp-aaron-holt,Aaron Holt,62,BEL,Veteran,Top 16 Elite Player,false,true,true,Ranking Retained,0,0,,Top 16,13,13,13,13,13,2,,,,,13,0,94,95,90,95,80,93,30,41,69,1,0,1,0,0,,,,,,,42500,186,24,12,12,50,12,0,692400,"{""matches"":24,""wins"":12,""losses"":12,""draws"":0,""winPercentage"":50,""eventsEntered"":0,""titles"":12,""finals"":0,""prizeMoney"":692400,""points"":0}",,,,,,,,,,,,,,2,,true,true,false,,71,20,15,9,0,5,6,2,0,0,0,0,0,5,5,estimated from season exits versus eligible schedule | 5 eligible events not entered,Top 16,normal,,,true,true,false,false,0,1,82500,,1,false,,mainTour,mainTour,,,true,true,
2054/55,wp-callum-reeve,Callum Reeve,63,ENG,Veteran,Top 16 Elite Player,false,true,true,Ranking Retained,0,0,,Top 16,14,14,14,14,14,29,,,,,14,0,87,88,83,86,72,85,25,43,61,1,0,1,0,0,,,,,,,50000,120,25,8,17,32,8,0,843500,"{""matches"":25,""wins"":8,""losses"":17,""draws"":0,""winPercentage"":32,""eventsEntered"":0,""titles"":8,""finals"":0,""prizeMoney"":843500,""points"":0}",,,,,,,,,,,,,,3,,true,true,false,,71,20,15,9,0,5,6,2,0,0,0,0,0,5,5,estimated from season exits versus eligible schedule | 5 eligible events not entered,Top 16,normal,,,true,true,false,false,0,0,108500,,0,false,,mainTour,mainTour,top16-low-overall-no-results,,true,true,
2054/55,wp-arlo-dawes-c,Arlo Dawes C,40,BEL,Veteran,Top 16 Elite Player,false,true,true,Ranking Retained,0,0,,Top 16,16,15,15,15,15,12,,,,,16,1,91,91,92,94,87,99,52,6,67,1,0,1,0,0,,,,,,,10000,54,27,12,15,44.44444444444444,12,0,661700,"{""matches"":27,""wins"":12,""losses"":15,""draws"":0,""winPercentage"":44.44444444444444,""eventsEntered"":0,""titles"":12,""finals"":0,""prizeMoney"":661700,""points"":0}",,,,,,,,,,,,,,10,,true,true,false,,71,20,15,9,0,5,6,2,0,0,0,0,0,5,5,estimated from season exits versus eligible schedule | 5 eligible events not entered,Top 16,normal,,,true,true,false,false,0,0,10000,,0,false,,mainTour,mainTour,top16-low-overall-no-results,,true,true,
2054/55,wp-aaron-mercer,Aaron Mercer,48,BEL,Veteran,Top 16 Elite Player,false,true,true,Ranking Retained,0,0,,Top 16,15,16,16,16,16,4,,,,,15,-1,86,87,85,86,78,91,40,19,59,1,0,1,0,0,,,,,,,8500,47,27,8,19,29.629629629629626,8,0,551200,"{""matches"":27,""wins"":8,""losses"":19,""draws"":0,""winPercentage"":29.629629629629626,""eventsEntered"":0,""titles"":8,""finals"":0,""prizeMoney"":551200,""points"":0}",,,,,,,,,,,,,,4,,true,true,false,,71,20,15,9,0,5,6,2,0,0,0,0,0,5,5,estimated from season exits versus eligible schedule | 5 eligible events not entered,Top 16,normal,,,true,true,false,false,0,0,20500,,0,false,,mainTour,mainTour,top16-low-overall-no-results,,true,true,
2054/55,wp-arlo-dawes-d,Arlo Dawes D,40,BEL,Veteran,Top 32 Professional,false,true,true,Ranking Retained,0,0,,Top 32,17,17,17,17,17,13,,,,,17,0,72,72,73,69,68,80,40,4,38,0,0,0,,0,,,,,,,0,0,0,0,0,0,0,0,0,"{""matches"":0,""wins"":0,""losses"":0,""draws"":0,""winPercentage"":0,""eventsEntered"":0,""titles"":0,""finals"":0,""prizeMoney"":0,""points"":0}",,,,,,,,,,,,,,17,,false,false,true,,71,22,13,8,2,1,3,1,0,0,0,0,0,9,9,estimated from season exits versus eligible schedule | 9 eligible events not entered,Top 32,normal,,,true,true,false,false,0,0,0,,0,false,,mainTour,mainTour,,,true,true,
2054/55,wp-arlo-dawes-e,Arlo Dawes E,38,THA,Established,Top 32 Professional,false,true,true,Ranking Retained,0,0,,Top 32,18,18,18,18,18,14,,,,,18,0,72,72,73,69,69,81,42,1,38,0,0,0,,0,,,,,,,0,0,0,0,0,0,0,0,0,"{""matches"":0,""wins"":0,""losses"":0,""draws"":0,""winPercentage"":0,""eventsEntered"":0,""titles"":0,""finals"":0,""prizeMoney"":0,""points"":0}",,,,,,,,,,,,,,18,,false,false,true,,71,22,13,8,2,1,3,1,0,0,0,0,0,9,9,estimated from season exits versus eligible schedule | 9 eligible events not entered,Top 32,normal,,,true,true,false,false,0,0,0,,0,false,,mainTour,mainTour,,,true,true,
2054/55,wp-arlo-dawes-f,Arlo Dawes F,35,THA,Established,Top 32 Professional,false,true,true,Ranking Retained,0,0,,Top 32,19,19,19,19,19,15,,,,,19,0,72,72,74,69,70,81,42,0,38,0,0,0,,0,,,,,,,0,0,0,0,0,0,0,0,0,"{""matches"":0,""wins"":0,""losses"":0,""draws"":0,""winPercentage"":0,""eventsEntered"":0,""titles"":0,""finals"":0,""prizeMoney"":0,""points"":0}",,,,,,,,,,,,,,19,,false,false,true,,71,22,13,8,2,1,3,1,0,0,0,0,0,9,9,estimated from season exits versus eligible schedule | 9 eligible events not entered,Top 32,normal,,,true,true,false,false,0,0,0,,0,false,,mainTour,mainTour,,,true,true,
2054/55,wp-arlo-dawes-g,Arlo Dawes G,35,THA,Established,Top 32 Professional,false,true,true,Ranking Retained,0,0,,Top 32,20,20,20,20,20,16,,,,,20,0,72,72,74,69,70,81,42,0,37,0,0,0,,0,,,,,,,0,0,0,0,0,0,0,0,0,"{""matches"":0,""wins"":0,""losses"":0,""draws"":0,""winPercentage"":0,""eventsEntered"":0,""titles"":0,""finals"":0,""prizeMoney"":0,""points"":0}",,,,,,,,,,,,,,20,,false,false,true,,71,22,13,8,2,1,3,1,0,0,0,0,0,9,9,estimated from season exits versus eligible schedule | 9 eligible events not entered,Top 32,normal,,,true,true,false,false,0,0,0,,0,false,,mainTour,mainTour,,,true,true,
2054/55,wp-arlo-dawes-h,Arlo Dawes H,32,BEL,Established,Top 32 Professional,false,true,true,Ranking Retained,0,0,,Top 32,21,21,21,21,21,17,,,,,21,0,71,71,73,68,70,80,42,0,37,0,0,0,,0,,,,,,,0,0,0,0,0,0,0,0,0,"{""matches"":0,""wins"":0,""losses"":0,""draws"":0,""winPercentage"":0,""eventsEntered"":0,""titles"":0,""finals"":0,""prizeMoney"":0,""points"":0}",,,,,,,,,,,,,,21,,false,false,true,,71,22,13,8,2,1,3,1,0,0,0,0,0,9,9,estimated from season exits versus eligible schedule | 9 eligible events not entered,Top 32,normal,,,true,true,false,false,0,0,0,,0,false,,mainTour,mainTour,,,true,true,
2054/55,wp-arlo-dawes-i,Arlo Dawes I,32,BEL,Established,Top 32 Professional,false,true,true,Ranking Retained,0,0,,Top 32,22,22,22,22,22,18,,,,,22,0,71,71,73,68,70,80,42,0,37,0,0,0,,0,,,,,,,0,0,0,0,0,0,0,0,0,"{""matches"":0,""wins"":0,""losses"":0,""draws"":0,""winPercentage"":0,""eventsEntered"":0,""titles"":0,""finals"":0,""prizeMoney"":0,""points"":0}",,,,,,,,,,,,,,22,,false,false,true,,71,22,13,8,2,1,3,1,0,0,0,0,0,9,9,estimated from season exits versus eligible schedule | 9 eligible events not entered,Top 32,normal,,,true,true,false,false,0,0,0,,0,false,,mainTour,mainTour,,,true,true,
2054/55,wp-arlo-dawes-j,Arlo Dawes J,29,BEL,Established,Top 32 Professional,false,true,true,Ranking Retained,0,0,,Top 32,23,23,23,23,23,19,,,,,23,0,71,71,73,68,71,80,42,0,37,0,0,0,,0,,,,,,,0,0,0,0,0,0,0,0,0,"{""matches"":0,""wins"":0,""losses"":0,""draws"":0,""winPercentage"":0,""eventsEntered"":0,""titles"":0,""finals"":0,""prizeMoney"":0,""points"":0}",,,,,,,,,,,,,,23,,false,false,true,,71,22,13,8,2,1,3,1,0,0,0,0,0,9,9,estimated from season exits versus eligible schedule | 9 eligible events not entered,Top 32,normal,,,true,true,false,false,0,0,0,,0,false,,mainTour,mainTour,,,true,true,
2054/55,wp-arlo-dawes-k,Arlo Dawes K,29,BEL,Established,Top 32 Professional,false,true,true,Ranking Retained,0,0,,Top 32,24,24,24,24,24,20,,,,,24,0,71,71,73,68,71,80,42,0,37,0,0,0,,0,,,,,,,0,0,0,0,0,0,0,0,0,"{""matches"":0,""wins"":0,""losses"":0,""draws"":0,""winPercentage"":0,""eventsEntered"":0,""titles"":0,""finals"":0,""prizeMoney"":0,""points"":0}",,,,,,,,,,,,,,24,,false,false,true,,71,22,13,8,2,1,3,1,0,0,0,0,0,9,9,estimated from season exits versus eligible schedule | 9 eligible events not entered,Top 32,normal,,,true,true,false,false,0,0,0,,0,false,,mainTour,mainTour,,,true,true,
2054/55,wp-arlo-dawes-l,Arlo Dawes L,29,BEL,Established,Top 32 Professional,false,true,true,Ranking Retained,0,0,,Top 32,25,25,25,25,25,21,,,,,25,0,71,71,73,68,71,80,42,0,37,0,0,0,,0,,,,,,,0,0,0,0,0,0,0,0,0,"{""matches"":0,""wins"":0,""losses"":0,""draws"":0,""winPercentage"":0,""eventsEntered"":0,""titles"":0,""finals"":0,""prizeMoney"":0,""points"":0}",,,,,,,,,,,,,,25,,false,false,true,,71,22,13,8,2,1,3,1,0,0,0,0,0,9,9,estimated from season exits versus eligible schedule | 9 eligible events not entered,Top 32,normal,,,true,true,false,false,0,0,0,,0,false,,mainTour,mainTour,,,true,true,
2054/55,wp-arlo-dawes-m,Arlo Dawes M,26,BEL,Established,Top 32 Professional,false,true,true,Ranking Retained,0,0,,Top 32,26,26,26,26,26,22,,,,,26,0,70,71,72,67,70,79,42,0,36,0,0,0,,0,,,,,,,0,0,0,0,0,0,0,0,0,"{""matches"":0,""wins"":0,""losses"":0,""draws"":0,""winPercentage"":0,""eventsEntered"":0,""titles"":0,""finals"":0,""prizeMoney"":0,""points"":0}",,,,,,,,,,,,,,26,,false,false,true,,71,22,13,8,2,1,3,1,0,0,0,0,0,9,9,estimated from season exits versus eligible schedule | 9 eligible events not entered,Top 32,normal,,,true,true,false,false,0,0,0,,0,false,,mainTour,mainTour,,,true,true,
2054/55,wp-arlo-dawes-n,Arlo Dawes N,26,BEL,Established,Top 32 Professional,false,true,true,Ranking Retained,0,0,,Top 32,27,27,27,27,27,23,,,,,27,0,70,71,72,67,70,79,42,0,36,0,0,0,,0,,,,,,,0,0,0,0,0,0,0,0,0,"{""matches"":0,""wins"":0,""losses"":0,""draws"":0,""winPercentage"":0,""eventsEntered"":0,""titles"":0,""finals"":0,""prizeMoney"":0,""points"":0}",,,,,,,,,,,,,,27,,false,false,true,,71,22,13,8,2,1,3,1,0,0,0,0,0,9,9,estimated from season exits versus eligible schedule | 9 eligible events not entered,Top 32,normal,,,true,true,false,false,0,0,0,,0,false,,mainTour,mainTour,,,true,true,
2054/55,wp-arlo-dawes-o,Arlo Dawes O,24,THA,Rookie,Top 32 Professional,false,true,true,Ranking Retained,0,0,,Top 32,28,28,28,28,28,24,,,,,28,0,70,73,72,67,70,79,42,0,36,0,0,0,,0,,,,,,,0,0,0,0,0,0,0,0,0,"{""matches"":0,""wins"":0,""losses"":0,""draws"":0,""winPercentage"":0,""eventsEntered"":0,""titles"":0,""finals"":0,""prizeMoney"":0,""points"":0}",,,,,,,,,,,,,,28,,false,false,true,,71,22,13,8,2,1,3,1,0,0,0,0,0,9,9,estimated from season exits versus eligible schedule | 9 eligible events not entered,Top 32,normal,,,true,true,false,false,0,0,0,,0,false,,mainTour,mainTour,,,true,true,
2054/55,wp-arlo-dawes-p,Arlo Dawes P,24,THA,Rookie,Top 32 Professional,false,true,true,Ranking Retained,0,0,,Top 32,29,29,29,29,29,25,,,,,29,0,70,73,72,67,70,79,42,0,36,0,0,0,,0,,,,,,,0,0,0,0,0,0,0,0,0,"{""matches"":0,""wins"":0,""losses"":0,""draws"":0,""winPercentage"":0,""eventsEntered"":0,""titles"":0,""finals"":0,""prizeMoney"":0,""points"":0}",,,,,,,,,,,,,,29,,false,false,true,,71,22,13,8,2,1,3,1,0,0,0,0,0,9,9,estimated from season exits versus eligible schedule | 9 eligible events not entered,Top 32,normal,,,true,true,false,false,0,0,0,,0,false,,mainTour,mainTour,,,true,true,
2054/55,wp-arlo-dawes-q,Arlo Dawes Q,21,THA,Rookie,Top 32 Professional,false,true,true,Ranking Retained,0,0,,Top 32,30,30,30,30,30,26,,,,,30,0,70,75,72,67,70,79,42,0,36,0,0,0,,0,,,,,,,0,0,0,0,0,0,0,0,0,"{""matches"":0,""wins"":0,""losses"":0,""draws"":0,""winPercentage"":0,""eventsEntered"":0,""titles"":0,""finals"":0,""prizeMoney"":0,""points"":0}",,,,,,,,,,,,,,30,,false,false,true,,71,22,13,8,2,1,3,1,0,0,0,0,0,9,9,estimated from season exits versus eligible schedule | 9 eligible events not entered,Top 32,normal,,,true,true,false,false,0,0,0,,0,false,,mainTour,mainTour,,,true,true,
2054/55,wp-arlo-dawes-r,Arlo Dawes R,18,BEL,Rookie,Top 32 Professional,false,true,true,Federation Route,1,2,2056/57,At Risk,,31,31,31,31,27,,,,,,,58,65,60,52,58,67,42,0,18,0,0,0,,0,,,,,,,0,32,0,0,0,0,0,0,0,"{""matches"":0,""wins"":0,""losses"":0,""draws"":0,""winPercentage"":0,""eventsEntered"":0,""titles"":0,""finals"":0,""prizeMoney"":0,""points"":0}",,,,,,,,,,,,,,,,false,false,true,,71,22,13,8,2,1,3,1,0,0,0,0,0,9,9,estimated from season exits versus eligible schedule | 9 eligible events not entered,Top 32,normal,,,true,true,false,false,0,0,0,,0,false,,mainTour,mainTour,,,true,true,
2054/55,wp-arlo-dawes-s,Arlo Dawes S,18,BEL,Rookie,Top 32 Professional,false,true,true,Federation Route,1,2,2056/57,At Risk,,32,32,32,32,28,,,,,,,58,65,60,52,58,67,42,0,18,0,0,0,,0,,,,,,,0,26,0,0,0,0,0,0,0,"{""matches"":0,""wins"":0,""losses"":0,""draws"":0,""winPercentage"":0,""eventsEntered"":0,""titles"":0,""finals"":0,""prizeMoney"":0,""points"":0}",,,,,,,,,,,,,,,,false,false,true,,71,22,13,8,2,1,3,1,0,0,0,0,0,9,9,estimated from season exits versus eligible schedule | 9 eligible events not entered,Top 32,normal,,,true,true,false,false,0,0,0,,0,false,,mainTour,mainTour,,,true,true,
2054/55,wp-cian-keane,Cian Keane,50,WAL,Veteran,Tour Survivor / Top 64,false,true,true,Ranking Retained,0,0,,Top 32,31,31,33,31,33,32,,,,,31,-2,83,84,82,82,75,91,51,18,41,0,0,0,,0,,,,,,,0,0,2,1,1,50,1,0,0,"{""matches"":2,""wins"":1,""losses"":1,""draws"":0,""winPercentage"":50,""eventsEntered"":0,""titles"":1,""finals"":0,""prizeMoney"":0,""points"":0}",,,,,,,,,,,,,,12,,false,false,true,,71,18,11,8,3,1,0,0,0,0,0,0,0,7,7,estimated from season exits versus eligible schedule | 7 eligible events not entered,Top 64,normal,,,true,true,false,true,0,0,0,,0,true,,mainTour,mainTour,,,true,true,
2054/55,wp-cian-mercer,Cian Mercer,56,WAL,Veteran,Tour Survivor / Top 64,false,true,true,Ranking Retained,0,0,,Top 32,32,32,34,32,34,33,,,,,32,-2,71,72,69,67,60,71,24,30,39,0,0,0,,0,,,,,,,0,0,1,0,1,0,0,0,0,"{""matches"":1,""wins"":0,""losses"":1,""draws"":0,""winPercentage"":0,""eventsEntered"":0,""titles"":0,""finals"":0,""prizeMoney"":0,""points"":0}",,,,,,,,,,,,,,13,,false,false,true,,71,18,11,8,3,1,0,0,0,0,0,0,0,7,7,estimated from season exits versus eligible schedule | 7 eligible events not entered,Top 64,normal,,,true,true,false,true,0,0,0,,0,true,,mainTour,mainTour,,,true,true,
2054/55,wp-cian-nash,Cian Nash,50,WAL,Veteran,Tour Survivor / Top 64,false,true,true,Ranking Retained,0,0,,Safe,33,33,35,33,35,34,,,,,33,-2,79,80,78,77,70,85,44,19,41,0,0,0,,0,,,,,,,0,0,3,1,2,33.33333333333333,1,0,0,"{""matches"":3,""wins"":1,""losses"":2,""draws"":0,""winPercentage"":33.33333333333333,""eventsEntered"":0,""titles"":1,""finals"":0,""prizeMoney"":0,""points"":0}",,,,,,,,,,,,,,14,,false,false,true,,71,18,11,8,3,1,0,0,0,0,0,0,0,7,7,estimated from season exits versus eligible schedule | 7 eligible events not entered,Top 64,normal,,,true,true,false,true,0,0,0,,0,true,,mainTour,mainTour,,,true,true,
2054/55,wp-cian-sloan,Cian Sloan,51,WAL,Veteran,Tour Survivor / Top 64,false,true,true,Ranking Retained,0,0,,Safe,34,34,36,34,36,35,,,,,34,-2,71,72,70,67,62,73,29,22,38,0,0,0,,0,,,,,,,0,0,2,0,2,0,0,0,0,"{""matches"":2,""wins"":0,""losses"":2,""draws"":0,""winPercentage"":0,""eventsEntered"":0,""titles"":0,""finals"":0,""prizeMoney"":0,""points"":0}",,,,,,,,,,,,,,15,,false,false,true,,71,18,11,8,3,1,0,0,0,0,0,0,0,7,7,estimated from season exits versus eligible schedule | 7 eligible events not entered,Top 64,normal,,,true,true,false,true,0,0,0,,0,true,,mainTour,mainTour,,,true,true,
2054/55,wp-cian-zhou,Cian Zhou,74,WAL,Veteran,Tour Survivor / Top 64,false,true,true,Ranking Retained,0,0,,Safe,35,35,37,35,37,36,,,,,35,-2,71,72,65,65,51,63,10,58,38,0,0,0,,0,,,,,,,0,0,0,0,0,0,0,0,0,"{""matches"":0,""wins"":0,""losses"":0,""draws"":0,""winPercentage"":0,""eventsEntered"":0,""titles"":0,""finals"":0,""prizeMoney"":0,""points"":0}",,,,,,,,,,,,,,16,,false,false,true,,71,18,11,8,3,1,0,0,0,0,0,0,0,7,7,estimated from season exits versus eligible schedule | 7 eligible events not entered,Top 64,normal,,,true,true,false,true,0,0,0,,0,true,,mainTour,mainTour,,,true,true,
2054/55,wp-daniel-crane,Daniel Crane,82,AUS,Veteran,Tour Survivor / Top 64,false,true,true,Ranking Retained,0,0,,Safe,36,36,38,36,38,37,,,,,36,-2,71,72,63,65,47,61,10,70,38,0,0,0,,0,,,,,,,0,0,0,0,0,0,0,0,0,"{""matches"":0,""wins"":0,""losses"":0,""draws"":0,""winPercentage"":0,""eventsEntered"":0,""titles"":0,""finals"":0,""prizeMoney"":0,""points"":0}",,,,,,,,,,,,,,17,,false,false,true,,71,18,11,8,3,1,0,0,0,0,0,0,0,7,7,estimated from season exits versus eligible schedule | 7 eligible events not entered,Top 64,normal,,,true,true,false,true,0,0,0,,0,true,,mainTour,mainTour,,,true,true,
2054/55,wp-daniel-holt,Daniel Holt,57,AUS,Veteran,Tour Survivor / Top 64,false,true,true,Ranking Retained,0,0,,Safe,37,37,39,37,39,38,,,,,37,-2,70,71,67,66,58,69,23,31,38,0,0,0,,0,,,,,,,0,0,0,0,0,0,0,0,0,"{""matches"":0,""wins"":0,""losses"":0,""draws"":0,""winPercentage"":0,""eventsEntered"":0,""titles"":0,""finals"":0,""prizeMoney"":0,""points"":0}",,,,,,,,,,,,,,18,,false,false,true,,71,18,11,8,3,1,0,0,0,0,0,0,0,7,7,estimated from season exits versus eligible schedule | 7 eligible events not entered,Top 64,normal,,,true,true,false,true,0,0,0,,0,true,,mainTour,mainTour,,,true,true,
2054/55,wp-daniel-keane,Daniel Keane,50,AUS,Veteran,Tour Survivor / Top 64,false,true,true,Ranking Retained,0,0,,Safe,38,38,40,38,40,39,,,,,38,-2,70,71,69,66,61,73,30,20,38,0,0,0,,0,,,,,,,0,0,0,0,0,0,0,0,0,"{""matches"":0,""wins"":0,""losses"":0,""draws"":0,""winPercentage"":0,""eventsEntered"":0,""titles"":0,""finals"":0,""prizeMoney"":0,""points"":0}",,,,,,,,,,,,,,19,,false,false,true,,71,18,11,8,3,1,0,0,0,0,0,0,0,7,7,estimated from season exits versus eligible schedule | 7 eligible events not entered,Top 64,normal,,,true,true,false,true,0,0,0,,0,true,,mainTour,mainTour,,,true,true,
2054/55,wp-daniel-mercer,Daniel Mercer,56,AUS,Veteran,Tour Survivor / Top 64,false,true,true,Ranking Retained,0,0,,Safe,39,39,41,39,41,40,,,,,39,-2,70,71,68,65,59,70,24,30,37,0,0,0,,0,,,,,,,0,0,0,0,0,0,0,0,0,"{""matches"":0,""wins"":0,""losses"":0,""draws"":0,""winPercentage"":0,""eventsEntered"":0,""titles"":0,""finals"":0,""prizeMoney"":0,""points"":0}",,,,,,,,,,,,,,20,,false,false,true,,71,18,11,8,3,1,0,0,0,0,0,0,0,7,7,estimated from season exits versus eligible schedule | 7 eligible events not entered,Top 64,normal,,,true,true,false,true,0,0,0,,0,true,,mainTour,mainTour,,,true,true,
2054/55,wp-daniel-nash,Daniel Nash,50,AUS,Veteran,Tour Survivor / Top 64,false,true,true,Ranking Retained,0,0,,Safe,40,40,42,40,42,41,,,,,40,-2,70,71,69,66,61,73,30,20,37,0,0,0,,0,,,,,,,0,0,0,0,0,0,0,0,0,"{""matches"":0,""wins"":0,""losses"":0,""draws"":0,""winPercentage"":0,""eventsEntered"":0,""titles"":0,""finals"":0,""prizeMoney"":0,""points"":0}",,,,,,,,,,,,,,21,,false,false,true,,71,18,11,8,3,1,0,0,0,0,0,0,0,7,7,estimated from season exits versus eligible schedule | 7 eligible events not entered,Top 64,normal,,,true,true,false,true,0,0,0,,0,true,,mainTour,mainTour,,,true,true,
2054/55,wp-daniel-sloan,Daniel Sloan,51,AUS,Veteran,Tour Survivor / Top 64,false,true,true,Ranking Retained,0,0,,Safe,41,41,43,41,43,42,,,,,41,-2,70,71,69,66,61,72,29,22,37,0,0,0,,0,,,,,,,0,0,0,0,0,0,0,0,0,"{""matches"":0,""wins"":0,""losses"":0,""draws"":0,""winPercentage"":0,""eventsEntered"":0,""titles"":0,""finals"":0,""prizeMoney"":0,""points"":0}",,,,,,,,,,,,,,22,,false,false,true,,71,18,11,8,3,1,0,0,0,0,0,0,0,7,7,estimated from season exits versus eligible schedule | 7 eligible events not entered,Top 64,normal,,,true,true,false,true,0,0,0,,0,true,,mainTour,mainTour,,,true,true,
2054/55,wp-daniel-zhou,Daniel Zhou,55,AUS,Veteran,Tour Survivor / Top 64,false,true,true,Ranking Retained,0,0,,Safe,42,42,44,42,44,43,,,,,42,-2,69,70,67,65,58,69,25,28,37,0,0,0,,0,,,,,,,0,0,0,0,0,0,0,0,0,"{""matches"":0,""wins"":0,""losses"":0,""draws"":0,""winPercentage"":0,""eventsEntered"":0,""titles"":0,""finals"":0,""prizeMoney"":0,""points"":0}",,,,,,,,,,,,,,23,,false,false,true,,71,18,11,8,3,1,0,0,0,0,0,0,0,7,7,estimated from season exits versus eligible schedule | 7 eligible events not entered,Top 64,normal,,,true,true,false,true,0,0,0,,0,true,,mainTour,mainTour,,,true,true,
2054/55,wp-ethan-crane,Ethan Crane,83,SCO,Veteran,Tour Survivor / Top 64,false,true,true,Ranking Retained,0,0,,Safe,43,43,45,43,45,45,,,,,43,-2,70,72,62,64,46,59,10,71,38,0,0,0,,0,,,,,,,0,0,0,0,0,0,0,0,0,"{""matches"":0,""wins"":0,""losses"":0,""draws"":0,""winPercentage"":0,""eventsEntered"":0,""titles"":0,""finals"":0,""prizeMoney"":0,""points"":0}",,,,,,,,,,,,,,15,,false,false,true,,71,18,11,8,3,1,0,0,0,0,0,0,0,7,7,estimated from season exits versus eligible schedule | 7 eligible events not entered,Top 64,normal,,,true,true,false,true,0,0,0,,0,true,,mainTour,mainTour,,,true,true,
2054/55,wp-ethan-dawes,Ethan Dawes,49,SCO,Veteran,Tour Survivor / Top 64,false,true,true,Ranking Retained,0,0,,Safe,44,44,46,44,46,46,,,,,44,-2,69,70,68,65,61,72,31,19,37,0,0,0,,0,,,,,,,0,0,0,0,0,0,0,0,0,"{""matches"":0,""wins"":0,""losses"":0,""draws"":0,""winPercentage"":0,""eventsEntered"":0,""titles"":0,""finals"":0,""prizeMoney"":0,""points"":0}",,,,,,,,,,,,,,25,,false,false,true,,71,18,11,8,3,1,0,0,0,0,0,0,0,7,7,estimated from season exits versus eligible schedule | 7 eligible events not entered,Top 64,normal,,,true,true,false,true,0,0,0,,0,true,,mainTour,mainTour,,,true,true,
2054/55,wp-ethan-holt,Ethan Holt,60,SCO,Veteran,Tour Survivor / Top 64,false,true,true,Ranking Retained,0,0,,Safe,45,45,47,45,47,47,,,,,45,-2,69,70,66,64,56,67,20,36,36,0,0,0,,0,,,,,,,0,0,0,0,0,0,0,0,0,"{""matches"":0,""wins"":0,""losses"":0,""draws"":0,""winPercentage"":0,""eventsEntered"":0,""titles"":0,""finals"":0,""prizeMoney"":0,""points"":0}",,,,,,,,,,,,,,26,,false,false,true,,71,18,11,8,3,1,0,0,0,0,0,0,0,7,7,estimated from season exits versus eligible schedule | 7 eligible events not entered,Top 64,normal,,,true,true,false,true,0,0,0,,0,true,,mainTour,mainTour,,,true,true,
2054/55,wp-ethan-keane,Ethan Keane,51,SCO,Veteran,Tour Survivor / Top 64,false,true,true,Ranking Retained,0,0,,Safe,46,46,48,46,48,48,,,,,46,-2,69,70,68,65,60,71,29,22,36,0,0,0,,0,,,,,,,0,0,0,0,0,0,0,0,0,"{""matches"":0,""wins"":0,""losses"":0,""draws"":0,""winPercentage"":0,""eventsEntered"":0,""titles"":0,""finals"":0,""prizeMoney"":0,""points"":0}",,,,,,,,,,,,,,27,,false,false,true,,71,18,11,8,3,1,0,0,0,0,0,0,0,7,7,estimated from season exits versus eligible schedule | 7 eligible events not entered,Top 64,normal,,,true,true,false,true,0,0,0,,0,true,,mainTour,mainTour,,,true,true,
2054/55,wp-ethan-mercer,Ethan Mercer,53,SCO,Veteran,Tour Survivor / Top 64,false,true,true,Ranking Retained,0,0,,Safe,47,47,49,47,49,49,,,,,47,-2,68,69,66,64,58,69,27,25,36,0,0,0,,0,,,,,,,0,0,0,0,0,0,0,0,0,"{""matches"":0,""wins"":0,""losses"":0,""draws"":0,""winPercentage"":0,""eventsEntered"":0,""titles"":0,""finals"":0,""prizeMoney"":0,""points"":0}",,,,,,,,,,,,,,28,,false,false,true,,71,18,11,8,3,1,0,0,0,0,0,0,0,7,7,estimated from season exits versus eligible schedule | 7 eligible events not entered,Top 64,normal,,,true,true,false,true,0,0,0,,0,true,,mainTour,mainTour,,,true,true,
2054/55,wp-ethan-nash,Ethan Nash,51,SCO,Veteran,Tour Survivor / Top 64,false,true,true,Ranking Retained,0,0,,Safe,48,48,50,48,50,50,,,,,48,-2,68,69,67,64,59,70,29,22,36,0,0,0,,0,,,,,,,0,0,0,0,0,0,0,0,0,"{""matches"":0,""wins"":0,""losses"":0,""draws"":0,""winPercentage"":0,""eventsEntered"":0,""titles"":0,""finals"":0,""prizeMoney"":0,""points"":0}",,,,,,,,,,,,,,29,,false,false,true,,71,18,11,8,3,1,0,0,0,0,0,0,0,7,7,estimated from season exits versus eligible schedule | 7 eligible events not entered,Top 64,normal,,,true,true,false,true,0,0,0,,0,true,,mainTour,mainTour,,,true,true,
2054/55,wp-ethan-sloan,Ethan Sloan,60,SCO,Veteran,Tour Survivor / Top 64,false,true,true,Ranking Retained,0,0,,Safe,49,49,51,49,51,51,,,,,49,-2,68,69,65,63,55,66,20,36,36,0,0,0,,0,,,,,,,0,0,0,0,0,0,0,0,0,"{""matches"":0,""wins"":0,""losses"":0,""draws"":0,""winPercentage"":0,""eventsEntered"":0,""titles"":0,""finals"":0,""prizeMoney"":0,""points"":0}",,,,,,,,,,,,,,30,,false,false,true,,71,18,11,8,3,1,0,0,0,0,0,0,0,7,7,estimated from season exits versus eligible schedule | 7 eligible events not entered,Top 64,normal,,,true,true,false,true,0,0,0,,0,true,,mainTour,mainTour,,,true,true,
2054/55,wp-ethan-zhou,Ethan Zhou,58,SCO,Veteran,Tour Survivor / Top 64,false,true,true,Ranking Retained,0,0,,Safe,50,50,52,50,52,52,,,,,50,-2,68,69,65,63,56,67,22,33,35,0,0,0,,0,,,,,,,0,0,0,0,0,0,0,0,0,"{""matches"":0,""wins"":0,""losses"":0,""draws"":0,""winPercentage"":0,""eventsEntered"":0,""titles"":0,""finals"":0,""prizeMoney"":0,""points"":0}",,,,,,,,,,,,,,31,,false,false,true,,71,18,11,8,3,1,0,0,0,0,0,0,0,7,7,estimated from season exits versus eligible schedule | 7 eligible events not entered,Top 64,normal,,,true,true,false,true,0,0,0,,0,true,,mainTour,mainTour,,,true,true,
2054/55,wp-evan-mori,Evan Mori,43,CHN,Veteran,Tour Survivor / Top 64,false,true,true,Ranking Retained,0,0,,Safe,51,51,53,51,53,53,,,,,51,-2,67,68,67,63,62,74,37,9,35,0,0,0,,0,,,,,,,0,0,0,0,0,0,0,0,0,"{""matches"":0,""wins"":0,""losses"":0,""draws"":0,""winPercentage"":0,""eventsEntered"":0,""titles"":0,""finals"":0,""prizeMoney"":0,""points"":0}",,,,,,,,,,,,,,33,,false,false,true,,71,18,11,8,3,1,0,0,0,0,0,0,0,7,7,estimated from season exits versus eligible schedule | 7 eligible events not entered,Top 64,normal,,,true,true,false,true,0,0,0,,0,true,,mainTour,mainTour,,,true,true,
2054/55,wp-evan-mori-a,Evan Mori A,43,CHN,Veteran,Tour Survivor / Top 64,false,true,true,Ranking Retained,0,0,,Safe,52,52,54,52,54,54,,,,,52,-2,90,91,90,91,85,99,79,6,39,0,0,0,,0,,,,,,,0,0,2,2,0,100,2,0,0,"{""matches"":2,""wins"":2,""losses"":0,""draws"":0,""winPercentage"":100,""eventsEntered"":0,""titles"":2,""finals"":0,""prizeMoney"":0,""points"":0}",,,,,,,,,,,,,,36,,false,false,true,,71,18,11,8,3,1,0,0,0,0,0,0,0,7,7,estimated from season exits versus eligible schedule | 7 eligible events not entered,Top 64,normal,,,true,true,false,true,0,0,0,,0,true,,mainTour,mainTour,,,true,true,
2054/55,wp-evan-mori-b,Evan Mori B,40,CHN,Veteran,Tour Survivor / Top 64,false,true,true,Ranking Retained,0,0,,Safe,53,53,55,53,55,55,,,,,53,-2,67,68,68,64,63,75,40,4,34,0,0,0,,0,,,,,,,0,0,0,0,0,0,0,0,0,"{""matches"":0,""wins"":0,""losses"":0,""draws"":0,""winPercentage"":0,""eventsEntered"":0,""titles"":0,""finals"":0,""prizeMoney"":0,""points"":0}",,,,,,,,,,,,,,37,,false,false,true,,71,18,11,8,3,1,0,0,0,0,0,0,0,7,7,estimated from season exits versus eligible schedule | 7 eligible events not entered,Top 64,normal,,,true,true,false,true,0,0,0,,0,true,,mainTour,mainTour,,,true,true,
2054/55,wp-evan-mori-c,Evan Mori C,40,CHN,Veteran,Tour Survivor / Top 64,false,true,true,Ranking Retained,0,0,,Safe,54,54,56,54,56,56,,,,,54,-2,89,90,90,90,85,99,81,1,36,0,0,0,,0,,,,,,,0,0,1,1,0,100,1,0,0,"{""matches"":1,""wins"":1,""losses"":0,""draws"":0,""winPercentage"":100,""eventsEntered"":0,""titles"":1,""finals"":0,""prizeMoney"":0,""points"":0}",,,,,,,,,,,,,,39,,false,false,true,,71,18,11,8,3,1,0,0,0,0,0,0,0,7,7,estimated from season exits versus eligible schedule | 7 eligible events not entered,Top 64,normal,,,true,true,false,true,0,0,0,,0,true,,mainTour,mainTour,,,true,true,
2054/55,wp-evan-mori-d,Evan Mori D,40,CHN,Veteran,Tour Survivor / Top 64,false,true,true,Ranking Retained,0,0,,Safe,55,55,57,55,57,57,,,,,55,-2,89,90,90,90,85,99,81,1,35,0,0,0,,0,,,,,,,0,0,1,1,0,100,1,0,0,"{""matches"":1,""wins"":1,""losses"":0,""draws"":0,""winPercentage"":100,""eventsEntered"":0,""titles"":1,""finals"":0,""prizeMoney"":0,""points"":0}",,,,,,,,,,,,,,42,,false,false,true,,71,18,11,8,3,1,0,0,0,0,0,0,0,7,7,estimated from season exits versus eligible schedule | 7 eligible events not entered,Top 64,normal,,,true,true,false,true,0,0,0,,0,true,,mainTour,mainTour,,,true,true,
2054/55,wp-evan-mori-e,Evan Mori E,37,CHN,Established,Tour Survivor / Top 64,false,true,true,Ranking Retained,0,0,,Safe,56,56,58,56,58,58,,,,,56,-2,66,67,67,63,64,75,42,0,33,0,0,0,,0,,,,,,,0,0,0,0,0,0,0,0,0,"{""matches"":0,""wins"":0,""losses"":0,""draws"":0,""winPercentage"":0,""eventsEntered"":0,""titles"":0,""finals"":0,""prizeMoney"":0,""points"":0}",,,,,,,,,,,,,,43,,false,false,true,,71,18,11,8,3,1,0,0,0,0,0,0,0,7,7,estimated from season exits versus eligible schedule | 7 eligible events not entered,Top 64,normal,,,true,true,false,true,0,0,0,,0,true,,mainTour,mainTour,,,true,true,
2054/55,wp-evan-mori-f,Evan Mori F,34,AUS,Established,Tour Survivor / Top 64,false,true,true,Ranking Retained,0,0,,Safe,57,57,59,57,59,59,,,,,57,-2,65,66,67,62,64,74,42,0,33,0,0,0,,0,,,,,,,0,0,0,0,0,0,0,0,0,"{""matches"":0,""wins"":0,""losses"":0,""draws"":0,""winPercentage"":0,""eventsEntered"":0,""titles"":0,""finals"":0,""prizeMoney"":0,""points"":0}",,,,,,,,,,,,,,47,,false,false,true,,71,18,11,8,3,1,0,0,0,0,0,0,0,7,7,estimated from season exits versus eligible schedule | 7 eligible events not entered,Top 64,normal,,,true,true,false,true,0,0,0,,0,true,,mainTour,mainTour,,,true,true,
2054/55,wp-evan-mori-g,Evan Mori G,34,AUS,Established,Tour Survivor / Top 64,false,true,true,Ranking Retained,0,0,,Safe,58,58,60,58,60,60,,,,,58,-2,65,66,67,62,64,74,42,0,32,0,0,0,,0,,,,,,,0,0,0,0,0,0,0,0,0,"{""matches"":0,""wins"":0,""losses"":0,""draws"":0,""winPercentage"":0,""eventsEntered"":0,""titles"":0,""finals"":0,""prizeMoney"":0,""points"":0}",,,,,,,,,,,,,,48,,false,false,true,,71,18,11,8,3,1,0,0,0,0,0,0,0,7,7,estimated from season exits versus eligible schedule | 7 eligible events not entered,Top 64,normal,,,true,true,false,true,0,0,0,,0,true,,mainTour,mainTour,,,true,true,
2054/55,wp-evan-mori-h,Evan Mori H,34,AUS,Established,Tour Survivor / Top 64,false,true,true,Ranking Retained,0,0,,Safe,59,59,61,59,61,61,,,,,59,-2,65,66,67,62,64,74,42,0,32,0,0,0,,0,,,,,,,0,0,0,0,0,0,0,0,0,"{""matches"":0,""wins"":0,""losses"":0,""draws"":0,""winPercentage"":0,""eventsEntered"":0,""titles"":0,""finals"":0,""prizeMoney"":0,""points"":0}",,,,,,,,,,,,,,49,,false,false,true,,71,18,11,8,3,1,0,0,0,0,0,0,0,7,7,estimated from season exits versus eligible schedule | 7 eligible events not entered,Top 64,normal,,,true,true,false,true,0,0,0,,0,true,,mainTour,mainTour,,,true,true,
2054/55,wp-evan-mori-i,Evan Mori I,32,CHN,Established,Tour Survivor / Top 64,false,true,true,Ranking Retained,0,0,,Safe,60,60,62,60,62,62,,,,,60,-2,64,64,66,61,63,73,42,0,32,0,0,0,,0,,,,,,,0,0,0,0,0,0,0,0,0,"{""matches"":0,""wins"":0,""losses"":0,""draws"":0,""winPercentage"":0,""eventsEntered"":0,""titles"":0,""finals"":0,""prizeMoney"":0,""points"":0}",,,,,,,,,,,,,,53,,false,false,true,,71,18,11,8,3,1,0,0,0,0,0,0,0,7,7,estimated from season exits versus eligible schedule | 7 eligible events not entered,Top 64,normal,,,true,true,false,true,0,0,0,,0,true,,mainTour,mainTour,,,true,true,
2054/55,wp-evan-mori-j,Evan Mori J,29,CHN,Established,Tour Survivor / Top 64,false,true,true,Ranking Retained,0,0,,Safe,61,61,63,61,63,63,,,,,61,-2,64,64,66,60,64,73,42,0,31,0,0,0,,0,,,,,,,0,0,0,0,0,0,0,0,0,"{""matches"":0,""wins"":0,""losses"":0,""draws"":0,""winPercentage"":0,""eventsEntered"":0,""titles"":0,""finals"":0,""prizeMoney"":0,""points"":0}",,,,,,,,,,,,,,54,,false,false,true,,71,18,11,8,3,1,0,0,0,0,0,0,0,7,7,estimated from season exits versus eligible schedule | 7 eligible events not entered,Top 64,normal,,,true,true,false,true,0,0,0,,0,true,,mainTour,mainTour,,,true,true,
2054/55,wp-evan-mori-k,Evan Mori K,29,CHN,Established,Tour Survivor / Top 64,false,true,true,Ranking Retained,0,0,,Safe,62,62,64,62,64,64,,,,,62,-2,64,64,66,60,64,73,42,0,31,0,0,0,,0,,,,,,,0,0,0,0,0,0,0,0,0,"{""matches"":0,""wins"":0,""losses"":0,""draws"":0,""winPercentage"":0,""eventsEntered"":0,""titles"":0,""finals"":0,""prizeMoney"":0,""points"":0}",,,,,,,,,,,,,,57,,false,false,true,,71,18,11,8,3,1,0,0,0,0,0,0,0,7,7,estimated from season exits versus eligible schedule | 7 eligible events not entered,Top 64,normal,,,true,true,false,true,0,0,0,,0,true,,mainTour,mainTour,,,true,true,
2054/55,wp-evan-mori-l,Evan Mori L,29,CHN,Established,Bottom Tour / At Risk,false,true,true,Ranking Retained,0,0,,Safe,63,63,65,63,65,65,,,,,63,-2,63,63,65,59,63,72,42,0,31,0,0,0,,0,,,,,,,0,0,0,0,0,0,0,0,0,"{""matches"":0,""wins"":0,""losses"":0,""draws"":0,""winPercentage"":0,""eventsEntered"":0,""titles"":0,""finals"":0,""prizeMoney"":0,""points"":0}",,,,,,,,,,,,,,58,,false,false,true,,71,18,9,2,7,1,0,0,0,0,0,0,0,9,9,estimated from season exits versus eligible schedule | 9 eligible events not entered,Bottom Tour 65-128,normal,,,true,true,false,true,0,0,0,,0,true,,mainTour,mainTour,,,true,true,
2054/55,wp-evan-mori-m,Evan Mori M,26,CHN,Established,Bottom Tour / At Risk,false,true,true,Ranking Retained,0,0,,Safe,64,64,66,64,66,66,,,,,64,-2,63,65,65,59,63,72,42,0,30,0,0,0,,0,,,,,,,0,0,0,0,0,0,0,0,0,"{""matches"":0,""wins"":0,""losses"":0,""draws"":0,""winPercentage"":0,""eventsEntered"":0,""titles"":0,""finals"":0,""prizeMoney"":0,""points"":0}",,,,,,,,,,,,,,60,,false,false,true,,71,18,9,2,7,1,0,0,0,0,0,0,0,9,9,estimated from season exits versus eligible schedule | 9 eligible events not entered,Bottom Tour 65-128,normal,,,true,true,false,true,0,0,0,,0,true,,mainTour,mainTour,,,true,true,
2054/55,wp-evan-mori-p,Evan Mori P,23,AUS,Rookie,Rookie Pro / Bubble,false,true,true,Playoff Route,2,1,2055/56,Rookie Year 2,66,66,67,66,67,67,,,,,66,-1,62,66,64,58,62,71,42,0,29,0,0,0,,0,,,,,,,0,0,0,0,0,0,0,0,0,"{""matches"":0,""wins"":0,""losses"":0,""draws"":0,""winPercentage"":0,""eventsEntered"":0,""titles"":0,""finals"":0,""prizeMoney"":0,""points"":0}",,,,,,,,,,,,,,66,,false,false,true,,71,18,9,2,7,1,0,0,0,0,0,0,0,9,9,estimated from season exits versus eligible schedule | 9 eligible events not entered,Rookie Pro,normal,,,true,true,false,true,0,0,0,,0,true,,mainTour,mainTour,,,true,true,
2054/55,wp-finn-cross-g,Finn Cross G,34,BEL,Established,Rookie Pro / Bubble,false,true,true,Playoff Route,2,1,2055/56,Rookie Year 2,69,69,68,69,68,68,,,,,69,1,62,62,64,58,61,71,42,0,29,0,0,0,,0,,,,,,,0,0,0,0,0,0,0,0,0,"{""matches"":0,""wins"":0,""losses"":0,""draws"":0,""winPercentage"":0,""eventsEntered"":0,""titles"":0,""finals"":0,""prizeMoney"":0,""points"":0}",,,,,,,,,,,,,,65,,false,false,true,,71,18,9,2,7,1,0,0,0,0,0,0,0,9,9,estimated from season exits versus eligible schedule | 9 eligible events not entered,Rookie Pro,normal,,,true,true,false,false,0,0,0,,0,false,,mainTour,mainTour,,,true,true,
2054/55,wp-finn-cross-h,Finn Cross H,34,BEL,Established,Rookie Pro / Bubble,false,true,true,Playoff Route,2,1,2055/56,Rookie Year 2,70,70,69,70,69,69,,,,,70,1,62,62,64,58,61,71,42,0,29,0,0,0,,0,,,,,,,0,0,0,0,0,0,0,0,0,"{""matches"":0,""wins"":0,""losses"":0,""draws"":0,""winPercentage"":0,""eventsEntered"":0,""titles"":0,""finals"":0,""prizeMoney"":0,""points"":0}",,,,,,,,,,,,,,66,,false,false,true,,71,18,9,2,7,1,0,0,0,0,0,0,0,9,9,estimated from season exits versus eligible schedule | 9 eligible events not entered,Rookie Pro,normal,,,true,true,false,false,0,0,0,,0,false,,mainTour,mainTour,,,true,true,
2054/55,wp-finn-cross-j,Finn Cross J,28,SCO,Established,Rookie Pro / Bubble,false,true,true,Playoff Route,1,2,2056/57,At Risk,,70,70,70,70,70,,,,,,,62,62,64,58,62,71,42,0,29,0,0,0,,0,,,,,,,0,44,0,0,0,0,0,0,0,"{""matches"":0,""wins"":0,""losses"":0,""draws"":0,""winPercentage"":0,""eventsEntered"":0,""titles"":0,""finals"":0,""prizeMoney"":0,""points"":0}",,,,,,,,,,,,,,67,,false,false,true,,71,18,9,2,7,1,0,0,0,0,0,0,0,9,9,estimated from season exits versus eligible schedule | 9 eligible events not entered,Rookie Pro,normal,,,true,true,false,false,0,0,0,,0,false,,mainTour,mainTour,,,true,true,
2054/55,wp-finn-cross-n,Finn Cross N,25,SCO,Established,Rookie Pro / Bubble,false,true,true,Playoff Route,1,2,2056/57,At Risk,,71,71,71,71,71,,,,,,,62,64,64,58,62,71,42,0,28,0,0,0,,0,,,,,,,0,47,0,0,0,0,0,0,0,"{""matches"":0,""wins"":0,""losses"":0,""draws"":0,""winPercentage"":0,""eventsEntered"":0,""titles"":0,""finals"":0,""prizeMoney"":0,""points"":0}",,,,,,,,,,,,,,70,,false,false,true,,71,18,9,2,7,1,0,0,0,0,0,0,0,9,9,estimated from season exits versus eligible schedule | 9 eligible events not entered,Rookie Pro,normal,,,true,true,false,false,0,0,0,,0,false,,mainTour,mainTour,,,true,true,
2054/55,wp-finn-cross-o,Finn Cross O,25,SCO,Established,Rookie Pro / Bubble,false,true,true,Federation Route,1,2,2056/57,At Risk,,72,72,72,72,72,,,,,,,61,63,63,57,61,70,42,0,28,0,0,0,,0,,,,,,,0,44,0,0,0,0,0,0,0,"{""matches"":0,""wins"":0,""losses"":0,""draws"":0,""winPercentage"":0,""eventsEntered"":0,""titles"":0,""finals"":0,""prizeMoney"":0,""points"":0}",,,,,,,,,,,,,,71,,false,false,true,,71,18,9,2,7,1,0,0,0,0,0,0,0,9,9,estimated from season exits versus eligible schedule | 9 eligible events not entered,Rookie Pro,normal,,,true,true,false,false,0,0,0,,0,false,,mainTour,mainTour,,,true,true,
2054/55,wp-finn-cross-p,Finn Cross P,22,SCO,Rookie,Rookie Pro / Bubble,false,true,true,Playoff Route,2,1,2055/56,Rookie Year 2,73,73,73,73,73,73,,,,,73,0,61,65,63,57,61,70,42,0,28,0,0,0,,0,,,,,,,0,0,0,0,0,0,0,0,0,"{""matches"":0,""wins"":0,""losses"":0,""draws"":0,""winPercentage"":0,""eventsEntered"":0,""titles"":0,""finals"":0,""prizeMoney"":0,""points"":0}",,,,,,,,,,,,,,72,,false,false,true,,71,18,9,2,7,1,0,0,0,0,0,0,0,9,9,estimated from season exits versus eligible schedule | 9 eligible events not entered,Rookie Pro,normal,,,true,true,false,false,0,0,0,,0,false,,mainTour,mainTour,,,true,true,
2054/55,wp-finn-cross-s,Finn Cross S,20,BEL,Rookie,Rookie Pro / Bubble,false,true,true,Playoff Route,2,1,2055/56,Rookie Year 2,76,76,74,76,74,74,,,,,76,2,61,67,63,57,61,70,42,0,27,0,0,0,,0,,,,,,,0,0,0,0,0,0,0,0,0,"{""matches"":0,""wins"":0,""losses"":0,""draws"":0,""winPercentage"":0,""eventsEntered"":0,""titles"":0,""finals"":0,""prizeMoney"":0,""points"":0}",,,,,,,,,,,,,,76,,false,false,true,,71,18,9,2,7,1,0,0,0,0,0,0,0,9,9,estimated from season exits versus eligible schedule | 9 eligible events not entered,Rookie Pro,normal,,,true,true,false,false,0,0,0,,0,false,,mainTour,mainTour,,,true,true,
2054/55,wp-jude-sloan-e,Jude Sloan E,35,IRL,Established,Rookie Pro / Bubble,false,true,true,Playoff Route,1,2,2056/57,At Risk,,75,75,75,75,75,,,,,,,61,61,63,57,59,70,42,0,28,0,0,0,,0,,,,,,,0,105,0,0,0,0,0,0,0,"{""matches"":0,""wins"":0,""losses"":0,""draws"":0,""winPercentage"":0,""eventsEntered"":0,""titles"":0,""finals"":0,""prizeMoney"":0,""points"":0}",,,,,,,,,,,,,,73,,false,false,true,,71,18,9,2,7,1,0,0,0,0,0,0,0,9,9,estimated from season exits versus eligible schedule | 9 eligible events not entered,Rookie Pro,normal,,,true,true,false,false,0,0,0,,0,false,,mainTour,mainTour,,,true,true,
2054/55,wp-jude-sloan-f,Jude Sloan F,35,IRL,Established,Rookie Pro / Bubble,false,true,true,Playoff Route,1,2,2056/57,At Risk,,76,76,76,76,76,,,,,,,61,61,63,57,59,70,42,0,28,0,0,0,,0,,,,,,,0,66,0,0,0,0,0,0,0,"{""matches"":0,""wins"":0,""losses"":0,""draws"":0,""winPercentage"":0,""eventsEntered"":0,""titles"":0,""finals"":0,""prizeMoney"":0,""points"":0}",,,,,,,,,,,,,,74,,false,false,true,,71,18,9,2,7,1,0,0,0,0,0,0,0,9,9,estimated from season exits versus eligible schedule | 9 eligible events not entered,Rookie Pro,normal,,,true,true,false,false,0,0,0,,0,false,,mainTour,mainTour,,,true,true,
2054/55,wp-jude-sloan-g,Jude Sloan G,35,IRL,Established,Rookie Pro / Bubble,false,true,true,Federation Route,1,2,2056/57,At Risk,,77,77,77,77,77,,,,,,,60,60,62,56,58,69,42,0,28,0,0,0,,0,,,,,,,0,38,0,0,0,0,0,0,0,"{""matches"":0,""wins"":0,""losses"":0,""draws"":0,""winPercentage"":0,""eventsEntered"":0,""titles"":0,""finals"":0,""prizeMoney"":0,""points"":0}",,,,,,,,,,,,,,75,,false,false,true,,71,18,9,2,7,1,0,0,0,0,0,0,0,9,9,estimated from season exits versus eligible schedule | 9 eligible events not entered,Rookie Pro,normal,,,true,true,false,false,0,0,0,,0,false,,mainTour,mainTour,,,true,true,
2054/55,wp-jude-sloan-h,Jude Sloan H,32,IRL,Established,Rookie Pro / Bubble,false,true,true,Playoff Route,2,1,2055/56,Rookie Year 2,77,77,78,77,78,78,,,,,77,-1,60,60,62,56,59,69,42,0,28,0,0,0,,0,,,,,,,0,0,0,0,0,0,0,0,0,"{""matches"":0,""wins"":0,""losses"":0,""draws"":0,""winPercentage"":0,""eventsEntered"":0,""titles"":0,""finals"":0,""prizeMoney"":0,""points"":0}",,,,,,,,,,,,,,75,,false,false,true,,71,18,9,2,7,1,0,0,0,0,0,0,0,9,9,estimated from season exits versus eligible schedule | 9 eligible events not entered,Rookie Pro,normal,,,true,true,false,true,0,0,0,,0,true,,mainTour,mainTour,,,true,true,
2054/55,wp-jude-sloan-i,Jude Sloan I,32,IRL,Established,Rookie Pro / Bubble,false,true,true,Playoff Route,2,1,2055/56,Rookie Year 2,78,78,79,78,79,79,,,,,78,-1,60,60,62,56,59,69,42,0,27,0,0,0,,0,,,,,,,0,0,0,0,0,0,0,0,0,"{""matches"":0,""wins"":0,""losses"":0,""draws"":0,""winPercentage"":0,""eventsEntered"":0,""titles"":0,""finals"":0,""prizeMoney"":0,""points"":0}",,,,,,,,,,,,,,76,,false,false,true,,71,18,9,2,7,1,0,0,0,0,0,0,0,9,9,estimated from season exits versus eligible schedule | 9 eligible events not entered,Rookie Pro,normal,,,true,true,false,true,0,0,0,,0,true,,mainTour,mainTour,,,true,true,
2054/55,wp-jude-sloan-l,Jude Sloan L,27,AUS,Established,Rookie Pro / Bubble,false,true,true,Playoff Route,1,2,2056/57,At Risk,,80,80,80,80,80,,,,,,,60,61,62,56,60,69,42,0,28,0,0,0,,0,,,,,,,0,74,0,0,0,0,0,0,0,"{""matches"":0,""wins"":0,""losses"":0,""draws"":0,""winPercentage"":0,""eventsEntered"":0,""titles"":0,""finals"":0,""prizeMoney"":0,""points"":0}",,,,,,,,,,,,,,75,,false,false,true,,71,18,9,2,7,1,0,0,0,0,0,0,0,9,9,estimated from season exits versus eligible schedule | 9 eligible events not entered,Rookie Pro,normal,,,true,true,false,false,0,0,0,,0,false,,mainTour,mainTour,,,true,true,
2054/55,wp-jude-sloan-m,Jude Sloan M,26,WAL,Established,Rookie Pro / Bubble,false,true,true,Playoff Route,1,2,2056/57,At Risk,,81,81,81,81,81,,,,,,,60,62,62,56,60,69,42,0,27,0,0,0,,0,,,,,,,0,92,0,0,0,0,0,0,0,"{""matches"":0,""wins"":0,""losses"":0,""draws"":0,""winPercentage"":0,""eventsEntered"":0,""titles"":0,""finals"":0,""prizeMoney"":0,""points"":0}",,,,,,,,,,,,,,76,,false,false,true,,71,18,9,2,7,1,0,0,0,0,0,0,0,9,9,estimated from season exits versus eligible schedule | 9 eligible events not entered,Rookie Pro,normal,,,true,true,false,false,0,0,0,,0,false,,mainTour,mainTour,,,true,true,
2054/55,wp-jude-sloan-n,Jude Sloan N,26,WAL,Established,Rookie Pro / Bubble,false,true,true,Playoff Route,1,2,2056/57,At Risk,,82,82,82,82,82,,,,,,,60,62,62,56,60,69,42,0,27,0,0,0,,0,,,,,,,0,86,0,0,0,0,0,0,0,"{""matches"":0,""wins"":0,""losses"":0,""draws"":0,""winPercentage"":0,""eventsEntered"":0,""titles"":0,""finals"":0,""prizeMoney"":0,""points"":0}",,,,,,,,,,,,,,77,,false,false,true,,71,18,9,2,7,1,0,0,0,0,0,0,0,9,9,estimated from season exits versus eligible schedule | 9 eligible events not entered,Rookie Pro,normal,,,true,true,false,false,0,0,0,,0,false,,mainTour,mainTour,,,true,true,
2054/55,wp-jude-sloan-o,Jude Sloan O,23,WAL,Rookie,Rookie Pro / Bubble,false,true,true,Playoff Route,1,2,2056/57,At Risk,,83,83,83,83,83,,,,,,,60,64,62,56,60,69,42,0,27,0,0,0,,0,,,,,,,0,56,0,0,0,0,0,0,0,"{""matches"":0,""wins"":0,""losses"":0,""draws"":0,""winPercentage"":0,""eventsEntered"":0,""titles"":0,""finals"":0,""prizeMoney"":0,""points"":0}",,,,,,,,,,,,,,78,,false,false,true,,71,18,9,2,7,1,0,0,0,0,0,0,0,9,9,estimated from season exits versus eligible schedule | 9 eligible events not entered,Rookie Pro,normal,,,true,true,false,false,0,0,0,,0,false,,mainTour,mainTour,,,true,true,
2054/55,wp-jude-sloan-p,Jude Sloan P,23,WAL,Rookie,Rookie Pro / Bubble,false,true,true,Playoff Route,2,1,2055/56,Rookie Year 2,81,81,84,81,84,84,,,,,81,-3,59,63,61,55,59,68,42,0,27,0,0,0,,0,,,,,,,0,0,0,0,0,0,0,0,0,"{""matches"":0,""wins"":0,""losses"":0,""draws"":0,""winPercentage"":0,""eventsEntered"":0,""titles"":0,""finals"":0,""prizeMoney"":0,""points"":0}",,,,,,,,,,,,,,79,,false,false,true,,71,18,9,2,7,1,0,0,0,0,0,0,0,9,9,estimated from season exits versus eligible schedule | 9 eligible events not entered,Rookie Pro,normal,,,true,true,false,true,0,0,0,,0,true,,mainTour,mainTour,,,true,true,
2054/55,wp-jude-sloan-q,Jude Sloan Q,23,WAL,Rookie,Rookie Pro / Bubble,false,true,true,Playoff Route,2,1,2055/56,Rookie Year 2,82,82,85,82,85,85,,,,,82,-3,59,63,61,55,59,68,42,0,27,0,0,0,,0,,,,,,,0,0,0,0,0,0,0,0,0,"{""matches"":0,""wins"":0,""losses"":0,""draws"":0,""winPercentage"":0,""eventsEntered"":0,""titles"":0,""finals"":0,""prizeMoney"":0,""points"":0}",,,,,,,,,,,,,,80,,false,false,true,,71,18,9,2,7,1,0,0,0,0,0,0,0,9,9,estimated from season exits versus eligible schedule | 9 eligible events not entered,Rookie Pro,normal,,,true,true,false,true,0,0,0,,0,true,,mainTour,mainTour,,,true,true,
2054/55,wp-jude-sloan-s,Jude Sloan S,20,WAL,Rookie,Rookie Pro / Bubble,false,true,true,Q School,2,1,2055/56,Rookie Year 2,84,84,86,84,86,86,,,,,84,-2,59,65,61,55,59,68,42,0,26,0,0,0,,0,,,,,,,0,0,0,0,0,0,0,0,0,"{""matches"":0,""wins"":0,""losses"":0,""draws"":0,""winPercentage"":0,""eventsEntered"":0,""titles"":0,""finals"":0,""prizeMoney"":0,""points"":0}",,,,,,,,,,,,,,84,,false,false,true,,71,18,9,2,7,1,0,0,0,0,0,0,0,9,9,estimated from season exits versus eligible schedule | 9 eligible events not entered,Rookie Pro,normal,,,true,true,false,true,0,0,0,,0,true,,mainTour,mainTour,,,true,true,
2054/55,wp-kai-pryce-f,Kai Pryce F,35,CHN,Established,Rookie Pro / Bubble,false,true,true,Playoff Route,2,1,2055/56,Rookie Year 2,85,85,87,85,87,87,,,,,85,-2,60,61,62,56,58,69,42,0,27,0,0,0,,0,,,,,,,0,0,0,0,0,0,0,0,0,"{""matches"":0,""wins"":0,""losses"":0,""draws"":0,""winPercentage"":0,""eventsEntered"":0,""titles"":0,""finals"":0,""prizeMoney"":0,""points"":0}",,,,,,,,,,,,,,76,,false,false,true,,71,18,9,2,7,1,0,0,0,0,0,0,0,9,9,estimated from season exits versus eligible schedule | 9 eligible events not entered,Rookie Pro,normal,,,true,true,false,true,0,0,0,,0,true,,mainTour,mainTour,,,true,true,
2054/55,wp-kai-pryce-m,Kai Pryce M,27,WAL,Established,Rookie Pro / Bubble,false,true,true,Playoff Route,1,2,2056/57,At Risk,,88,88,88,88,88,,,,,,,58,59,60,54,58,67,42,0,26,0,0,0,,0,,,,,,,0,66,0,0,0,0,0,0,0,"{""matches"":0,""wins"":0,""losses"":0,""draws"":0,""winPercentage"":0,""eventsEntered"":0,""titles"":0,""finals"":0,""prizeMoney"":0,""points"":0}",,,,,,,,,,,,,,86,,false,false,true,,71,18,9,2,7,1,0,0,0,0,0,0,0,9,9,estimated from season exits versus eligible schedule | 9 eligible events not entered,Rookie Pro,normal,,,true,true,false,false,0,0,0,,0,false,,mainTour,mainTour,,,true,true,
2054/55,wp-kai-pryce-n,Kai Pryce N,24,CHN,Rookie,Rookie Pro / Bubble,false,true,true,Playoff Route,1,2,2056/57,At Risk,,89,89,89,89,89,,,,,,,58,61,60,53,58,67,42,0,25,0,0,0,,0,,,,,,,0,105,0,0,0,0,0,0,0,"{""matches"":0,""wins"":0,""losses"":0,""draws"":0,""winPercentage"":0,""eventsEntered"":0,""titles"":0,""finals"":0,""prizeMoney"":0,""points"":0}",,,,,,,,,,,,,,87,,false,false,true,,71,18,9,2,7,1,0,0,0,0,0,0,0,9,9,estimated from season exits versus eligible schedule | 9 eligible events not entered,Rookie Pro,normal,,,true,true,false,false,0,0,0,,0,false,,mainTour,mainTour,,,true,true,
2054/55,wp-kai-pryce-q,Kai Pryce Q,22,WAL,Rookie,Rookie Pro / Bubble,false,true,true,Playoff Route,1,2,2056/57,At Risk,,90,90,90,90,90,,,,,,,58,62,60,54,58,67,42,0,26,0,0,0,,0,,,,,,,0,101,0,0,0,0,0,0,0,"{""matches"":0,""wins"":0,""losses"":0,""draws"":0,""winPercentage"":0,""eventsEntered"":0,""titles"":0,""finals"":0,""prizeMoney"":0,""points"":0}",,,,,,,,,,,,,,86,,false,false,true,,71,18,9,2,7,1,0,0,0,0,0,0,0,9,9,estimated from season exits versus eligible schedule | 9 eligible events not entered,Rookie Pro,normal,,,true,true,false,false,0,0,0,,0,false,,mainTour,mainTour,,,true,true,
2054/55,wp-kai-pryce-s,Kai Pryce S,19,WAL,Rookie,Rookie Pro / Bubble,false,true,true,Q School,1,2,2056/57,At Risk,,91,91,91,91,91,,,,,,,53,59,55,47,53,62,42,0,18,0,0,0,,0,,,,,,,0,151,0,0,0,0,0,0,0,"{""matches"":0,""wins"":0,""losses"":0,""draws"":0,""winPercentage"":0,""eventsEntered"":0,""titles"":0,""finals"":0,""prizeMoney"":0,""points"":0}",,,,,,,,,,,,,,,,false,false,true,,71,18,9,2,7,1,0,0,0,0,0,0,0,9,9,estimated from season exits versus eligible schedule | 9 eligible events not entered,Rookie Pro,normal,,,true,true,false,false,0,0,0,,0,false,,mainTour,mainTour,,,true,true,
2054/55,wp-kai-pryce-t,Kai Pryce T,19,WAL,Rookie,Rookie Pro / Bubble,false,true,true,Q School,1,2,2056/57,At Risk,,92,92,92,92,92,,,,,,,53,59,55,47,53,62,42,0,18,0,0,0,,0,,,,,,,0,134,0,0,0,0,0,0,0,"{""matches"":0,""wins"":0,""losses"":0,""draws"":0,""winPercentage"":0,""eventsEntered"":0,""titles"":0,""finals"":0,""prizeMoney"":0,""points"":0}",,,,,,,,,,,,,,,,false,false,true,,71,18,9,2,7,1,0,0,0,0,0,0,0,9,9,estimated from season exits versus eligible schedule | 9 eligible events not entered,Rookie Pro,normal,,,true,true,false,false,0,0,0,,0,false,,mainTour,mainTour,,,true,true,
2054/55,wp-luca-mercer-e,Luca Mercer E,35,SCO,Established,Rookie Pro / Bubble,false,true,true,Playoff Route,1,2,2056/57,At Risk,,93,93,93,93,93,,,,,,,57,57,59,52,55,66,42,0,25,0,0,0,,0,,,,,,,0,109,0,0,0,0,0,0,0,"{""matches"":0,""wins"":0,""losses"":0,""draws"":0,""winPercentage"":0,""eventsEntered"":0,""titles"":0,""finals"":0,""prizeMoney"":0,""points"":0}",,,,,,,,,,,,,,91,,false,false,true,,71,18,9,2,7,1,0,0,0,0,0,0,0,9,9,estimated from season exits versus eligible schedule | 9 eligible events not entered,Rookie Pro,normal,,,true,true,false,false,0,0,0,,0,false,,mainTour,mainTour,,,true,true,
2054/55,wp-luca-mercer-n,Luca Mercer N,26,ENG,Established,Rookie Pro / Bubble,false,true,true,Playoff Route,1,2,2056/57,At Risk,,94,94,94,94,94,,,,,,,57,58,59,52,57,66,42,0,24,0,0,0,,0,,,,,,,0,81,0,0,0,0,0,0,0,"{""matches"":0,""wins"":0,""losses"":0,""draws"":0,""winPercentage"":0,""eventsEntered"":0,""titles"":0,""finals"":0,""prizeMoney"":0,""points"":0}",,,,,,,,,,,,,,96,,false,false,true,,71,18,9,2,7,1,0,0,0,0,0,0,0,9,9,estimated from season exits versus eligible schedule | 9 eligible events not entered,Rookie Pro,normal,,,true,true,false,false,0,0,0,,0,false,,mainTour,mainTour,,,true,true,
2054/55,wp-luca-mercer-o,Luca Mercer O,23,ENG,Rookie,Rookie Pro / Bubble,false,true,true,Playoff Route,1,2,2056/57,At Risk,,95,95,95,95,95,,,,,,,57,61,59,52,57,66,42,0,24,0,0,0,,0,,,,,,,0,53,0,0,0,0,0,0,0,"{""matches"":0,""wins"":0,""losses"":0,""draws"":0,""winPercentage"":0,""eventsEntered"":0,""titles"":0,""finals"":0,""prizeMoney"":0,""points"":0}",,,,,,,,,,,,,,93,,false,false,true,,71,18,9,2,7,1,0,0,0,0,0,0,0,9,9,estimated from season exits versus eligible schedule | 9 eligible events not entered,Rookie Pro,normal,,,true,true,false,false,0,0,0,,0,false,,mainTour,mainTour,,,true,true,
2054/55,wp-luca-mercer-p,Luca Mercer P,23,ENG,Rookie,Rookie Pro / Bubble,false,true,true,Playoff Route,2,1,2055/56,Rookie Year 2,92,92,96,92,96,96,,,,,92,-4,57,61,59,52,57,66,42,0,24,0,0,0,,0,,,,,,,0,0,0,0,0,0,0,0,0,"{""matches"":0,""wins"":0,""losses"":0,""draws"":0,""winPercentage"":0,""eventsEntered"":0,""titles"":0,""finals"":0,""prizeMoney"":0,""points"":0}",,,,,,,,,,,,,,92,,false,false,true,,71,18,9,2,7,1,0,0,0,0,0,0,0,9,9,estimated from season exits versus eligible schedule | 9 eligible events not entered,Rookie Pro,normal,,,true,true,false,true,0,0,0,,0,true,,mainTour,mainTour,,,true,true,
2054/55,wp-luca-mercer-q,Luca Mercer Q,23,ENG,Rookie,Rookie Pro / Bubble,false,true,true,Playoff Route,2,1,2055/56,Rookie Year 2,93,93,97,93,97,97,,,,,93,-4,57,61,59,52,57,66,42,0,24,0,0,0,,0,,,,,,,0,0,0,0,0,0,0,0,0,"{""matches"":0,""wins"":0,""losses"":0,""draws"":0,""winPercentage"":0,""eventsEntered"":0,""titles"":0,""finals"":0,""prizeMoney"":0,""points"":0}",,,,,,,,,,,,,,93,,false,false,true,,71,18,9,2,7,1,0,0,0,0,0,0,0,9,9,estimated from season exits versus eligible schedule | 9 eligible events not entered,Rookie Pro,normal,,,true,true,false,true,0,0,0,,0,true,,mainTour,mainTour,,,true,true,
2054/55,wp-luca-mercer-s,Luca Mercer S,20,ENG,Rookie,Rookie Pro / Bubble,false,true,true,Q School,2,1,2055/56,Rookie Year 2,95,95,98,95,98,98,,,,,95,-3,56,62,58,51,56,65,42,0,24,0,0,0,,0,,,,,,,0,0,0,0,0,0,0,0,0,"{""matches"":0,""wins"":0,""losses"":0,""draws"":0,""winPercentage"":0,""eventsEntered"":0,""titles"":0,""finals"":0,""prizeMoney"":0,""points"":0}",,,,,,,,,,,,,,95,,false,false,true,,71,18,9,2,7,1,0,0,0,0,0,0,0,9,9,estimated from season exits versus eligible schedule | 9 eligible events not entered,Rookie Pro,normal,,,true,true,false,true,0,0,0,,0,true,,mainTour,mainTour,,,true,true,
2054/55,wp-luca-mercer-t,Luca Mercer T,20,ENG,Rookie,Rookie Pro / Bubble,false,true,true,Playoff Route,2,1,2055/56,Rookie Year 2,96,96,99,96,99,99,,,,,96,-3,56,62,58,51,56,65,42,0,24,0,0,0,,0,,,,,,,0,0,0,0,0,0,0,0,0,"{""matches"":0,""wins"":0,""losses"":0,""draws"":0,""winPercentage"":0,""eventsEntered"":0,""titles"":0,""finals"":0,""prizeMoney"":0,""points"":0}",,,,,,,,,,,,,,96,,false,false,true,,71,18,9,2,7,1,0,0,0,0,0,0,0,9,9,estimated from season exits versus eligible schedule | 9 eligible events not entered,Rookie Pro,normal,,,true,true,false,true,0,0,0,,0,true,,mainTour,mainTour,,,true,true,
2054/55,wp-mika-keane-o,Mika Keane O,23,IRL,Rookie,Rookie Pro / Bubble,false,true,true,Playoff Route,2,1,2055/56,Rookie Year 2,100,100,100,100,100,100,,,,,100,0,56,60,58,51,56,65,42,0,23,0,0,0,,0,,,,,,,0,0,0,0,0,0,0,0,0,"{""matches"":0,""wins"":0,""losses"":0,""draws"":0,""winPercentage"":0,""eventsEntered"":0,""titles"":0,""finals"":0,""prizeMoney"":0,""points"":0}",,,,,,,,,,,,,,100,,false,false,true,,71,18,9,2,7,1,0,0,0,0,0,0,0,9,9,estimated from season exits versus eligible schedule | 9 eligible events not entered,Rookie Pro,normal,,,true,true,false,false,0,0,0,,0,false,,mainTour,mainTour,,,true,true,
2054/55,wp-mika-keane-p,Mika Keane P,23,IRL,Rookie,Rookie Pro / Bubble,false,true,true,Playoff Route,1,2,2056/57,At Risk,,101,101,101,101,101,,,,,,,54,58,56,49,54,63,42,0,21,0,0,0,,0,,,,,,,0,94,0,0,0,0,0,0,0,"{""matches"":0,""wins"":0,""losses"":0,""draws"":0,""winPercentage"":0,""eventsEntered"":0,""titles"":0,""finals"":0,""prizeMoney"":0,""points"":0}",,,,,,,,,,,,,,109,,false,false,true,,71,18,9,2,7,1,0,0,0,0,0,0,0,9,9,estimated from season exits versus eligible schedule | 9 eligible events not entered,Rookie Pro,normal,,,true,true,false,false,0,0,0,,0,false,,mainTour,mainTour,,,true,true,
2054/55,wp-mika-keane-q,Mika Keane Q,23,IRL,Rookie,Rookie Pro / Bubble,false,true,true,Playoff Route,1,2,2056/57,At Risk,,102,102,102,102,102,,,,,,,54,58,56,49,54,63,42,0,21,0,0,0,,0,,,,,,,0,89,0,0,0,0,0,0,0,"{""matches"":0,""wins"":0,""losses"":0,""draws"":0,""winPercentage"":0,""eventsEntered"":0,""titles"":0,""finals"":0,""prizeMoney"":0,""points"":0}",,,,,,,,,,,,,,110,,false,false,true,,71,18,9,2,7,1,0,0,0,0,0,0,0,9,9,estimated from season exits versus eligible schedule | 9 eligible events not entered,Rookie Pro,normal,,,true,true,false,false,0,0,0,,0,false,,mainTour,mainTour,,,true,true,
2054/55,wp-mika-keane-s,Mika Keane S,20,IRL,Rookie,Rookie Pro / Bubble,false,true,true,Q School,2,1,2055/56,Rookie Year 2,102,102,103,102,103,103,,,,,102,-1,55,61,57,50,55,64,42,0,23,0,0,0,,0,,,,,,,0,0,0,0,0,0,0,0,0,"{""matches"":0,""wins"":0,""losses"":0,""draws"":0,""winPercentage"":0,""eventsEntered"":0,""titles"":0,""finals"":0,""prizeMoney"":0,""points"":0}",,,,,,,,,,,,,,102,,false,false,true,,71,18,9,2,7,1,0,0,0,0,0,0,0,9,9,estimated from season exits versus eligible schedule | 9 eligible events not entered,Rookie Pro,normal,,,true,true,false,true,0,0,0,,0,true,,mainTour,mainTour,,,true,true,
2054/55,wp-mika-keane-t,Mika Keane T,20,IRL,Rookie,Rookie Pro / Bubble,false,true,true,Playoff Route,2,1,2055/56,Rookie Year 2,103,103,104,103,104,104,,,,,103,-1,55,61,57,50,55,64,42,0,23,0,0,0,,0,,,,,,,0,0,0,0,0,0,0,0,0,"{""matches"":0,""wins"":0,""losses"":0,""draws"":0,""winPercentage"":0,""eventsEntered"":0,""titles"":0,""finals"":0,""prizeMoney"":0,""points"":0}",,,,,,,,,,,,,,103,,false,false,true,,71,18,9,2,7,1,0,0,0,0,0,0,0,9,9,estimated from season exits versus eligible schedule | 9 eligible events not entered,Rookie Pro,normal,,,true,true,false,true,0,0,0,,0,true,,mainTour,mainTour,,,true,true,
2054/55,wp-mika-keane-u,Mika Keane U,17,IRL,Rookie,Rookie Pro / Bubble,false,true,true,Federation Route,1,2,2056/57,At Risk,,105,105,105,105,105,,,,,,,52,60,54,46,52,61,42,0,18,0,0,0,,0,,,,,,,0,28,0,0,0,0,0,0,0,"{""matches"":0,""wins"":0,""losses"":0,""draws"":0,""winPercentage"":0,""eventsEntered"":0,""titles"":0,""finals"":0,""prizeMoney"":0,""points"":0}",,,,,,,,,,,,,,,,false,false,true,,71,18,9,2,7,1,0,0,0,0,0,0,0,9,9,estimated from season exits versus eligible schedule | 9 eligible events not entered,Rookie Pro,normal,,,true,true,false,false,0,0,0,,0,false,,mainTour,mainTour,,,true,true,
2054/55,wp-noah-bennett-i,Noah Bennett I,30,IRL,Established,Rookie Pro / Bubble,false,true,true,Q School,2,1,2055/56,Rookie Year 2,105,105,106,105,106,106,,,,,105,-1,55,55,57,50,55,64,42,0,22,0,0,0,,0,,,,,,,0,0,0,0,0,0,0,0,0,"{""matches"":0,""wins"":0,""losses"":0,""draws"":0,""winPercentage"":0,""eventsEntered"":0,""titles"":0,""finals"":0,""prizeMoney"":0,""points"":0}",,,,,,,,,,,,,,105,,false,false,true,,71,18,9,2,7,1,0,0,0,0,0,0,0,9,9,estimated from season exits versus eligible schedule | 9 eligible events not entered,Rookie Pro,normal,,,true,true,false,true,0,0,0,,0,true,,mainTour,mainTour,,,true,true,
2054/55,wp-noah-bennett-j,Noah Bennett J,30,IRL,Established,Rookie Pro / Bubble,false,true,true,Playoff Route,2,1,2055/56,Rookie Year 2,106,106,107,106,107,107,,,,,106,-1,54,54,56,49,54,63,42,0,22,0,0,0,,0,,,,,,,0,0,0,0,0,0,0,0,0,"{""matches"":0,""wins"":0,""losses"":0,""draws"":0,""winPercentage"":0,""eventsEntered"":0,""titles"":0,""finals"":0,""prizeMoney"":0,""points"":0}",,,,,,,,,,,,,,106,,false,false,true,,71,18,9,2,7,1,0,0,0,0,0,0,0,9,9,estimated from season exits versus eligible schedule | 9 eligible events not entered,Rookie Pro,normal,,,true,true,false,true,0,0,0,,0,true,,mainTour,mainTour,,,true,true,
2054/55,wp-noah-bennett-p,Noah Bennett P,22,AUS,Rookie,Rookie Pro / Bubble,false,true,true,Playoff Route,2,1,2055/56,Rookie Year 2,109,109,108,109,108,108,,,,,109,1,54,58,56,49,54,63,42,0,21,0,0,0,,0,,,,,,,0,0,0,0,0,0,0,0,0,"{""matches"":0,""wins"":0,""losses"":0,""draws"":0,""winPercentage"":0,""eventsEntered"":0,""titles"":0,""finals"":0,""prizeMoney"":0,""points"":0}",,,,,,,,,,,,,,109,,false,false,true,,71,18,9,2,7,1,0,0,0,0,0,0,0,9,9,estimated from season exits versus eligible schedule | 9 eligible events not entered,Rookie Pro,normal,,,true,true,false,false,0,0,0,,0,false,,mainTour,mainTour,,,true,true,
2054/55,wp-noah-bennett-q,Noah Bennett Q,22,AUS,Rookie,Rookie Pro / Bubble,false,true,true,Playoff Route,1,2,2056/57,At Risk,,109,109,109,109,109,,,,,,,54,58,56,49,54,63,42,0,21,0,0,0,,0,,,,,,,0,97,0,0,0,0,0,0,0,"{""matches"":0,""wins"":0,""losses"":0,""draws"":0,""winPercentage"":0,""eventsEntered"":0,""titles"":0,""finals"":0,""prizeMoney"":0,""points"":0}",,,,,,,,,,,,,,110,,false,false,true,,71,18,9,2,7,1,0,0,0,0,0,0,0,9,9,estimated from season exits versus eligible schedule | 9 eligible events not entered,Rookie Pro,normal,,,true,true,false,false,0,0,0,,0,false,,mainTour,mainTour,,,true,true,
2054/55,wp-noah-bennett-r,Noah Bennett R,20,CHN,Rookie,Rookie Pro / Bubble,false,true,true,Playoff Route,2,1,2055/56,Rookie Year 2,110,110,110,110,110,110,,,,,110,0,54,60,56,49,54,63,42,0,21,0,0,0,,0,,,,,,,0,0,0,0,0,0,0,0,0,"{""matches"":0,""wins"":0,""losses"":0,""draws"":0,""winPercentage"":0,""eventsEntered"":0,""titles"":0,""finals"":0,""prizeMoney"":0,""points"":0}",,,,,,,,,,,,,,110,,false,false,true,,71,18,9,2,7,1,0,0,0,0,0,0,0,9,9,estimated from season exits versus eligible schedule | 9 eligible events not entered,Rookie Pro,normal,,,true,true,false,false,0,0,0,,0,false,,mainTour,mainTour,,,true,true,
2054/55,wp-noah-bennett-s,Noah Bennett S,20,CHN,Rookie,Rookie Pro / Bubble,false,true,true,Playoff Route,2,1,2055/56,Rookie Year 2,111,111,111,111,111,111,,,,,111,0,53,59,55,48,53,62,42,0,21,0,0,0,,0,,,,,,,0,0,0,0,0,0,0,0,0,"{""matches"":0,""wins"":0,""losses"":0,""draws"":0,""winPercentage"":0,""eventsEntered"":0,""titles"":0,""finals"":0,""prizeMoney"":0,""points"":0}",,,,,,,,,,,,,,111,,false,false,true,,71,18,9,2,7,1,0,0,0,0,0,0,0,9,9,estimated from season exits versus eligible schedule | 9 eligible events not entered,Rookie Pro,normal,,,true,true,false,false,0,0,0,,0,false,,mainTour,mainTour,,,true,true,
2054/55,wp-noah-bennett-t,Noah Bennett T,17,CHN,Rookie,Rookie Pro / Bubble,false,true,true,Federation Route,1,2,2056/57,At Risk,,112,112,112,112,112,,,,,,,51,59,53,45,51,60,42,0,18,0,0,0,,0,,,,,,,0,27,0,0,0,0,0,0,0,"{""matches"":0,""wins"":0,""losses"":0,""draws"":0,""winPercentage"":0,""eventsEntered"":0,""titles"":0,""finals"":0,""prizeMoney"":0,""points"":0}",,,,,,,,,,,,,,,,false,false,true,,71,18,9,2,7,1,0,0,0,0,0,0,0,9,9,estimated from season exits versus eligible schedule | 9 eligible events not entered,Rookie Pro,normal,,,true,true,false,false,0,0,0,,0,false,,mainTour,mainTour,,,true,true,
2054/55,wp-rory-vale-j,Rory Vale J,30,THA,Established,Rookie Pro / Bubble,false,true,true,Playoff Route,2,1,2055/56,Rookie Year 2,118,118,113,118,113,113,,,,,118,5,53,53,55,48,53,62,42,0,20,0,0,0,,0,,,,,,,0,0,0,0,0,0,0,0,0,"{""matches"":0,""wins"":0,""losses"":0,""draws"":0,""winPercentage"":0,""eventsEntered"":0,""titles"":0,""finals"":0,""prizeMoney"":0,""points"":0}",,,,,,,,,,,,,,115,,false,false,true,,71,18,9,2,7,1,0,0,0,0,0,0,0,9,9,estimated from season exits versus eligible schedule | 9 eligible events not entered,Rookie Pro,normal,,,true,true,false,false,0,0,0,,0,false,,mainTour,mainTour,,,true,true,
2054/55,wp-rory-vale-k,Rory Vale K,30,THA,Established,Rookie Pro / Bubble,false,true,true,Playoff Route,2,1,2055/56,Rookie Year 2,119,119,114,119,114,114,,,,,119,5,53,53,55,48,53,62,42,0,20,0,0,0,,0,,,,,,,0,0,0,0,0,0,0,0,0,"{""matches"":0,""wins"":0,""losses"":0,""draws"":0,""winPercentage"":0,""eventsEntered"":0,""titles"":0,""finals"":0,""prizeMoney"":0,""points"":0}",,,,,,,,,,,,,,116,,false,false,true,,71,18,9,2,7,1,0,0,0,0,0,0,0,9,9,estimated from season exits versus eligible schedule | 9 eligible events not entered,Rookie Pro,normal,,,true,true,false,false,0,0,0,,0,false,,mainTour,mainTour,,,true,true,
2054/55,wp-rory-vale-l,Rory Vale L,30,THA,Established,Rookie Pro / Bubble,false,true,true,Playoff Route,2,1,2055/56,Rookie Year 2,120,120,115,120,115,115,,,,,120,5,52,52,54,47,52,61,42,0,20,0,0,0,,0,,,,,,,0,0,0,0,0,0,0,0,0,"{""matches"":0,""wins"":0,""losses"":0,""draws"":0,""winPercentage"":0,""eventsEntered"":0,""titles"":0,""finals"":0,""prizeMoney"":0,""points"":0}",,,,,,,,,,,,,,117,,false,false,true,,71,18,9,2,7,1,0,0,0,0,0,0,0,9,9,estimated from season exits versus eligible schedule | 9 eligible events not entered,Rookie Pro,normal,,,true,true,false,false,0,0,0,,0,false,,mainTour,mainTour,,,true,true,
2054/55,wp-rory-vale-n,Rory Vale N,25,ENG,Established,Rookie Pro / Bubble,false,true,true,Playoff Route,1,2,2056/57,At Risk,,116,116,116,116,116,,,,,,,52,54,54,47,52,61,42,0,20,0,0,0,,0,,,,,,,0,99,0,0,0,0,0,0,0,"{""matches"":0,""wins"":0,""losses"":0,""draws"":0,""winPercentage"":0,""eventsEntered"":0,""titles"":0,""finals"":0,""prizeMoney"":0,""points"":0}",,,,,,,,,,,,,,117,,false,false,true,,71,18,9,2,7,1,0,0,0,0,0,0,0,9,9,estimated from season exits versus eligible schedule | 9 eligible events not entered,Rookie Pro,normal,,,true,true,false,false,0,0,0,,0,false,,mainTour,mainTour,,,true,true,
2054/55,wp-rory-vale-p,Rory Vale P,22,THA,Rookie,Rookie Pro / Bubble,false,true,true,Playoff Route,1,2,2056/57,At Risk,,117,117,117,117,117,,,,,,,52,56,54,47,52,61,42,0,20,0,0,0,,0,,,,,,,0,92,0,0,0,0,0,0,0,"{""matches"":0,""wins"":0,""losses"":0,""draws"":0,""winPercentage"":0,""eventsEntered"":0,""titles"":0,""finals"":0,""prizeMoney"":0,""points"":0}",,,,,,,,,,,,,,119,,false,false,true,,71,18,9,2,7,1,0,0,0,0,0,0,0,9,9,estimated from season exits versus eligible schedule | 9 eligible events not entered,Rookie Pro,normal,,,true,true,false,false,0,0,0,,0,false,,mainTour,mainTour,,,true,true,
2054/55,wp-rory-vale-q,Rory Vale Q,22,THA,Rookie,Rookie Pro / Bubble,false,true,true,Playoff Route,1,2,2056/57,At Risk,,118,118,118,118,118,,,,,,,52,56,54,47,52,61,42,0,19,0,0,0,,0,,,,,,,0,85,0,0,0,0,0,0,0,"{""matches"":0,""wins"":0,""losses"":0,""draws"":0,""winPercentage"":0,""eventsEntered"":0,""titles"":0,""finals"":0,""prizeMoney"":0,""points"":0}",,,,,,,,,,,,,,120,,false,false,true,,71,18,9,2,7,1,0,0,0,0,0,0,0,9,9,estimated from season exits versus eligible schedule | 9 eligible events not entered,Rookie Pro,normal,,,true,true,false,false,0,0,0,,0,false,,mainTour,mainTour,,,true,true,
2054/55,wp-rory-vale-s,Rory Vale S,19,THA,Rookie,Rookie Pro / Bubble,false,true,true,Q School,1,2,2056/57,At Risk,,119,119,119,119,119,,,,,,,51,57,53,45,51,60,42,0,18,0,0,0,,0,,,,,,,0,147,0,0,0,0,0,0,0,"{""matches"":0,""wins"":0,""losses"":0,""draws"":0,""winPercentage"":0,""eventsEntered"":0,""titles"":0,""finals"":0,""prizeMoney"":0,""points"":0}",,,,,,,,,,,,,,,,false,false,true,,71,18,9,2,7,1,0,0,0,0,0,0,0,9,9,estimated from season exits versus eligible schedule | 9 eligible events not entered,Rookie Pro,normal,,,true,true,false,false,0,0,0,,0,false,,mainTour,mainTour,,,true,true,
2054/55,wp-rory-vale-t,Rory Vale T,19,THA,Rookie,Rookie Pro / Bubble,false,true,true,Playoff Route,1,2,2056/57,At Risk,,120,120,120,120,120,,,,,,,51,57,53,45,51,60,42,0,18,0,0,0,,0,,,,,,,0,128,0,0,0,0,0,0,0,"{""matches"":0,""wins"":0,""losses"":0,""draws"":0,""winPercentage"":0,""eventsEntered"":0,""titles"":0,""finals"":0,""prizeMoney"":0,""points"":0}",,,,,,,,,,,,,,,,false,false,true,,71,18,9,2,7,1,0,0,0,0,0,0,0,9,9,estimated from season exits versus eligible schedule | 9 eligible events not entered,Rookie Pro,normal,,,true,true,false,false,0,0,0,,0,false,,mainTour,mainTour,,,true,true,
2054/55,wp-toby-hale-i,Toby Hale I,30,SCO,Established,Rookie Pro / Bubble,false,true,true,Playoff Route,2,1,2055/56,Rookie Year 2,125,125,121,125,121,121,,,,,125,4,51,51,53,46,51,60,42,0,19,0,0,0,,0,,,,,,,0,0,0,0,0,0,0,0,0,"{""matches"":0,""wins"":0,""losses"":0,""draws"":0,""winPercentage"":0,""eventsEntered"":0,""titles"":0,""finals"":0,""prizeMoney"":0,""points"":0}",,,,,,,,,,,,,,123,,false,false,true,,71,18,9,2,7,1,0,0,0,0,0,0,0,9,9,estimated from season exits versus eligible schedule | 9 eligible events not entered,Rookie Pro,normal,,,true,true,false,false,0,0,0,,0,false,,mainTour,mainTour,,,true,true,
2054/55,wp-toby-hale-j,Toby Hale J,30,SCO,Established,Rookie Pro / Bubble,false,true,true,Playoff Route,2,1,2055/56,Rookie Year 2,126,126,122,126,122,122,,,,,126,4,51,51,53,46,51,60,42,0,19,0,0,0,,0,,,,,,,0,0,0,0,0,0,0,0,0,"{""matches"":0,""wins"":0,""losses"":0,""draws"":0,""winPercentage"":0,""eventsEntered"":0,""titles"":0,""finals"":0,""prizeMoney"":0,""points"":0}",,,,,,,,,,,,,,124,,false,false,true,,71,18,9,2,7,1,0,0,0,0,0,0,0,9,9,estimated from season exits versus eligible schedule | 9 eligible events not entered,Rookie Pro,normal,,,true,true,false,false,0,0,0,,0,false,,mainTour,mainTour,,,true,true,
2054/55,wp-toby-hale-k,Toby Hale K,30,SCO,Established,Rookie Pro / Bubble,false,true,true,Q School,1,2,2056/57,At Risk,,123,123,123,123,123,,,,,,,51,51,53,46,51,60,42,0,19,0,0,0,,0,,,,,,,0,128,0,0,0,0,0,0,0,"{""matches"":0,""wins"":0,""losses"":0,""draws"":0,""winPercentage"":0,""eventsEntered"":0,""titles"":0,""finals"":0,""prizeMoney"":0,""points"":0}",,,,,,,,,,,,,,125,,false,false,true,,71,18,9,2,7,1,0,0,0,0,0,0,0,9,9,estimated from season exits versus eligible schedule | 9 eligible events not entered,Rookie Pro,normal,,,true,true,false,false,0,0,0,,0,false,,mainTour,mainTour,,,true,true,
2054/55,wp-toby-hale-m,Toby Hale M,25,BEL,Established,Rookie Pro / Bubble,false,true,true,Playoff Route,1,2,2056/57,At Risk,,124,124,124,124,124,,,,,,,51,53,53,46,51,60,42,0,19,0,0,0,,0,,,,,,,0,95,0,0,0,0,0,0,0,"{""matches"":0,""wins"":0,""losses"":0,""draws"":0,""winPercentage"":0,""eventsEntered"":0,""titles"":0,""finals"":0,""prizeMoney"":0,""points"":0}",,,,,,,,,,,,,,123,,false,false,true,,71,18,9,2,7,1,0,0,0,0,0,0,0,9,9,estimated from season exits versus eligible schedule | 9 eligible events not entered,Rookie Pro,normal,,,true,true,false,false,0,0,0,,0,false,,mainTour,mainTour,,,true,true,
2054/55,wp-toby-hale-p,Toby Hale P,22,BEL,Rookie,Rookie Pro / Bubble,false,true,true,Playoff Route,2,1,2055/56,Rookie Year 2,128,128,125,128,125,125,,,,,128,3,50,54,52,44,50,59,42,0,18,0,0,0,,0,,,,,,,0,0,0,0,0,0,0,0,0,"{""matches"":0,""wins"":0,""losses"":0,""draws"":0,""winPercentage"":0,""eventsEntered"":0,""titles"":0,""finals"":0,""prizeMoney"":0,""points"":0}",,,,,,,,,,,,,,126,,false,false,true,,71,18,9,2,7,1,0,0,0,0,0,0,0,9,9,estimated from season exits versus eligible schedule | 9 eligible events not entered,Rookie Pro,normal,,,true,true,false,false,0,0,0,,0,false,,mainTour,mainTour,,,true,true,
2054/55,wp-toby-hale-q,Toby Hale Q,22,BEL,Rookie,Rookie Pro / Bubble,false,true,true,Playoff Route,1,2,2056/57,At Risk,,126,126,126,126,126,,,,,,,50,54,52,44,50,59,42,0,18,0,0,0,,0,,,,,,,0,66,0,0,0,0,0,0,0,"{""matches"":0,""wins"":0,""losses"":0,""draws"":0,""winPercentage"":0,""eventsEntered"":0,""titles"":0,""finals"":0,""prizeMoney"":0,""points"":0}",,,,,,,,,,,,,,127,,false,false,true,,71,18,9,2,7,1,0,0,0,0,0,0,0,9,9,estimated from season exits versus eligible schedule | 9 eligible events not entered,Rookie Pro,normal,,,true,true,false,false,0,0,0,,0,false,,mainTour,mainTour,,,true,true,
2054/55,wp-toby-hale-r,Toby Hale R,22,BEL,Rookie,Rookie Pro / Bubble,false,true,true,Playoff Route,1,2,2056/57,At Risk,,127,127,127,127,127,,,,,,,50,54,52,44,50,59,42,0,18,0,0,0,,0,,,,,,,0,63,0,0,0,0,0,0,0,"{""matches"":0,""wins"":0,""losses"":0,""draws"":0,""winPercentage"":0,""eventsEntered"":0,""titles"":0,""finals"":0,""prizeMoney"":0,""points"":0}",,,,,,,,,,,,,,128,,false,false,true,,71,18,9,2,7,1,0,0,0,0,0,0,0,9,9,estimated from season exits versus eligible schedule | 9 eligible events not entered,Rookie Pro,normal,,,true,true,false,false,0,0,0,,0,false,,mainTour,mainTour,,,true,true,
2054/55,wp-toby-hale-s,Toby Hale S,18,ENG,Rookie,Rookie Pro / Bubble,false,true,true,Federation Route,1,2,2056/57,At Risk,,128,128,128,128,128,,,,,,,50,57,52,44,50,59,42,0,18,0,0,0,,0,,,,,,,0,31,0,0,0,0,0,0,0,"{""matches"":0,""wins"":0,""losses"":0,""draws"":0,""winPercentage"":0,""eventsEntered"":0,""titles"":0,""finals"":0,""prizeMoney"":0,""points"":0}",,,,,,,,,,,,,,,,false,false,true,,71,18,9,2,7,1,0,0,0,0,0,0,0,9,9,estimated from season exits versus eligible schedule | 9 eligible events not entered,Rookie Pro,normal,,,true,true,false,false,0,0,0,,0,false,,mainTour,mainTour,,,true,true,
2054/55,wp-arlo-dawes-t,Arlo Dawes T,18,BEL,Amateur,Q School,false,false,false,,0,0,,Amateur,,,,,,,4,4,7,,,,50,57,52,44,50,59,42,0,18,0,0,0,,0,,,,,,,0,18,0,0,0,0,0,0,0,"{""matches"":0,""wins"":0,""losses"":0,""draws"":0,""winPercentage"":0,""eventsEntered"":0,""titles"":0,""finals"":0,""prizeMoney"":0,""points"":0}",,,,,,,,,,,,,,,,false,false,false,,71,18,3,0,0,0,0,0,0,3,0,0,0,15,8,estimated from season exits versus eligible schedule | 15 eligible events not entered,Q School,normal,,,false,false,false,false,0,0,0,,0,false,,qSchool,qSchool,,,true,true,
2054/55,wp-arlo-dawes-u,Arlo Dawes U,15,BEL,Youth,Amateur,false,false,false,,0,0,,Amateur,,,,,,,,,,,,,50,59,52,44,50,59,42,0,18,0,0,0,,0,,,,,,,0,12,0,0,0,0,0,0,0,"{""matches"":0,""wins"":0,""losses"":0,""draws"":0,""winPercentage"":0,""eventsEntered"":0,""titles"":0,""finals"":0,""prizeMoney"":0,""points"":0}",,,,,,,,,,,,,,,,false,false,false,,71,37,14,0,0,0,0,0,7,4,0,3,0,23,0,estimated from season exits versus eligible schedule | 23 eligible events not entered,Youth,normal,,,false,false,false,false,0,0,0,,0,false,,youth,youth,,,true,true,
2054/55,wp-arlo-dawes-v,Arlo Dawes V,15,BEL,Youth,Amateur,false,false,false,,0,0,,Amateur,,,,,,,,,,,,,50,59,52,44,50,59,42,0,18,,,,,,,,,,,,,,0,0,0,0,0,0,0,"{""matches"":0,""wins"":0,""losses"":0,""draws"":0,""winPercentage"":0,""eventsEntered"":0,""titles"":0,""finals"":0,""prizeMoney"":0,""points"":0}",,,,,,,,,,,,,,,,,false,false,,71,37,14,0,0,0,0,0,7,4,0,3,0,23,0,estimated from season exits versus eligible schedule | 23 eligible events not entered,Youth,normal,,,false,false,false,false,0,0,0,,0,false,,youth,youth,,,true,true,
2054/55,wp-evan-mori-n,Evan Mori N,26,CHN,Amateur,Q School,false,false,false,,0,0,,Amateur,65,65,,65,,,38,,32,,65,,58,63,60,54,58,67,42,0,30,0,0,0,,0,,,,,,,0,0,0,0,0,0,0,0,0,"{""matches"":0,""wins"":0,""losses"":0,""draws"":0,""winPercentage"":0,""eventsEntered"":0,""titles"":0,""finals"":0,""prizeMoney"":0,""points"":0}",,,,,,,,,,,,,,62,,false,false,false,,71,18,3,0,0,0,0,0,0,3,0,0,0,15,8,estimated from season exits versus eligible schedule | 15 eligible events not entered,Q School,normal,,,false,false,false,false,0,0,0,,0,false,,qTour,qSchool,,,true,true,
2054/55,wp-evan-mori-o,Evan Mori O,26,CHN,Amateur,Q School,false,false,false,,0,0,,Amateur,,,,,,,19,20,20,,,,58,63,60,54,58,67,42,0,30,0,0,0,,0,,,,,,,0,29,0,0,0,0,0,0,0,"{""matches"":0,""wins"":0,""losses"":0,""draws"":0,""winPercentage"":0,""eventsEntered"":0,""titles"":0,""finals"":0,""prizeMoney"":0,""points"":0}",,,,,,,,,,,,,,63,,false,false,false,,71,18,3,0,0,0,0,0,0,3,0,0,0,15,8,estimated from season exits versus eligible schedule | 15 eligible events not entered,Q School,normal,,,false,false,false,false,0,0,0,,0,false,,qSchool,qSchool,,,true,true,
2054/55,wp-evan-mori-q,Evan Mori Q,20,AUS,Amateur,Q School,false,false,false,,0,0,,Amateur,67,67,,67,,,17,14,16,,67,,57,66,59,53,57,66,42,0,29,0,0,0,,0,,,,,,,0,0,0,0,0,0,0,0,0,"{""matches"":0,""wins"":0,""losses"":0,""draws"":0,""winPercentage"":0,""eventsEntered"":0,""titles"":0,""finals"":0,""prizeMoney"":0,""points"":0}",,,,,,,,,,,,,,67,,false,false,false,,71,18,3,0,0,0,0,0,0,3,0,0,0,15,8,estimated from season exits versus eligible schedule | 15 eligible events not entered,Q School,normal,,,false,false,false,false,0,0,0,,0,false,,qSchool,qSchool,,,true,true,
2054/55,wp-evan-mori-r,Evan Mori R,20,AUS,Amateur,Q School,false,false,false,,0,0,,Amateur,68,68,,68,,,18,15,17,,68,,57,66,59,53,57,66,42,0,29,0,0,0,,0,,,,,,,0,0,0,0,0,0,0,0,0,"{""matches"":0,""wins"":0,""losses"":0,""draws"":0,""winPercentage"":0,""eventsEntered"":0,""titles"":0,""finals"":0,""prizeMoney"":0,""points"":0}",,,,,,,,,,,,,,68,,false,false,false,,71,18,3,0,0,0,0,0,0,3,0,0,0,15,8,estimated from season exits versus eligible schedule | 15 eligible events not entered,Q School,normal,,,false,false,false,false,0,0,0,,0,false,,qSchool,qSchool,,,true,true,
2054/55,wp-evan-mori-s,Evan Mori S,18,CHN,Amateur,Q School,false,false,false,,0,0,,Amateur,,,,,,,1,1,3,,,,50,57,52,44,50,59,42,0,18,0,0,0,,0,,,,,,,0,25,0,0,0,0,0,0,0,"{""matches"":0,""wins"":0,""losses"":0,""draws"":0,""winPercentage"":0,""eventsEntered"":0,""titles"":0,""finals"":0,""prizeMoney"":0,""points"":0}",,,,,,,,,,,,,,,,false,false,false,,71,18,3,0,0,0,0,0,0,3,0,0,0,15,8,estimated from season exits versus eligible schedule | 15 eligible events not entered,Q School,normal,,,false,false,false,false,0,0,0,,0,false,,qSchool,qSchool,,,true,true,
2054/55,wp-evan-mori-t,Evan Mori T,18,CHN,Amateur,Q School,false,false,false,,0,0,,Amateur,,,,,,,5,5,9,,,,50,57,52,44,50,59,42,0,18,0,0,0,,0,,,,,,,0,17,0,0,0,0,0,0,0,"{""matches"":0,""wins"":0,""losses"":0,""draws"":0,""winPercentage"":0,""eventsEntered"":0,""titles"":0,""finals"":0,""prizeMoney"":0,""points"":0}",,,,,,,,,,,,,,,,false,false,false,,71,18,3,0,0,0,0,0,0,3,0,0,0,15,8,estimated from season exits versus eligible schedule | 15 eligible events not entered,Q School,normal,,,false,false,false,false,0,0,0,,0,false,,qSchool,qSchool,,,true,true,
2054/55,wp-evan-mori-u,Evan Mori U,15,CHN,Youth,Amateur,false,false,false,,0,0,,Amateur,,,,,,,,,,,,,50,59,52,44,50,59,42,0,18,0,0,0,,0,,,,,,,0,11,0,0,0,0,0,0,0,"{""matches"":0,""wins"":0,""losses"":0,""draws"":0,""winPercentage"":0,""eventsEntered"":0,""titles"":0,""finals"":0,""prizeMoney"":0,""points"":0}",,,,,,,,,,,,,,,,false,false,false,,71,37,14,0,0,0,0,0,7,4,0,3,0,23,0,estimated from season exits versus eligible schedule | 23 eligible events not entered,Youth,normal,,,false,false,false,false,0,0,0,,0,false,,youth,youth,,,true,true,
2054/55,wp-evan-mori-v,Evan Mori V,15,CHN,Youth,Amateur,false,false,false,,0,0,,Amateur,,,,,,,,,,,,,50,59,52,44,50,59,42,0,18,,,,,,,,,,,,,,0,0,0,0,0,0,0,"{""matches"":0,""wins"":0,""losses"":0,""draws"":0,""winPercentage"":0,""eventsEntered"":0,""titles"":0,""finals"":0,""prizeMoney"":0,""points"":0}",,,,,,,,,,,,,,,,,false,false,,71,37,14,0,0,0,0,0,7,4,0,3,0,23,0,estimated from season exits versus eligible schedule | 23 eligible events not entered,Youth,normal,,,false,false,false,false,0,0,0,,0,false,,youth,youth,,,true,true,
2054/55,wp-felix-turner,Felix Turner,49,POL,Veteran,Amateur,false,false,false,,0,0,,Amateur,,,,,,,,,,,,,61,66,60,57,53,64,31,19,34,0,0,0,,0,,,,,,,0,0,0,0,0,0,0,0,0,"{""matches"":0,""wins"":0,""losses"":0,""draws"":0,""winPercentage"":0,""eventsEntered"":0,""titles"":0,""finals"":0,""prizeMoney"":0,""points"":0}",,,,,,,,,,,,,,38,,false,false,false,,71,20,14,0,0,0,0,0,7,4,3,0,0,6,0,estimated from season exits versus eligible schedule | 6 eligible events not entered,Amateur,normal,,,false,false,false,false,0,0,0,,0,false,,senior,amateur,,,true,true,
2054/55,wp-finley-crane,Finley Crane,50,THA,Veteran,Amateur,false,false,false,,0,0,,Amateur,,,,,,,,,,,,,63,68,62,59,54,66,30,20,37,0,0,0,,0,,,,,,,0,0,0,0,0,0,0,0,0,"{""matches"":0,""wins"":0,""losses"":0,""draws"":0,""winPercentage"":0,""eventsEntered"":0,""titles"":0,""finals"":0,""prizeMoney"":0,""points"":0}",,,,,,,,,,,,,,22,,false,false,false,,71,20,14,0,0,0,0,0,7,4,3,0,0,6,0,estimated from season exits versus eligible schedule | 6 eligible events not entered,Amateur,normal,,,false,false,false,false,0,0,0,,0,false,,senior,amateur,,,true,true,
2054/55,wp-finley-holt,Finley Holt,50,THA,Veteran,Amateur,false,false,false,,0,0,,Amateur,,,,,,,,,,,,,61,66,60,57,52,64,30,20,35,0,0,0,,0,,,,,,,0,0,0,0,0,0,0,0,0,"{""matches"":0,""wins"":0,""losses"":0,""draws"":0,""winPercentage"":0,""eventsEntered"":0,""titles"":0,""finals"":0,""prizeMoney"":0,""points"":0}",,,,,,,,,,,,,,33,,false,false,false,,71,20,14,0,0,0,0,0,7,4,3,0,0,6,0,estimated from season exits versus eligible schedule | 6 eligible events not entered,Amateur,normal,,,false,false,false,false,0,0,0,,0,false,,senior,amateur,,,true,true,
2054/55,wp-finley-keane,Finley Keane,54,THA,Veteran,Amateur,false,false,false,,0,0,,Amateur,,,,,,,,,,,,,61,66,59,56,51,62,26,26,35,0,0,0,,0,,,,,,,0,0,0,0,0,0,0,0,0,"{""matches"":0,""wins"":0,""losses"":0,""draws"":0,""winPercentage"":0,""eventsEntered"":0,""titles"":0,""finals"":0,""prizeMoney"":0,""points"":0}",,,,,,,,,,,,,,34,,false,false,false,,71,20,14,0,0,0,0,0,7,4,3,0,0,6,0,estimated from season exits versus eligible schedule | 6 eligible events not entered,Amateur,normal,,,false,false,false,false,0,0,0,,0,false,,senior,amateur,,,true,true,
2054/55,wp-finley-mercer,Finley Mercer,56,THA,Veteran,Amateur,false,false,false,,0,0,,Amateur,,,,,,,,,,,,,61,66,59,56,50,61,24,30,35,0,0,0,,0,,,,,,,0,0,0,0,0,0,0,0,0,"{""matches"":0,""wins"":0,""losses"":0,""draws"":0,""winPercentage"":0,""eventsEntered"":0,""titles"":0,""finals"":0,""prizeMoney"":0,""points"":0}",,,,,,,,,,,,,,35,,false,false,false,,71,20,14,0,0,0,0,0,7,4,3,0,0,6,0,estimated from season exits versus eligible schedule | 6 eligible events not entered,Amateur,normal,,,false,false,false,false,0,0,0,,0,false,,senior,amateur,,,true,true,
2054/55,wp-finley-nash,Finley Nash,77,THA,Veteran,Amateur,false,false,false,,0,0,,Amateur,,,,,,,,,,,,,61,66,54,55,40,52,10,62,35,0,0,0,,0,,,,,,,0,0,0,0,0,0,0,0,0,"{""matches"":0,""wins"":0,""losses"":0,""draws"":0,""winPercentage"":0,""eventsEntered"":0,""titles"":0,""finals"":0,""prizeMoney"":0,""points"":0}",,,,,,,,,,,,,,36,,false,false,false,,71,20,14,0,0,0,0,0,7,4,3,0,0,6,0,estimated from season exits versus eligible schedule | 6 eligible events not entered,Amateur,normal,,,false,false,false,false,0,0,0,,0,false,,senior,amateur,,,true,true,
2054/55,wp-finley-sloan,Finley Sloan,53,THA,Veteran,Amateur,false,false,false,,0,0,,Amateur,,,,,,,,,,,,,61,66,59,56,51,62,27,25,34,0,0,0,,0,,,,,,,0,0,0,0,0,0,0,0,0,"{""matches"":0,""wins"":0,""losses"":0,""draws"":0,""winPercentage"":0,""eventsEntered"":0,""titles"":0,""finals"":0,""prizeMoney"":0,""points"":0}",,,,,,,,,,,,,,37,,false,false,false,,71,20,14,0,0,0,0,0,7,4,3,0,0,6,0,estimated from season exits versus eligible schedule | 6 eligible events not entered,Amateur,normal,,,false,false,false,false,0,0,0,,0,false,,senior,amateur,,,true,true,
2054/55,wp-finley-zhou,Finley Zhou,61,THA,Veteran,Amateur,false,false,false,,0,0,,Amateur,,,,,,,,,,,,,61,66,58,56,47,59,19,37,34,0,0,0,,0,,,,,,,0,0,0,0,0,0,0,0,0,"{""matches"":0,""wins"":0,""losses"":0,""draws"":0,""winPercentage"":0,""eventsEntered"":0,""titles"":0,""finals"":0,""prizeMoney"":0,""points"":0}",,,,,,,,,,,,,,38,,false,false,false,,71,20,14,0,0,0,0,0,7,4,3,0,0,6,0,estimated from season exits versus eligible schedule | 6 eligible events not entered,Amateur,normal,,,false,false,false,false,0,0,0,,0,false,,senior,amateur,,,true,true,
2054/55,wp-finn-cross,Finn Cross,42,SCO,Veteran,Amateur,false,false,false,,0,0,,Amateur,,,,,,,,,,,,,83,87,83,84,78,99,79,4,35,0,0,0,,0,,,,,,,0,0,1,1,0,100,1,0,0,"{""matches"":1,""wins"":1,""losses"":0,""draws"":0,""winPercentage"":100,""eventsEntered"":0,""titles"":1,""finals"":0,""prizeMoney"":0,""points"":0}",,,,,,,,,,,,,,46,,false,false,false,,71,18,14,0,0,0,0,0,7,4,3,0,0,4,0,estimated from season exits versus eligible schedule | 4 eligible events not entered,Amateur,normal,,,false,false,false,false,0,0,0,,0,false,,amateur,amateur,,,true,true,
2054/55,wp-finn-cross-a,Finn Cross A,42,SCO,Veteran,Amateur,false,false,false,,0,0,,Amateur,,,,,,,,,,,,,60,64,60,56,55,67,38,7,33,0,0,0,,0,,,,,,,0,0,0,0,0,0,0,0,0,"{""matches"":0,""wins"":0,""losses"":0,""draws"":0,""winPercentage"":0,""eventsEntered"":0,""titles"":0,""finals"":0,""prizeMoney"":0,""points"":0}",,,,,,,,,,,,,,47,,false,false,false,,71,18,14,0,0,0,0,0,7,4,3,0,0,4,0,estimated from season exits versus eligible schedule | 4 eligible events not entered,Amateur,normal,,,false,false,false,false,0,0,0,,0,false,,amateur,amateur,,,true,true,
2054/55,wp-finn-cross-b,Finn Cross B,39,SCO,Amateur,Amateur,false,false,false,,0,0,,Amateur,,,,,,,64,,,,,,59,63,60,55,56,67,41,3,32,0,0,0,,0,,,,,,,0,6,1,0,1,0,0,0,0,"{""matches"":1,""wins"":0,""losses"":1,""draws"":0,""winPercentage"":0,""eventsEntered"":0,""titles"":0,""finals"":0,""prizeMoney"":0,""points"":0}",,,,,,,,,,,,,,50,,false,false,false,,71,18,14,0,0,0,0,0,7,4,3,0,0,4,0,estimated from season exits versus eligible schedule | 4 eligible events not entered,Amateur,normal,,,false,false,false,false,0,0,0,,0,false,,amateur,amateur,,,true,true,
2054/55,wp-finn-cross-c,Finn Cross C,39,SCO,Amateur,Amateur,false,false,false,,0,0,,Amateur,,,,,,,,,,,,,59,63,60,55,56,67,41,3,31,0,0,0,,0,,,,,,,0,4,1,0,1,0,0,0,0,"{""matches"":1,""wins"":0,""losses"":1,""draws"":0,""winPercentage"":0,""eventsEntered"":0,""titles"":0,""finals"":0,""prizeMoney"":0,""points"":0}",,,,,,,,,,,,,,55,,false,false,false,,71,18,14,0,0,0,0,0,7,4,3,0,0,4,0,estimated from season exits versus eligible schedule | 4 eligible events not entered,Amateur,normal,,,false,false,false,false,0,0,0,,0,false,,amateur,amateur,,,true,true,
2054/55,wp-finn-cross-d,Finn Cross D,39,SCO,Amateur,Amateur,false,false,false,,0,0,,Amateur,,,,,,,,,,,,,59,63,60,55,56,67,41,3,31,0,0,0,,0,,,,,,,0,3,0,0,0,0,0,0,0,"{""matches"":0,""wins"":0,""losses"":0,""draws"":0,""winPercentage"":0,""eventsEntered"":0,""titles"":0,""finals"":0,""prizeMoney"":0,""points"":0}",,,,,,,,,,,,,,56,,false,false,false,,71,18,14,0,0,0,0,0,7,4,3,0,0,4,0,estimated from season exits versus eligible schedule | 4 eligible events not entered,Amateur,normal,,,false,false,false,false,0,0,0,,0,false,,amateur,amateur,,,true,true,
2054/55,wp-finn-cross-e,Finn Cross E,36,SCO,Amateur,Amateur,false,false,false,,0,0,,Amateur,,,,,,,,,,,,,58,61,60,54,56,67,42,0,30,0,0,0,,0,,,,,,,0,2,0,0,0,0,0,0,0,"{""matches"":0,""wins"":0,""losses"":0,""draws"":0,""winPercentage"":0,""eventsEntered"":0,""titles"":0,""finals"":0,""prizeMoney"":0,""points"":0}",,,,,,,,,,,,,,59,,false,false,false,,71,18,14,0,0,0,0,0,7,4,3,0,0,4,0,estimated from season exits versus eligible schedule | 4 eligible events not entered,Amateur,normal,,,false,false,false,false,0,0,0,,0,false,,amateur,amateur,,,true,true,
2054/55,wp-finn-cross-f,Finn Cross F,36,SCO,Amateur,Amateur,false,false,false,,0,0,,Amateur,,,,,,,,,,,,,58,61,60,54,56,67,42,0,30,0,0,0,,0,,,,,,,0,1,0,0,0,0,0,0,0,"{""matches"":0,""wins"":0,""losses"":0,""draws"":0,""winPercentage"":0,""eventsEntered"":0,""titles"":0,""finals"":0,""prizeMoney"":0,""points"":0}",,,,,,,,,,,,,,60,,false,false,false,,71,18,14,0,0,0,0,0,7,4,3,0,0,4,0,estimated from season exits versus eligible schedule | 4 eligible events not entered,Amateur,normal,,,false,false,false,false,0,0,0,,0,false,,amateur,amateur,,,true,true,
2054/55,wp-finn-cross-i,Finn Cross I,31,BEL,Amateur,Amateur,false,false,false,,0,0,,Amateur,71,71,,71,,,51,,,,71,,57,60,59,53,57,66,42,0,29,0,0,0,,0,,,,,,,0,0,0,0,0,0,0,0,0,"{""matches"":0,""wins"":0,""losses"":0,""draws"":0,""winPercentage"":0,""eventsEntered"":0,""titles"":0,""finals"":0,""prizeMoney"":0,""points"":0}",,,,,,,,,,,,,,67,,false,false,false,,71,18,14,0,0,0,0,0,7,4,3,0,0,4,0,estimated from season exits versus eligible schedule | 4 eligible events not entered,Amateur,normal,,,false,false,false,false,0,0,0,,0,false,,amateur,amateur,,,true,true,
2054/55,wp-finn-cross-k,Finn Cross K,28,SCO,Amateur,Q School,false,false,false,,0,0,,Amateur,,,,,,,21,21,21,,,,57,60,59,53,57,66,42,0,29,0,0,0,,0,,,,,,,0,28,0,0,0,0,0,0,0,"{""matches"":0,""wins"":0,""losses"":0,""draws"":0,""winPercentage"":0,""eventsEntered"":0,""titles"":0,""finals"":0,""prizeMoney"":0,""points"":0}",,,,,,,,,,,,,,68,,false,false,false,,71,18,3,0,0,0,0,0,0,3,0,0,0,15,8,estimated from season exits versus eligible schedule | 15 eligible events not entered,Q School,normal,,,false,false,false,false,0,0,0,,0,false,,qSchool,qSchool,,,true,true,
2054/55,wp-finn-cross-l,Finn Cross L,28,SCO,Amateur,Q School,false,false,false,,0,0,,Amateur,,,,,,,22,22,22,,,,57,60,59,53,57,66,42,0,29,0,0,0,,0,,,,,,,0,27,0,0,0,0,0,0,0,"{""matches"":0,""wins"":0,""losses"":0,""draws"":0,""winPercentage"":0,""eventsEntered"":0,""titles"":0,""finals"":0,""prizeMoney"":0,""points"":0}",,,,,,,,,,,,,,69,,false,false,false,,71,18,3,0,0,0,0,0,0,3,0,0,0,15,8,estimated from season exits versus eligible schedule | 15 eligible events not entered,Q School,normal,,,false,false,false,false,0,0,0,,0,false,,qSchool,qSchool,,,true,true,
2054/55,wp-finn-cross-m,Finn Cross M,25,SCO,Amateur,Q School,false,false,false,,0,0,,Amateur,72,72,,72,,,35,,29,,72,,57,62,59,53,57,66,42,0,28,0,0,0,,0,,,,,,,0,0,0,0,0,0,0,0,0,"{""matches"":0,""wins"":0,""losses"":0,""draws"":0,""winPercentage"":0,""eventsEntered"":0,""titles"":0,""finals"":0,""prizeMoney"":0,""points"":0}",,,,,,,,,,,,,,71,,false,false,false,,71,18,3,0,0,0,0,0,0,3,0,0,0,15,8,estimated from season exits versus eligible schedule | 15 eligible events not entered,Q School,normal,,,false,false,false,false,0,0,0,,0,false,,qTour,qSchool,,,true,true,
2054/55,wp-finn-cross-q,Finn Cross Q,20,BEL,Amateur,Q School,false,false,false,,0,0,,Amateur,74,74,,74,,,20,16,18,,74,,56,64,58,52,56,65,42,0,28,0,0,0,,0,,,,,,,0,0,0,0,0,0,0,0,0,"{""matches"":0,""wins"":0,""losses"":0,""draws"":0,""winPercentage"":0,""eventsEntered"":0,""titles"":0,""finals"":0,""prizeMoney"":0,""points"":0}",,,,,,,,,,,,,,74,,false,false,false,,71,18,3,0,0,0,0,0,0,3,0,0,0,15,8,estimated from season exits versus eligible schedule | 15 eligible events not entered,Q School,normal,,,false,false,false,false,0,0,0,,0,false,,qSchool,qSchool,,,true,true,
2054/55,wp-finn-cross-r,Finn Cross R,20,BEL,Amateur,Q School,false,false,false,,0,0,,Amateur,75,75,,75,,,28,24,24,,75,,56,64,58,52,56,65,42,0,28,0,0,0,,0,,,,,,,0,0,0,0,0,0,0,0,0,"{""matches"":0,""wins"":0,""losses"":0,""draws"":0,""winPercentage"":0,""eventsEntered"":0,""titles"":0,""finals"":0,""prizeMoney"":0,""points"":0}",,,,,,,,,,,,,,75,,false,false,false,,71,18,3,0,0,0,0,0,0,3,0,0,0,15,8,estimated from season exits versus eligible schedule | 15 eligible events not entered,Q School,normal,,,false,false,false,false,0,0,0,,0,false,,qSchool,qSchool,,,true,true,
2054/55,wp-finn-cross-t,Finn Cross T,18,THA,Amateur,Q School,false,false,false,,0,0,,Amateur,,,,,,,6,6,10,,,,50,57,52,44,50,59,42,0,18,0,0,0,,0,,,,,,,0,16,0,0,0,0,0,0,0,"{""matches"":0,""wins"":0,""losses"":0,""draws"":0,""winPercentage"":0,""eventsEntered"":0,""titles"":0,""finals"":0,""prizeMoney"":0,""points"":0}",,,,,,,,,,,,,,,,false,false,false,,71,18,3,0,0,0,0,0,0,3,0,0,0,15,8,estimated from season exits versus eligible schedule | 15 eligible events not entered,Q School,normal,,,false,false,false,false,0,0,0,,0,false,,qSchool,qSchool,,,true,true,
2054/55,wp-finn-cross-u,Finn Cross U,15,THA,Youth,Amateur,false,false,false,,0,0,,Amateur,,,,,,,,,,,,,50,59,52,44,50,59,42,0,18,0,0,0,,0,,,,,,,0,10,0,0,0,0,0,0,0,"{""matches"":0,""wins"":0,""losses"":0,""draws"":0,""winPercentage"":0,""eventsEntered"":0,""titles"":0,""finals"":0,""prizeMoney"":0,""points"":0}",,,,,,,,,,,,,,,,false,false,false,,71,37,14,0,0,0,0,0,7,4,0,3,0,23,0,estimated from season exits versus eligible schedule | 23 eligible events not entered,Youth,normal,,,false,false,false,false,0,0,0,,0,false,,youth,youth,,,true,true,
2054/55,wp-finn-cross-v,Finn Cross V,15,THA,Youth,Amateur,false,false,false,,0,0,,Amateur,,,,,,,,,,,,,50,59,52,44,50,59,42,0,18,,,,,,,,,,,,,,0,0,0,0,0,0,0,"{""matches"":0,""wins"":0,""losses"":0,""draws"":0,""winPercentage"":0,""eventsEntered"":0,""titles"":0,""finals"":0,""prizeMoney"":0,""points"":0}",,,,,,,,,,,,,,,,,false,false,,71,37,14,0,0,0,0,0,7,4,0,3,0,23,0,estimated from season exits versus eligible schedule | 23 eligible events not entered,Youth,normal,,,false,false,false,false,0,0,0,,0,false,,youth,youth,,,true,true,
2054/55,wp-harvey-crane,Harvey Crane,54,ENG,Veteran,Amateur,false,false,false,,0,0,,Amateur,,,,,,,,,,,,,62,67,60,58,52,63,26,26,37,0,0,0,,0,,,,,,,0,0,0,0,0,0,0,0,0,"{""matches"":0,""wins"":0,""losses"":0,""draws"":0,""winPercentage"":0,""eventsEntered"":0,""titles"":0,""finals"":0,""prizeMoney"":0,""points"":0}",,,,,,,,,,,,,,25,,false,false,false,,71,20,14,0,0,0,0,0,7,4,3,0,0,6,0,estimated from season exits versus eligible schedule | 6 eligible events not entered,Amateur,normal,,,false,false,false,false,0,0,0,,0,false,,senior,amateur,,,true,true,
2054/55,wp-harvey-holt,Harvey Holt,62,ENG,Veteran,Senior Tour / Legend Circuit,false,false,false,,0,0,,Amateur,,,,,,,,,,18,,,61,65,57,55,47,58,18,39,34,0,0,0,,0,,,,,,,0,7,0,0,0,0,0,0,0,"{""matches"":0,""wins"":0,""losses"":0,""draws"":0,""winPercentage"":0,""eventsEntered"":0,""titles"":0,""finals"":0,""prizeMoney"":0,""points"":0}",,,,,,,,,,,,,,40,,false,false,false,,71,6,6,0,0,0,0,0,0,0,0,0,6,0,0,,Senior/Legend,normal,,,false,false,false,false,0,0,0,,0,false,,senior,senior,,,true,true,
2054/55,wp-harvey-keane,Harvey Keane,44,ENG,Veteran,Amateur,false,false,false,,0,0,,Amateur,,,,,,,,,,,,,60,64,60,56,54,66,36,11,34,0,0,0,,0,,,,,,,0,0,0,0,0,0,0,0,0,"{""matches"":0,""wins"":0,""losses"":0,""draws"":0,""winPercentage"":0,""eventsEntered"":0,""titles"":0,""finals"":0,""prizeMoney"":0,""points"":0}",,,,,,,,,,,,,,41,,false,false,false,,71,18,14,0,0,0,0,0,7,4,3,0,0,4,0,estimated from season exits versus eligible schedule | 4 eligible events not entered,Amateur,normal,,,false,false,false,false,0,0,0,,0,false,,amateur,amateur,,,true,true,
2054/55,wp-harvey-mercer,Harvey Mercer,48,ENG,Veteran,Amateur,false,false,false,,0,0,,Amateur,,,,,,,,,,,,,60,64,59,56,52,64,32,17,33,0,0,0,,0,,,,,,,0,0,0,0,0,0,0,0,0,"{""matches"":0,""wins"":0,""losses"":0,""draws"":0,""winPercentage"":0,""eventsEntered"":0,""titles"":0,""finals"":0,""prizeMoney"":0,""points"":0}",,,,,,,,,,,,,,42,,false,false,false,,71,20,14,0,0,0,0,0,7,4,3,0,0,6,0,estimated from season exits versus eligible schedule | 6 eligible events not entered,Amateur,normal,,,false,false,false,false,0,0,0,,0,false,,senior,amateur,,,true,true,
2054/55,wp-harvey-nash,Harvey Nash,48,ENG,Veteran,Amateur,false,false,false,,0,0,,Amateur,,,,,,,,,,,,,60,64,59,56,52,64,32,17,33,0,0,0,,0,,,,,,,0,0,0,0,0,0,0,0,0,"{""matches"":0,""wins"":0,""losses"":0,""draws"":0,""winPercentage"":0,""eventsEntered"":0,""titles"":0,""finals"":0,""prizeMoney"":0,""points"":0}",,,,,,,,,,,,,,43,,false,false,false,,71,20,14,0,0,0,0,0,7,4,3,0,0,6,0,estimated from season exits versus eligible schedule | 6 eligible events not entered,Amateur,normal,,,false,false,false,false,0,0,0,,0,false,,senior,amateur,,,true,true,
2054/55,wp-harvey-sloan,Harvey Sloan,47,ENG,Veteran,Amateur,false,false,false,,0,0,,Amateur,,,,,,,,,,,,,60,64,59,56,53,65,33,15,33,0,0,0,,0,,,,,,,0,0,0,0,0,0,0,0,0,"{""matches"":0,""wins"":0,""losses"":0,""draws"":0,""winPercentage"":0,""eventsEntered"":0,""titles"":0,""finals"":0,""prizeMoney"":0,""points"":0}",,,,,,,,,,,,,,44,,false,false,false,,71,20,14,0,0,0,0,0,7,4,3,0,0,6,0,estimated from season exits versus eligible schedule | 6 eligible events not entered,Amateur,normal,,,false,false,false,false,0,0,0,,0,false,,senior,amateur,,,true,true,
2054/55,wp-harvey-zhou,Harvey Zhou,60,ENG,Veteran,Senior Tour / Legend Circuit,false,false,false,,0,0,,Amateur,,,,,,,,,,19,,,60,64,57,55,47,58,20,36,34,0,0,0,,0,,,,,,,0,6,0,0,0,0,0,0,0,"{""matches"":0,""wins"":0,""losses"":0,""draws"":0,""winPercentage"":0,""eventsEntered"":0,""titles"":0,""finals"":0,""prizeMoney"":0,""points"":0}",,,,,,,,,,,,,,41,,false,false,false,,71,6,6,0,0,0,0,0,0,0,0,0,6,0,0,,Senior/Legend,normal,,,false,false,false,false,0,0,0,,0,false,,senior,senior,,,true,true,
2054/55,wp-hugo-cairn,Hugo Cairn,62,GER,Veteran,Senior Tour / Legend Circuit,false,false,false,,0,0,,Amateur,,,,,,,,,,5,,,65,71,61,60,51,62,18,39,40,0,0,0,,0,,,,,,,0,20,0,0,0,0,0,0,0,"{""matches"":0,""wins"":0,""losses"":0,""draws"":0,""winPercentage"":0,""eventsEntered"":0,""titles"":0,""finals"":0,""prizeMoney"":0,""points"":0}",,,,,,,,,,,,,,7,,false,false,false,,71,6,6,0,0,0,0,0,0,0,0,0,6,0,0,,Senior/Legend,normal,,,false,false,false,false,0,0,0,,0,false,,senior,senior,,,true,true,
2054/55,wp-jamie-crane,Jamie Crane,61,NIR,Veteran,Senior Tour / Legend Circuit,false,false,false,,0,0,,Amateur,,,,,,,,,,11,,,63,69,60,58,49,61,19,37,38,0,0,0,,0,,,,,,,0,14,0,0,0,0,0,0,0,"{""matches"":0,""wins"":0,""losses"":0,""draws"":0,""winPercentage"":0,""eventsEntered"":0,""titles"":0,""finals"":0,""prizeMoney"":0,""points"":0}",,,,,,,,,,,,,,16,,false,false,false,,71,6,6,0,0,0,0,0,0,0,0,0,6,0,0,,Senior/Legend,normal,,,false,false,false,false,0,0,0,,0,false,,senior,senior,,,true,true,
2054/55,wp-jamie-holt,Jamie Holt,53,NIR,Veteran,Amateur,false,false,false,,0,0,,Amateur,,,,,,,,,,,,,60,64,58,55,50,61,27,25,32,0,0,0,,0,,,,,,,0,0,0,0,0,0,0,0,0,"{""matches"":0,""wins"":0,""losses"":0,""draws"":0,""winPercentage"":0,""eventsEntered"":0,""titles"":0,""finals"":0,""prizeMoney"":0,""points"":0}",,,,,,,,,,,,,,48,,false,false,false,,71,20,14,0,0,0,0,0,7,4,3,0,0,6,0,estimated from season exits versus eligible schedule | 6 eligible events not entered,Amateur,normal,,,false,false,false,false,0,0,0,,0,false,,senior,amateur,,,true,true,
2054/55,wp-jamie-keane,Jamie Keane,53,NIR,Veteran,Amateur,false,false,false,,0,0,,Amateur,,,,,,,,,,,,,59,63,57,54,49,60,27,25,32,0,0,0,,0,,,,,,,0,0,0,0,0,0,0,0,0,"{""matches"":0,""wins"":0,""losses"":0,""draws"":0,""winPercentage"":0,""eventsEntered"":0,""titles"":0,""finals"":0,""prizeMoney"":0,""points"":0}",,,,,,,,,,,,,,49,,false,false,false,,71,20,14,0,0,0,0,0,7,4,3,0,0,6,0,estimated from season exits versus eligible schedule | 6 eligible events not entered,Amateur,normal,,,false,false,false,false,0,0,0,,0,false,,senior,amateur,,,true,true,
2054/55,wp-jamie-mercer,Jamie Mercer,47,NIR,Veteran,Amateur,false,false,false,,0,0,,Amateur,,,,,,,,,,,,,59,63,58,55,52,64,33,15,32,0,0,0,,0,,,,,,,0,0,0,0,0,0,0,0,0,"{""matches"":0,""wins"":0,""losses"":0,""draws"":0,""winPercentage"":0,""eventsEntered"":0,""titles"":0,""finals"":0,""prizeMoney"":0,""points"":0}",,,,,,,,,,,,,,50,,false,false,false,,71,20,14,0,0,0,0,0,7,4,3,0,0,6,0,estimated from season exits versus eligible schedule | 6 eligible events not entered,Amateur,normal,,,false,false,false,false,0,0,0,,0,false,,senior,amateur,,,true,true,
2054/55,wp-jamie-nash,Jamie Nash,73,NIR,Veteran,Senior Tour / Legend Circuit,false,false,false,,0,0,,Amateur,,,,,,,,,,6,,,59,63,53,52,39,51,10,56,32,0,0,0,,0,,,,,,,0,19,0,0,0,0,0,0,0,"{""matches"":0,""wins"":0,""losses"":0,""draws"":0,""winPercentage"":0,""eventsEntered"":0,""titles"":0,""finals"":0,""prizeMoney"":0,""points"":0}",,,,,,,,,,,,,,51,,false,false,false,,71,6,6,0,0,0,0,0,0,0,0,0,6,0,0,,Senior/Legend,normal,,,false,false,false,false,0,0,0,,0,false,,senior,senior,,,true,true,
2054/55,wp-jamie-sloan,Jamie Sloan,60,NIR,Veteran,Senior Tour / Legend Circuit,false,false,false,,0,0,,Amateur,,,,,,,,,,20,,,59,63,56,53,46,57,20,36,32,0,0,0,,0,,,,,,,0,5,0,0,0,0,0,0,0,"{""matches"":0,""wins"":0,""losses"":0,""draws"":0,""winPercentage"":0,""eventsEntered"":0,""titles"":0,""finals"":0,""prizeMoney"":0,""points"":0}",,,,,,,,,,,,,,52,,false,false,false,,71,6,6,0,0,0,0,0,0,0,0,0,6,0,0,,Senior/Legend,normal,,,false,false,false,false,0,0,0,,0,false,,senior,senior,,,true,true,
2054/55,wp-jamie-zhou,Jamie Zhou,51,NIR,Veteran,Amateur,false,false,false,,0,0,,Amateur,,,,,,,,,,,,,62,67,61,58,53,64,29,22,35,0,0,0,,0,,,,,,,0,0,0,0,0,0,0,0,0,"{""matches"":0,""wins"":0,""losses"":0,""draws"":0,""winPercentage"":0,""eventsEntered"":0,""titles"":0,""finals"":0,""prizeMoney"":0,""points"":0}",,,,,,,,,,,,,,32,,false,false,false,,71,20,14,0,0,0,0,0,7,4,3,0,0,6,0,estimated from season exits versus eligible schedule | 6 eligible events not entered,Amateur,normal,,,false,false,false,false,0,0,0,,0,false,,senior,amateur,,,true,true,
2054/55,wp-jon-hart,Jon Hart,56,ENG,Veteran,Amateur,false,false,false,,0,0,,Amateur,,,,,,,,,,,,,64,70,62,60,53,64,24,30,39,0,0,0,,0,,,,,,,0,0,0,0,0,0,0,0,0,"{""matches"":0,""wins"":0,""losses"":0,""draws"":0,""winPercentage"":0,""eventsEntered"":0,""titles"":0,""finals"":0,""prizeMoney"":0,""points"":0}",,,,,,,,,,,,,,10,,false,false,false,,71,20,14,0,0,0,0,0,7,4,3,0,0,6,0,estimated from season exits versus eligible schedule | 6 eligible events not entered,Amateur,normal,,,false,false,false,false,0,0,0,,0,false,,senior,amateur,,,true,true,
2054/55,wp-jude-sloan,Jude Sloan,43,WAL,Veteran,Amateur,false,false,false,,0,0,,Amateur,,,,,,,,,,,,,66,69,66,63,61,76,51,8,32,0,0,0,,0,,,,,,,0,0,3,1,2,33.33333333333333,1,0,0,"{""matches"":3,""wins"":1,""losses"":2,""draws"":0,""winPercentage"":33.33333333333333,""eventsEntered"":0,""titles"":1,""finals"":0,""prizeMoney"":0,""points"":0}",,,,,,,,,,,,,,64,,false,false,false,,71,18,14,0,0,0,0,0,7,4,3,0,0,4,0,estimated from season exits versus eligible schedule | 4 eligible events not entered,Amateur,normal,,,false,false,false,false,0,0,0,,0,false,,amateur,amateur,,,true,true,
2054/55,wp-jude-sloan-a,Jude Sloan A,40,WAL,Veteran,Amateur,false,false,false,,0,0,,Amateur,,,,,,,,,,,,,58,61,59,54,54,66,40,4,29,0,0,0,,0,,,,,,,0,0,0,0,0,0,0,0,0,"{""matches"":0,""wins"":0,""losses"":0,""draws"":0,""winPercentage"":0,""eventsEntered"":0,""titles"":0,""finals"":0,""prizeMoney"":0,""points"":0}",,,,,,,,,,,,,,65,,false,false,false,,71,18,14,0,0,0,0,0,7,4,3,0,0,4,0,estimated from season exits versus eligible schedule | 4 eligible events not entered,Amateur,normal,,,false,false,false,false,0,0,0,,0,false,,amateur,amateur,,,true,true,
2054/55,wp-jude-sloan-b,Jude Sloan B,40,WAL,Veteran,Amateur,false,false,false,,0,0,,Amateur,,,,,,,,,,,,,57,60,58,53,53,65,40,4,29,0,0,0,,0,,,,,,,0,0,2,0,2,0,0,0,0,"{""matches"":2,""wins"":0,""losses"":2,""draws"":0,""winPercentage"":0,""eventsEntered"":0,""titles"":0,""finals"":0,""prizeMoney"":0,""points"":0}",,,,,,,,,,,,,,67,,false,false,false,,71,18,14,0,0,0,0,0,7,4,3,0,0,4,0,estimated from season exits versus eligible schedule | 4 eligible events not entered,Amateur,normal,,,false,false,false,false,0,0,0,,0,false,,amateur,amateur,,,true,true,
2054/55,wp-jude-sloan-c,Jude Sloan C,38,IRL,Amateur,Amateur,false,false,false,,0,0,,Amateur,,,,,,,,,,,,,57,60,58,53,54,66,42,1,29,0,0,0,,0,,,,,,,0,0,0,0,0,0,0,0,0,"{""matches"":0,""wins"":0,""losses"":0,""draws"":0,""winPercentage"":0,""eventsEntered"":0,""titles"":0,""finals"":0,""prizeMoney"":0,""points"":0}",,,,,,,,,,,,,,69,,false,false,false,,71,18,14,0,0,0,0,0,7,4,3,0,0,4,0,estimated from season exits versus eligible schedule | 4 eligible events not entered,Amateur,normal,,,false,false,false,false,0,0,0,,0,false,,amateur,amateur,,,true,true,
2054/55,wp-jude-sloan-d,Jude Sloan D,38,IRL,Amateur,Amateur,false,false,false,,0,0,,Amateur,,,,,,,,,,,,,57,60,58,53,54,66,42,1,28,0,0,0,,0,,,,,,,0,0,0,0,0,0,0,0,0,"{""matches"":0,""wins"":0,""losses"":0,""draws"":0,""winPercentage"":0,""eventsEntered"":0,""titles"":0,""finals"":0,""prizeMoney"":0,""points"":0}",,,,,,,,,,,,,,70,,false,false,false,,71,18,14,0,0,0,0,0,7,4,3,0,0,4,0,estimated from season exits versus eligible schedule | 4 eligible events not entered,Amateur,normal,,,false,false,false,false,0,0,0,,0,false,,amateur,amateur,,,true,true,
2054/55,wp-jude-sloan-j,Jude Sloan J,30,AUS,Amateur,Amateur,false,false,false,,0,0,,Amateur,79,79,,79,,,43,,,,79,,56,59,58,52,56,65,42,0,27,0,0,0,,0,,,,,,,0,0,0,0,0,0,0,0,0,"{""matches"":0,""wins"":0,""losses"":0,""draws"":0,""winPercentage"":0,""eventsEntered"":0,""titles"":0,""finals"":0,""prizeMoney"":0,""points"":0}",,,,,,,,,,,,,,76,,false,false,false,,71,18,14,0,0,0,0,0,7,4,3,0,0,4,0,estimated from season exits versus eligible schedule | 4 eligible events not entered,Amateur,normal,,,false,false,false,false,0,0,0,,0,false,,amateur,amateur,,,true,true,
2054/55,wp-jude-sloan-k,Jude Sloan K,30,AUS,Amateur,Amateur,false,false,false,,0,0,,Amateur,80,80,,80,,,44,,,,80,,56,59,58,52,56,65,42,0,27,0,0,0,,0,,,,,,,0,0,0,0,0,0,0,0,0,"{""matches"":0,""wins"":0,""losses"":0,""draws"":0,""winPercentage"":0,""eventsEntered"":0,""titles"":0,""finals"":0,""prizeMoney"":0,""points"":0}",,,,,,,,,,,,,,77,,false,false,false,,71,18,14,0,0,0,0,0,7,4,3,0,0,4,0,estimated from season exits versus eligible schedule | 4 eligible events not entered,Amateur,normal,,,false,false,false,false,0,0,0,,0,false,,amateur,amateur,,,true,true,
2054/55,wp-jude-sloan-r,Jude Sloan R,20,WAL,Amateur,Q School,false,false,false,,0,0,,Amateur,83,83,,83,,,29,26,25,,83,,56,64,58,52,56,65,42,0,27,0,0,0,,0,,,,,,,0,0,0,0,0,0,0,0,0,"{""matches"":0,""wins"":0,""losses"":0,""draws"":0,""winPercentage"":0,""eventsEntered"":0,""titles"":0,""finals"":0,""prizeMoney"":0,""points"":0}",,,,,,,,,,,,,,79,,false,false,false,,71,18,3,0,0,0,0,0,0,3,0,0,0,15,8,estimated from season exits versus eligible schedule | 15 eligible events not entered,Q School,normal,,,false,false,false,false,0,0,0,,0,false,,youth,qSchool,,,true,true,
2054/55,wp-jude-sloan-t,Jude Sloan T,18,IRL,Amateur,Q School,false,false,false,,0,0,,Amateur,,,,,,,2,2,4,,,,50,57,52,44,50,59,42,0,18,0,0,0,,0,,,,,,,0,24,0,0,0,0,0,0,0,"{""matches"":0,""wins"":0,""losses"":0,""draws"":0,""winPercentage"":0,""eventsEntered"":0,""titles"":0,""finals"":0,""prizeMoney"":0,""points"":0}",,,,,,,,,,,,,,,,false,false,false,,71,18,3,0,0,0,0,0,0,3,0,0,0,15,8,estimated from season exits versus eligible schedule | 15 eligible events not entered,Q School,normal,,,false,false,false,false,0,0,0,,0,false,,qSchool,qSchool,,,true,true,
2054/55,wp-jude-sloan-u,Jude Sloan U,18,IRL,Amateur,Q School,false,false,false,,0,0,,Amateur,,,,,,,7,7,11,,,,50,57,52,44,50,59,42,0,18,0,0,0,,0,,,,,,,0,15,0,0,0,0,0,0,0,"{""matches"":0,""wins"":0,""losses"":0,""draws"":0,""winPercentage"":0,""eventsEntered"":0,""titles"":0,""finals"":0,""prizeMoney"":0,""points"":0}",,,,,,,,,,,,,,,,false,false,false,,71,18,3,0,0,0,0,0,0,3,0,0,0,15,8,estimated from season exits versus eligible schedule | 15 eligible events not entered,Q School,normal,,,false,false,false,false,0,0,0,,0,false,,qSchool,qSchool,,,true,true,
2054/55,wp-jude-sloan-v,Jude Sloan V,15,IRL,Youth,Amateur,false,false,false,,0,0,,Amateur,,,,,,,,,,,,,50,59,52,44,50,59,42,0,18,0,0,0,,0,,,,,,,0,9,0,0,0,0,0,0,0,"{""matches"":0,""wins"":0,""losses"":0,""draws"":0,""winPercentage"":0,""eventsEntered"":0,""titles"":0,""finals"":0,""prizeMoney"":0,""points"":0}",,,,,,,,,,,,,,,,false,false,false,,71,37,14,0,0,0,0,0,7,4,0,3,0,23,0,estimated from season exits versus eligible schedule | 23 eligible events not entered,Youth,normal,,,false,false,false,false,0,0,0,,0,false,,youth,youth,,,true,true,
2054/55,wp-kai-pryce,Kai Pryce,43,AUS,Veteran,Amateur,false,false,false,,0,0,,Amateur,,,,,,,,,,,,,81,85,81,81,76,97,78,6,33,0,0,0,,0,,,,,,,0,0,1,1,0,100,1,0,0,"{""matches"":1,""wins"":1,""losses"":0,""draws"":0,""winPercentage"":100,""eventsEntered"":0,""titles"":1,""finals"":0,""prizeMoney"":0,""points"":0}",,,,,,,,,,,,,,57,,false,false,false,,71,18,14,0,0,0,0,0,7,4,3,0,0,4,0,estimated from season exits versus eligible schedule | 4 eligible events not entered,Amateur,normal,,,false,false,false,false,0,0,0,,0,false,,amateur,amateur,,,true,true,
2054/55,wp-kai-pryce-a,Kai Pryce A,43,AUS,Veteran,Amateur,false,false,false,,0,0,,Amateur,,,,,,,,,,,,,57,60,57,53,52,64,37,9,29,0,0,0,,0,,,,,,,0,0,0,0,0,0,0,0,0,"{""matches"":0,""wins"":0,""losses"":0,""draws"":0,""winPercentage"":0,""eventsEntered"":0,""titles"":0,""finals"":0,""prizeMoney"":0,""points"":0}",,,,,,,,,,,,,,66,,false,false,false,,71,18,14,0,0,0,0,0,7,4,3,0,0,4,0,estimated from season exits versus eligible schedule | 4 eligible events not entered,Amateur,normal,,,false,false,false,false,0,0,0,,0,false,,amateur,amateur,,,true,true,
2054/55,wp-kai-pryce-b,Kai Pryce B,40,AUS,Veteran,Amateur,false,false,false,,0,0,,Amateur,,,,,,,,,,,,,57,60,58,53,53,65,40,4,29,0,0,0,,0,,,,,,,0,0,0,0,0,0,0,0,0,"{""matches"":0,""wins"":0,""losses"":0,""draws"":0,""winPercentage"":0,""eventsEntered"":0,""titles"":0,""finals"":0,""prizeMoney"":0,""points"":0}",,,,,,,,,,,,,,67,,false,false,false,,71,18,14,0,0,0,0,0,7,4,3,0,0,4,0,estimated from season exits versus eligible schedule | 4 eligible events not entered,Amateur,normal,,,false,false,false,false,0,0,0,,0,false,,amateur,amateur,,,true,true,
2054/55,wp-kai-pryce-c,Kai Pryce C,40,AUS,Veteran,Amateur,false,false,false,,0,0,,Amateur,,,,,,,,,,,,,69,72,70,67,65,82,61,3,30,0,0,0,,0,,,,,,,0,8,2,1,1,50,1,0,0,"{""matches"":2,""wins"":1,""losses"":1,""draws"":0,""winPercentage"":50,""eventsEntered"":0,""titles"":1,""finals"":0,""prizeMoney"":0,""points"":0}",,,,,,,,,,,,,,71,,false,false,false,,71,18,14,0,0,0,0,0,7,4,3,0,0,4,0,estimated from season exits versus eligible schedule | 4 eligible events not entered,Amateur,normal,,,false,false,false,false,0,0,0,,0,false,,amateur,amateur,,,true,true,
2054/55,wp-kai-pryce-d,Kai Pryce D,38,CHN,Amateur,Amateur,false,false,false,,0,0,,Amateur,,,,,,,,,,,,,56,59,57,52,53,65,42,1,28,0,0,0,,0,,,,,,,0,0,0,0,0,0,0,0,0,"{""matches"":0,""wins"":0,""losses"":0,""draws"":0,""winPercentage"":0,""eventsEntered"":0,""titles"":0,""finals"":0,""prizeMoney"":0,""points"":0}",,,,,,,,,,,,,,74,,false,false,false,,71,18,14,0,0,0,0,0,7,4,3,0,0,4,0,estimated from season exits versus eligible schedule | 4 eligible events not entered,Amateur,normal,,,false,false,false,false,0,0,0,,0,false,,amateur,amateur,,,true,true,
2054/55,wp-kai-pryce-e,Kai Pryce E,38,CHN,Amateur,Amateur,false,false,false,,0,0,,Amateur,,,,,,,,,,,,,56,59,57,52,53,65,42,1,28,0,0,0,,0,,,,,,,0,0,0,0,0,0,0,0,0,"{""matches"":0,""wins"":0,""losses"":0,""draws"":0,""winPercentage"":0,""eventsEntered"":0,""titles"":0,""finals"":0,""prizeMoney"":0,""points"":0}",,,,,,,,,,,,,,75,,false,false,false,,71,18,14,0,0,0,0,0,7,4,3,0,0,4,0,estimated from season exits versus eligible schedule | 4 eligible events not entered,Amateur,normal,,,false,false,false,false,0,0,0,,0,false,,amateur,amateur,,,true,true,
2054/55,wp-kai-pryce-g,Kai Pryce G,33,WAL,Amateur,Amateur,false,false,false,,0,0,,Amateur,,,,,,,58,,,,,,56,58,58,52,55,65,42,0,27,0,0,0,,0,,,,,,,0,16,0,0,0,0,0,0,0,"{""matches"":0,""wins"":0,""losses"":0,""draws"":0,""winPercentage"":0,""eventsEntered"":0,""titles"":0,""finals"":0,""prizeMoney"":0,""points"":0}",,,,,,,,,,,,,,80,,false,false,false,,71,18,14,0,0,0,0,0,7,4,3,0,0,4,0,estimated from season exits versus eligible schedule | 4 eligible events not entered,Amateur,normal,,,false,false,false,false,0,0,0,,0,false,,amateur,amateur,,,true,true,
2054/55,wp-kai-pryce-h,Kai Pryce H,33,WAL,Amateur,Amateur,false,false,false,,0,0,,Amateur,,,,,,,59,,,,,,56,58,58,52,55,65,42,0,26,0,0,0,,0,,,,,,,0,13,0,0,0,0,0,0,0,"{""matches"":0,""wins"":0,""losses"":0,""draws"":0,""winPercentage"":0,""eventsEntered"":0,""titles"":0,""finals"":0,""prizeMoney"":0,""points"":0}",,,,,,,,,,,,,,82,,false,false,false,,71,18,14,0,0,0,0,0,7,4,3,0,0,4,0,estimated from season exits versus eligible schedule | 4 eligible events not entered,Amateur,normal,,,false,false,false,false,0,0,0,,0,false,,amateur,amateur,,,true,true,
2054/55,wp-kai-pryce-i,Kai Pryce I,33,WAL,Amateur,Amateur,false,false,false,,0,0,,Amateur,,,,,,,60,,,,,,55,57,57,51,54,64,42,0,26,0,0,0,,0,,,,,,,0,12,0,0,0,0,0,0,0,"{""matches"":0,""wins"":0,""losses"":0,""draws"":0,""winPercentage"":0,""eventsEntered"":0,""titles"":0,""finals"":0,""prizeMoney"":0,""points"":0}",,,,,,,,,,,,,,83,,false,false,false,,71,18,14,0,0,0,0,0,7,4,3,0,0,4,0,estimated from season exits versus eligible schedule | 4 eligible events not entered,Amateur,normal,,,false,false,false,false,0,0,0,,0,false,,amateur,amateur,,,true,true,
2054/55,wp-kai-pryce-j,Kai Pryce J,30,WAL,Amateur,Amateur,false,false,false,,0,0,,Amateur,86,86,,86,,,45,,,,86,,56,58,58,52,56,65,42,0,26,0,0,0,,0,,,,,,,0,0,0,0,0,0,0,0,0,"{""matches"":0,""wins"":0,""losses"":0,""draws"":0,""winPercentage"":0,""eventsEntered"":0,""titles"":0,""finals"":0,""prizeMoney"":0,""points"":0}",,,,,,,,,,,,,,81,,false,false,false,,71,18,14,0,0,0,0,0,7,4,3,0,0,4,0,estimated from season exits versus eligible schedule | 4 eligible events not entered,Amateur,normal,,,false,false,false,false,0,0,0,,0,false,,amateur,amateur,,,true,true,
2054/55,wp-kai-pryce-k,Kai Pryce K,30,WAL,Amateur,Amateur,false,false,false,,0,0,,Amateur,87,87,,87,,,46,,,,87,,56,58,58,52,56,65,42,0,26,0,0,0,,0,,,,,,,0,0,0,0,0,0,0,0,0,"{""matches"":0,""wins"":0,""losses"":0,""draws"":0,""winPercentage"":0,""eventsEntered"":0,""titles"":0,""finals"":0,""prizeMoney"":0,""points"":0}",,,,,,,,,,,,,,82,,false,false,false,,71,18,14,0,0,0,0,0,7,4,3,0,0,4,0,estimated from season exits versus eligible schedule | 4 eligible events not entered,Amateur,normal,,,false,false,false,false,0,0,0,,0,false,,amateur,amateur,,,true,true,
2054/55,wp-kai-pryce-l,Kai Pryce L,30,WAL,Amateur,Amateur,false,false,false,,0,0,,Amateur,88,88,,88,,,47,,,,88,,55,57,57,51,55,64,42,0,26,0,0,0,,0,,,,,,,0,0,0,0,0,0,0,0,0,"{""matches"":0,""wins"":0,""losses"":0,""draws"":0,""winPercentage"":0,""eventsEntered"":0,""titles"":0,""finals"":0,""prizeMoney"":0,""points"":0}",,,,,,,,,,,,,,83,,false,false,false,,71,18,14,0,0,0,0,0,7,4,3,0,0,4,0,estimated from season exits versus eligible schedule | 4 eligible events not entered,Amateur,normal,,,false,false,false,false,0,0,0,,0,false,,amateur,amateur,,,true,true,
2054/55,wp-kai-pryce-o,Kai Pryce O,24,CHN,Amateur,Q School,false,false,false,,0,0,,Amateur,89,89,,89,,,33,,27,,89,,55,60,57,51,55,64,42,0,26,0,0,0,,0,,,,,,,0,0,0,0,0,0,0,0,0,"{""matches"":0,""wins"":0,""losses"":0,""draws"":0,""winPercentage"":0,""eventsEntered"":0,""titles"":0,""finals"":0,""prizeMoney"":0,""points"":0}",,,,,,,,,,,,,,84,,false,false,false,,71,18,3,0,0,0,0,0,0,3,0,0,0,15,8,estimated from season exits versus eligible schedule | 15 eligible events not entered,Q School,normal,,,false,false,false,false,0,0,0,,0,false,,qTour,qSchool,,,true,true,
2054/55,wp-kai-pryce-p,Kai Pryce P,24,CHN,Amateur,Q School,false,false,false,,0,0,,Amateur,90,90,,90,,,34,,28,,90,,55,60,57,51,55,64,42,0,26,0,0,0,,0,,,,,,,0,0,0,0,0,0,0,0,0,"{""matches"":0,""wins"":0,""losses"":0,""draws"":0,""winPercentage"":0,""eventsEntered"":0,""titles"":0,""finals"":0,""prizeMoney"":0,""points"":0}",,,,,,,,,,,,,,85,,false,false,false,,71,18,3,0,0,0,0,0,0,3,0,0,0,15,8,estimated from season exits versus eligible schedule | 15 eligible events not entered,Q School,normal,,,false,false,false,false,0,0,0,,0,false,,qTour,qSchool,,,true,true,
2054/55,wp-kai-pryce-r,Kai Pryce R,19,WAL,Amateur,Q School,false,false,false,,0,0,,Amateur,91,91,,91,,,14,12,14,,91,,55,63,57,50,55,64,42,0,25,0,0,0,,0,,,,,,,0,0,0,0,0,0,0,0,0,"{""matches"":0,""wins"":0,""losses"":0,""draws"":0,""winPercentage"":0,""eventsEntered"":0,""titles"":0,""finals"":0,""prizeMoney"":0,""points"":0}",,,,,,,,,,,,,,87,,false,false,false,,71,18,3,0,0,0,0,0,0,3,0,0,0,15,8,estimated from season exits versus eligible schedule | 15 eligible events not entered,Q School,normal,,,false,false,false,false,0,0,0,,0,false,,qSchool,qSchool,,,true,true,
2054/55,wp-kai-pryce-u,Kai Pryce U,16,WAL,Youth,Amateur,false,false,false,,0,0,,Amateur,,,,,,,,,,,,,50,58,52,44,50,59,42,0,18,0,0,0,,0,,,,,,,0,22,0,0,0,0,0,0,0,"{""matches"":0,""wins"":0,""losses"":0,""draws"":0,""winPercentage"":0,""eventsEntered"":0,""titles"":0,""finals"":0,""prizeMoney"":0,""points"":0}",,,,,,,,,,,,,,,,false,false,false,,71,37,14,0,0,0,0,0,7,4,0,3,0,23,0,estimated from season exits versus eligible schedule | 23 eligible events not entered,Youth,normal,,,false,false,false,false,0,0,0,,0,false,,youth,youth,,,true,true,
2054/55,wp-kai-pryce-v,Kai Pryce V,16,WAL,Youth,Amateur,false,false,false,,0,0,,Amateur,,,,,,,,,,,,,50,58,52,44,50,59,42,0,18,0,0,0,,0,,,,,,,0,7,0,0,0,0,0,0,0,"{""matches"":0,""wins"":0,""losses"":0,""draws"":0,""winPercentage"":0,""eventsEntered"":0,""titles"":0,""finals"":0,""prizeMoney"":0,""points"":0}",,,,,,,,,,,,,,,,false,false,false,,71,37,14,0,0,0,0,0,7,4,0,3,0,23,0,estimated from season exits versus eligible schedule | 23 eligible events not entered,Youth,normal,,,false,false,false,false,0,0,0,,0,false,,youth,youth,,,true,true,
2054/55,wp-kai-pryce-w,Kai Pryce W,16,WAL,Youth,Amateur,false,false,false,,0,0,,Amateur,,,,,,,,,,,,,50,58,52,44,50,59,42,0,18,,,,,,,,,,,,,,0,0,0,0,0,0,0,"{""matches"":0,""wins"":0,""losses"":0,""draws"":0,""winPercentage"":0,""eventsEntered"":0,""titles"":0,""finals"":0,""prizeMoney"":0,""points"":0}",,,,,,,,,,,,,,,,,false,false,,71,37,14,0,0,0,0,0,7,4,0,3,0,23,0,estimated from season exits versus eligible schedule | 23 eligible events not entered,Youth,normal,,,false,false,false,false,0,0,0,,0,false,,youth,youth,,,true,true,
2054/55,wp-kian-crane,Kian Crane,52,NED,Veteran,Amateur,false,false,false,,0,0,,Amateur,,,,,,,,,,,,,63,68,61,59,53,65,28,23,37,0,0,0,,0,,,,,,,0,0,0,0,0,0,0,0,0,"{""matches"":0,""wins"":0,""losses"":0,""draws"":0,""winPercentage"":0,""eventsEntered"":0,""titles"":0,""finals"":0,""prizeMoney"":0,""points"":0}",,,,,,,,,,,,,,20,,false,false,false,,71,20,14,0,0,0,0,0,7,4,3,0,0,6,0,estimated from season exits versus eligible schedule | 6 eligible events not entered,Amateur,normal,,,false,false,false,false,0,0,0,,0,false,,senior,amateur,,,true,true,
2054/55,wp-kian-holt,Kian Holt,51,NED,Veteran,Amateur,false,false,false,,0,0,,Amateur,,,,,,,,,,,,,82,86,81,82,73,94,70,18,34,0,0,0,,0,,,,,,,0,0,1,1,0,100,1,0,0,"{""matches"":1,""wins"":1,""losses"":0,""draws"":0,""winPercentage"":100,""eventsEntered"":0,""titles"":1,""finals"":0,""prizeMoney"":0,""points"":0}",,,,,,,,,,,,,,52,,false,false,false,,71,20,14,0,0,0,0,0,7,4,3,0,0,6,0,estimated from season exits versus eligible schedule | 6 eligible events not entered,Amateur,normal,,,false,false,false,false,0,0,0,,0,false,,senior,amateur,,,true,true,
2054/55,wp-kian-keane,Kian Keane,56,NED,Veteran,Amateur,false,false,false,,0,0,,Amateur,,,,,,,,,,,,,59,63,57,54,48,59,24,30,31,0,0,0,,0,,,,,,,0,0,0,0,0,0,0,0,0,"{""matches"":0,""wins"":0,""losses"":0,""draws"":0,""winPercentage"":0,""eventsEntered"":0,""titles"":0,""finals"":0,""prizeMoney"":0,""points"":0}",,,,,,,,,,,,,,57,,false,false,false,,71,20,14,0,0,0,0,0,7,4,3,0,0,6,0,estimated from season exits versus eligible schedule | 6 eligible events not entered,Amateur,normal,,,false,false,false,false,0,0,0,,0,false,,senior,amateur,,,true,true,
2054/55,wp-kian-mercer,Kian Mercer,50,NED,Veteran,Amateur,false,false,false,,0,0,,Amateur,,,,,,,,,,,,,58,62,57,53,49,61,30,20,31,0,0,0,,0,,,,,,,0,0,0,0,0,0,0,0,0,"{""matches"":0,""wins"":0,""losses"":0,""draws"":0,""winPercentage"":0,""eventsEntered"":0,""titles"":0,""finals"":0,""prizeMoney"":0,""points"":0}",,,,,,,,,,,,,,58,,false,false,false,,71,20,14,0,0,0,0,0,7,4,3,0,0,6,0,estimated from season exits versus eligible schedule | 6 eligible events not entered,Amateur,normal,,,false,false,false,false,0,0,0,,0,false,,senior,amateur,,,true,true,
2054/55,wp-kian-nash,Kian Nash,60,NED,Veteran,Senior Tour / Legend Circuit,false,false,false,,0,0,,Amateur,,,,,,,,,,21,,,58,61,55,52,45,56,20,36,30,0,0,0,,0,,,,,,,0,4,0,0,0,0,0,0,0,"{""matches"":0,""wins"":0,""losses"":0,""draws"":0,""winPercentage"":0,""eventsEntered"":0,""titles"":0,""finals"":0,""prizeMoney"":0,""points"":0}",,,,,,,,,,,,,,59,,false,false,false,,71,6,6,0,0,0,0,0,0,0,0,0,6,0,0,,Senior/Legend,normal,,,false,false,false,false,0,0,0,,0,false,,senior,senior,,,true,true,
2054/55,wp-kian-sloan,Kian Sloan,51,NED,Veteran,Amateur,false,false,false,,0,0,,Amateur,,,,,,,,,,,,,58,61,57,53,49,60,29,22,30,0,0,0,,0,,,,,,,0,0,0,0,0,0,0,0,0,"{""matches"":0,""wins"":0,""losses"":0,""draws"":0,""winPercentage"":0,""eventsEntered"":0,""titles"":0,""finals"":0,""prizeMoney"":0,""points"":0}",,,,,,,,,,,,,,60,,false,false,false,,71,20,14,0,0,0,0,0,7,4,3,0,0,6,0,estimated from season exits versus eligible schedule | 6 eligible events not entered,Amateur,normal,,,false,false,false,false,0,0,0,,0,false,,senior,amateur,,,true,true,
2054/55,wp-kian-zhou,Kian Zhou,53,NED,Veteran,Amateur,false,false,false,,0,0,,Amateur,,,,,,,,,,,,,61,66,59,56,51,62,27,25,35,0,0,0,,0,,,,,,,0,0,0,0,0,0,0,0,0,"{""matches"":0,""wins"":0,""losses"":0,""draws"":0,""winPercentage"":0,""eventsEntered"":0,""titles"":0,""finals"":0,""prizeMoney"":0,""points"":0}",,,,,,,,,,,,,,36,,false,false,false,,71,20,14,0,0,0,0,0,7,4,3,0,0,6,0,estimated from season exits versus eligible schedule | 6 eligible events not entered,Amateur,normal,,,false,false,false,false,0,0,0,,0,false,,senior,amateur,,,true,true,
2054/55,wp-leo-crane,Leo Crane,57,POL,Veteran,Amateur,false,false,false,,0,0,,Amateur,,,,,,,,,,,,,63,68,60,58,51,62,23,31,37,0,0,0,,0,,,,,,,0,0,0,0,0,0,0,0,0,"{""matches"":0,""wins"":0,""losses"":0,""draws"":0,""winPercentage"":0,""eventsEntered"":0,""titles"":0,""finals"":0,""prizeMoney"":0,""points"":0}",,,,,,,,,,,,,,21,,false,false,false,,71,20,14,0,0,0,0,0,7,4,3,0,0,6,0,estimated from season exits versus eligible schedule | 6 eligible events not entered,Amateur,normal,,,false,false,false,false,0,0,0,,0,false,,senior,amateur,,,true,true,
2054/55,wp-leo-holt,Leo Holt,59,POL,Veteran,Amateur,false,false,false,,0,0,,Amateur,,,,,,,,,,,,,59,63,56,53,46,58,21,34,32,0,0,0,,0,,,,,,,0,0,0,0,0,0,0,0,0,"{""matches"":0,""wins"":0,""losses"":0,""draws"":0,""winPercentage"":0,""eventsEntered"":0,""titles"":0,""finals"":0,""prizeMoney"":0,""points"":0}",,,,,,,,,,,,,,53,,false,false,false,,71,20,14,0,0,0,0,0,7,4,3,0,0,6,0,estimated from season exits versus eligible schedule | 6 eligible events not entered,Amateur,normal,,,false,false,false,false,0,0,0,,0,false,,senior,amateur,,,true,true,
2054/55,wp-leo-keane,Leo Keane,49,POL,Veteran,Amateur,false,false,false,,0,0,,Amateur,,,,,,,,,,,,,58,61,57,53,50,61,31,19,30,0,0,0,,0,,,,,,,0,0,0,0,0,0,0,0,0,"{""matches"":0,""wins"":0,""losses"":0,""draws"":0,""winPercentage"":0,""eventsEntered"":0,""titles"":0,""finals"":0,""prizeMoney"":0,""points"":0}",,,,,,,,,,,,,,64,,false,false,false,,71,20,14,0,0,0,0,0,7,4,3,0,0,6,0,estimated from season exits versus eligible schedule | 6 eligible events not entered,Amateur,normal,,,false,false,false,false,0,0,0,,0,false,,senior,amateur,,,true,true,
2054/55,wp-leo-mercer,Leo Mercer,51,POL,Veteran,Amateur,false,false,false,,0,0,,Amateur,,,,,,,,,,,,,80,83,79,79,71,92,69,18,29,0,0,0,,0,,,,,,,0,0,1,1,0,100,0,0,0,"{""matches"":1,""wins"":1,""losses"":0,""draws"":0,""winPercentage"":100,""eventsEntered"":0,""titles"":0,""finals"":0,""prizeMoney"":0,""points"":0}",,,,,,,,,,,,,,65,,false,false,false,,71,20,14,0,0,0,0,0,7,4,3,0,0,6,0,estimated from season exits versus eligible schedule | 6 eligible events not entered,Amateur,normal,,,false,false,false,false,0,0,0,,0,false,,amateur,amateur,,,true,true,
2054/55,wp-leo-nash,Leo Nash,51,POL,Veteran,Amateur,false,false,false,,0,0,,Amateur,,,,,,,,,,,,,80,83,79,79,71,92,70,18,31,0,0,0,,0,,,,,,,0,0,1,1,0,100,1,0,0,"{""matches"":1,""wins"":1,""losses"":0,""draws"":0,""winPercentage"":100,""eventsEntered"":0,""titles"":1,""finals"":0,""prizeMoney"":0,""points"":0}",,,,,,,,,,,,,,66,,false,false,false,,71,20,14,0,0,0,0,0,7,4,3,0,0,6,0,estimated from season exits versus eligible schedule | 6 eligible events not entered,Amateur,normal,,,false,false,false,false,0,0,0,,0,false,,amateur,amateur,,,true,true,
2054/55,wp-leo-sloan,Leo Sloan,50,POL,Veteran,Amateur,false,false,false,,0,0,,Amateur,,,,,,,,,,,,,57,60,56,52,48,60,30,20,29,0,0,0,,0,,,,,,,0,0,0,0,0,0,0,0,0,"{""matches"":0,""wins"":0,""losses"":0,""draws"":0,""winPercentage"":0,""eventsEntered"":0,""titles"":0,""finals"":0,""prizeMoney"":0,""points"":0}",,,,,,,,,,,,,,67,,false,false,false,,71,20,14,0,0,0,0,0,7,4,3,0,0,6,0,estimated from season exits versus eligible schedule | 6 eligible events not entered,Amateur,normal,,,false,false,false,false,0,0,0,,0,false,,amateur,amateur,,,true,true,
2054/55,wp-leo-zhou,Leo Zhou,78,POL,Veteran,Senior Tour / Legend Circuit,false,false,false,,0,0,,Amateur,,,,,,,,,,2,,,61,66,54,55,39,52,10,64,34,0,0,0,,0,,,,,,,0,23,0,0,0,0,0,0,0,"{""matches"":0,""wins"":0,""losses"":0,""draws"":0,""winPercentage"":0,""eventsEntered"":0,""titles"":0,""finals"":0,""prizeMoney"":0,""points"":0}",,,,,,,,,,,,,,37,,false,false,false,,71,6,6,0,0,0,0,0,0,0,0,0,6,0,0,,Senior/Legend,normal,,,false,false,false,false,0,0,0,,0,false,,senior,senior,,,true,true,
2054/55,wp-lewis-crane,Lewis Crane,62,CHN,Veteran,Senior Tour / Legend Circuit,false,false,false,,0,0,,Amateur,,,,,,,,,,14,,,62,67,58,57,48,59,18,39,36,0,0,0,,0,,,,,,,0,11,1,0,1,0,0,0,0,"{""matches"":1,""wins"":0,""losses"":1,""draws"":0,""winPercentage"":0,""eventsEntered"":0,""titles"":0,""finals"":0,""prizeMoney"":0,""points"":0}",,,,,,,,,,,,,,26,,false,false,false,,71,6,6,0,0,0,0,0,0,0,0,0,6,0,0,,Senior/Legend,normal,,,false,false,false,false,0,0,0,,0,false,,senior,senior,,,true,true,
2054/55,wp-lewis-holt,Lewis Holt,57,CHN,Veteran,Amateur,false,false,false,,0,0,,Amateur,,,,,,,,,,,,,58,62,55,52,46,57,23,31,31,0,0,0,,0,,,,,,,0,0,0,0,0,0,0,0,0,"{""matches"":0,""wins"":0,""losses"":0,""draws"":0,""winPercentage"":0,""eventsEntered"":0,""titles"":0,""finals"":0,""prizeMoney"":0,""points"":0}",,,,,,,,,,,,,,58,,false,false,false,,71,20,14,0,0,0,0,0,7,4,3,0,0,6,0,estimated from season exits versus eligible schedule | 6 eligible events not entered,Amateur,normal,,,false,false,false,false,0,0,0,,0,false,,senior,amateur,,,true,true,
2054/55,wp-lewis-keane,Lewis Keane,49,CHN,Veteran,Amateur,false,false,false,,0,0,,Amateur,,,,,,,,,,,,,57,60,56,52,49,60,31,19,28,0,0,0,,0,,,,,,,0,0,0,0,0,0,0,0,0,"{""matches"":0,""wins"":0,""losses"":0,""draws"":0,""winPercentage"":0,""eventsEntered"":0,""titles"":0,""finals"":0,""prizeMoney"":0,""points"":0}",,,,,,,,,,,,,,70,,false,false,false,,71,20,14,0,0,0,0,0,7,4,3,0,0,6,0,estimated from season exits versus eligible schedule | 6 eligible events not entered,Amateur,normal,,,false,false,false,false,0,0,0,,0,false,,amateur,amateur,,,true,true,
2054/55,wp-lewis-mercer,Lewis Mercer,51,CHN,Veteran,Amateur,false,false,false,,0,0,,Amateur,,,,,,,,,,,,,57,60,56,52,48,59,29,22,28,0,0,0,,0,,,,,,,0,0,0,0,0,0,0,0,0,"{""matches"":0,""wins"":0,""losses"":0,""draws"":0,""winPercentage"":0,""eventsEntered"":0,""titles"":0,""finals"":0,""prizeMoney"":0,""points"":0}",,,,,,,,,,,,,,71,,false,false,false,,71,20,14,0,0,0,0,0,7,4,3,0,0,6,0,estimated from season exits versus eligible schedule | 6 eligible events not entered,Amateur,normal,,,false,false,false,false,0,0,0,,0,false,,amateur,amateur,,,true,true,
2054/55,wp-lewis-nash,Lewis Nash,49,CHN,Veteran,Amateur,false,false,false,,0,0,,Amateur,,,,,,,,,,,,,57,60,56,52,49,60,31,19,28,0,0,0,,0,,,,,,,0,0,0,0,0,0,0,0,0,"{""matches"":0,""wins"":0,""losses"":0,""draws"":0,""winPercentage"":0,""eventsEntered"":0,""titles"":0,""finals"":0,""prizeMoney"":0,""points"":0}",,,,,,,,,,,,,,72,,false,false,false,,71,20,14,0,0,0,0,0,7,4,3,0,0,6,0,estimated from season exits versus eligible schedule | 6 eligible events not entered,Amateur,normal,,,false,false,false,false,0,0,0,,0,false,,amateur,amateur,,,true,true,
2054/55,wp-lewis-sloan,Lewis Sloan,46,CHN,Veteran,Amateur,false,false,false,,0,0,,Amateur,,,,,,,,,,,,,57,60,57,52,50,62,34,14,28,0,0,0,,0,,,,,,,0,0,0,0,0,0,0,0,0,"{""matches"":0,""wins"":0,""losses"":0,""draws"":0,""winPercentage"":0,""eventsEntered"":0,""titles"":0,""finals"":0,""prizeMoney"":0,""points"":0}",,,,,,,,,,,,,,73,,false,false,false,,71,20,14,0,0,0,0,0,7,4,3,0,0,6,0,estimated from season exits versus eligible schedule | 6 eligible events not entered,Amateur,normal,,,false,false,false,false,0,0,0,,0,false,,amateur,amateur,,,true,true,
2054/55,wp-lewis-zhou,Lewis Zhou,59,CHN,Veteran,Amateur,false,false,false,,0,0,,Amateur,,,,,,,,,,,,,60,64,57,55,47,59,21,34,33,0,0,0,,0,,,,,,,0,0,0,0,0,0,0,0,0,"{""matches"":0,""wins"":0,""losses"":0,""draws"":0,""winPercentage"":0,""eventsEntered"":0,""titles"":0,""finals"":0,""prizeMoney"":0,""points"":0}",,,,,,,,,,,,,,42,,false,false,false,,71,20,14,0,0,0,0,0,7,4,3,0,0,6,0,estimated from season exits versus eligible schedule | 6 eligible events not entered,Amateur,normal,,,false,false,false,false,0,0,0,,0,false,,senior,amateur,,,true,true,
2054/55,wp-liam-crane,Liam Crane,60,CHN,Veteran,Senior Tour / Legend Circuit,false,false,false,,0,0,,Amateur,,,,,,,,,,12,,,64,70,61,59,51,62,20,36,39,0,0,0,,0,,,,,,,0,13,0,0,0,0,0,0,0,"{""matches"":0,""wins"":0,""losses"":0,""draws"":0,""winPercentage"":0,""eventsEntered"":0,""titles"":0,""finals"":0,""prizeMoney"":0,""points"":0}",,,,,,,,,,,,,,13,,false,false,false,,71,6,6,0,0,0,0,0,0,0,0,0,6,0,0,,Senior/Legend,normal,,,false,false,false,false,0,0,0,,0,false,,senior,senior,,,true,true,
2054/55,wp-liam-dawes,Liam Dawes,54,CHN,Veteran,Amateur,false,false,false,,0,0,,Amateur,,,,,,,,,,,,,56,59,54,50,46,57,26,26,27,0,0,0,,0,,,,,,,0,0,0,0,0,0,0,0,0,"{""matches"":0,""wins"":0,""losses"":0,""draws"":0,""winPercentage"":0,""eventsEntered"":0,""titles"":0,""finals"":0,""prizeMoney"":0,""points"":0}",,,,,,,,,,,,,,76,,false,false,false,,71,20,14,0,0,0,0,0,7,4,3,0,0,6,0,estimated from season exits versus eligible schedule | 6 eligible events not entered,Amateur,normal,,,false,false,false,false,0,0,0,,0,false,,amateur,amateur,,,true,true,
2054/55,wp-liam-holt,Liam Holt,57,CHN,Veteran,Amateur,false,false,false,,0,0,,Amateur,,,,,,,,,,,,,60,64,57,55,48,59,23,31,33,0,0,0,,0,,,,,,,0,0,0,0,0,0,0,0,0,"{""matches"":0,""wins"":0,""losses"":0,""draws"":0,""winPercentage"":0,""eventsEntered"":0,""titles"":0,""finals"":0,""prizeMoney"":0,""points"":0}",,,,,,,,,,,,,,45,,false,false,false,,71,20,14,0,0,0,0,0,7,4,3,0,0,6,0,estimated from season exits versus eligible schedule | 6 eligible events not entered,Amateur,normal,,,false,false,false,false,0,0,0,,0,false,,senior,amateur,,,true,true,
2054/55,wp-liam-keane,Liam Keane,56,CHN,Veteran,Amateur,false,false,false,,0,0,,Amateur,,,,,,,,,,,,,56,59,54,50,45,56,24,30,27,0,0,0,,0,,,,,,,0,0,0,0,0,0,0,0,0,"{""matches"":0,""wins"":0,""losses"":0,""draws"":0,""winPercentage"":0,""eventsEntered"":0,""titles"":0,""finals"":0,""prizeMoney"":0,""points"":0}",,,,,,,,,,,,,,78,,false,false,false,,71,20,14,0,0,0,0,0,7,4,3,0,0,6,0,estimated from season exits versus eligible schedule | 6 eligible events not entered,Amateur,normal,,,false,false,false,false,0,0,0,,0,false,,amateur,amateur,,,true,true,
2054/55,wp-liam-mercer,Liam Mercer,60,CHN,Veteran,Senior Tour / Legend Circuit,false,false,false,,0,0,,Amateur,,,,,,,,,,23,,,56,59,53,50,43,54,20,36,27,0,0,0,,0,,,,,,,0,2,0,0,0,0,0,0,0,"{""matches"":0,""wins"":0,""losses"":0,""draws"":0,""winPercentage"":0,""eventsEntered"":0,""titles"":0,""finals"":0,""prizeMoney"":0,""points"":0}",,,,,,,,,,,,,,77,,false,false,false,,71,6,6,0,0,0,0,0,0,0,0,0,6,0,0,,Senior/Legend,normal,,,false,false,false,false,0,0,0,,0,false,,amateur,senior,,,true,true,
2054/55,wp-liam-nash,Liam Nash,56,CHN,Veteran,Amateur,false,false,false,,0,0,,Amateur,,,,,,,,,,,,,56,58,54,50,45,56,24,30,27,0,0,0,,0,,,,,,,0,0,0,0,0,0,0,0,0,"{""matches"":0,""wins"":0,""losses"":0,""draws"":0,""winPercentage"":0,""eventsEntered"":0,""titles"":0,""finals"":0,""prizeMoney"":0,""points"":0}",,,,,,,,,,,,,,79,,false,false,false,,71,20,14,0,0,0,0,0,7,4,3,0,0,6,0,estimated from season exits versus eligible schedule | 6 eligible events not entered,Amateur,normal,,,false,false,false,false,0,0,0,,0,false,,amateur,amateur,,,true,true,
2054/55,wp-liam-sloan,Liam Sloan,54,CHN,Veteran,Amateur,false,false,false,,0,0,,Amateur,,,,,,,,,,,,,58,61,56,53,48,59,26,26,30,0,0,0,,0,,,,,,,0,0,0,0,0,0,0,0,0,"{""matches"":0,""wins"":0,""losses"":0,""draws"":0,""winPercentage"":0,""eventsEntered"":0,""titles"":0,""finals"":0,""prizeMoney"":0,""points"":0}",,,,,,,,,,,,,,61,,false,false,false,,71,20,14,0,0,0,0,0,7,4,3,0,0,6,0,estimated from season exits versus eligible schedule | 6 eligible events not entered,Amateur,normal,,,false,false,false,false,0,0,0,,0,false,,senior,amateur,,,true,true,
2054/55,wp-liam-zhou,Liam Zhou,55,CHN,Veteran,Amateur,false,false,false,,0,0,,Amateur,,,,,,,,,,,,,62,67,60,57,51,62,25,28,36,0,0,0,,0,,,,,,,0,0,0,0,0,0,0,0,0,"{""matches"":0,""wins"":0,""losses"":0,""draws"":0,""winPercentage"":0,""eventsEntered"":0,""titles"":0,""finals"":0,""prizeMoney"":0,""points"":0}",,,,,,,,,,,,,,29,,false,false,false,,71,20,14,0,0,0,0,0,7,4,3,0,0,6,0,estimated from season exits versus eligible schedule | 6 eligible events not entered,Amateur,normal,,,false,false,false,false,0,0,0,,0,false,,senior,amateur,,,true,true,
2054/55,wp-luca-mercer,Luca Mercer,42,THA,Veteran,Amateur,false,false,false,,0,0,,Amateur,,,,,,,,,,,,,56,58,56,51,51,63,38,7,26,0,0,0,,0,,,,,,,0,0,0,0,0,0,0,0,0,"{""matches"":0,""wins"":0,""losses"":0,""draws"":0,""winPercentage"":0,""eventsEntered"":0,""titles"":0,""finals"":0,""prizeMoney"":0,""points"":0}",,,,,,,,,,,,,,82,,false,false,false,,71,18,14,0,0,0,0,0,7,4,3,0,0,4,0,estimated from season exits versus eligible schedule | 4 eligible events not entered,Amateur,normal,,,false,false,false,false,0,0,0,,0,false,,amateur,amateur,,,true,true,
2054/55,wp-luca-mercer-a,Luca Mercer A,40,ENG,Veteran,Amateur,false,false,false,,0,0,,Amateur,,,,,,,,,,,,,55,57,56,50,51,63,40,4,25,0,0,0,,0,,,,,,,0,0,0,0,0,0,0,0,0,"{""matches"":0,""wins"":0,""losses"":0,""draws"":0,""winPercentage"":0,""eventsEntered"":0,""titles"":0,""finals"":0,""prizeMoney"":0,""points"":0}",,,,,,,,,,,,,,87,,false,false,false,,71,18,14,0,0,0,0,0,7,4,3,0,0,4,0,estimated from season exits versus eligible schedule | 4 eligible events not entered,Amateur,normal,,,false,false,false,false,0,0,0,,0,false,,amateur,amateur,,,true,true,
2054/55,wp-luca-mercer-b,Luca Mercer B,40,ENG,Veteran,Amateur,false,false,false,,0,0,,Amateur,,,,,,,,,,,,,71,73,72,70,67,86,69,2,29,0,0,0,,0,,,,,,,0,10,3,2,1,66.66666666666666,2,0,0,"{""matches"":3,""wins"":2,""losses"":1,""draws"":0,""winPercentage"":66.66666666666666,""eventsEntered"":0,""titles"":2,""finals"":0,""prizeMoney"":0,""points"":0}",,,,,,,,,,,,,,90,,false,false,false,,71,18,14,0,0,0,0,0,7,4,3,0,0,4,0,estimated from season exits versus eligible schedule | 4 eligible events not entered,Amateur,normal,,,false,false,false,false,0,0,0,,0,false,,amateur,amateur,,,true,true,
2054/55,wp-luca-mercer-c,Luca Mercer C,40,ENG,Veteran,Amateur,false,false,false,,0,0,,Amateur,,,,,,,,,,,,,77,79,78,77,73,95,81,1,27,0,0,0,,0,,,,,,,0,5,1,1,0,100,1,0,0,"{""matches"":1,""wins"":1,""losses"":0,""draws"":0,""winPercentage"":100,""eventsEntered"":0,""titles"":1,""finals"":0,""prizeMoney"":0,""points"":0}",,,,,,,,,,,,,,91,,false,false,false,,71,18,14,0,0,0,0,0,7,4,3,0,0,4,0,estimated from season exits versus eligible schedule | 4 eligible events not entered,Amateur,normal,,,false,false,false,false,0,0,0,,0,false,,amateur,amateur,,,true,true,
2054/55,wp-luca-mercer-d,Luca Mercer D,38,SCO,Amateur,Amateur,false,false,false,,0,0,,Amateur,,,,,,,,,,,,,55,57,56,50,52,64,42,1,25,0,0,0,,0,,,,,,,0,9,0,0,0,0,0,0,0,"{""matches"":0,""wins"":0,""losses"":0,""draws"":0,""winPercentage"":0,""eventsEntered"":0,""titles"":0,""finals"":0,""prizeMoney"":0,""points"":0}",,,,,,,,,,,,,,88,,false,false,false,,71,18,14,0,0,0,0,0,7,4,3,0,0,4,0,estimated from season exits versus eligible schedule | 4 eligible events not entered,Amateur,normal,,,false,false,false,false,0,0,0,,0,false,,amateur,amateur,,,true,true,
2054/55,wp-luca-mercer-f,Luca Mercer F,35,SCO,Amateur,Amateur,false,false,false,,0,0,,Amateur,,,,,,,,,,,,,54,56,56,49,52,63,42,0,25,0,0,0,,0,,,,,,,0,0,0,0,0,0,0,0,0,"{""matches"":0,""wins"":0,""losses"":0,""draws"":0,""winPercentage"":0,""eventsEntered"":0,""titles"":0,""finals"":0,""prizeMoney"":0,""points"":0}",,,,,,,,,,,,,,91,,false,false,false,,71,18,14,0,0,0,0,0,7,4,3,0,0,4,0,estimated from season exits versus eligible schedule | 4 eligible events not entered,Amateur,normal,,,false,false,false,false,0,0,0,,0,false,,amateur,amateur,,,true,true,
2054/55,wp-luca-mercer-g,Luca Mercer G,35,SCO,Amateur,Amateur,false,false,false,,0,0,,Amateur,,,,,,,,,,,,,54,56,56,49,52,63,42,0,24,0,0,0,,0,,,,,,,0,0,0,0,0,0,0,0,0,"{""matches"":0,""wins"":0,""losses"":0,""draws"":0,""winPercentage"":0,""eventsEntered"":0,""titles"":0,""finals"":0,""prizeMoney"":0,""points"":0}",,,,,,,,,,,,,,92,,false,false,false,,71,18,14,0,0,0,0,0,7,4,3,0,0,4,0,estimated from season exits versus eligible schedule | 4 eligible events not entered,Amateur,normal,,,false,false,false,false,0,0,0,,0,false,,amateur,amateur,,,true,true,
2054/55,wp-luca-mercer-h,Luca Mercer H,32,SCO,Amateur,Amateur,false,false,false,,0,0,,Amateur,,,,,,,52,,,,,,55,57,57,50,54,64,42,0,25,0,0,0,,0,,,,,,,0,18,0,0,0,0,0,0,0,"{""matches"":0,""wins"":0,""losses"":0,""draws"":0,""winPercentage"":0,""eventsEntered"":0,""titles"":0,""finals"":0,""prizeMoney"":0,""points"":0}",,,,,,,,,,,,,,90,,false,false,false,,71,18,14,0,0,0,0,0,7,4,3,0,0,4,0,estimated from season exits versus eligible schedule | 4 eligible events not entered,Amateur,normal,,,false,false,false,false,0,0,0,,0,false,,amateur,amateur,,,true,true,
2054/55,wp-luca-mercer-i,Luca Mercer I,32,SCO,Amateur,Amateur,false,false,false,,0,0,,Amateur,,,,,,,42,,,,,,55,57,57,50,54,64,42,0,25,0,0,0,,0,,,,,,,0,20,0,0,0,0,0,0,0,"{""matches"":0,""wins"":0,""losses"":0,""draws"":0,""winPercentage"":0,""eventsEntered"":0,""titles"":0,""finals"":0,""prizeMoney"":0,""points"":0}",,,,,,,,,,,,,,89,,false,false,false,,71,18,14,0,0,0,0,0,7,4,3,0,0,4,0,estimated from season exits versus eligible schedule | 4 eligible events not entered,Amateur,normal,,,false,false,false,false,0,0,0,,0,false,,amateur,amateur,,,true,true,
2054/55,wp-luca-mercer-j,Luca Mercer J,32,SCO,Amateur,Amateur,false,false,false,,0,0,,Amateur,,,,,,,50,,,,,,55,57,57,50,54,64,42,0,25,0,0,0,,0,,,,,,,0,19,0,0,0,0,0,0,0,"{""matches"":0,""wins"":0,""losses"":0,""draws"":0,""winPercentage"":0,""eventsEntered"":0,""titles"":0,""finals"":0,""prizeMoney"":0,""points"":0}",,,,,,,,,,,,,,90,,false,false,false,,71,18,14,0,0,0,0,0,7,4,3,0,0,4,0,estimated from season exits versus eligible schedule | 4 eligible events not entered,Amateur,normal,,,false,false,false,false,0,0,0,,0,false,,amateur,amateur,,,true,true,
2054/55,wp-luca-mercer-k,Luca Mercer K,28,THA,Amateur,Q Tour,false,false,false,,0,0,,Amateur,,,,,,,32,32,,,,,54,56,56,49,54,63,42,0,24,0,0,0,,0,,,,,,,0,21,0,0,0,0,0,0,0,"{""matches"":0,""wins"":0,""losses"":0,""draws"":0,""winPercentage"":0,""eventsEntered"":0,""titles"":0,""finals"":0,""prizeMoney"":0,""points"":0}",,,,,,,,,,,,,,93,,false,false,false,,71,18,7,0,0,0,0,0,3,4,0,0,0,11,4,estimated from season exits versus eligible schedule | 11 eligible events not entered,Q Tour,normal,,,false,false,false,false,0,0,0,,0,false,,qTour,qTour,,,true,true,
2054/55,wp-luca-mercer-l,Luca Mercer L,28,THA,Amateur,Q School,false,false,false,,0,0,,Amateur,,,,,,,23,23,23,,,,54,56,56,49,54,63,42,0,25,0,0,0,,0,,,,,,,0,26,0,0,0,0,0,0,0,"{""matches"":0,""wins"":0,""losses"":0,""draws"":0,""winPercentage"":0,""eventsEntered"":0,""titles"":0,""finals"":0,""prizeMoney"":0,""points"":0}",,,,,,,,,,,,,,91,,false,false,false,,71,18,3,0,0,0,0,0,0,3,0,0,0,15,8,estimated from season exits versus eligible schedule | 15 eligible events not entered,Q School,normal,,,false,false,false,false,0,0,0,,0,false,,qSchool,qSchool,,,true,true,
2054/55,wp-luca-mercer-m,Luca Mercer M,28,THA,Amateur,Q Tour,false,false,false,,0,0,,Amateur,,,,,,,24,25,,,,,54,56,56,49,54,63,42,0,24,0,0,0,,0,,,,,,,0,25,0,0,0,0,0,0,0,"{""matches"":0,""wins"":0,""losses"":0,""draws"":0,""winPercentage"":0,""eventsEntered"":0,""titles"":0,""finals"":0,""prizeMoney"":0,""points"":0}",,,,,,,,,,,,,,92,,false,false,false,,71,18,7,0,0,0,0,0,3,4,0,0,0,11,4,estimated from season exits versus eligible schedule | 11 eligible events not entered,Q Tour,normal,,,false,false,false,false,0,0,0,,0,false,,qTour,qTour,,,true,true,
2054/55,wp-luca-mercer-r,Luca Mercer R,20,ENG,Amateur,Q School,false,false,false,,0,0,,Amateur,94,94,,94,,,30,28,26,,94,,54,61,56,49,54,63,42,0,24,0,0,0,,0,,,,,,,0,0,0,0,0,0,0,0,0,"{""matches"":0,""wins"":0,""losses"":0,""draws"":0,""winPercentage"":0,""eventsEntered"":0,""titles"":0,""finals"":0,""prizeMoney"":0,""points"":0}",,,,,,,,,,,,,,94,,false,false,false,,71,18,3,0,0,0,0,0,0,3,0,0,0,15,8,estimated from season exits versus eligible schedule | 15 eligible events not entered,Q School,normal,,,false,false,false,false,0,0,0,,0,false,,youth,qSchool,,,true,true,
2054/55,wp-luca-mercer-u,Luca Mercer U,18,SCO,Amateur,Q School,false,false,false,,0,0,,Amateur,,,,,,,8,8,12,,,,50,57,52,44,50,59,42,0,18,0,0,0,,0,,,,,,,0,14,0,0,0,0,0,0,0,"{""matches"":0,""wins"":0,""losses"":0,""draws"":0,""winPercentage"":0,""eventsEntered"":0,""titles"":0,""finals"":0,""prizeMoney"":0,""points"":0}",,,,,,,,,,,,,,,,false,false,false,,71,18,3,0,0,0,0,0,0,3,0,0,0,15,8,estimated from season exits versus eligible schedule | 15 eligible events not entered,Q School,normal,,,false,false,false,false,0,0,0,,0,false,,qSchool,qSchool,,,true,true,
2054/55,wp-luca-mercer-v,Luca Mercer V,15,SCO,Youth,Amateur,false,false,false,,0,0,,Amateur,,,,,,,,,,,,,50,59,52,44,50,59,42,0,18,0,0,0,,0,,,,,,,0,8,0,0,0,0,0,0,0,"{""matches"":0,""wins"":0,""losses"":0,""draws"":0,""winPercentage"":0,""eventsEntered"":0,""titles"":0,""finals"":0,""prizeMoney"":0,""points"":0}",,,,,,,,,,,,,,,,false,false,false,,71,37,14,0,0,0,0,0,7,4,0,3,0,23,0,estimated from season exits versus eligible schedule | 23 eligible events not entered,Youth,normal,,,false,false,false,false,0,0,0,,0,false,,youth,youth,,,true,true,
2054/55,wp-luca-mercer-w,Luca Mercer W,15,SCO,Youth,Amateur,false,false,false,,0,0,,Amateur,,,,,,,,,,,,,50,59,52,44,50,59,42,0,18,,,,,,,,,,,,,,0,0,0,0,0,0,0,"{""matches"":0,""wins"":0,""losses"":0,""draws"":0,""winPercentage"":0,""eventsEntered"":0,""titles"":0,""finals"":0,""prizeMoney"":0,""points"":0}",,,,,,,,,,,,,,,,,false,false,,71,37,14,0,0,0,0,0,7,4,0,3,0,23,0,estimated from season exits versus eligible schedule | 23 eligible events not entered,Youth,normal,,,false,false,false,false,0,0,0,,0,false,,youth,youth,,,true,true,
2054/55,wp-luca-wren,Luca Wren,59,SCO,Veteran,Senior Tour / Legend Circuit,false,false,false,,0,0,,Amateur,,,,,,,,,,10,,,65,71,62,61,52,64,21,34,40,0,0,0,,0,,,,,,,0,15,0,0,0,0,0,0,0,"{""matches"":0,""wins"":0,""losses"":0,""draws"":0,""winPercentage"":0,""eventsEntered"":0,""titles"":0,""finals"":0,""prizeMoney"":0,""points"":0}",,,,,,,,,,,,,,4,,false,false,false,,71,6,6,0,0,0,0,0,0,0,0,0,6,0,0,,Senior/Legend,normal,,,false,false,false,false,0,0,0,,0,false,,senior,senior,,,true,true,
2054/55,wp-marcus-crane,Marcus Crane,62,WAL,Veteran,Senior Tour / Legend Circuit,false,false,false,,0,0,,Amateur,,,,,,,,,,8,,,86,92,82,86,72,93,59,36,41,0,0,0,,0,,,,,,,0,17,1,1,0,100,1,0,0,"{""matches"":1,""wins"":1,""losses"":0,""draws"":0,""winPercentage"":100,""eventsEntered"":0,""titles"":1,""finals"":0,""prizeMoney"":0,""points"":0}",,,,,,,,,,,,,,14,,false,false,false,,71,6,6,0,0,0,0,0,0,0,0,0,6,0,0,,Senior/Legend,normal,,,false,false,false,false,0,0,0,,0,false,,senior,senior,,,true,true,
2054/55,wp-marcus-dawes,Marcus Dawes,56,WAL,Veteran,Amateur,false,false,false,,0,0,,Amateur,,,,,,,,,,,,,55,57,53,49,44,55,24,30,26,0,0,0,,0,,,,,,,0,0,0,0,0,0,0,0,0,"{""matches"":0,""wins"":0,""losses"":0,""draws"":0,""winPercentage"":0,""eventsEntered"":0,""titles"":0,""finals"":0,""prizeMoney"":0,""points"":0}",,,,,,,,,,,,,,85,,false,false,false,,71,20,14,0,0,0,0,0,7,4,3,0,0,6,0,estimated from season exits versus eligible schedule | 6 eligible events not entered,Amateur,normal,,,false,false,false,false,0,0,0,,0,false,,amateur,amateur,,,true,true,
2054/55,wp-marcus-holt,Marcus Holt,55,WAL,Veteran,Amateur,false,false,false,,0,0,,Amateur,,,,,,,,,,,,,60,64,58,55,49,60,25,28,33,0,0,0,,0,,,,,,,0,0,0,0,0,0,0,0,0,"{""matches"":0,""wins"":0,""losses"":0,""draws"":0,""winPercentage"":0,""eventsEntered"":0,""titles"":0,""finals"":0,""prizeMoney"":0,""points"":0}",,,,,,,,,,,,,,46,,false,false,false,,71,20,14,0,0,0,0,0,7,4,3,0,0,6,0,estimated from season exits versus eligible schedule | 6 eligible events not entered,Amateur,normal,,,false,false,false,false,0,0,0,,0,false,,senior,amateur,,,true,true,
2054/55,wp-marcus-keane,Marcus Keane,77,WAL,Veteran,Senior Tour / Legend Circuit,false,false,false,,0,0,,Amateur,,,,,,,,,,4,,,55,57,48,47,35,46,10,62,25,0,0,0,,0,,,,,,,0,21,0,0,0,0,0,0,0,"{""matches"":0,""wins"":0,""losses"":0,""draws"":0,""winPercentage"":0,""eventsEntered"":0,""titles"":0,""finals"":0,""prizeMoney"":0,""points"":0}",,,,,,,,,,,,,,88,,false,false,false,,71,6,6,0,0,0,0,0,0,0,0,0,6,0,0,,Senior/Legend,normal,,,false,false,false,false,0,0,0,,0,false,,amateur,senior,,,true,true,
2054/55,wp-marcus-mercer,Marcus Mercer,46,WAL,Veteran,Amateur,false,false,false,,0,0,,Amateur,,,,,,,,,,,,,56,59,56,51,49,61,34,14,27,0,0,0,,0,,,,,,,0,0,0,0,0,0,0,0,0,"{""matches"":0,""wins"":0,""losses"":0,""draws"":0,""winPercentage"":0,""eventsEntered"":0,""titles"":0,""finals"":0,""prizeMoney"":0,""points"":0}",,,,,,,,,,,,,,78,,false,false,false,,71,20,14,0,0,0,0,0,7,4,3,0,0,6,0,estimated from season exits versus eligible schedule | 6 eligible events not entered,Amateur,normal,,,false,false,false,false,0,0,0,,0,false,,amateur,amateur,,,true,true,
2054/55,wp-marcus-nash,Marcus Nash,54,WAL,Veteran,Amateur,false,false,false,,0,0,,Amateur,,,,,,,,,,,,,55,57,53,49,45,56,26,26,25,0,0,0,,0,,,,,,,0,0,0,0,0,0,0,0,0,"{""matches"":0,""wins"":0,""losses"":0,""draws"":0,""winPercentage"":0,""eventsEntered"":0,""titles"":0,""finals"":0,""prizeMoney"":0,""points"":0}",,,,,,,,,,,,,,88,,false,false,false,,71,20,14,0,0,0,0,0,7,4,3,0,0,6,0,estimated from season exits versus eligible schedule | 6 eligible events not entered,Amateur,normal,,,false,false,false,false,0,0,0,,0,false,,amateur,amateur,,,true,true,
2054/55,wp-marcus-sloan,Marcus Sloan,56,WAL,Veteran,Amateur,false,false,false,,0,0,,Amateur,,,,,,,,,,,,,58,61,56,52,47,58,24,30,30,0,0,0,,0,,,,,,,0,0,0,0,0,0,0,0,0,"{""matches"":0,""wins"":0,""losses"":0,""draws"":0,""winPercentage"":0,""eventsEntered"":0,""titles"":0,""finals"":0,""prizeMoney"":0,""points"":0}",,,,,,,,,,,,,,62,,false,false,false,,71,20,14,0,0,0,0,0,7,4,3,0,0,6,0,estimated from season exits versus eligible schedule | 6 eligible events not entered,Amateur,normal,,,false,false,false,false,0,0,0,,0,false,,senior,amateur,,,true,true,
2054/55,wp-marcus-zhou,Marcus Zhou,53,WAL,Veteran,Amateur,false,false,false,,0,0,,Amateur,,,,,,,,,,,,,62,67,60,58,52,63,27,25,36,0,0,0,,0,,,,,,,0,0,0,0,0,0,0,0,0,"{""matches"":0,""wins"":0,""losses"":0,""draws"":0,""winPercentage"":0,""eventsEntered"":0,""titles"":0,""finals"":0,""prizeMoney"":0,""points"":0}",,,,,,,,,,,,,,30,,false,false,false,,71,20,14,0,0,0,0,0,7,4,3,0,0,6,0,estimated from season exits versus eligible schedule | 6 eligible events not entered,Amateur,normal,,,false,false,false,false,0,0,0,,0,false,,senior,amateur,,,true,true,
2054/55,wp-mason-crane,Mason Crane,79,IRL,Veteran,Senior Tour / Legend Circuit,false,false,false,,0,0,,Amateur,,,,,,,,,,1,,,63,69,56,57,41,54,10,65,38,0,0,0,,0,,,,,,,0,24,0,0,0,0,0,0,0,"{""matches"":0,""wins"":0,""losses"":0,""draws"":0,""winPercentage"":0,""eventsEntered"":0,""titles"":0,""finals"":0,""prizeMoney"":0,""points"":0}",,,,,,,,,,,,,,17,,false,false,false,,71,6,6,0,0,0,0,0,0,0,0,0,6,0,0,,Senior/Legend,normal,,,false,false,false,false,0,0,0,,0,false,,senior,senior,,,true,true,
2054/55,wp-mason-holt,Mason Holt,52,IRL,Veteran,Amateur,false,false,false,,0,0,,Amateur,,,,,,,,,,,,,59,63,57,54,49,61,28,23,32,0,0,0,,0,,,,,,,0,0,1,0,1,0,0,0,0,"{""matches"":1,""wins"":0,""losses"":1,""draws"":0,""winPercentage"":0,""eventsEntered"":0,""titles"":0,""finals"":0,""prizeMoney"":0,""points"":0}",,,,,,,,,,,,,,49,,false,false,false,,71,20,14,0,0,0,0,0,7,4,3,0,0,6,0,estimated from season exits versus eligible schedule | 6 eligible events not entered,Amateur,normal,,,false,false,false,false,0,0,0,,0,false,,senior,amateur,,,true,true,
2054/55,wp-mason-keane,Mason Keane,47,IRL,Veteran,Amateur,false,false,false,,0,0,,Amateur,,,,,,,,,,,,,54,56,53,48,47,59,33,15,24,0,0,0,,0,,,,,,,0,0,0,0,0,0,0,0,0,"{""matches"":0,""wins"":0,""losses"":0,""draws"":0,""winPercentage"":0,""eventsEntered"":0,""titles"":0,""finals"":0,""prizeMoney"":0,""points"":0}",,,,,,,,,,,,,,92,,false,false,false,,71,20,14,0,0,0,0,0,7,4,3,0,0,6,0,estimated from season exits versus eligible schedule | 6 eligible events not entered,Amateur,normal,,,false,false,false,false,0,0,0,,0,false,,amateur,amateur,,,true,true,
2054/55,wp-mason-mercer,Mason Mercer,49,IRL,Veteran,Amateur,false,false,false,,0,0,,Amateur,,,,,,,,,,,,,56,58,55,51,48,59,31,19,26,0,0,0,,0,,,,,,,0,0,0,0,0,0,0,0,0,"{""matches"":0,""wins"":0,""losses"":0,""draws"":0,""winPercentage"":0,""eventsEntered"":0,""titles"":0,""finals"":0,""prizeMoney"":0,""points"":0}",,,,,,,,,,,,,,81,,false,false,false,,71,20,14,0,0,0,0,0,7,4,3,0,0,6,0,estimated from season exits versus eligible schedule | 6 eligible events not entered,Amateur,normal,,,false,false,false,false,0,0,0,,0,false,,amateur,amateur,,,true,true,
2054/55,wp-mason-nash,Mason Nash,49,IRL,Veteran,Amateur,false,false,false,,0,0,,Amateur,,,,,,,,,,,,,54,56,53,48,46,57,31,19,24,0,0,0,,0,,,,,,,0,0,0,0,0,0,0,0,0,"{""matches"":0,""wins"":0,""losses"":0,""draws"":0,""winPercentage"":0,""eventsEntered"":0,""titles"":0,""finals"":0,""prizeMoney"":0,""points"":0}",,,,,,,,,,,,,,94,,false,false,false,,71,20,14,0,0,0,0,0,7,4,3,0,0,6,0,estimated from season exits versus eligible schedule | 6 eligible events not entered,Amateur,normal,,,false,false,false,false,0,0,0,,0,false,,amateur,amateur,,,true,true,
2054/55,wp-mason-sloan,Mason Sloan,50,IRL,Veteran,Amateur,false,false,false,,0,0,,Amateur,,,,,,,,,,,,,58,61,57,53,49,61,30,20,29,0,0,0,,0,,,,,,,0,0,0,0,0,0,0,0,0,"{""matches"":0,""wins"":0,""losses"":0,""draws"":0,""winPercentage"":0,""eventsEntered"":0,""titles"":0,""finals"":0,""prizeMoney"":0,""points"":0}",,,,,,,,,,,,,,65,,false,false,false,,71,20,14,0,0,0,0,0,7,4,3,0,0,6,0,estimated from season exits versus eligible schedule | 6 eligible events not entered,Amateur,normal,,,false,false,false,false,0,0,0,,0,false,,amateur,amateur,,,true,true,
2054/55,wp-mason-zhou,Mason Zhou,54,IRL,Veteran,Amateur,false,false,false,,0,0,,Amateur,,,,,,,,,,,,,61,66,59,56,51,62,26,26,35,0,0,0,,0,,,,,,,0,0,0,0,0,0,0,0,0,"{""matches"":0,""wins"":0,""losses"":0,""draws"":0,""winPercentage"":0,""eventsEntered"":0,""titles"":0,""finals"":0,""prizeMoney"":0,""points"":0}",,,,,,,,,,,,,,33,,false,false,false,,71,20,14,0,0,0,0,0,7,4,3,0,0,6,0,estimated from season exits versus eligible schedule | 6 eligible events not entered,Amateur,normal,,,false,false,false,false,0,0,0,,0,false,,senior,amateur,,,true,true,
2054/55,wp-mika-keane,Mika Keane,42,WAL,Veteran,Amateur,false,false,false,,0,0,,Amateur,,,,,,,,,,,,,54,56,54,49,49,61,38,7,24,0,0,0,,0,,,,,,,0,0,0,0,0,0,0,0,0,"{""matches"":0,""wins"":0,""losses"":0,""draws"":0,""winPercentage"":0,""eventsEntered"":0,""titles"":0,""finals"":0,""prizeMoney"":0,""points"":0}",,,,,,,,,,,,,,95,,false,false,false,,71,18,14,0,0,0,0,0,7,4,3,0,0,4,0,estimated from season exits versus eligible schedule | 4 eligible events not entered,Amateur,normal,,,false,false,false,false,0,0,0,,0,false,,amateur,amateur,,,true,true,
2054/55,wp-mika-keane-a,Mika Keane A,42,WAL,Veteran,Amateur,false,false,false,,0,0,,Amateur,,,,,,,,,,,,,54,56,54,49,49,61,38,7,24,0,0,0,,0,,,,,,,0,0,1,0,1,0,0,0,0,"{""matches"":1,""wins"":0,""losses"":1,""draws"":0,""winPercentage"":0,""eventsEntered"":0,""titles"":0,""finals"":0,""prizeMoney"":0,""points"":0}",,,,,,,,,,,,,,96,,false,false,false,,71,18,14,0,0,0,0,0,7,4,3,0,0,4,0,estimated from season exits versus eligible schedule | 4 eligible events not entered,Amateur,normal,,,false,false,false,false,0,0,0,,0,false,,amateur,amateur,,,true,true,
2054/55,wp-mika-keane-b,Mika Keane B,40,IRL,Veteran,Amateur,false,false,false,,0,0,,Amateur,,,,,,,,,,,,,54,56,55,49,50,62,40,4,24,0,0,0,,0,,,,,,,0,0,0,0,0,0,0,0,0,"{""matches"":0,""wins"":0,""losses"":0,""draws"":0,""winPercentage"":0,""eventsEntered"":0,""titles"":0,""finals"":0,""prizeMoney"":0,""points"":0}",,,,,,,,,,,,,,97,,false,false,false,,71,18,14,0,0,0,0,0,7,4,3,0,0,4,0,estimated from season exits versus eligible schedule | 4 eligible events not entered,Amateur,normal,,,false,false,false,false,0,0,0,,0,false,,amateur,amateur,,,true,true,
2054/55,wp-mika-keane-c,Mika Keane C,40,IRL,Veteran,Amateur,false,false,false,,0,0,,Amateur,,,,,,,,,,,,,65,66,66,62,61,78,61,3,25,0,0,0,,0,,,,,,,0,0,2,1,1,50,1,0,0,"{""matches"":2,""wins"":1,""losses"":1,""draws"":0,""winPercentage"":50,""eventsEntered"":0,""titles"":1,""finals"":0,""prizeMoney"":0,""points"":0}",,,,,,,,,,,,,,103,,false,false,false,,71,18,14,0,0,0,0,0,7,4,3,0,0,4,0,estimated from season exits versus eligible schedule | 4 eligible events not entered,Amateur,normal,,,false,false,false,false,0,0,0,,0,false,,amateur,amateur,,,true,true,
2054/55,wp-mika-keane-d,Mika Keane D,37,IRL,Amateur,Amateur,false,false,false,,0,0,,Amateur,,,,,,,,,,,,,54,56,55,49,52,63,42,0,23,0,0,0,,0,,,,,,,0,0,0,0,0,0,0,0,0,"{""matches"":0,""wins"":0,""losses"":0,""draws"":0,""winPercentage"":0,""eventsEntered"":0,""titles"":0,""finals"":0,""prizeMoney"":0,""points"":0}",,,,,,,,,,,,,,98,,false,false,false,,71,18,14,0,0,0,0,0,7,4,3,0,0,4,0,estimated from season exits versus eligible schedule | 4 eligible events not entered,Amateur,normal,,,false,false,false,false,0,0,0,,0,false,,amateur,amateur,,,true,true,
2054/55,wp-mika-keane-e,Mika Keane E,36,CHN,Amateur,Amateur,false,false,false,,0,0,,Amateur,,,,,,,,,,,,,53,54,55,48,51,62,42,0,23,0,0,0,,0,,,,,,,0,0,0,0,0,0,0,0,0,"{""matches"":0,""wins"":0,""losses"":0,""draws"":0,""winPercentage"":0,""eventsEntered"":0,""titles"":0,""finals"":0,""prizeMoney"":0,""points"":0}",,,,,,,,,,,,,,99,,false,false,false,,71,18,14,0,0,0,0,0,7,4,3,0,0,4,0,estimated from season exits versus eligible schedule | 4 eligible events not entered,Amateur,normal,,,false,false,false,false,0,0,0,,0,false,,amateur,amateur,,,true,true,
2054/55,wp-mika-keane-f,Mika Keane F,36,CHN,Amateur,Amateur,false,false,false,,0,0,,Amateur,,,,,,,,,,,,,54,56,56,49,52,63,42,0,24,0,0,0,,0,,,,,,,0,7,0,0,0,0,0,0,0,"{""matches"":0,""wins"":0,""losses"":0,""draws"":0,""winPercentage"":0,""eventsEntered"":0,""titles"":0,""finals"":0,""prizeMoney"":0,""points"":0}",,,,,,,,,,,,,,95,,false,false,false,,71,18,14,0,0,0,0,0,7,4,3,0,0,4,0,estimated from season exits versus eligible schedule | 4 eligible events not entered,Amateur,normal,,,false,false,false,false,0,0,0,,0,false,,amateur,amateur,,,true,true,
2054/55,wp-mika-keane-g,Mika Keane G,33,CHN,Amateur,Amateur,false,false,false,,0,0,,Amateur,,,,,,,61,,,,,,54,56,56,49,53,63,42,0,24,0,0,0,,0,,,,,,,0,15,0,0,0,0,0,0,0,"{""matches"":0,""wins"":0,""losses"":0,""draws"":0,""winPercentage"":0,""eventsEntered"":0,""titles"":0,""finals"":0,""prizeMoney"":0,""points"":0}",,,,,,,,,,,,,,96,,false,false,false,,71,18,14,0,0,0,0,0,7,4,3,0,0,4,0,estimated from season exits versus eligible schedule | 4 eligible events not entered,Amateur,normal,,,false,false,false,false,0,0,0,,0,false,,amateur,amateur,,,true,true,
2054/55,wp-mika-keane-h,Mika Keane H,33,CHN,Amateur,Amateur,false,false,false,,0,0,,Amateur,,,,,,,63,,,,,,53,54,55,48,52,62,42,0,23,0,0,0,,0,,,,,,,0,11,0,0,0,0,0,0,0,"{""matches"":0,""wins"":0,""losses"":0,""draws"":0,""winPercentage"":0,""eventsEntered"":0,""titles"":0,""finals"":0,""prizeMoney"":0,""points"":0}",,,,,,,,,,,,,,100,,false,false,false,,71,18,14,0,0,0,0,0,7,4,3,0,0,4,0,estimated from season exits versus eligible schedule | 4 eligible events not entered,Amateur,normal,,,false,false,false,false,0,0,0,,0,false,,amateur,amateur,,,true,true,
2054/55,wp-mika-keane-i,Mika Keane I,33,CHN,Amateur,Amateur,false,false,false,,0,0,,Amateur,,,,,,,62,,,,,,54,56,56,49,53,63,42,0,24,0,0,0,,0,,,,,,,0,14,0,0,0,0,0,0,0,"{""matches"":0,""wins"":0,""losses"":0,""draws"":0,""winPercentage"":0,""eventsEntered"":0,""titles"":0,""finals"":0,""prizeMoney"":0,""points"":0}",,,,,,,,,,,,,,97,,false,false,false,,71,18,14,0,0,0,0,0,7,4,3,0,0,4,0,estimated from season exits versus eligible schedule | 4 eligible events not entered,Amateur,normal,,,false,false,false,false,0,0,0,,0,false,,amateur,amateur,,,true,true,
2054/55,wp-mika-keane-j,Mika Keane J,30,CHN,Amateur,Amateur,false,false,false,,0,0,,Amateur,97,97,,97,,,48,,,,97,,54,56,56,49,54,63,42,0,24,0,0,0,,0,,,,,,,0,0,0,0,0,0,0,0,0,"{""matches"":0,""wins"":0,""losses"":0,""draws"":0,""winPercentage"":0,""eventsEntered"":0,""titles"":0,""finals"":0,""prizeMoney"":0,""points"":0}",,,,,,,,,,,,,,97,,false,false,false,,71,18,14,0,0,0,0,0,7,4,3,0,0,4,0,estimated from season exits versus eligible schedule | 4 eligible events not entered,Amateur,normal,,,false,false,false,false,0,0,0,,0,false,,amateur,amateur,,,true,true,
2054/55,wp-mika-keane-k,Mika Keane K,30,CHN,Amateur,Amateur,false,false,false,,0,0,,Amateur,98,98,,98,,,49,,,,98,,54,56,56,49,54,63,42,0,23,0,0,0,,0,,,,,,,0,0,0,0,0,0,0,0,0,"{""matches"":0,""wins"":0,""losses"":0,""draws"":0,""winPercentage"":0,""eventsEntered"":0,""titles"":0,""finals"":0,""prizeMoney"":0,""points"":0}",,,,,,,,,,,,,,98,,false,false,false,,71,18,14,0,0,0,0,0,7,4,3,0,0,4,0,estimated from season exits versus eligible schedule | 4 eligible events not entered,Amateur,normal,,,false,false,false,false,0,0,0,,0,false,,amateur,amateur,,,true,true,
2054/55,wp-mika-keane-l,Mika Keane L,28,WAL,Amateur,Q Tour,false,false,false,,0,0,,Amateur,,,,,,,25,27,,,,,53,54,55,48,53,62,42,0,23,0,0,0,,0,,,,,,,0,24,0,0,0,0,0,0,0,"{""matches"":0,""wins"":0,""losses"":0,""draws"":0,""winPercentage"":0,""eventsEntered"":0,""titles"":0,""finals"":0,""prizeMoney"":0,""points"":0}",,,,,,,,,,,,,,99,,false,false,false,,71,18,7,0,0,0,0,0,3,4,0,0,0,11,4,estimated from season exits versus eligible schedule | 11 eligible events not entered,Q Tour,normal,,,false,false,false,false,0,0,0,,0,false,,qTour,qTour,,,true,true,
2054/55,wp-mika-keane-m,Mika Keane M,28,WAL,Amateur,Q Tour,false,false,false,,0,0,,Amateur,,,,,,,26,29,,,,,53,54,55,48,53,62,42,0,23,0,0,0,,0,,,,,,,0,23,0,0,0,0,0,0,0,"{""matches"":0,""wins"":0,""losses"":0,""draws"":0,""winPercentage"":0,""eventsEntered"":0,""titles"":0,""finals"":0,""prizeMoney"":0,""points"":0}",,,,,,,,,,,,,,100,,false,false,false,,71,18,7,0,0,0,0,0,3,4,0,0,0,11,4,estimated from season exits versus eligible schedule | 11 eligible events not entered,Q Tour,normal,,,false,false,false,false,0,0,0,,0,false,,qTour,qTour,,,true,true,
2054/55,wp-mika-keane-n,Mika Keane N,25,WAL,Amateur,Q School,false,false,false,,0,0,,Amateur,99,99,,99,,,36,,30,,99,,53,57,55,48,53,62,42,0,23,0,0,0,,0,,,,,,,0,0,0,0,0,0,0,0,0,"{""matches"":0,""wins"":0,""losses"":0,""draws"":0,""winPercentage"":0,""eventsEntered"":0,""titles"":0,""finals"":0,""prizeMoney"":0,""points"":0}",,,,,,,,,,,,,,99,,false,false,false,,71,18,3,0,0,0,0,0,0,3,0,0,0,15,8,estimated from season exits versus eligible schedule | 15 eligible events not entered,Q School,normal,,,false,false,false,false,0,0,0,,0,false,,qTour,qSchool,,,true,true,
2054/55,wp-mika-keane-r,Mika Keane R,20,IRL,Amateur,Q Tour,false,false,false,,0,0,,Amateur,101,101,,101,,,31,30,,,101,,53,60,55,48,53,62,42,0,23,0,0,0,,0,,,,,,,0,0,0,0,0,0,0,0,0,"{""matches"":0,""wins"":0,""losses"":0,""draws"":0,""winPercentage"":0,""eventsEntered"":0,""titles"":0,""finals"":0,""prizeMoney"":0,""points"":0}",,,,,,,,,,,,,,101,,false,false,false,,71,18,7,0,0,0,0,0,3,4,0,0,0,11,4,estimated from season exits versus eligible schedule | 11 eligible events not entered,Q Tour,normal,,,false,false,false,false,0,0,0,,0,false,,youth,qTour,,,true,true,
2054/55,wp-mika-keane-v,Mika Keane V,14,WAL,Youth,Amateur,false,false,false,,0,0,,Amateur,,,,,,,,,,,,,50,60,52,44,50,59,42,0,18,,,,,,,,,,,,,,0,0,0,0,0,0,0,"{""matches"":0,""wins"":0,""losses"":0,""draws"":0,""winPercentage"":0,""eventsEntered"":0,""titles"":0,""finals"":0,""prizeMoney"":0,""points"":0}",,,,,,,,,,,,,,,,,false,false,,71,37,14,0,0,0,0,0,7,4,0,3,0,23,0,estimated from season exits versus eligible schedule | 23 eligible events not entered,Youth,normal,,,false,false,false,false,0,0,0,,0,false,,youth,youth,,,true,true,
2054/55,wp-milan-frost,Milan Frost,63,WAL,Veteran,Senior Tour / Legend Circuit,false,false,false,,0,0,,Amateur,,,,,,,,,,3,,,65,71,61,60,50,61,17,41,41,0,0,0,,0,,,,,,,0,22,0,0,0,0,0,0,0,"{""matches"":0,""wins"":0,""losses"":0,""draws"":0,""winPercentage"":0,""eventsEntered"":0,""titles"":0,""finals"":0,""prizeMoney"":0,""points"":0}",,,,,,,,,,,,,,2,,false,false,false,,71,6,6,0,0,0,0,0,0,0,0,0,6,0,0,,Senior/Legend,normal,,,false,false,false,false,0,0,0,,0,false,,senior,senior,,,true,true,
2054/55,wp-nico-arden,Nico Arden,57,BEL,Veteran,Amateur,false,false,false,,0,0,,Amateur,,,,,,,,,,,,,65,71,62,61,53,64,23,31,41,0,0,0,,0,,,,,,,0,0,0,0,0,0,0,0,0,"{""matches"":0,""wins"":0,""losses"":0,""draws"":0,""winPercentage"":0,""eventsEntered"":0,""titles"":0,""finals"":0,""prizeMoney"":0,""points"":0}",,,,,,,,,,,,,,1,,false,false,false,,71,20,14,0,0,0,0,0,7,4,3,0,0,6,0,estimated from season exits versus eligible schedule | 6 eligible events not entered,Amateur,normal,,,false,false,false,false,0,0,0,,0,false,,senior,amateur,,,true,true,
2054/55,wp-noah-bennett,Noah Bennett,44,IRL,Veteran,Amateur,false,false,false,,0,0,,Amateur,,,,,,,,,,,,,53,54,53,48,47,59,36,11,23,0,0,0,,0,,,,,,,0,0,0,0,0,0,0,0,0,"{""matches"":0,""wins"":0,""losses"":0,""draws"":0,""winPercentage"":0,""eventsEntered"":0,""titles"":0,""finals"":0,""prizeMoney"":0,""points"":0}",,,,,,,,,,,,,,100,,false,false,false,,71,18,14,0,0,0,0,0,7,4,3,0,0,4,0,estimated from season exits versus eligible schedule | 4 eligible events not entered,Amateur,normal,,,false,false,false,false,0,0,0,,0,false,,amateur,amateur,,,true,true,
2054/55,wp-noah-bennett-a,Noah Bennett A,42,AUS,Veteran,Amateur,false,false,false,,0,0,,Amateur,,,,,,,,,,,,,53,54,53,48,48,60,38,7,22,0,0,0,,0,,,,,,,0,0,0,0,0,0,0,0,0,"{""matches"":0,""wins"":0,""losses"":0,""draws"":0,""winPercentage"":0,""eventsEntered"":0,""titles"":0,""finals"":0,""prizeMoney"":0,""points"":0}",,,,,,,,,,,,,,105,,false,false,false,,71,18,14,0,0,0,0,0,7,4,3,0,0,4,0,estimated from season exits versus eligible schedule | 4 eligible events not entered,Amateur,normal,,,false,false,false,false,0,0,0,,0,false,,amateur,amateur,,,true,true,
2054/55,wp-noah-bennett-b,Noah Bennett B,39,AUS,Amateur,Amateur,false,false,false,,0,0,,Amateur,,,,,,,,,,,,,76,77,77,75,73,94,82,0,24,0,0,0,,0,,,,,,,0,0,1,1,0,100,1,0,0,"{""matches"":1,""wins"":1,""losses"":0,""draws"":0,""winPercentage"":100,""eventsEntered"":0,""titles"":1,""finals"":0,""prizeMoney"":0,""points"":0}",,,,,,,,,,,,,,104,,false,false,false,,71,18,14,0,0,0,0,0,7,4,3,0,0,4,0,estimated from season exits versus eligible schedule | 4 eligible events not entered,Amateur,normal,,,false,false,false,false,0,0,0,,0,false,,amateur,amateur,,,true,true,
2054/55,wp-noah-bennett-c,Noah Bennett C,39,AUS,Amateur,Amateur,false,false,false,,0,0,,Amateur,,,,,,,,,,,,,75,76,76,74,72,93,82,0,24,0,0,0,,0,,,,,,,0,0,1,1,0,100,1,0,0,"{""matches"":1,""wins"":1,""losses"":0,""draws"":0,""winPercentage"":100,""eventsEntered"":0,""titles"":1,""finals"":0,""prizeMoney"":0,""points"":0}",,,,,,,,,,,,,,105,,false,false,false,,71,18,14,0,0,0,0,0,7,4,3,0,0,4,0,estimated from season exits versus eligible schedule | 4 eligible events not entered,Amateur,normal,,,false,false,false,false,0,0,0,,0,false,,amateur,amateur,,,true,true,
2054/55,wp-noah-bennett-d,Noah Bennett D,39,AUS,Amateur,Amateur,false,false,false,,0,0,,Amateur,,,,,,,,,,,,,53,54,54,48,50,61,41,3,22,0,0,0,,0,,,,,,,0,0,0,0,0,0,0,0,0,"{""matches"":0,""wins"":0,""losses"":0,""draws"":0,""winPercentage"":0,""eventsEntered"":0,""titles"":0,""finals"":0,""prizeMoney"":0,""points"":0}",,,,,,,,,,,,,,106,,false,false,false,,71,18,14,0,0,0,0,0,7,4,3,0,0,4,0,estimated from season exits versus eligible schedule | 4 eligible events not entered,Amateur,normal,,,false,false,false,false,0,0,0,,0,false,,amateur,amateur,,,true,true,
2054/55,wp-noah-bennett-e,Noah Bennett E,36,AUS,Amateur,Amateur,false,false,false,,0,0,,Amateur,,,,,,,,,,,,,53,54,55,48,51,62,42,0,23,0,0,0,,0,,,,,,,0,0,0,0,0,0,0,0,0,"{""matches"":0,""wins"":0,""losses"":0,""draws"":0,""winPercentage"":0,""eventsEntered"":0,""titles"":0,""finals"":0,""prizeMoney"":0,""points"":0}",,,,,,,,,,,,,,102,,false,false,false,,71,18,14,0,0,0,0,0,7,4,3,0,0,4,0,estimated from season exits versus eligible schedule | 4 eligible events not entered,Amateur,normal,,,false,false,false,false,0,0,0,,0,false,,amateur,amateur,,,true,true,
2054/55,wp-noah-bennett-f,Noah Bennett F,36,AUS,Amateur,Amateur,false,false,false,,0,0,,Amateur,,,,,,,,,,,,,53,54,55,48,51,62,42,0,22,0,0,0,,0,,,,,,,0,0,0,0,0,0,0,0,0,"{""matches"":0,""wins"":0,""losses"":0,""draws"":0,""winPercentage"":0,""eventsEntered"":0,""titles"":0,""finals"":0,""prizeMoney"":0,""points"":0}",,,,,,,,,,,,,,107,,false,false,false,,71,18,14,0,0,0,0,0,7,4,3,0,0,4,0,estimated from season exits versus eligible schedule | 4 eligible events not entered,Amateur,normal,,,false,false,false,false,0,0,0,,0,false,,amateur,amateur,,,true,true,
2054/55,wp-noah-bennett-g,Noah Bennett G,36,AUS,Amateur,Amateur,false,false,false,,0,0,,Amateur,,,,,,,,,,,,,53,54,55,48,51,62,42,0,23,0,0,0,,0,,,,,,,0,0,0,0,0,0,0,0,0,"{""matches"":0,""wins"":0,""losses"":0,""draws"":0,""winPercentage"":0,""eventsEntered"":0,""titles"":0,""finals"":0,""prizeMoney"":0,""points"":0}",,,,,,,,,,,,,,103,,false,false,false,,71,18,14,0,0,0,0,0,7,4,3,0,0,4,0,estimated from season exits versus eligible schedule | 4 eligible events not entered,Amateur,normal,,,false,false,false,false,0,0,0,,0,false,,amateur,amateur,,,true,true,
2054/55,wp-noah-bennett-h,Noah Bennett H,33,IRL,Amateur,Amateur,false,false,false,,0,0,,Amateur,104,104,,104,,,54,,,,104,,53,54,55,48,52,62,42,0,22,0,0,0,,0,,,,,,,0,0,0,0,0,0,0,0,0,"{""matches"":0,""wins"":0,""losses"":0,""draws"":0,""winPercentage"":0,""eventsEntered"":0,""titles"":0,""finals"":0,""prizeMoney"":0,""points"":0}",,,,,,,,,,,,,,104,,false,false,false,,71,18,14,0,0,0,0,0,7,4,3,0,0,4,0,estimated from season exits versus eligible schedule | 4 eligible events not entered,Amateur,normal,,,false,false,false,false,0,0,0,,0,false,,amateur,amateur,,,true,true,
2054/55,wp-noah-bennett-k,Noah Bennett K,28,AUS,Amateur,Q Tour,false,false,false,,0,0,,Amateur,,,,,,,27,31,,,,,53,54,55,48,53,62,42,0,22,0,0,0,,0,,,,,,,0,22,0,0,0,0,0,0,0,"{""matches"":0,""wins"":0,""losses"":0,""draws"":0,""winPercentage"":0,""eventsEntered"":0,""titles"":0,""finals"":0,""prizeMoney"":0,""points"":0}",,,,,,,,,,,,,,105,,false,false,false,,71,18,7,0,0,0,0,0,3,4,0,0,0,11,4,estimated from season exits versus eligible schedule | 11 eligible events not entered,Q Tour,normal,,,false,false,false,false,0,0,0,,0,false,,qTour,qTour,,,true,true,
2054/55,wp-noah-bennett-l,Noah Bennett L,28,AUS,Amateur,Amateur,false,false,false,,0,0,,Amateur,107,107,,107,,,39,,,,107,,53,54,55,48,53,62,42,0,22,0,0,0,,0,,,,,,,0,0,0,0,0,0,0,0,0,"{""matches"":0,""wins"":0,""losses"":0,""draws"":0,""winPercentage"":0,""eventsEntered"":0,""titles"":0,""finals"":0,""prizeMoney"":0,""points"":0}",,,,,,,,,,,,,,106,,false,false,false,,71,18,14,0,0,0,0,0,7,4,3,0,0,4,0,estimated from season exits versus eligible schedule | 4 eligible events not entered,Amateur,normal,,,false,false,false,false,0,0,0,,0,false,,qTour,amateur,,,true,true,
2054/55,wp-noah-bennett-m,Noah Bennett M,25,AUS,Amateur,Q School,false,false,false,,0,0,,Amateur,108,108,,108,,,37,,31,,108,,53,56,55,48,53,62,42,0,22,0,0,0,,0,,,,,,,0,0,0,0,0,0,0,0,0,"{""matches"":0,""wins"":0,""losses"":0,""draws"":0,""winPercentage"":0,""eventsEntered"":0,""titles"":0,""finals"":0,""prizeMoney"":0,""points"":0}",,,,,,,,,,,,,,107,,false,false,false,,71,18,3,0,0,0,0,0,0,3,0,0,0,15,8,estimated from season exits versus eligible schedule | 15 eligible events not entered,Q School,normal,,,false,false,false,false,0,0,0,,0,false,,qTour,qSchool,,,true,true,
2054/55,wp-noah-bennett-n,Noah Bennett N,25,AUS,Amateur,Q School,false,false,false,,0,0,,Amateur,,,,,,,9,10,1,,,,52,55,54,47,52,61,42,0,22,0,0,0,,0,,,,,,,0,41,0,0,0,0,0,0,0,"{""matches"":0,""wins"":0,""losses"":0,""draws"":0,""winPercentage"":0,""eventsEntered"":0,""titles"":0,""finals"":0,""prizeMoney"":0,""points"":0}",,,,,,,,,,,,,,108,,false,false,false,,71,18,3,0,0,0,0,0,0,3,0,0,0,15,8,estimated from season exits versus eligible schedule | 15 eligible events not entered,Q School,normal,,,false,false,false,false,0,0,0,,0,false,,qSchool,qSchool,,,true,true,
2054/55,wp-noah-bennett-o,Noah Bennett O,25,AUS,Amateur,Q School,false,false,false,,0,0,,Amateur,,,,,,,11,11,2,,,,52,55,54,47,52,61,42,0,21,0,0,0,,0,,,,,,,0,38,0,0,0,0,0,0,0,"{""matches"":0,""wins"":0,""losses"":0,""draws"":0,""winPercentage"":0,""eventsEntered"":0,""titles"":0,""finals"":0,""prizeMoney"":0,""points"":0}",,,,,,,,,,,,,,109,,false,false,false,,71,18,3,0,0,0,0,0,0,3,0,0,0,15,8,estimated from season exits versus eligible schedule | 15 eligible events not entered,Q School,normal,,,false,false,false,false,0,0,0,,0,false,,qSchool,qSchool,,,true,true,
2054/55,wp-noah-bennett-u,Noah Bennett U,16,IRL,Youth,Amateur,false,false,false,,0,0,,Amateur,,,,,,,,,,,,,50,58,52,44,50,59,42,0,18,0,0,0,,0,,,,,,,0,6,0,0,0,0,0,0,0,"{""matches"":0,""wins"":0,""losses"":0,""draws"":0,""winPercentage"":0,""eventsEntered"":0,""titles"":0,""finals"":0,""prizeMoney"":0,""points"":0}",,,,,,,,,,,,,,,,false,false,false,,71,37,14,0,0,0,0,0,7,4,0,3,0,23,0,estimated from season exits versus eligible schedule | 23 eligible events not entered,Youth,normal,,,false,false,false,false,0,0,0,,0,false,,youth,youth,,,true,true,
2054/55,wp-noah-bennett-v,Noah Bennett V,16,IRL,Youth,Amateur,false,false,false,,0,0,,Amateur,,,,,,,,,,,,,50,58,52,44,50,59,42,0,18,,,,,,,,,,,,,,0,0,0,0,0,0,0,"{""matches"":0,""wins"":0,""losses"":0,""draws"":0,""winPercentage"":0,""eventsEntered"":0,""titles"":0,""finals"":0,""prizeMoney"":0,""points"":0}",,,,,,,,,,,,,,,,,false,false,,71,37,14,0,0,0,0,0,7,4,0,3,0,23,0,estimated from season exits versus eligible schedule | 23 eligible events not entered,Youth,normal,,,false,false,false,false,0,0,0,,0,false,,youth,youth,,,true,true,
2054/55,wp-noah-veldt,Noah Veldt,61,NED,Veteran,Senior Tour / Legend Circuit,false,false,false,,0,0,,Amateur,,,,,,,,,,9,,,64,70,61,59,50,62,19,37,39,0,0,0,,0,,,,,,,0,16,0,0,0,0,0,0,0,"{""matches"":0,""wins"":0,""losses"":0,""draws"":0,""winPercentage"":0,""eventsEntered"":0,""titles"":0,""finals"":0,""prizeMoney"":0,""points"":0}",,,,,,,,,,,,,,11,,false,false,false,,71,6,6,0,0,0,0,0,0,0,0,0,6,0,0,,Senior/Legend,normal,,,false,false,false,false,0,0,0,,0,false,,senior,senior,,,true,true,
2054/55,wp-oliver-crane,Oliver Crane,62,ENG,Veteran,Senior Tour / Legend Circuit,false,false,false,,0,0,,Amateur,,,,,,,,,,7,,,64,70,60,59,50,61,18,39,39,0,0,0,,0,,,,,,,0,18,0,0,0,0,0,0,0,"{""matches"":0,""wins"":0,""losses"":0,""draws"":0,""winPercentage"":0,""eventsEntered"":0,""titles"":0,""finals"":0,""prizeMoney"":0,""points"":0}",,,,,,,,,,,,,,12,,false,false,false,,71,6,6,0,0,0,0,0,0,0,0,0,6,0,0,,Senior/Legend,normal,,,false,false,false,false,0,0,0,,0,false,,senior,senior,,,true,true,
2054/55,wp-oliver-dawes,Oliver Dawes,56,ENG,Veteran,Amateur,false,false,false,,0,0,,Amateur,,,,,,,,,,,,,53,54,51,46,42,53,24,30,23,0,0,0,,0,,,,,,,0,0,0,0,0,0,0,0,0,"{""matches"":0,""wins"":0,""losses"":0,""draws"":0,""winPercentage"":0,""eventsEntered"":0,""titles"":0,""finals"":0,""prizeMoney"":0,""points"":0}",,,,,,,,,,,,,,103,,false,false,false,,71,20,14,0,0,0,0,0,7,4,3,0,0,6,0,estimated from season exits versus eligible schedule | 6 eligible events not entered,Amateur,normal,,,false,false,false,false,0,0,0,,0,false,,amateur,amateur,,,true,true,
2054/55,wp-oliver-holt,Oliver Holt,51,ENG,Veteran,Amateur,false,false,false,,0,0,,Amateur,,,,,,,,,,,,,60,64,59,55,51,62,29,22,33,0,0,0,,0,,,,,,,0,0,0,0,0,0,0,0,0,"{""matches"":0,""wins"":0,""losses"":0,""draws"":0,""winPercentage"":0,""eventsEntered"":0,""titles"":0,""finals"":0,""prizeMoney"":0,""points"":0}",,,,,,,,,,,,,,44,,false,false,false,,71,20,14,0,0,0,0,0,7,4,3,0,0,6,0,estimated from season exits versus eligible schedule | 6 eligible events not entered,Amateur,normal,,,false,false,false,false,0,0,0,,0,false,,senior,amateur,,,true,true,
2054/55,wp-oliver-keane,Oliver Keane,54,ENG,Veteran,Amateur,false,false,false,,0,0,,Amateur,,,,,,,,,,,,,54,56,52,48,44,55,26,26,24,0,0,0,,0,,,,,,,0,0,0,0,0,0,0,0,0,"{""matches"":0,""wins"":0,""losses"":0,""draws"":0,""winPercentage"":0,""eventsEntered"":0,""titles"":0,""finals"":0,""prizeMoney"":0,""points"":0}",,,,,,,,,,,,,,92,,false,false,false,,71,20,14,0,0,0,0,0,7,4,3,0,0,6,0,estimated from season exits versus eligible schedule | 6 eligible events not entered,Amateur,normal,,,false,false,false,false,0,0,0,,0,false,,amateur,amateur,,,true,true,
2054/55,wp-oliver-mercer,Oliver Mercer,50,ENG,Veteran,Amateur,false,false,false,,0,0,,Amateur,,,,,,,,,,,,,56,59,55,51,47,59,30,20,27,0,0,0,,0,,,,,,,0,0,0,0,0,0,0,0,0,"{""matches"":0,""wins"":0,""losses"":0,""draws"":0,""winPercentage"":0,""eventsEntered"":0,""titles"":0,""finals"":0,""prizeMoney"":0,""points"":0}",,,,,,,,,,,,,,76,,false,false,false,,71,20,14,0,0,0,0,0,7,4,3,0,0,6,0,estimated from season exits versus eligible schedule | 6 eligible events not entered,Amateur,normal,,,false,false,false,false,0,0,0,,0,false,,amateur,amateur,,,true,true,
2054/55,wp-oliver-nash,Oliver Nash,50,ENG,Veteran,Amateur,false,false,false,,0,0,,Amateur,,,,,,,,,,,,,53,54,52,47,44,56,30,20,22,0,0,0,,0,,,,,,,0,0,0,0,0,0,0,0,0,"{""matches"":0,""wins"":0,""losses"":0,""draws"":0,""winPercentage"":0,""eventsEntered"":0,""titles"":0,""finals"":0,""prizeMoney"":0,""points"":0}",,,,,,,,,,,,,,107,,false,false,false,,71,20,14,0,0,0,0,0,7,4,3,0,0,6,0,estimated from season exits versus eligible schedule | 6 eligible events not entered,Amateur,normal,,,false,false,false,false,0,0,0,,0,false,,amateur,amateur,,,true,true,
2054/55,wp-oliver-sloan,Oliver Sloan,55,ENG,Veteran,Amateur,false,false,false,,0,0,,Amateur,,,,,,,,,,,,,58,61,56,53,47,58,25,28,30,0,0,0,,0,,,,,,,0,0,0,0,0,0,0,0,0,"{""matches"":0,""wins"":0,""losses"":0,""draws"":0,""winPercentage"":0,""eventsEntered"":0,""titles"":0,""finals"":0,""prizeMoney"":0,""points"":0}",,,,,,,,,,,,,,60,,false,false,false,,71,20,14,0,0,0,0,0,7,4,3,0,0,6,0,estimated from season exits versus eligible schedule | 6 eligible events not entered,Amateur,normal,,,false,false,false,false,0,0,0,,0,false,,senior,amateur,,,true,true,
2054/55,wp-oliver-zhou,Oliver Zhou,62,ENG,Veteran,Senior Tour / Legend Circuit,false,false,false,,0,0,,Amateur,,,,,,,,,,15,,,62,67,58,57,48,59,18,39,36,0,0,0,,0,,,,,,,0,10,0,0,0,0,0,0,0,"{""matches"":0,""wins"":0,""losses"":0,""draws"":0,""winPercentage"":0,""eventsEntered"":0,""titles"":0,""finals"":0,""prizeMoney"":0,""points"":0}",,,,,,,,,,,,,,28,,false,false,false,,71,6,6,0,0,0,0,0,0,0,0,0,6,0,0,,Senior/Legend,normal,,,false,false,false,false,0,0,0,,0,false,,senior,senior,,,true,true,
2054/55,wp-oscar-crane,Oscar Crane,60,ENG,Veteran,Senior Tour / Legend Circuit,false,false,false,,0,0,,Amateur,,,,,,,,,,16,,,62,67,59,57,49,60,20,36,37,0,0,0,,0,,,,,,,0,9,0,0,0,0,0,0,0,"{""matches"":0,""wins"":0,""losses"":0,""draws"":0,""winPercentage"":0,""eventsEntered"":0,""titles"":0,""finals"":0,""prizeMoney"":0,""points"":0}",,,,,,,,,,,,,,24,,false,false,false,,71,6,6,0,0,0,0,0,0,0,0,0,6,0,0,,Senior/Legend,normal,,,false,false,false,false,0,0,0,,0,false,,senior,senior,,,true,true,
2054/55,wp-oscar-holt,Oscar Holt,57,ENG,Veteran,Amateur,false,false,false,,0,0,,Amateur,,,,,,,,,,,,,59,63,56,53,47,58,23,31,31,0,0,0,,0,,,,,,,0,0,0,0,0,0,0,0,0,"{""matches"":0,""wins"":0,""losses"":0,""draws"":0,""winPercentage"":0,""eventsEntered"":0,""titles"":0,""finals"":0,""prizeMoney"":0,""points"":0}",,,,,,,,,,,,,,56,,false,false,false,,71,20,14,0,0,0,0,0,7,4,3,0,0,6,0,estimated from season exits versus eligible schedule | 6 eligible events not entered,Amateur,normal,,,false,false,false,false,0,0,0,,0,false,,senior,amateur,,,true,true,
2054/55,wp-oscar-keane,Oscar Keane,51,ENG,Veteran,Amateur,false,false,false,,0,0,,Amateur,,,,,,,,,,,,,53,54,52,47,44,55,29,22,22,0,0,0,,0,,,,,,,0,0,0,0,0,0,0,0,0,"{""matches"":0,""wins"":0,""losses"":0,""draws"":0,""winPercentage"":0,""eventsEntered"":0,""titles"":0,""finals"":0,""prizeMoney"":0,""points"":0}",,,,,,,,,,,,,,104,,false,false,false,,71,20,14,0,0,0,0,0,7,4,3,0,0,6,0,estimated from season exits versus eligible schedule | 6 eligible events not entered,Amateur,normal,,,false,false,false,false,0,0,0,,0,false,,amateur,amateur,,,true,true,
2054/55,wp-oscar-mercer,Oscar Mercer,53,ENG,Veteran,Amateur,false,false,false,,0,0,,Amateur,,,,,,,,,,,,,55,57,53,49,45,56,27,25,25,0,0,0,,0,,,,,,,0,0,0,0,0,0,0,0,0,"{""matches"":0,""wins"":0,""losses"":0,""draws"":0,""winPercentage"":0,""eventsEntered"":0,""titles"":0,""finals"":0,""prizeMoney"":0,""points"":0}",,,,,,,,,,,,,,88,,false,false,false,,71,20,14,0,0,0,0,0,7,4,3,0,0,6,0,estimated from season exits versus eligible schedule | 6 eligible events not entered,Amateur,normal,,,false,false,false,false,0,0,0,,0,false,,amateur,amateur,,,true,true,
2054/55,wp-oscar-nash,Oscar Nash,53,ENG,Veteran,Amateur,false,false,false,,0,0,,Amateur,,,,,,,,,,,,,52,53,50,45,42,53,27,25,21,0,0,0,,0,,,,,,,0,0,0,0,0,0,0,0,0,"{""matches"":0,""wins"":0,""losses"":0,""draws"":0,""winPercentage"":0,""eventsEntered"":0,""titles"":0,""finals"":0,""prizeMoney"":0,""points"":0}",,,,,,,,,,,,,,114,,false,false,false,,71,20,14,0,0,0,0,0,7,4,3,0,0,6,0,estimated from season exits versus eligible schedule | 6 eligible events not entered,Amateur,normal,,,false,false,false,false,0,0,0,,0,false,,amateur,amateur,,,true,true,
2054/55,wp-oscar-sloan,Oscar Sloan,56,ENG,Veteran,Amateur,false,false,false,,0,0,,Amateur,,,,,,,,,,,,,57,60,55,51,46,57,24,30,28,0,0,0,,0,,,,,,,0,0,0,0,0,0,0,0,0,"{""matches"":0,""wins"":0,""losses"":0,""draws"":0,""winPercentage"":0,""eventsEntered"":0,""titles"":0,""finals"":0,""prizeMoney"":0,""points"":0}",,,,,,,,,,,,,,72,,false,false,false,,71,20,14,0,0,0,0,0,7,4,3,0,0,6,0,estimated from season exits versus eligible schedule | 6 eligible events not entered,Amateur,normal,,,false,false,false,false,0,0,0,,0,false,,amateur,amateur,,,true,true,
2054/55,wp-oscar-zhou,Oscar Zhou,59,ENG,Veteran,Senior Tour / Legend Circuit,false,false,false,,0,0,,Amateur,,,,,,,,,,24,,,61,65,58,56,48,60,21,34,34,0,0,0,,0,,,,,,,0,1,0,0,0,0,0,0,0,"{""matches"":0,""wins"":0,""losses"":0,""draws"":0,""winPercentage"":0,""eventsEntered"":0,""titles"":0,""finals"":0,""prizeMoney"":0,""points"":0}",,,,,,,,,,,,,,40,,false,false,false,,71,6,6,0,0,0,0,0,0,0,0,0,6,0,0,,Senior/Legend,normal,,,false,false,false,false,0,0,0,,0,false,,senior,senior,,,true,true,
2054/55,wp-qualifier-16,Qualifier 16,58,INT,Veteran,Amateur,false,false,false,,0,0,,Amateur,,,,,,,,,,,,,59,60,56,55,47,61,35,32,30,0,0,0,,0,,,,,,,0,0,26,5,21,19.230769230769234,5,0,0,"{""matches"":26,""wins"":5,""losses"":21,""draws"":0,""winPercentage"":19.230769230769234,""eventsEntered"":0,""titles"":5,""finals"":0,""prizeMoney"":0,""points"":0}",,,,,,,,,,,,,,116,,false,false,false,,71,20,14,0,0,0,0,0,7,4,3,0,0,6,0,estimated from season exits versus eligible schedule | 6 eligible events not entered,Amateur,normal,,,false,false,false,false,0,0,0,,0,false,,amateur,amateur,,,true,true,
2054/55,wp-qualifier-8,Qualifier 8,46,INT,Veteran,Amateur,false,false,false,,0,0,,Amateur,,,,,,,,,,,,,68,69,68,65,62,80,63,11,24,0,0,0,,0,,,,,,,0,0,3,2,1,66.66666666666666,2,0,0,"{""matches"":3,""wins"":2,""losses"":1,""draws"":0,""winPercentage"":66.66666666666666,""eventsEntered"":0,""titles"":2,""finals"":0,""prizeMoney"":0,""points"":0}",,,,,,,,,,,,,,115,,false,false,false,,71,20,14,0,0,0,0,0,7,4,3,0,0,6,0,estimated from season exits versus eligible schedule | 6 eligible events not entered,Amateur,normal,,,false,false,false,false,0,0,0,,0,false,,amateur,amateur,,,true,true,
2054/55,wp-rhys-mercer,Rhys Mercer,56,ENG,Veteran,Amateur,false,false,false,,0,0,,Amateur,,,,,,,,,,,,,65,71,63,61,54,65,24,30,40,0,0,0,,0,,,,,,,0,0,0,0,0,0,0,0,0,"{""matches"":0,""wins"":0,""losses"":0,""draws"":0,""winPercentage"":0,""eventsEntered"":0,""titles"":0,""finals"":0,""prizeMoney"":0,""points"":0}",,,,,,,,,,,,,,6,,false,false,false,,71,20,14,0,0,0,0,0,7,4,3,0,0,6,0,estimated from season exits versus eligible schedule | 6 eligible events not entered,Amateur,normal,,,false,false,false,false,0,0,0,,0,false,,senior,amateur,,,true,true,
2054/55,wp-rory-flint,Rory Flint,57,ENG,Veteran,Amateur,false,false,false,,0,0,,Amateur,,,,,,,,,,,,,64,70,61,60,52,63,23,31,40,0,0,0,,0,,,,,,,0,0,0,0,0,0,0,0,0,"{""matches"":0,""wins"":0,""losses"":0,""draws"":0,""winPercentage"":0,""eventsEntered"":0,""titles"":0,""finals"":0,""prizeMoney"":0,""points"":0}",,,,,,,,,,,,,,8,,false,false,false,,71,20,14,0,0,0,0,0,7,4,3,0,0,6,0,estimated from season exits versus eligible schedule | 6 eligible events not entered,Amateur,normal,,,false,false,false,false,0,0,0,,0,false,,senior,amateur,,,true,true,
2054/55,wp-rory-vale,Rory Vale,42,ENG,Veteran,Amateur,false,false,false,,0,0,,Amateur,,,,,,,,,,,,,52,53,52,46,47,59,38,7,21,0,0,0,,0,,,,,,,0,0,0,0,0,0,0,0,0,"{""matches"":0,""wins"":0,""losses"":0,""draws"":0,""winPercentage"":0,""eventsEntered"":0,""titles"":0,""finals"":0,""prizeMoney"":0,""points"":0}",,,,,,,,,,,,,,114,,false,false,false,,71,18,14,0,0,0,0,0,7,4,3,0,0,4,0,estimated from season exits versus eligible schedule | 4 eligible events not entered,Amateur,normal,,,false,false,false,false,0,0,0,,0,false,,amateur,amateur,,,true,true,
2054/55,wp-rory-vale-a,Rory Vale A,42,ENG,Veteran,Amateur,false,false,false,,0,0,,Amateur,,,,,,,,,,,,,52,53,52,46,47,59,38,7,20,0,0,0,,0,,,,,,,0,0,1,0,1,0,0,0,0,"{""matches"":1,""wins"":0,""losses"":1,""draws"":0,""winPercentage"":0,""eventsEntered"":0,""titles"":0,""finals"":0,""prizeMoney"":0,""points"":0}",,,,,,,,,,,,,,115,,false,false,false,,71,18,14,0,0,0,0,0,7,4,3,0,0,4,0,estimated from season exits versus eligible schedule | 4 eligible events not entered,Amateur,normal,,,false,false,false,false,0,0,0,,0,false,,amateur,amateur,,,true,true,
2054/55,wp-rory-vale-b,Rory Vale B,42,ENG,Veteran,Amateur,false,false,false,,0,0,,Amateur,,,,,,,,,,,,,51,52,51,45,46,58,38,7,20,0,0,0,,0,,,,,,,0,0,0,0,0,0,0,0,0,"{""matches"":0,""wins"":0,""losses"":0,""draws"":0,""winPercentage"":0,""eventsEntered"":0,""titles"":0,""finals"":0,""prizeMoney"":0,""points"":0}",,,,,,,,,,,,,,116,,false,false,false,,71,18,14,0,0,0,0,0,7,4,3,0,0,4,0,estimated from season exits versus eligible schedule | 4 eligible events not entered,Amateur,normal,,,false,false,false,false,0,0,0,,0,false,,amateur,amateur,,,true,true,
2054/55,wp-rory-vale-c,Rory Vale C,38,BEL,Amateur,Amateur,false,false,false,,0,0,,Amateur,112,112,,112,,,,,,,112,,52,53,53,47,49,61,42,1,21,0,0,0,,0,,,,,,,0,0,0,0,0,0,0,0,0,"{""matches"":0,""wins"":0,""losses"":0,""draws"":0,""winPercentage"":0,""eventsEntered"":0,""titles"":0,""finals"":0,""prizeMoney"":0,""points"":0}",,,,,,,,,,,,,,111,,false,false,false,,71,18,14,0,0,0,0,0,7,4,3,0,0,4,0,estimated from season exits versus eligible schedule | 4 eligible events not entered,Amateur,normal,,,false,false,false,false,0,0,0,,0,false,,amateur,amateur,,,true,true,
2054/55,wp-rory-vale-d,Rory Vale D,38,BEL,Amateur,Amateur,false,false,false,,0,0,,Amateur,113,113,,113,,,,,,,113,,52,53,53,47,49,61,42,1,21,0,0,0,,0,,,,,,,0,0,0,0,0,0,0,0,0,"{""matches"":0,""wins"":0,""losses"":0,""draws"":0,""winPercentage"":0,""eventsEntered"":0,""titles"":0,""finals"":0,""prizeMoney"":0,""points"":0}",,,,,,,,,,,,,,112,,false,false,false,,71,18,14,0,0,0,0,0,7,4,3,0,0,4,0,estimated from season exits versus eligible schedule | 4 eligible events not entered,Amateur,normal,,,false,false,false,false,0,0,0,,0,false,,amateur,amateur,,,true,true,
2054/55,wp-rory-vale-e,Rory Vale E,38,BEL,Amateur,Amateur,false,false,false,,0,0,,Amateur,114,114,,114,,,,,,,114,,52,53,53,47,49,61,42,1,21,0,0,0,,0,,,,,,,0,0,0,0,0,0,0,0,0,"{""matches"":0,""wins"":0,""losses"":0,""draws"":0,""winPercentage"":0,""eventsEntered"":0,""titles"":0,""finals"":0,""prizeMoney"":0,""points"":0}",,,,,,,,,,,,,,113,,false,false,false,,71,18,14,0,0,0,0,0,7,4,3,0,0,4,0,estimated from season exits versus eligible schedule | 4 eligible events not entered,Amateur,normal,,,false,false,false,false,0,0,0,,0,false,,amateur,amateur,,,true,true,
2054/55,wp-rory-vale-f,Rory Vale F,36,THA,Amateur,Amateur,false,false,false,,0,0,,Amateur,,,,,,,,,,,,,52,53,54,47,50,61,42,0,21,0,0,0,,0,,,,,,,0,0,0,0,0,0,0,0,0,"{""matches"":0,""wins"":0,""losses"":0,""draws"":0,""winPercentage"":0,""eventsEntered"":0,""titles"":0,""finals"":0,""prizeMoney"":0,""points"":0}",,,,,,,,,,,,,,112,,false,false,false,,71,18,14,0,0,0,0,0,7,4,3,0,0,4,0,estimated from season exits versus eligible schedule | 4 eligible events not entered,Amateur,normal,,,false,false,false,false,0,0,0,,0,false,,amateur,amateur,,,true,true,
2054/55,wp-rory-vale-g,Rory Vale G,33,THA,Amateur,Amateur,false,false,false,,0,0,,Amateur,115,115,,115,,,55,,,,115,,52,53,54,47,51,61,42,0,21,0,0,0,,0,,,,,,,0,0,0,0,0,0,0,0,0,"{""matches"":0,""wins"":0,""losses"":0,""draws"":0,""winPercentage"":0,""eventsEntered"":0,""titles"":0,""finals"":0,""prizeMoney"":0,""points"":0}",,,,,,,,,,,,,,113,,false,false,false,,71,18,14,0,0,0,0,0,7,4,3,0,0,4,0,estimated from season exits versus eligible schedule | 4 eligible events not entered,Amateur,normal,,,false,false,false,false,0,0,0,,0,false,,amateur,amateur,,,true,true,
2054/55,wp-rory-vale-h,Rory Vale H,33,THA,Amateur,Amateur,false,false,false,,0,0,,Amateur,116,116,,116,,,56,,,,116,,52,53,54,47,51,61,42,0,21,0,0,0,,0,,,,,,,0,0,0,0,0,0,0,0,0,"{""matches"":0,""wins"":0,""losses"":0,""draws"":0,""winPercentage"":0,""eventsEntered"":0,""titles"":0,""finals"":0,""prizeMoney"":0,""points"":0}",,,,,,,,,,,,,,114,,false,false,false,,71,18,14,0,0,0,0,0,7,4,3,0,0,4,0,estimated from season exits versus eligible schedule | 4 eligible events not entered,Amateur,normal,,,false,false,false,false,0,0,0,,0,false,,amateur,amateur,,,true,true,
2054/55,wp-rory-vale-i,Rory Vale I,33,THA,Amateur,Amateur,false,false,false,,0,0,,Amateur,117,117,,117,,,57,,,,117,,52,53,54,47,51,61,42,0,20,0,0,0,,0,,,,,,,0,0,0,0,0,0,0,0,0,"{""matches"":0,""wins"":0,""losses"":0,""draws"":0,""winPercentage"":0,""eventsEntered"":0,""titles"":0,""finals"":0,""prizeMoney"":0,""points"":0}",,,,,,,,,,,,,,115,,false,false,false,,71,18,14,0,0,0,0,0,7,4,3,0,0,4,0,estimated from season exits versus eligible schedule | 4 eligible events not entered,Amateur,normal,,,false,false,false,false,0,0,0,,0,false,,amateur,amateur,,,true,true,
2054/55,wp-rory-vale-m,Rory Vale M,28,ENG,Amateur,Amateur,false,false,false,,0,0,,Amateur,121,121,,121,,,40,,,,121,,51,52,53,46,51,60,42,0,20,0,0,0,,0,,,,,,,0,0,0,0,0,0,0,0,0,"{""matches"":0,""wins"":0,""losses"":0,""draws"":0,""winPercentage"":0,""eventsEntered"":0,""titles"":0,""finals"":0,""prizeMoney"":0,""points"":0}",,,,,,,,,,,,,,117,,false,false,false,,71,18,14,0,0,0,0,0,7,4,3,0,0,4,0,estimated from season exits versus eligible schedule | 4 eligible events not entered,Amateur,normal,,,false,false,false,false,0,0,0,,0,false,,qTour,amateur,,,true,true,
2054/55,wp-rory-vale-o,Rory Vale O,25,ENG,Amateur,Q School,false,false,false,,0,0,,Amateur,,,,,,,12,17,5,,,,51,54,53,46,51,60,42,0,20,0,0,0,,0,,,,,,,0,34,0,0,0,0,0,0,0,"{""matches"":0,""wins"":0,""losses"":0,""draws"":0,""winPercentage"":0,""eventsEntered"":0,""titles"":0,""finals"":0,""prizeMoney"":0,""points"":0}",,,,,,,,,,,,,,118,,false,false,false,,71,18,3,0,0,0,0,0,0,3,0,0,0,15,8,estimated from season exits versus eligible schedule | 15 eligible events not entered,Q School,normal,,,false,false,false,false,0,0,0,,0,false,,qSchool,qSchool,,,true,true,
2054/55,wp-rory-vale-r,Rory Vale R,19,THA,Amateur,Q School,false,false,false,,0,0,,Amateur,122,122,,122,,,15,13,15,,122,,51,58,53,46,51,60,42,0,19,0,0,0,,0,,,,,,,0,0,0,0,0,0,0,0,0,"{""matches"":0,""wins"":0,""losses"":0,""draws"":0,""winPercentage"":0,""eventsEntered"":0,""titles"":0,""finals"":0,""prizeMoney"":0,""points"":0}",,,,,,,,,,,,,,121,,false,false,false,,71,18,3,0,0,0,0,0,0,3,0,0,0,15,8,estimated from season exits versus eligible schedule | 15 eligible events not entered,Q School,normal,,,false,false,false,false,0,0,0,,0,false,,qSchool,qSchool,,,true,true,
2054/55,wp-rory-vale-u,Rory Vale U,16,THA,Youth,Amateur,false,false,false,,0,0,,Amateur,,,,,,,,,,,,,50,58,52,44,50,59,42,0,18,0,0,0,,0,,,,,,,0,20,0,0,0,0,0,0,0,"{""matches"":0,""wins"":0,""losses"":0,""draws"":0,""winPercentage"":0,""eventsEntered"":0,""titles"":0,""finals"":0,""prizeMoney"":0,""points"":0}",,,,,,,,,,,,,,,,false,false,false,,71,37,14,0,0,0,0,0,7,4,0,3,0,23,0,estimated from season exits versus eligible schedule | 23 eligible events not entered,Youth,normal,,,false,false,false,false,0,0,0,,0,false,,youth,youth,,,true,true,
2054/55,wp-rory-vale-v,Rory Vale V,16,THA,Youth,Amateur,false,false,false,,0,0,,Amateur,,,,,,,,,,,,,50,58,52,44,50,59,42,0,18,0,0,0,,0,,,,,,,0,5,0,0,0,0,0,0,0,"{""matches"":0,""wins"":0,""losses"":0,""draws"":0,""winPercentage"":0,""eventsEntered"":0,""titles"":0,""finals"":0,""prizeMoney"":0,""points"":0}",,,,,,,,,,,,,,,,false,false,false,,71,37,14,0,0,0,0,0,7,4,0,3,0,23,0,estimated from season exits versus eligible schedule | 23 eligible events not entered,Youth,normal,,,false,false,false,false,0,0,0,,0,false,,youth,youth,,,true,true,
2054/55,wp-theo-crane,Theo Crane,53,GER,Veteran,Amateur,false,false,false,,0,0,,Amateur,,,,,,,,,,,,,86,91,84,86,76,97,68,22,40,0,0,0,,0,,,,,,,0,0,1,1,0,100,1,0,0,"{""matches"":1,""wins"":1,""losses"":0,""draws"":0,""winPercentage"":100,""eventsEntered"":0,""titles"":1,""finals"":0,""prizeMoney"":0,""points"":0}",,,,,,,,,,,,,,19,,false,false,false,,71,20,14,0,0,0,0,0,7,4,3,0,0,6,0,estimated from season exits versus eligible schedule | 6 eligible events not entered,Amateur,normal,,,false,false,false,false,0,0,0,,0,false,,senior,amateur,,,true,true,
2054/55,wp-theo-holt,Theo Holt,51,GER,Veteran,Amateur,false,false,false,,0,0,,Amateur,,,,,,,,,,,,,59,63,58,54,50,61,29,22,32,0,0,0,,0,,,,,,,0,0,0,0,0,0,0,0,0,"{""matches"":0,""wins"":0,""losses"":0,""draws"":0,""winPercentage"":0,""eventsEntered"":0,""titles"":0,""finals"":0,""prizeMoney"":0,""points"":0}",,,,,,,,,,,,,,51,,false,false,false,,71,20,14,0,0,0,0,0,7,4,3,0,0,6,0,estimated from season exits versus eligible schedule | 6 eligible events not entered,Amateur,normal,,,false,false,false,false,0,0,0,,0,false,,senior,amateur,,,true,true,
2054/55,wp-theo-keane,Theo Keane,49,GER,Veteran,Amateur,false,false,false,,0,0,,Amateur,,,,,,,,,,,,,53,54,52,47,45,56,31,19,23,0,0,0,,0,,,,,,,0,0,0,0,0,0,0,0,0,"{""matches"":0,""wins"":0,""losses"":0,""draws"":0,""winPercentage"":0,""eventsEntered"":0,""titles"":0,""finals"":0,""prizeMoney"":0,""points"":0}",,,,,,,,,,,,,,99,,false,false,false,,71,20,14,0,0,0,0,0,7,4,3,0,0,6,0,estimated from season exits versus eligible schedule | 6 eligible events not entered,Amateur,normal,,,false,false,false,false,0,0,0,,0,false,,amateur,amateur,,,true,true,
2054/55,wp-theo-mercer,Theo Mercer,57,GER,Veteran,Amateur,false,false,false,,0,0,,Amateur,,,,,,,,,,,,,55,57,52,49,43,54,23,31,26,0,0,0,,0,,,,,,,0,0,0,0,0,0,0,0,0,"{""matches"":0,""wins"":0,""losses"":0,""draws"":0,""winPercentage"":0,""eventsEntered"":0,""titles"":0,""finals"":0,""prizeMoney"":0,""points"":0}",,,,,,,,,,,,,,83,,false,false,false,,71,20,14,0,0,0,0,0,7,4,3,0,0,6,0,estimated from season exits versus eligible schedule | 6 eligible events not entered,Amateur,normal,,,false,false,false,false,0,0,0,,0,false,,amateur,amateur,,,true,true,
2054/55,wp-theo-nash,Theo Nash,55,GER,Veteran,Amateur,false,false,false,,0,0,,Amateur,,,,,,,,,,,,,52,53,50,45,41,52,25,28,20,0,0,0,,0,,,,,,,0,0,0,0,0,0,0,0,0,"{""matches"":0,""wins"":0,""losses"":0,""draws"":0,""winPercentage"":0,""eventsEntered"":0,""titles"":0,""finals"":0,""prizeMoney"":0,""points"":0}",,,,,,,,,,,,,,115,,false,false,false,,71,20,14,0,0,0,0,0,7,4,3,0,0,6,0,estimated from season exits versus eligible schedule | 6 eligible events not entered,Amateur,normal,,,false,false,false,false,0,0,0,,0,false,,amateur,amateur,,,true,true,
2054/55,wp-theo-sloan,Theo Sloan,60,GER,Veteran,Senior Tour / Legend Circuit,false,false,false,,0,0,,Amateur,,,,,,,,,,22,,,57,60,54,51,44,55,20,36,29,0,0,0,,0,,,,,,,0,3,0,0,0,0,0,0,0,"{""matches"":0,""wins"":0,""losses"":0,""draws"":0,""winPercentage"":0,""eventsEntered"":0,""titles"":0,""finals"":0,""prizeMoney"":0,""points"":0}",,,,,,,,,,,,,,67,,false,false,false,,71,6,6,0,0,0,0,0,0,0,0,0,6,0,0,,Senior/Legend,normal,,,false,false,false,false,0,0,0,,0,false,,amateur,senior,,,true,true,
2054/55,wp-theo-zhou,Theo Zhou,62,GER,Veteran,Senior Tour / Legend Circuit,false,false,false,,0,0,,Amateur,,,,,,,,,,17,,,61,66,57,56,47,58,18,39,35,0,0,0,,0,,,,,,,0,8,0,0,0,0,0,0,0,"{""matches"":0,""wins"":0,""losses"":0,""draws"":0,""winPercentage"":0,""eventsEntered"":0,""titles"":0,""finals"":0,""prizeMoney"":0,""points"":0}",,,,,,,,,,,,,,35,,false,false,false,,71,6,6,0,0,0,0,0,0,0,0,0,6,0,0,,Senior/Legend,normal,,,false,false,false,false,0,0,0,,0,false,,senior,senior,,,true,true,
2054/55,wp-toby-hale,Toby Hale,44,SCO,Veteran,Amateur,false,false,false,,0,0,,Amateur,,,,,,,,,,,,,51,51,51,45,45,57,36,11,19,0,0,0,,0,,,,,,,0,0,0,0,0,0,0,0,0,"{""matches"":0,""wins"":0,""losses"":0,""draws"":0,""winPercentage"":0,""eventsEntered"":0,""titles"":0,""finals"":0,""prizeMoney"":0,""points"":0}",,,,,,,,,,,,,,121,,false,false,false,,71,18,14,0,0,0,0,0,7,4,3,0,0,4,0,estimated from season exits versus eligible schedule | 4 eligible events not entered,Amateur,normal,,,false,false,false,false,0,0,0,,0,false,,amateur,amateur,,,true,true,
2054/55,wp-toby-hale-a,Toby Hale A,41,SCO,Veteran,Amateur,false,false,false,,0,0,,Amateur,,,,,,,,,,,,,63,63,64,60,59,75,60,4,22,0,0,0,,0,,,,,,,0,0,2,1,1,50,1,0,0,"{""matches"":2,""wins"":1,""losses"":1,""draws"":0,""winPercentage"":50,""eventsEntered"":0,""titles"":1,""finals"":0,""prizeMoney"":0,""points"":0}",,,,,,,,,,,,,,119,,false,false,false,,71,18,14,0,0,0,0,0,7,4,3,0,0,4,0,estimated from season exits versus eligible schedule | 4 eligible events not entered,Amateur,normal,,,false,false,false,false,0,0,0,,0,false,,amateur,amateur,,,true,true,
2054/55,wp-toby-hale-b,Toby Hale B,38,ENG,Amateur,Amateur,false,false,false,,0,0,,Amateur,123,123,,123,,,,,,,123,,51,51,52,46,48,60,42,1,19,0,0,0,,0,,,,,,,0,0,0,0,0,0,0,0,0,"{""matches"":0,""wins"":0,""losses"":0,""draws"":0,""winPercentage"":0,""eventsEntered"":0,""titles"":0,""finals"":0,""prizeMoney"":0,""points"":0}",,,,,,,,,,,,,,120,,false,false,false,,71,18,14,0,0,0,0,0,7,4,3,0,0,4,0,estimated from season exits versus eligible schedule | 4 eligible events not entered,Amateur,normal,,,false,false,false,false,0,0,0,,0,false,,amateur,amateur,,,true,true,
2054/55,wp-toby-hale-c,Toby Hale C,38,ENG,Amateur,Amateur,false,false,false,,0,0,,Amateur,,,,,,,,,,,,,51,51,52,46,48,60,42,1,19,0,0,0,,0,,,,,,,0,0,0,0,0,0,0,0,0,"{""matches"":0,""wins"":0,""losses"":0,""draws"":0,""winPercentage"":0,""eventsEntered"":0,""titles"":0,""finals"":0,""prizeMoney"":0,""points"":0}",,,,,,,,,,,,,,121,,false,false,false,,71,18,14,0,0,0,0,0,7,4,3,0,0,4,0,estimated from season exits versus eligible schedule | 4 eligible events not entered,Amateur,normal,,,false,false,false,false,0,0,0,,0,false,,amateur,amateur,,,true,true,
2054/55,wp-toby-hale-d,Toby Hale D,38,ENG,Amateur,Amateur,false,false,false,,0,0,,Amateur,124,124,,124,,,,,,,124,,51,51,52,46,48,60,42,1,19,0,0,0,,0,,,,,,,0,0,0,0,0,0,0,0,0,"{""matches"":0,""wins"":0,""losses"":0,""draws"":0,""winPercentage"":0,""eventsEntered"":0,""titles"":0,""finals"":0,""prizeMoney"":0,""points"":0}",,,,,,,,,,,,,,122,,false,false,false,,71,18,14,0,0,0,0,0,7,4,3,0,0,4,0,estimated from season exits versus eligible schedule | 4 eligible events not entered,Amateur,normal,,,false,false,false,false,0,0,0,,0,false,,amateur,amateur,,,true,true,
2054/55,wp-toby-hale-e,Toby Hale E,35,ENG,Amateur,Amateur,false,false,false,,0,0,,Amateur,,,,,,,,,,,,,51,51,53,46,49,60,42,0,19,0,0,0,,0,,,,,,,0,0,0,0,0,0,0,0,0,"{""matches"":0,""wins"":0,""losses"":0,""draws"":0,""winPercentage"":0,""eventsEntered"":0,""titles"":0,""finals"":0,""prizeMoney"":0,""points"":0}",,,,,,,,,,,,,,121,,false,false,false,,71,18,14,0,0,0,0,0,7,4,3,0,0,4,0,estimated from season exits versus eligible schedule | 4 eligible events not entered,Amateur,normal,,,false,false,false,false,0,0,0,,0,false,,amateur,amateur,,,true,true,
2054/55,wp-toby-hale-f,Toby Hale F,35,ENG,Amateur,Amateur,false,false,false,,0,0,,Amateur,,,,,,,,,,,,,51,51,53,46,49,60,42,0,19,0,0,0,,0,,,,,,,0,0,0,0,0,0,0,0,0,"{""matches"":0,""wins"":0,""losses"":0,""draws"":0,""winPercentage"":0,""eventsEntered"":0,""titles"":0,""finals"":0,""prizeMoney"":0,""points"":0}",,,,,,,,,,,,,,121,,false,false,false,,71,18,14,0,0,0,0,0,7,4,3,0,0,4,0,estimated from season exits versus eligible schedule | 4 eligible events not entered,Amateur,normal,,,false,false,false,false,0,0,0,,0,false,,amateur,amateur,,,true,true,
2054/55,wp-toby-hale-g,Toby Hale G,35,ENG,Amateur,Amateur,false,false,false,,0,0,,Amateur,,,,,,,,,,,,,51,51,53,46,49,60,42,0,19,0,0,0,,0,,,,,,,0,0,0,0,0,0,0,0,0,"{""matches"":0,""wins"":0,""losses"":0,""draws"":0,""winPercentage"":0,""eventsEntered"":0,""titles"":0,""finals"":0,""prizeMoney"":0,""points"":0}",,,,,,,,,,,,,,122,,false,false,false,,71,18,14,0,0,0,0,0,7,4,3,0,0,4,0,estimated from season exits versus eligible schedule | 4 eligible events not entered,Amateur,normal,,,false,false,false,false,0,0,0,,0,false,,amateur,amateur,,,true,true,
2054/55,wp-toby-hale-h,Toby Hale H,32,ENG,Amateur,Amateur,false,false,false,,0,0,,Amateur,,,,,,,53,,,,,,51,51,53,46,50,60,42,0,19,0,0,0,,0,,,,,,,0,17,0,0,0,0,0,0,0,"{""matches"":0,""wins"":0,""losses"":0,""draws"":0,""winPercentage"":0,""eventsEntered"":0,""titles"":0,""finals"":0,""prizeMoney"":0,""points"":0}",,,,,,,,,,,,,,122,,false,false,false,,71,18,14,0,0,0,0,0,7,4,3,0,0,4,0,estimated from season exits versus eligible schedule | 4 eligible events not entered,Amateur,normal,,,false,false,false,false,0,0,0,,0,false,,amateur,amateur,,,true,true,
2054/55,wp-toby-hale-l,Toby Hale L,28,BEL,Amateur,Amateur,false,false,false,,0,0,,Amateur,127,127,,127,,,41,,,,127,,50,50,52,45,50,59,42,0,19,0,0,0,,0,,,,,,,0,0,0,0,0,0,0,0,0,"{""matches"":0,""wins"":0,""losses"":0,""draws"":0,""winPercentage"":0,""eventsEntered"":0,""titles"":0,""finals"":0,""prizeMoney"":0,""points"":0}",,,,,,,,,,,,,,124,,false,false,false,,71,18,14,0,0,0,0,0,7,4,3,0,0,4,0,estimated from season exits versus eligible schedule | 4 eligible events not entered,Amateur,normal,,,false,false,false,false,0,0,0,,0,false,,qTour,amateur,,,true,true,
2054/55,wp-toby-hale-n,Toby Hale N,25,BEL,Amateur,Q School,false,false,false,,0,0,,Amateur,,,,,,,13,18,8,,,,50,52,52,45,50,59,42,0,19,0,0,0,,0,,,,,,,0,32,0,0,0,0,0,0,0,"{""matches"":0,""wins"":0,""losses"":0,""draws"":0,""winPercentage"":0,""eventsEntered"":0,""titles"":0,""finals"":0,""prizeMoney"":0,""points"":0}",,,,,,,,,,,,,,124,,false,false,false,,71,18,3,0,0,0,0,0,0,3,0,0,0,15,8,estimated from season exits versus eligible schedule | 15 eligible events not entered,Q School,normal,,,false,false,false,false,0,0,0,,0,false,,qSchool,qSchool,,,true,true,
2054/55,wp-toby-hale-o,Toby Hale O,25,BEL,Amateur,Q School,false,false,false,,0,0,,Amateur,,,,,,,16,19,19,,,,50,52,52,45,50,59,42,0,19,0,0,0,,0,,,,,,,0,30,0,0,0,0,0,0,0,"{""matches"":0,""wins"":0,""losses"":0,""draws"":0,""winPercentage"":0,""eventsEntered"":0,""titles"":0,""finals"":0,""prizeMoney"":0,""points"":0}",,,,,,,,,,,,,,125,,false,false,false,,71,18,3,0,0,0,0,0,0,3,0,0,0,15,8,estimated from season exits versus eligible schedule | 15 eligible events not entered,Q School,normal,,,false,false,false,false,0,0,0,,0,false,,qSchool,qSchool,,,true,true,
2054/55,wp-toby-hale-t,Toby Hale T,18,ENG,Amateur,Q School,false,false,false,,0,0,,Amateur,,,,,,,3,3,6,,,,50,57,52,44,50,59,42,0,18,0,0,0,,0,,,,,,,0,23,0,0,0,0,0,0,0,"{""matches"":0,""wins"":0,""losses"":0,""draws"":0,""winPercentage"":0,""eventsEntered"":0,""titles"":0,""finals"":0,""prizeMoney"":0,""points"":0}",,,,,,,,,,,,,,,,false,false,false,,71,18,3,0,0,0,0,0,0,3,0,0,0,15,8,estimated from season exits versus eligible schedule | 15 eligible events not entered,Q School,normal,,,false,false,false,false,0,0,0,,0,false,,qSchool,qSchool,,,true,true,
2054/55,wp-toby-hale-u,Toby Hale U,18,ENG,Amateur,Q School,false,false,false,,0,0,,Amateur,,,,,,,10,9,13,,,,50,57,52,44,50,59,42,0,18,0,0,0,,0,,,,,,,0,13,0,0,0,0,0,0,0,"{""matches"":0,""wins"":0,""losses"":0,""draws"":0,""winPercentage"":0,""eventsEntered"":0,""titles"":0,""finals"":0,""prizeMoney"":0,""points"":0}",,,,,,,,,,,,,,,,false,false,false,,71,18,3,0,0,0,0,0,0,3,0,0,0,15,8,estimated from season exits versus eligible schedule | 15 eligible events not entered,Q School,normal,,,false,false,false,false,0,0,0,,0,false,,qSchool,qSchool,,,true,true,
2054/55,wp-toby-hale-v,Toby Hale V,16,SCO,Youth,Amateur,false,false,false,,0,0,,Amateur,,,,,,,,,,,,,50,58,52,44,50,59,42,0,18,,,,,,,,,,,,,,0,0,0,0,0,0,0,"{""matches"":0,""wins"":0,""losses"":0,""draws"":0,""winPercentage"":0,""eventsEntered"":0,""titles"":0,""finals"":0,""prizeMoney"":0,""points"":0}",,,,,,,,,,,,,,,,,false,false,,71,37,14,0,0,0,0,0,7,4,0,3,0,23,0,estimated from season exits versus eligible schedule | 23 eligible events not entered,Youth,normal,,,false,false,false,false,0,0,0,,0,false,,youth,youth,,,true,true,
2054/55,wp-tomas-bell,Tomas Bell,59,IRE,Veteran,Senior Tour / Legend Circuit,false,false,false,,0,0,,Amateur,,,,,,,,,,13,,,65,71,62,61,52,64,21,34,40,0,0,0,,0,,,,,,,0,12,0,0,0,0,0,0,0,"{""matches"":0,""wins"":0,""losses"":0,""draws"":0,""winPercentage"":0,""eventsEntered"":0,""titles"":0,""finals"":0,""prizeMoney"":0,""points"":0}",,,,,,,,,,,,,,5,,false,false,false,,71,6,6,0,0,0,0,0,0,0,0,0,6,0,0,,Senior/Legend,normal,,,false,false,false,false,0,0,0,,0,false,,senior,senior,,,true,true,
