season,playerId,name,age,nationality,careerPhase,competitiveStatus,isHumanPlayer,isOnMainTour,isTourCardHolder,tourCardSource,tourCardYear,yearsRemaining,expiresAfterSeason,tourSurvivalStatus,seasonOpenWorldRank,seasonCloseWorldRank,normalizedWorldRank,rawWorldRankBeforeCap,worldRank,oneYearRank,amateurRank,qTourRank,qSchoolRank,seniorRank,previousWorldRank,rankChange,overall,potential,technicalAverage,mentalAverage,physicalAverage,effectiveMatchStrength,confidence,fatigue,reputation,seasonMatches,seasonWins,seasonLosses,seasonWinPercentage,seasonTitles,seasonMajorTitles,seasonWorldChampionshipEntries,seasonBestWorldChampionshipFinish,seasonMajorQuarterFinals,seasonMajorSemiFinals,seasonMajorFinals,seasonPrizeMoney,seasonRankingPoints,careerMatches,careerWins,careerLosses,careerWinPercentage,careerTitles,careerMajorTitles,careerPrizeMoney,totalRecord,youthRecord,amateurRecord,qTourRecord,qSchoolRecord,proQualifierRecord,rankingEventRecord,majorRecord,worldQualifyingRecord,worldMainDrawRecord,playersSeriesRecord,invitationalRecord,seniorRecord,exhibitionRecord,bestWorldRank,bestWorldChampionshipFinish,worldChampionshipMainDrawEligible,worldChampionshipMainDrawEntered,worldChampionshipQualifyingEntered,reasonSkippedWorldMainDraw,availableEventsCount,eligibleEventsCount,enteredEventsCount,rankingEventsEntered,qualifierEventsEntered,majorEventsEntered,invitationalsEntered,playersSeriesEntered,qTourEventsEntered,qSchoolEventsEntered,amateurEventsEntered,youthEventsEntered,seniorEventsEntered,skippedEligibleEventsCount,skippedCoreEventsCount,skippedReasonSummary,eventAccessBand,eventVolumeBandStatus,eventVolumeWarnings,calendarValidationWarnings,tourCardValidAtSeasonOpen,tourCardValidAtSeasonClose,lifecycleCorrectionApplied,rankCapApplied,recentSeasonWins,twoYearWins,twoYearPrizeMoney,majorFinalsLastTwoYears,titlesLastTwoYears,rankingDecayApplied,stalledReason,expectedCircuit,actualCircuit,warningFlags,invalidStateReasons,validTourStatus,validEventAccess,invalidAccessReason
2050/51,human-elliot-vance,Elliot Vance,39,England,Established,Major Contender,true,true,true,Ranking Retained,0,0,,Top 16,1,1,1,1,1,42,1,,,,1,0,86,94,89,73,86,99,99,0,100,23,18,5,78.26086956521739,0,0,1,Final,2,2,0,1274000,3892,575,401,174,69.73913043478261,11,2,20708663,"{""matches"":575,""wins"":401,""losses"":174,""draws"":0,""winPercentage"":69.73913043478261,""eventsEntered"":235,""titles"":11,""finals"":26,""prizeMoney"":20708663,""points"":60392}","{""matches"":93,""wins"":62,""losses"":31,""draws"":0,""winPercentage"":66.66666666666666,""eventsEntered"":33,""titles"":2,""finals"":6,""prizeMoney"":13853,""points"":709}","{""matches"":4,""wins"":2,""losses"":2,""draws"":0,""winPercentage"":50,""eventsEntered"":2,""titles"":0,""finals"":0,""prizeMoney"":820,""points"":35}","{""matches"":6,""wins"":3,""losses"":3,""draws"":0,""winPercentage"":50,""eventsEntered"":3,""titles"":0,""finals"":0,""prizeMoney"":4900,""points"":121}","{""matches"":5,""wins"":4,""losses"":1,""draws"":0,""winPercentage"":80,""eventsEntered"":1,""titles"":0,""finals"":0,""prizeMoney"":40,""points"":6}","{""matches"":9,""wins"":7,""losses"":2,""draws"":0,""winPercentage"":0,""eventsEntered"":16,""titles"":0,""finals"":1,""prizeMoney"":87600,""points"":1389}","{""matches"":232,""wins"":179,""losses"":53,""draws"":0,""winPercentage"":77.15517241379311,""eventsEntered"":70,""titles"":5,""finals"":8,""prizeMoney"":4752250,""points"":24423}","{""matches"":95,""wins"":67,""losses"":28,""draws"":0,""winPercentage"":70.52631578947368,""eventsEntered"":34,""titles"":2,""finals"":4,""prizeMoney"":3279600,""points"":12457}","{""matches"":0,""wins"":0,""losses"":0,""draws"":0,""winPercentage"":0,""eventsEntered"":19,""titles"":0,""finals"":0,""prizeMoney"":0,""points"":0}","{""matches"":59,""wins"":40,""losses"":19,""draws"":0,""winPercentage"":67.79661016949152,""eventsEntered"":19,""titles"":0,""finals"":2,""prizeMoney"":9175000,""points"":20840}","{""matches"":2,""wins"":1,""losses"":1,""draws"":0,""winPercentage"":50,""eventsEntered"":2,""titles"":0,""finals"":0,""prizeMoney"":9600,""points"":56}","{""matches"":70,""wins"":36,""losses"":34,""draws"":0,""winPercentage"":51.42857142857142,""eventsEntered"":36,""titles"":2,""finals"":5,""prizeMoney"":3385000,""points"":356}","{""matches"":0,""wins"":0,""losses"":0,""draws"":0,""winPercentage"":0,""eventsEntered"":0,""titles"":0,""finals"":0,""prizeMoney"":0,""points"":0}","{""matches"":0,""wins"":0,""losses"":0,""draws"":0,""winPercentage"":0,""eventsEntered"":0,""titles"":0,""finals"":0,""prizeMoney"":0,""points"":0}",1,Final,false,true,false,,71,21,5,2,1,2,2,0,0,0,0,0,0,16,16,16 eligible events not entered,Top 16,too low,top16-low-event-volume,,true,true,false,false,18,21,1494000,0,0,false,,mainTour,mainTour,,,true,true,
2050/51,wp-arlo-dawes-a,Arlo Dawes A,39,BEL,Established,Top 16 Elite Player,false,true,true,Ranking Retained,0,0,,Top 16,4,2,2,2,2,10,,,,,4,2,94,94,95,99,91,99,92,2,72,1,1,0,100,1,,,,,,,600000,1440,21,11,10,52.38095238095239,11,0,1634800,"{""matches"":21,""wins"":11,""losses"":10,""draws"":0,""winPercentage"":52.38095238095239,""eventsEntered"":0,""titles"":11,""finals"":0,""prizeMoney"":1634800,""points"":0}",,,,,,,,,,,,,,2,,true,true,false,,71,21,15,9,0,6,6,3,0,0,0,0,0,6,6,estimated from season exits versus eligible schedule | 6 eligible events not entered,Top 16,normal,,,true,true,false,false,1,1,600000,,1,false,,mainTour,mainTour,,,true,true,
2050/51,wp-aaron-zhou,Aaron Zhou,56,BEL,Veteran,Top 16 Elite Player,false,true,true,Ranking Retained,0,0,,Top 16,2,3,3,3,3,7,,,,,2,-1,92,92,90,95,81,99,53,27,69,0,0,0,,0,,,,,,,0,0,13,7,6,53.84615384615385,7,0,2499900,"{""matches"":13,""wins"":7,""losses"":6,""draws"":0,""winPercentage"":53.84615384615385,""eventsEntered"":0,""titles"":7,""finals"":0,""prizeMoney"":2499900,""points"":0}",,,,,,,,,,,,,,2,,true,true,false,,71,21,15,9,0,6,6,3,0,0,0,0,0,6,6,estimated from season exits versus eligible schedule | 6 eligible events not entered,Top 16,normal,,,true,true,false,false,0,0,0,,0,false,,mainTour,mainTour,top16-low-overall-no-results;top4-low-wins-no-results,,true,true,
2050/51,wp-aaron-sloan,Aaron Sloan,53,BEL,Veteran,Top 16 Elite Player,false,true,true,Ranking Retained,0,0,,Top 16,3,4,4,4,4,6,,,,,3,-1,87,87,85,89,77,93,47,23,66,0,0,0,,0,,,,,,,0,0,21,7,14,33.33333333333333,7,0,1984550,"{""matches"":21,""wins"":7,""losses"":14,""draws"":0,""winPercentage"":33.33333333333333,""eventsEntered"":0,""titles"":7,""finals"":0,""prizeMoney"":1984550,""points"":0}",,,,,,,,,,,,,,3,,true,true,false,,71,21,15,9,0,6,6,3,0,0,0,0,0,6,6,estimated from season exits versus eligible schedule | 6 eligible events not entered,Top 16,normal,,,true,true,false,false,0,0,0,,0,false,,mainTour,mainTour,top16-low-overall-no-results;top4-low-wins-no-results,,true,true,
2050/51,wp-arlo-dawes-b,Arlo Dawes B,36,BEL,Established,Top 16 Elite Player,false,true,true,Ranking Retained,0,0,,Top 16,7,5,5,5,5,11,,,,,7,2,92,92,94,96,90,99,68,2,63,2,1,1,50,1,,,,,,,65000,589,10,6,4,60,6,0,1842700,"{""matches"":10,""wins"":6,""losses"":4,""draws"":0,""winPercentage"":60,""eventsEntered"":0,""titles"":6,""finals"":0,""prizeMoney"":1842700,""points"":0}",,,,,,,,,,,,,,2,,true,true,false,,71,21,15,9,0,6,6,3,0,0,0,0,0,6,6,estimated from season exits versus eligible schedule | 6 eligible events not entered,Top 16,normal,,,true,true,false,false,1,1,115000,,1,false,,mainTour,mainTour,,,true,true,
2050/51,wp-aaron-keane,Aaron Keane,52,BEL,Veteran,Top 16 Elite Player,false,true,true,Ranking Retained,0,0,,Top 16,6,6,6,6,6,3,,,,,6,0,89,89,87,89,79,91,35,29,63,2,0,2,0,0,,,,,,,155000,360,16,7,9,43.75,7,0,1520250,"{""matches"":16,""wins"":7,""losses"":9,""draws"":0,""winPercentage"":43.75,""eventsEntered"":0,""titles"":7,""finals"":0,""prizeMoney"":1520250,""points"":0}",,,,,,,,,,,,,,3,,true,true,false,,71,21,15,9,0,6,6,3,0,0,0,0,0,6,6,estimated from season exits versus eligible schedule | 6 eligible events not entered,Top 16,normal,,,true,true,false,false,0,0,155000,,0,false,,mainTour,mainTour,top16-low-overall-no-results,,true,true,
2050/51,wp-aiden-pike,Aiden Pike,56,ENG,Veteran,Top 16 Elite Player,false,true,true,Ranking Retained,0,0,,Top 16,5,7,7,7,7,8,,,,,5,-2,94,94,92,98,83,99,67,26,68,0,0,0,,0,,,,,,,0,0,12,10,2,83.33333333333334,10,0,1297000,"{""matches"":12,""wins"":10,""losses"":2,""draws"":0,""winPercentage"":83.33333333333334,""eventsEntered"":0,""titles"":10,""finals"":0,""prizeMoney"":1297000,""points"":0}",,,,,,,,,,,,,,3,,true,true,false,,71,21,15,9,0,6,6,3,0,0,0,0,0,6,6,estimated from season exits versus eligible schedule | 6 eligible events not entered,Top 16,normal,,,true,true,false,false,0,0,0,,0,false,,mainTour,mainTour,top16-low-overall-no-results,,true,true,
2050/51,wp-arlo-dawes,Arlo Dawes,39,BEL,Established,Top 16 Elite Player,false,true,true,Ranking Retained,0,0,,Top 16,14,8,8,8,8,9,,,,,14,6,87,87,88,92,84,99,87,2,57,1,1,0,100,1,,,,,,,191250,961,16,6,10,37.5,6,0,988750,"{""matches"":16,""wins"":6,""losses"":10,""draws"":0,""winPercentage"":37.5,""eventsEntered"":0,""titles"":6,""finals"":0,""prizeMoney"":988750,""points"":0}",,,,,,,,,,,,,,6,,true,true,false,,71,21,15,9,0,6,6,3,0,0,0,0,0,6,6,estimated from season exits versus eligible schedule | 6 eligible events not entered,Top 16,normal,,,true,true,false,false,1,1,191250,,1,false,,mainTour,mainTour,,,true,true,
2050/51,wp-aaron-nash,Aaron Nash,70,BEL,Veteran,Top 16 Elite Player,false,true,true,Ranking Retained,0,0,,Top 16,8,9,9,9,9,5,,,,,8,-1,85,85,80,83,67,79,16,54,59,1,0,1,0,0,,,,,,,2500,39,21,6,15,28.57142857142857,6,0,1204850,"{""matches"":21,""wins"":6,""losses"":15,""draws"":0,""winPercentage"":28.57142857142857,""eventsEntered"":0,""titles"":6,""finals"":0,""prizeMoney"":1204850,""points"":0}",,,,,,,,,,,,,,5,,true,true,false,,71,21,15,9,0,6,6,3,0,0,0,0,0,6,6,estimated from season exits versus eligible schedule | 6 eligible events not entered,Top 16,normal,,,true,true,false,false,0,0,2500,,0,false,,mainTour,mainTour,top16-low-overall-no-results,,true,true,
2050/51,wp-cian-crane,Cian Crane,53,WAL,Veteran,Top 16 Elite Player,false,true,true,Ranking Retained,0,0,,Top 16,9,10,10,10,10,28,,,,,9,-1,87,87,85,87,77,89,32,27,59,1,0,1,0,0,,,,,,,21250,93,13,5,8,38.46153846153847,5,0,1578150,"{""matches"":13,""wins"":5,""losses"":8,""draws"":0,""winPercentage"":38.46153846153847,""eventsEntered"":0,""titles"":5,""finals"":0,""prizeMoney"":1578150,""points"":0}",,,,,,,,,,,,,,2,,true,true,false,,71,21,15,9,0,6,6,3,0,0,0,0,0,6,6,estimated from season exits versus eligible schedule | 6 eligible events not entered,Top 16,normal,,,true,true,false,false,0,0,21250,,0,false,,mainTour,mainTour,top16-low-overall-no-results,,true,true,
2050/51,wp-arlo-dawes-c,Arlo Dawes C,36,BEL,Established,Top 16 Elite Player,false,true,true,Ranking Retained,0,0,,Top 16,10,11,11,11,11,12,,,,,10,-1,91,91,93,95,89,99,71,0,65,0,0,0,,0,,,,,,,0,0,24,11,13,45.83333333333333,11,0,614100,"{""matches"":24,""wins"":11,""losses"":13,""draws"":0,""winPercentage"":45.83333333333333,""eventsEntered"":0,""titles"":11,""finals"":0,""prizeMoney"":614100,""points"":0}",,,,,,,,,,,,,,10,,true,true,false,,71,21,15,9,0,6,6,3,0,0,0,0,0,6,6,estimated from season exits versus eligible schedule | 6 eligible events not entered,Top 16,normal,,,true,true,false,false,0,1,220000,,1,false,,mainTour,mainTour,,,true,true,
2050/51,wp-callum-reeve,Callum Reeve,59,ENG,Veteran,Top 16 Elite Player,false,true,true,Ranking Retained,0,0,,Top 16,13,12,12,12,12,27,,,,,13,1,90,90,87,89,77,90,29,37,60,1,0,1,0,0,,,,,,,50000,120,18,8,10,44.44444444444444,8,0,659600,"{""matches"":18,""wins"":8,""losses"":10,""draws"":0,""winPercentage"":44.44444444444444,""eventsEntered"":0,""titles"":8,""finals"":0,""prizeMoney"":659600,""points"":0}",,,,,,,,,,,,,,3,,true,true,false,,71,21,15,9,0,6,6,3,0,0,0,0,0,6,6,estimated from season exits versus eligible schedule | 6 eligible events not entered,Top 16,normal,,,true,true,false,false,0,0,50000,,0,false,,mainTour,mainTour,top16-low-overall-no-results,,true,true,
2050/51,wp-cian-holt,Cian Holt,51,WAL,Veteran,Top 16 Elite Player,false,true,true,Ranking Retained,0,0,,Top 16,16,13,13,13,13,29,,,,,16,3,87,87,86,89,78,95,57,25,59,2,1,1,50,1,,,,,,,41000,236,24,8,16,33.33333333333333,8,0,566700,"{""matches"":24,""wins"":8,""losses"":16,""draws"":0,""winPercentage"":33.33333333333333,""eventsEntered"":0,""titles"":8,""finals"":0,""prizeMoney"":566700,""points"":0}",,,,,,,,,,,,,,8,,true,true,false,,71,20,15,9,0,5,6,2,0,0,0,0,0,5,5,estimated from season exits versus eligible schedule | 5 eligible events not entered,Top 16,normal,,,true,true,false,false,1,1,41000,,1,false,,mainTour,mainTour,,,true,true,
2050/51,wp-aaron-holt,Aaron Holt,58,BEL,Veteran,Top 16 Elite Player,false,true,true,Ranking Retained,0,0,,Top 16,12,14,14,14,14,2,,,,,12,-2,92,93,89,92,79,93,32,35,64,1,0,1,0,0,,,,,,,5000,78,21,10,11,47.61904761904761,10,0,575900,"{""matches"":21,""wins"":10,""losses"":11,""draws"":0,""winPercentage"":47.61904761904761,""eventsEntered"":0,""titles"":10,""finals"":0,""prizeMoney"":575900,""points"":0}",,,,,,,,,,,,,,2,,true,true,false,,71,20,15,9,0,5,6,2,0,0,0,0,0,5,5,estimated from season exits versus eligible schedule | 5 eligible events not entered,Top 16,normal,,,true,true,false,false,0,0,5000,,0,false,,mainTour,mainTour,top16-low-overall-no-results,,true,true,
2050/51,wp-aaron-crane,Aaron Crane,54,BEL,Veteran,Top 16 Elite Player,false,true,true,Ranking Retained,0,0,,Top 16,11,15,15,15,15,1,,,,,11,-4,89,90,87,90,79,96,52,24,58,0,0,0,,0,,,,,,,0,0,12,6,6,50,6,0,921200,"{""matches"":12,""wins"":6,""losses"":6,""draws"":0,""winPercentage"":50,""eventsEntered"":0,""titles"":6,""finals"":0,""prizeMoney"":921200,""points"":0}",,,,,,,,,,,,,,1,,true,true,false,,71,20,15,9,0,5,6,2,0,0,0,0,0,5,5,estimated from season exits versus eligible schedule | 5 eligible events not entered,Top 16,normal,,,true,true,false,false,0,0,0,,0,false,,mainTour,mainTour,top16-low-overall-no-results,,true,true,
2050/51,wp-aaron-mercer,Aaron Mercer,44,BEL,Veteran,Top 16 Elite Player,false,true,true,Ranking Retained,0,0,,Top 16,15,16,16,16,16,4,,,,,15,-1,85,86,85,85,79,92,43,16,57,2,0,2,0,0,,,,,,,20500,107,23,7,16,30.434782608695656,7,0,489300,"{""matches"":23,""wins"":7,""losses"":16,""draws"":0,""winPercentage"":30.434782608695656,""eventsEntered"":0,""titles"":7,""finals"":0,""prizeMoney"":489300,""points"":0}",,,,,,,,,,,,,,4,,true,true,false,,71,20,15,9,0,5,6,2,0,0,0,0,0,5,5,estimated from season exits versus eligible schedule | 5 eligible events not entered,Top 16,normal,,,true,true,false,false,0,0,20500,,0,false,,mainTour,mainTour,top16-low-overall-no-results,,true,true,
2050/51,wp-arlo-dawes-d,Arlo Dawes D,36,BEL,Established,Top 32 Professional,false,true,true,Ranking Retained,0,0,,Top 32,17,17,17,17,17,13,,,,,17,0,72,72,74,69,70,81,42,0,38,0,0,0,,0,,,,,,,0,0,0,0,0,0,0,0,0,"{""matches"":0,""wins"":0,""losses"":0,""draws"":0,""winPercentage"":0,""eventsEntered"":0,""titles"":0,""finals"":0,""prizeMoney"":0,""points"":0}",,,,,,,,,,,,,,17,,false,false,true,,71,22,13,8,2,1,3,1,0,0,0,0,0,9,9,estimated from season exits versus eligible schedule | 9 eligible events not entered,Top 32,normal,,,true,true,false,false,0,0,0,,0,false,,mainTour,mainTour,,,true,true,
2050/51,wp-arlo-dawes-e,Arlo Dawes E,34,THA,Established,Top 32 Professional,false,true,true,Ranking Retained,0,0,,Top 32,18,18,18,18,18,14,,,,,18,0,72,72,74,69,71,81,42,0,38,0,0,0,,0,,,,,,,0,0,0,0,0,0,0,0,0,"{""matches"":0,""wins"":0,""losses"":0,""draws"":0,""winPercentage"":0,""eventsEntered"":0,""titles"":0,""finals"":0,""prizeMoney"":0,""points"":0}",,,,,,,,,,,,,,18,,false,false,true,,71,22,13,8,2,1,3,1,0,0,0,0,0,9,9,estimated from season exits versus eligible schedule | 9 eligible events not entered,Top 32,normal,,,true,true,false,false,0,0,0,,0,false,,mainTour,mainTour,,,true,true,
2050/51,wp-arlo-dawes-f,Arlo Dawes F,31,THA,Established,Top 32 Professional,false,true,true,Ranking Retained,0,0,,Top 32,19,19,19,19,19,15,,,,,19,0,72,72,74,69,72,81,42,0,38,0,0,0,,0,,,,,,,0,0,0,0,0,0,0,0,0,"{""matches"":0,""wins"":0,""losses"":0,""draws"":0,""winPercentage"":0,""eventsEntered"":0,""titles"":0,""finals"":0,""prizeMoney"":0,""points"":0}",,,,,,,,,,,,,,19,,false,false,true,,71,22,13,8,2,1,3,1,0,0,0,0,0,9,9,estimated from season exits versus eligible schedule | 9 eligible events not entered,Top 32,normal,,,true,true,false,false,0,0,0,,0,false,,mainTour,mainTour,,,true,true,
2050/51,wp-arlo-dawes-g,Arlo Dawes G,31,THA,Established,Top 32 Professional,false,true,true,Ranking Retained,0,0,,Top 32,20,20,20,20,20,16,,,,,20,0,72,72,74,69,72,81,42,0,37,0,0,0,,0,,,,,,,0,0,0,0,0,0,0,0,0,"{""matches"":0,""wins"":0,""losses"":0,""draws"":0,""winPercentage"":0,""eventsEntered"":0,""titles"":0,""finals"":0,""prizeMoney"":0,""points"":0}",,,,,,,,,,,,,,20,,false,false,true,,71,22,13,8,2,1,3,1,0,0,0,0,0,9,9,estimated from season exits versus eligible schedule | 9 eligible events not entered,Top 32,normal,,,true,true,false,false,0,0,0,,0,false,,mainTour,mainTour,,,true,true,
2050/51,wp-arlo-dawes-h,Arlo Dawes H,28,BEL,Established,Top 32 Professional,false,true,true,Ranking Retained,0,0,,Top 32,21,21,21,21,21,17,,,,,21,0,71,71,73,68,71,80,42,0,37,0,0,0,,0,,,,,,,0,0,0,0,0,0,0,0,0,"{""matches"":0,""wins"":0,""losses"":0,""draws"":0,""winPercentage"":0,""eventsEntered"":0,""titles"":0,""finals"":0,""prizeMoney"":0,""points"":0}",,,,,,,,,,,,,,21,,false,false,true,,71,22,13,8,2,1,3,1,0,0,0,0,0,9,9,estimated from season exits versus eligible schedule | 9 eligible events not entered,Top 32,normal,,,true,true,false,false,0,0,0,,0,false,,mainTour,mainTour,,,true,true,
2050/51,wp-arlo-dawes-i,Arlo Dawes I,28,BEL,Established,Top 32 Professional,false,true,true,Ranking Retained,0,0,,Top 32,22,22,22,22,22,18,,,,,22,0,71,71,73,68,71,80,42,0,37,0,0,0,,0,,,,,,,0,0,0,0,0,0,0,0,0,"{""matches"":0,""wins"":0,""losses"":0,""draws"":0,""winPercentage"":0,""eventsEntered"":0,""titles"":0,""finals"":0,""prizeMoney"":0,""points"":0}",,,,,,,,,,,,,,22,,false,false,true,,71,22,13,8,2,1,3,1,0,0,0,0,0,9,9,estimated from season exits versus eligible schedule | 9 eligible events not entered,Top 32,normal,,,true,true,false,false,0,0,0,,0,false,,mainTour,mainTour,,,true,true,
2050/51,wp-arlo-dawes-j,Arlo Dawes J,25,BEL,Established,Top 32 Professional,false,true,true,Ranking Retained,0,0,,Top 32,23,23,23,23,23,19,,,,,23,0,71,73,73,68,71,80,42,0,37,0,0,0,,0,,,,,,,0,0,0,0,0,0,0,0,0,"{""matches"":0,""wins"":0,""losses"":0,""draws"":0,""winPercentage"":0,""eventsEntered"":0,""titles"":0,""finals"":0,""prizeMoney"":0,""points"":0}",,,,,,,,,,,,,,23,,false,false,true,,71,22,13,8,2,1,3,1,0,0,0,0,0,9,9,estimated from season exits versus eligible schedule | 9 eligible events not entered,Top 32,normal,,,true,true,false,false,0,0,0,,0,false,,mainTour,mainTour,,,true,true,
2050/51,wp-arlo-dawes-k,Arlo Dawes K,25,BEL,Established,Top 32 Professional,false,true,true,Ranking Retained,0,0,,Top 32,24,24,24,24,24,20,,,,,24,0,71,73,73,68,71,80,42,0,37,0,0,0,,0,,,,,,,0,0,0,0,0,0,0,0,0,"{""matches"":0,""wins"":0,""losses"":0,""draws"":0,""winPercentage"":0,""eventsEntered"":0,""titles"":0,""finals"":0,""prizeMoney"":0,""points"":0}",,,,,,,,,,,,,,24,,false,false,true,,71,22,13,8,2,1,3,1,0,0,0,0,0,9,9,estimated from season exits versus eligible schedule | 9 eligible events not entered,Top 32,normal,,,true,true,false,false,0,0,0,,0,false,,mainTour,mainTour,,,true,true,
2050/51,wp-arlo-dawes-l,Arlo Dawes L,25,BEL,Established,Top 32 Professional,false,true,true,Ranking Retained,0,0,,Top 32,25,25,25,25,25,21,,,,,25,0,71,73,73,68,71,80,42,0,37,0,0,0,,0,,,,,,,0,0,0,0,0,0,0,0,0,"{""matches"":0,""wins"":0,""losses"":0,""draws"":0,""winPercentage"":0,""eventsEntered"":0,""titles"":0,""finals"":0,""prizeMoney"":0,""points"":0}",,,,,,,,,,,,,,25,,false,false,true,,71,22,13,8,2,1,3,1,0,0,0,0,0,9,9,estimated from season exits versus eligible schedule | 9 eligible events not entered,Top 32,normal,,,true,true,false,false,0,0,0,,0,false,,mainTour,mainTour,,,true,true,
2050/51,wp-arlo-dawes-m,Arlo Dawes M,22,BEL,Rookie,Top 32 Professional,false,true,true,Ranking Retained,0,0,,Top 32,26,26,26,26,26,22,,,,,26,0,70,74,72,67,70,79,42,0,36,0,0,0,,0,,,,,,,0,0,0,0,0,0,0,0,0,"{""matches"":0,""wins"":0,""losses"":0,""draws"":0,""winPercentage"":0,""eventsEntered"":0,""titles"":0,""finals"":0,""prizeMoney"":0,""points"":0}",,,,,,,,,,,,,,26,,false,false,true,,71,22,13,8,2,1,3,1,0,0,0,0,0,9,9,estimated from season exits versus eligible schedule | 9 eligible events not entered,Top 32,normal,,,true,true,false,false,0,0,0,,0,false,,mainTour,mainTour,,,true,true,
2050/51,wp-arlo-dawes-n,Arlo Dawes N,22,BEL,Rookie,Top 32 Professional,false,true,true,Ranking Retained,0,0,,Top 32,27,27,27,27,27,23,,,,,27,0,70,74,72,67,70,79,42,0,36,0,0,0,,0,,,,,,,0,0,0,0,0,0,0,0,0,"{""matches"":0,""wins"":0,""losses"":0,""draws"":0,""winPercentage"":0,""eventsEntered"":0,""titles"":0,""finals"":0,""prizeMoney"":0,""points"":0}",,,,,,,,,,,,,,27,,false,false,true,,71,22,13,8,2,1,3,1,0,0,0,0,0,9,9,estimated from season exits versus eligible schedule | 9 eligible events not entered,Top 32,normal,,,true,true,false,false,0,0,0,,0,false,,mainTour,mainTour,,,true,true,
2050/51,wp-arlo-dawes-o,Arlo Dawes O,20,THA,Rookie,Top 32 Professional,false,true,true,Ranking Retained,0,0,,Top 32,28,28,28,28,28,24,,,,,28,0,70,76,72,67,70,79,42,0,36,0,0,0,,0,,,,,,,0,0,0,0,0,0,0,0,0,"{""matches"":0,""wins"":0,""losses"":0,""draws"":0,""winPercentage"":0,""eventsEntered"":0,""titles"":0,""finals"":0,""prizeMoney"":0,""points"":0}",,,,,,,,,,,,,,28,,false,false,true,,71,22,13,8,2,1,3,1,0,0,0,0,0,9,9,estimated from season exits versus eligible schedule | 9 eligible events not entered,Top 32,normal,,,true,true,false,false,0,0,0,,0,false,,mainTour,mainTour,,,true,true,
2050/51,wp-arlo-dawes-p,Arlo Dawes P,20,THA,Rookie,Top 32 Professional,false,true,true,Ranking Retained,0,0,,Top 32,29,29,29,29,29,25,,,,,29,0,70,76,72,67,70,79,42,0,36,0,0,0,,0,,,,,,,0,0,0,0,0,0,0,0,0,"{""matches"":0,""wins"":0,""losses"":0,""draws"":0,""winPercentage"":0,""eventsEntered"":0,""titles"":0,""finals"":0,""prizeMoney"":0,""points"":0}",,,,,,,,,,,,,,29,,false,false,true,,71,22,13,8,2,1,3,1,0,0,0,0,0,9,9,estimated from season exits versus eligible schedule | 9 eligible events not entered,Top 32,normal,,,true,true,false,false,0,0,0,,0,false,,mainTour,mainTour,,,true,true,
2050/51,wp-arlo-dawes-q,Arlo Dawes Q,17,THA,Rookie,Top 32 Professional,false,true,true,Federation Route,1,2,2052/53,At Risk,,30,30,30,30,26,,,,,,,58,66,60,52,58,67,42,0,18,0,0,0,,0,,,,,,,0,26,0,0,0,0,0,0,0,"{""matches"":0,""wins"":0,""losses"":0,""draws"":0,""winPercentage"":0,""eventsEntered"":0,""titles"":0,""finals"":0,""prizeMoney"":0,""points"":0}",,,,,,,,,,,,,,,,false,false,true,,71,22,13,8,2,1,3,1,0,0,0,0,0,9,9,estimated from season exits versus eligible schedule | 9 eligible events not entered,Top 32,normal,,,true,true,false,false,0,0,0,,0,false,,mainTour,mainTour,,,true,true,
2050/51,wp-cian-keane,Cian Keane,46,WAL,Veteran,Top 32 Professional,false,true,true,Ranking Retained,0,0,,Top 32,30,30,31,30,31,30,,,,,30,-1,83,84,83,82,76,93,55,12,41,0,0,0,,0,,,,,,,0,0,2,1,1,50,1,0,0,"{""matches"":2,""wins"":1,""losses"":1,""draws"":0,""winPercentage"":50,""eventsEntered"":0,""titles"":1,""finals"":0,""prizeMoney"":0,""points"":0}",,,,,,,,,,,,,,12,,false,false,true,,71,22,13,8,2,1,3,1,0,0,0,0,0,9,9,estimated from season exits versus eligible schedule | 9 eligible events not entered,Top 32,normal,,,true,true,false,true,0,0,0,,0,true,,mainTour,mainTour,,,true,true,
2050/51,wp-cian-mercer,Cian Mercer,52,WAL,Veteran,Top 32 Professional,false,true,true,Ranking Retained,0,0,,Top 32,31,31,32,31,32,31,,,,,31,-1,71,72,69,67,61,73,28,23,39,0,0,0,,0,,,,,,,0,0,1,0,1,0,0,0,0,"{""matches"":1,""wins"":0,""losses"":1,""draws"":0,""winPercentage"":0,""eventsEntered"":0,""titles"":0,""finals"":0,""prizeMoney"":0,""points"":0}",,,,,,,,,,,,,,13,,false,false,true,,71,22,13,8,2,1,3,1,0,0,0,0,0,9,9,estimated from season exits versus eligible schedule | 9 eligible events not entered,Top 32,normal,,,true,true,false,true,0,0,0,,0,true,,mainTour,mainTour,,,true,true,
2050/51,wp-cian-nash,Cian Nash,46,WAL,Veteran,Tour Survivor / Top 64,false,true,true,Ranking Retained,0,0,,Top 32,32,32,33,32,33,32,,,,,32,-1,79,80,79,77,72,87,48,13,41,0,0,0,,0,,,,,,,0,0,3,1,2,33.33333333333333,1,0,0,"{""matches"":3,""wins"":1,""losses"":2,""draws"":0,""winPercentage"":33.33333333333333,""eventsEntered"":0,""titles"":1,""finals"":0,""prizeMoney"":0,""points"":0}",,,,,,,,,,,,,,14,,false,false,true,,71,18,11,8,3,1,0,0,0,0,0,0,0,7,7,estimated from season exits versus eligible schedule | 7 eligible events not entered,Top 64,normal,,,true,true,false,true,0,0,0,,0,true,,mainTour,mainTour,,,true,true,
2050/51,wp-cian-sloan,Cian Sloan,47,WAL,Veteran,Tour Survivor / Top 64,false,true,true,Ranking Retained,0,0,,Safe,33,33,34,33,34,33,,,,,33,-1,71,72,70,68,64,76,33,15,38,0,0,0,,0,,,,,,,0,0,2,0,2,0,0,0,0,"{""matches"":2,""wins"":0,""losses"":2,""draws"":0,""winPercentage"":0,""eventsEntered"":0,""titles"":0,""finals"":0,""prizeMoney"":0,""points"":0}",,,,,,,,,,,,,,15,,false,false,true,,71,18,11,8,3,1,0,0,0,0,0,0,0,7,7,estimated from season exits versus eligible schedule | 7 eligible events not entered,Top 64,normal,,,true,true,false,true,0,0,0,,0,true,,mainTour,mainTour,,,true,true,
2050/51,wp-cian-zhou,Cian Zhou,70,WAL,Veteran,Tour Survivor / Top 64,false,true,true,Ranking Retained,0,0,,Safe,34,34,35,34,35,34,,,,,34,-1,71,72,66,65,53,64,10,52,38,0,0,0,,0,,,,,,,0,0,0,0,0,0,0,0,0,"{""matches"":0,""wins"":0,""losses"":0,""draws"":0,""winPercentage"":0,""eventsEntered"":0,""titles"":0,""finals"":0,""prizeMoney"":0,""points"":0}",,,,,,,,,,,,,,16,,false,false,true,,71,18,11,8,3,1,0,0,0,0,0,0,0,7,7,estimated from season exits versus eligible schedule | 7 eligible events not entered,Top 64,normal,,,true,true,false,true,0,0,0,,0,true,,mainTour,mainTour,,,true,true,
2050/51,wp-daniel-crane,Daniel Crane,78,AUS,Veteran,Tour Survivor / Top 64,false,true,true,Ranking Retained,0,0,,Safe,35,35,36,35,36,35,,,,,35,-1,71,72,64,65,49,62,10,64,38,0,0,0,,0,,,,,,,0,0,0,0,0,0,0,0,0,"{""matches"":0,""wins"":0,""losses"":0,""draws"":0,""winPercentage"":0,""eventsEntered"":0,""titles"":0,""finals"":0,""prizeMoney"":0,""points"":0}",,,,,,,,,,,,,,17,,false,false,true,,71,18,11,8,3,1,0,0,0,0,0,0,0,7,7,estimated from season exits versus eligible schedule | 7 eligible events not entered,Top 64,normal,,,true,true,false,true,0,0,0,,0,true,,mainTour,mainTour,,,true,true,
2050/51,wp-daniel-holt,Daniel Holt,53,AUS,Veteran,Tour Survivor / Top 64,false,true,true,Ranking Retained,0,0,,Safe,36,36,37,36,37,36,,,,,36,-1,70,71,68,66,60,71,27,25,38,0,0,0,,0,,,,,,,0,0,0,0,0,0,0,0,0,"{""matches"":0,""wins"":0,""losses"":0,""draws"":0,""winPercentage"":0,""eventsEntered"":0,""titles"":0,""finals"":0,""prizeMoney"":0,""points"":0}",,,,,,,,,,,,,,18,,false,false,true,,71,18,11,8,3,1,0,0,0,0,0,0,0,7,7,estimated from season exits versus eligible schedule | 7 eligible events not entered,Top 64,normal,,,true,true,false,true,0,0,0,,0,true,,mainTour,mainTour,,,true,true,
2050/51,wp-daniel-keane,Daniel Keane,46,AUS,Veteran,Tour Survivor / Top 64,false,true,true,Ranking Retained,0,0,,Safe,37,37,38,37,38,37,,,,,37,-1,70,71,70,67,63,75,34,14,38,0,0,0,,0,,,,,,,0,0,0,0,0,0,0,0,0,"{""matches"":0,""wins"":0,""losses"":0,""draws"":0,""winPercentage"":0,""eventsEntered"":0,""titles"":0,""finals"":0,""prizeMoney"":0,""points"":0}",,,,,,,,,,,,,,19,,false,false,true,,71,18,11,8,3,1,0,0,0,0,0,0,0,7,7,estimated from season exits versus eligible schedule | 7 eligible events not entered,Top 64,normal,,,true,true,false,true,0,0,0,,0,true,,mainTour,mainTour,,,true,true,
2050/51,wp-daniel-mercer,Daniel Mercer,52,AUS,Veteran,Tour Survivor / Top 64,false,true,true,Ranking Retained,0,0,,Safe,38,38,39,38,39,38,,,,,38,-1,70,71,68,66,60,72,28,23,37,0,0,0,,0,,,,,,,0,0,0,0,0,0,0,0,0,"{""matches"":0,""wins"":0,""losses"":0,""draws"":0,""winPercentage"":0,""eventsEntered"":0,""titles"":0,""finals"":0,""prizeMoney"":0,""points"":0}",,,,,,,,,,,,,,20,,false,false,true,,71,18,11,8,3,1,0,0,0,0,0,0,0,7,7,estimated from season exits versus eligible schedule | 7 eligible events not entered,Top 64,normal,,,true,true,false,true,0,0,0,,0,true,,mainTour,mainTour,,,true,true,
2050/51,wp-daniel-nash,Daniel Nash,46,AUS,Veteran,Tour Survivor / Top 64,false,true,true,Ranking Retained,0,0,,Safe,39,39,40,39,40,39,,,,,39,-1,70,71,70,66,63,75,34,14,37,0,0,0,,0,,,,,,,0,0,0,0,0,0,0,0,0,"{""matches"":0,""wins"":0,""losses"":0,""draws"":0,""winPercentage"":0,""eventsEntered"":0,""titles"":0,""finals"":0,""prizeMoney"":0,""points"":0}",,,,,,,,,,,,,,21,,false,false,true,,71,18,11,8,3,1,0,0,0,0,0,0,0,7,7,estimated from season exits versus eligible schedule | 7 eligible events not entered,Top 64,normal,,,true,true,false,true,0,0,0,,0,true,,mainTour,mainTour,,,true,true,
2050/51,wp-daniel-sloan,Daniel Sloan,47,AUS,Veteran,Tour Survivor / Top 64,false,true,true,Ranking Retained,0,0,,Safe,40,40,41,40,41,40,,,,,40,-1,70,71,69,66,63,75,33,15,37,0,0,0,,0,,,,,,,0,0,0,0,0,0,0,0,0,"{""matches"":0,""wins"":0,""losses"":0,""draws"":0,""winPercentage"":0,""eventsEntered"":0,""titles"":0,""finals"":0,""prizeMoney"":0,""points"":0}",,,,,,,,,,,,,,22,,false,false,true,,71,18,11,8,3,1,0,0,0,0,0,0,0,7,7,estimated from season exits versus eligible schedule | 7 eligible events not entered,Top 64,normal,,,true,true,false,true,0,0,0,,0,true,,mainTour,mainTour,,,true,true,
2050/51,wp-daniel-zhou,Daniel Zhou,51,AUS,Veteran,Tour Survivor / Top 64,false,true,true,Ranking Retained,0,0,,Safe,41,41,42,41,42,41,,,,,41,-1,69,70,68,65,60,71,29,22,37,0,0,0,,0,,,,,,,0,0,0,0,0,0,0,0,0,"{""matches"":0,""wins"":0,""losses"":0,""draws"":0,""winPercentage"":0,""eventsEntered"":0,""titles"":0,""finals"":0,""prizeMoney"":0,""points"":0}",,,,,,,,,,,,,,23,,false,false,true,,71,18,11,8,3,1,0,0,0,0,0,0,0,7,7,estimated from season exits versus eligible schedule | 7 eligible events not entered,Top 64,normal,,,true,true,false,true,0,0,0,,0,true,,mainTour,mainTour,,,true,true,
2050/51,wp-ethan-crane,Ethan Crane,79,SCO,Veteran,Tour Survivor / Top 64,false,true,true,Ranking Retained,0,0,,Safe,42,42,43,42,43,43,,,,,42,-1,70,71,63,64,48,61,10,65,38,0,0,0,,0,,,,,,,0,0,0,0,0,0,0,0,0,"{""matches"":0,""wins"":0,""losses"":0,""draws"":0,""winPercentage"":0,""eventsEntered"":0,""titles"":0,""finals"":0,""prizeMoney"":0,""points"":0}",,,,,,,,,,,,,,15,,false,false,true,,71,18,11,8,3,1,0,0,0,0,0,0,0,7,7,estimated from season exits versus eligible schedule | 7 eligible events not entered,Top 64,normal,,,true,true,false,true,0,0,0,,0,true,,mainTour,mainTour,,,true,true,
2050/51,wp-ethan-dawes,Ethan Dawes,45,SCO,Veteran,Tour Survivor / Top 64,false,true,true,Ranking Retained,0,0,,Safe,43,43,44,43,44,44,,,,,43,-1,69,70,69,66,63,75,35,12,37,0,0,0,,0,,,,,,,0,0,0,0,0,0,0,0,0,"{""matches"":0,""wins"":0,""losses"":0,""draws"":0,""winPercentage"":0,""eventsEntered"":0,""titles"":0,""finals"":0,""prizeMoney"":0,""points"":0}",,,,,,,,,,,,,,25,,false,false,true,,71,18,11,8,3,1,0,0,0,0,0,0,0,7,7,estimated from season exits versus eligible schedule | 7 eligible events not entered,Top 64,normal,,,true,true,false,true,0,0,0,,0,true,,mainTour,mainTour,,,true,true,
2050/51,wp-ethan-holt,Ethan Holt,56,SCO,Veteran,Tour Survivor / Top 64,false,true,true,Ranking Retained,0,0,,Safe,44,44,45,44,45,45,,,,,44,-1,69,70,67,64,58,69,24,30,36,0,0,0,,0,,,,,,,0,0,0,0,0,0,0,0,0,"{""matches"":0,""wins"":0,""losses"":0,""draws"":0,""winPercentage"":0,""eventsEntered"":0,""titles"":0,""finals"":0,""prizeMoney"":0,""points"":0}",,,,,,,,,,,,,,26,,false,false,true,,71,18,11,8,3,1,0,0,0,0,0,0,0,7,7,estimated from season exits versus eligible schedule | 7 eligible events not entered,Top 64,normal,,,true,true,false,true,0,0,0,,0,true,,mainTour,mainTour,,,true,true,
2050/51,wp-ethan-keane,Ethan Keane,47,SCO,Veteran,Tour Survivor / Top 64,false,true,true,Ranking Retained,0,0,,Safe,45,45,46,45,46,46,,,,,45,-1,69,70,68,65,62,74,33,15,36,0,0,0,,0,,,,,,,0,0,0,0,0,0,0,0,0,"{""matches"":0,""wins"":0,""losses"":0,""draws"":0,""winPercentage"":0,""eventsEntered"":0,""titles"":0,""finals"":0,""prizeMoney"":0,""points"":0}",,,,,,,,,,,,,,27,,false,false,true,,71,18,11,8,3,1,0,0,0,0,0,0,0,7,7,estimated from season exits versus eligible schedule | 7 eligible events not entered,Top 64,normal,,,true,true,false,true,0,0,0,,0,true,,mainTour,mainTour,,,true,true,
2050/51,wp-ethan-mercer,Ethan Mercer,49,SCO,Veteran,Tour Survivor / Top 64,false,true,true,Ranking Retained,0,0,,Safe,46,46,47,46,47,47,,,,,46,-1,68,69,67,64,60,71,31,19,36,0,0,0,,0,,,,,,,0,0,0,0,0,0,0,0,0,"{""matches"":0,""wins"":0,""losses"":0,""draws"":0,""winPercentage"":0,""eventsEntered"":0,""titles"":0,""finals"":0,""prizeMoney"":0,""points"":0}",,,,,,,,,,,,,,28,,false,false,true,,71,18,11,8,3,1,0,0,0,0,0,0,0,7,7,estimated from season exits versus eligible schedule | 7 eligible events not entered,Top 64,normal,,,true,true,false,true,0,0,0,,0,true,,mainTour,mainTour,,,true,true,
2050/51,wp-ethan-nash,Ethan Nash,47,SCO,Veteran,Tour Survivor / Top 64,false,true,true,Ranking Retained,0,0,,Safe,47,47,48,47,48,48,,,,,47,-1,68,69,67,64,61,73,33,15,36,0,0,0,,0,,,,,,,0,0,0,0,0,0,0,0,0,"{""matches"":0,""wins"":0,""losses"":0,""draws"":0,""winPercentage"":0,""eventsEntered"":0,""titles"":0,""finals"":0,""prizeMoney"":0,""points"":0}",,,,,,,,,,,,,,29,,false,false,true,,71,18,11,8,3,1,0,0,0,0,0,0,0,7,7,estimated from season exits versus eligible schedule | 7 eligible events not entered,Top 64,normal,,,true,true,false,true,0,0,0,,0,true,,mainTour,mainTour,,,true,true,
2050/51,wp-ethan-sloan,Ethan Sloan,56,SCO,Veteran,Tour Survivor / Top 64,false,true,true,Ranking Retained,0,0,,Safe,48,48,49,48,49,49,,,,,48,-1,68,69,66,63,57,68,24,30,36,0,0,0,,0,,,,,,,0,0,0,0,0,0,0,0,0,"{""matches"":0,""wins"":0,""losses"":0,""draws"":0,""winPercentage"":0,""eventsEntered"":0,""titles"":0,""finals"":0,""prizeMoney"":0,""points"":0}",,,,,,,,,,,,,,30,,false,false,true,,71,18,11,8,3,1,0,0,0,0,0,0,0,7,7,estimated from season exits versus eligible schedule | 7 eligible events not entered,Top 64,normal,,,true,true,false,true,0,0,0,,0,true,,mainTour,mainTour,,,true,true,
2050/51,wp-ethan-zhou,Ethan Zhou,54,SCO,Veteran,Tour Survivor / Top 64,false,true,true,Ranking Retained,0,0,,Safe,49,49,50,49,50,50,,,,,49,-1,68,69,66,63,58,69,26,26,35,0,0,0,,0,,,,,,,0,0,0,0,0,0,0,0,0,"{""matches"":0,""wins"":0,""losses"":0,""draws"":0,""winPercentage"":0,""eventsEntered"":0,""titles"":0,""finals"":0,""prizeMoney"":0,""points"":0}",,,,,,,,,,,,,,31,,false,false,true,,71,18,11,8,3,1,0,0,0,0,0,0,0,7,7,estimated from season exits versus eligible schedule | 7 eligible events not entered,Top 64,normal,,,true,true,false,true,0,0,0,,0,true,,mainTour,mainTour,,,true,true,
2050/51,wp-evan-mori,Evan Mori,39,CHN,Established,Tour Survivor / Top 64,false,true,true,Ranking Retained,0,0,,Safe,50,50,51,50,51,51,,,,,50,-1,68,69,69,65,65,76,41,3,35,0,0,0,,0,,,,,,,0,0,0,0,0,0,0,0,0,"{""matches"":0,""wins"":0,""losses"":0,""draws"":0,""winPercentage"":0,""eventsEntered"":0,""titles"":0,""finals"":0,""prizeMoney"":0,""points"":0}",,,,,,,,,,,,,,33,,false,false,true,,71,18,11,8,3,1,0,0,0,0,0,0,0,7,7,estimated from season exits versus eligible schedule | 7 eligible events not entered,Top 64,normal,,,true,true,false,true,0,0,0,,0,true,,mainTour,mainTour,,,true,true,
2050/51,wp-evan-mori-a,Evan Mori A,39,CHN,Established,Tour Survivor / Top 64,false,true,true,Ranking Retained,0,0,,Safe,51,51,52,51,52,52,,,,,51,-1,91,92,92,93,88,99,83,0,39,0,0,0,,0,,,,,,,0,0,2,2,0,100,2,0,0,"{""matches"":2,""wins"":2,""losses"":0,""draws"":0,""winPercentage"":100,""eventsEntered"":0,""titles"":2,""finals"":0,""prizeMoney"":0,""points"":0}",,,,,,,,,,,,,,36,,false,false,true,,71,18,11,8,3,1,0,0,0,0,0,0,0,7,7,estimated from season exits versus eligible schedule | 7 eligible events not entered,Top 64,normal,,,true,true,false,true,0,0,0,,0,true,,mainTour,mainTour,,,true,true,
2050/51,wp-evan-mori-b,Evan Mori B,36,CHN,Established,Tour Survivor / Top 64,false,true,true,Ranking Retained,0,0,,Safe,52,52,53,52,53,53,,,,,52,-1,67,68,69,64,65,76,42,0,34,0,0,0,,0,,,,,,,0,0,0,0,0,0,0,0,0,"{""matches"":0,""wins"":0,""losses"":0,""draws"":0,""winPercentage"":0,""eventsEntered"":0,""titles"":0,""finals"":0,""prizeMoney"":0,""points"":0}",,,,,,,,,,,,,,37,,false,false,true,,71,18,11,8,3,1,0,0,0,0,0,0,0,7,7,estimated from season exits versus eligible schedule | 7 eligible events not entered,Top 64,normal,,,true,true,false,true,0,0,0,,0,true,,mainTour,mainTour,,,true,true,
2050/51,wp-evan-mori-c,Evan Mori C,36,CHN,Established,Tour Survivor / Top 64,false,true,true,Ranking Retained,0,0,,Safe,53,53,54,53,54,54,,,,,53,-1,89,90,91,90,87,99,83,0,36,0,0,0,,0,,,,,,,0,0,1,1,0,100,1,0,0,"{""matches"":1,""wins"":1,""losses"":0,""draws"":0,""winPercentage"":100,""eventsEntered"":0,""titles"":1,""finals"":0,""prizeMoney"":0,""points"":0}",,,,,,,,,,,,,,39,,false,false,true,,71,18,11,8,3,1,0,0,0,0,0,0,0,7,7,estimated from season exits versus eligible schedule | 7 eligible events not entered,Top 64,normal,,,true,true,false,true,0,0,0,,0,true,,mainTour,mainTour,,,true,true,
2050/51,wp-evan-mori-d,Evan Mori D,36,CHN,Established,Tour Survivor / Top 64,false,true,true,Ranking Retained,0,0,,Safe,54,54,55,54,55,55,,,,,54,-1,89,90,91,90,87,99,83,0,35,0,0,0,,0,,,,,,,0,0,1,1,0,100,1,0,0,"{""matches"":1,""wins"":1,""losses"":0,""draws"":0,""winPercentage"":100,""eventsEntered"":0,""titles"":1,""finals"":0,""prizeMoney"":0,""points"":0}",,,,,,,,,,,,,,42,,false,false,true,,71,18,11,8,3,1,0,0,0,0,0,0,0,7,7,estimated from season exits versus eligible schedule | 7 eligible events not entered,Top 64,normal,,,true,true,false,true,0,0,0,,0,true,,mainTour,mainTour,,,true,true,
2050/51,wp-evan-mori-e,Evan Mori E,33,CHN,Established,Tour Survivor / Top 64,false,true,true,Ranking Retained,0,0,,Safe,55,55,56,55,56,56,,,,,55,-1,66,67,68,63,65,75,42,0,33,0,0,0,,0,,,,,,,0,0,0,0,0,0,0,0,0,"{""matches"":0,""wins"":0,""losses"":0,""draws"":0,""winPercentage"":0,""eventsEntered"":0,""titles"":0,""finals"":0,""prizeMoney"":0,""points"":0}",,,,,,,,,,,,,,43,,false,false,true,,71,18,11,8,3,1,0,0,0,0,0,0,0,7,7,estimated from season exits versus eligible schedule | 7 eligible events not entered,Top 64,normal,,,true,true,false,true,0,0,0,,0,true,,mainTour,mainTour,,,true,true,
2050/51,wp-evan-mori-f,Evan Mori F,30,AUS,Established,Tour Survivor / Top 64,false,true,true,Ranking Retained,0,0,,Safe,56,56,57,56,57,57,,,,,56,-1,65,66,67,62,65,74,42,0,33,0,0,0,,0,,,,,,,0,0,0,0,0,0,0,0,0,"{""matches"":0,""wins"":0,""losses"":0,""draws"":0,""winPercentage"":0,""eventsEntered"":0,""titles"":0,""finals"":0,""prizeMoney"":0,""points"":0}",,,,,,,,,,,,,,47,,false,false,true,,71,18,11,8,3,1,0,0,0,0,0,0,0,7,7,estimated from season exits versus eligible schedule | 7 eligible events not entered,Top 64,normal,,,true,true,false,true,0,0,0,,0,true,,mainTour,mainTour,,,true,true,
2050/51,wp-evan-mori-g,Evan Mori G,30,AUS,Established,Tour Survivor / Top 64,false,true,true,Ranking Retained,0,0,,Safe,57,57,58,57,58,58,,,,,57,-1,65,66,67,62,65,74,42,0,32,0,0,0,,0,,,,,,,0,0,0,0,0,0,0,0,0,"{""matches"":0,""wins"":0,""losses"":0,""draws"":0,""winPercentage"":0,""eventsEntered"":0,""titles"":0,""finals"":0,""prizeMoney"":0,""points"":0}",,,,,,,,,,,,,,48,,false,false,true,,71,18,11,8,3,1,0,0,0,0,0,0,0,7,7,estimated from season exits versus eligible schedule | 7 eligible events not entered,Top 64,normal,,,true,true,false,true,0,0,0,,0,true,,mainTour,mainTour,,,true,true,
2050/51,wp-evan-mori-h,Evan Mori H,30,AUS,Established,Tour Survivor / Top 64,false,true,true,Ranking Retained,0,0,,Safe,58,58,59,58,59,59,,,,,58,-1,65,66,67,62,65,74,42,0,32,0,0,0,,0,,,,,,,0,0,0,0,0,0,0,0,0,"{""matches"":0,""wins"":0,""losses"":0,""draws"":0,""winPercentage"":0,""eventsEntered"":0,""titles"":0,""finals"":0,""prizeMoney"":0,""points"":0}",,,,,,,,,,,,,,49,,false,false,true,,71,18,11,8,3,1,0,0,0,0,0,0,0,7,7,estimated from season exits versus eligible schedule | 7 eligible events not entered,Top 64,normal,,,true,true,false,true,0,0,0,,0,true,,mainTour,mainTour,,,true,true,
2050/51,wp-evan-mori-i,Evan Mori I,28,CHN,Established,Tour Survivor / Top 64,false,true,true,Ranking Retained,0,0,,Safe,59,59,60,59,60,60,,,,,59,-1,64,64,66,61,64,73,42,0,32,0,0,0,,0,,,,,,,0,0,0,0,0,0,0,0,0,"{""matches"":0,""wins"":0,""losses"":0,""draws"":0,""winPercentage"":0,""eventsEntered"":0,""titles"":0,""finals"":0,""prizeMoney"":0,""points"":0}",,,,,,,,,,,,,,53,,false,false,true,,71,18,11,8,3,1,0,0,0,0,0,0,0,7,7,estimated from season exits versus eligible schedule | 7 eligible events not entered,Top 64,normal,,,true,true,false,true,0,0,0,,0,true,,mainTour,mainTour,,,true,true,
2050/51,wp-evan-mori-j,Evan Mori J,25,CHN,Established,Tour Survivor / Top 64,false,true,true,Ranking Retained,0,0,,Safe,60,60,61,60,61,61,,,,,60,-1,64,66,66,60,64,73,42,0,31,0,0,0,,0,,,,,,,0,0,0,0,0,0,0,0,0,"{""matches"":0,""wins"":0,""losses"":0,""draws"":0,""winPercentage"":0,""eventsEntered"":0,""titles"":0,""finals"":0,""prizeMoney"":0,""points"":0}",,,,,,,,,,,,,,54,,false,false,true,,71,18,11,8,3,1,0,0,0,0,0,0,0,7,7,estimated from season exits versus eligible schedule | 7 eligible events not entered,Top 64,normal,,,true,true,false,true,0,0,0,,0,true,,mainTour,mainTour,,,true,true,
2050/51,wp-evan-mori-k,Evan Mori K,25,CHN,Established,Tour Survivor / Top 64,false,true,true,Ranking Retained,0,0,,Safe,61,61,62,61,62,62,,,,,61,-1,64,66,66,60,64,73,42,0,31,0,0,0,,0,,,,,,,0,0,0,0,0,0,0,0,0,"{""matches"":0,""wins"":0,""losses"":0,""draws"":0,""winPercentage"":0,""eventsEntered"":0,""titles"":0,""finals"":0,""prizeMoney"":0,""points"":0}",,,,,,,,,,,,,,57,,false,false,true,,71,18,11,8,3,1,0,0,0,0,0,0,0,7,7,estimated from season exits versus eligible schedule | 7 eligible events not entered,Top 64,normal,,,true,true,false,true,0,0,0,,0,true,,mainTour,mainTour,,,true,true,
2050/51,wp-evan-mori-l,Evan Mori L,25,CHN,Established,Tour Survivor / Top 64,false,true,true,Ranking Retained,0,0,,Safe,62,62,63,62,63,63,,,,,62,-1,64,66,66,60,64,73,42,0,31,0,0,0,,0,,,,,,,0,0,0,0,0,0,0,0,0,"{""matches"":0,""wins"":0,""losses"":0,""draws"":0,""winPercentage"":0,""eventsEntered"":0,""titles"":0,""finals"":0,""prizeMoney"":0,""points"":0}",,,,,,,,,,,,,,58,,false,false,true,,71,18,11,8,3,1,0,0,0,0,0,0,0,7,7,estimated from season exits versus eligible schedule | 7 eligible events not entered,Top 64,normal,,,true,true,false,true,0,0,0,,0,true,,mainTour,mainTour,,,true,true,
2050/51,wp-evan-mori-m,Evan Mori M,22,CHN,Rookie,Tour Survivor / Top 64,false,true,true,Ranking Retained,0,0,,Safe,63,63,64,63,64,64,,,,,63,-1,63,67,65,59,63,72,42,0,30,0,0,0,,0,,,,,,,0,0,0,0,0,0,0,0,0,"{""matches"":0,""wins"":0,""losses"":0,""draws"":0,""winPercentage"":0,""eventsEntered"":0,""titles"":0,""finals"":0,""prizeMoney"":0,""points"":0}",,,,,,,,,,,,,,60,,false,false,true,,71,18,11,8,3,1,0,0,0,0,0,0,0,7,7,estimated from season exits versus eligible schedule | 7 eligible events not entered,Top 64,normal,,,true,true,false,true,0,0,0,,0,true,,mainTour,mainTour,,,true,true,
2050/51,wp-evan-mori-n,Evan Mori N,22,CHN,Rookie,Bottom Tour / At Risk,false,true,true,Ranking Retained,0,0,,Safe,64,64,65,64,65,65,,,,,64,-1,63,67,65,59,63,72,42,0,30,0,0,0,,0,,,,,,,0,0,0,0,0,0,0,0,0,"{""matches"":0,""wins"":0,""losses"":0,""draws"":0,""winPercentage"":0,""eventsEntered"":0,""titles"":0,""finals"":0,""prizeMoney"":0,""points"":0}",,,,,,,,,,,,,,62,,false,false,true,,71,18,9,2,7,1,0,0,0,0,0,0,0,9,9,estimated from season exits versus eligible schedule | 9 eligible events not entered,Bottom Tour 65-128,normal,,,true,true,false,true,0,0,0,,0,true,,mainTour,mainTour,,,true,true,
2050/51,wp-evan-mori-p,Evan Mori P,19,AUS,Rookie,Rookie Pro / Bubble,false,true,true,Playoff Route,1,2,2052/53,At Risk,,66,66,66,66,66,,,,,,,55,61,57,49,55,64,42,0,18,0,0,0,,0,,,,,,,0,134,0,0,0,0,0,0,0,"{""matches"":0,""wins"":0,""losses"":0,""draws"":0,""winPercentage"":0,""eventsEntered"":0,""titles"":0,""finals"":0,""prizeMoney"":0,""points"":0}",,,,,,,,,,,,,,,,false,false,true,,71,18,9,2,7,1,0,0,0,0,0,0,0,9,9,estimated from season exits versus eligible schedule | 9 eligible events not entered,Rookie Pro,normal,,,true,true,false,false,0,0,0,,0,false,,mainTour,mainTour,,,true,true,
2050/51,wp-finn-cross-e,Finn Cross E,32,SCO,Established,Rookie Pro / Bubble,false,true,true,Playoff Route,2,1,2051/52,Rookie Year 2,67,67,67,67,67,67,,,,,67,0,63,63,65,59,62,72,42,0,30,0,0,0,,0,,,,,,,0,0,0,0,0,0,0,0,0,"{""matches"":0,""wins"":0,""losses"":0,""draws"":0,""winPercentage"":0,""eventsEntered"":0,""titles"":0,""finals"":0,""prizeMoney"":0,""points"":0}",,,,,,,,,,,,,,59,,false,false,true,,71,18,9,2,7,1,0,0,0,0,0,0,0,9,9,estimated from season exits versus eligible schedule | 9 eligible events not entered,Rookie Pro,normal,,,true,true,false,false,0,0,0,,0,false,,mainTour,mainTour,,,true,true,
2050/51,wp-finn-cross-f,Finn Cross F,32,SCO,Established,Rookie Pro / Bubble,false,true,true,Playoff Route,2,1,2051/52,Rookie Year 2,68,68,68,68,68,68,,,,,68,0,63,63,65,59,62,72,42,0,30,0,0,0,,0,,,,,,,0,0,0,0,0,0,0,0,0,"{""matches"":0,""wins"":0,""losses"":0,""draws"":0,""winPercentage"":0,""eventsEntered"":0,""titles"":0,""finals"":0,""prizeMoney"":0,""points"":0}",,,,,,,,,,,,,,60,,false,false,true,,71,18,9,2,7,1,0,0,0,0,0,0,0,9,9,estimated from season exits versus eligible schedule | 9 eligible events not entered,Rookie Pro,normal,,,true,true,false,false,0,0,0,,0,false,,mainTour,mainTour,,,true,true,
2050/51,wp-finn-cross-g,Finn Cross G,30,BEL,Established,Rookie Pro / Bubble,false,true,true,Playoff Route,2,1,2051/52,Rookie Year 2,69,69,69,69,69,69,,,,,69,0,62,62,64,58,62,71,42,0,29,0,0,0,,0,,,,,,,0,0,0,0,0,0,0,0,0,"{""matches"":0,""wins"":0,""losses"":0,""draws"":0,""winPercentage"":0,""eventsEntered"":0,""titles"":0,""finals"":0,""prizeMoney"":0,""points"":0}",,,,,,,,,,,,,,65,,false,false,true,,71,18,9,2,7,1,0,0,0,0,0,0,0,9,9,estimated from season exits versus eligible schedule | 9 eligible events not entered,Rookie Pro,normal,,,true,true,false,false,0,0,0,,0,false,,mainTour,mainTour,,,true,true,
2050/51,wp-finn-cross-h,Finn Cross H,30,BEL,Established,Rookie Pro / Bubble,false,true,true,Playoff Route,2,1,2051/52,Rookie Year 2,70,70,70,70,70,70,,,,,70,0,62,62,64,58,62,71,42,0,29,0,0,0,,0,,,,,,,0,0,0,0,0,0,0,0,0,"{""matches"":0,""wins"":0,""losses"":0,""draws"":0,""winPercentage"":0,""eventsEntered"":0,""titles"":0,""finals"":0,""prizeMoney"":0,""points"":0}",,,,,,,,,,,,,,66,,false,false,true,,71,18,9,2,7,1,0,0,0,0,0,0,0,9,9,estimated from season exits versus eligible schedule | 9 eligible events not entered,Rookie Pro,normal,,,true,true,false,false,0,0,0,,0,false,,mainTour,mainTour,,,true,true,
2050/51,wp-finn-cross-j,Finn Cross J,24,SCO,Rookie,Rookie Pro / Bubble,false,true,true,Playoff Route,1,2,2052/53,At Risk,,71,71,71,71,71,,,,,,,62,65,64,58,62,71,42,0,29,0,0,0,,0,,,,,,,0,47,0,0,0,0,0,0,0,"{""matches"":0,""wins"":0,""losses"":0,""draws"":0,""winPercentage"":0,""eventsEntered"":0,""titles"":0,""finals"":0,""prizeMoney"":0,""points"":0}",,,,,,,,,,,,,,68,,false,false,true,,71,18,9,2,7,1,0,0,0,0,0,0,0,9,9,estimated from season exits versus eligible schedule | 9 eligible events not entered,Rookie Pro,normal,,,true,true,false,false,0,0,0,,0,false,,mainTour,mainTour,,,true,true,
2050/51,wp-finn-cross-k,Finn Cross K,24,SCO,Rookie,Rookie Pro / Bubble,false,true,true,Playoff Route,1,2,2052/53,At Risk,,72,72,72,72,72,,,,,,,62,65,64,58,62,71,42,0,29,0,0,0,,0,,,,,,,0,44,0,0,0,0,0,0,0,"{""matches"":0,""wins"":0,""losses"":0,""draws"":0,""winPercentage"":0,""eventsEntered"":0,""titles"":0,""finals"":0,""prizeMoney"":0,""points"":0}",,,,,,,,,,,,,,69,,false,false,true,,71,18,9,2,7,1,0,0,0,0,0,0,0,9,9,estimated from season exits versus eligible schedule | 9 eligible events not entered,Rookie Pro,normal,,,true,true,false,false,0,0,0,,0,false,,mainTour,mainTour,,,true,true,
2050/51,wp-finn-cross-m,Finn Cross M,21,SCO,Rookie,Rookie Pro / Bubble,false,true,true,Playoff Route,2,1,2051/52,Rookie Year 2,73,73,73,73,73,73,,,,,73,0,61,66,63,57,61,70,42,0,28,0,0,0,,0,,,,,,,0,0,0,0,0,0,0,0,0,"{""matches"":0,""wins"":0,""losses"":0,""draws"":0,""winPercentage"":0,""eventsEntered"":0,""titles"":0,""finals"":0,""prizeMoney"":0,""points"":0}",,,,,,,,,,,,,,73,,false,false,true,,71,18,9,2,7,1,0,0,0,0,0,0,0,9,9,estimated from season exits versus eligible schedule | 9 eligible events not entered,Rookie Pro,normal,,,true,true,false,false,0,0,0,,0,false,,mainTour,mainTour,,,true,true,
2050/51,wp-finn-cross-p,Finn Cross P,18,SCO,Rookie,Rookie Pro / Bubble,false,true,true,Federation Route,1,2,2052/53,At Risk,,74,74,74,74,74,,,,,,,54,61,56,48,54,63,42,0,18,0,0,0,,0,,,,,,,0,31,0,0,0,0,0,0,0,"{""matches"":0,""wins"":0,""losses"":0,""draws"":0,""winPercentage"":0,""eventsEntered"":0,""titles"":0,""finals"":0,""prizeMoney"":0,""points"":0}",,,,,,,,,,,,,,,,false,false,true,,71,18,9,2,7,1,0,0,0,0,0,0,0,9,9,estimated from season exits versus eligible schedule | 9 eligible events not entered,Rookie Pro,normal,,,true,true,false,false,0,0,0,,0,false,,mainTour,mainTour,,,true,true,
2050/51,wp-jude-sloan-c,Jude Sloan C,34,IRL,Established,Rookie Pro / Bubble,false,true,true,Playoff Route,1,2,2052/53,At Risk,,75,75,75,75,75,,,,,,,61,61,63,57,60,70,42,0,29,0,0,0,,0,,,,,,,0,79,0,0,0,0,0,0,0,"{""matches"":0,""wins"":0,""losses"":0,""draws"":0,""winPercentage"":0,""eventsEntered"":0,""titles"":0,""finals"":0,""prizeMoney"":0,""points"":0}",,,,,,,,,,,,,,69,,false,false,true,,71,18,9,2,7,1,0,0,0,0,0,0,0,9,9,estimated from season exits versus eligible schedule | 9 eligible events not entered,Rookie Pro,normal,,,true,true,false,false,0,0,0,,0,false,,mainTour,mainTour,,,true,true,
2050/51,wp-jude-sloan-d,Jude Sloan D,34,IRL,Established,Rookie Pro / Bubble,false,true,true,Playoff Route,1,2,2052/53,At Risk,,76,76,76,76,76,,,,,,,61,61,63,57,60,70,42,0,28,0,0,0,,0,,,,,,,0,64,0,0,0,0,0,0,0,"{""matches"":0,""wins"":0,""losses"":0,""draws"":0,""winPercentage"":0,""eventsEntered"":0,""titles"":0,""finals"":0,""prizeMoney"":0,""points"":0}",,,,,,,,,,,,,,70,,false,false,true,,71,18,9,2,7,1,0,0,0,0,0,0,0,9,9,estimated from season exits versus eligible schedule | 9 eligible events not entered,Rookie Pro,normal,,,true,true,false,false,0,0,0,,0,false,,mainTour,mainTour,,,true,true,
2050/51,wp-jude-sloan-h,Jude Sloan H,28,IRL,Established,Rookie Pro / Bubble,false,true,true,Playoff Route,2,1,2051/52,Rookie Year 2,79,79,77,79,77,77,,,,,79,2,60,60,62,56,60,69,42,0,28,0,0,0,,0,,,,,,,0,0,0,0,0,0,0,0,0,"{""matches"":0,""wins"":0,""losses"":0,""draws"":0,""winPercentage"":0,""eventsEntered"":0,""titles"":0,""finals"":0,""prizeMoney"":0,""points"":0}",,,,,,,,,,,,,,75,,false,false,true,,71,18,9,2,7,1,0,0,0,0,0,0,0,9,9,estimated from season exits versus eligible schedule | 9 eligible events not entered,Rookie Pro,normal,,,true,true,false,false,0,0,0,,0,false,,mainTour,mainTour,,,true,true,
2050/51,wp-jude-sloan-i,Jude Sloan I,28,IRL,Established,Rookie Pro / Bubble,false,true,true,Federation Route,2,1,2051/52,Rookie Year 2,80,80,78,80,78,78,,,,,80,2,60,60,62,56,60,69,42,0,27,0,0,0,,0,,,,,,,0,0,0,0,0,0,0,0,0,"{""matches"":0,""wins"":0,""losses"":0,""draws"":0,""winPercentage"":0,""eventsEntered"":0,""titles"":0,""finals"":0,""prizeMoney"":0,""points"":0}",,,,,,,,,,,,,,76,,false,false,true,,71,18,9,2,7,1,0,0,0,0,0,0,0,9,9,estimated from season exits versus eligible schedule | 9 eligible events not entered,Rookie Pro,normal,,,true,true,false,false,0,0,0,,0,false,,mainTour,mainTour,,,true,true,
2050/51,wp-jude-sloan-k,Jude Sloan K,26,AUS,Established,Rookie Pro / Bubble,false,true,true,Playoff Route,2,1,2051/52,Rookie Year 2,82,82,79,82,79,79,,,,,82,3,60,61,62,56,60,69,42,0,27,0,0,0,,0,,,,,,,0,0,0,0,0,0,0,0,0,"{""matches"":0,""wins"":0,""losses"":0,""draws"":0,""winPercentage"":0,""eventsEntered"":0,""titles"":0,""finals"":0,""prizeMoney"":0,""points"":0}",,,,,,,,,,,,,,78,,false,false,true,,71,18,9,2,7,1,0,0,0,0,0,0,0,9,9,estimated from season exits versus eligible schedule | 9 eligible events not entered,Rookie Pro,normal,,,true,true,false,false,0,0,0,,0,false,,mainTour,mainTour,,,true,true,
2050/51,wp-jude-sloan-l,Jude Sloan L,23,AUS,Rookie,Rookie Pro / Bubble,false,true,true,Playoff Route,1,2,2052/53,At Risk,,80,80,80,80,80,,,,,,,60,64,62,56,60,69,42,0,27,0,0,0,,0,,,,,,,0,55,0,0,0,0,0,0,0,"{""matches"":0,""wins"":0,""losses"":0,""draws"":0,""winPercentage"":0,""eventsEntered"":0,""titles"":0,""finals"":0,""prizeMoney"":0,""points"":0}",,,,,,,,,,,,,,79,,false,false,true,,71,18,9,2,7,1,0,0,0,0,0,0,0,9,9,estimated from season exits versus eligible schedule | 9 eligible events not entered,Rookie Pro,normal,,,true,true,false,false,0,0,0,,0,false,,mainTour,mainTour,,,true,true,
2050/51,wp-jude-sloan-m,Jude Sloan M,22,WAL,Rookie,Rookie Pro / Bubble,false,true,true,Playoff Route,1,2,2052/53,At Risk,,81,81,81,81,81,,,,,,,60,64,62,56,60,69,42,0,27,0,0,0,,0,,,,,,,0,69,0,0,0,0,0,0,0,"{""matches"":0,""wins"":0,""losses"":0,""draws"":0,""winPercentage"":0,""eventsEntered"":0,""titles"":0,""finals"":0,""prizeMoney"":0,""points"":0}",,,,,,,,,,,,,,80,,false,false,true,,71,18,9,2,7,1,0,0,0,0,0,0,0,9,9,estimated from season exits versus eligible schedule | 9 eligible events not entered,Rookie Pro,normal,,,true,true,false,false,0,0,0,,0,false,,mainTour,mainTour,,,true,true,
2050/51,wp-jude-sloan-n,Jude Sloan N,22,WAL,Rookie,Rookie Pro / Bubble,false,true,true,Playoff Route,1,2,2052/53,At Risk,,82,82,82,82,82,,,,,,,59,63,61,55,59,68,42,0,26,0,0,0,,0,,,,,,,0,64,0,0,0,0,0,0,0,"{""matches"":0,""wins"":0,""losses"":0,""draws"":0,""winPercentage"":0,""eventsEntered"":0,""titles"":0,""finals"":0,""prizeMoney"":0,""points"":0}",,,,,,,,,,,,,,81,,false,false,true,,71,18,9,2,7,1,0,0,0,0,0,0,0,9,9,estimated from season exits versus eligible schedule | 9 eligible events not entered,Rookie Pro,normal,,,true,true,false,false,0,0,0,,0,false,,mainTour,mainTour,,,true,true,
2050/51,wp-jude-sloan-p,Jude Sloan P,19,WAL,Rookie,Rookie Pro / Bubble,false,true,true,Q School,1,2,2052/53,At Risk,,83,83,83,83,83,,,,,,,54,60,56,48,54,63,42,0,18,0,0,0,,0,,,,,,,0,150,0,0,0,0,0,0,0,"{""matches"":0,""wins"":0,""losses"":0,""draws"":0,""winPercentage"":0,""eventsEntered"":0,""titles"":0,""finals"":0,""prizeMoney"":0,""points"":0}",,,,,,,,,,,,,,,,false,false,true,,71,18,9,2,7,1,0,0,0,0,0,0,0,9,9,estimated from season exits versus eligible schedule | 9 eligible events not entered,Rookie Pro,normal,,,true,true,false,false,0,0,0,,0,false,,mainTour,mainTour,,,true,true,
2050/51,wp-jude-sloan-q,Jude Sloan Q,19,WAL,Rookie,Rookie Pro / Bubble,false,true,true,Playoff Route,1,2,2052/53,At Risk,,84,84,84,84,84,,,,,,,54,60,56,48,54,63,42,0,18,0,0,0,,0,,,,,,,0,130,0,0,0,0,0,0,0,"{""matches"":0,""wins"":0,""losses"":0,""draws"":0,""winPercentage"":0,""eventsEntered"":0,""titles"":0,""finals"":0,""prizeMoney"":0,""points"":0}",,,,,,,,,,,,,,,,false,false,true,,71,18,9,2,7,1,0,0,0,0,0,0,0,9,9,estimated from season exits versus eligible schedule | 9 eligible events not entered,Rookie Pro,normal,,,true,true,false,false,0,0,0,,0,false,,mainTour,mainTour,,,true,true,
2050/51,wp-kai-pryce,Kai Pryce,39,AUS,Established,Rookie Pro / Bubble,false,true,true,Playoff Route,2,1,2051/52,Rookie Year 2,84,84,85,84,85,85,,,,,84,-1,85,86,86,86,82,99,82,0,33,0,0,0,,0,,,,,,,0,0,1,1,0,100,1,0,0,"{""matches"":1,""wins"":1,""losses"":0,""draws"":0,""winPercentage"":100,""eventsEntered"":0,""titles"":1,""finals"":0,""prizeMoney"":0,""points"":0}",,,,,,,,,,,,,,57,,false,false,true,,71,18,9,2,7,1,0,0,0,0,0,0,0,9,9,estimated from season exits versus eligible schedule | 9 eligible events not entered,Rookie Pro,normal,,,true,true,false,true,0,0,0,,0,true,,mainTour,mainTour,,,true,true,
2050/51,wp-kai-pryce-d,Kai Pryce D,34,CHN,Established,Rookie Pro / Bubble,false,true,true,Federation Route,1,2,2052/53,At Risk,,86,86,86,86,86,,,,,,,60,61,62,56,59,69,42,0,28,0,0,0,,0,,,,,,,0,39,0,0,0,0,0,0,0,"{""matches"":0,""wins"":0,""losses"":0,""draws"":0,""winPercentage"":0,""eventsEntered"":0,""titles"":0,""finals"":0,""prizeMoney"":0,""points"":0}",,,,,,,,,,,,,,74,,false,false,true,,71,18,9,2,7,1,0,0,0,0,0,0,0,9,9,estimated from season exits versus eligible schedule | 9 eligible events not entered,Rookie Pro,normal,,,true,true,false,false,0,0,0,,0,false,,mainTour,mainTour,,,true,true,
2050/51,wp-kai-pryce-e,Kai Pryce E,34,CHN,Established,Rookie Pro / Bubble,false,true,true,Federation Route,1,2,2052/53,At Risk,,87,87,87,87,87,,,,,,,60,61,62,56,59,69,42,0,28,0,0,0,,0,,,,,,,0,34,0,0,0,0,0,0,0,"{""matches"":0,""wins"":0,""losses"":0,""draws"":0,""winPercentage"":0,""eventsEntered"":0,""titles"":0,""finals"":0,""prizeMoney"":0,""points"":0}",,,,,,,,,,,,,,75,,false,false,true,,71,18,9,2,7,1,0,0,0,0,0,0,0,9,9,estimated from season exits versus eligible schedule | 9 eligible events not entered,Rookie Pro,normal,,,true,true,false,false,0,0,0,,0,false,,mainTour,mainTour,,,true,true,
2050/51,wp-kai-pryce-f,Kai Pryce F,31,CHN,Established,Rookie Pro / Bubble,false,true,true,Playoff Route,2,1,2051/52,Rookie Year 2,85,85,88,85,88,88,,,,,85,-3,59,60,61,55,59,68,42,0,27,0,0,0,,0,,,,,,,0,0,0,0,0,0,0,0,0,"{""matches"":0,""wins"":0,""losses"":0,""draws"":0,""winPercentage"":0,""eventsEntered"":0,""titles"":0,""finals"":0,""prizeMoney"":0,""points"":0}",,,,,,,,,,,,,,76,,false,false,true,,71,18,9,2,7,1,0,0,0,0,0,0,0,9,9,estimated from season exits versus eligible schedule | 9 eligible events not entered,Rookie Pro,normal,,,true,true,false,true,0,0,0,,0,true,,mainTour,mainTour,,,true,true,
2050/51,wp-kai-pryce-h,Kai Pryce H,29,WAL,Established,Rookie Pro / Bubble,false,true,true,Playoff Route,1,2,2052/53,At Risk,,89,89,89,89,89,,,,,,,59,59,61,55,59,68,42,0,26,0,0,0,,0,,,,,,,0,105,0,0,0,0,0,0,0,"{""matches"":0,""wins"":0,""losses"":0,""draws"":0,""winPercentage"":0,""eventsEntered"":0,""titles"":0,""finals"":0,""prizeMoney"":0,""points"":0}",,,,,,,,,,,,,,82,,false,false,true,,71,18,9,2,7,1,0,0,0,0,0,0,0,9,9,estimated from season exits versus eligible schedule | 9 eligible events not entered,Rookie Pro,normal,,,true,true,false,false,0,0,0,,0,false,,mainTour,mainTour,,,true,true,
2050/51,wp-kai-pryce-i,Kai Pryce I,29,WAL,Established,Rookie Pro / Bubble,false,true,true,Playoff Route,1,2,2052/53,At Risk,,90,90,90,90,90,,,,,,,58,58,60,54,58,67,42,0,26,0,0,0,,0,,,,,,,0,93,0,0,0,0,0,0,0,"{""matches"":0,""wins"":0,""losses"":0,""draws"":0,""winPercentage"":0,""eventsEntered"":0,""titles"":0,""finals"":0,""prizeMoney"":0,""points"":0}",,,,,,,,,,,,,,83,,false,false,true,,71,18,9,2,7,1,0,0,0,0,0,0,0,9,9,estimated from season exits versus eligible schedule | 9 eligible events not entered,Rookie Pro,normal,,,true,true,false,false,0,0,0,,0,false,,mainTour,mainTour,,,true,true,
2050/51,wp-kai-pryce-l,Kai Pryce L,26,WAL,Established,Rookie Pro / Bubble,false,true,true,Playoff Route,2,1,2051/52,Rookie Year 2,88,88,91,88,91,91,,,,,88,-3,58,60,60,53,58,67,42,0,25,0,0,0,,0,,,,,,,0,0,0,0,0,0,0,0,0,"{""matches"":0,""wins"":0,""losses"":0,""draws"":0,""winPercentage"":0,""eventsEntered"":0,""titles"":0,""finals"":0,""prizeMoney"":0,""points"":0}",,,,,,,,,,,,,,87,,false,false,true,,71,18,9,2,7,1,0,0,0,0,0,0,0,9,9,estimated from season exits versus eligible schedule | 9 eligible events not entered,Rookie Pro,normal,,,true,true,false,true,0,0,0,,0,true,,mainTour,mainTour,,,true,true,
2050/51,wp-kai-pryce-m,Kai Pryce M,23,WAL,Rookie,Rookie Pro / Bubble,false,true,true,Playoff Route,1,2,2052/53,At Risk,,92,92,92,92,92,,,,,,,58,62,60,53,58,67,42,0,25,0,0,0,,0,,,,,,,0,51,0,0,0,0,0,0,0,"{""matches"":0,""wins"":0,""losses"":0,""draws"":0,""winPercentage"":0,""eventsEntered"":0,""titles"":0,""finals"":0,""prizeMoney"":0,""points"":0}",,,,,,,,,,,,,,87,,false,false,true,,71,18,9,2,7,1,0,0,0,0,0,0,0,9,9,estimated from season exits versus eligible schedule | 9 eligible events not entered,Rookie Pro,normal,,,true,true,false,false,0,0,0,,0,false,,mainTour,mainTour,,,true,true,
2050/51,wp-kai-pryce-n,Kai Pryce N,20,CHN,Rookie,Rookie Pro / Bubble,false,true,true,Playoff Route,1,2,2052/53,At Risk,,93,93,93,93,93,,,,,,,58,64,60,53,58,67,42,0,25,0,0,0,,0,,,,,,,0,96,0,0,0,0,0,0,0,"{""matches"":0,""wins"":0,""losses"":0,""draws"":0,""winPercentage"":0,""eventsEntered"":0,""titles"":0,""finals"":0,""prizeMoney"":0,""points"":0}",,,,,,,,,,,,,,88,,false,false,true,,71,18,9,2,7,1,0,0,0,0,0,0,0,9,9,estimated from season exits versus eligible schedule | 9 eligible events not entered,Rookie Pro,normal,,,true,true,false,false,0,0,0,,0,false,,mainTour,mainTour,,,true,true,
2050/51,wp-kai-pryce-o,Kai Pryce O,20,CHN,Rookie,Rookie Pro / Bubble,false,true,true,Q School,2,1,2051/52,Rookie Year 2,89,89,94,89,94,94,,,,,89,-5,57,63,59,52,57,66,42,0,25,0,0,0,,0,,,,,,,0,0,0,0,0,0,0,0,0,"{""matches"":0,""wins"":0,""losses"":0,""draws"":0,""winPercentage"":0,""eventsEntered"":0,""titles"":0,""finals"":0,""prizeMoney"":0,""points"":0}",,,,,,,,,,,,,,89,,false,false,true,,71,18,9,2,7,1,0,0,0,0,0,0,0,9,9,estimated from season exits versus eligible schedule | 9 eligible events not entered,Rookie Pro,normal,,,true,true,false,true,0,0,0,,0,true,,mainTour,mainTour,,,true,true,
2050/51,wp-kai-pryce-p,Kai Pryce P,20,CHN,Rookie,Rookie Pro / Bubble,false,true,true,Playoff Route,2,1,2051/52,Rookie Year 2,90,90,95,90,95,95,,,,,90,-5,57,63,59,52,57,66,42,0,25,0,0,0,,0,,,,,,,0,0,0,0,0,0,0,0,0,"{""matches"":0,""wins"":0,""losses"":0,""draws"":0,""winPercentage"":0,""eventsEntered"":0,""titles"":0,""finals"":0,""prizeMoney"":0,""points"":0}",,,,,,,,,,,,,,90,,false,false,true,,71,18,9,2,7,1,0,0,0,0,0,0,0,9,9,estimated from season exits versus eligible schedule | 9 eligible events not entered,Rookie Pro,normal,,,true,true,false,true,0,0,0,,0,true,,mainTour,mainTour,,,true,true,
2050/51,wp-luca-mercer-e,Luca Mercer E,31,SCO,Established,Rookie Pro / Bubble,false,true,true,Playoff Route,2,1,2051/52,Rookie Year 2,91,91,96,91,96,96,,,,,91,-5,57,57,59,52,57,66,42,0,25,0,0,0,,0,,,,,,,0,0,0,0,0,0,0,0,0,"{""matches"":0,""wins"":0,""losses"":0,""draws"":0,""winPercentage"":0,""eventsEntered"":0,""titles"":0,""finals"":0,""prizeMoney"":0,""points"":0}",,,,,,,,,,,,,,91,,false,false,true,,71,18,9,2,7,1,0,0,0,0,0,0,0,9,9,estimated from season exits versus eligible schedule | 9 eligible events not entered,Rookie Pro,normal,,,true,true,false,true,0,0,0,,0,true,,mainTour,mainTour,,,true,true,
2050/51,wp-luca-mercer-h,Luca Mercer H,28,SCO,Established,Rookie Pro / Bubble,false,true,true,Playoff Route,1,2,2052/53,At Risk,,97,97,97,97,97,,,,,,,57,57,59,52,57,66,42,0,24,0,0,0,,0,,,,,,,0,115,0,0,0,0,0,0,0,"{""matches"":0,""wins"":0,""losses"":0,""draws"":0,""winPercentage"":0,""eventsEntered"":0,""titles"":0,""finals"":0,""prizeMoney"":0,""points"":0}",,,,,,,,,,,,,,92,,false,false,true,,71,18,9,2,7,1,0,0,0,0,0,0,0,9,9,estimated from season exits versus eligible schedule | 9 eligible events not entered,Rookie Pro,normal,,,true,true,false,false,0,0,0,,0,false,,mainTour,mainTour,,,true,true,
2050/51,wp-luca-mercer-k,Luca Mercer K,24,THA,Rookie,Rookie Pro / Bubble,false,true,true,Federation Route,1,2,2052/53,At Risk,,98,98,98,98,98,,,,,,,56,59,58,51,56,65,42,0,24,0,0,0,,0,,,,,,,0,41,0,0,0,0,0,0,0,"{""matches"":0,""wins"":0,""losses"":0,""draws"":0,""winPercentage"":0,""eventsEntered"":0,""titles"":0,""finals"":0,""prizeMoney"":0,""points"":0}",,,,,,,,,,,,,,95,,false,false,true,,71,18,9,2,7,1,0,0,0,0,0,0,0,9,9,estimated from season exits versus eligible schedule | 9 eligible events not entered,Rookie Pro,normal,,,true,true,false,false,0,0,0,,0,false,,mainTour,mainTour,,,true,true,
2050/51,wp-luca-mercer-n,Luca Mercer N,22,ENG,Rookie,Rookie Pro / Bubble,false,true,true,Playoff Route,1,2,2052/53,At Risk,,99,99,99,99,99,,,,,,,56,60,58,51,56,65,42,0,24,0,0,0,,0,,,,,,,0,60,0,0,0,0,0,0,0,"{""matches"":0,""wins"":0,""losses"":0,""draws"":0,""winPercentage"":0,""eventsEntered"":0,""titles"":0,""finals"":0,""prizeMoney"":0,""points"":0}",,,,,,,,,,,,,,96,,false,false,true,,71,18,9,2,7,1,0,0,0,0,0,0,0,9,9,estimated from season exits versus eligible schedule | 9 eligible events not entered,Rookie Pro,normal,,,true,true,false,false,0,0,0,,0,false,,mainTour,mainTour,,,true,true,
2050/51,wp-luca-mercer-p,Luca Mercer P,19,ENG,Rookie,Rookie Pro / Bubble,false,true,true,Q School,1,2,2052/53,At Risk,,100,100,100,100,100,,,,,,,52,58,54,46,52,61,42,0,18,0,0,0,,0,,,,,,,0,146,0,0,0,0,0,0,0,"{""matches"":0,""wins"":0,""losses"":0,""draws"":0,""winPercentage"":0,""eventsEntered"":0,""titles"":0,""finals"":0,""prizeMoney"":0,""points"":0}",,,,,,,,,,,,,,,,false,false,true,,71,18,9,2,7,1,0,0,0,0,0,0,0,9,9,estimated from season exits versus eligible schedule | 9 eligible events not entered,Rookie Pro,normal,,,true,true,false,false,0,0,0,,0,false,,mainTour,mainTour,,,true,true,
2050/51,wp-luca-mercer-q,Luca Mercer Q,19,ENG,Rookie,Rookie Pro / Bubble,false,true,true,Playoff Route,1,2,2052/53,At Risk,,101,101,101,101,101,,,,,,,52,58,54,46,52,61,42,0,18,0,0,0,,0,,,,,,,0,124,0,0,0,0,0,0,0,"{""matches"":0,""wins"":0,""losses"":0,""draws"":0,""winPercentage"":0,""eventsEntered"":0,""titles"":0,""finals"":0,""prizeMoney"":0,""points"":0}",,,,,,,,,,,,,,,,false,false,true,,71,18,9,2,7,1,0,0,0,0,0,0,0,9,9,estimated from season exits versus eligible schedule | 9 eligible events not entered,Rookie Pro,normal,,,true,true,false,false,0,0,0,,0,false,,mainTour,mainTour,,,true,true,
2050/51,wp-mika-keane-d,Mika Keane D,33,IRL,Established,Rookie Pro / Bubble,false,true,true,Playoff Route,1,2,2052/53,At Risk,,102,102,102,102,102,,,,,,,56,56,58,51,55,65,42,0,23,0,0,0,,0,,,,,,,0,52,0,0,0,0,0,0,0,"{""matches"":0,""wins"":0,""losses"":0,""draws"":0,""winPercentage"":0,""eventsEntered"":0,""titles"":0,""finals"":0,""prizeMoney"":0,""points"":0}",,,,,,,,,,,,,,98,,false,false,true,,71,18,9,2,7,1,0,0,0,0,0,0,0,9,9,estimated from season exits versus eligible schedule | 9 eligible events not entered,Rookie Pro,normal,,,true,true,false,false,0,0,0,,0,false,,mainTour,mainTour,,,true,true,
2050/51,wp-mika-keane-e,Mika Keane E,32,CHN,Established,Rookie Pro / Bubble,false,true,true,Playoff Route,1,2,2052/53,At Risk,,103,103,103,103,103,,,,,,,55,55,57,50,54,64,42,0,23,0,0,0,,0,,,,,,,0,75,0,0,0,0,0,0,0,"{""matches"":0,""wins"":0,""losses"":0,""draws"":0,""winPercentage"":0,""eventsEntered"":0,""titles"":0,""finals"":0,""prizeMoney"":0,""points"":0}",,,,,,,,,,,,,,99,,false,false,true,,71,18,9,2,7,1,0,0,0,0,0,0,0,9,9,estimated from season exits versus eligible schedule | 9 eligible events not entered,Rookie Pro,normal,,,true,true,false,false,0,0,0,,0,false,,mainTour,mainTour,,,true,true,
2050/51,wp-mika-keane-h,Mika Keane H,29,CHN,Established,Rookie Pro / Bubble,false,true,true,Playoff Route,1,2,2052/53,At Risk,,104,104,104,104,104,,,,,,,55,55,57,50,55,64,42,0,23,0,0,0,,0,,,,,,,0,89,0,0,0,0,0,0,0,"{""matches"":0,""wins"":0,""losses"":0,""draws"":0,""winPercentage"":0,""eventsEntered"":0,""titles"":0,""finals"":0,""prizeMoney"":0,""points"":0}",,,,,,,,,,,,,,100,,false,false,true,,71,18,9,2,7,1,0,0,0,0,0,0,0,9,9,estimated from season exits versus eligible schedule | 9 eligible events not entered,Rookie Pro,normal,,,true,true,false,false,0,0,0,,0,false,,mainTour,mainTour,,,true,true,
2050/51,wp-mika-keane-j,Mika Keane J,26,CHN,Established,Rookie Pro / Bubble,false,true,true,Q School,2,1,2051/52,Rookie Year 2,97,97,105,97,105,105,,,,,97,-8,56,58,58,51,56,65,42,0,24,0,0,0,,0,,,,,,,0,0,0,0,0,0,0,0,0,"{""matches"":0,""wins"":0,""losses"":0,""draws"":0,""winPercentage"":0,""eventsEntered"":0,""titles"":0,""finals"":0,""prizeMoney"":0,""points"":0}",,,,,,,,,,,,,,97,,false,false,true,,71,18,9,2,7,1,0,0,0,0,0,0,0,9,9,estimated from season exits versus eligible schedule | 9 eligible events not entered,Rookie Pro,normal,,,true,true,false,true,0,0,0,,0,true,,mainTour,mainTour,,,true,true,
2050/51,wp-mika-keane-k,Mika Keane K,26,CHN,Established,Rookie Pro / Bubble,false,true,true,Playoff Route,2,1,2051/52,Rookie Year 2,98,98,106,98,106,106,,,,,98,-8,55,57,57,50,55,64,42,0,23,0,0,0,,0,,,,,,,0,0,0,0,0,0,0,0,0,"{""matches"":0,""wins"":0,""losses"":0,""draws"":0,""winPercentage"":0,""eventsEntered"":0,""titles"":0,""finals"":0,""prizeMoney"":0,""points"":0}",,,,,,,,,,,,,,98,,false,false,true,,71,18,9,2,7,1,0,0,0,0,0,0,0,9,9,estimated from season exits versus eligible schedule | 9 eligible events not entered,Rookie Pro,normal,,,true,true,false,true,0,0,0,,0,true,,mainTour,mainTour,,,true,true,
2050/51,wp-mika-keane-n,Mika Keane N,21,WAL,Rookie,Rookie Pro / Bubble,false,true,true,Playoff Route,2,1,2051/52,Rookie Year 2,101,101,107,101,107,107,,,,,101,-6,55,60,57,50,55,64,42,0,23,0,0,0,,0,,,,,,,0,0,0,0,0,0,0,0,0,"{""matches"":0,""wins"":0,""losses"":0,""draws"":0,""winPercentage"":0,""eventsEntered"":0,""titles"":0,""finals"":0,""prizeMoney"":0,""points"":0}",,,,,,,,,,,,,,101,,false,false,true,,71,18,9,2,7,1,0,0,0,0,0,0,0,9,9,estimated from season exits versus eligible schedule | 9 eligible events not entered,Rookie Pro,normal,,,true,true,false,true,0,0,0,,0,true,,mainTour,mainTour,,,true,true,
2050/51,wp-mika-keane-o,Mika Keane O,19,IRL,Rookie,Rookie Pro / Bubble,false,true,true,Q School,1,2,2052/53,At Risk,,108,108,108,108,108,,,,,,,52,58,54,46,52,61,42,0,18,0,0,0,,0,,,,,,,0,157,0,0,0,0,0,0,0,"{""matches"":0,""wins"":0,""losses"":0,""draws"":0,""winPercentage"":0,""eventsEntered"":0,""titles"":0,""finals"":0,""prizeMoney"":0,""points"":0}",,,,,,,,,,,,,,,,false,false,true,,71,18,9,2,7,1,0,0,0,0,0,0,0,9,9,estimated from season exits versus eligible schedule | 9 eligible events not entered,Rookie Pro,normal,,,true,true,false,false,0,0,0,,0,false,,mainTour,mainTour,,,true,true,
2050/51,wp-mika-keane-p,Mika Keane P,19,IRL,Rookie,Rookie Pro / Bubble,false,true,true,Q School,1,2,2052/53,At Risk,,109,109,109,109,109,,,,,,,52,58,54,46,52,61,42,0,18,0,0,0,,0,,,,,,,0,141,0,0,0,0,0,0,0,"{""matches"":0,""wins"":0,""losses"":0,""draws"":0,""winPercentage"":0,""eventsEntered"":0,""titles"":0,""finals"":0,""prizeMoney"":0,""points"":0}",,,,,,,,,,,,,,,,false,false,true,,71,18,9,2,7,1,0,0,0,0,0,0,0,9,9,estimated from season exits versus eligible schedule | 9 eligible events not entered,Rookie Pro,normal,,,true,true,false,false,0,0,0,,0,false,,mainTour,mainTour,,,true,true,
2050/51,wp-mika-keane-q,Mika Keane Q,19,IRL,Rookie,Rookie Pro / Bubble,false,true,true,Playoff Route,1,2,2052/53,At Risk,,110,110,110,110,110,,,,,,,51,57,53,45,51,60,42,0,18,0,0,0,,0,,,,,,,0,118,0,0,0,0,0,0,0,"{""matches"":0,""wins"":0,""losses"":0,""draws"":0,""winPercentage"":0,""eventsEntered"":0,""titles"":0,""finals"":0,""prizeMoney"":0,""points"":0}",,,,,,,,,,,,,,,,false,false,true,,71,18,9,2,7,1,0,0,0,0,0,0,0,9,9,estimated from season exits versus eligible schedule | 9 eligible events not entered,Rookie Pro,normal,,,true,true,false,false,0,0,0,,0,false,,mainTour,mainTour,,,true,true,
2050/51,wp-noah-bennett-f,Noah Bennett F,32,AUS,Established,Rookie Pro / Bubble,false,true,true,Playoff Route,1,2,2052/53,At Risk,,111,111,111,111,111,,,,,,,54,54,56,49,53,63,42,0,22,0,0,0,,0,,,,,,,0,70,0,0,0,0,0,0,0,"{""matches"":0,""wins"":0,""losses"":0,""draws"":0,""winPercentage"":0,""eventsEntered"":0,""titles"":0,""finals"":0,""prizeMoney"":0,""points"":0}",,,,,,,,,,,,,,107,,false,false,true,,71,18,9,2,7,1,0,0,0,0,0,0,0,9,9,estimated from season exits versus eligible schedule | 9 eligible events not entered,Rookie Pro,normal,,,true,true,false,false,0,0,0,,0,false,,mainTour,mainTour,,,true,true,
2050/51,wp-noah-bennett-g,Noah Bennett G,32,AUS,Established,Rookie Pro / Bubble,false,true,true,Playoff Route,2,1,2051/52,Rookie Year 2,103,103,112,103,112,112,,,,,103,-9,54,54,56,49,53,63,42,0,23,0,0,0,,0,,,,,,,0,0,0,0,0,0,0,0,0,"{""matches"":0,""wins"":0,""losses"":0,""draws"":0,""winPercentage"":0,""eventsEntered"":0,""titles"":0,""finals"":0,""prizeMoney"":0,""points"":0}",,,,,,,,,,,,,,103,,false,false,true,,71,18,9,2,7,1,0,0,0,0,0,0,0,9,9,estimated from season exits versus eligible schedule | 9 eligible events not entered,Rookie Pro,normal,,,true,true,false,true,0,0,0,,0,true,,mainTour,mainTour,,,true,true,
2050/51,wp-noah-bennett-i,Noah Bennett I,26,IRL,Established,Rookie Pro / Bubble,false,true,true,Playoff Route,2,1,2051/52,Rookie Year 2,105,105,113,105,113,113,,,,,105,-8,54,56,56,49,54,63,42,0,22,0,0,0,,0,,,,,,,0,0,0,0,0,0,0,0,0,"{""matches"":0,""wins"":0,""losses"":0,""draws"":0,""winPercentage"":0,""eventsEntered"":0,""titles"":0,""finals"":0,""prizeMoney"":0,""points"":0}",,,,,,,,,,,,,,105,,false,false,true,,71,18,9,2,7,1,0,0,0,0,0,0,0,9,9,estimated from season exits versus eligible schedule | 9 eligible events not entered,Rookie Pro,normal,,,true,true,false,true,0,0,0,,0,true,,mainTour,mainTour,,,true,true,
2050/51,wp-noah-bennett-j,Noah Bennett J,26,IRL,Established,Rookie Pro / Bubble,false,true,true,Playoff Route,2,1,2051/52,Rookie Year 2,106,106,114,106,114,114,,,,,106,-8,54,56,56,49,54,63,42,0,22,0,0,0,,0,,,,,,,0,0,0,0,0,0,0,0,0,"{""matches"":0,""wins"":0,""losses"":0,""draws"":0,""winPercentage"":0,""eventsEntered"":0,""titles"":0,""finals"":0,""prizeMoney"":0,""points"":0}",,,,,,,,,,,,,,106,,false,false,true,,71,18,9,2,7,1,0,0,0,0,0,0,0,9,9,estimated from season exits versus eligible schedule | 9 eligible events not entered,Rookie Pro,normal,,,true,true,false,true,0,0,0,,0,true,,mainTour,mainTour,,,true,true,
2050/51,wp-noah-bennett-m,Noah Bennett M,21,AUS,Rookie,Rookie Pro / Bubble,false,true,true,Playoff Route,2,1,2051/52,Rookie Year 2,109,109,115,109,115,115,,,,,109,-6,53,58,55,48,53,62,42,0,21,0,0,0,,0,,,,,,,0,0,0,0,0,0,0,0,0,"{""matches"":0,""wins"":0,""losses"":0,""draws"":0,""winPercentage"":0,""eventsEntered"":0,""titles"":0,""finals"":0,""prizeMoney"":0,""points"":0}",,,,,,,,,,,,,,109,,false,false,true,,71,18,9,2,7,1,0,0,0,0,0,0,0,9,9,estimated from season exits versus eligible schedule | 9 eligible events not entered,Rookie Pro,normal,,,true,true,false,true,0,0,0,,0,true,,mainTour,mainTour,,,true,true,
2050/51,wp-noah-bennett-p,Noah Bennett P,18,AUS,Rookie,Rookie Pro / Bubble,false,true,true,Federation Route,1,2,2052/53,At Risk,,116,116,116,116,116,,,,,,,51,58,53,45,51,60,42,0,18,0,0,0,,0,,,,,,,0,30,0,0,0,0,0,0,0,"{""matches"":0,""wins"":0,""losses"":0,""draws"":0,""winPercentage"":0,""eventsEntered"":0,""titles"":0,""finals"":0,""prizeMoney"":0,""points"":0}",,,,,,,,,,,,,,,,false,false,true,,71,18,9,2,7,1,0,0,0,0,0,0,0,9,9,estimated from season exits versus eligible schedule | 9 eligible events not entered,Rookie Pro,normal,,,true,true,false,false,0,0,0,,0,false,,mainTour,mainTour,,,true,true,
2050/51,wp-rory-vale-f,Rory Vale F,32,THA,Established,Rookie Pro / Bubble,false,true,true,Playoff Route,2,1,2051/52,Rookie Year 2,112,112,117,112,117,117,,,,,112,-5,53,53,55,48,52,62,42,0,21,0,0,0,,0,,,,,,,0,0,0,0,0,0,0,0,0,"{""matches"":0,""wins"":0,""losses"":0,""draws"":0,""winPercentage"":0,""eventsEntered"":0,""titles"":0,""finals"":0,""prizeMoney"":0,""points"":0}",,,,,,,,,,,,,,112,,false,false,true,,71,18,9,2,7,1,0,0,0,0,0,0,0,9,9,estimated from season exits versus eligible schedule | 9 eligible events not entered,Rookie Pro,normal,,,true,true,false,true,0,0,0,,0,true,,mainTour,mainTour,,,true,true,
2050/51,wp-rory-vale-j,Rory Vale J,26,THA,Established,Rookie Pro / Bubble,false,true,true,Playoff Route,2,1,2051/52,Rookie Year 2,116,116,118,116,118,118,,,,,116,-2,52,54,54,47,52,61,42,0,20,0,0,0,,0,,,,,,,0,0,0,0,0,0,0,0,0,"{""matches"":0,""wins"":0,""losses"":0,""draws"":0,""winPercentage"":0,""eventsEntered"":0,""titles"":0,""finals"":0,""prizeMoney"":0,""points"":0}",,,,,,,,,,,,,,115,,false,false,true,,71,18,9,2,7,1,0,0,0,0,0,0,0,9,9,estimated from season exits versus eligible schedule | 9 eligible events not entered,Rookie Pro,normal,,,true,true,false,true,0,0,0,,0,true,,mainTour,mainTour,,,true,true,
2050/51,wp-rory-vale-k,Rory Vale K,26,THA,Established,Rookie Pro / Bubble,false,true,true,Playoff Route,2,1,2051/52,Rookie Year 2,117,117,119,117,119,119,,,,,117,-2,52,54,54,47,52,61,42,0,20,0,0,0,,0,,,,,,,0,0,0,0,0,0,0,0,0,"{""matches"":0,""wins"":0,""losses"":0,""draws"":0,""winPercentage"":0,""eventsEntered"":0,""titles"":0,""finals"":0,""prizeMoney"":0,""points"":0}",,,,,,,,,,,,,,116,,false,false,true,,71,18,9,2,7,1,0,0,0,0,0,0,0,9,9,estimated from season exits versus eligible schedule | 9 eligible events not entered,Rookie Pro,normal,,,true,true,false,true,0,0,0,,0,true,,mainTour,mainTour,,,true,true,
2050/51,wp-rory-vale-l,Rory Vale L,26,THA,Established,Rookie Pro / Bubble,false,true,true,Playoff Route,2,1,2051/52,Rookie Year 2,118,118,120,118,120,120,,,,,118,-2,52,54,54,47,52,61,42,0,20,0,0,0,,0,,,,,,,0,0,0,0,0,0,0,0,0,"{""matches"":0,""wins"":0,""losses"":0,""draws"":0,""winPercentage"":0,""eventsEntered"":0,""titles"":0,""finals"":0,""prizeMoney"":0,""points"":0}",,,,,,,,,,,,,,117,,false,false,true,,71,18,9,2,7,1,0,0,0,0,0,0,0,9,9,estimated from season exits versus eligible schedule | 9 eligible events not entered,Rookie Pro,normal,,,true,true,false,true,0,0,0,,0,true,,mainTour,mainTour,,,true,true,
2050/51,wp-rory-vale-n,Rory Vale N,21,ENG,Rookie,Rookie Pro / Bubble,false,true,true,Playoff Route,1,2,2052/53,At Risk,,121,121,121,121,121,,,,,,,52,57,54,47,52,61,42,0,19,0,0,0,,0,,,,,,,0,79,0,0,0,0,0,0,0,"{""matches"":0,""wins"":0,""losses"":0,""draws"":0,""winPercentage"":0,""eventsEntered"":0,""titles"":0,""finals"":0,""prizeMoney"":0,""points"":0}",,,,,,,,,,,,,,120,,false,false,true,,71,18,9,2,7,1,0,0,0,0,0,0,0,9,9,estimated from season exits versus eligible schedule | 9 eligible events not entered,Rookie Pro,normal,,,true,true,false,false,0,0,0,,0,false,,mainTour,mainTour,,,true,true,
2050/51,wp-toby-hale-e,Toby Hale E,31,ENG,Established,Rookie Pro / Bubble,false,true,true,Playoff Route,1,2,2052/53,At Risk,,122,122,122,122,122,,,,,,,51,51,53,46,51,60,42,0,19,0,0,0,,0,,,,,,,0,85,0,0,0,0,0,0,0,"{""matches"":0,""wins"":0,""losses"":0,""draws"":0,""winPercentage"":0,""eventsEntered"":0,""titles"":0,""finals"":0,""prizeMoney"":0,""points"":0}",,,,,,,,,,,,,,123,,false,false,true,,71,18,9,2,7,1,0,0,0,0,0,0,0,9,9,estimated from season exits versus eligible schedule | 9 eligible events not entered,Rookie Pro,normal,,,true,true,false,false,0,0,0,,0,false,,mainTour,mainTour,,,true,true,
2050/51,wp-toby-hale-h,Toby Hale H,28,ENG,Established,Rookie Pro / Bubble,false,true,true,Playoff Route,1,2,2052/53,At Risk,,123,123,123,123,123,,,,,,,51,51,53,46,51,60,42,0,19,0,0,0,,0,,,,,,,0,109,0,0,0,0,0,0,0,"{""matches"":0,""wins"":0,""losses"":0,""draws"":0,""winPercentage"":0,""eventsEntered"":0,""titles"":0,""finals"":0,""prizeMoney"":0,""points"":0}",,,,,,,,,,,,,,124,,false,false,true,,71,18,9,2,7,1,0,0,0,0,0,0,0,9,9,estimated from season exits versus eligible schedule | 9 eligible events not entered,Rookie Pro,normal,,,true,true,false,false,0,0,0,,0,false,,mainTour,mainTour,,,true,true,
2050/51,wp-toby-hale-i,Toby Hale I,26,SCO,Established,Rookie Pro / Bubble,false,true,true,Playoff Route,2,1,2051/52,Rookie Year 2,123,123,124,123,124,124,,,,,123,-1,51,52,53,46,51,60,42,0,19,0,0,0,,0,,,,,,,0,0,0,0,0,0,0,0,0,"{""matches"":0,""wins"":0,""losses"":0,""draws"":0,""winPercentage"":0,""eventsEntered"":0,""titles"":0,""finals"":0,""prizeMoney"":0,""points"":0}",,,,,,,,,,,,,,123,,false,false,true,,71,18,9,2,7,1,0,0,0,0,0,0,0,9,9,estimated from season exits versus eligible schedule | 9 eligible events not entered,Rookie Pro,normal,,,true,true,false,true,0,0,0,,0,true,,mainTour,mainTour,,,true,true,
2050/51,wp-toby-hale-j,Toby Hale J,26,SCO,Established,Rookie Pro / Bubble,false,true,true,Playoff Route,2,1,2051/52,Rookie Year 2,124,124,125,124,125,125,,,,,124,-1,51,52,53,46,51,60,42,0,19,0,0,0,,0,,,,,,,0,0,0,0,0,0,0,0,0,"{""matches"":0,""wins"":0,""losses"":0,""draws"":0,""winPercentage"":0,""eventsEntered"":0,""titles"":0,""finals"":0,""prizeMoney"":0,""points"":0}",,,,,,,,,,,,,,124,,false,false,true,,71,18,9,2,7,1,0,0,0,0,0,0,0,9,9,estimated from season exits versus eligible schedule | 9 eligible events not entered,Rookie Pro,normal,,,true,true,false,true,0,0,0,,0,true,,mainTour,mainTour,,,true,true,
2050/51,wp-toby-hale-k,Toby Hale K,26,SCO,Established,Rookie Pro / Bubble,false,true,true,Playoff Route,2,1,2051/52,Rookie Year 2,125,125,126,125,126,126,,,,,125,-1,51,52,53,46,51,60,42,0,19,0,0,0,,0,,,,,,,0,0,0,0,0,0,0,0,0,"{""matches"":0,""wins"":0,""losses"":0,""draws"":0,""winPercentage"":0,""eventsEntered"":0,""titles"":0,""finals"":0,""prizeMoney"":0,""points"":0}",,,,,,,,,,,,,,125,,false,false,true,,71,18,9,2,7,1,0,0,0,0,0,0,0,9,9,estimated from season exits versus eligible schedule | 9 eligible events not entered,Rookie Pro,normal,,,true,true,false,true,0,0,0,,0,true,,mainTour,mainTour,,,true,true,
2050/51,wp-toby-hale-m,Toby Hale M,21,BEL,Rookie,Rookie Pro / Bubble,false,true,true,Playoff Route,1,2,2052/53,At Risk,,127,127,127,127,127,,,,,,,50,55,52,44,50,59,42,0,18,0,0,0,,0,,,,,,,0,75,0,0,0,0,0,0,0,"{""matches"":0,""wins"":0,""losses"":0,""draws"":0,""winPercentage"":0,""eventsEntered"":0,""titles"":0,""finals"":0,""prizeMoney"":0,""points"":0}",,,,,,,,,,,,,,126,,false,false,true,,71,18,9,2,7,1,0,0,0,0,0,0,0,9,9,estimated from season exits versus eligible schedule | 9 eligible events not entered,Rookie Pro,normal,,,true,true,false,false,0,0,0,,0,false,,mainTour,mainTour,,,true,true,
2050/51,wp-toby-hale-p,Toby Hale P,18,BEL,Rookie,Rookie Pro / Bubble,false,true,true,Federation Route,1,2,2052/53,At Risk,,128,128,128,128,128,,,,,,,50,57,52,44,50,59,42,0,18,0,0,0,,0,,,,,,,0,29,0,0,0,0,0,0,0,"{""matches"":0,""wins"":0,""losses"":0,""draws"":0,""winPercentage"":0,""eventsEntered"":0,""titles"":0,""finals"":0,""prizeMoney"":0,""points"":0}",,,,,,,,,,,,,,,,false,false,true,,71,18,9,2,7,1,0,0,0,0,0,0,0,9,9,estimated from season exits versus eligible schedule | 9 eligible events not entered,Rookie Pro,normal,,,true,true,false,false,0,0,0,,0,false,,mainTour,mainTour,,,true,true,
2050/51,wp-arlo-dawes-r,Arlo Dawes R,14,BEL,Youth,Amateur,false,false,false,,0,0,,Amateur,,,,,,,,,,,,,50,60,52,44,50,59,42,0,18,,,,,,,,,,,,,,0,0,0,0,0,0,0,"{""matches"":0,""wins"":0,""losses"":0,""draws"":0,""winPercentage"":0,""eventsEntered"":0,""titles"":0,""finals"":0,""prizeMoney"":0,""points"":0}",,,,,,,,,,,,,,,,,false,false,,71,37,14,0,0,0,0,0,7,4,0,3,0,23,0,estimated from season exits versus eligible schedule | 23 eligible events not entered,Youth,normal,,,false,false,false,false,0,0,0,,0,false,,youth,youth,,,true,true,
2050/51,wp-evan-mori-o,Evan Mori O,22,CHN,Amateur,Q School,false,false,false,,0,0,,Amateur,65,65,,65,,,25,23,24,,65,,58,65,60,54,58,67,42,0,30,0,0,0,,0,,,,,,,0,0,0,0,0,0,0,0,0,"{""matches"":0,""wins"":0,""losses"":0,""draws"":0,""winPercentage"":0,""eventsEntered"":0,""titles"":0,""finals"":0,""prizeMoney"":0,""points"":0}",,,,,,,,,,,,,,63,,false,false,false,,71,18,3,0,0,0,0,0,0,3,0,0,0,15,8,estimated from season exits versus eligible schedule | 15 eligible events not entered,Q School,normal,,,false,false,false,false,0,0,0,,0,false,,qSchool,qSchool,,,true,true,
2050/51,wp-evan-mori-q,Evan Mori Q,16,AUS,Youth,Amateur,false,false,false,,0,0,,Amateur,,,,,,,,,,,,,50,58,52,44,50,59,42,0,18,0,0,0,,0,,,,,,,0,19,0,0,0,0,0,0,0,"{""matches"":0,""wins"":0,""losses"":0,""draws"":0,""winPercentage"":0,""eventsEntered"":0,""titles"":0,""finals"":0,""prizeMoney"":0,""points"":0}",,,,,,,,,,,,,,,,false,false,false,,71,37,14,0,0,0,0,0,7,4,0,3,0,23,0,estimated from season exits versus eligible schedule | 23 eligible events not entered,Youth,normal,,,false,false,false,false,0,0,0,,0,false,,youth,youth,,,true,true,
2050/51,wp-evan-mori-r,Evan Mori R,16,AUS,Youth,Amateur,false,false,false,,0,0,,Amateur,,,,,,,,,,,,,50,58,52,44,50,59,42,0,18,0,0,0,,0,,,,,,,0,7,0,0,0,0,0,0,0,"{""matches"":0,""wins"":0,""losses"":0,""draws"":0,""winPercentage"":0,""eventsEntered"":0,""titles"":0,""finals"":0,""prizeMoney"":0,""points"":0}",,,,,,,,,,,,,,,,false,false,false,,71,37,14,0,0,0,0,0,7,4,0,3,0,23,0,estimated from season exits versus eligible schedule | 23 eligible events not entered,Youth,normal,,,false,false,false,false,0,0,0,,0,false,,youth,youth,,,true,true,
2050/51,wp-felix-turner,Felix Turner,45,POL,Veteran,Amateur,false,false,false,,0,0,,Amateur,66,66,,66,,,,,,,66,,61,66,61,57,55,67,35,12,34,0,0,0,,0,,,,,,,0,0,0,0,0,0,0,0,0,"{""matches"":0,""wins"":0,""losses"":0,""draws"":0,""winPercentage"":0,""eventsEntered"":0,""titles"":0,""finals"":0,""prizeMoney"":0,""points"":0}",,,,,,,,,,,,,,38,,false,false,false,,71,20,14,0,0,0,0,0,7,4,3,0,0,6,0,estimated from season exits versus eligible schedule | 6 eligible events not entered,Amateur,normal,,,false,false,false,false,0,0,0,,0,false,,senior,amateur,,,true,true,
2050/51,wp-finley-crane,Finley Crane,46,THA,Veteran,Amateur,false,false,false,,0,0,,Amateur,,,,,,,,,,,,,63,68,63,59,56,68,34,14,37,0,0,0,,0,,,,,,,0,0,0,0,0,0,0,0,0,"{""matches"":0,""wins"":0,""losses"":0,""draws"":0,""winPercentage"":0,""eventsEntered"":0,""titles"":0,""finals"":0,""prizeMoney"":0,""points"":0}",,,,,,,,,,,,,,22,,false,false,false,,71,20,14,0,0,0,0,0,7,4,3,0,0,6,0,estimated from season exits versus eligible schedule | 6 eligible events not entered,Amateur,normal,,,false,false,false,false,0,0,0,,0,false,,senior,amateur,,,true,true,
2050/51,wp-finley-holt,Finley Holt,46,THA,Veteran,Amateur,false,false,false,,0,0,,Amateur,,,,,,,,,,,,,61,66,61,57,54,66,34,14,35,0,0,0,,0,,,,,,,0,0,0,0,0,0,0,0,0,"{""matches"":0,""wins"":0,""losses"":0,""draws"":0,""winPercentage"":0,""eventsEntered"":0,""titles"":0,""finals"":0,""prizeMoney"":0,""points"":0}",,,,,,,,,,,,,,33,,false,false,false,,71,20,14,0,0,0,0,0,7,4,3,0,0,6,0,estimated from season exits versus eligible schedule | 6 eligible events not entered,Amateur,normal,,,false,false,false,false,0,0,0,,0,false,,senior,amateur,,,true,true,
2050/51,wp-finley-keane,Finley Keane,50,THA,Veteran,Amateur,false,false,false,,0,0,,Amateur,,,,,,,,,,,,,61,66,60,57,52,64,30,20,35,0,0,0,,0,,,,,,,0,0,0,0,0,0,0,0,0,"{""matches"":0,""wins"":0,""losses"":0,""draws"":0,""winPercentage"":0,""eventsEntered"":0,""titles"":0,""finals"":0,""prizeMoney"":0,""points"":0}",,,,,,,,,,,,,,34,,false,false,false,,71,20,14,0,0,0,0,0,7,4,3,0,0,6,0,estimated from season exits versus eligible schedule | 6 eligible events not entered,Amateur,normal,,,false,false,false,false,0,0,0,,0,false,,senior,amateur,,,true,true,
2050/51,wp-finley-mercer,Finley Mercer,52,THA,Veteran,Amateur,false,false,false,,0,0,,Amateur,,,,,,,,,,,,,61,66,59,57,51,63,28,23,35,0,0,0,,0,,,,,,,0,0,0,0,0,0,0,0,0,"{""matches"":0,""wins"":0,""losses"":0,""draws"":0,""winPercentage"":0,""eventsEntered"":0,""titles"":0,""finals"":0,""prizeMoney"":0,""points"":0}",,,,,,,,,,,,,,35,,false,false,false,,71,20,14,0,0,0,0,0,7,4,3,0,0,6,0,estimated from season exits versus eligible schedule | 6 eligible events not entered,Amateur,normal,,,false,false,false,false,0,0,0,,0,false,,senior,amateur,,,true,true,
2050/51,wp-finley-nash,Finley Nash,73,THA,Veteran,Amateur,false,false,false,,0,0,,Amateur,,,,,,,,,,,,,61,66,55,55,41,53,10,56,35,0,0,0,,0,,,,,,,0,0,0,0,0,0,0,0,0,"{""matches"":0,""wins"":0,""losses"":0,""draws"":0,""winPercentage"":0,""eventsEntered"":0,""titles"":0,""finals"":0,""prizeMoney"":0,""points"":0}",,,,,,,,,,,,,,36,,false,false,false,,71,20,14,0,0,0,0,0,7,4,3,0,0,6,0,estimated from season exits versus eligible schedule | 6 eligible events not entered,Amateur,normal,,,false,false,false,false,0,0,0,,0,false,,senior,amateur,,,true,true,
2050/51,wp-finley-sloan,Finley Sloan,49,THA,Veteran,Amateur,false,false,false,,0,0,,Amateur,,,,,,,,,,,,,61,66,60,57,53,64,31,19,34,0,0,0,,0,,,,,,,0,0,0,0,0,0,0,0,0,"{""matches"":0,""wins"":0,""losses"":0,""draws"":0,""winPercentage"":0,""eventsEntered"":0,""titles"":0,""finals"":0,""prizeMoney"":0,""points"":0}",,,,,,,,,,,,,,37,,false,false,false,,71,20,14,0,0,0,0,0,7,4,3,0,0,6,0,estimated from season exits versus eligible schedule | 6 eligible events not entered,Amateur,normal,,,false,false,false,false,0,0,0,,0,false,,senior,amateur,,,true,true,
2050/51,wp-finley-zhou,Finley Zhou,57,THA,Veteran,Amateur,false,false,false,,0,0,,Amateur,,,,,,,,,,,,,61,66,58,56,49,60,23,31,34,0,0,0,,0,,,,,,,0,0,0,0,0,0,0,0,0,"{""matches"":0,""wins"":0,""losses"":0,""draws"":0,""winPercentage"":0,""eventsEntered"":0,""titles"":0,""finals"":0,""prizeMoney"":0,""points"":0}",,,,,,,,,,,,,,38,,false,false,false,,71,20,14,0,0,0,0,0,7,4,3,0,0,6,0,estimated from season exits versus eligible schedule | 6 eligible events not entered,Amateur,normal,,,false,false,false,false,0,0,0,,0,false,,senior,amateur,,,true,true,
2050/51,wp-finn-cross,Finn Cross,38,SCO,Amateur,Amateur,false,false,false,,0,0,,Amateur,,,,,,,55,,,,,,83,87,84,84,80,99,83,0,35,0,0,0,,0,,,,,,,0,19,1,1,0,100,1,0,0,"{""matches"":1,""wins"":1,""losses"":0,""draws"":0,""winPercentage"":100,""eventsEntered"":0,""titles"":1,""finals"":0,""prizeMoney"":0,""points"":0}",,,,,,,,,,,,,,46,,false,false,false,,71,18,14,0,0,0,0,0,7,4,3,0,0,4,0,estimated from season exits versus eligible schedule | 4 eligible events not entered,Amateur,normal,,,false,false,false,false,0,0,0,,0,false,,amateur,amateur,,,true,true,
2050/51,wp-finn-cross-a,Finn Cross A,38,SCO,Amateur,Amateur,false,false,false,,0,0,,Amateur,,,,,,,59,,,,,,60,64,61,57,57,69,42,1,33,0,0,0,,0,,,,,,,0,18,0,0,0,0,0,0,0,"{""matches"":0,""wins"":0,""losses"":0,""draws"":0,""winPercentage"":0,""eventsEntered"":0,""titles"":0,""finals"":0,""prizeMoney"":0,""points"":0}",,,,,,,,,,,,,,47,,false,false,false,,71,18,14,0,0,0,0,0,7,4,3,0,0,4,0,estimated from season exits versus eligible schedule | 4 eligible events not entered,Amateur,normal,,,false,false,false,false,0,0,0,,0,false,,amateur,amateur,,,true,true,
2050/51,wp-finn-cross-b,Finn Cross B,35,SCO,Amateur,Amateur,false,false,false,,0,0,,Amateur,,,,,,,60,,,,,,59,63,61,56,57,68,42,0,32,0,0,0,,0,,,,,,,0,10,1,0,1,0,0,0,0,"{""matches"":1,""wins"":0,""losses"":1,""draws"":0,""winPercentage"":0,""eventsEntered"":0,""titles"":0,""finals"":0,""prizeMoney"":0,""points"":0}",,,,,,,,,,,,,,50,,false,false,false,,71,18,14,0,0,0,0,0,7,4,3,0,0,4,0,estimated from season exits versus eligible schedule | 4 eligible events not entered,Amateur,normal,,,false,false,false,false,0,0,0,,0,false,,amateur,amateur,,,true,true,
2050/51,wp-finn-cross-c,Finn Cross C,35,SCO,Amateur,Amateur,false,false,false,,0,0,,Amateur,,,,,,,62,,,,,,59,63,61,55,57,68,42,0,31,0,0,0,,0,,,,,,,0,8,1,0,1,0,0,0,0,"{""matches"":1,""wins"":0,""losses"":1,""draws"":0,""winPercentage"":0,""eventsEntered"":0,""titles"":0,""finals"":0,""prizeMoney"":0,""points"":0}",,,,,,,,,,,,,,55,,false,false,false,,71,18,14,0,0,0,0,0,7,4,3,0,0,4,0,estimated from season exits versus eligible schedule | 4 eligible events not entered,Amateur,normal,,,false,false,false,false,0,0,0,,0,false,,amateur,amateur,,,true,true,
2050/51,wp-finn-cross-d,Finn Cross D,35,SCO,Amateur,Amateur,false,false,false,,0,0,,Amateur,,,,,,,63,,,,,,59,63,61,55,57,68,42,0,31,0,0,0,,0,,,,,,,0,7,0,0,0,0,0,0,0,"{""matches"":0,""wins"":0,""losses"":0,""draws"":0,""winPercentage"":0,""eventsEntered"":0,""titles"":0,""finals"":0,""prizeMoney"":0,""points"":0}",,,,,,,,,,,,,,56,,false,false,false,,71,18,14,0,0,0,0,0,7,4,3,0,0,4,0,estimated from season exits versus eligible schedule | 4 eligible events not entered,Amateur,normal,,,false,false,false,false,0,0,0,,0,false,,amateur,amateur,,,true,true,
2050/51,wp-finn-cross-i,Finn Cross I,27,BEL,Amateur,Amateur,false,false,false,,0,0,,Amateur,71,71,,71,,,40,,,,71,,57,61,59,53,57,66,42,0,29,0,0,0,,0,,,,,,,0,0,0,0,0,0,0,0,0,"{""matches"":0,""wins"":0,""losses"":0,""draws"":0,""winPercentage"":0,""eventsEntered"":0,""titles"":0,""finals"":0,""prizeMoney"":0,""points"":0}",,,,,,,,,,,,,,67,,false,false,false,,71,18,14,0,0,0,0,0,7,4,3,0,0,4,0,estimated from season exits versus eligible schedule | 4 eligible events not entered,Amateur,normal,,,false,false,false,false,0,0,0,,0,false,,qTour,amateur,,,true,true,
2050/51,wp-finn-cross-l,Finn Cross L,24,SCO,Amateur,Q School,false,false,false,,0,0,,Amateur,72,72,,72,,,27,25,25,,72,,57,63,59,53,57,66,42,0,28,0,0,0,,0,,,,,,,0,0,0,0,0,0,0,0,0,"{""matches"":0,""wins"":0,""losses"":0,""draws"":0,""winPercentage"":0,""eventsEntered"":0,""titles"":0,""finals"":0,""prizeMoney"":0,""points"":0}",,,,,,,,,,,,,,70,,false,false,false,,71,18,3,0,0,0,0,0,0,3,0,0,0,15,8,estimated from season exits versus eligible schedule | 15 eligible events not entered,Q School,normal,,,false,false,false,false,0,0,0,,0,false,,qTour,qSchool,,,true,true,
2050/51,wp-finn-cross-n,Finn Cross N,21,SCO,Amateur,Q School,false,false,false,,0,0,,Amateur,74,74,,74,,,11,9,12,,74,,57,65,59,53,57,66,42,0,28,0,0,0,,0,,,,,,,0,0,0,0,0,0,0,0,0,"{""matches"":0,""wins"":0,""losses"":0,""draws"":0,""winPercentage"":0,""eventsEntered"":0,""titles"":0,""finals"":0,""prizeMoney"":0,""points"":0}",,,,,,,,,,,,,,71,,false,false,false,,71,18,3,0,0,0,0,0,0,3,0,0,0,15,8,estimated from season exits versus eligible schedule | 15 eligible events not entered,Q School,normal,,,false,false,false,false,0,0,0,,0,false,,qSchool,qSchool,,,true,true,
2050/51,wp-finn-cross-o,Finn Cross O,21,SCO,Amateur,Q School,false,false,false,,0,0,,Amateur,75,75,,75,,,12,10,13,,75,,57,65,59,53,57,66,42,0,28,0,0,0,,0,,,,,,,0,0,0,0,0,0,0,0,0,"{""matches"":0,""wins"":0,""losses"":0,""draws"":0,""winPercentage"":0,""eventsEntered"":0,""titles"":0,""finals"":0,""prizeMoney"":0,""points"":0}",,,,,,,,,,,,,,72,,false,false,false,,71,18,3,0,0,0,0,0,0,3,0,0,0,15,8,estimated from season exits versus eligible schedule | 15 eligible events not entered,Q School,normal,,,false,false,false,false,0,0,0,,0,false,,qSchool,qSchool,,,true,true,
2050/51,wp-finn-cross-q,Finn Cross Q,16,BEL,Youth,Amateur,false,false,false,,0,0,,Amateur,,,,,,,,,,,,,50,58,52,44,50,59,42,0,18,0,0,0,,0,,,,,,,0,17,0,0,0,0,0,0,0,"{""matches"":0,""wins"":0,""losses"":0,""draws"":0,""winPercentage"":0,""eventsEntered"":0,""titles"":0,""finals"":0,""prizeMoney"":0,""points"":0}",,,,,,,,,,,,,,,,false,false,false,,71,37,14,0,0,0,0,0,7,4,0,3,0,23,0,estimated from season exits versus eligible schedule | 23 eligible events not entered,Youth,normal,,,false,false,false,false,0,0,0,,0,false,,youth,youth,,,true,true,
2050/51,wp-finn-cross-r,Finn Cross R,16,BEL,Youth,Amateur,false,false,false,,0,0,,Amateur,,,,,,,,,,,,,50,58,52,44,50,59,42,0,18,0,0,0,,0,,,,,,,0,6,0,0,0,0,0,0,0,"{""matches"":0,""wins"":0,""losses"":0,""draws"":0,""winPercentage"":0,""eventsEntered"":0,""titles"":0,""finals"":0,""prizeMoney"":0,""points"":0}",,,,,,,,,,,,,,,,false,false,false,,71,37,14,0,0,0,0,0,7,4,0,3,0,23,0,estimated from season exits versus eligible schedule | 23 eligible events not entered,Youth,normal,,,false,false,false,false,0,0,0,,0,false,,youth,youth,,,true,true,
2050/51,wp-finn-cross-s,Finn Cross S,16,BEL,Youth,Amateur,false,false,false,,0,0,,Amateur,,,,,,,,,,,,,50,58,52,44,50,59,42,0,18,,,,,,,,,,,,,,0,0,0,0,0,0,0,"{""matches"":0,""wins"":0,""losses"":0,""draws"":0,""winPercentage"":0,""eventsEntered"":0,""titles"":0,""finals"":0,""prizeMoney"":0,""points"":0}",,,,,,,,,,,,,,,,,false,false,,71,37,14,0,0,0,0,0,7,4,0,3,0,23,0,estimated from season exits versus eligible schedule | 23 eligible events not entered,Youth,normal,,,false,false,false,false,0,0,0,,0,false,,youth,youth,,,true,true,
2050/51,wp-harvey-crane,Harvey Crane,50,ENG,Veteran,Amateur,false,false,false,,0,0,,Amateur,,,,,,,,,,,,,62,67,61,58,53,65,30,20,37,0,0,0,,0,,,,,,,0,0,0,0,0,0,0,0,0,"{""matches"":0,""wins"":0,""losses"":0,""draws"":0,""winPercentage"":0,""eventsEntered"":0,""titles"":0,""finals"":0,""prizeMoney"":0,""points"":0}",,,,,,,,,,,,,,25,,false,false,false,,71,20,14,0,0,0,0,0,7,4,3,0,0,6,0,estimated from season exits versus eligible schedule | 6 eligible events not entered,Amateur,normal,,,false,false,false,false,0,0,0,,0,false,,senior,amateur,,,true,true,
2050/51,wp-harvey-holt,Harvey Holt,58,ENG,Veteran,Senior Tour / Legend Circuit,false,false,false,,0,0,,Amateur,,,,,,,,,,18,,,61,65,58,56,49,60,22,33,34,0,0,0,,0,,,,,,,0,7,0,0,0,0,0,0,0,"{""matches"":0,""wins"":0,""losses"":0,""draws"":0,""winPercentage"":0,""eventsEntered"":0,""titles"":0,""finals"":0,""prizeMoney"":0,""points"":0}",,,,,,,,,,,,,,40,,false,false,false,,71,6,6,0,0,0,0,0,0,0,0,0,6,0,0,,Senior/Legend,normal,,,false,false,false,false,0,0,0,,0,false,,senior,senior,,,true,true,
2050/51,wp-harvey-keane,Harvey Keane,40,ENG,Veteran,Amateur,false,false,false,,0,0,,Amateur,,,,,,,,,,,,,60,64,61,57,56,68,40,4,34,0,0,0,,0,,,,,,,0,11,0,0,0,0,0,0,0,"{""matches"":0,""wins"":0,""losses"":0,""draws"":0,""winPercentage"":0,""eventsEntered"":0,""titles"":0,""finals"":0,""prizeMoney"":0,""points"":0}",,,,,,,,,,,,,,41,,false,false,false,,71,18,14,0,0,0,0,0,7,4,3,0,0,4,0,estimated from season exits versus eligible schedule | 4 eligible events not entered,Amateur,normal,,,false,false,false,false,0,0,0,,0,false,,amateur,amateur,,,true,true,
2050/51,wp-harvey-mercer,Harvey Mercer,44,ENG,Veteran,Amateur,false,false,false,,0,0,,Amateur,,,,,,,,,,,,,60,64,60,56,54,66,36,11,33,0,0,0,,0,,,,,,,0,0,0,0,0,0,0,0,0,"{""matches"":0,""wins"":0,""losses"":0,""draws"":0,""winPercentage"":0,""eventsEntered"":0,""titles"":0,""finals"":0,""prizeMoney"":0,""points"":0}",,,,,,,,,,,,,,42,,false,false,false,,71,18,14,0,0,0,0,0,7,4,3,0,0,4,0,estimated from season exits versus eligible schedule | 4 eligible events not entered,Amateur,normal,,,false,false,false,false,0,0,0,,0,false,,amateur,amateur,,,true,true,
2050/51,wp-harvey-nash,Harvey Nash,44,ENG,Veteran,Amateur,false,false,false,,0,0,,Amateur,,,,,,,,,,,,,60,64,60,56,54,66,36,11,33,0,0,0,,0,,,,,,,0,0,0,0,0,0,0,0,0,"{""matches"":0,""wins"":0,""losses"":0,""draws"":0,""winPercentage"":0,""eventsEntered"":0,""titles"":0,""finals"":0,""prizeMoney"":0,""points"":0}",,,,,,,,,,,,,,43,,false,false,false,,71,18,14,0,0,0,0,0,7,4,3,0,0,4,0,estimated from season exits versus eligible schedule | 4 eligible events not entered,Amateur,normal,,,false,false,false,false,0,0,0,,0,false,,amateur,amateur,,,true,true,
2050/51,wp-harvey-sloan,Harvey Sloan,43,ENG,Veteran,Amateur,false,false,false,,0,0,,Amateur,,,,,,,,,,,,,60,64,60,56,55,67,37,9,33,0,0,0,,0,,,,,,,0,0,0,0,0,0,0,0,0,"{""matches"":0,""wins"":0,""losses"":0,""draws"":0,""winPercentage"":0,""eventsEntered"":0,""titles"":0,""finals"":0,""prizeMoney"":0,""points"":0}",,,,,,,,,,,,,,44,,false,false,false,,71,18,14,0,0,0,0,0,7,4,3,0,0,4,0,estimated from season exits versus eligible schedule | 4 eligible events not entered,Amateur,normal,,,false,false,false,false,0,0,0,,0,false,,amateur,amateur,,,true,true,
2050/51,wp-harvey-zhou,Harvey Zhou,56,ENG,Veteran,Senior Tour / Legend Circuit,false,false,false,,0,0,,Amateur,,,,,,,,,,19,,,60,64,58,55,49,60,24,30,34,0,0,0,,0,,,,,,,0,6,0,0,0,0,0,0,0,"{""matches"":0,""wins"":0,""losses"":0,""draws"":0,""winPercentage"":0,""eventsEntered"":0,""titles"":0,""finals"":0,""prizeMoney"":0,""points"":0}",,,,,,,,,,,,,,41,,false,false,false,,71,6,6,0,0,0,0,0,0,0,0,0,6,0,0,,Senior/Legend,normal,,,false,false,false,false,0,0,0,,0,false,,senior,senior,,,true,true,
2050/51,wp-hugo-cairn,Hugo Cairn,58,GER,Veteran,Senior Tour / Legend Circuit,false,false,false,,0,0,,Amateur,,,,,,,,,,5,,,65,71,62,61,53,64,22,33,40,0,0,0,,0,,,,,,,0,20,0,0,0,0,0,0,0,"{""matches"":0,""wins"":0,""losses"":0,""draws"":0,""winPercentage"":0,""eventsEntered"":0,""titles"":0,""finals"":0,""prizeMoney"":0,""points"":0}",,,,,,,,,,,,,,7,,false,false,false,,71,6,6,0,0,0,0,0,0,0,0,0,6,0,0,,Senior/Legend,normal,,,false,false,false,false,0,0,0,,0,false,,senior,senior,,,true,true,
2050/51,wp-jamie-crane,Jamie Crane,57,NIR,Veteran,Senior Tour / Legend Circuit,false,false,false,,0,0,,Amateur,,,,,,,,,,11,,,63,69,60,59,51,62,23,31,38,0,0,0,,0,,,,,,,0,14,0,0,0,0,0,0,0,"{""matches"":0,""wins"":0,""losses"":0,""draws"":0,""winPercentage"":0,""eventsEntered"":0,""titles"":0,""finals"":0,""prizeMoney"":0,""points"":0}",,,,,,,,,,,,,,16,,false,false,false,,71,6,6,0,0,0,0,0,0,0,0,0,6,0,0,,Senior/Legend,normal,,,false,false,false,false,0,0,0,,0,false,,senior,senior,,,true,true,
2050/51,wp-jamie-holt,Jamie Holt,49,NIR,Veteran,Amateur,false,false,false,,0,0,,Amateur,,,,,,,,,,,,,60,64,59,55,52,63,31,19,32,0,0,0,,0,,,,,,,0,0,0,0,0,0,0,0,0,"{""matches"":0,""wins"":0,""losses"":0,""draws"":0,""winPercentage"":0,""eventsEntered"":0,""titles"":0,""finals"":0,""prizeMoney"":0,""points"":0}",,,,,,,,,,,,,,48,,false,false,false,,71,20,14,0,0,0,0,0,7,4,3,0,0,6,0,estimated from season exits versus eligible schedule | 6 eligible events not entered,Amateur,normal,,,false,false,false,false,0,0,0,,0,false,,senior,amateur,,,true,true,
2050/51,wp-jamie-keane,Jamie Keane,49,NIR,Veteran,Amateur,false,false,false,,0,0,,Amateur,,,,,,,,,,,,,59,63,58,54,51,62,31,19,32,0,0,0,,0,,,,,,,0,0,0,0,0,0,0,0,0,"{""matches"":0,""wins"":0,""losses"":0,""draws"":0,""winPercentage"":0,""eventsEntered"":0,""titles"":0,""finals"":0,""prizeMoney"":0,""points"":0}",,,,,,,,,,,,,,49,,false,false,false,,71,20,14,0,0,0,0,0,7,4,3,0,0,6,0,estimated from season exits versus eligible schedule | 6 eligible events not entered,Amateur,normal,,,false,false,false,false,0,0,0,,0,false,,senior,amateur,,,true,true,
2050/51,wp-jamie-mercer,Jamie Mercer,43,NIR,Veteran,Amateur,false,false,false,,0,0,,Amateur,,,,,,,,,,,,,59,63,59,55,54,66,37,9,32,0,0,0,,0,,,,,,,0,0,0,0,0,0,0,0,0,"{""matches"":0,""wins"":0,""losses"":0,""draws"":0,""winPercentage"":0,""eventsEntered"":0,""titles"":0,""finals"":0,""prizeMoney"":0,""points"":0}",,,,,,,,,,,,,,50,,false,false,false,,71,18,14,0,0,0,0,0,7,4,3,0,0,4,0,estimated from season exits versus eligible schedule | 4 eligible events not entered,Amateur,normal,,,false,false,false,false,0,0,0,,0,false,,amateur,amateur,,,true,true,
2050/51,wp-jamie-nash,Jamie Nash,69,NIR,Veteran,Senior Tour / Legend Circuit,false,false,false,,0,0,,Amateur,,,,,,,,,,6,,,59,63,54,52,41,52,11,50,32,0,0,0,,0,,,,,,,0,19,0,0,0,0,0,0,0,"{""matches"":0,""wins"":0,""losses"":0,""draws"":0,""winPercentage"":0,""eventsEntered"":0,""titles"":0,""finals"":0,""prizeMoney"":0,""points"":0}",,,,,,,,,,,,,,51,,false,false,false,,71,6,6,0,0,0,0,0,0,0,0,0,6,0,0,,Senior/Legend,normal,,,false,false,false,false,0,0,0,,0,false,,senior,senior,,,true,true,
2050/51,wp-jamie-sloan,Jamie Sloan,56,NIR,Veteran,Senior Tour / Legend Circuit,false,false,false,,0,0,,Amateur,,,,,,,,,,20,,,59,63,57,54,48,59,24,30,32,0,0,0,,0,,,,,,,0,5,0,0,0,0,0,0,0,"{""matches"":0,""wins"":0,""losses"":0,""draws"":0,""winPercentage"":0,""eventsEntered"":0,""titles"":0,""finals"":0,""prizeMoney"":0,""points"":0}",,,,,,,,,,,,,,52,,false,false,false,,71,6,6,0,0,0,0,0,0,0,0,0,6,0,0,,Senior/Legend,normal,,,false,false,false,false,0,0,0,,0,false,,senior,senior,,,true,true,
2050/51,wp-jamie-zhou,Jamie Zhou,47,NIR,Veteran,Amateur,false,false,false,,0,0,,Amateur,,,,,,,,,,,,,62,67,61,58,55,67,33,15,35,0,0,0,,0,,,,,,,0,0,0,0,0,0,0,0,0,"{""matches"":0,""wins"":0,""losses"":0,""draws"":0,""winPercentage"":0,""eventsEntered"":0,""titles"":0,""finals"":0,""prizeMoney"":0,""points"":0}",,,,,,,,,,,,,,32,,false,false,false,,71,20,14,0,0,0,0,0,7,4,3,0,0,6,0,estimated from season exits versus eligible schedule | 6 eligible events not entered,Amateur,normal,,,false,false,false,false,0,0,0,,0,false,,senior,amateur,,,true,true,
2050/51,wp-jon-hart,Jon Hart,52,ENG,Veteran,Amateur,false,false,false,,0,0,,Amateur,,,,,,,,,,,,,64,70,62,60,54,66,28,23,39,0,0,0,,0,,,,,,,0,0,0,0,0,0,0,0,0,"{""matches"":0,""wins"":0,""losses"":0,""draws"":0,""winPercentage"":0,""eventsEntered"":0,""titles"":0,""finals"":0,""prizeMoney"":0,""points"":0}",,,,,,,,,,,,,,10,,false,false,false,,71,20,14,0,0,0,0,0,7,4,3,0,0,6,0,estimated from season exits versus eligible schedule | 6 eligible events not entered,Amateur,normal,,,false,false,false,false,0,0,0,,0,false,,senior,amateur,,,true,true,
2050/51,wp-jude-sloan,Jude Sloan,39,WAL,Amateur,Amateur,false,false,false,,0,0,,Amateur,,,,,,,57,,,,,,66,69,67,64,63,78,55,2,32,0,0,0,,0,,,,,,,0,17,3,1,2,33.33333333333333,1,0,0,"{""matches"":3,""wins"":1,""losses"":2,""draws"":0,""winPercentage"":33.33333333333333,""eventsEntered"":0,""titles"":1,""finals"":0,""prizeMoney"":0,""points"":0}",,,,,,,,,,,,,,64,,false,false,false,,71,18,14,0,0,0,0,0,7,4,3,0,0,4,0,estimated from season exits versus eligible schedule | 4 eligible events not entered,Amateur,normal,,,false,false,false,false,0,0,0,,0,false,,amateur,amateur,,,true,true,
2050/51,wp-jude-sloan-a,Jude Sloan A,36,WAL,Amateur,Amateur,false,false,false,,0,0,,Amateur,,,,,,,,,,,,,58,61,60,54,56,67,42,0,29,0,0,0,,0,,,,,,,0,1,0,0,0,0,0,0,0,"{""matches"":0,""wins"":0,""losses"":0,""draws"":0,""winPercentage"":0,""eventsEntered"":0,""titles"":0,""finals"":0,""prizeMoney"":0,""points"":0}",,,,,,,,,,,,,,65,,false,false,false,,71,18,14,0,0,0,0,0,7,4,3,0,0,4,0,estimated from season exits versus eligible schedule | 4 eligible events not entered,Amateur,normal,,,false,false,false,false,0,0,0,,0,false,,amateur,amateur,,,true,true,
2050/51,wp-jude-sloan-b,Jude Sloan B,36,WAL,Amateur,Amateur,false,false,false,,0,0,,Amateur,,,,,,,,,,,,,57,60,59,53,55,66,42,0,29,0,0,0,,0,,,,,,,0,0,2,0,2,0,0,0,0,"{""matches"":2,""wins"":0,""losses"":2,""draws"":0,""winPercentage"":0,""eventsEntered"":0,""titles"":0,""finals"":0,""prizeMoney"":0,""points"":0}",,,,,,,,,,,,,,67,,false,false,false,,71,18,14,0,0,0,0,0,7,4,3,0,0,4,0,estimated from season exits versus eligible schedule | 4 eligible events not entered,Amateur,normal,,,false,false,false,false,0,0,0,,0,false,,amateur,amateur,,,true,true,
2050/51,wp-jude-sloan-e,Jude Sloan E,31,IRL,Amateur,Amateur,false,false,false,,0,0,,Amateur,76,76,,76,,,47,,,,76,,57,60,59,53,57,66,42,0,28,0,0,0,,0,,,,,,,0,0,0,0,0,0,0,0,0,"{""matches"":0,""wins"":0,""losses"":0,""draws"":0,""winPercentage"":0,""eventsEntered"":0,""titles"":0,""finals"":0,""prizeMoney"":0,""points"":0}",,,,,,,,,,,,,,73,,false,false,false,,71,18,14,0,0,0,0,0,7,4,3,0,0,4,0,estimated from season exits versus eligible schedule | 4 eligible events not entered,Amateur,normal,,,false,false,false,false,0,0,0,,0,false,,amateur,amateur,,,true,true,
2050/51,wp-jude-sloan-f,Jude Sloan F,31,IRL,Amateur,Amateur,false,false,false,,0,0,,Amateur,77,77,,77,,,48,,,,77,,56,59,58,52,56,65,42,0,28,0,0,0,,0,,,,,,,0,0,0,0,0,0,0,0,0,"{""matches"":0,""wins"":0,""losses"":0,""draws"":0,""winPercentage"":0,""eventsEntered"":0,""titles"":0,""finals"":0,""prizeMoney"":0,""points"":0}",,,,,,,,,,,,,,74,,false,false,false,,71,18,14,0,0,0,0,0,7,4,3,0,0,4,0,estimated from season exits versus eligible schedule | 4 eligible events not entered,Amateur,normal,,,false,false,false,false,0,0,0,,0,false,,amateur,amateur,,,true,true,
2050/51,wp-jude-sloan-g,Jude Sloan G,31,IRL,Amateur,Amateur,false,false,false,,0,0,,Amateur,78,78,,78,,,49,,,,78,,56,59,58,52,56,65,42,0,28,0,0,0,,0,,,,,,,0,0,0,0,0,0,0,0,0,"{""matches"":0,""wins"":0,""losses"":0,""draws"":0,""winPercentage"":0,""eventsEntered"":0,""titles"":0,""finals"":0,""prizeMoney"":0,""points"":0}",,,,,,,,,,,,,,75,,false,false,false,,71,18,14,0,0,0,0,0,7,4,3,0,0,4,0,estimated from season exits versus eligible schedule | 4 eligible events not entered,Amateur,normal,,,false,false,false,false,0,0,0,,0,false,,amateur,amateur,,,true,true,
2050/51,wp-jude-sloan-j,Jude Sloan J,26,AUS,Amateur,Amateur,false,false,false,,0,0,,Amateur,81,81,,81,,,37,,,,81,,56,60,58,52,56,65,42,0,27,0,0,0,,0,,,,,,,0,0,0,0,0,0,0,0,0,"{""matches"":0,""wins"":0,""losses"":0,""draws"":0,""winPercentage"":0,""eventsEntered"":0,""titles"":0,""finals"":0,""prizeMoney"":0,""points"":0}",,,,,,,,,,,,,,77,,false,false,false,,71,18,14,0,0,0,0,0,7,4,3,0,0,4,0,estimated from season exits versus eligible schedule | 4 eligible events not entered,Amateur,normal,,,false,false,false,false,0,0,0,,0,false,,qTour,amateur,,,true,true,
2050/51,wp-jude-sloan-o,Jude Sloan O,19,WAL,Amateur,Q School,false,false,false,,0,0,,Amateur,83,83,,83,,,7,7,10,,83,,56,65,58,52,56,65,42,0,26,0,0,0,,0,,,,,,,0,0,0,0,0,0,0,0,0,"{""matches"":0,""wins"":0,""losses"":0,""draws"":0,""winPercentage"":0,""eventsEntered"":0,""titles"":0,""finals"":0,""prizeMoney"":0,""points"":0}",,,,,,,,,,,,,,82,,false,false,false,,71,18,3,0,0,0,0,0,0,3,0,0,0,15,8,estimated from season exits versus eligible schedule | 15 eligible events not entered,Q School,normal,,,false,false,false,false,0,0,0,,0,false,,qSchool,qSchool,,,true,true,
2050/51,wp-jude-sloan-r,Jude Sloan R,16,WAL,Youth,Amateur,false,false,false,,0,0,,Amateur,,,,,,,,,,,,,50,58,52,44,50,59,42,0,18,0,0,0,,0,,,,,,,0,15,0,0,0,0,0,0,0,"{""matches"":0,""wins"":0,""losses"":0,""draws"":0,""winPercentage"":0,""eventsEntered"":0,""titles"":0,""finals"":0,""prizeMoney"":0,""points"":0}",,,,,,,,,,,,,,,,false,false,false,,71,37,14,0,0,0,0,0,7,4,0,3,0,23,0,estimated from season exits versus eligible schedule | 23 eligible events not entered,Youth,normal,,,false,false,false,false,0,0,0,,0,false,,youth,youth,,,true,true,
2050/51,wp-jude-sloan-s,Jude Sloan S,16,WAL,Youth,Amateur,false,false,false,,0,0,,Amateur,,,,,,,,,,,,,50,58,52,44,50,59,42,0,18,0,0,0,,0,,,,,,,0,5,0,0,0,0,0,0,0,"{""matches"":0,""wins"":0,""losses"":0,""draws"":0,""winPercentage"":0,""eventsEntered"":0,""titles"":0,""finals"":0,""prizeMoney"":0,""points"":0}",,,,,,,,,,,,,,,,false,false,false,,71,37,14,0,0,0,0,0,7,4,0,3,0,23,0,estimated from season exits versus eligible schedule | 23 eligible events not entered,Youth,normal,,,false,false,false,false,0,0,0,,0,false,,youth,youth,,,true,true,
2050/51,wp-kai-pryce-a,Kai Pryce A,39,AUS,Amateur,Amateur,false,false,false,,0,0,,Amateur,,,,,,,,,,,,,57,60,58,53,54,65,41,3,29,0,0,0,,0,,,,,,,0,0,0,0,0,0,0,0,0,"{""matches"":0,""wins"":0,""losses"":0,""draws"":0,""winPercentage"":0,""eventsEntered"":0,""titles"":0,""finals"":0,""prizeMoney"":0,""points"":0}",,,,,,,,,,,,,,66,,false,false,false,,71,18,14,0,0,0,0,0,7,4,3,0,0,4,0,estimated from season exits versus eligible schedule | 4 eligible events not entered,Amateur,normal,,,false,false,false,false,0,0,0,,0,false,,amateur,amateur,,,true,true,
2050/51,wp-kai-pryce-b,Kai Pryce B,36,AUS,Amateur,Amateur,false,false,false,,0,0,,Amateur,,,,,,,,,,,,,57,60,59,53,55,66,42,0,29,0,0,0,,0,,,,,,,0,15,0,0,0,0,0,0,0,"{""matches"":0,""wins"":0,""losses"":0,""draws"":0,""winPercentage"":0,""eventsEntered"":0,""titles"":0,""finals"":0,""prizeMoney"":0,""points"":0}",,,,,,,,,,,,,,67,,false,false,false,,71,18,14,0,0,0,0,0,7,4,3,0,0,4,0,estimated from season exits versus eligible schedule | 4 eligible events not entered,Amateur,normal,,,false,false,false,false,0,0,0,,0,false,,amateur,amateur,,,true,true,
2050/51,wp-kai-pryce-c,Kai Pryce C,36,AUS,Amateur,Amateur,false,false,false,,0,0,,Amateur,,,,,,,58,,,,,,69,72,71,67,67,83,63,0,30,0,0,0,,0,,,,,,,0,12,2,1,1,50,1,0,0,"{""matches"":2,""wins"":1,""losses"":1,""draws"":0,""winPercentage"":50,""eventsEntered"":0,""titles"":1,""finals"":0,""prizeMoney"":0,""points"":0}",,,,,,,,,,,,,,71,,false,false,false,,71,18,14,0,0,0,0,0,7,4,3,0,0,4,0,estimated from season exits versus eligible schedule | 4 eligible events not entered,Amateur,normal,,,false,false,false,false,0,0,0,,0,false,,amateur,amateur,,,true,true,
2050/51,wp-kai-pryce-g,Kai Pryce G,29,WAL,Amateur,Q School,false,false,false,,0,0,,Amateur,,,,,,,14,14,5,,,,56,58,58,52,56,65,42,0,27,0,0,0,,0,,,,,,,0,30,0,0,0,0,0,0,0,"{""matches"":0,""wins"":0,""losses"":0,""draws"":0,""winPercentage"":0,""eventsEntered"":0,""titles"":0,""finals"":0,""prizeMoney"":0,""points"":0}",,,,,,,,,,,,,,80,,false,false,false,,71,18,3,0,0,0,0,0,0,3,0,0,0,15,8,estimated from season exits versus eligible schedule | 15 eligible events not entered,Q School,normal,,,false,false,false,false,0,0,0,,0,false,,qSchool,qSchool,,,true,true,
2050/51,wp-kai-pryce-j,Kai Pryce J,26,WAL,Amateur,Amateur,false,false,false,,0,0,,Amateur,86,86,,86,,,38,,,,86,,55,59,57,51,55,64,42,0,26,0,0,0,,0,,,,,,,0,0,0,0,0,0,0,0,0,"{""matches"":0,""wins"":0,""losses"":0,""draws"":0,""winPercentage"":0,""eventsEntered"":0,""titles"":0,""finals"":0,""prizeMoney"":0,""points"":0}",,,,,,,,,,,,,,85,,false,false,false,,71,18,14,0,0,0,0,0,7,4,3,0,0,4,0,estimated from season exits versus eligible schedule | 4 eligible events not entered,Amateur,normal,,,false,false,false,false,0,0,0,,0,false,,qTour,amateur,,,true,true,
2050/51,wp-kai-pryce-k,Kai Pryce K,26,WAL,Amateur,Amateur,false,false,false,,0,0,,Amateur,87,87,,87,,,39,,,,87,,55,59,57,51,55,64,42,0,26,0,0,0,,0,,,,,,,0,0,0,0,0,0,0,0,0,"{""matches"":0,""wins"":0,""losses"":0,""draws"":0,""winPercentage"":0,""eventsEntered"":0,""titles"":0,""finals"":0,""prizeMoney"":0,""points"":0}",,,,,,,,,,,,,,86,,false,false,false,,71,18,14,0,0,0,0,0,7,4,3,0,0,4,0,estimated from season exits versus eligible schedule | 4 eligible events not entered,Amateur,normal,,,false,false,false,false,0,0,0,,0,false,,qTour,amateur,,,true,true,
2050/51,wp-kai-pryce-q,Kai Pryce Q,18,WAL,Amateur,Q School,false,false,false,,0,0,,Amateur,,,,,,,4,4,7,,,,50,57,52,44,50,59,42,0,18,0,0,0,,0,,,,,,,0,12,0,0,0,0,0,0,0,"{""matches"":0,""wins"":0,""losses"":0,""draws"":0,""winPercentage"":0,""eventsEntered"":0,""titles"":0,""finals"":0,""prizeMoney"":0,""points"":0}",,,,,,,,,,,,,,,,false,false,false,,71,18,3,0,0,0,0,0,0,3,0,0,0,15,8,estimated from season exits versus eligible schedule | 15 eligible events not entered,Q School,normal,,,false,false,false,false,0,0,0,,0,false,,qSchool,qSchool,,,true,true,
2050/51,wp-kai-pryce-r,Kai Pryce R,15,WAL,Youth,Amateur,false,false,false,,0,0,,Amateur,,,,,,,,,,,,,50,59,52,44,50,59,42,0,18,0,0,0,,0,,,,,,,0,9,0,0,0,0,0,0,0,"{""matches"":0,""wins"":0,""losses"":0,""draws"":0,""winPercentage"":0,""eventsEntered"":0,""titles"":0,""finals"":0,""prizeMoney"":0,""points"":0}",,,,,,,,,,,,,,,,false,false,false,,71,37,14,0,0,0,0,0,7,4,0,3,0,23,0,estimated from season exits versus eligible schedule | 23 eligible events not entered,Youth,normal,,,false,false,false,false,0,0,0,,0,false,,youth,youth,,,true,true,
2050/51,wp-kai-pryce-s,Kai Pryce S,15,WAL,Youth,Amateur,false,false,false,,0,0,,Amateur,,,,,,,,,,,,,50,59,52,44,50,59,42,0,18,,,,,,,,,,,,,,0,0,0,0,0,0,0,"{""matches"":0,""wins"":0,""losses"":0,""draws"":0,""winPercentage"":0,""eventsEntered"":0,""titles"":0,""finals"":0,""prizeMoney"":0,""points"":0}",,,,,,,,,,,,,,,,,false,false,,71,37,14,0,0,0,0,0,7,4,0,3,0,23,0,estimated from season exits versus eligible schedule | 23 eligible events not entered,Youth,normal,,,false,false,false,false,0,0,0,,0,false,,youth,youth,,,true,true,
2050/51,wp-kian-crane,Kian Crane,48,NED,Veteran,Amateur,false,false,false,,0,0,,Amateur,,,,,,,,,,,,,63,68,62,59,55,67,32,17,37,0,0,0,,0,,,,,,,0,0,0,0,0,0,0,0,0,"{""matches"":0,""wins"":0,""losses"":0,""draws"":0,""winPercentage"":0,""eventsEntered"":0,""titles"":0,""finals"":0,""prizeMoney"":0,""points"":0}",,,,,,,,,,,,,,20,,false,false,false,,71,20,14,0,0,0,0,0,7,4,3,0,0,6,0,estimated from season exits versus eligible schedule | 6 eligible events not entered,Amateur,normal,,,false,false,false,false,0,0,0,,0,false,,senior,amateur,,,true,true,
2050/51,wp-kian-holt,Kian Holt,47,NED,Veteran,Amateur,false,false,false,,0,0,,Amateur,,,,,,,,,,,,,82,86,81,82,75,96,74,12,34,0,0,0,,0,,,,,,,0,0,1,1,0,100,1,0,0,"{""matches"":1,""wins"":1,""losses"":0,""draws"":0,""winPercentage"":100,""eventsEntered"":0,""titles"":1,""finals"":0,""prizeMoney"":0,""points"":0}",,,,,,,,,,,,,,52,,false,false,false,,71,20,14,0,0,0,0,0,7,4,3,0,0,6,0,estimated from season exits versus eligible schedule | 6 eligible events not entered,Amateur,normal,,,false,false,false,false,0,0,0,,0,false,,senior,amateur,,,true,true,
2050/51,wp-kian-keane,Kian Keane,52,NED,Veteran,Amateur,false,false,false,,0,0,,Amateur,,,,,,,,,,,,,59,63,57,54,49,61,28,23,31,0,0,0,,0,,,,,,,0,0,0,0,0,0,0,0,0,"{""matches"":0,""wins"":0,""losses"":0,""draws"":0,""winPercentage"":0,""eventsEntered"":0,""titles"":0,""finals"":0,""prizeMoney"":0,""points"":0}",,,,,,,,,,,,,,57,,false,false,false,,71,20,14,0,0,0,0,0,7,4,3,0,0,6,0,estimated from season exits versus eligible schedule | 6 eligible events not entered,Amateur,normal,,,false,false,false,false,0,0,0,,0,false,,senior,amateur,,,true,true,
2050/51,wp-kian-mercer,Kian Mercer,46,NED,Veteran,Amateur,false,false,false,,0,0,,Amateur,,,,,,,,,,,,,58,62,58,54,51,63,34,14,31,0,0,0,,0,,,,,,,0,0,0,0,0,0,0,0,0,"{""matches"":0,""wins"":0,""losses"":0,""draws"":0,""winPercentage"":0,""eventsEntered"":0,""titles"":0,""finals"":0,""prizeMoney"":0,""points"":0}",,,,,,,,,,,,,,58,,false,false,false,,71,20,14,0,0,0,0,0,7,4,3,0,0,6,0,estimated from season exits versus eligible schedule | 6 eligible events not entered,Amateur,normal,,,false,false,false,false,0,0,0,,0,false,,senior,amateur,,,true,true,
2050/51,wp-kian-nash,Kian Nash,56,NED,Veteran,Senior Tour / Legend Circuit,false,false,false,,0,0,,Amateur,,,,,,,,,,21,,,58,61,56,52,47,58,24,30,30,0,0,0,,0,,,,,,,0,4,0,0,0,0,0,0,0,"{""matches"":0,""wins"":0,""losses"":0,""draws"":0,""winPercentage"":0,""eventsEntered"":0,""titles"":0,""finals"":0,""prizeMoney"":0,""points"":0}",,,,,,,,,,,,,,59,,false,false,false,,71,6,6,0,0,0,0,0,0,0,0,0,6,0,0,,Senior/Legend,normal,,,false,false,false,false,0,0,0,,0,false,,senior,senior,,,true,true,
2050/51,wp-kian-sloan,Kian Sloan,47,NED,Veteran,Amateur,false,false,false,,0,0,,Amateur,,,,,,,,,,,,,58,61,57,53,51,63,33,15,30,0,0,0,,0,,,,,,,0,0,0,0,0,0,0,0,0,"{""matches"":0,""wins"":0,""losses"":0,""draws"":0,""winPercentage"":0,""eventsEntered"":0,""titles"":0,""finals"":0,""prizeMoney"":0,""points"":0}",,,,,,,,,,,,,,60,,false,false,false,,71,20,14,0,0,0,0,0,7,4,3,0,0,6,0,estimated from season exits versus eligible schedule | 6 eligible events not entered,Amateur,normal,,,false,false,false,false,0,0,0,,0,false,,senior,amateur,,,true,true,
2050/51,wp-kian-zhou,Kian Zhou,49,NED,Veteran,Amateur,false,false,false,,0,0,,Amateur,,,,,,,,,,,,,61,66,60,57,53,64,31,19,35,0,0,0,,0,,,,,,,0,0,0,0,0,0,0,0,0,"{""matches"":0,""wins"":0,""losses"":0,""draws"":0,""winPercentage"":0,""eventsEntered"":0,""titles"":0,""finals"":0,""prizeMoney"":0,""points"":0}",,,,,,,,,,,,,,36,,false,false,false,,71,20,14,0,0,0,0,0,7,4,3,0,0,6,0,estimated from season exits versus eligible schedule | 6 eligible events not entered,Amateur,normal,,,false,false,false,false,0,0,0,,0,false,,senior,amateur,,,true,true,
2050/51,wp-leo-crane,Leo Crane,53,POL,Veteran,Amateur,false,false,false,,0,0,,Amateur,,,,,,,,,,,,,63,68,61,59,53,64,27,25,37,0,0,0,,0,,,,,,,0,0,0,0,0,0,0,0,0,"{""matches"":0,""wins"":0,""losses"":0,""draws"":0,""winPercentage"":0,""eventsEntered"":0,""titles"":0,""finals"":0,""prizeMoney"":0,""points"":0}",,,,,,,,,,,,,,21,,false,false,false,,71,20,14,0,0,0,0,0,7,4,3,0,0,6,0,estimated from season exits versus eligible schedule | 6 eligible events not entered,Amateur,normal,,,false,false,false,false,0,0,0,,0,false,,senior,amateur,,,true,true,
2050/51,wp-leo-holt,Leo Holt,55,POL,Veteran,Amateur,false,false,false,,0,0,,Amateur,,,,,,,,,,,,,59,63,57,54,48,59,25,28,32,0,0,0,,0,,,,,,,0,0,0,0,0,0,0,0,0,"{""matches"":0,""wins"":0,""losses"":0,""draws"":0,""winPercentage"":0,""eventsEntered"":0,""titles"":0,""finals"":0,""prizeMoney"":0,""points"":0}",,,,,,,,,,,,,,53,,false,false,false,,71,20,14,0,0,0,0,0,7,4,3,0,0,6,0,estimated from season exits versus eligible schedule | 6 eligible events not entered,Amateur,normal,,,false,false,false,false,0,0,0,,0,false,,senior,amateur,,,true,true,
2050/51,wp-leo-keane,Leo Keane,45,POL,Veteran,Amateur,false,false,false,,0,0,,Amateur,,,,,,,,,,,,,58,61,58,54,52,64,35,12,30,0,0,0,,0,,,,,,,0,0,0,0,0,0,0,0,0,"{""matches"":0,""wins"":0,""losses"":0,""draws"":0,""winPercentage"":0,""eventsEntered"":0,""titles"":0,""finals"":0,""prizeMoney"":0,""points"":0}",,,,,,,,,,,,,,64,,false,false,false,,71,20,14,0,0,0,0,0,7,4,3,0,0,6,0,estimated from season exits versus eligible schedule | 6 eligible events not entered,Amateur,normal,,,false,false,false,false,0,0,0,,0,false,,senior,amateur,,,true,true,
2050/51,wp-leo-mercer,Leo Mercer,47,POL,Veteran,Amateur,false,false,false,,0,0,,Amateur,,,,,,,,,,,,,80,83,79,79,73,94,73,12,29,0,0,0,,0,,,,,,,0,0,1,1,0,100,0,0,0,"{""matches"":1,""wins"":1,""losses"":0,""draws"":0,""winPercentage"":100,""eventsEntered"":0,""titles"":0,""finals"":0,""prizeMoney"":0,""points"":0}",,,,,,,,,,,,,,65,,false,false,false,,71,20,14,0,0,0,0,0,7,4,3,0,0,6,0,estimated from season exits versus eligible schedule | 6 eligible events not entered,Amateur,normal,,,false,false,false,false,0,0,0,,0,false,,amateur,amateur,,,true,true,
2050/51,wp-leo-nash,Leo Nash,47,POL,Veteran,Amateur,false,false,false,,0,0,,Amateur,,,,,,,,,,,,,80,83,79,80,73,94,74,12,31,0,0,0,,0,,,,,,,0,0,1,1,0,100,1,0,0,"{""matches"":1,""wins"":1,""losses"":0,""draws"":0,""winPercentage"":100,""eventsEntered"":0,""titles"":1,""finals"":0,""prizeMoney"":0,""points"":0}",,,,,,,,,,,,,,66,,false,false,false,,71,20,14,0,0,0,0,0,7,4,3,0,0,6,0,estimated from season exits versus eligible schedule | 6 eligible events not entered,Amateur,normal,,,false,false,false,false,0,0,0,,0,false,,amateur,amateur,,,true,true,
2050/51,wp-leo-sloan,Leo Sloan,46,POL,Veteran,Amateur,false,false,false,,0,0,,Amateur,,,,,,,,,,,,,57,60,57,52,50,62,34,14,29,0,0,0,,0,,,,,,,0,0,0,0,0,0,0,0,0,"{""matches"":0,""wins"":0,""losses"":0,""draws"":0,""winPercentage"":0,""eventsEntered"":0,""titles"":0,""finals"":0,""prizeMoney"":0,""points"":0}",,,,,,,,,,,,,,67,,false,false,false,,71,20,14,0,0,0,0,0,7,4,3,0,0,6,0,estimated from season exits versus eligible schedule | 6 eligible events not entered,Amateur,normal,,,false,false,false,false,0,0,0,,0,false,,amateur,amateur,,,true,true,
2050/51,wp-leo-zhou,Leo Zhou,74,POL,Veteran,Senior Tour / Legend Circuit,false,false,false,,0,0,,Amateur,,,,,,,,,,2,,,61,66,55,55,41,53,10,58,34,0,0,0,,0,,,,,,,0,23,0,0,0,0,0,0,0,"{""matches"":0,""wins"":0,""losses"":0,""draws"":0,""winPercentage"":0,""eventsEntered"":0,""titles"":0,""finals"":0,""prizeMoney"":0,""points"":0}",,,,,,,,,,,,,,37,,false,false,false,,71,6,6,0,0,0,0,0,0,0,0,0,6,0,0,,Senior/Legend,normal,,,false,false,false,false,0,0,0,,0,false,,senior,senior,,,true,true,
2050/51,wp-lewis-crane,Lewis Crane,58,CHN,Veteran,Senior Tour / Legend Circuit,false,false,false,,0,0,,Amateur,,,,,,,,,,14,,,62,67,59,57,50,61,22,33,36,0,0,0,,0,,,,,,,0,11,1,0,1,0,0,0,0,"{""matches"":1,""wins"":0,""losses"":1,""draws"":0,""winPercentage"":0,""eventsEntered"":0,""titles"":0,""finals"":0,""prizeMoney"":0,""points"":0}",,,,,,,,,,,,,,26,,false,false,false,,71,6,6,0,0,0,0,0,0,0,0,0,6,0,0,,Senior/Legend,normal,,,false,false,false,false,0,0,0,,0,false,,senior,senior,,,true,true,
2050/51,wp-lewis-holt,Lewis Holt,53,CHN,Veteran,Amateur,false,false,false,,0,0,,Amateur,,,,,,,,,,,,,58,62,56,53,48,59,27,25,31,0,0,0,,0,,,,,,,0,0,0,0,0,0,0,0,0,"{""matches"":0,""wins"":0,""losses"":0,""draws"":0,""winPercentage"":0,""eventsEntered"":0,""titles"":0,""finals"":0,""prizeMoney"":0,""points"":0}",,,,,,,,,,,,,,58,,false,false,false,,71,20,14,0,0,0,0,0,7,4,3,0,0,6,0,estimated from season exits versus eligible schedule | 6 eligible events not entered,Amateur,normal,,,false,false,false,false,0,0,0,,0,false,,senior,amateur,,,true,true,
2050/51,wp-lewis-keane,Lewis Keane,45,CHN,Veteran,Amateur,false,false,false,,0,0,,Amateur,,,,,,,,,,,,,57,60,57,52,51,63,35,12,28,0,0,0,,0,,,,,,,0,0,0,0,0,0,0,0,0,"{""matches"":0,""wins"":0,""losses"":0,""draws"":0,""winPercentage"":0,""eventsEntered"":0,""titles"":0,""finals"":0,""prizeMoney"":0,""points"":0}",,,,,,,,,,,,,,70,,false,false,false,,71,20,14,0,0,0,0,0,7,4,3,0,0,6,0,estimated from season exits versus eligible schedule | 6 eligible events not entered,Amateur,normal,,,false,false,false,false,0,0,0,,0,false,,amateur,amateur,,,true,true,
2050/51,wp-lewis-mercer,Lewis Mercer,47,CHN,Veteran,Amateur,false,false,false,,0,0,,Amateur,,,,,,,,,,,,,57,60,56,52,50,62,33,15,28,0,0,0,,0,,,,,,,0,0,0,0,0,0,0,0,0,"{""matches"":0,""wins"":0,""losses"":0,""draws"":0,""winPercentage"":0,""eventsEntered"":0,""titles"":0,""finals"":0,""prizeMoney"":0,""points"":0}",,,,,,,,,,,,,,71,,false,false,false,,71,20,14,0,0,0,0,0,7,4,3,0,0,6,0,estimated from season exits versus eligible schedule | 6 eligible events not entered,Amateur,normal,,,false,false,false,false,0,0,0,,0,false,,amateur,amateur,,,true,true,
2050/51,wp-lewis-nash,Lewis Nash,45,CHN,Veteran,Amateur,false,false,false,,0,0,,Amateur,,,,,,,,,,,,,57,60,57,52,51,63,35,12,28,0,0,0,,0,,,,,,,0,0,0,0,0,0,0,0,0,"{""matches"":0,""wins"":0,""losses"":0,""draws"":0,""winPercentage"":0,""eventsEntered"":0,""titles"":0,""finals"":0,""prizeMoney"":0,""points"":0}",,,,,,,,,,,,,,72,,false,false,false,,71,20,14,0,0,0,0,0,7,4,3,0,0,6,0,estimated from season exits versus eligible schedule | 6 eligible events not entered,Amateur,normal,,,false,false,false,false,0,0,0,,0,false,,amateur,amateur,,,true,true,
2050/51,wp-lewis-sloan,Lewis Sloan,42,CHN,Veteran,Amateur,false,false,false,,0,0,,Amateur,,,,,,,,,,,,,57,60,57,53,52,64,38,7,28,0,0,0,,0,,,,,,,0,0,0,0,0,0,0,0,0,"{""matches"":0,""wins"":0,""losses"":0,""draws"":0,""winPercentage"":0,""eventsEntered"":0,""titles"":0,""finals"":0,""prizeMoney"":0,""points"":0}",,,,,,,,,,,,,,73,,false,false,false,,71,18,14,0,0,0,0,0,7,4,3,0,0,4,0,estimated from season exits versus eligible schedule | 4 eligible events not entered,Amateur,normal,,,false,false,false,false,0,0,0,,0,false,,amateur,amateur,,,true,true,
2050/51,wp-lewis-zhou,Lewis Zhou,55,CHN,Veteran,Amateur,false,false,false,,0,0,,Amateur,,,,,,,,,,,,,60,64,58,55,49,60,25,28,33,0,0,0,,0,,,,,,,0,0,0,0,0,0,0,0,0,"{""matches"":0,""wins"":0,""losses"":0,""draws"":0,""winPercentage"":0,""eventsEntered"":0,""titles"":0,""finals"":0,""prizeMoney"":0,""points"":0}",,,,,,,,,,,,,,42,,false,false,false,,71,20,14,0,0,0,0,0,7,4,3,0,0,6,0,estimated from season exits versus eligible schedule | 6 eligible events not entered,Amateur,normal,,,false,false,false,false,0,0,0,,0,false,,senior,amateur,,,true,true,
2050/51,wp-liam-crane,Liam Crane,56,CHN,Veteran,Senior Tour / Legend Circuit,false,false,false,,0,0,,Amateur,,,,,,,,,,12,,,64,70,62,60,53,64,24,30,39,0,0,0,,0,,,,,,,0,13,0,0,0,0,0,0,0,"{""matches"":0,""wins"":0,""losses"":0,""draws"":0,""winPercentage"":0,""eventsEntered"":0,""titles"":0,""finals"":0,""prizeMoney"":0,""points"":0}",,,,,,,,,,,,,,13,,false,false,false,,71,6,6,0,0,0,0,0,0,0,0,0,6,0,0,,Senior/Legend,normal,,,false,false,false,false,0,0,0,,0,false,,senior,senior,,,true,true,
2050/51,wp-liam-dawes,Liam Dawes,50,CHN,Veteran,Amateur,false,false,false,,0,0,,Amateur,,,,,,,,,,,,,56,59,55,51,47,59,30,20,27,0,0,0,,0,,,,,,,0,0,0,0,0,0,0,0,0,"{""matches"":0,""wins"":0,""losses"":0,""draws"":0,""winPercentage"":0,""eventsEntered"":0,""titles"":0,""finals"":0,""prizeMoney"":0,""points"":0}",,,,,,,,,,,,,,76,,false,false,false,,71,20,14,0,0,0,0,0,7,4,3,0,0,6,0,estimated from season exits versus eligible schedule | 6 eligible events not entered,Amateur,normal,,,false,false,false,false,0,0,0,,0,false,,amateur,amateur,,,true,true,
2050/51,wp-liam-holt,Liam Holt,53,CHN,Veteran,Amateur,false,false,false,,0,0,,Amateur,,,,,,,,,,,,,60,64,58,55,50,61,27,25,33,0,0,0,,0,,,,,,,0,0,0,0,0,0,0,0,0,"{""matches"":0,""wins"":0,""losses"":0,""draws"":0,""winPercentage"":0,""eventsEntered"":0,""titles"":0,""finals"":0,""prizeMoney"":0,""points"":0}",,,,,,,,,,,,,,45,,false,false,false,,71,20,14,0,0,0,0,0,7,4,3,0,0,6,0,estimated from season exits versus eligible schedule | 6 eligible events not entered,Amateur,normal,,,false,false,false,false,0,0,0,,0,false,,senior,amateur,,,true,true,
2050/51,wp-liam-keane,Liam Keane,52,CHN,Veteran,Amateur,false,false,false,,0,0,,Amateur,,,,,,,,,,,,,56,59,54,50,46,58,28,23,27,0,0,0,,0,,,,,,,0,0,0,0,0,0,0,0,0,"{""matches"":0,""wins"":0,""losses"":0,""draws"":0,""winPercentage"":0,""eventsEntered"":0,""titles"":0,""finals"":0,""prizeMoney"":0,""points"":0}",,,,,,,,,,,,,,78,,false,false,false,,71,20,14,0,0,0,0,0,7,4,3,0,0,6,0,estimated from season exits versus eligible schedule | 6 eligible events not entered,Amateur,normal,,,false,false,false,false,0,0,0,,0,false,,amateur,amateur,,,true,true,
2050/51,wp-liam-mercer,Liam Mercer,56,CHN,Veteran,Senior Tour / Legend Circuit,false,false,false,,0,0,,Amateur,,,,,,,,,,23,,,56,59,54,50,45,56,24,30,27,0,0,0,,0,,,,,,,0,2,0,0,0,0,0,0,0,"{""matches"":0,""wins"":0,""losses"":0,""draws"":0,""winPercentage"":0,""eventsEntered"":0,""titles"":0,""finals"":0,""prizeMoney"":0,""points"":0}",,,,,,,,,,,,,,77,,false,false,false,,71,6,6,0,0,0,0,0,0,0,0,0,6,0,0,,Senior/Legend,normal,,,false,false,false,false,0,0,0,,0,false,,amateur,senior,,,true,true,
2050/51,wp-liam-nash,Liam Nash,52,CHN,Veteran,Amateur,false,false,false,,0,0,,Amateur,,,,,,,,,,,,,56,58,54,50,46,58,28,23,27,0,0,0,,0,,,,,,,0,0,0,0,0,0,0,0,0,"{""matches"":0,""wins"":0,""losses"":0,""draws"":0,""winPercentage"":0,""eventsEntered"":0,""titles"":0,""finals"":0,""prizeMoney"":0,""points"":0}",,,,,,,,,,,,,,79,,false,false,false,,71,20,14,0,0,0,0,0,7,4,3,0,0,6,0,estimated from season exits versus eligible schedule | 6 eligible events not entered,Amateur,normal,,,false,false,false,false,0,0,0,,0,false,,amateur,amateur,,,true,true,
2050/51,wp-liam-sloan,Liam Sloan,50,CHN,Veteran,Amateur,false,false,false,,0,0,,Amateur,,,,,,,,,,,,,58,61,57,53,49,61,30,20,30,0,0,0,,0,,,,,,,0,0,0,0,0,0,0,0,0,"{""matches"":0,""wins"":0,""losses"":0,""draws"":0,""winPercentage"":0,""eventsEntered"":0,""titles"":0,""finals"":0,""prizeMoney"":0,""points"":0}",,,,,,,,,,,,,,61,,false,false,false,,71,20,14,0,0,0,0,0,7,4,3,0,0,6,0,estimated from season exits versus eligible schedule | 6 eligible events not entered,Amateur,normal,,,false,false,false,false,0,0,0,,0,false,,senior,amateur,,,true,true,
2050/51,wp-liam-zhou,Liam Zhou,51,CHN,Veteran,Amateur,false,false,false,,0,0,,Amateur,,,,,,,,,,,,,62,67,61,58,53,64,29,22,36,0,0,0,,0,,,,,,,0,0,0,0,0,0,0,0,0,"{""matches"":0,""wins"":0,""losses"":0,""draws"":0,""winPercentage"":0,""eventsEntered"":0,""titles"":0,""finals"":0,""prizeMoney"":0,""points"":0}",,,,,,,,,,,,,,29,,false,false,false,,71,20,14,0,0,0,0,0,7,4,3,0,0,6,0,estimated from season exits versus eligible schedule | 6 eligible events not entered,Amateur,normal,,,false,false,false,false,0,0,0,,0,false,,senior,amateur,,,true,true,
2050/51,wp-luca-mercer,Luca Mercer,38,THA,Amateur,Amateur,false,false,false,,0,0,,Amateur,,,,,,,,,,,,,56,58,57,52,53,65,42,1,26,0,0,0,,0,,,,,,,0,14,0,0,0,0,0,0,0,"{""matches"":0,""wins"":0,""losses"":0,""draws"":0,""winPercentage"":0,""eventsEntered"":0,""titles"":0,""finals"":0,""prizeMoney"":0,""points"":0}",,,,,,,,,,,,,,82,,false,false,false,,71,18,14,0,0,0,0,0,7,4,3,0,0,4,0,estimated from season exits versus eligible schedule | 4 eligible events not entered,Amateur,normal,,,false,false,false,false,0,0,0,,0,false,,amateur,amateur,,,true,true,
2050/51,wp-luca-mercer-a,Luca Mercer A,36,ENG,Amateur,Amateur,false,false,false,,0,0,,Amateur,,,,,,,,,,,,,55,57,57,50,53,64,42,0,25,0,0,0,,0,,,,,,,0,0,0,0,0,0,0,0,0,"{""matches"":0,""wins"":0,""losses"":0,""draws"":0,""winPercentage"":0,""eventsEntered"":0,""titles"":0,""finals"":0,""prizeMoney"":0,""points"":0}",,,,,,,,,,,,,,87,,false,false,false,,71,18,14,0,0,0,0,0,7,4,3,0,0,4,0,estimated from season exits versus eligible schedule | 4 eligible events not entered,Amateur,normal,,,false,false,false,false,0,0,0,,0,false,,amateur,amateur,,,true,true,
2050/51,wp-luca-mercer-b,Luca Mercer B,36,ENG,Amateur,Amateur,false,false,false,,0,0,,Amateur,,,,,,,56,,,,,,71,73,73,70,69,87,71,0,29,0,0,0,,0,,,,,,,0,16,3,2,1,66.66666666666666,2,0,0,"{""matches"":3,""wins"":2,""losses"":1,""draws"":0,""winPercentage"":66.66666666666666,""eventsEntered"":0,""titles"":2,""finals"":0,""prizeMoney"":0,""points"":0}",,,,,,,,,,,,,,90,,false,false,false,,71,18,14,0,0,0,0,0,7,4,3,0,0,4,0,estimated from season exits versus eligible schedule | 4 eligible events not entered,Amateur,normal,,,false,false,false,false,0,0,0,,0,false,,amateur,amateur,,,true,true,
2050/51,wp-luca-mercer-c,Luca Mercer C,36,ENG,Amateur,Amateur,false,false,false,,0,0,,Amateur,,,,,,,61,,,,,,77,79,79,77,75,95,83,0,27,0,0,0,,0,,,,,,,0,9,1,1,0,100,1,0,0,"{""matches"":1,""wins"":1,""losses"":0,""draws"":0,""winPercentage"":100,""eventsEntered"":0,""titles"":1,""finals"":0,""prizeMoney"":0,""points"":0}",,,,,,,,,,,,,,91,,false,false,false,,71,18,14,0,0,0,0,0,7,4,3,0,0,4,0,estimated from season exits versus eligible schedule | 4 eligible events not entered,Amateur,normal,,,false,false,false,false,0,0,0,,0,false,,amateur,amateur,,,true,true,
2050/51,wp-luca-mercer-d,Luca Mercer D,34,SCO,Amateur,Q Tour,false,false,false,,0,0,,Amateur,,,,,,,26,30,,,,,54,56,56,49,53,63,42,0,24,0,0,0,,0,,,,,,,0,23,0,0,0,0,0,0,0,"{""matches"":0,""wins"":0,""losses"":0,""draws"":0,""winPercentage"":0,""eventsEntered"":0,""titles"":0,""finals"":0,""prizeMoney"":0,""points"":0}",,,,,,,,,,,,,,92,,false,false,false,,71,18,7,0,0,0,0,0,3,4,0,0,0,11,4,estimated from season exits versus eligible schedule | 11 eligible events not entered,Q Tour,normal,,,false,false,false,false,0,0,0,,0,false,,amateur,qTour,,,true,true,
2050/51,wp-luca-mercer-f,Luca Mercer F,31,SCO,Amateur,Amateur,false,false,false,,0,0,,Amateur,92,92,,92,,,50,,,,92,,54,56,56,49,54,63,42,0,25,0,0,0,,0,,,,,,,0,0,0,0,0,0,0,0,0,"{""matches"":0,""wins"":0,""losses"":0,""draws"":0,""winPercentage"":0,""eventsEntered"":0,""titles"":0,""finals"":0,""prizeMoney"":0,""points"":0}",,,,,,,,,,,,,,91,,false,false,false,,71,18,14,0,0,0,0,0,7,4,3,0,0,4,0,estimated from season exits versus eligible schedule | 4 eligible events not entered,Amateur,normal,,,false,false,false,false,0,0,0,,0,false,,amateur,amateur,,,true,true,
2050/51,wp-luca-mercer-g,Luca Mercer G,31,SCO,Amateur,Amateur,false,false,false,,0,0,,Amateur,93,93,,93,,,51,,,,93,,54,56,56,49,54,63,42,0,24,0,0,0,,0,,,,,,,0,0,0,0,0,0,0,0,0,"{""matches"":0,""wins"":0,""losses"":0,""draws"":0,""winPercentage"":0,""eventsEntered"":0,""titles"":0,""finals"":0,""prizeMoney"":0,""points"":0}",,,,,,,,,,,,,,92,,false,false,false,,71,18,14,0,0,0,0,0,7,4,3,0,0,4,0,estimated from season exits versus eligible schedule | 4 eligible events not entered,Amateur,normal,,,false,false,false,false,0,0,0,,0,false,,amateur,amateur,,,true,true,
2050/51,wp-luca-mercer-i,Luca Mercer I,28,SCO,Amateur,Q School,false,false,false,,0,0,,Amateur,,,,,,,8,12,1,,,,54,56,56,49,54,63,42,0,24,0,0,0,,0,,,,,,,0,35,0,0,0,0,0,0,0,"{""matches"":0,""wins"":0,""losses"":0,""draws"":0,""winPercentage"":0,""eventsEntered"":0,""titles"":0,""finals"":0,""prizeMoney"":0,""points"":0}",,,,,,,,,,,,,,93,,false,false,false,,71,18,3,0,0,0,0,0,0,3,0,0,0,15,8,estimated from season exits versus eligible schedule | 15 eligible events not entered,Q School,normal,,,false,false,false,false,0,0,0,,0,false,,qSchool,qSchool,,,true,true,
2050/51,wp-luca-mercer-j,Luca Mercer J,28,SCO,Amateur,Q School,false,false,false,,0,0,,Amateur,,,,,,,10,13,2,,,,54,56,56,49,54,63,42,0,24,0,0,0,,0,,,,,,,0,33,0,0,0,0,0,0,0,"{""matches"":0,""wins"":0,""losses"":0,""draws"":0,""winPercentage"":0,""eventsEntered"":0,""titles"":0,""finals"":0,""prizeMoney"":0,""points"":0}",,,,,,,,,,,,,,94,,false,false,false,,71,18,3,0,0,0,0,0,0,3,0,0,0,15,8,estimated from season exits versus eligible schedule | 15 eligible events not entered,Q School,normal,,,false,false,false,false,0,0,0,,0,false,,qSchool,qSchool,,,true,true,
2050/51,wp-luca-mercer-l,Luca Mercer L,24,THA,Amateur,Q School,false,false,false,,0,0,,Amateur,94,94,,94,,,28,26,26,,94,,54,59,56,49,54,63,42,0,24,0,0,0,,0,,,,,,,0,0,0,0,0,0,0,0,0,"{""matches"":0,""wins"":0,""losses"":0,""draws"":0,""winPercentage"":0,""eventsEntered"":0,""titles"":0,""finals"":0,""prizeMoney"":0,""points"":0}",,,,,,,,,,,,,,93,,false,false,false,,71,18,3,0,0,0,0,0,0,3,0,0,0,15,8,estimated from season exits versus eligible schedule | 15 eligible events not entered,Q School,normal,,,false,false,false,false,0,0,0,,0,false,,qTour,qSchool,,,true,true,
2050/51,wp-luca-mercer-m,Luca Mercer M,24,THA,Amateur,Q School,false,false,false,,0,0,,Amateur,95,95,,95,,,29,28,27,,95,,54,59,56,49,54,63,42,0,24,0,0,0,,0,,,,,,,0,0,0,0,0,0,0,0,0,"{""matches"":0,""wins"":0,""losses"":0,""draws"":0,""winPercentage"":0,""eventsEntered"":0,""titles"":0,""finals"":0,""prizeMoney"":0,""points"":0}",,,,,,,,,,,,,,94,,false,false,false,,71,18,3,0,0,0,0,0,0,3,0,0,0,15,8,estimated from season exits versus eligible schedule | 15 eligible events not entered,Q School,normal,,,false,false,false,false,0,0,0,,0,false,,qTour,qSchool,,,true,true,
2050/51,wp-luca-mercer-o,Luca Mercer O,19,ENG,Amateur,Q School,false,false,false,,0,0,,Amateur,96,96,,96,,,9,8,11,,96,,54,62,56,49,54,63,42,0,24,0,0,0,,0,,,,,,,0,0,0,0,0,0,0,0,0,"{""matches"":0,""wins"":0,""losses"":0,""draws"":0,""winPercentage"":0,""eventsEntered"":0,""titles"":0,""finals"":0,""prizeMoney"":0,""points"":0}",,,,,,,,,,,,,,96,,false,false,false,,71,18,3,0,0,0,0,0,0,3,0,0,0,15,8,estimated from season exits versus eligible schedule | 15 eligible events not entered,Q School,normal,,,false,false,false,false,0,0,0,,0,false,,qSchool,qSchool,,,true,true,
2050/51,wp-luca-mercer-r,Luca Mercer R,16,ENG,Youth,Amateur,false,false,false,,0,0,,Amateur,,,,,,,,,,,,,50,58,52,44,50,59,42,0,18,0,0,0,,0,,,,,,,0,14,0,0,0,0,0,0,0,"{""matches"":0,""wins"":0,""losses"":0,""draws"":0,""winPercentage"":0,""eventsEntered"":0,""titles"":0,""finals"":0,""prizeMoney"":0,""points"":0}",,,,,,,,,,,,,,,,false,false,false,,71,37,14,0,0,0,0,0,7,4,0,3,0,23,0,estimated from season exits versus eligible schedule | 23 eligible events not entered,Youth,normal,,,false,false,false,false,0,0,0,,0,false,,youth,youth,,,true,true,
2050/51,wp-luca-mercer-s,Luca Mercer S,16,ENG,Youth,Amateur,false,false,false,,0,0,,Amateur,,,,,,,,,,,,,50,58,52,44,50,59,42,0,18,0,0,0,,0,,,,,,,0,4,0,0,0,0,0,0,0,"{""matches"":0,""wins"":0,""losses"":0,""draws"":0,""winPercentage"":0,""eventsEntered"":0,""titles"":0,""finals"":0,""prizeMoney"":0,""points"":0}",,,,,,,,,,,,,,,,false,false,false,,71,37,14,0,0,0,0,0,7,4,0,3,0,23,0,estimated from season exits versus eligible schedule | 23 eligible events not entered,Youth,normal,,,false,false,false,false,0,0,0,,0,false,,youth,youth,,,true,true,
2050/51,wp-luca-mercer-t,Luca Mercer T,16,ENG,Youth,Amateur,false,false,false,,0,0,,Amateur,,,,,,,,,,,,,50,58,52,44,50,59,42,0,18,,,,,,,,,,,,,,0,0,0,0,0,0,0,"{""matches"":0,""wins"":0,""losses"":0,""draws"":0,""winPercentage"":0,""eventsEntered"":0,""titles"":0,""finals"":0,""prizeMoney"":0,""points"":0}",,,,,,,,,,,,,,,,,false,false,,71,37,14,0,0,0,0,0,7,4,0,3,0,23,0,estimated from season exits versus eligible schedule | 23 eligible events not entered,Youth,normal,,,false,false,false,false,0,0,0,,0,false,,youth,youth,,,true,true,
2050/51,wp-luca-wren,Luca Wren,55,SCO,Veteran,Senior Tour / Legend Circuit,false,false,false,,0,0,,Amateur,,,,,,,,,,10,,,65,71,63,61,54,65,25,28,40,0,0,0,,0,,,,,,,0,15,0,0,0,0,0,0,0,"{""matches"":0,""wins"":0,""losses"":0,""draws"":0,""winPercentage"":0,""eventsEntered"":0,""titles"":0,""finals"":0,""prizeMoney"":0,""points"":0}",,,,,,,,,,,,,,4,,false,false,false,,71,6,6,0,0,0,0,0,0,0,0,0,6,0,0,,Senior/Legend,normal,,,false,false,false,false,0,0,0,,0,false,,senior,senior,,,true,true,
2050/51,wp-marcus-crane,Marcus Crane,58,WAL,Veteran,Senior Tour / Legend Circuit,false,false,false,,0,0,,Amateur,,,,,,,,,,8,,,86,92,83,86,74,95,63,29,41,0,0,0,,0,,,,,,,0,17,1,1,0,100,1,0,0,"{""matches"":1,""wins"":1,""losses"":0,""draws"":0,""winPercentage"":100,""eventsEntered"":0,""titles"":1,""finals"":0,""prizeMoney"":0,""points"":0}",,,,,,,,,,,,,,14,,false,false,false,,71,6,6,0,0,0,0,0,0,0,0,0,6,0,0,,Senior/Legend,normal,,,false,false,false,false,0,0,0,,0,false,,senior,senior,,,true,true,
2050/51,wp-marcus-dawes,Marcus Dawes,52,WAL,Veteran,Amateur,false,false,false,,0,0,,Amateur,,,,,,,,,,,,,55,57,53,49,45,57,28,23,26,0,0,0,,0,,,,,,,0,0,0,0,0,0,0,0,0,"{""matches"":0,""wins"":0,""losses"":0,""draws"":0,""winPercentage"":0,""eventsEntered"":0,""titles"":0,""finals"":0,""prizeMoney"":0,""points"":0}",,,,,,,,,,,,,,85,,false,false,false,,71,20,14,0,0,0,0,0,7,4,3,0,0,6,0,estimated from season exits versus eligible schedule | 6 eligible events not entered,Amateur,normal,,,false,false,false,false,0,0,0,,0,false,,amateur,amateur,,,true,true,
2050/51,wp-marcus-holt,Marcus Holt,51,WAL,Veteran,Amateur,false,false,false,,0,0,,Amateur,,,,,,,,,,,,,60,64,59,55,51,62,29,22,33,0,0,0,,0,,,,,,,0,0,0,0,0,0,0,0,0,"{""matches"":0,""wins"":0,""losses"":0,""draws"":0,""winPercentage"":0,""eventsEntered"":0,""titles"":0,""finals"":0,""prizeMoney"":0,""points"":0}",,,,,,,,,,,,,,46,,false,false,false,,71,20,14,0,0,0,0,0,7,4,3,0,0,6,0,estimated from season exits versus eligible schedule | 6 eligible events not entered,Amateur,normal,,,false,false,false,false,0,0,0,,0,false,,senior,amateur,,,true,true,
2050/51,wp-marcus-keane,Marcus Keane,73,WAL,Veteran,Senior Tour / Legend Circuit,false,false,false,,0,0,,Amateur,,,,,,,,,,4,,,55,57,49,47,35,47,10,56,25,0,0,0,,0,,,,,,,0,21,0,0,0,0,0,0,0,"{""matches"":0,""wins"":0,""losses"":0,""draws"":0,""winPercentage"":0,""eventsEntered"":0,""titles"":0,""finals"":0,""prizeMoney"":0,""points"":0}",,,,,,,,,,,,,,88,,false,false,false,,71,6,6,0,0,0,0,0,0,0,0,0,6,0,0,,Senior/Legend,normal,,,false,false,false,false,0,0,0,,0,false,,amateur,senior,,,true,true,
2050/51,wp-marcus-mercer,Marcus Mercer,42,WAL,Veteran,Amateur,false,false,false,,0,0,,Amateur,,,,,,,,,,,,,56,59,56,51,51,63,38,7,27,0,0,0,,0,,,,,,,0,0,0,0,0,0,0,0,0,"{""matches"":0,""wins"":0,""losses"":0,""draws"":0,""winPercentage"":0,""eventsEntered"":0,""titles"":0,""finals"":0,""prizeMoney"":0,""points"":0}",,,,,,,,,,,,,,78,,false,false,false,,71,18,14,0,0,0,0,0,7,4,3,0,0,4,0,estimated from season exits versus eligible schedule | 4 eligible events not entered,Amateur,normal,,,false,false,false,false,0,0,0,,0,false,,amateur,amateur,,,true,true,
2050/51,wp-marcus-nash,Marcus Nash,50,WAL,Veteran,Amateur,false,false,false,,0,0,,Amateur,,,,,,,,,,,,,55,57,54,49,46,58,30,20,25,0,0,0,,0,,,,,,,0,0,0,0,0,0,0,0,0,"{""matches"":0,""wins"":0,""losses"":0,""draws"":0,""winPercentage"":0,""eventsEntered"":0,""titles"":0,""finals"":0,""prizeMoney"":0,""points"":0}",,,,,,,,,,,,,,88,,false,false,false,,71,20,14,0,0,0,0,0,7,4,3,0,0,6,0,estimated from season exits versus eligible schedule | 6 eligible events not entered,Amateur,normal,,,false,false,false,false,0,0,0,,0,false,,amateur,amateur,,,true,true,
2050/51,wp-marcus-sloan,Marcus Sloan,52,WAL,Veteran,Amateur,false,false,false,,0,0,,Amateur,,,,,,,,,,,,,58,61,56,53,48,60,28,23,30,0,0,0,,0,,,,,,,0,0,0,0,0,0,0,0,0,"{""matches"":0,""wins"":0,""losses"":0,""draws"":0,""winPercentage"":0,""eventsEntered"":0,""titles"":0,""finals"":0,""prizeMoney"":0,""points"":0}",,,,,,,,,,,,,,62,,false,false,false,,71,20,14,0,0,0,0,0,7,4,3,0,0,6,0,estimated from season exits versus eligible schedule | 6 eligible events not entered,Amateur,normal,,,false,false,false,false,0,0,0,,0,false,,senior,amateur,,,true,true,
2050/51,wp-marcus-zhou,Marcus Zhou,49,WAL,Veteran,Amateur,false,false,false,,0,0,,Amateur,,,,,,,,,,,,,62,67,61,58,54,65,31,19,36,0,0,0,,0,,,,,,,0,0,0,0,0,0,0,0,0,"{""matches"":0,""wins"":0,""losses"":0,""draws"":0,""winPercentage"":0,""eventsEntered"":0,""titles"":0,""finals"":0,""prizeMoney"":0,""points"":0}",,,,,,,,,,,,,,30,,false,false,false,,71,20,14,0,0,0,0,0,7,4,3,0,0,6,0,estimated from season exits versus eligible schedule | 6 eligible events not entered,Amateur,normal,,,false,false,false,false,0,0,0,,0,false,,senior,amateur,,,true,true,
2050/51,wp-mason-crane,Mason Crane,75,IRL,Veteran,Senior Tour / Legend Circuit,false,false,false,,0,0,,Amateur,,,,,,,,,,1,,,63,69,57,57,43,55,10,59,38,0,0,0,,0,,,,,,,0,24,0,0,0,0,0,0,0,"{""matches"":0,""wins"":0,""losses"":0,""draws"":0,""winPercentage"":0,""eventsEntered"":0,""titles"":0,""finals"":0,""prizeMoney"":0,""points"":0}",,,,,,,,,,,,,,17,,false,false,false,,71,6,6,0,0,0,0,0,0,0,0,0,6,0,0,,Senior/Legend,normal,,,false,false,false,false,0,0,0,,0,false,,senior,senior,,,true,true,
2050/51,wp-mason-holt,Mason Holt,48,IRL,Veteran,Amateur,false,false,false,,0,0,,Amateur,,,,,,,,,,,,,59,63,58,55,51,63,32,17,32,0,0,0,,0,,,,,,,0,0,1,0,1,0,0,0,0,"{""matches"":1,""wins"":0,""losses"":1,""draws"":0,""winPercentage"":0,""eventsEntered"":0,""titles"":0,""finals"":0,""prizeMoney"":0,""points"":0}",,,,,,,,,,,,,,49,,false,false,false,,71,20,14,0,0,0,0,0,7,4,3,0,0,6,0,estimated from season exits versus eligible schedule | 6 eligible events not entered,Amateur,normal,,,false,false,false,false,0,0,0,,0,false,,senior,amateur,,,true,true,
2050/51,wp-mason-keane,Mason Keane,43,IRL,Veteran,Amateur,false,false,false,,0,0,,Amateur,,,,,,,,,,,,,54,56,54,49,49,61,37,9,24,0,0,0,,0,,,,,,,0,0,0,0,0,0,0,0,0,"{""matches"":0,""wins"":0,""losses"":0,""draws"":0,""winPercentage"":0,""eventsEntered"":0,""titles"":0,""finals"":0,""prizeMoney"":0,""points"":0}",,,,,,,,,,,,,,92,,false,false,false,,71,18,14,0,0,0,0,0,7,4,3,0,0,4,0,estimated from season exits versus eligible schedule | 4 eligible events not entered,Amateur,normal,,,false,false,false,false,0,0,0,,0,false,,amateur,amateur,,,true,true,
2050/51,wp-mason-mercer,Mason Mercer,45,IRL,Veteran,Amateur,false,false,false,,0,0,,Amateur,,,,,,,,,,,,,56,58,56,51,50,62,35,12,26,0,0,0,,0,,,,,,,0,0,0,0,0,0,0,0,0,"{""matches"":0,""wins"":0,""losses"":0,""draws"":0,""winPercentage"":0,""eventsEntered"":0,""titles"":0,""finals"":0,""prizeMoney"":0,""points"":0}",,,,,,,,,,,,,,81,,false,false,false,,71,20,14,0,0,0,0,0,7,4,3,0,0,6,0,estimated from season exits versus eligible schedule | 6 eligible events not entered,Amateur,normal,,,false,false,false,false,0,0,0,,0,false,,amateur,amateur,,,true,true,
2050/51,wp-mason-nash,Mason Nash,45,IRL,Veteran,Amateur,false,false,false,,0,0,,Amateur,,,,,,,,,,,,,54,56,54,49,48,60,35,12,24,0,0,0,,0,,,,,,,0,0,0,0,0,0,0,0,0,"{""matches"":0,""wins"":0,""losses"":0,""draws"":0,""winPercentage"":0,""eventsEntered"":0,""titles"":0,""finals"":0,""prizeMoney"":0,""points"":0}",,,,,,,,,,,,,,94,,false,false,false,,71,20,14,0,0,0,0,0,7,4,3,0,0,6,0,estimated from season exits versus eligible schedule | 6 eligible events not entered,Amateur,normal,,,false,false,false,false,0,0,0,,0,false,,amateur,amateur,,,true,true,
2050/51,wp-mason-sloan,Mason Sloan,46,IRL,Veteran,Amateur,false,false,false,,0,0,,Amateur,,,,,,,,,,,,,58,61,58,53,51,63,34,14,29,0,0,0,,0,,,,,,,0,0,0,0,0,0,0,0,0,"{""matches"":0,""wins"":0,""losses"":0,""draws"":0,""winPercentage"":0,""eventsEntered"":0,""titles"":0,""finals"":0,""prizeMoney"":0,""points"":0}",,,,,,,,,,,,,,65,,false,false,false,,71,20,14,0,0,0,0,0,7,4,3,0,0,6,0,estimated from season exits versus eligible schedule | 6 eligible events not entered,Amateur,normal,,,false,false,false,false,0,0,0,,0,false,,amateur,amateur,,,true,true,
2050/51,wp-mason-zhou,Mason Zhou,50,IRL,Veteran,Amateur,false,false,false,,0,0,,Amateur,,,,,,,,,,,,,61,66,60,57,52,64,30,20,35,0,0,0,,0,,,,,,,0,0,0,0,0,0,0,0,0,"{""matches"":0,""wins"":0,""losses"":0,""draws"":0,""winPercentage"":0,""eventsEntered"":0,""titles"":0,""finals"":0,""prizeMoney"":0,""points"":0}",,,,,,,,,,,,,,33,,false,false,false,,71,20,14,0,0,0,0,0,7,4,3,0,0,6,0,estimated from season exits versus eligible schedule | 6 eligible events not entered,Amateur,normal,,,false,false,false,false,0,0,0,,0,false,,senior,amateur,,,true,true,
2050/51,wp-mika-keane,Mika Keane,38,WAL,Amateur,Amateur,false,false,false,,0,0,,Amateur,,,,,,,,,,,,,54,56,55,49,51,63,42,1,24,0,0,0,,0,,,,,,,0,0,0,0,0,0,0,0,0,"{""matches"":0,""wins"":0,""losses"":0,""draws"":0,""winPercentage"":0,""eventsEntered"":0,""titles"":0,""finals"":0,""prizeMoney"":0,""points"":0}",,,,,,,,,,,,,,95,,false,false,false,,71,18,14,0,0,0,0,0,7,4,3,0,0,4,0,estimated from season exits versus eligible schedule | 4 eligible events not entered,Amateur,normal,,,false,false,false,false,0,0,0,,0,false,,amateur,amateur,,,true,true,
2050/51,wp-mika-keane-a,Mika Keane A,38,WAL,Amateur,Amateur,false,false,false,,0,0,,Amateur,,,,,,,,,,,,,54,56,55,49,51,63,42,1,24,0,0,0,,0,,,,,,,0,0,1,0,1,0,0,0,0,"{""matches"":1,""wins"":0,""losses"":1,""draws"":0,""winPercentage"":0,""eventsEntered"":0,""titles"":0,""finals"":0,""prizeMoney"":0,""points"":0}",,,,,,,,,,,,,,96,,false,false,false,,71,18,14,0,0,0,0,0,7,4,3,0,0,4,0,estimated from season exits versus eligible schedule | 4 eligible events not entered,Amateur,normal,,,false,false,false,false,0,0,0,,0,false,,amateur,amateur,,,true,true,
2050/51,wp-mika-keane-b,Mika Keane B,36,IRL,Amateur,Amateur,false,false,false,,0,0,,Amateur,,,,,,,,,,,,,54,56,56,49,52,63,42,0,24,0,0,0,,0,,,,,,,0,0,0,0,0,0,0,0,0,"{""matches"":0,""wins"":0,""losses"":0,""draws"":0,""winPercentage"":0,""eventsEntered"":0,""titles"":0,""finals"":0,""prizeMoney"":0,""points"":0}",,,,,,,,,,,,,,97,,false,false,false,,71,18,14,0,0,0,0,0,7,4,3,0,0,4,0,estimated from season exits versus eligible schedule | 4 eligible events not entered,Amateur,normal,,,false,false,false,false,0,0,0,,0,false,,amateur,amateur,,,true,true,
2050/51,wp-mika-keane-c,Mika Keane C,36,IRL,Amateur,Amateur,false,false,false,,0,0,,Amateur,,,,,,,64,,,,,,65,66,67,63,63,79,63,0,25,0,0,0,,0,,,,,,,0,4,2,1,1,50,1,0,0,"{""matches"":2,""wins"":1,""losses"":1,""draws"":0,""winPercentage"":50,""eventsEntered"":0,""titles"":1,""finals"":0,""prizeMoney"":0,""points"":0}",,,,,,,,,,,,,,103,,false,false,false,,71,18,14,0,0,0,0,0,7,4,3,0,0,4,0,estimated from season exits versus eligible schedule | 4 eligible events not entered,Amateur,normal,,,false,false,false,false,0,0,0,,0,false,,amateur,amateur,,,true,true,
2050/51,wp-mika-keane-f,Mika Keane F,32,CHN,Amateur,Q School,false,false,false,,0,0,,Amateur,,,,,,,19,24,23,,,,53,54,55,48,52,62,42,0,23,0,0,0,,0,,,,,,,0,25,0,0,0,0,0,0,0,"{""matches"":0,""wins"":0,""losses"":0,""draws"":0,""winPercentage"":0,""eventsEntered"":0,""titles"":0,""finals"":0,""prizeMoney"":0,""points"":0}",,,,,,,,,,,,,,100,,false,false,false,,71,18,3,0,0,0,0,0,0,3,0,0,0,15,8,estimated from season exits versus eligible schedule | 15 eligible events not entered,Q School,normal,,,false,false,false,false,0,0,0,,0,false,,qSchool,qSchool,,,true,true,
2050/51,wp-mika-keane-g,Mika Keane G,29,CHN,Amateur,Q School,false,false,false,,0,0,,Amateur,,,,,,,15,15,15,,,,53,54,55,48,53,62,42,0,23,0,0,0,,0,,,,,,,0,28,0,0,0,0,0,0,0,"{""matches"":0,""wins"":0,""losses"":0,""draws"":0,""winPercentage"":0,""eventsEntered"":0,""titles"":0,""finals"":0,""prizeMoney"":0,""points"":0}",,,,,,,,,,,,,,101,,false,false,false,,71,18,3,0,0,0,0,0,0,3,0,0,0,15,8,estimated from season exits versus eligible schedule | 15 eligible events not entered,Q School,normal,,,false,false,false,false,0,0,0,,0,false,,qSchool,qSchool,,,true,true,
2050/51,wp-mika-keane-i,Mika Keane I,29,CHN,Amateur,Q School,false,false,false,,0,0,,Amateur,,,,,,,17,18,18,,,,53,54,55,48,53,62,42,0,23,0,0,0,,0,,,,,,,0,27,0,0,0,0,0,0,0,"{""matches"":0,""wins"":0,""losses"":0,""draws"":0,""winPercentage"":0,""eventsEntered"":0,""titles"":0,""finals"":0,""prizeMoney"":0,""points"":0}",,,,,,,,,,,,,,102,,false,false,false,,71,18,3,0,0,0,0,0,0,3,0,0,0,15,8,estimated from season exits versus eligible schedule | 15 eligible events not entered,Q School,normal,,,false,false,false,false,0,0,0,,0,false,,qSchool,qSchool,,,true,true,
2050/51,wp-mika-keane-l,Mika Keane L,24,WAL,Amateur,Q School,false,false,false,,0,0,,Amateur,99,99,,99,,,30,29,28,,99,,53,57,55,48,53,62,42,0,23,0,0,0,,0,,,,,,,0,0,0,0,0,0,0,0,0,"{""matches"":0,""wins"":0,""losses"":0,""draws"":0,""winPercentage"":0,""eventsEntered"":0,""titles"":0,""finals"":0,""prizeMoney"":0,""points"":0}",,,,,,,,,,,,,,99,,false,false,false,,71,18,3,0,0,0,0,0,0,3,0,0,0,15,8,estimated from season exits versus eligible schedule | 15 eligible events not entered,Q School,normal,,,false,false,false,false,0,0,0,,0,false,,qTour,qSchool,,,true,true,
2050/51,wp-mika-keane-m,Mika Keane M,24,WAL,Amateur,Q School,false,false,false,,0,0,,Amateur,100,100,,100,,,31,31,29,,100,,53,57,55,48,53,62,42,0,23,0,0,0,,0,,,,,,,0,0,0,0,0,0,0,0,0,"{""matches"":0,""wins"":0,""losses"":0,""draws"":0,""winPercentage"":0,""eventsEntered"":0,""titles"":0,""finals"":0,""prizeMoney"":0,""points"":0}",,,,,,,,,,,,,,100,,false,false,false,,71,18,3,0,0,0,0,0,0,3,0,0,0,15,8,estimated from season exits versus eligible schedule | 15 eligible events not entered,Q School,normal,,,false,false,false,false,0,0,0,,0,false,,qTour,qSchool,,,true,true,
2050/51,wp-mika-keane-r,Mika Keane R,16,IRL,Youth,Amateur,false,false,false,,0,0,,Amateur,,,,,,,,,,,,,50,58,52,44,50,59,42,0,18,0,0,0,,0,,,,,,,0,13,0,0,0,0,0,0,0,"{""matches"":0,""wins"":0,""losses"":0,""draws"":0,""winPercentage"":0,""eventsEntered"":0,""titles"":0,""finals"":0,""prizeMoney"":0,""points"":0}",,,,,,,,,,,,,,,,false,false,false,,71,37,14,0,0,0,0,0,7,4,0,3,0,23,0,estimated from season exits versus eligible schedule | 23 eligible events not entered,Youth,normal,,,false,false,false,false,0,0,0,,0,false,,youth,youth,,,true,true,
2050/51,wp-mika-keane-s,Mika Keane S,16,IRL,Youth,Amateur,false,false,false,,0,0,,Amateur,,,,,,,,,,,,,50,58,52,44,50,59,42,0,18,0,0,0,,0,,,,,,,0,3,0,0,0,0,0,0,0,"{""matches"":0,""wins"":0,""losses"":0,""draws"":0,""winPercentage"":0,""eventsEntered"":0,""titles"":0,""finals"":0,""prizeMoney"":0,""points"":0}",,,,,,,,,,,,,,,,false,false,false,,71,37,14,0,0,0,0,0,7,4,0,3,0,23,0,estimated from season exits versus eligible schedule | 23 eligible events not entered,Youth,normal,,,false,false,false,false,0,0,0,,0,false,,youth,youth,,,true,true,
2050/51,wp-mika-keane-t,Mika Keane T,16,IRL,Youth,Amateur,false,false,false,,0,0,,Amateur,,,,,,,,,,,,,50,58,52,44,50,59,42,0,18,,,,,,,,,,,,,,0,0,0,0,0,0,0,"{""matches"":0,""wins"":0,""losses"":0,""draws"":0,""winPercentage"":0,""eventsEntered"":0,""titles"":0,""finals"":0,""prizeMoney"":0,""points"":0}",,,,,,,,,,,,,,,,,false,false,,71,37,14,0,0,0,0,0,7,4,0,3,0,23,0,estimated from season exits versus eligible schedule | 23 eligible events not entered,Youth,normal,,,false,false,false,false,0,0,0,,0,false,,youth,youth,,,true,true,
2050/51,wp-milan-frost,Milan Frost,59,WAL,Veteran,Senior Tour / Legend Circuit,false,false,false,,0,0,,Amateur,,,,,,,,,,3,,,65,71,62,61,52,64,21,34,41,0,0,0,,0,,,,,,,0,22,0,0,0,0,0,0,0,"{""matches"":0,""wins"":0,""losses"":0,""draws"":0,""winPercentage"":0,""eventsEntered"":0,""titles"":0,""finals"":0,""prizeMoney"":0,""points"":0}",,,,,,,,,,,,,,2,,false,false,false,,71,6,6,0,0,0,0,0,0,0,0,0,6,0,0,,Senior/Legend,normal,,,false,false,false,false,0,0,0,,0,false,,senior,senior,,,true,true,
2050/51,wp-nico-arden,Nico Arden,53,BEL,Veteran,Amateur,false,false,false,,0,0,,Amateur,,,,,,,,,,,,,65,71,63,61,55,66,27,25,41,0,0,0,,0,,,,,,,0,0,0,0,0,0,0,0,0,"{""matches"":0,""wins"":0,""losses"":0,""draws"":0,""winPercentage"":0,""eventsEntered"":0,""titles"":0,""finals"":0,""prizeMoney"":0,""points"":0}",,,,,,,,,,,,,,1,,false,false,false,,71,20,14,0,0,0,0,0,7,4,3,0,0,6,0,estimated from season exits versus eligible schedule | 6 eligible events not entered,Amateur,normal,,,false,false,false,false,0,0,0,,0,false,,senior,amateur,,,true,true,
2050/51,wp-noah-bennett,Noah Bennett,40,IRL,Veteran,Amateur,false,false,false,,0,0,,Amateur,,,,,,,,,,,,,53,54,54,48,49,61,40,4,23,0,0,0,,0,,,,,,,0,0,0,0,0,0,0,0,0,"{""matches"":0,""wins"":0,""losses"":0,""draws"":0,""winPercentage"":0,""eventsEntered"":0,""titles"":0,""finals"":0,""prizeMoney"":0,""points"":0}",,,,,,,,,,,,,,100,,false,false,false,,71,18,14,0,0,0,0,0,7,4,3,0,0,4,0,estimated from season exits versus eligible schedule | 4 eligible events not entered,Amateur,normal,,,false,false,false,false,0,0,0,,0,false,,amateur,amateur,,,true,true,
2050/51,wp-noah-bennett-a,Noah Bennett A,38,AUS,Amateur,Amateur,false,false,false,,0,0,,Amateur,,,,,,,,,,,,,53,54,54,48,50,62,42,1,22,0,0,0,,0,,,,,,,0,6,0,0,0,0,0,0,0,"{""matches"":0,""wins"":0,""losses"":0,""draws"":0,""winPercentage"":0,""eventsEntered"":0,""titles"":0,""finals"":0,""prizeMoney"":0,""points"":0}",,,,,,,,,,,,,,105,,false,false,false,,71,18,14,0,0,0,0,0,7,4,3,0,0,4,0,estimated from season exits versus eligible schedule | 4 eligible events not entered,Amateur,normal,,,false,false,false,false,0,0,0,,0,false,,amateur,amateur,,,true,true,
2050/51,wp-noah-bennett-b,Noah Bennett B,35,AUS,Amateur,Amateur,false,false,false,,0,0,,Amateur,,,,,,,,,,,,,76,77,78,75,74,94,83,0,24,0,0,0,,0,,,,,,,0,3,1,1,0,100,1,0,0,"{""matches"":1,""wins"":1,""losses"":0,""draws"":0,""winPercentage"":100,""eventsEntered"":0,""titles"":1,""finals"":0,""prizeMoney"":0,""points"":0}",,,,,,,,,,,,,,104,,false,false,false,,71,18,14,0,0,0,0,0,7,4,3,0,0,4,0,estimated from season exits versus eligible schedule | 4 eligible events not entered,Amateur,normal,,,false,false,false,false,0,0,0,,0,false,,amateur,amateur,,,true,true,
2050/51,wp-noah-bennett-c,Noah Bennett C,35,AUS,Amateur,Amateur,false,false,false,,0,0,,Amateur,,,,,,,,,,,,,75,76,77,74,73,93,83,0,24,0,0,0,,0,,,,,,,0,13,1,1,0,100,1,0,0,"{""matches"":1,""wins"":1,""losses"":0,""draws"":0,""winPercentage"":100,""eventsEntered"":0,""titles"":1,""finals"":0,""prizeMoney"":0,""points"":0}",,,,,,,,,,,,,,105,,false,false,false,,71,18,14,0,0,0,0,0,7,4,3,0,0,4,0,estimated from season exits versus eligible schedule | 4 eligible events not entered,Amateur,normal,,,false,false,false,false,0,0,0,,0,false,,amateur,amateur,,,true,true,
2050/51,wp-noah-bennett-d,Noah Bennett D,35,AUS,Amateur,Amateur,false,false,false,,0,0,,Amateur,,,,,,,,,,,,,53,54,55,48,51,62,42,0,22,0,0,0,,0,,,,,,,0,5,0,0,0,0,0,0,0,"{""matches"":0,""wins"":0,""losses"":0,""draws"":0,""winPercentage"":0,""eventsEntered"":0,""titles"":0,""finals"":0,""prizeMoney"":0,""points"":0}",,,,,,,,,,,,,,106,,false,false,false,,71,18,14,0,0,0,0,0,7,4,3,0,0,4,0,estimated from season exits versus eligible schedule | 4 eligible events not entered,Amateur,normal,,,false,false,false,false,0,0,0,,0,false,,amateur,amateur,,,true,true,
2050/51,wp-noah-bennett-e,Noah Bennett E,32,AUS,Amateur,Amateur,false,false,false,,0,0,,Amateur,102,102,,102,,,54,,,,102,,53,54,55,48,52,62,42,0,23,0,0,0,,0,,,,,,,0,0,0,0,0,0,0,0,0,"{""matches"":0,""wins"":0,""losses"":0,""draws"":0,""winPercentage"":0,""eventsEntered"":0,""titles"":0,""finals"":0,""prizeMoney"":0,""points"":0}",,,,,,,,,,,,,,102,,false,false,false,,71,18,14,0,0,0,0,0,7,4,3,0,0,4,0,estimated from season exits versus eligible schedule | 4 eligible events not entered,Amateur,normal,,,false,false,false,false,0,0,0,,0,false,,amateur,amateur,,,true,true,
2050/51,wp-noah-bennett-h,Noah Bennett H,29,IRL,Amateur,Amateur,false,false,false,,0,0,,Amateur,104,104,,104,,,42,,,,104,,53,54,55,48,53,62,42,0,22,0,0,0,,0,,,,,,,0,0,0,0,0,0,0,0,0,"{""matches"":0,""wins"":0,""losses"":0,""draws"":0,""winPercentage"":0,""eventsEntered"":0,""titles"":0,""finals"":0,""prizeMoney"":0,""points"":0}",,,,,,,,,,,,,,104,,false,false,false,,71,18,14,0,0,0,0,0,7,4,3,0,0,4,0,estimated from season exits versus eligible schedule | 4 eligible events not entered,Amateur,normal,,,false,false,false,false,0,0,0,,0,false,,amateur,amateur,,,true,true,
2050/51,wp-noah-bennett-k,Noah Bennett K,24,AUS,Amateur,Q School,false,false,false,,0,0,,Amateur,107,107,,107,,,32,32,30,,107,,53,57,55,48,53,62,42,0,22,0,0,0,,0,,,,,,,0,0,0,0,0,0,0,0,0,"{""matches"":0,""wins"":0,""losses"":0,""draws"":0,""winPercentage"":0,""eventsEntered"":0,""titles"":0,""finals"":0,""prizeMoney"":0,""points"":0}",,,,,,,,,,,,,,107,,false,false,false,,71,18,3,0,0,0,0,0,0,3,0,0,0,15,8,estimated from season exits versus eligible schedule | 15 eligible events not entered,Q School,normal,,,false,false,false,false,0,0,0,,0,false,,qTour,qSchool,,,true,true,
2050/51,wp-noah-bennett-l,Noah Bennett L,24,AUS,Amateur,Q School,false,false,false,,0,0,,Amateur,108,108,,108,,,33,,31,,108,,52,56,54,47,52,61,42,0,22,0,0,0,,0,,,,,,,0,0,0,0,0,0,0,0,0,"{""matches"":0,""wins"":0,""losses"":0,""draws"":0,""winPercentage"":0,""eventsEntered"":0,""titles"":0,""finals"":0,""prizeMoney"":0,""points"":0}",,,,,,,,,,,,,,108,,false,false,false,,71,18,3,0,0,0,0,0,0,3,0,0,0,15,8,estimated from season exits versus eligible schedule | 15 eligible events not entered,Q School,normal,,,false,false,false,false,0,0,0,,0,false,,qTour,qSchool,,,true,true,
2050/51,wp-noah-bennett-n,Noah Bennett N,21,AUS,Amateur,Q School,false,false,false,,0,0,,Amateur,110,110,,110,,,13,11,14,,110,,52,58,54,47,52,61,42,0,21,0,0,0,,0,,,,,,,0,0,0,0,0,0,0,0,0,"{""matches"":0,""wins"":0,""losses"":0,""draws"":0,""winPercentage"":0,""eventsEntered"":0,""titles"":0,""finals"":0,""prizeMoney"":0,""points"":0}",,,,,,,,,,,,,,110,,false,false,false,,71,18,3,0,0,0,0,0,0,3,0,0,0,15,8,estimated from season exits versus eligible schedule | 15 eligible events not entered,Q School,normal,,,false,false,false,false,0,0,0,,0,false,,qSchool,qSchool,,,true,true,
2050/51,wp-noah-bennett-o,Noah Bennett O,21,AUS,Amateur,Q School,false,false,false,,0,0,,Amateur,111,111,,111,,,20,16,16,,111,,52,58,54,47,52,61,42,0,21,0,0,0,,0,,,,,,,0,0,0,0,0,0,0,0,0,"{""matches"":0,""wins"":0,""losses"":0,""draws"":0,""winPercentage"":0,""eventsEntered"":0,""titles"":0,""finals"":0,""prizeMoney"":0,""points"":0}",,,,,,,,,,,,,,111,,false,false,false,,71,18,3,0,0,0,0,0,0,3,0,0,0,15,8,estimated from season exits versus eligible schedule | 15 eligible events not entered,Q School,normal,,,false,false,false,false,0,0,0,,0,false,,qSchool,qSchool,,,true,true,
2050/51,wp-noah-bennett-q,Noah Bennett Q,18,AUS,Amateur,Q School,false,false,false,,0,0,,Amateur,,,,,,,1,1,3,,,,50,57,52,44,50,59,42,0,18,0,0,0,,0,,,,,,,0,24,0,0,0,0,0,0,0,"{""matches"":0,""wins"":0,""losses"":0,""draws"":0,""winPercentage"":0,""eventsEntered"":0,""titles"":0,""finals"":0,""prizeMoney"":0,""points"":0}",,,,,,,,,,,,,,,,false,false,false,,71,18,3,0,0,0,0,0,0,3,0,0,0,15,8,estimated from season exits versus eligible schedule | 15 eligible events not entered,Q School,normal,,,false,false,false,false,0,0,0,,0,false,,qSchool,qSchool,,,true,true,
2050/51,wp-noah-bennett-r,Noah Bennett R,16,CHN,Youth,Amateur,false,false,false,,0,0,,Amateur,,,,,,,,,,,,,50,58,52,44,50,59,42,0,18,0,0,0,,0,,,,,,,0,2,0,0,0,0,0,0,0,"{""matches"":0,""wins"":0,""losses"":0,""draws"":0,""winPercentage"":0,""eventsEntered"":0,""titles"":0,""finals"":0,""prizeMoney"":0,""points"":0}",,,,,,,,,,,,,,,,false,false,false,,71,37,14,0,0,0,0,0,7,4,0,3,0,23,0,estimated from season exits versus eligible schedule | 23 eligible events not entered,Youth,normal,,,false,false,false,false,0,0,0,,0,false,,youth,youth,,,true,true,
2050/51,wp-noah-bennett-s,Noah Bennett S,16,CHN,Youth,Amateur,false,false,false,,0,0,,Amateur,,,,,,,,,,,,,50,58,52,44,50,59,42,0,18,,,,,,,,,,,,,,0,0,0,0,0,0,0,"{""matches"":0,""wins"":0,""losses"":0,""draws"":0,""winPercentage"":0,""eventsEntered"":0,""titles"":0,""finals"":0,""prizeMoney"":0,""points"":0}",,,,,,,,,,,,,,,,,false,false,,71,37,14,0,0,0,0,0,7,4,0,3,0,23,0,estimated from season exits versus eligible schedule | 23 eligible events not entered,Youth,normal,,,false,false,false,false,0,0,0,,0,false,,youth,youth,,,true,true,
2050/51,wp-noah-veldt,Noah Veldt,57,NED,Veteran,Senior Tour / Legend Circuit,false,false,false,,0,0,,Amateur,,,,,,,,,,9,,,64,70,61,60,52,63,23,31,39,0,0,0,,0,,,,,,,0,16,0,0,0,0,0,0,0,"{""matches"":0,""wins"":0,""losses"":0,""draws"":0,""winPercentage"":0,""eventsEntered"":0,""titles"":0,""finals"":0,""prizeMoney"":0,""points"":0}",,,,,,,,,,,,,,11,,false,false,false,,71,6,6,0,0,0,0,0,0,0,0,0,6,0,0,,Senior/Legend,normal,,,false,false,false,false,0,0,0,,0,false,,senior,senior,,,true,true,
2050/51,wp-oliver-crane,Oliver Crane,58,ENG,Veteran,Senior Tour / Legend Circuit,false,false,false,,0,0,,Amateur,,,,,,,,,,7,,,64,70,61,60,52,63,22,33,39,0,0,0,,0,,,,,,,0,18,0,0,0,0,0,0,0,"{""matches"":0,""wins"":0,""losses"":0,""draws"":0,""winPercentage"":0,""eventsEntered"":0,""titles"":0,""finals"":0,""prizeMoney"":0,""points"":0}",,,,,,,,,,,,,,12,,false,false,false,,71,6,6,0,0,0,0,0,0,0,0,0,6,0,0,,Senior/Legend,normal,,,false,false,false,false,0,0,0,,0,false,,senior,senior,,,true,true,
2050/51,wp-oliver-dawes,Oliver Dawes,52,ENG,Veteran,Amateur,false,false,false,,0,0,,Amateur,,,,,,,,,,,,,53,54,51,47,43,55,28,23,23,0,0,0,,0,,,,,,,0,0,0,0,0,0,0,0,0,"{""matches"":0,""wins"":0,""losses"":0,""draws"":0,""winPercentage"":0,""eventsEntered"":0,""titles"":0,""finals"":0,""prizeMoney"":0,""points"":0}",,,,,,,,,,,,,,103,,false,false,false,,71,20,14,0,0,0,0,0,7,4,3,0,0,6,0,estimated from season exits versus eligible schedule | 6 eligible events not entered,Amateur,normal,,,false,false,false,false,0,0,0,,0,false,,amateur,amateur,,,true,true,
2050/51,wp-oliver-holt,Oliver Holt,47,ENG,Veteran,Amateur,false,false,false,,0,0,,Amateur,,,,,,,,,,,,,60,64,59,56,53,65,33,15,33,0,0,0,,0,,,,,,,0,0,0,0,0,0,0,0,0,"{""matches"":0,""wins"":0,""losses"":0,""draws"":0,""winPercentage"":0,""eventsEntered"":0,""titles"":0,""finals"":0,""prizeMoney"":0,""points"":0}",,,,,,,,,,,,,,44,,false,false,false,,71,20,14,0,0,0,0,0,7,4,3,0,0,6,0,estimated from season exits versus eligible schedule | 6 eligible events not entered,Amateur,normal,,,false,false,false,false,0,0,0,,0,false,,senior,amateur,,,true,true,
2050/51,wp-oliver-keane,Oliver Keane,50,ENG,Veteran,Amateur,false,false,false,,0,0,,Amateur,,,,,,,,,,,,,54,56,53,48,45,57,30,20,24,0,0,0,,0,,,,,,,0,0,0,0,0,0,0,0,0,"{""matches"":0,""wins"":0,""losses"":0,""draws"":0,""winPercentage"":0,""eventsEntered"":0,""titles"":0,""finals"":0,""prizeMoney"":0,""points"":0}",,,,,,,,,,,,,,92,,false,false,false,,71,20,14,0,0,0,0,0,7,4,3,0,0,6,0,estimated from season exits versus eligible schedule | 6 eligible events not entered,Amateur,normal,,,false,false,false,false,0,0,0,,0,false,,amateur,amateur,,,true,true,
2050/51,wp-oliver-mercer,Oliver Mercer,46,ENG,Veteran,Amateur,false,false,false,,0,0,,Amateur,,,,,,,,,,,,,56,59,56,51,49,61,34,14,27,0,0,0,,0,,,,,,,0,0,0,0,0,0,0,0,0,"{""matches"":0,""wins"":0,""losses"":0,""draws"":0,""winPercentage"":0,""eventsEntered"":0,""titles"":0,""finals"":0,""prizeMoney"":0,""points"":0}",,,,,,,,,,,,,,76,,false,false,false,,71,20,14,0,0,0,0,0,7,4,3,0,0,6,0,estimated from season exits versus eligible schedule | 6 eligible events not entered,Amateur,normal,,,false,false,false,false,0,0,0,,0,false,,amateur,amateur,,,true,true,
2050/51,wp-oliver-nash,Oliver Nash,46,ENG,Veteran,Amateur,false,false,false,,0,0,,Amateur,,,,,,,,,,,,,53,54,53,47,46,58,34,14,22,0,0,0,,0,,,,,,,0,0,0,0,0,0,0,0,0,"{""matches"":0,""wins"":0,""losses"":0,""draws"":0,""winPercentage"":0,""eventsEntered"":0,""titles"":0,""finals"":0,""prizeMoney"":0,""points"":0}",,,,,,,,,,,,,,107,,false,false,false,,71,20,14,0,0,0,0,0,7,4,3,0,0,6,0,estimated from season exits versus eligible schedule | 6 eligible events not entered,Amateur,normal,,,false,false,false,false,0,0,0,,0,false,,amateur,amateur,,,true,true,
2050/51,wp-oliver-sloan,Oliver Sloan,51,ENG,Veteran,Amateur,false,false,false,,0,0,,Amateur,,,,,,,,,,,,,58,61,57,53,49,60,29,22,30,0,0,0,,0,,,,,,,0,0,0,0,0,0,0,0,0,"{""matches"":0,""wins"":0,""losses"":0,""draws"":0,""winPercentage"":0,""eventsEntered"":0,""titles"":0,""finals"":0,""prizeMoney"":0,""points"":0}",,,,,,,,,,,,,,60,,false,false,false,,71,20,14,0,0,0,0,0,7,4,3,0,0,6,0,estimated from season exits versus eligible schedule | 6 eligible events not entered,Amateur,normal,,,false,false,false,false,0,0,0,,0,false,,senior,amateur,,,true,true,
2050/51,wp-oliver-zhou,Oliver Zhou,58,ENG,Veteran,Senior Tour / Legend Circuit,false,false,false,,0,0,,Amateur,,,,,,,,,,15,,,62,67,59,57,50,61,22,33,36,0,0,0,,0,,,,,,,0,10,0,0,0,0,0,0,0,"{""matches"":0,""wins"":0,""losses"":0,""draws"":0,""winPercentage"":0,""eventsEntered"":0,""titles"":0,""finals"":0,""prizeMoney"":0,""points"":0}",,,,,,,,,,,,,,28,,false,false,false,,71,6,6,0,0,0,0,0,0,0,0,0,6,0,0,,Senior/Legend,normal,,,false,false,false,false,0,0,0,,0,false,,senior,senior,,,true,true,
2050/51,wp-oscar-crane,Oscar Crane,56,ENG,Veteran,Senior Tour / Legend Circuit,false,false,false,,0,0,,Amateur,,,,,,,,,,16,,,62,67,60,57,51,62,24,30,37,0,0,0,,0,,,,,,,0,9,0,0,0,0,0,0,0,"{""matches"":0,""wins"":0,""losses"":0,""draws"":0,""winPercentage"":0,""eventsEntered"":0,""titles"":0,""finals"":0,""prizeMoney"":0,""points"":0}",,,,,,,,,,,,,,24,,false,false,false,,71,6,6,0,0,0,0,0,0,0,0,0,6,0,0,,Senior/Legend,normal,,,false,false,false,false,0,0,0,,0,false,,senior,senior,,,true,true,
2050/51,wp-oscar-holt,Oscar Holt,53,ENG,Veteran,Amateur,false,false,false,,0,0,,Amateur,,,,,,,,,,,,,59,63,57,54,49,60,27,25,31,0,0,0,,0,,,,,,,0,0,0,0,0,0,0,0,0,"{""matches"":0,""wins"":0,""losses"":0,""draws"":0,""winPercentage"":0,""eventsEntered"":0,""titles"":0,""finals"":0,""prizeMoney"":0,""points"":0}",,,,,,,,,,,,,,56,,false,false,false,,71,20,14,0,0,0,0,0,7,4,3,0,0,6,0,estimated from season exits versus eligible schedule | 6 eligible events not entered,Amateur,normal,,,false,false,false,false,0,0,0,,0,false,,senior,amateur,,,true,true,
2050/51,wp-oscar-keane,Oscar Keane,47,ENG,Veteran,Amateur,false,false,false,,0,0,,Amateur,,,,,,,,,,,,,53,54,52,47,46,58,33,15,22,0,0,0,,0,,,,,,,0,0,0,0,0,0,0,0,0,"{""matches"":0,""wins"":0,""losses"":0,""draws"":0,""winPercentage"":0,""eventsEntered"":0,""titles"":0,""finals"":0,""prizeMoney"":0,""points"":0}",,,,,,,,,,,,,,104,,false,false,false,,71,20,14,0,0,0,0,0,7,4,3,0,0,6,0,estimated from season exits versus eligible schedule | 6 eligible events not entered,Amateur,normal,,,false,false,false,false,0,0,0,,0,false,,amateur,amateur,,,true,true,
2050/51,wp-oscar-mercer,Oscar Mercer,49,ENG,Veteran,Amateur,false,false,false,,0,0,,Amateur,,,,,,,,,,,,,55,57,54,49,47,58,31,19,25,0,0,0,,0,,,,,,,0,0,0,0,0,0,0,0,0,"{""matches"":0,""wins"":0,""losses"":0,""draws"":0,""winPercentage"":0,""eventsEntered"":0,""titles"":0,""finals"":0,""prizeMoney"":0,""points"":0}",,,,,,,,,,,,,,88,,false,false,false,,71,20,14,0,0,0,0,0,7,4,3,0,0,6,0,estimated from season exits versus eligible schedule | 6 eligible events not entered,Amateur,normal,,,false,false,false,false,0,0,0,,0,false,,amateur,amateur,,,true,true,
2050/51,wp-oscar-nash,Oscar Nash,49,ENG,Veteran,Amateur,false,false,false,,0,0,,Amateur,,,,,,,,,,,,,52,53,51,46,44,55,31,19,21,0,0,0,,0,,,,,,,0,0,0,0,0,0,0,0,0,"{""matches"":0,""wins"":0,""losses"":0,""draws"":0,""winPercentage"":0,""eventsEntered"":0,""titles"":0,""finals"":0,""prizeMoney"":0,""points"":0}",,,,,,,,,,,,,,114,,false,false,false,,71,20,14,0,0,0,0,0,7,4,3,0,0,6,0,estimated from season exits versus eligible schedule | 6 eligible events not entered,Amateur,normal,,,false,false,false,false,0,0,0,,0,false,,amateur,amateur,,,true,true,
2050/51,wp-oscar-sloan,Oscar Sloan,52,ENG,Veteran,Amateur,false,false,false,,0,0,,Amateur,,,,,,,,,,,,,57,60,55,52,47,59,28,23,28,0,0,0,,0,,,,,,,0,0,0,0,0,0,0,0,0,"{""matches"":0,""wins"":0,""losses"":0,""draws"":0,""winPercentage"":0,""eventsEntered"":0,""titles"":0,""finals"":0,""prizeMoney"":0,""points"":0}",,,,,,,,,,,,,,72,,false,false,false,,71,20,14,0,0,0,0,0,7,4,3,0,0,6,0,estimated from season exits versus eligible schedule | 6 eligible events not entered,Amateur,normal,,,false,false,false,false,0,0,0,,0,false,,amateur,amateur,,,true,true,
2050/51,wp-oscar-zhou,Oscar Zhou,55,ENG,Veteran,Senior Tour / Legend Circuit,false,false,false,,0,0,,Amateur,,,,,,,,,,24,,,61,65,59,56,50,61,25,28,34,0,0,0,,0,,,,,,,0,1,0,0,0,0,0,0,0,"{""matches"":0,""wins"":0,""losses"":0,""draws"":0,""winPercentage"":0,""eventsEntered"":0,""titles"":0,""finals"":0,""prizeMoney"":0,""points"":0}",,,,,,,,,,,,,,40,,false,false,false,,71,6,6,0,0,0,0,0,0,0,0,0,6,0,0,,Senior/Legend,normal,,,false,false,false,false,0,0,0,,0,false,,senior,senior,,,true,true,
2050/51,wp-qualifier-16,Qualifier 16,54,INT,Veteran,Amateur,false,false,false,,0,0,,Amateur,,,,,,,,,,,,,59,60,57,55,49,63,39,25,30,0,0,0,,0,,,,,,,0,0,26,5,21,19.230769230769234,5,0,0,"{""matches"":26,""wins"":5,""losses"":21,""draws"":0,""winPercentage"":19.230769230769234,""eventsEntered"":0,""titles"":5,""finals"":0,""prizeMoney"":0,""points"":0}",,,,,,,,,,,,,,116,,false,false,false,,71,20,14,0,0,0,0,0,7,4,3,0,0,6,0,estimated from season exits versus eligible schedule | 6 eligible events not entered,Amateur,normal,,,false,false,false,false,0,0,0,,0,false,,amateur,amateur,,,true,true,
2050/51,wp-qualifier-8,Qualifier 8,42,INT,Veteran,Amateur,false,false,false,,0,0,,Amateur,,,,,,,,,,,,,68,69,68,66,63,82,67,5,24,0,0,0,,0,,,,,,,0,0,3,2,1,66.66666666666666,2,0,0,"{""matches"":3,""wins"":2,""losses"":1,""draws"":0,""winPercentage"":66.66666666666666,""eventsEntered"":0,""titles"":2,""finals"":0,""prizeMoney"":0,""points"":0}",,,,,,,,,,,,,,115,,false,false,false,,71,18,14,0,0,0,0,0,7,4,3,0,0,4,0,estimated from season exits versus eligible schedule | 4 eligible events not entered,Amateur,normal,,,false,false,false,false,0,0,0,,0,false,,amateur,amateur,,,true,true,
2050/51,wp-rhys-mercer,Rhys Mercer,52,ENG,Veteran,Amateur,false,false,false,,0,0,,Amateur,,,,,,,,,,,,,65,71,63,61,55,67,28,23,40,0,0,0,,0,,,,,,,0,0,0,0,0,0,0,0,0,"{""matches"":0,""wins"":0,""losses"":0,""draws"":0,""winPercentage"":0,""eventsEntered"":0,""titles"":0,""finals"":0,""prizeMoney"":0,""points"":0}",,,,,,,,,,,,,,6,,false,false,false,,71,20,14,0,0,0,0,0,7,4,3,0,0,6,0,estimated from season exits versus eligible schedule | 6 eligible events not entered,Amateur,normal,,,false,false,false,false,0,0,0,,0,false,,senior,amateur,,,true,true,
2050/51,wp-rory-flint,Rory Flint,53,ENG,Veteran,Amateur,false,false,false,,0,0,,Amateur,,,,,,,,,,,,,64,70,62,60,54,65,27,25,40,0,0,0,,0,,,,,,,0,0,0,0,0,0,0,0,0,"{""matches"":0,""wins"":0,""losses"":0,""draws"":0,""winPercentage"":0,""eventsEntered"":0,""titles"":0,""finals"":0,""prizeMoney"":0,""points"":0}",,,,,,,,,,,,,,8,,false,false,false,,71,20,14,0,0,0,0,0,7,4,3,0,0,6,0,estimated from season exits versus eligible schedule | 6 eligible events not entered,Amateur,normal,,,false,false,false,false,0,0,0,,0,false,,senior,amateur,,,true,true,
2050/51,wp-rory-vale,Rory Vale,38,ENG,Amateur,Amateur,false,false,false,,0,0,,Amateur,,,,,,,,,,,,,52,53,53,47,49,61,42,1,21,0,0,0,,0,,,,,,,0,0,0,0,0,0,0,0,0,"{""matches"":0,""wins"":0,""losses"":0,""draws"":0,""winPercentage"":0,""eventsEntered"":0,""titles"":0,""finals"":0,""prizeMoney"":0,""points"":0}",,,,,,,,,,,,,,114,,false,false,false,,71,18,14,0,0,0,0,0,7,4,3,0,0,4,0,estimated from season exits versus eligible schedule | 4 eligible events not entered,Amateur,normal,,,false,false,false,false,0,0,0,,0,false,,amateur,amateur,,,true,true,
2050/51,wp-rory-vale-a,Rory Vale A,38,ENG,Amateur,Amateur,false,false,false,,0,0,,Amateur,,,,,,,,,,,,,52,53,53,47,49,61,42,1,20,0,0,0,,0,,,,,,,0,0,1,0,1,0,0,0,0,"{""matches"":1,""wins"":0,""losses"":1,""draws"":0,""winPercentage"":0,""eventsEntered"":0,""titles"":0,""finals"":0,""prizeMoney"":0,""points"":0}",,,,,,,,,,,,,,115,,false,false,false,,71,18,14,0,0,0,0,0,7,4,3,0,0,4,0,estimated from season exits versus eligible schedule | 4 eligible events not entered,Amateur,normal,,,false,false,false,false,0,0,0,,0,false,,amateur,amateur,,,true,true,
2050/51,wp-rory-vale-b,Rory Vale B,38,ENG,Amateur,Amateur,false,false,false,,0,0,,Amateur,,,,,,,,,,,,,51,52,52,46,48,60,42,1,20,0,0,0,,0,,,,,,,0,0,0,0,0,0,0,0,0,"{""matches"":0,""wins"":0,""losses"":0,""draws"":0,""winPercentage"":0,""eventsEntered"":0,""titles"":0,""finals"":0,""prizeMoney"":0,""points"":0}",,,,,,,,,,,,,,116,,false,false,false,,71,18,14,0,0,0,0,0,7,4,3,0,0,4,0,estimated from season exits versus eligible schedule | 4 eligible events not entered,Amateur,normal,,,false,false,false,false,0,0,0,,0,false,,amateur,amateur,,,true,true,
2050/51,wp-rory-vale-c,Rory Vale C,34,BEL,Amateur,Amateur,false,false,false,,0,0,,Amateur,,,,,,,36,,,,,,51,52,53,46,50,60,42,0,20,0,0,0,,0,,,,,,,0,22,0,0,0,0,0,0,0,"{""matches"":0,""wins"":0,""losses"":0,""draws"":0,""winPercentage"":0,""eventsEntered"":0,""titles"":0,""finals"":0,""prizeMoney"":0,""points"":0}",,,,,,,,,,,,,,116,,false,false,false,,71,18,14,0,0,0,0,0,7,4,3,0,0,4,0,estimated from season exits versus eligible schedule | 4 eligible events not entered,Amateur,normal,,,false,false,false,false,0,0,0,,0,false,,amateur,amateur,,,true,true,
2050/51,wp-rory-vale-d,Rory Vale D,34,BEL,Amateur,Q School,false,false,false,,0,0,,Amateur,,,,,,,16,20,20,,,,52,53,54,47,51,61,42,0,21,0,0,0,,0,,,,,,,0,30,0,0,0,0,0,0,0,"{""matches"":0,""wins"":0,""losses"":0,""draws"":0,""winPercentage"":0,""eventsEntered"":0,""titles"":0,""finals"":0,""prizeMoney"":0,""points"":0}",,,,,,,,,,,,,,113,,false,false,false,,71,18,3,0,0,0,0,0,0,3,0,0,0,15,8,estimated from season exits versus eligible schedule | 15 eligible events not entered,Q School,normal,,,false,false,false,false,0,0,0,,0,false,,qSchool,qSchool,,,true,true,
2050/51,wp-rory-vale-e,Rory Vale E,34,BEL,Amateur,Amateur,false,false,false,,0,0,,Amateur,,,,,,,41,,,,,,52,53,54,47,51,61,42,0,21,0,0,0,,0,,,,,,,0,21,0,0,0,0,0,0,0,"{""matches"":0,""wins"":0,""losses"":0,""draws"":0,""winPercentage"":0,""eventsEntered"":0,""titles"":0,""finals"":0,""prizeMoney"":0,""points"":0}",,,,,,,,,,,,,,114,,false,false,false,,71,18,14,0,0,0,0,0,7,4,3,0,0,4,0,estimated from season exits versus eligible schedule | 4 eligible events not entered,Amateur,normal,,,false,false,false,false,0,0,0,,0,false,,amateur,amateur,,,true,true,
2050/51,wp-rory-vale-g,Rory Vale G,29,THA,Amateur,Amateur,false,false,false,,0,0,,Amateur,113,113,,113,,,43,,,,113,,52,53,54,47,52,61,42,0,21,0,0,0,,0,,,,,,,0,0,0,0,0,0,0,0,0,"{""matches"":0,""wins"":0,""losses"":0,""draws"":0,""winPercentage"":0,""eventsEntered"":0,""titles"":0,""finals"":0,""prizeMoney"":0,""points"":0}",,,,,,,,,,,,,,113,,false,false,false,,71,18,14,0,0,0,0,0,7,4,3,0,0,4,0,estimated from season exits versus eligible schedule | 4 eligible events not entered,Amateur,normal,,,false,false,false,false,0,0,0,,0,false,,amateur,amateur,,,true,true,
2050/51,wp-rory-vale-h,Rory Vale H,29,THA,Amateur,Amateur,false,false,false,,0,0,,Amateur,114,114,,114,,,44,,,,114,,52,53,54,47,52,61,42,0,21,0,0,0,,0,,,,,,,0,0,0,0,0,0,0,0,0,"{""matches"":0,""wins"":0,""losses"":0,""draws"":0,""winPercentage"":0,""eventsEntered"":0,""titles"":0,""finals"":0,""prizeMoney"":0,""points"":0}",,,,,,,,,,,,,,114,,false,false,false,,71,18,14,0,0,0,0,0,7,4,3,0,0,4,0,estimated from season exits versus eligible schedule | 4 eligible events not entered,Amateur,normal,,,false,false,false,false,0,0,0,,0,false,,amateur,amateur,,,true,true,
2050/51,wp-rory-vale-i,Rory Vale I,29,THA,Amateur,Amateur,false,false,false,,0,0,,Amateur,115,115,,115,,,45,,,,115,,52,53,54,47,52,61,42,0,20,0,0,0,,0,,,,,,,0,0,0,0,0,0,0,0,0,"{""matches"":0,""wins"":0,""losses"":0,""draws"":0,""winPercentage"":0,""eventsEntered"":0,""titles"":0,""finals"":0,""prizeMoney"":0,""points"":0}",,,,,,,,,,,,,,115,,false,false,false,,71,18,14,0,0,0,0,0,7,4,3,0,0,4,0,estimated from season exits versus eligible schedule | 4 eligible events not entered,Amateur,normal,,,false,false,false,false,0,0,0,,0,false,,amateur,amateur,,,true,true,
2050/51,wp-rory-vale-m,Rory Vale M,24,ENG,Amateur,Q School,false,false,false,,0,0,,Amateur,119,119,,119,,,34,,32,,119,,51,54,53,46,51,60,42,0,20,0,0,0,,0,,,,,,,0,0,0,0,0,0,0,0,0,"{""matches"":0,""wins"":0,""losses"":0,""draws"":0,""winPercentage"":0,""eventsEntered"":0,""titles"":0,""finals"":0,""prizeMoney"":0,""points"":0}",,,,,,,,,,,,,,118,,false,false,false,,71,18,3,0,0,0,0,0,0,3,0,0,0,15,8,estimated from season exits versus eligible schedule | 15 eligible events not entered,Q School,normal,,,false,false,false,false,0,0,0,,0,false,,qTour,qSchool,,,true,true,
2050/51,wp-rory-vale-o,Rory Vale O,21,ENG,Amateur,Q School,false,false,false,,0,0,,Amateur,120,120,,120,,,21,17,17,,120,,51,56,53,46,51,60,42,0,19,0,0,0,,0,,,,,,,0,0,0,0,0,0,0,0,0,"{""matches"":0,""wins"":0,""losses"":0,""draws"":0,""winPercentage"":0,""eventsEntered"":0,""titles"":0,""finals"":0,""prizeMoney"":0,""points"":0}",,,,,,,,,,,,,,120,,false,false,false,,71,18,3,0,0,0,0,0,0,3,0,0,0,15,8,estimated from season exits versus eligible schedule | 15 eligible events not entered,Q School,normal,,,false,false,false,false,0,0,0,,0,false,,qSchool,qSchool,,,true,true,
2050/51,wp-rory-vale-p,Rory Vale P,18,THA,Amateur,Q School,false,false,false,,0,0,,Amateur,,,,,,,2,2,4,,,,50,57,52,44,50,59,42,0,18,0,0,0,,0,,,,,,,0,23,0,0,0,0,0,0,0,"{""matches"":0,""wins"":0,""losses"":0,""draws"":0,""winPercentage"":0,""eventsEntered"":0,""titles"":0,""finals"":0,""prizeMoney"":0,""points"":0}",,,,,,,,,,,,,,,,false,false,false,,71,18,3,0,0,0,0,0,0,3,0,0,0,15,8,estimated from season exits versus eligible schedule | 15 eligible events not entered,Q School,normal,,,false,false,false,false,0,0,0,,0,false,,qSchool,qSchool,,,true,true,
2050/51,wp-rory-vale-q,Rory Vale Q,18,THA,Amateur,Q School,false,false,false,,0,0,,Amateur,,,,,,,5,5,8,,,,50,57,52,44,50,59,42,0,18,0,0,0,,0,,,,,,,0,11,0,0,0,0,0,0,0,"{""matches"":0,""wins"":0,""losses"":0,""draws"":0,""winPercentage"":0,""eventsEntered"":0,""titles"":0,""finals"":0,""prizeMoney"":0,""points"":0}",,,,,,,,,,,,,,,,false,false,false,,71,18,3,0,0,0,0,0,0,3,0,0,0,15,8,estimated from season exits versus eligible schedule | 15 eligible events not entered,Q School,normal,,,false,false,false,false,0,0,0,,0,false,,qSchool,qSchool,,,true,true,
2050/51,wp-rory-vale-r,Rory Vale R,15,THA,Youth,Amateur,false,false,false,,0,0,,Amateur,,,,,,,,,,,,,50,59,52,44,50,59,42,0,18,0,0,0,,0,,,,,,,0,8,0,0,0,0,0,0,0,"{""matches"":0,""wins"":0,""losses"":0,""draws"":0,""winPercentage"":0,""eventsEntered"":0,""titles"":0,""finals"":0,""prizeMoney"":0,""points"":0}",,,,,,,,,,,,,,,,false,false,false,,71,37,14,0,0,0,0,0,7,4,0,3,0,23,0,estimated from season exits versus eligible schedule | 23 eligible events not entered,Youth,normal,,,false,false,false,false,0,0,0,,0,false,,youth,youth,,,true,true,
2050/51,wp-rory-vale-s,Rory Vale S,15,THA,Youth,Amateur,false,false,false,,0,0,,Amateur,,,,,,,,,,,,,50,59,52,44,50,59,42,0,18,,,,,,,,,,,,,,0,0,0,0,0,0,0,"{""matches"":0,""wins"":0,""losses"":0,""draws"":0,""winPercentage"":0,""eventsEntered"":0,""titles"":0,""finals"":0,""prizeMoney"":0,""points"":0}",,,,,,,,,,,,,,,,,false,false,,71,37,14,0,0,0,0,0,7,4,0,3,0,23,0,estimated from season exits versus eligible schedule | 23 eligible events not entered,Youth,normal,,,false,false,false,false,0,0,0,,0,false,,youth,youth,,,true,true,
2050/51,wp-theo-crane,Theo Crane,49,GER,Veteran,Amateur,false,false,false,,0,0,,Amateur,,,,,,,,,,,,,86,91,85,87,78,99,72,15,40,0,0,0,,0,,,,,,,0,0,1,1,0,100,1,0,0,"{""matches"":1,""wins"":1,""losses"":0,""draws"":0,""winPercentage"":100,""eventsEntered"":0,""titles"":1,""finals"":0,""prizeMoney"":0,""points"":0}",,,,,,,,,,,,,,19,,false,false,false,,71,20,14,0,0,0,0,0,7,4,3,0,0,6,0,estimated from season exits versus eligible schedule | 6 eligible events not entered,Amateur,normal,,,false,false,false,false,0,0,0,,0,false,,senior,amateur,,,true,true,
2050/51,wp-theo-holt,Theo Holt,47,GER,Veteran,Amateur,false,false,false,,0,0,,Amateur,,,,,,,,,,,,,59,63,58,55,52,64,33,15,32,0,0,0,,0,,,,,,,0,0,0,0,0,0,0,0,0,"{""matches"":0,""wins"":0,""losses"":0,""draws"":0,""winPercentage"":0,""eventsEntered"":0,""titles"":0,""finals"":0,""prizeMoney"":0,""points"":0}",,,,,,,,,,,,,,51,,false,false,false,,71,20,14,0,0,0,0,0,7,4,3,0,0,6,0,estimated from season exits versus eligible schedule | 6 eligible events not entered,Amateur,normal,,,false,false,false,false,0,0,0,,0,false,,senior,amateur,,,true,true,
2050/51,wp-theo-keane,Theo Keane,45,GER,Veteran,Amateur,false,false,false,,0,0,,Amateur,,,,,,,,,,,,,53,54,53,47,47,59,35,12,23,0,0,0,,0,,,,,,,0,0,0,0,0,0,0,0,0,"{""matches"":0,""wins"":0,""losses"":0,""draws"":0,""winPercentage"":0,""eventsEntered"":0,""titles"":0,""finals"":0,""prizeMoney"":0,""points"":0}",,,,,,,,,,,,,,99,,false,false,false,,71,20,14,0,0,0,0,0,7,4,3,0,0,6,0,estimated from season exits versus eligible schedule | 6 eligible events not entered,Amateur,normal,,,false,false,false,false,0,0,0,,0,false,,amateur,amateur,,,true,true,
2050/51,wp-theo-mercer,Theo Mercer,53,GER,Veteran,Amateur,false,false,false,,0,0,,Amateur,,,,,,,,,,,,,55,57,53,49,45,56,27,25,26,0,0,0,,0,,,,,,,0,0,0,0,0,0,0,0,0,"{""matches"":0,""wins"":0,""losses"":0,""draws"":0,""winPercentage"":0,""eventsEntered"":0,""titles"":0,""finals"":0,""prizeMoney"":0,""points"":0}",,,,,,,,,,,,,,83,,false,false,false,,71,20,14,0,0,0,0,0,7,4,3,0,0,6,0,estimated from season exits versus eligible schedule | 6 eligible events not entered,Amateur,normal,,,false,false,false,false,0,0,0,,0,false,,amateur,amateur,,,true,true,
2050/51,wp-theo-nash,Theo Nash,51,GER,Veteran,Amateur,false,false,false,,0,0,,Amateur,,,,,,,,,,,,,52,53,51,45,43,54,29,22,20,0,0,0,,0,,,,,,,0,0,0,0,0,0,0,0,0,"{""matches"":0,""wins"":0,""losses"":0,""draws"":0,""winPercentage"":0,""eventsEntered"":0,""titles"":0,""finals"":0,""prizeMoney"":0,""points"":0}",,,,,,,,,,,,,,115,,false,false,false,,71,20,14,0,0,0,0,0,7,4,3,0,0,6,0,estimated from season exits versus eligible schedule | 6 eligible events not entered,Amateur,normal,,,false,false,false,false,0,0,0,,0,false,,amateur,amateur,,,true,true,
2050/51,wp-theo-sloan,Theo Sloan,56,GER,Veteran,Senior Tour / Legend Circuit,false,false,false,,0,0,,Amateur,,,,,,,,,,22,,,57,60,55,51,46,57,24,30,29,0,0,0,,0,,,,,,,0,3,0,0,0,0,0,0,0,"{""matches"":0,""wins"":0,""losses"":0,""draws"":0,""winPercentage"":0,""eventsEntered"":0,""titles"":0,""finals"":0,""prizeMoney"":0,""points"":0}",,,,,,,,,,,,,,67,,false,false,false,,71,6,6,0,0,0,0,0,0,0,0,0,6,0,0,,Senior/Legend,normal,,,false,false,false,false,0,0,0,,0,false,,amateur,senior,,,true,true,
2050/51,wp-theo-zhou,Theo Zhou,58,GER,Veteran,Senior Tour / Legend Circuit,false,false,false,,0,0,,Amateur,,,,,,,,,,17,,,61,66,58,56,49,60,22,33,35,0,0,0,,0,,,,,,,0,8,0,0,0,0,0,0,0,"{""matches"":0,""wins"":0,""losses"":0,""draws"":0,""winPercentage"":0,""eventsEntered"":0,""titles"":0,""finals"":0,""prizeMoney"":0,""points"":0}",,,,,,,,,,,,,,35,,false,false,false,,71,6,6,0,0,0,0,0,0,0,0,0,6,0,0,,Senior/Legend,normal,,,false,false,false,false,0,0,0,,0,false,,senior,senior,,,true,true,
2050/51,wp-toby-hale,Toby Hale,40,SCO,Veteran,Amateur,false,false,false,,0,0,,Amateur,,,,,,,,,,,,,51,51,52,45,47,59,40,4,19,0,0,0,,0,,,,,,,0,0,0,0,0,0,0,0,0,"{""matches"":0,""wins"":0,""losses"":0,""draws"":0,""winPercentage"":0,""eventsEntered"":0,""titles"":0,""finals"":0,""prizeMoney"":0,""points"":0}",,,,,,,,,,,,,,121,,false,false,false,,71,18,14,0,0,0,0,0,7,4,3,0,0,4,0,estimated from season exits versus eligible schedule | 4 eligible events not entered,Amateur,normal,,,false,false,false,false,0,0,0,,0,false,,amateur,amateur,,,true,true,
2050/51,wp-toby-hale-a,Toby Hale A,37,SCO,Amateur,Amateur,false,false,false,,0,0,,Amateur,,,,,,,,,,,,,63,63,64,60,61,77,63,0,22,0,0,0,,0,,,,,,,0,2,2,1,1,50,1,0,0,"{""matches"":2,""wins"":1,""losses"":1,""draws"":0,""winPercentage"":50,""eventsEntered"":0,""titles"":1,""finals"":0,""prizeMoney"":0,""points"":0}",,,,,,,,,,,,,,119,,false,false,false,,71,18,14,0,0,0,0,0,7,4,3,0,0,4,0,estimated from season exits versus eligible schedule | 4 eligible events not entered,Amateur,normal,,,false,false,false,false,0,0,0,,0,false,,amateur,amateur,,,true,true,
2050/51,wp-toby-hale-b,Toby Hale B,34,ENG,Amateur,Q School,false,false,false,,0,0,,Amateur,,,,,,,18,22,22,,,,51,51,53,46,50,60,42,0,19,0,0,0,,0,,,,,,,0,26,0,0,0,0,0,0,0,"{""matches"":0,""wins"":0,""losses"":0,""draws"":0,""winPercentage"":0,""eventsEntered"":0,""titles"":0,""finals"":0,""prizeMoney"":0,""points"":0}",,,,,,,,,,,,,,120,,false,false,false,,71,18,3,0,0,0,0,0,0,3,0,0,0,15,8,estimated from season exits versus eligible schedule | 15 eligible events not entered,Q School,normal,,,false,false,false,false,0,0,0,,0,false,,qSchool,qSchool,,,true,true,
2050/51,wp-toby-hale-c,Toby Hale C,34,ENG,Amateur,Amateur,false,false,false,,0,0,,Amateur,,,,,,,46,,,,,,51,51,53,46,50,60,42,0,19,0,0,0,,0,,,,,,,0,20,0,0,0,0,0,0,0,"{""matches"":0,""wins"":0,""losses"":0,""draws"":0,""winPercentage"":0,""eventsEntered"":0,""titles"":0,""finals"":0,""prizeMoney"":0,""points"":0}",,,,,,,,,,,,,,121,,false,false,false,,71,18,14,0,0,0,0,0,7,4,3,0,0,4,0,estimated from season exits versus eligible schedule | 4 eligible events not entered,Amateur,normal,,,false,false,false,false,0,0,0,,0,false,,amateur,amateur,,,true,true,
2050/51,wp-toby-hale-d,Toby Hale D,34,ENG,Amateur,Q Tour,false,false,false,,0,0,,Amateur,,,,,,,24,27,,,,,51,51,53,46,50,60,42,0,19,0,0,0,,0,,,,,,,0,24,0,0,0,0,0,0,0,"{""matches"":0,""wins"":0,""losses"":0,""draws"":0,""winPercentage"":0,""eventsEntered"":0,""titles"":0,""finals"":0,""prizeMoney"":0,""points"":0}",,,,,,,,,,,,,,122,,false,false,false,,71,18,7,0,0,0,0,0,3,4,0,0,0,11,4,estimated from season exits versus eligible schedule | 11 eligible events not entered,Q Tour,normal,,,false,false,false,false,0,0,0,,0,false,,amateur,qTour,,,true,true,
2050/51,wp-toby-hale-f,Toby Hale F,31,ENG,Amateur,Amateur,false,false,false,,0,0,,Amateur,121,121,,121,,,52,,,,121,,51,51,53,46,51,60,42,0,19,0,0,0,,0,,,,,,,0,0,0,0,0,0,0,0,0,"{""matches"":0,""wins"":0,""losses"":0,""draws"":0,""winPercentage"":0,""eventsEntered"":0,""titles"":0,""finals"":0,""prizeMoney"":0,""points"":0}",,,,,,,,,,,,,,121,,false,false,false,,71,18,14,0,0,0,0,0,7,4,3,0,0,4,0,estimated from season exits versus eligible schedule | 4 eligible events not entered,Amateur,normal,,,false,false,false,false,0,0,0,,0,false,,amateur,amateur,,,true,true,
2050/51,wp-toby-hale-g,Toby Hale G,31,ENG,Amateur,Amateur,false,false,false,,0,0,,Amateur,122,122,,122,,,53,,,,122,,51,51,53,46,51,60,42,0,19,0,0,0,,0,,,,,,,0,0,0,0,0,0,0,0,0,"{""matches"":0,""wins"":0,""losses"":0,""draws"":0,""winPercentage"":0,""eventsEntered"":0,""titles"":0,""finals"":0,""prizeMoney"":0,""points"":0}",,,,,,,,,,,,,,122,,false,false,false,,71,18,14,0,0,0,0,0,7,4,3,0,0,4,0,estimated from season exits versus eligible schedule | 4 eligible events not entered,Amateur,normal,,,false,false,false,false,0,0,0,,0,false,,amateur,amateur,,,true,true,
2050/51,wp-toby-hale-l,Toby Hale L,24,BEL,Amateur,Amateur,false,false,false,,0,0,,Amateur,126,126,,126,,,35,,,,126,,50,53,52,45,50,59,42,0,19,0,0,0,,0,,,,,,,0,0,0,0,0,0,0,0,0,"{""matches"":0,""wins"":0,""losses"":0,""draws"":0,""winPercentage"":0,""eventsEntered"":0,""titles"":0,""finals"":0,""prizeMoney"":0,""points"":0}",,,,,,,,,,,,,,125,,false,false,false,,71,18,14,0,0,0,0,0,7,4,3,0,0,4,0,estimated from season exits versus eligible schedule | 4 eligible events not entered,Amateur,normal,,,false,false,false,false,0,0,0,,0,false,,qTour,amateur,,,true,true,
2050/51,wp-toby-hale-n,Toby Hale N,21,BEL,Amateur,Q School,false,false,false,,0,0,,Amateur,127,127,,127,,,22,19,19,,127,,50,55,52,44,50,59,42,0,18,0,0,0,,0,,,,,,,0,0,0,0,0,0,0,0,0,"{""matches"":0,""wins"":0,""losses"":0,""draws"":0,""winPercentage"":0,""eventsEntered"":0,""titles"":0,""finals"":0,""prizeMoney"":0,""points"":0}",,,,,,,,,,,,,,127,,false,false,false,,71,18,3,0,0,0,0,0,0,3,0,0,0,15,8,estimated from season exits versus eligible schedule | 15 eligible events not entered,Q School,normal,,,false,false,false,false,0,0,0,,0,false,,qSchool,qSchool,,,true,true,
2050/51,wp-toby-hale-o,Toby Hale O,21,BEL,Amateur,Q School,false,false,false,,0,0,,Amateur,128,128,,128,,,23,21,21,,128,,50,55,52,44,50,59,42,0,18,0,0,0,,0,,,,,,,0,0,0,0,0,0,0,0,0,"{""matches"":0,""wins"":0,""losses"":0,""draws"":0,""winPercentage"":0,""eventsEntered"":0,""titles"":0,""finals"":0,""prizeMoney"":0,""points"":0}",,,,,,,,,,,,,,128,,false,false,false,,71,18,3,0,0,0,0,0,0,3,0,0,0,15,8,estimated from season exits versus eligible schedule | 15 eligible events not entered,Q School,normal,,,false,false,false,false,0,0,0,,0,false,,qSchool,qSchool,,,true,true,
2050/51,wp-toby-hale-q,Toby Hale Q,18,BEL,Amateur,Q School,false,false,false,,0,0,,Amateur,,,,,,,3,3,6,,,,50,57,52,44,50,59,42,0,18,0,0,0,,0,,,,,,,0,22,0,0,0,0,0,0,0,"{""matches"":0,""wins"":0,""losses"":0,""draws"":0,""winPercentage"":0,""eventsEntered"":0,""titles"":0,""finals"":0,""prizeMoney"":0,""points"":0}",,,,,,,,,,,,,,,,false,false,false,,71,18,3,0,0,0,0,0,0,3,0,0,0,15,8,estimated from season exits versus eligible schedule | 15 eligible events not entered,Q School,normal,,,false,false,false,false,0,0,0,,0,false,,qSchool,qSchool,,,true,true,
2050/51,wp-toby-hale-r,Toby Hale R,18,BEL,Amateur,Q School,false,false,false,,0,0,,Amateur,,,,,,,6,6,9,,,,50,57,52,44,50,59,42,0,18,0,0,0,,0,,,,,,,0,10,0,0,0,0,0,0,0,"{""matches"":0,""wins"":0,""losses"":0,""draws"":0,""winPercentage"":0,""eventsEntered"":0,""titles"":0,""finals"":0,""prizeMoney"":0,""points"":0}",,,,,,,,,,,,,,,,false,false,false,,71,18,3,0,0,0,0,0,0,3,0,0,0,15,8,estimated from season exits versus eligible schedule | 15 eligible events not entered,Q School,normal,,,false,false,false,false,0,0,0,,0,false,,qSchool,qSchool,,,true,true,
2050/51,wp-toby-hale-s,Toby Hale S,14,ENG,Youth,Amateur,false,false,false,,0,0,,Amateur,,,,,,,,,,,,,50,60,52,44,50,59,42,0,18,,,,,,,,,,,,,,0,0,0,0,0,0,0,"{""matches"":0,""wins"":0,""losses"":0,""draws"":0,""winPercentage"":0,""eventsEntered"":0,""titles"":0,""finals"":0,""prizeMoney"":0,""points"":0}",,,,,,,,,,,,,,,,,false,false,,71,37,14,0,0,0,0,0,7,4,0,3,0,23,0,estimated from season exits versus eligible schedule | 23 eligible events not entered,Youth,normal,,,false,false,false,false,0,0,0,,0,false,,youth,youth,,,true,true,
2050/51,wp-tomas-bell,Tomas Bell,55,IRE,Veteran,Senior Tour / Legend Circuit,false,false,false,,0,0,,Amateur,,,,,,,,,,13,,,65,71,63,61,54,65,25,28,40,0,0,0,,0,,,,,,,0,12,0,0,0,0,0,0,0,"{""matches"":0,""wins"":0,""losses"":0,""draws"":0,""winPercentage"":0,""eventsEntered"":0,""titles"":0,""finals"":0,""prizeMoney"":0,""points"":0}",,,,,,,,,,,,,,5,,false,false,false,,71,6,6,0,0,0,0,0,0,0,0,0,6,0,0,,Senior/Legend,normal,,,false,false,false,false,0,0,0,,0,false,,senior,senior,,,true,true,
