season,playerId,name,age,nationality,careerPhase,competitiveStatus,isHumanPlayer,isOnMainTour,isTourCardHolder,tourCardSource,tourCardYear,yearsRemaining,expiresAfterSeason,tourSurvivalStatus,seasonOpenWorldRank,seasonCloseWorldRank,normalizedWorldRank,rawWorldRankBeforeCap,worldRank,oneYearRank,amateurRank,qTourRank,qSchoolRank,seniorRank,previousWorldRank,rankChange,overall,potential,technicalAverage,mentalAverage,physicalAverage,effectiveMatchStrength,confidence,fatigue,reputation,seasonMatches,seasonWins,seasonLosses,seasonWinPercentage,seasonTitles,seasonMajorTitles,seasonWorldChampionshipEntries,seasonBestWorldChampionshipFinish,seasonMajorQuarterFinals,seasonMajorSemiFinals,seasonMajorFinals,seasonPrizeMoney,seasonRankingPoints,careerMatches,careerWins,careerLosses,careerWinPercentage,careerTitles,careerMajorTitles,careerPrizeMoney,totalRecord,youthRecord,amateurRecord,qTourRecord,qSchoolRecord,proQualifierRecord,rankingEventRecord,majorRecord,worldQualifyingRecord,worldMainDrawRecord,playersSeriesRecord,invitationalRecord,seniorRecord,exhibitionRecord,bestWorldRank,bestWorldChampionshipFinish,worldChampionshipMainDrawEligible,worldChampionshipMainDrawEntered,worldChampionshipQualifyingEntered,reasonSkippedWorldMainDraw,availableEventsCount,eligibleEventsCount,enteredEventsCount,rankingEventsEntered,qualifierEventsEntered,majorEventsEntered,invitationalsEntered,playersSeriesEntered,qTourEventsEntered,qSchoolEventsEntered,amateurEventsEntered,youthEventsEntered,seniorEventsEntered,skippedEligibleEventsCount,skippedCoreEventsCount,skippedReasonSummary,eventAccessBand,eventVolumeBandStatus,eventVolumeWarnings,calendarValidationWarnings,tourCardValidAtSeasonOpen,tourCardValidAtSeasonClose,lifecycleCorrectionApplied,rankCapApplied,recentSeasonWins,twoYearWins,twoYearPrizeMoney,majorFinalsLastTwoYears,titlesLastTwoYears,rankingDecayApplied,stalledReason,expectedCircuit,actualCircuit,warningFlags,invalidStateReasons,validTourStatus,validEventAccess,invalidAccessReason
2040/41,human-elliot-vance,Elliot Vance,29,England,Established,Major Contender,true,true,true,Ranking Retained,0,0,,Top 16,1,1,1,1,1,35,1,,,,1,0,81,93,85,69,79,99,99,0,100,36,24,12,66.66666666666666,0,0,1,Last 16,1,0,0,773500,1796,356,246,110,69.10112359550563,8,2,12352513,"{""matches"":356,""wins"":246,""losses"":110,""draws"":0,""winPercentage"":69.10112359550563,""eventsEntered"":141,""titles"":8,""finals"":18,""prizeMoney"":12352513,""points"":37269}","{""matches"":93,""wins"":62,""losses"":31,""draws"":0,""winPercentage"":66.66666666666666,""eventsEntered"":33,""titles"":2,""finals"":6,""prizeMoney"":13853,""points"":709}","{""matches"":4,""wins"":2,""losses"":2,""draws"":0,""winPercentage"":50,""eventsEntered"":2,""titles"":0,""finals"":0,""prizeMoney"":820,""points"":35}","{""matches"":6,""wins"":3,""losses"":3,""draws"":0,""winPercentage"":50,""eventsEntered"":3,""titles"":0,""finals"":0,""prizeMoney"":4900,""points"":121}","{""matches"":5,""wins"":4,""losses"":1,""draws"":0,""winPercentage"":80,""eventsEntered"":1,""titles"":0,""finals"":0,""prizeMoney"":40,""points"":6}","{""matches"":3,""wins"":2,""losses"":1,""draws"":0,""winPercentage"":0,""eventsEntered"":7,""titles"":0,""finals"":0,""prizeMoney"":9400,""points"":146}","{""matches"":129,""wins"":98,""losses"":31,""draws"":0,""winPercentage"":75.96899224806202,""eventsEntered"":40,""titles"":3,""finals"":3,""prizeMoney"":2532300,""points"":12769}","{""matches"":52,""wins"":37,""losses"":15,""draws"":0,""winPercentage"":71.15384615384616,""eventsEntered"":18,""titles"":2,""finals"":4,""prizeMoney"":2196600,""points"":9475}","{""matches"":0,""wins"":0,""losses"":0,""draws"":0,""winPercentage"":0,""eventsEntered"":9,""titles"":0,""finals"":0,""prizeMoney"":0,""points"":0}","{""matches"":31,""wins"":22,""losses"":9,""draws"":0,""winPercentage"":70.96774193548387,""eventsEntered"":9,""titles"":0,""finals"":2,""prizeMoney"":6075000,""points"":13800}","{""matches"":2,""wins"":1,""losses"":1,""draws"":0,""winPercentage"":50,""eventsEntered"":2,""titles"":0,""finals"":0,""prizeMoney"":9600,""points"":56}","{""matches"":31,""wins"":15,""losses"":16,""draws"":0,""winPercentage"":48.38709677419355,""eventsEntered"":17,""titles"":1,""finals"":3,""prizeMoney"":1510000,""points"":152}","{""matches"":0,""wins"":0,""losses"":0,""draws"":0,""winPercentage"":0,""eventsEntered"":0,""titles"":0,""finals"":0,""prizeMoney"":0,""points"":0}","{""matches"":0,""wins"":0,""losses"":0,""draws"":0,""winPercentage"":0,""eventsEntered"":0,""titles"":0,""finals"":0,""prizeMoney"":0,""points"":0}",1,Final,true,true,false,,71,21,12,8,0,3,4,1,0,0,0,0,0,9,9,9 eligible events not entered,Top 16,normal,,,true,true,false,false,24,41,2353500,0,1,false,,mainTour,mainTour,,,true,true,
2040/41,wp-aaron-zhou,Aaron Zhou,46,BEL,Veteran,Top 16 Elite Player,false,true,true,Ranking Retained,0,0,,Top 16,2,2,2,2,2,7,,,,,2,0,93,93,93,97,87,99,64,11,65,0,0,0,,0,,,,,,,0,0,10,6,4,60,6,0,2184000,"{""matches"":10,""wins"":6,""losses"":4,""draws"":0,""winPercentage"":60,""eventsEntered"":0,""titles"":6,""finals"":0,""prizeMoney"":2184000,""points"":0}",,,,,,,,,,,,,,2,,true,true,false,,71,21,15,9,0,6,6,3,0,0,0,0,0,6,6,estimated from season exits versus eligible schedule | 6 eligible events not entered,Top 16,normal,,,true,true,false,false,0,1,650000,,1,false,,mainTour,mainTour,,,true,true,
2040/41,wp-arlo-dawes-b,Arlo Dawes B,26,BEL,Established,Top 16 Elite Player,false,true,true,Ranking Retained,0,0,,Top 16,4,3,3,3,3,11,,,,,4,1,94,95,96,99,94,99,87,0,60,1,1,0,100,1,,,,,,,103200,558,7,5,2,71.42857142857143,5,0,1727700,"{""matches"":7,""wins"":5,""losses"":2,""draws"":0,""winPercentage"":71.42857142857143,""eventsEntered"":0,""titles"":5,""finals"":0,""prizeMoney"":1727700,""points"":0}",,,,,,,,,,,,,,2,,true,true,false,,71,21,15,9,0,6,6,3,0,0,0,0,0,6,6,estimated from season exits versus eligible schedule | 6 eligible events not entered,Top 16,normal,,,true,true,false,false,1,1,103200,,1,false,,mainTour,mainTour,,,true,true,
2040/41,wp-cian-crane,Cian Crane,43,WAL,Veteran,Top 16 Elite Player,false,true,true,Ranking Retained,0,0,,Top 16,3,4,4,4,4,21,,,,,3,-1,89,89,89,91,84,99,60,7,59,0,0,0,,0,,,,,,,0,0,11,5,6,45.45454545454545,5,0,1531900,"{""matches"":11,""wins"":5,""losses"":6,""draws"":0,""winPercentage"":45.45454545454545,""eventsEntered"":0,""titles"":5,""finals"":0,""prizeMoney"":1531900,""points"":0}",,,,,,,,,,,,,,2,,true,true,false,,71,21,15,9,0,6,6,3,0,0,0,0,0,6,6,estimated from season exits versus eligible schedule | 6 eligible events not entered,Top 16,normal,,,true,true,false,false,0,0,0,,0,false,,mainTour,mainTour,top16-low-overall-no-results;top4-low-wins-no-results,,true,true,
2040/41,wp-aaron-nash,Aaron Nash,60,BEL,Veteran,Top 16 Elite Player,false,true,true,Ranking Retained,0,0,,Top 16,8,5,5,5,5,5,,,,,8,3,84,84,81,84,70,86,44,40,51,2,1,1,50,1,,,,,,,85900,467,13,4,9,30.76923076923077,4,0,546600,"{""matches"":13,""wins"":4,""losses"":9,""draws"":0,""winPercentage"":30.76923076923077,""eventsEntered"":0,""titles"":4,""finals"":0,""prizeMoney"":546600,""points"":0}",,,,,,,,,,,,,,5,,true,true,false,,71,21,15,9,0,6,6,3,0,0,0,0,0,6,6,estimated from season exits versus eligible schedule | 6 eligible events not entered,Top 16,normal,,,true,true,false,false,1,1,210900,,1,false,,mainTour,mainTour,,,true,true,
2040/41,wp-arlo-dawes-a,Arlo Dawes A,29,BEL,Established,Top 16 Elite Player,false,true,true,Ranking Retained,0,0,,Top 16,9,6,6,6,6,10,,,,,9,3,86,86,88,90,86,99,86,0,52,1,1,0,100,1,,,,,,,84000,440,11,4,7,36.36363636363637,4,0,575500,"{""matches"":11,""wins"":4,""losses"":7,""draws"":0,""winPercentage"":36.36363636363637,""eventsEntered"":0,""titles"":4,""finals"":0,""prizeMoney"":575500,""points"":0}",,,,,,,,,,,,,,2,,true,true,false,,71,21,15,9,0,6,6,3,0,0,0,0,0,6,6,estimated from season exits versus eligible schedule | 6 eligible events not entered,Top 16,normal,,,true,true,false,false,1,1,116500,,1,false,,mainTour,mainTour,,,true,true,
2040/41,wp-aiden-pike,Aiden Pike,46,ENG,Veteran,Top 16 Elite Player,false,true,true,Ranking Retained,0,0,,Top 16,5,7,7,7,7,8,,,,,5,-2,94,94,94,97,88,99,68,11,55,0,0,0,,0,,,,,,,0,0,7,5,2,71.42857142857143,5,0,761000,"{""matches"":7,""wins"":5,""losses"":2,""draws"":0,""winPercentage"":71.42857142857143,""eventsEntered"":0,""titles"":5,""finals"":0,""prizeMoney"":761000,""points"":0}",,,,,,,,,,,,,,4,,true,true,false,,71,21,15,9,0,6,6,3,0,0,0,0,0,6,6,estimated from season exits versus eligible schedule | 6 eligible events not entered,Top 16,normal,,,true,true,false,false,0,0,0,,0,false,,mainTour,mainTour,top16-low-overall-no-results,,true,true,
2040/41,wp-arlo-dawes,Arlo Dawes,29,BEL,Established,Top 16 Elite Player,false,true,true,Ranking Retained,0,0,,Top 16,6,8,8,8,8,9,,,,,6,-2,86,86,88,87,86,99,62,0,51,0,0,0,,0,,,,,,,0,0,10,4,6,40,4,0,485400,"{""matches"":10,""wins"":4,""losses"":6,""draws"":0,""winPercentage"":40,""eventsEntered"":0,""titles"":4,""finals"":0,""prizeMoney"":485400,""points"":0}",,,,,,,,,,,,,,6,,true,true,false,,71,21,15,9,0,6,6,3,0,0,0,0,0,6,6,estimated from season exits versus eligible schedule | 6 eligible events not entered,Top 16,normal,,,true,true,false,false,0,1,109000,,1,false,,mainTour,mainTour,,,true,true,
2040/41,wp-aaron-keane,Aaron Keane,42,BEL,Veteran,Top 16 Elite Player,false,true,true,Ranking Retained,0,0,,Top 16,7,9,9,9,9,3,,,,,7,-2,88,88,88,89,83,99,61,6,50,0,0,0,,0,,,,,,,0,0,6,3,3,50,3,0,656200,"{""matches"":6,""wins"":3,""losses"":3,""draws"":0,""winPercentage"":50,""eventsEntered"":0,""titles"":3,""finals"":0,""prizeMoney"":656200,""points"":0}",,,,,,,,,,,,,,3,,true,true,false,,71,21,15,9,0,6,6,3,0,0,0,0,0,6,6,estimated from season exits versus eligible schedule | 6 eligible events not entered,Top 16,normal,,,true,true,false,false,0,1,181200,,1,false,,mainTour,mainTour,,,true,true,
2040/41,wp-aaron-crane,Aaron Crane,44,BEL,Veteran,Top 16 Elite Player,false,true,true,Ranking Retained,0,0,,Top 16,11,10,10,10,10,1,,,,,11,1,90,90,90,93,84,99,80,10,52,1,1,0,100,1,,,,,,,200000,480,7,4,3,57.14285714285714,4,0,612000,"{""matches"":7,""wins"":4,""losses"":3,""draws"":0,""winPercentage"":57.14285714285714,""eventsEntered"":0,""titles"":4,""finals"":0,""prizeMoney"":612000,""points"":0}",,,,,,,,,,,,,,1,,true,true,false,,71,21,15,9,0,6,6,3,0,0,0,0,0,6,6,estimated from season exits versus eligible schedule | 6 eligible events not entered,Top 16,normal,,,true,true,false,false,1,1,200000,,1,false,,mainTour,mainTour,,,true,true,
2040/41,wp-aaron-mercer,Aaron Mercer,34,BEL,Established,Top 16 Elite Player,false,true,true,Ranking Retained,0,0,,Top 16,14,12,11,12,11,4,,,,,14,3,85,85,87,87,84,99,66,1,50,2,1,1,50,1,,,,,,,60600,305,11,4,7,36.36363636363637,4,0,250200,"{""matches"":11,""wins"":4,""losses"":7,""draws"":0,""winPercentage"":36.36363636363637,""eventsEntered"":0,""titles"":4,""finals"":0,""prizeMoney"":250200,""points"":0}",,,,,,,,,,,,,,4,,true,true,false,,71,21,15,9,0,6,6,3,0,0,0,0,0,6,6,estimated from season exits versus eligible schedule | 6 eligible events not entered,Top 16,normal,,,true,true,false,false,1,1,81200,,1,false,,mainTour,mainTour,,,true,true,
2040/41,wp-aaron-sloan,Aaron Sloan,43,BEL,Veteran,Top 16 Elite Player,false,true,true,Ranking Retained,0,0,,Top 16,10,11,12,11,12,6,,,,,10,-2,82,82,82,82,77,92,50,8,48,0,0,0,,0,,,,,,,0,0,12,3,9,25,3,0,423300,"{""matches"":12,""wins"":3,""losses"":9,""draws"":0,""winPercentage"":25,""eventsEntered"":0,""titles"":3,""finals"":0,""prizeMoney"":423300,""points"":0}",,,,,,,,,,,,,,5,,true,true,false,,71,21,15,9,0,6,6,3,0,0,0,0,0,6,6,estimated from season exits versus eligible schedule | 6 eligible events not entered,Top 16,normal,,,true,true,false,true,0,0,19000,,0,true,,mainTour,mainTour,,,true,true,
2040/41,wp-cian-holt,Cian Holt,41,WAL,Veteran,Top 16 Elite Player,false,true,true,Ranking Retained,0,0,,Top 16,12,13,13,13,13,22,,,,,12,-1,84,84,85,87,80,99,83,5,49,1,1,0,100,1,,,,,,,38400,222,12,4,8,33.33333333333333,4,0,282800,"{""matches"":12,""wins"":4,""losses"":8,""draws"":0,""winPercentage"":33.33333333333333,""eventsEntered"":0,""titles"":4,""finals"":0,""prizeMoney"":282800,""points"":0}",,,,,,,,,,,,,,8,,true,true,false,,71,20,15,9,0,5,6,2,0,0,0,0,0,5,5,estimated from season exits versus eligible schedule | 5 eligible events not entered,Top 16,normal,,,true,true,false,false,1,1,98400,,1,false,,mainTour,mainTour,,,true,true,
2040/41,wp-callum-reeve,Callum Reeve,49,ENG,Veteran,Top 16 Elite Player,false,true,true,Ranking Retained,0,0,,Top 16,13,14,14,14,14,20,,,,,13,-1,87,88,86,88,79,95,55,23,50,2,1,1,50,1,,,,,,,50400,270,9,4,5,44.44444444444444,4,0,231200,"{""matches"":9,""wins"":4,""losses"":5,""draws"":0,""winPercentage"":44.44444444444444,""eventsEntered"":0,""titles"":4,""finals"":0,""prizeMoney"":231200,""points"":0}",,,,,,,,,,,,,,3,,true,true,false,,71,20,15,9,0,5,6,2,0,0,0,0,0,5,5,estimated from season exits versus eligible schedule | 5 eligible events not entered,Top 16,normal,,,true,true,false,false,1,1,50400,,1,false,,mainTour,mainTour,,,true,true,
2040/41,wp-arlo-dawes-c,Arlo Dawes C,26,BEL,Established,Top 16 Elite Player,false,true,true,Ranking Retained,0,0,,Top 16,15,16,15,16,15,12,,,,,15,0,91,93,93,95,91,99,88,0,52,1,1,0,100,1,,,,,,,34000,186,10,6,4,60,6,0,202800,"{""matches"":10,""wins"":6,""losses"":4,""draws"":0,""winPercentage"":60,""eventsEntered"":0,""titles"":6,""finals"":0,""prizeMoney"":202800,""points"":0}",,,,,,,,,,,,,,10,,true,true,false,,71,20,15,9,0,5,6,2,0,0,0,0,0,5,5,estimated from season exits versus eligible schedule | 5 eligible events not entered,Top 16,normal,,,true,true,false,false,1,2,39600,,2,false,,mainTour,mainTour,,,true,true,
2040/41,wp-aaron-holt,Aaron Holt,48,BEL,Veteran,Top 16 Elite Player,false,true,true,Ranking Retained,0,0,,Top 16,16,15,16,15,16,2,,,,,16,0,86,87,85,87,78,95,56,21,50,2,1,1,50,1,,,,,,,34800,201,10,4,6,40,4,0,189800,"{""matches"":10,""wins"":4,""losses"":6,""draws"":0,""winPercentage"":40,""eventsEntered"":0,""titles"":4,""finals"":0,""prizeMoney"":189800,""points"":0}",,,,,,,,,,,,,,2,,true,true,false,,71,20,15,9,0,5,6,2,0,0,0,0,0,5,5,estimated from season exits versus eligible schedule | 5 eligible events not entered,Top 16,normal,,,true,true,false,true,1,1,46800,,1,true,,mainTour,mainTour,,,true,true,
2040/41,wp-arlo-dawes-d,Arlo Dawes D,26,BEL,Established,Top 32 Professional,false,true,true,Ranking Retained,0,0,,Top 32,17,17,17,17,17,13,,,,,17,0,72,73,74,69,72,81,42,0,38,0,0,0,,0,,,,,,,0,0,0,0,0,0,0,0,0,"{""matches"":0,""wins"":0,""losses"":0,""draws"":0,""winPercentage"":0,""eventsEntered"":0,""titles"":0,""finals"":0,""prizeMoney"":0,""points"":0}",,,,,,,,,,,,,,17,,false,false,true,,71,22,13,8,2,1,3,1,0,0,0,0,0,9,9,estimated from season exits versus eligible schedule | 9 eligible events not entered,Top 32,normal,,,true,true,false,false,0,0,0,,0,false,,mainTour,mainTour,,,true,true,
2040/41,wp-arlo-dawes-e,Arlo Dawes E,24,THA,Rookie,Top 32 Professional,false,true,true,Ranking Retained,0,0,,Top 32,18,18,18,18,18,14,,,,,18,0,72,75,74,69,72,81,42,0,38,0,0,0,,0,,,,,,,0,0,0,0,0,0,0,0,0,"{""matches"":0,""wins"":0,""losses"":0,""draws"":0,""winPercentage"":0,""eventsEntered"":0,""titles"":0,""finals"":0,""prizeMoney"":0,""points"":0}",,,,,,,,,,,,,,18,,false,false,true,,71,22,13,8,2,1,3,1,0,0,0,0,0,9,9,estimated from season exits versus eligible schedule | 9 eligible events not entered,Top 32,normal,,,true,true,false,false,0,0,0,,0,false,,mainTour,mainTour,,,true,true,
2040/41,wp-arlo-dawes-f,Arlo Dawes F,21,THA,Rookie,Top 32 Professional,false,true,true,Ranking Retained,0,0,,Top 32,19,19,19,19,19,15,,,,,19,0,72,77,74,69,72,81,42,0,38,0,0,0,,0,,,,,,,0,0,0,0,0,0,0,0,0,"{""matches"":0,""wins"":0,""losses"":0,""draws"":0,""winPercentage"":0,""eventsEntered"":0,""titles"":0,""finals"":0,""prizeMoney"":0,""points"":0}",,,,,,,,,,,,,,19,,false,false,true,,71,22,13,8,2,1,3,1,0,0,0,0,0,9,9,estimated from season exits versus eligible schedule | 9 eligible events not entered,Top 32,normal,,,true,true,false,false,0,0,0,,0,false,,mainTour,mainTour,,,true,true,
2040/41,wp-arlo-dawes-g,Arlo Dawes G,21,THA,Rookie,Top 32 Professional,false,true,true,Ranking Retained,0,0,,Top 32,20,20,20,20,20,16,,,,,20,0,72,77,74,69,72,81,42,0,37,0,0,0,,0,,,,,,,0,0,0,0,0,0,0,0,0,"{""matches"":0,""wins"":0,""losses"":0,""draws"":0,""winPercentage"":0,""eventsEntered"":0,""titles"":0,""finals"":0,""prizeMoney"":0,""points"":0}",,,,,,,,,,,,,,20,,false,false,true,,71,22,13,8,2,1,3,1,0,0,0,0,0,9,9,estimated from season exits versus eligible schedule | 9 eligible events not entered,Top 32,normal,,,true,true,false,false,0,0,0,,0,false,,mainTour,mainTour,,,true,true,
2040/41,wp-arlo-dawes-h,Arlo Dawes H,18,BEL,Rookie,Top 32 Professional,false,true,true,Federation Route,1,2,2042/43,At Risk,,21,21,21,21,17,,,,,,,59,66,61,53,59,68,42,0,18,0,0,0,,0,,,,,,,0,24,0,0,0,0,0,0,0,"{""matches"":0,""wins"":0,""losses"":0,""draws"":0,""winPercentage"":0,""eventsEntered"":0,""titles"":0,""finals"":0,""prizeMoney"":0,""points"":0}",,,,,,,,,,,,,,,,false,false,true,,71,22,13,8,2,1,3,1,0,0,0,0,0,9,9,estimated from season exits versus eligible schedule | 9 eligible events not entered,Top 32,normal,,,true,true,false,false,0,0,0,,0,false,,mainTour,mainTour,,,true,true,
2040/41,wp-arlo-dawes-i,Arlo Dawes I,18,BEL,Rookie,Top 32 Professional,false,true,true,Federation Route,1,2,2042/43,At Risk,,22,22,22,22,18,,,,,,,58,65,60,52,58,67,42,0,18,0,0,0,,0,,,,,,,0,12,0,0,0,0,0,0,0,"{""matches"":0,""wins"":0,""losses"":0,""draws"":0,""winPercentage"":0,""eventsEntered"":0,""titles"":0,""finals"":0,""prizeMoney"":0,""points"":0}",,,,,,,,,,,,,,,,false,false,true,,71,22,13,8,2,1,3,1,0,0,0,0,0,9,9,estimated from season exits versus eligible schedule | 9 eligible events not entered,Top 32,normal,,,true,true,false,false,0,0,0,,0,false,,mainTour,mainTour,,,true,true,
2040/41,wp-arlo-dawes-j,Arlo Dawes J,15,BEL,Rookie,Top 32 Professional,false,true,true,Federation Route,1,2,2042/43,At Risk,,23,23,23,23,19,,,,,,,58,67,60,52,58,67,42,0,18,0,0,0,,0,,,,,,,0,9,0,0,0,0,0,0,0,"{""matches"":0,""wins"":0,""losses"":0,""draws"":0,""winPercentage"":0,""eventsEntered"":0,""titles"":0,""finals"":0,""prizeMoney"":0,""points"":0}",,,,,,,,,,,,,,,,false,false,true,,71,22,13,8,2,1,3,1,0,0,0,0,0,9,9,estimated from season exits versus eligible schedule | 9 eligible events not entered,Top 32,normal,,,true,true,false,false,0,0,0,,0,false,,mainTour,mainTour,,,true,true,
2040/41,wp-cian-keane,Cian Keane,36,WAL,Established,Top 32 Professional,false,true,true,Ranking Retained,0,0,,Top 32,21,21,24,21,24,23,,,,,21,-3,84,85,86,84,82,98,63,0,41,0,0,0,,0,,,,,,,0,0,2,1,1,50,1,0,0,"{""matches"":2,""wins"":1,""losses"":1,""draws"":0,""winPercentage"":50,""eventsEntered"":0,""titles"":1,""finals"":0,""prizeMoney"":0,""points"":0}",,,,,,,,,,,,,,12,,false,false,true,,71,22,13,8,2,1,3,1,0,0,0,0,0,9,9,estimated from season exits versus eligible schedule | 9 eligible events not entered,Top 32,normal,,,true,true,false,true,0,0,0,,0,true,,mainTour,mainTour,,,true,true,
2040/41,wp-cian-mercer,Cian Mercer,42,WAL,Veteran,Top 32 Professional,false,true,true,Ranking Retained,0,0,,Top 32,22,22,25,22,25,24,,,,,22,-3,72,73,72,69,67,79,38,7,39,0,0,0,,0,,,,,,,0,0,1,0,1,0,0,0,0,"{""matches"":1,""wins"":0,""losses"":1,""draws"":0,""winPercentage"":0,""eventsEntered"":0,""titles"":0,""finals"":0,""prizeMoney"":0,""points"":0}",,,,,,,,,,,,,,13,,false,false,true,,71,22,13,8,2,1,3,1,0,0,0,0,0,9,9,estimated from season exits versus eligible schedule | 9 eligible events not entered,Top 32,normal,,,true,true,false,true,0,0,0,,0,true,,mainTour,mainTour,,,true,true,
2040/41,wp-cian-nash,Cian Nash,36,WAL,Established,Top 32 Professional,false,true,true,Ranking Retained,0,0,,Top 32,23,23,26,23,26,25,,,,,23,-3,80,81,82,79,78,92,56,0,41,0,0,0,,0,,,,,,,0,0,3,1,2,33.33333333333333,1,0,0,"{""matches"":3,""wins"":1,""losses"":2,""draws"":0,""winPercentage"":33.33333333333333,""eventsEntered"":0,""titles"":1,""finals"":0,""prizeMoney"":0,""points"":0}",,,,,,,,,,,,,,14,,false,false,true,,71,22,13,8,2,1,3,1,0,0,0,0,0,9,9,estimated from season exits versus eligible schedule | 9 eligible events not entered,Top 32,normal,,,true,true,false,true,0,0,0,,0,true,,mainTour,mainTour,,,true,true,
2040/41,wp-cian-sloan,Cian Sloan,37,WAL,Established,Top 32 Professional,false,true,true,Ranking Retained,0,0,,Top 32,24,24,27,24,27,26,,,,,24,-3,72,73,73,69,70,81,42,0,38,0,0,0,,0,,,,,,,0,0,2,0,2,0,0,0,0,"{""matches"":2,""wins"":0,""losses"":2,""draws"":0,""winPercentage"":0,""eventsEntered"":0,""titles"":0,""finals"":0,""prizeMoney"":0,""points"":0}",,,,,,,,,,,,,,15,,false,false,true,,71,22,13,8,2,1,3,1,0,0,0,0,0,9,9,estimated from season exits versus eligible schedule | 9 eligible events not entered,Top 32,normal,,,true,true,false,true,0,0,0,,0,true,,mainTour,mainTour,,,true,true,
2040/41,wp-cian-zhou,Cian Zhou,60,WAL,Veteran,Top 32 Professional,false,true,true,Ranking Retained,0,0,,Top 32,25,25,28,25,28,27,,,,,25,-3,71,72,68,66,58,69,20,36,38,0,0,0,,0,,,,,,,0,0,0,0,0,0,0,0,0,"{""matches"":0,""wins"":0,""losses"":0,""draws"":0,""winPercentage"":0,""eventsEntered"":0,""titles"":0,""finals"":0,""prizeMoney"":0,""points"":0}",,,,,,,,,,,,,,16,,false,false,true,,71,22,13,8,2,1,3,1,0,0,0,0,0,9,9,estimated from season exits versus eligible schedule | 9 eligible events not entered,Top 32,normal,,,true,true,false,true,0,0,0,,0,true,,mainTour,mainTour,,,true,true,
2040/41,wp-daniel-crane,Daniel Crane,68,AUS,Veteran,Top 32 Professional,false,true,true,Ranking Retained,0,0,,Top 32,26,26,29,26,29,28,,,,,26,-3,71,72,66,65,54,65,12,49,38,0,0,0,,0,,,,,,,0,0,0,0,0,0,0,0,0,"{""matches"":0,""wins"":0,""losses"":0,""draws"":0,""winPercentage"":0,""eventsEntered"":0,""titles"":0,""finals"":0,""prizeMoney"":0,""points"":0}",,,,,,,,,,,,,,17,,false,false,true,,71,22,13,8,2,1,3,1,0,0,0,0,0,9,9,estimated from season exits versus eligible schedule | 9 eligible events not entered,Top 32,normal,,,true,true,false,true,0,0,0,,0,true,,mainTour,mainTour,,,true,true,
2040/41,wp-daniel-holt,Daniel Holt,43,AUS,Veteran,Top 32 Professional,false,true,true,Ranking Retained,0,0,,Top 32,27,27,30,27,30,29,,,,,27,-3,71,72,71,68,66,78,37,9,38,0,0,0,,0,,,,,,,0,0,0,0,0,0,0,0,0,"{""matches"":0,""wins"":0,""losses"":0,""draws"":0,""winPercentage"":0,""eventsEntered"":0,""titles"":0,""finals"":0,""prizeMoney"":0,""points"":0}",,,,,,,,,,,,,,18,,false,false,true,,71,22,13,8,2,1,3,1,0,0,0,0,0,9,9,estimated from season exits versus eligible schedule | 9 eligible events not entered,Top 32,normal,,,true,true,false,true,0,0,0,,0,true,,mainTour,mainTour,,,true,true,
2040/41,wp-daniel-keane,Daniel Keane,36,AUS,Established,Top 32 Professional,false,true,true,Ranking Retained,0,0,,Top 32,28,28,31,28,31,30,,,,,28,-3,71,72,73,68,69,80,42,0,38,0,0,0,,0,,,,,,,0,0,0,0,0,0,0,0,0,"{""matches"":0,""wins"":0,""losses"":0,""draws"":0,""winPercentage"":0,""eventsEntered"":0,""titles"":0,""finals"":0,""prizeMoney"":0,""points"":0}",,,,,,,,,,,,,,19,,false,false,true,,71,22,13,8,2,1,3,1,0,0,0,0,0,9,9,estimated from season exits versus eligible schedule | 9 eligible events not entered,Top 32,normal,,,true,true,false,true,0,0,0,,0,true,,mainTour,mainTour,,,true,true,
2040/41,wp-daniel-mercer,Daniel Mercer,42,AUS,Veteran,Top 32 Professional,false,true,true,Ranking Retained,0,0,,Top 32,29,29,32,29,32,31,,,,,29,-3,71,72,71,68,66,78,38,7,37,0,0,0,,0,,,,,,,0,0,0,0,0,0,0,0,0,"{""matches"":0,""wins"":0,""losses"":0,""draws"":0,""winPercentage"":0,""eventsEntered"":0,""titles"":0,""finals"":0,""prizeMoney"":0,""points"":0}",,,,,,,,,,,,,,20,,false,false,true,,71,22,13,8,2,1,3,1,0,0,0,0,0,9,9,estimated from season exits versus eligible schedule | 9 eligible events not entered,Top 32,normal,,,true,true,false,true,0,0,0,,0,true,,mainTour,mainTour,,,true,true,
2040/41,wp-daniel-nash,Daniel Nash,36,AUS,Established,Tour Survivor / Top 64,false,true,true,Ranking Retained,0,0,,Top 32,30,30,33,30,33,32,,,,,30,-3,70,71,72,67,68,79,42,0,37,0,0,0,,0,,,,,,,0,0,0,0,0,0,0,0,0,"{""matches"":0,""wins"":0,""losses"":0,""draws"":0,""winPercentage"":0,""eventsEntered"":0,""titles"":0,""finals"":0,""prizeMoney"":0,""points"":0}",,,,,,,,,,,,,,21,,false,false,true,,71,18,11,8,3,1,0,0,0,0,0,0,0,7,7,estimated from season exits versus eligible schedule | 7 eligible events not entered,Top 64,normal,,,true,true,false,true,0,0,0,,0,true,,mainTour,mainTour,,,true,true,
2040/41,wp-daniel-sloan,Daniel Sloan,37,AUS,Established,Tour Survivor / Top 64,false,true,true,Ranking Retained,0,0,,Top 32,31,31,34,31,34,33,,,,,31,-3,70,71,71,67,68,79,42,0,37,0,0,0,,0,,,,,,,0,0,0,0,0,0,0,0,0,"{""matches"":0,""wins"":0,""losses"":0,""draws"":0,""winPercentage"":0,""eventsEntered"":0,""titles"":0,""finals"":0,""prizeMoney"":0,""points"":0}",,,,,,,,,,,,,,22,,false,false,true,,71,18,11,8,3,1,0,0,0,0,0,0,0,7,7,estimated from season exits versus eligible schedule | 7 eligible events not entered,Top 64,normal,,,true,true,false,true,0,0,0,,0,true,,mainTour,mainTour,,,true,true,
2040/41,wp-daniel-zhou,Daniel Zhou,41,AUS,Veteran,Tour Survivor / Top 64,false,true,true,Ranking Retained,0,0,,Top 32,32,32,35,32,35,34,,,,,32,-3,70,71,71,67,66,78,39,6,37,0,0,0,,0,,,,,,,0,0,0,0,0,0,0,0,0,"{""matches"":0,""wins"":0,""losses"":0,""draws"":0,""winPercentage"":0,""eventsEntered"":0,""titles"":0,""finals"":0,""prizeMoney"":0,""points"":0}",,,,,,,,,,,,,,23,,false,false,true,,71,18,11,8,3,1,0,0,0,0,0,0,0,7,7,estimated from season exits versus eligible schedule | 7 eligible events not entered,Top 64,normal,,,true,true,false,true,0,0,0,,0,true,,mainTour,mainTour,,,true,true,
2040/41,wp-ethan-crane,Ethan Crane,69,SCO,Veteran,Tour Survivor / Top 64,false,true,true,Ranking Retained,0,0,,Safe,33,33,36,33,36,36,,,,,33,-3,71,72,66,65,53,64,11,50,38,0,0,0,,0,,,,,,,0,0,0,0,0,0,0,0,0,"{""matches"":0,""wins"":0,""losses"":0,""draws"":0,""winPercentage"":0,""eventsEntered"":0,""titles"":0,""finals"":0,""prizeMoney"":0,""points"":0}",,,,,,,,,,,,,,15,,false,false,true,,71,18,11,8,3,1,0,0,0,0,0,0,0,7,7,estimated from season exits versus eligible schedule | 7 eligible events not entered,Top 64,normal,,,true,true,false,true,0,0,0,,0,true,,mainTour,mainTour,,,true,true,
2040/41,wp-ethan-dawes,Ethan Dawes,35,SCO,Established,Tour Survivor / Top 64,false,true,true,Ranking Retained,0,0,,Safe,34,34,37,34,37,37,,,,,34,-3,70,71,72,67,68,79,42,0,37,0,0,0,,0,,,,,,,0,0,0,0,0,0,0,0,0,"{""matches"":0,""wins"":0,""losses"":0,""draws"":0,""winPercentage"":0,""eventsEntered"":0,""titles"":0,""finals"":0,""prizeMoney"":0,""points"":0}",,,,,,,,,,,,,,25,,false,false,true,,71,18,11,8,3,1,0,0,0,0,0,0,0,7,7,estimated from season exits versus eligible schedule | 7 eligible events not entered,Top 64,normal,,,true,true,false,true,0,0,0,,0,true,,mainTour,mainTour,,,true,true,
2040/41,wp-ethan-holt,Ethan Holt,46,SCO,Veteran,Tour Survivor / Top 64,false,true,true,Ranking Retained,0,0,,Safe,35,35,38,35,38,38,,,,,35,-3,69,70,69,65,62,74,34,14,36,0,0,0,,0,,,,,,,0,0,0,0,0,0,0,0,0,"{""matches"":0,""wins"":0,""losses"":0,""draws"":0,""winPercentage"":0,""eventsEntered"":0,""titles"":0,""finals"":0,""prizeMoney"":0,""points"":0}",,,,,,,,,,,,,,26,,false,false,true,,71,18,11,8,3,1,0,0,0,0,0,0,0,7,7,estimated from season exits versus eligible schedule | 7 eligible events not entered,Top 64,normal,,,true,true,false,true,0,0,0,,0,true,,mainTour,mainTour,,,true,true,
2040/41,wp-ethan-keane,Ethan Keane,37,SCO,Established,Tour Survivor / Top 64,false,true,true,Ranking Retained,0,0,,Safe,36,36,39,36,39,39,,,,,36,-3,69,70,70,66,67,78,42,0,36,0,0,0,,0,,,,,,,0,0,0,0,0,0,0,0,0,"{""matches"":0,""wins"":0,""losses"":0,""draws"":0,""winPercentage"":0,""eventsEntered"":0,""titles"":0,""finals"":0,""prizeMoney"":0,""points"":0}",,,,,,,,,,,,,,27,,false,false,true,,71,18,11,8,3,1,0,0,0,0,0,0,0,7,7,estimated from season exits versus eligible schedule | 7 eligible events not entered,Top 64,normal,,,true,true,false,true,0,0,0,,0,true,,mainTour,mainTour,,,true,true,
2040/41,wp-ethan-mercer,Ethan Mercer,39,SCO,Established,Tour Survivor / Top 64,false,true,true,Ranking Retained,0,0,,Safe,37,37,40,37,40,40,,,,,37,-3,69,70,70,66,66,77,41,3,36,0,0,0,,0,,,,,,,0,0,0,0,0,0,0,0,0,"{""matches"":0,""wins"":0,""losses"":0,""draws"":0,""winPercentage"":0,""eventsEntered"":0,""titles"":0,""finals"":0,""prizeMoney"":0,""points"":0}",,,,,,,,,,,,,,28,,false,false,true,,71,18,11,8,3,1,0,0,0,0,0,0,0,7,7,estimated from season exits versus eligible schedule | 7 eligible events not entered,Top 64,normal,,,true,true,false,true,0,0,0,,0,true,,mainTour,mainTour,,,true,true,
2040/41,wp-ethan-nash,Ethan Nash,37,SCO,Established,Tour Survivor / Top 64,false,true,true,Ranking Retained,0,0,,Safe,38,38,41,38,41,41,,,,,38,-3,69,70,70,66,67,78,42,0,36,0,0,0,,0,,,,,,,0,0,0,0,0,0,0,0,0,"{""matches"":0,""wins"":0,""losses"":0,""draws"":0,""winPercentage"":0,""eventsEntered"":0,""titles"":0,""finals"":0,""prizeMoney"":0,""points"":0}",,,,,,,,,,,,,,29,,false,false,true,,71,18,11,8,3,1,0,0,0,0,0,0,0,7,7,estimated from season exits versus eligible schedule | 7 eligible events not entered,Top 64,normal,,,true,true,false,true,0,0,0,,0,true,,mainTour,mainTour,,,true,true,
2040/41,wp-ethan-sloan,Ethan Sloan,46,SCO,Veteran,Tour Survivor / Top 64,false,true,true,Ranking Retained,0,0,,Safe,39,39,42,39,42,42,,,,,39,-3,69,70,69,65,62,74,34,14,36,0,0,0,,0,,,,,,,0,0,0,0,0,0,0,0,0,"{""matches"":0,""wins"":0,""losses"":0,""draws"":0,""winPercentage"":0,""eventsEntered"":0,""titles"":0,""finals"":0,""prizeMoney"":0,""points"":0}",,,,,,,,,,,,,,30,,false,false,true,,71,18,11,8,3,1,0,0,0,0,0,0,0,7,7,estimated from season exits versus eligible schedule | 7 eligible events not entered,Top 64,normal,,,true,true,false,true,0,0,0,,0,true,,mainTour,mainTour,,,true,true,
2040/41,wp-ethan-zhou,Ethan Zhou,44,SCO,Veteran,Tour Survivor / Top 64,false,true,true,Ranking Retained,0,0,,Safe,40,40,43,40,43,43,,,,,40,-3,68,69,68,64,62,74,36,11,35,0,0,0,,0,,,,,,,0,0,0,0,0,0,0,0,0,"{""matches"":0,""wins"":0,""losses"":0,""draws"":0,""winPercentage"":0,""eventsEntered"":0,""titles"":0,""finals"":0,""prizeMoney"":0,""points"":0}",,,,,,,,,,,,,,31,,false,false,true,,71,18,11,8,3,1,0,0,0,0,0,0,0,7,7,estimated from season exits versus eligible schedule | 7 eligible events not entered,Top 64,normal,,,true,true,false,true,0,0,0,,0,true,,mainTour,mainTour,,,true,true,
2040/41,wp-evan-mori,Evan Mori,29,CHN,Established,Tour Survivor / Top 64,false,true,true,Ranking Retained,0,0,,Safe,41,41,44,41,44,44,,,,,41,-3,68,69,70,65,68,77,42,0,35,0,0,0,,0,,,,,,,0,0,0,0,0,0,0,0,0,"{""matches"":0,""wins"":0,""losses"":0,""draws"":0,""winPercentage"":0,""eventsEntered"":0,""titles"":0,""finals"":0,""prizeMoney"":0,""points"":0}",,,,,,,,,,,,,,33,,false,false,true,,71,18,11,8,3,1,0,0,0,0,0,0,0,7,7,estimated from season exits versus eligible schedule | 7 eligible events not entered,Top 64,normal,,,true,true,false,true,0,0,0,,0,true,,mainTour,mainTour,,,true,true,
2040/41,wp-evan-mori-a,Evan Mori A,29,CHN,Established,Tour Survivor / Top 64,false,true,true,Ranking Retained,0,0,,Safe,42,42,45,42,45,45,,,,,42,-3,91,91,93,93,91,99,84,0,39,0,0,0,,0,,,,,,,0,0,2,2,0,100,2,0,0,"{""matches"":2,""wins"":2,""losses"":0,""draws"":0,""winPercentage"":100,""eventsEntered"":0,""titles"":2,""finals"":0,""prizeMoney"":0,""points"":0}",,,,,,,,,,,,,,36,,false,false,true,,71,18,11,8,3,1,0,0,0,0,0,0,0,7,7,estimated from season exits versus eligible schedule | 7 eligible events not entered,Top 64,normal,,,true,true,false,true,0,0,0,,0,true,,mainTour,mainTour,,,true,true,
2040/41,wp-evan-mori-b,Evan Mori B,26,CHN,Established,Tour Survivor / Top 64,false,true,true,Ranking Retained,0,0,,Safe,43,43,46,43,46,46,,,,,43,-3,67,69,69,64,67,76,42,0,34,0,0,0,,0,,,,,,,0,0,0,0,0,0,0,0,0,"{""matches"":0,""wins"":0,""losses"":0,""draws"":0,""winPercentage"":0,""eventsEntered"":0,""titles"":0,""finals"":0,""prizeMoney"":0,""points"":0}",,,,,,,,,,,,,,37,,false,false,true,,71,18,11,8,3,1,0,0,0,0,0,0,0,7,7,estimated from season exits versus eligible schedule | 7 eligible events not entered,Top 64,normal,,,true,true,false,true,0,0,0,,0,true,,mainTour,mainTour,,,true,true,
2040/41,wp-evan-mori-c,Evan Mori C,26,CHN,Established,Tour Survivor / Top 64,false,true,true,Ranking Retained,0,0,,Safe,44,44,47,44,47,47,,,,,44,-3,90,92,92,91,90,99,83,0,36,0,0,0,,0,,,,,,,0,0,1,1,0,100,1,0,0,"{""matches"":1,""wins"":1,""losses"":0,""draws"":0,""winPercentage"":100,""eventsEntered"":0,""titles"":1,""finals"":0,""prizeMoney"":0,""points"":0}",,,,,,,,,,,,,,39,,false,false,true,,71,18,11,8,3,1,0,0,0,0,0,0,0,7,7,estimated from season exits versus eligible schedule | 7 eligible events not entered,Top 64,normal,,,true,true,false,true,0,0,0,,0,true,,mainTour,mainTour,,,true,true,
2040/41,wp-evan-mori-d,Evan Mori D,26,CHN,Established,Tour Survivor / Top 64,false,true,true,Ranking Retained,0,0,,Safe,45,45,48,45,48,48,,,,,45,-3,89,91,91,90,89,99,83,0,35,0,0,0,,0,,,,,,,0,0,1,1,0,100,1,0,0,"{""matches"":1,""wins"":1,""losses"":0,""draws"":0,""winPercentage"":100,""eventsEntered"":0,""titles"":1,""finals"":0,""prizeMoney"":0,""points"":0}",,,,,,,,,,,,,,42,,false,false,true,,71,18,11,8,3,1,0,0,0,0,0,0,0,7,7,estimated from season exits versus eligible schedule | 7 eligible events not entered,Top 64,normal,,,true,true,false,true,0,0,0,,0,true,,mainTour,mainTour,,,true,true,
2040/41,wp-evan-mori-e,Evan Mori E,23,CHN,Rookie,Tour Survivor / Top 64,false,true,true,Ranking Retained,0,0,,Safe,46,46,49,46,49,49,,,,,46,-3,67,71,69,64,67,76,42,0,33,0,0,0,,0,,,,,,,0,0,0,0,0,0,0,0,0,"{""matches"":0,""wins"":0,""losses"":0,""draws"":0,""winPercentage"":0,""eventsEntered"":0,""titles"":0,""finals"":0,""prizeMoney"":0,""points"":0}",,,,,,,,,,,,,,43,,false,false,true,,71,18,11,8,3,1,0,0,0,0,0,0,0,7,7,estimated from season exits versus eligible schedule | 7 eligible events not entered,Top 64,normal,,,true,true,false,true,0,0,0,,0,true,,mainTour,mainTour,,,true,true,
2040/41,wp-evan-mori-f,Evan Mori F,20,AUS,Rookie,Tour Survivor / Top 64,false,true,true,Ranking Retained,0,0,,Safe,47,47,50,47,50,50,,,,,47,-3,66,72,68,63,66,75,42,0,33,0,0,0,,0,,,,,,,0,0,0,0,0,0,0,0,0,"{""matches"":0,""wins"":0,""losses"":0,""draws"":0,""winPercentage"":0,""eventsEntered"":0,""titles"":0,""finals"":0,""prizeMoney"":0,""points"":0}",,,,,,,,,,,,,,47,,false,false,true,,71,18,11,8,3,1,0,0,0,0,0,0,0,7,7,estimated from season exits versus eligible schedule | 7 eligible events not entered,Top 64,normal,,,true,true,false,true,0,0,0,,0,true,,mainTour,mainTour,,,true,true,
2040/41,wp-evan-mori-g,Evan Mori G,20,AUS,Rookie,Tour Survivor / Top 64,false,true,true,Ranking Retained,0,0,,Safe,48,48,51,48,51,51,,,,,48,-3,66,72,68,63,66,75,42,0,32,0,0,0,,0,,,,,,,0,0,0,0,0,0,0,0,0,"{""matches"":0,""wins"":0,""losses"":0,""draws"":0,""winPercentage"":0,""eventsEntered"":0,""titles"":0,""finals"":0,""prizeMoney"":0,""points"":0}",,,,,,,,,,,,,,48,,false,false,true,,71,18,11,8,3,1,0,0,0,0,0,0,0,7,7,estimated from season exits versus eligible schedule | 7 eligible events not entered,Top 64,normal,,,true,true,false,true,0,0,0,,0,true,,mainTour,mainTour,,,true,true,
2040/41,wp-evan-mori-h,Evan Mori H,20,AUS,Rookie,Tour Survivor / Top 64,false,true,true,Ranking Retained,0,0,,Safe,49,49,52,49,52,52,,,,,49,-3,66,72,68,63,66,75,42,0,32,0,0,0,,0,,,,,,,0,0,0,0,0,0,0,0,0,"{""matches"":0,""wins"":0,""losses"":0,""draws"":0,""winPercentage"":0,""eventsEntered"":0,""titles"":0,""finals"":0,""prizeMoney"":0,""points"":0}",,,,,,,,,,,,,,49,,false,false,true,,71,18,11,8,3,1,0,0,0,0,0,0,0,7,7,estimated from season exits versus eligible schedule | 7 eligible events not entered,Top 64,normal,,,true,true,false,true,0,0,0,,0,true,,mainTour,mainTour,,,true,true,
2040/41,wp-evan-mori-i,Evan Mori I,18,CHN,Rookie,Tour Survivor / Top 64,false,true,true,Federation Route,1,2,2042/43,At Risk,,53,53,53,53,53,,,,,,,56,63,58,50,56,65,42,0,18,0,0,0,,0,,,,,,,0,11,0,0,0,0,0,0,0,"{""matches"":0,""wins"":0,""losses"":0,""draws"":0,""winPercentage"":0,""eventsEntered"":0,""titles"":0,""finals"":0,""prizeMoney"":0,""points"":0}",,,,,,,,,,,,,,,,false,false,true,,71,18,11,8,3,1,0,0,0,0,0,0,0,7,7,estimated from season exits versus eligible schedule | 7 eligible events not entered,Top 64,normal,,,true,true,false,false,0,0,0,,0,false,,mainTour,mainTour,,,true,true,
2040/41,wp-felix-turner,Felix Turner,35,POL,Established,Tour Survivor / Top 64,false,true,true,Ranking Retained,0,0,,Safe,50,50,54,50,54,54,,,,,50,-4,67,68,69,64,65,76,42,0,34,0,0,0,,0,,,,,,,0,0,0,0,0,0,0,0,0,"{""matches"":0,""wins"":0,""losses"":0,""draws"":0,""winPercentage"":0,""eventsEntered"":0,""titles"":0,""finals"":0,""prizeMoney"":0,""points"":0}",,,,,,,,,,,,,,38,,false,false,true,,71,18,11,8,3,1,0,0,0,0,0,0,0,7,7,estimated from season exits versus eligible schedule | 7 eligible events not entered,Top 64,normal,,,true,true,false,true,0,0,0,,0,true,,mainTour,mainTour,,,true,true,
2040/41,wp-finley-crane,Finley Crane,36,THA,Established,Tour Survivor / Top 64,false,true,true,Ranking Retained,0,0,,Safe,51,51,55,51,55,55,,,,,51,-4,69,71,71,66,67,78,42,0,37,0,0,0,,0,,,,,,,0,0,0,0,0,0,0,0,0,"{""matches"":0,""wins"":0,""losses"":0,""draws"":0,""winPercentage"":0,""eventsEntered"":0,""titles"":0,""finals"":0,""prizeMoney"":0,""points"":0}",,,,,,,,,,,,,,22,,false,false,true,,71,18,11,8,3,1,0,0,0,0,0,0,0,7,7,estimated from season exits versus eligible schedule | 7 eligible events not entered,Top 64,normal,,,true,true,false,true,0,0,0,,0,true,,mainTour,mainTour,,,true,true,
2040/41,wp-finley-holt,Finley Holt,36,THA,Established,Tour Survivor / Top 64,false,true,true,Ranking Retained,0,0,,Safe,52,52,56,52,56,56,,,,,52,-4,67,68,69,64,65,76,42,0,35,0,0,0,,0,,,,,,,0,0,0,0,0,0,0,0,0,"{""matches"":0,""wins"":0,""losses"":0,""draws"":0,""winPercentage"":0,""eventsEntered"":0,""titles"":0,""finals"":0,""prizeMoney"":0,""points"":0}",,,,,,,,,,,,,,33,,false,false,true,,71,18,11,8,3,1,0,0,0,0,0,0,0,7,7,estimated from season exits versus eligible schedule | 7 eligible events not entered,Top 64,normal,,,true,true,false,true,0,0,0,,0,true,,mainTour,mainTour,,,true,true,
2040/41,wp-finley-keane,Finley Keane,40,THA,Veteran,Tour Survivor / Top 64,false,true,true,Ranking Retained,0,0,,Safe,53,53,57,53,57,57,,,,,53,-4,67,68,68,64,63,75,40,4,35,0,0,0,,0,,,,,,,0,0,0,0,0,0,0,0,0,"{""matches"":0,""wins"":0,""losses"":0,""draws"":0,""winPercentage"":0,""eventsEntered"":0,""titles"":0,""finals"":0,""prizeMoney"":0,""points"":0}",,,,,,,,,,,,,,34,,false,false,true,,71,18,11,8,3,1,0,0,0,0,0,0,0,7,7,estimated from season exits versus eligible schedule | 7 eligible events not entered,Top 64,normal,,,true,true,false,true,0,0,0,,0,true,,mainTour,mainTour,,,true,true,
2040/41,wp-finley-mercer,Finley Mercer,42,THA,Veteran,Tour Survivor / Top 64,false,true,true,Ranking Retained,0,0,,Safe,54,54,58,54,58,58,,,,,54,-4,67,68,67,64,62,74,38,7,35,0,0,0,,0,,,,,,,0,0,0,0,0,0,0,0,0,"{""matches"":0,""wins"":0,""losses"":0,""draws"":0,""winPercentage"":0,""eventsEntered"":0,""titles"":0,""finals"":0,""prizeMoney"":0,""points"":0}",,,,,,,,,,,,,,35,,false,false,true,,71,18,11,8,3,1,0,0,0,0,0,0,0,7,7,estimated from season exits versus eligible schedule | 7 eligible events not entered,Top 64,normal,,,true,true,false,true,0,0,0,,0,true,,mainTour,mainTour,,,true,true,
2040/41,wp-finley-nash,Finley Nash,63,THA,Veteran,Tour Survivor / Top 64,false,true,true,Ranking Retained,0,0,,Safe,55,55,59,55,59,59,,,,,55,-4,67,68,63,61,52,63,17,41,35,0,0,0,,0,,,,,,,0,0,0,0,0,0,0,0,0,"{""matches"":0,""wins"":0,""losses"":0,""draws"":0,""winPercentage"":0,""eventsEntered"":0,""titles"":0,""finals"":0,""prizeMoney"":0,""points"":0}",,,,,,,,,,,,,,36,,false,false,true,,71,18,11,8,3,1,0,0,0,0,0,0,0,7,7,estimated from season exits versus eligible schedule | 7 eligible events not entered,Top 64,normal,,,true,true,false,true,0,0,0,,0,true,,mainTour,mainTour,,,true,true,
2040/41,wp-finley-sloan,Finley Sloan,39,THA,Established,Tour Survivor / Top 64,false,true,true,Ranking Retained,0,0,,Safe,56,56,60,56,60,60,,,,,56,-4,66,67,67,63,63,74,41,3,34,0,0,0,,0,,,,,,,0,0,0,0,0,0,0,0,0,"{""matches"":0,""wins"":0,""losses"":0,""draws"":0,""winPercentage"":0,""eventsEntered"":0,""titles"":0,""finals"":0,""prizeMoney"":0,""points"":0}",,,,,,,,,,,,,,37,,false,false,true,,71,18,11,8,3,1,0,0,0,0,0,0,0,7,7,estimated from season exits versus eligible schedule | 7 eligible events not entered,Top 64,normal,,,true,true,false,true,0,0,0,,0,true,,mainTour,mainTour,,,true,true,
2040/41,wp-finley-zhou,Finley Zhou,47,THA,Veteran,Tour Survivor / Top 64,false,true,true,Ranking Retained,0,0,,Safe,57,57,61,57,61,61,,,,,57,-4,66,67,65,62,59,71,33,15,34,0,0,0,,0,,,,,,,0,0,0,0,0,0,0,0,0,"{""matches"":0,""wins"":0,""losses"":0,""draws"":0,""winPercentage"":0,""eventsEntered"":0,""titles"":0,""finals"":0,""prizeMoney"":0,""points"":0}",,,,,,,,,,,,,,38,,false,false,true,,71,18,11,8,3,1,0,0,0,0,0,0,0,7,7,estimated from season exits versus eligible schedule | 7 eligible events not entered,Top 64,normal,,,true,true,false,true,0,0,0,,0,true,,mainTour,mainTour,,,true,true,
2040/41,wp-finn-cross,Finn Cross,28,SCO,Established,Tour Survivor / Top 64,false,true,true,Ranking Retained,0,0,,Safe,58,58,62,58,62,62,,,,,58,-4,88,89,90,89,88,99,83,0,35,0,0,0,,0,,,,,,,0,0,1,1,0,100,1,0,0,"{""matches"":1,""wins"":1,""losses"":0,""draws"":0,""winPercentage"":100,""eventsEntered"":0,""titles"":1,""finals"":0,""prizeMoney"":0,""points"":0}",,,,,,,,,,,,,,46,,false,false,true,,71,18,11,8,3,1,0,0,0,0,0,0,0,7,7,estimated from season exits versus eligible schedule | 7 eligible events not entered,Top 64,normal,,,true,true,false,true,0,0,0,,0,true,,mainTour,mainTour,,,true,true,
2040/41,wp-finn-cross-a,Finn Cross A,28,SCO,Established,Tour Survivor / Top 64,false,true,true,Ranking Retained,0,0,,Safe,59,59,63,59,63,63,,,,,59,-4,65,66,67,62,65,74,42,0,33,0,0,0,,0,,,,,,,0,0,0,0,0,0,0,0,0,"{""matches"":0,""wins"":0,""losses"":0,""draws"":0,""winPercentage"":0,""eventsEntered"":0,""titles"":0,""finals"":0,""prizeMoney"":0,""points"":0}",,,,,,,,,,,,,,47,,false,false,true,,71,18,11,8,3,1,0,0,0,0,0,0,0,7,7,estimated from season exits versus eligible schedule | 7 eligible events not entered,Top 64,normal,,,true,true,false,true,0,0,0,,0,true,,mainTour,mainTour,,,true,true,
2040/41,wp-finn-cross-b,Finn Cross B,25,SCO,Established,Tour Survivor / Top 64,false,true,true,Ranking Retained,0,0,,Safe,60,60,64,60,64,64,,,,,60,-4,64,67,66,61,64,73,42,0,32,0,0,0,,0,,,,,,,0,0,1,0,1,0,0,0,0,"{""matches"":1,""wins"":0,""losses"":1,""draws"":0,""winPercentage"":0,""eventsEntered"":0,""titles"":0,""finals"":0,""prizeMoney"":0,""points"":0}",,,,,,,,,,,,,,50,,false,false,true,,71,18,11,8,3,1,0,0,0,0,0,0,0,7,7,estimated from season exits versus eligible schedule | 7 eligible events not entered,Top 64,normal,,,true,true,false,true,0,0,0,,0,true,,mainTour,mainTour,,,true,true,
2040/41,wp-finn-cross-c,Finn Cross C,25,SCO,Established,Bottom Tour / At Risk,false,true,true,Ranking Retained,0,0,,Safe,61,61,65,61,65,65,,,,,61,-4,64,67,66,60,64,73,42,0,31,0,0,0,,0,,,,,,,0,0,1,0,1,0,0,0,0,"{""matches"":1,""wins"":0,""losses"":1,""draws"":0,""winPercentage"":0,""eventsEntered"":0,""titles"":0,""finals"":0,""prizeMoney"":0,""points"":0}",,,,,,,,,,,,,,55,,false,false,true,,71,18,9,2,7,1,0,0,0,0,0,0,0,9,9,estimated from season exits versus eligible schedule | 9 eligible events not entered,Bottom Tour 65-128,normal,,,true,true,false,true,0,0,0,,0,true,,mainTour,mainTour,,,true,true,
2040/41,wp-finn-cross-d,Finn Cross D,25,SCO,Established,Bottom Tour / At Risk,false,true,true,Ranking Retained,0,0,,Safe,62,62,66,62,66,66,,,,,62,-4,64,67,66,60,64,73,42,0,31,0,0,0,,0,,,,,,,0,0,0,0,0,0,0,0,0,"{""matches"":0,""wins"":0,""losses"":0,""draws"":0,""winPercentage"":0,""eventsEntered"":0,""titles"":0,""finals"":0,""prizeMoney"":0,""points"":0}",,,,,,,,,,,,,,56,,false,false,true,,71,18,9,2,7,1,0,0,0,0,0,0,0,9,9,estimated from season exits versus eligible schedule | 9 eligible events not entered,Bottom Tour 65-128,normal,,,true,true,false,true,0,0,0,,0,true,,mainTour,mainTour,,,true,true,
2040/41,wp-finn-cross-e,Finn Cross E,22,SCO,Rookie,Bottom Tour / At Risk,false,true,true,Ranking Retained,0,0,,Safe,63,63,67,63,67,67,,,,,63,-4,63,68,65,59,63,72,42,0,30,0,0,0,,0,,,,,,,0,0,0,0,0,0,0,0,0,"{""matches"":0,""wins"":0,""losses"":0,""draws"":0,""winPercentage"":0,""eventsEntered"":0,""titles"":0,""finals"":0,""prizeMoney"":0,""points"":0}",,,,,,,,,,,,,,59,,false,false,true,,71,18,9,2,7,1,0,0,0,0,0,0,0,9,9,estimated from season exits versus eligible schedule | 9 eligible events not entered,Bottom Tour 65-128,normal,,,true,true,false,true,0,0,0,,0,true,,mainTour,mainTour,,,true,true,
2040/41,wp-finn-cross-f,Finn Cross F,22,SCO,Rookie,Bottom Tour / At Risk,false,true,true,Ranking Retained,0,0,,Safe,64,64,68,64,68,68,,,,,64,-4,63,68,65,59,63,72,42,0,30,0,0,0,,0,,,,,,,0,0,0,0,0,0,0,0,0,"{""matches"":0,""wins"":0,""losses"":0,""draws"":0,""winPercentage"":0,""eventsEntered"":0,""titles"":0,""finals"":0,""prizeMoney"":0,""points"":0}",,,,,,,,,,,,,,60,,false,false,true,,71,18,9,2,7,1,0,0,0,0,0,0,0,9,9,estimated from season exits versus eligible schedule | 9 eligible events not entered,Bottom Tour 65-128,normal,,,true,true,false,true,0,0,0,,0,true,,mainTour,mainTour,,,true,true,
2040/41,wp-finn-cross-g,Finn Cross G,20,BEL,Rookie,Rookie Pro / Bubble,false,true,true,Q School,2,1,2041/42,Rookie Year 2,65,65,69,65,69,69,,,,,65,-4,62,68,64,58,62,71,42,0,29,0,0,0,,0,,,,,,,0,0,0,0,0,0,0,0,0,"{""matches"":0,""wins"":0,""losses"":0,""draws"":0,""winPercentage"":0,""eventsEntered"":0,""titles"":0,""finals"":0,""prizeMoney"":0,""points"":0}",,,,,,,,,,,,,,65,,false,false,true,,71,18,9,2,7,1,0,0,0,0,0,0,0,9,9,estimated from season exits versus eligible schedule | 9 eligible events not entered,Rookie Pro,normal,,,true,true,false,true,0,0,0,,0,true,,mainTour,mainTour,,,true,true,
2040/41,wp-finn-cross-h,Finn Cross H,20,BEL,Rookie,Rookie Pro / Bubble,false,true,true,Q School,2,1,2041/42,Rookie Year 2,66,66,70,66,70,70,,,,,66,-4,62,68,64,58,62,71,42,0,29,0,0,0,,0,,,,,,,0,0,0,0,0,0,0,0,0,"{""matches"":0,""wins"":0,""losses"":0,""draws"":0,""winPercentage"":0,""eventsEntered"":0,""titles"":0,""finals"":0,""prizeMoney"":0,""points"":0}",,,,,,,,,,,,,,66,,false,false,true,,71,18,9,2,7,1,0,0,0,0,0,0,0,9,9,estimated from season exits versus eligible schedule | 9 eligible events not entered,Rookie Pro,normal,,,true,true,false,true,0,0,0,,0,true,,mainTour,mainTour,,,true,true,
2040/41,wp-harvey-nash,Harvey Nash,34,ENG,Established,Rookie Pro / Bubble,false,true,true,Federation Route,2,1,2041/42,Rookie Year 2,71,71,71,71,71,71,,,,,71,0,65,66,67,62,64,74,42,0,33,0,0,0,,0,,,,,,,0,0,0,0,0,0,0,0,0,"{""matches"":0,""wins"":0,""losses"":0,""draws"":0,""winPercentage"":0,""eventsEntered"":0,""titles"":0,""finals"":0,""prizeMoney"":0,""points"":0}",,,,,,,,,,,,,,43,,false,false,true,,71,18,9,2,7,1,0,0,0,0,0,0,0,9,9,estimated from season exits versus eligible schedule | 9 eligible events not entered,Rookie Pro,normal,,,true,true,false,false,0,0,0,,0,false,,mainTour,mainTour,,,true,true,
2040/41,wp-harvey-sloan,Harvey Sloan,33,ENG,Established,Rookie Pro / Bubble,false,true,true,Federation Route,2,1,2041/42,Rookie Year 2,72,72,72,72,72,72,,,,,72,0,65,66,67,62,64,74,42,0,33,0,0,0,,0,,,,,,,0,0,0,0,0,0,0,0,0,"{""matches"":0,""wins"":0,""losses"":0,""draws"":0,""winPercentage"":0,""eventsEntered"":0,""titles"":0,""finals"":0,""prizeMoney"":0,""points"":0}",,,,,,,,,,,,,,44,,false,false,true,,71,18,9,2,7,1,0,0,0,0,0,0,0,9,9,estimated from season exits versus eligible schedule | 9 eligible events not entered,Rookie Pro,normal,,,true,true,false,false,0,0,0,,0,false,,mainTour,mainTour,,,true,true,
2040/41,wp-jamie-holt,Jamie Holt,39,NIR,Established,Rookie Pro / Bubble,false,true,true,Playoff Route,2,1,2041/42,Rookie Year 2,73,73,73,73,73,73,,,,,73,0,64,65,65,60,61,72,41,3,32,0,0,0,,0,,,,,,,0,0,0,0,0,0,0,0,0,"{""matches"":0,""wins"":0,""losses"":0,""draws"":0,""winPercentage"":0,""eventsEntered"":0,""titles"":0,""finals"":0,""prizeMoney"":0,""points"":0}",,,,,,,,,,,,,,48,,false,false,true,,71,18,9,2,7,1,0,0,0,0,0,0,0,9,9,estimated from season exits versus eligible schedule | 9 eligible events not entered,Rookie Pro,normal,,,true,true,false,false,0,0,0,,0,false,,mainTour,mainTour,,,true,true,
2040/41,wp-jamie-keane,Jamie Keane,39,NIR,Established,Rookie Pro / Bubble,false,true,true,Playoff Route,2,1,2041/42,Rookie Year 2,74,74,74,74,74,74,,,,,74,0,64,65,65,60,61,72,41,3,32,0,0,0,,0,,,,,,,0,0,0,0,0,0,0,0,0,"{""matches"":0,""wins"":0,""losses"":0,""draws"":0,""winPercentage"":0,""eventsEntered"":0,""titles"":0,""finals"":0,""prizeMoney"":0,""points"":0}",,,,,,,,,,,,,,49,,false,false,true,,71,18,9,2,7,1,0,0,0,0,0,0,0,9,9,estimated from season exits versus eligible schedule | 9 eligible events not entered,Rookie Pro,normal,,,true,true,false,false,0,0,0,,0,false,,mainTour,mainTour,,,true,true,
2040/41,wp-jude-sloan,Jude Sloan,29,WAL,Established,Rookie Pro / Bubble,false,true,true,Playoff Route,2,1,2041/42,Rookie Year 2,77,77,75,77,75,75,,,,,77,2,70,71,72,68,70,82,56,0,32,0,0,0,,0,,,,,,,0,0,3,1,2,33.33333333333333,1,0,0,"{""matches"":3,""wins"":1,""losses"":2,""draws"":0,""winPercentage"":33.33333333333333,""eventsEntered"":0,""titles"":1,""finals"":0,""prizeMoney"":0,""points"":0}",,,,,,,,,,,,,,64,,false,false,true,,71,18,9,2,7,1,0,0,0,0,0,0,0,9,9,estimated from season exits versus eligible schedule | 9 eligible events not entered,Rookie Pro,normal,,,true,true,false,false,0,0,0,,0,false,,mainTour,mainTour,,,true,true,
2040/41,wp-jude-sloan-c,Jude Sloan C,24,IRL,Rookie,Rookie Pro / Bubble,false,true,true,Playoff Route,1,2,2042/43,At Risk,,76,76,76,76,76,,,,,,,61,64,63,57,61,70,42,0,29,0,0,0,,0,,,,,,,0,37,0,0,0,0,0,0,0,"{""matches"":0,""wins"":0,""losses"":0,""draws"":0,""winPercentage"":0,""eventsEntered"":0,""titles"":0,""finals"":0,""prizeMoney"":0,""points"":0}",,,,,,,,,,,,,,69,,false,false,true,,71,18,9,2,7,1,0,0,0,0,0,0,0,9,9,estimated from season exits versus eligible schedule | 9 eligible events not entered,Rookie Pro,normal,,,true,true,false,false,0,0,0,,0,false,,mainTour,mainTour,,,true,true,
2040/41,wp-jude-sloan-d,Jude Sloan D,24,IRL,Rookie,Rookie Pro / Bubble,false,true,true,Playoff Route,1,2,2042/43,At Risk,,77,77,77,77,77,,,,,,,61,64,63,57,61,70,42,0,28,0,0,0,,0,,,,,,,0,33,0,0,0,0,0,0,0,"{""matches"":0,""wins"":0,""losses"":0,""draws"":0,""winPercentage"":0,""eventsEntered"":0,""titles"":0,""finals"":0,""prizeMoney"":0,""points"":0}",,,,,,,,,,,,,,70,,false,false,true,,71,18,9,2,7,1,0,0,0,0,0,0,0,9,9,estimated from season exits versus eligible schedule | 9 eligible events not entered,Rookie Pro,normal,,,true,true,false,false,0,0,0,,0,false,,mainTour,mainTour,,,true,true,
2040/41,wp-jude-sloan-h,Jude Sloan H,18,IRL,Rookie,Rookie Pro / Bubble,false,true,true,Federation Route,1,2,2042/43,At Risk,,78,78,78,78,78,,,,,,,54,61,56,48,54,63,42,0,18,0,0,0,,0,,,,,,,0,31,0,0,0,0,0,0,0,"{""matches"":0,""wins"":0,""losses"":0,""draws"":0,""winPercentage"":0,""eventsEntered"":0,""titles"":0,""finals"":0,""prizeMoney"":0,""points"":0}",,,,,,,,,,,,,,,,false,false,true,,71,18,9,2,7,1,0,0,0,0,0,0,0,9,9,estimated from season exits versus eligible schedule | 9 eligible events not entered,Rookie Pro,normal,,,true,true,false,false,0,0,0,,0,false,,mainTour,mainTour,,,true,true,
2040/41,wp-jude-sloan-i,Jude Sloan I,18,IRL,Rookie,Rookie Pro / Bubble,false,true,true,Playoff Route,1,2,2042/43,At Risk,,79,79,79,79,79,,,,,,,54,61,56,48,54,63,42,0,18,0,0,0,,0,,,,,,,0,23,0,0,0,0,0,0,0,"{""matches"":0,""wins"":0,""losses"":0,""draws"":0,""winPercentage"":0,""eventsEntered"":0,""titles"":0,""finals"":0,""prizeMoney"":0,""points"":0}",,,,,,,,,,,,,,,,false,false,true,,71,18,9,2,7,1,0,0,0,0,0,0,0,9,9,estimated from season exits versus eligible schedule | 9 eligible events not entered,Rookie Pro,normal,,,true,true,false,false,0,0,0,,0,false,,mainTour,mainTour,under18-full-main-tour-access,,false,false,under18-full-main-tour-access
2040/41,wp-kai-pryce,Kai Pryce,29,AUS,Established,Rookie Pro / Bubble,false,true,true,Playoff Route,2,1,2041/42,Rookie Year 2,83,83,80,83,80,80,,,,,83,3,85,86,87,86,85,99,83,0,33,0,0,0,,0,,,,,,,0,0,1,1,0,100,1,0,0,"{""matches"":1,""wins"":1,""losses"":0,""draws"":0,""winPercentage"":100,""eventsEntered"":0,""titles"":1,""finals"":0,""prizeMoney"":0,""points"":0}",,,,,,,,,,,,,,57,,false,false,true,,71,18,9,2,7,1,0,0,0,0,0,0,0,9,9,estimated from season exits versus eligible schedule | 9 eligible events not entered,Rookie Pro,normal,,,true,true,false,false,0,0,0,,0,false,,mainTour,mainTour,,,true,true,
2040/41,wp-kai-pryce-a,Kai Pryce A,29,AUS,Established,Rookie Pro / Bubble,false,true,true,Playoff Route,2,1,2041/42,Rookie Year 2,84,84,81,84,81,81,,,,,84,3,61,62,63,57,61,70,42,0,29,0,0,0,,0,,,,,,,0,0,0,0,0,0,0,0,0,"{""matches"":0,""wins"":0,""losses"":0,""draws"":0,""winPercentage"":0,""eventsEntered"":0,""titles"":0,""finals"":0,""prizeMoney"":0,""points"":0}",,,,,,,,,,,,,,66,,false,false,true,,71,18,9,2,7,1,0,0,0,0,0,0,0,9,9,estimated from season exits versus eligible schedule | 9 eligible events not entered,Rookie Pro,normal,,,true,true,false,false,0,0,0,,0,false,,mainTour,mainTour,,,true,true,
2040/41,wp-kai-pryce-b,Kai Pryce B,26,AUS,Established,Rookie Pro / Bubble,false,true,true,Playoff Route,2,1,2041/42,Rookie Year 2,85,85,82,85,82,82,,,,,85,3,61,63,63,57,61,70,42,0,29,0,0,0,,0,,,,,,,0,0,0,0,0,0,0,0,0,"{""matches"":0,""wins"":0,""losses"":0,""draws"":0,""winPercentage"":0,""eventsEntered"":0,""titles"":0,""finals"":0,""prizeMoney"":0,""points"":0}",,,,,,,,,,,,,,67,,false,false,true,,71,18,9,2,7,1,0,0,0,0,0,0,0,9,9,estimated from season exits versus eligible schedule | 9 eligible events not entered,Rookie Pro,normal,,,true,true,false,false,0,0,0,,0,false,,mainTour,mainTour,,,true,true,
2040/41,wp-kai-pryce-d,Kai Pryce D,24,CHN,Rookie,Rookie Pro / Bubble,false,true,true,Playoff Route,1,2,2042/43,At Risk,,83,83,83,83,83,,,,,,,60,63,62,56,60,69,42,0,28,0,0,0,,0,,,,,,,0,30,0,0,0,0,0,0,0,"{""matches"":0,""wins"":0,""losses"":0,""draws"":0,""winPercentage"":0,""eventsEntered"":0,""titles"":0,""finals"":0,""prizeMoney"":0,""points"":0}",,,,,,,,,,,,,,74,,false,false,true,,71,18,9,2,7,1,0,0,0,0,0,0,0,9,9,estimated from season exits versus eligible schedule | 9 eligible events not entered,Rookie Pro,normal,,,true,true,false,false,0,0,0,,0,false,,mainTour,mainTour,,,true,true,
2040/41,wp-kai-pryce-e,Kai Pryce E,24,CHN,Rookie,Rookie Pro / Bubble,false,true,true,Federation Route,1,2,2042/43,At Risk,,84,84,84,84,84,,,,,,,60,63,62,56,60,69,42,0,28,0,0,0,,0,,,,,,,0,27,0,0,0,0,0,0,0,"{""matches"":0,""wins"":0,""losses"":0,""draws"":0,""winPercentage"":0,""eventsEntered"":0,""titles"":0,""finals"":0,""prizeMoney"":0,""points"":0}",,,,,,,,,,,,,,75,,false,false,true,,71,18,9,2,7,1,0,0,0,0,0,0,0,9,9,estimated from season exits versus eligible schedule | 9 eligible events not entered,Rookie Pro,normal,,,true,true,false,false,0,0,0,,0,false,,mainTour,mainTour,,,true,true,
2040/41,wp-kai-pryce-f,Kai Pryce F,21,CHN,Rookie,Rookie Pro / Bubble,false,true,true,Playoff Route,2,1,2041/42,Rookie Year 2,87,87,85,87,85,85,,,,,87,2,60,65,62,56,60,69,42,0,27,0,0,0,,0,,,,,,,0,0,0,0,0,0,0,0,0,"{""matches"":0,""wins"":0,""losses"":0,""draws"":0,""winPercentage"":0,""eventsEntered"":0,""titles"":0,""finals"":0,""prizeMoney"":0,""points"":0}",,,,,,,,,,,,,,76,,false,false,true,,71,18,9,2,7,1,0,0,0,0,0,0,0,9,9,estimated from season exits versus eligible schedule | 9 eligible events not entered,Rookie Pro,normal,,,true,true,false,false,0,0,0,,0,false,,mainTour,mainTour,,,true,true,
2040/41,wp-kai-pryce-h,Kai Pryce H,19,WAL,Rookie,Rookie Pro / Bubble,false,true,true,Q School,1,2,2042/43,At Risk,,86,86,86,86,86,,,,,,,53,59,55,47,53,62,42,0,18,0,0,0,,0,,,,,,,0,113,0,0,0,0,0,0,0,"{""matches"":0,""wins"":0,""losses"":0,""draws"":0,""winPercentage"":0,""eventsEntered"":0,""titles"":0,""finals"":0,""prizeMoney"":0,""points"":0}",,,,,,,,,,,,,,,,false,false,true,,71,18,9,2,7,1,0,0,0,0,0,0,0,9,9,estimated from season exits versus eligible schedule | 9 eligible events not entered,Rookie Pro,normal,,,true,true,false,false,0,0,0,,0,false,,mainTour,mainTour,,,true,true,
2040/41,wp-kai-pryce-i,Kai Pryce I,19,WAL,Rookie,Rookie Pro / Bubble,false,true,true,Playoff Route,1,2,2042/43,At Risk,,87,87,87,87,87,,,,,,,53,59,55,47,53,62,42,0,18,0,0,0,,0,,,,,,,0,96,0,0,0,0,0,0,0,"{""matches"":0,""wins"":0,""losses"":0,""draws"":0,""winPercentage"":0,""eventsEntered"":0,""titles"":0,""finals"":0,""prizeMoney"":0,""points"":0}",,,,,,,,,,,,,,,,false,false,true,,71,18,9,2,7,1,0,0,0,0,0,0,0,9,9,estimated from season exits versus eligible schedule | 9 eligible events not entered,Rookie Pro,normal,,,true,true,false,false,0,0,0,,0,false,,mainTour,mainTour,,,true,true,
2040/41,wp-lewis-mercer,Lewis Mercer,37,CHN,Established,Rookie Pro / Bubble,false,true,true,Playoff Route,1,2,2042/43,At Risk,,88,88,88,88,88,,,,,,,60,61,61,56,58,69,42,0,28,0,0,0,,0,,,,,,,0,49,0,0,0,0,0,0,0,"{""matches"":0,""wins"":0,""losses"":0,""draws"":0,""winPercentage"":0,""eventsEntered"":0,""titles"":0,""finals"":0,""prizeMoney"":0,""points"":0}",,,,,,,,,,,,,,71,,false,false,true,,71,18,9,2,7,1,0,0,0,0,0,0,0,9,9,estimated from season exits versus eligible schedule | 9 eligible events not entered,Rookie Pro,normal,,,true,true,false,false,0,0,0,,0,false,,mainTour,mainTour,,,true,true,
2040/41,wp-liam-dawes,Liam Dawes,40,CHN,Veteran,Rookie Pro / Bubble,false,true,true,Playoff Route,1,2,2042/43,At Risk,,89,89,89,89,89,,,,,,,59,60,60,55,55,67,40,4,27,0,0,0,,0,,,,,,,0,33,0,0,0,0,0,0,0,"{""matches"":0,""wins"":0,""losses"":0,""draws"":0,""winPercentage"":0,""eventsEntered"":0,""titles"":0,""finals"":0,""prizeMoney"":0,""points"":0}",,,,,,,,,,,,,,76,,false,false,true,,71,18,9,2,7,1,0,0,0,0,0,0,0,9,9,estimated from season exits versus eligible schedule | 9 eligible events not entered,Rookie Pro,normal,,,true,true,false,false,0,0,0,,0,false,,mainTour,mainTour,,,true,true,
2040/41,wp-liam-sloan,Liam Sloan,40,CHN,Veteran,Rookie Pro / Bubble,false,true,true,Playoff Route,1,2,2042/43,At Risk,,90,90,90,90,90,,,,,,,61,62,62,57,57,69,40,4,30,0,0,0,,0,,,,,,,0,36,0,0,0,0,0,0,0,"{""matches"":0,""wins"":0,""losses"":0,""draws"":0,""winPercentage"":0,""eventsEntered"":0,""titles"":0,""finals"":0,""prizeMoney"":0,""points"":0}",,,,,,,,,,,,,,61,,false,false,true,,71,18,9,2,7,1,0,0,0,0,0,0,0,9,9,estimated from season exits versus eligible schedule | 9 eligible events not entered,Rookie Pro,normal,,,true,true,false,false,0,0,0,,0,false,,mainTour,mainTour,,,true,true,
2040/41,wp-liam-zhou,Liam Zhou,41,CHN,Veteran,Rookie Pro / Bubble,false,true,true,Playoff Route,2,1,2041/42,Rookie Year 2,97,97,91,97,91,91,,,,,97,6,65,68,66,62,61,73,39,6,36,0,0,0,,0,,,,,,,0,0,0,0,0,0,0,0,0,"{""matches"":0,""wins"":0,""losses"":0,""draws"":0,""winPercentage"":0,""eventsEntered"":0,""titles"":0,""finals"":0,""prizeMoney"":0,""points"":0}",,,,,,,,,,,,,,29,,false,false,true,,71,18,9,2,7,1,0,0,0,0,0,0,0,9,9,estimated from season exits versus eligible schedule | 9 eligible events not entered,Rookie Pro,normal,,,true,true,false,false,0,0,0,,0,false,,mainTour,mainTour,,,true,true,
2040/41,wp-luca-mercer,Luca Mercer,28,THA,Established,Rookie Pro / Bubble,false,true,true,Playoff Route,2,1,2041/42,Rookie Year 2,98,98,92,98,92,92,,,,,98,6,58,59,60,54,58,67,42,0,26,0,0,0,,0,,,,,,,0,0,0,0,0,0,0,0,0,"{""matches"":0,""wins"":0,""losses"":0,""draws"":0,""winPercentage"":0,""eventsEntered"":0,""titles"":0,""finals"":0,""prizeMoney"":0,""points"":0}",,,,,,,,,,,,,,82,,false,false,true,,71,18,9,2,7,1,0,0,0,0,0,0,0,9,9,estimated from season exits versus eligible schedule | 9 eligible events not entered,Rookie Pro,normal,,,true,true,false,false,0,0,0,,0,false,,mainTour,mainTour,,,true,true,
2040/41,wp-luca-mercer-a,Luca Mercer A,26,ENG,Established,Rookie Pro / Bubble,false,true,true,Playoff Route,1,2,2042/43,At Risk,,93,93,93,93,93,,,,,,,58,60,60,53,58,67,42,0,25,0,0,0,,0,,,,,,,0,109,0,0,0,0,0,0,0,"{""matches"":0,""wins"":0,""losses"":0,""draws"":0,""winPercentage"":0,""eventsEntered"":0,""titles"":0,""finals"":0,""prizeMoney"":0,""points"":0}",,,,,,,,,,,,,,87,,false,false,true,,71,18,9,2,7,1,0,0,0,0,0,0,0,9,9,estimated from season exits versus eligible schedule | 9 eligible events not entered,Rookie Pro,normal,,,true,true,false,false,0,0,0,,0,false,,mainTour,mainTour,,,true,true,
2040/41,wp-luca-mercer-b,Luca Mercer B,26,ENG,Established,Rookie Pro / Bubble,false,true,true,Playoff Route,2,1,2041/42,Rookie Year 2,99,99,94,99,94,94,,,,,99,5,73,75,75,72,73,89,71,0,29,0,0,0,,0,,,,,,,0,0,3,2,1,66.66666666666666,2,0,0,"{""matches"":3,""wins"":2,""losses"":1,""draws"":0,""winPercentage"":66.66666666666666,""eventsEntered"":0,""titles"":2,""finals"":0,""prizeMoney"":0,""points"":0}",,,,,,,,,,,,,,90,,false,false,true,,71,18,9,2,7,1,0,0,0,0,0,0,0,9,9,estimated from season exits versus eligible schedule | 9 eligible events not entered,Rookie Pro,normal,,,true,true,false,false,0,0,0,,0,false,,mainTour,mainTour,,,true,true,
2040/41,wp-luca-mercer-c,Luca Mercer C,26,ENG,Established,Rookie Pro / Bubble,false,true,true,Q School,1,2,2042/43,At Risk,,95,95,95,95,95,,,,,,,80,82,82,80,80,98,83,0,27,0,0,0,,0,,,,,,,0,115,1,1,0,100,1,0,0,"{""matches"":1,""wins"":1,""losses"":0,""draws"":0,""winPercentage"":100,""eventsEntered"":0,""titles"":1,""finals"":0,""prizeMoney"":0,""points"":0}",,,,,,,,,,,,,,91,,false,false,true,,71,18,9,2,7,1,0,0,0,0,0,0,0,9,9,estimated from season exits versus eligible schedule | 9 eligible events not entered,Rookie Pro,normal,,,true,true,false,false,0,0,0,,0,false,,mainTour,mainTour,,,true,true,
2040/41,wp-luca-mercer-d,Luca Mercer D,24,SCO,Rookie,Rookie Pro / Bubble,false,true,true,Federation Route,1,2,2042/43,At Risk,,96,96,96,96,96,,,,,,,57,60,59,52,57,66,42,0,24,0,0,0,,0,,,,,,,0,23,0,0,0,0,0,0,0,"{""matches"":0,""wins"":0,""losses"":0,""draws"":0,""winPercentage"":0,""eventsEntered"":0,""titles"":0,""finals"":0,""prizeMoney"":0,""points"":0}",,,,,,,,,,,,,,92,,false,false,true,,71,18,9,2,7,1,0,0,0,0,0,0,0,9,9,estimated from season exits versus eligible schedule | 9 eligible events not entered,Rookie Pro,normal,,,true,true,false,false,0,0,0,,0,false,,mainTour,mainTour,,,true,true,
2040/41,wp-luca-mercer-e,Luca Mercer E,21,SCO,Rookie,Rookie Pro / Bubble,false,true,true,Playoff Route,2,1,2041/42,Rookie Year 2,100,100,97,100,97,97,,,,,100,3,57,62,59,52,57,66,42,0,24,0,0,0,,0,,,,,,,0,0,0,0,0,0,0,0,0,"{""matches"":0,""wins"":0,""losses"":0,""draws"":0,""winPercentage"":0,""eventsEntered"":0,""titles"":0,""finals"":0,""prizeMoney"":0,""points"":0}",,,,,,,,,,,,,,93,,false,false,true,,71,18,9,2,7,1,0,0,0,0,0,0,0,9,9,estimated from season exits versus eligible schedule | 9 eligible events not entered,Rookie Pro,normal,,,true,true,false,false,0,0,0,,0,false,,mainTour,mainTour,,,true,true,
2040/41,wp-luca-mercer-h,Luca Mercer H,18,SCO,Rookie,Rookie Pro / Bubble,false,true,true,Federation Route,1,2,2042/43,At Risk,,98,98,98,98,98,,,,,,,52,59,54,46,52,61,42,0,18,0,0,0,,0,,,,,,,0,30,0,0,0,0,0,0,0,"{""matches"":0,""wins"":0,""losses"":0,""draws"":0,""winPercentage"":0,""eventsEntered"":0,""titles"":0,""finals"":0,""prizeMoney"":0,""points"":0}",,,,,,,,,,,,,,,,false,false,true,,71,18,9,2,7,1,0,0,0,0,0,0,0,9,9,estimated from season exits versus eligible schedule | 9 eligible events not entered,Rookie Pro,normal,,,true,true,false,false,0,0,0,,0,false,,mainTour,mainTour,,,true,true,
2040/41,wp-marcus-holt,Marcus Holt,41,WAL,Veteran,Rookie Pro / Bubble,false,true,true,Federation Route,2,1,2041/42,Rookie Year 2,103,103,99,103,99,99,,,,,103,4,62,65,63,58,58,70,39,6,33,0,0,0,,0,,,,,,,0,0,0,0,0,0,0,0,0,"{""matches"":0,""wins"":0,""losses"":0,""draws"":0,""winPercentage"":0,""eventsEntered"":0,""titles"":0,""finals"":0,""prizeMoney"":0,""points"":0}",,,,,,,,,,,,,,46,,false,false,true,,71,18,9,2,7,1,0,0,0,0,0,0,0,9,9,estimated from season exits versus eligible schedule | 9 eligible events not entered,Rookie Pro,normal,,,true,true,false,false,0,0,0,,0,false,,mainTour,mainTour,,,true,true,
2040/41,wp-marcus-zhou,Marcus Zhou,39,WAL,Established,Rookie Pro / Bubble,false,true,true,Federation Route,2,1,2041/42,Rookie Year 2,104,104,100,104,100,100,,,,,104,4,64,68,65,61,61,72,41,3,36,0,0,0,,0,,,,,,,0,0,0,0,0,0,0,0,0,"{""matches"":0,""wins"":0,""losses"":0,""draws"":0,""winPercentage"":0,""eventsEntered"":0,""titles"":0,""finals"":0,""prizeMoney"":0,""points"":0}",,,,,,,,,,,,,,30,,false,false,true,,71,18,9,2,7,1,0,0,0,0,0,0,0,9,9,estimated from season exits versus eligible schedule | 9 eligible events not entered,Rookie Pro,normal,,,true,true,false,false,0,0,0,,0,false,,mainTour,mainTour,,,true,true,
2040/41,wp-mason-holt,Mason Holt,38,IRL,Established,Rookie Pro / Bubble,false,true,true,Playoff Route,1,2,2042/43,At Risk,,101,101,101,101,101,,,,,,,62,65,63,59,59,71,42,1,32,0,0,0,,0,,,,,,,0,54,1,0,1,0,0,0,0,"{""matches"":1,""wins"":0,""losses"":1,""draws"":0,""winPercentage"":0,""eventsEntered"":0,""titles"":0,""finals"":0,""prizeMoney"":0,""points"":0}",,,,,,,,,,,,,,49,,false,false,true,,71,18,9,2,7,1,0,0,0,0,0,0,0,9,9,estimated from season exits versus eligible schedule | 9 eligible events not entered,Rookie Pro,normal,,,true,true,false,false,0,0,0,,0,false,,mainTour,mainTour,,,true,true,
2040/41,wp-mason-zhou,Mason Zhou,40,IRL,Veteran,Rookie Pro / Bubble,false,true,true,Playoff Route,1,2,2042/43,At Risk,,102,102,102,102,102,,,,,,,63,66,64,60,59,71,40,4,35,0,0,0,,0,,,,,,,0,38,0,0,0,0,0,0,0,"{""matches"":0,""wins"":0,""losses"":0,""draws"":0,""winPercentage"":0,""eventsEntered"":0,""titles"":0,""finals"":0,""prizeMoney"":0,""points"":0}",,,,,,,,,,,,,,33,,false,false,true,,71,18,9,2,7,1,0,0,0,0,0,0,0,9,9,estimated from season exits versus eligible schedule | 9 eligible events not entered,Rookie Pro,normal,,,true,true,false,false,0,0,0,,0,false,,mainTour,mainTour,,,true,true,
2040/41,wp-mika-keane,Mika Keane,28,WAL,Established,Rookie Pro / Bubble,false,true,true,Playoff Route,1,2,2042/43,At Risk,,103,103,103,103,103,,,,,,,56,56,58,51,56,65,42,0,24,0,0,0,,0,,,,,,,0,100,0,0,0,0,0,0,0,"{""matches"":0,""wins"":0,""losses"":0,""draws"":0,""winPercentage"":0,""eventsEntered"":0,""titles"":0,""finals"":0,""prizeMoney"":0,""points"":0}",,,,,,,,,,,,,,97,,false,false,true,,71,18,9,2,7,1,0,0,0,0,0,0,0,9,9,estimated from season exits versus eligible schedule | 9 eligible events not entered,Rookie Pro,normal,,,true,true,false,false,0,0,0,,0,false,,mainTour,mainTour,,,true,true,
2040/41,wp-mika-keane-a,Mika Keane A,28,WAL,Established,Rookie Pro / Bubble,false,true,true,Playoff Route,1,2,2042/43,At Risk,,104,104,104,104,104,,,,,,,55,55,57,50,55,64,42,0,23,0,0,0,,0,,,,,,,0,97,1,0,1,0,0,0,0,"{""matches"":1,""wins"":0,""losses"":1,""draws"":0,""winPercentage"":0,""eventsEntered"":0,""titles"":0,""finals"":0,""prizeMoney"":0,""points"":0}",,,,,,,,,,,,,,101,,false,false,true,,71,18,9,2,7,1,0,0,0,0,0,0,0,9,9,estimated from season exits versus eligible schedule | 9 eligible events not entered,Rookie Pro,normal,,,true,true,false,false,0,0,0,,0,false,,mainTour,mainTour,,,true,true,
2040/41,wp-mika-keane-b,Mika Keane B,26,IRL,Established,Rookie Pro / Bubble,false,true,true,Playoff Route,1,2,2042/43,At Risk,,105,105,105,105,105,,,,,,,55,57,57,50,55,64,42,0,23,0,0,0,,0,,,,,,,0,106,0,0,0,0,0,0,0,"{""matches"":0,""wins"":0,""losses"":0,""draws"":0,""winPercentage"":0,""eventsEntered"":0,""titles"":0,""finals"":0,""prizeMoney"":0,""points"":0}",,,,,,,,,,,,,,102,,false,false,true,,71,18,9,2,7,1,0,0,0,0,0,0,0,9,9,estimated from season exits versus eligible schedule | 9 eligible events not entered,Rookie Pro,normal,,,true,true,false,false,0,0,0,,0,false,,mainTour,mainTour,,,true,true,
2040/41,wp-mika-keane-c,Mika Keane C,26,IRL,Established,Rookie Pro / Bubble,false,true,true,Q School,1,2,2042/43,At Risk,,106,106,106,106,106,,,,,,,66,68,68,63,66,80,63,0,24,0,0,0,,0,,,,,,,0,112,2,1,1,50,1,0,0,"{""matches"":2,""wins"":1,""losses"":1,""draws"":0,""winPercentage"":50,""eventsEntered"":0,""titles"":1,""finals"":0,""prizeMoney"":0,""points"":0}",,,,,,,,,,,,,,104,,false,false,true,,71,18,9,2,7,1,0,0,0,0,0,0,0,9,9,estimated from season exits versus eligible schedule | 9 eligible events not entered,Rookie Pro,normal,,,true,true,false,false,0,0,0,,0,false,,mainTour,mainTour,,,true,true,
2040/41,wp-mika-keane-d,Mika Keane D,23,IRL,Rookie,Rookie Pro / Bubble,false,true,true,Playoff Route,2,1,2041/42,Rookie Year 2,108,108,107,108,107,107,,,,,108,1,54,58,56,49,54,63,42,0,22,0,0,0,,0,,,,,,,0,0,0,0,0,0,0,0,0,"{""matches"":0,""wins"":0,""losses"":0,""draws"":0,""winPercentage"":0,""eventsEntered"":0,""titles"":0,""finals"":0,""prizeMoney"":0,""points"":0}",,,,,,,,,,,,,,105,,false,false,true,,71,18,9,2,7,1,0,0,0,0,0,0,0,9,9,estimated from season exits versus eligible schedule | 9 eligible events not entered,Rookie Pro,normal,,,true,true,false,false,0,0,0,,0,false,,mainTour,mainTour,,,true,true,
2040/41,wp-mika-keane-e,Mika Keane E,22,CHN,Rookie,Rookie Pro / Bubble,false,true,true,Playoff Route,2,1,2041/42,Rookie Year 2,109,109,108,109,108,108,,,,,109,1,54,58,56,49,54,63,42,0,22,0,0,0,,0,,,,,,,0,0,0,0,0,0,0,0,0,"{""matches"":0,""wins"":0,""losses"":0,""draws"":0,""winPercentage"":0,""eventsEntered"":0,""titles"":0,""finals"":0,""prizeMoney"":0,""points"":0}",,,,,,,,,,,,,,106,,false,false,true,,71,18,9,2,7,1,0,0,0,0,0,0,0,9,9,estimated from season exits versus eligible schedule | 9 eligible events not entered,Rookie Pro,normal,,,true,true,false,false,0,0,0,,0,false,,mainTour,mainTour,,,true,true,
2040/41,wp-mika-keane-f,Mika Keane F,22,CHN,Rookie,Rookie Pro / Bubble,false,true,true,Playoff Route,1,2,2042/43,At Risk,,109,109,109,109,109,,,,,,,55,60,57,50,55,64,42,0,23,0,0,0,,0,,,,,,,0,62,0,0,0,0,0,0,0,"{""matches"":0,""wins"":0,""losses"":0,""draws"":0,""winPercentage"":0,""eventsEntered"":0,""titles"":0,""finals"":0,""prizeMoney"":0,""points"":0}",,,,,,,,,,,,,,103,,false,false,true,,71,18,9,2,7,1,0,0,0,0,0,0,0,9,9,estimated from season exits versus eligible schedule | 9 eligible events not entered,Rookie Pro,normal,,,true,true,false,false,0,0,0,,0,false,,mainTour,mainTour,,,true,true,
2040/41,wp-mika-keane-h,Mika Keane H,19,CHN,Rookie,Rookie Pro / Bubble,false,true,true,Playoff Route,1,2,2042/43,At Risk,,110,110,110,110,110,,,,,,,51,57,53,45,51,60,42,0,18,0,0,0,,0,,,,,,,0,108,0,0,0,0,0,0,0,"{""matches"":0,""wins"":0,""losses"":0,""draws"":0,""winPercentage"":0,""eventsEntered"":0,""titles"":0,""finals"":0,""prizeMoney"":0,""points"":0}",,,,,,,,,,,,,,,,false,false,true,,71,18,9,2,7,1,0,0,0,0,0,0,0,9,9,estimated from season exits versus eligible schedule | 9 eligible events not entered,Rookie Pro,normal,,,true,true,false,false,0,0,0,,0,false,,mainTour,mainTour,,,true,true,
2040/41,wp-mika-keane-i,Mika Keane I,19,CHN,Rookie,Rookie Pro / Bubble,false,true,true,Playoff Route,1,2,2042/43,At Risk,,111,111,111,111,111,,,,,,,51,57,53,45,51,60,42,0,18,0,0,0,,0,,,,,,,0,92,0,0,0,0,0,0,0,"{""matches"":0,""wins"":0,""losses"":0,""draws"":0,""winPercentage"":0,""eventsEntered"":0,""titles"":0,""finals"":0,""prizeMoney"":0,""points"":0}",,,,,,,,,,,,,,,,false,false,true,,71,18,9,2,7,1,0,0,0,0,0,0,0,9,9,estimated from season exits versus eligible schedule | 9 eligible events not entered,Rookie Pro,normal,,,true,true,false,false,0,0,0,,0,false,,mainTour,mainTour,,,true,true,
2040/41,wp-noah-bennett-a,Noah Bennett A,28,AUS,Established,Rookie Pro / Bubble,false,true,true,Playoff Route,1,2,2042/43,At Risk,,112,112,112,112,112,,,,,,,54,54,56,49,54,63,42,0,22,0,0,0,,0,,,,,,,0,93,0,0,0,0,0,0,0,"{""matches"":0,""wins"":0,""losses"":0,""draws"":0,""winPercentage"":0,""eventsEntered"":0,""titles"":0,""finals"":0,""prizeMoney"":0,""points"":0}",,,,,,,,,,,,,,105,,false,false,true,,71,18,9,2,7,1,0,0,0,0,0,0,0,9,9,estimated from season exits versus eligible schedule | 9 eligible events not entered,Rookie Pro,normal,,,true,true,false,false,0,0,0,,0,false,,mainTour,mainTour,,,true,true,
2040/41,wp-noah-bennett-e,Noah Bennett E,22,AUS,Rookie,Rookie Pro / Bubble,false,true,true,Playoff Route,1,2,2042/43,At Risk,,113,113,113,113,113,,,,,,,54,59,56,49,54,63,42,0,22,0,0,0,,0,,,,,,,0,53,0,0,0,0,0,0,0,"{""matches"":0,""wins"":0,""losses"":0,""draws"":0,""winPercentage"":0,""eventsEntered"":0,""titles"":0,""finals"":0,""prizeMoney"":0,""points"":0}",,,,,,,,,,,,,,107,,false,false,true,,71,18,9,2,7,1,0,0,0,0,0,0,0,9,9,estimated from season exits versus eligible schedule | 9 eligible events not entered,Rookie Pro,normal,,,true,true,false,false,0,0,0,,0,false,,mainTour,mainTour,,,true,true,
2040/41,wp-noah-bennett-f,Noah Bennett F,22,AUS,Rookie,Rookie Pro / Bubble,false,true,true,Playoff Route,2,1,2041/42,Rookie Year 2,114,114,114,114,114,114,,,,,114,0,53,57,55,48,53,62,42,0,21,0,0,0,,0,,,,,,,0,0,0,0,0,0,0,0,0,"{""matches"":0,""wins"":0,""losses"":0,""draws"":0,""winPercentage"":0,""eventsEntered"":0,""titles"":0,""finals"":0,""prizeMoney"":0,""points"":0}",,,,,,,,,,,,,,111,,false,false,true,,71,18,9,2,7,1,0,0,0,0,0,0,0,9,9,estimated from season exits versus eligible schedule | 9 eligible events not entered,Rookie Pro,normal,,,true,true,false,false,0,0,0,,0,false,,mainTour,mainTour,,,true,true,
2040/41,wp-noah-bennett-g,Noah Bennett G,22,AUS,Rookie,Rookie Pro / Bubble,false,true,true,Playoff Route,1,2,2042/43,At Risk,,115,115,115,115,115,,,,,,,53,57,55,48,53,62,42,0,21,0,0,0,,0,,,,,,,0,50,0,0,0,0,0,0,0,"{""matches"":0,""wins"":0,""losses"":0,""draws"":0,""winPercentage"":0,""eventsEntered"":0,""titles"":0,""finals"":0,""prizeMoney"":0,""points"":0}",,,,,,,,,,,,,,110,,false,false,true,,71,18,9,2,7,1,0,0,0,0,0,0,0,9,9,estimated from season exits versus eligible schedule | 9 eligible events not entered,Rookie Pro,normal,,,true,true,false,false,0,0,0,,0,false,,mainTour,mainTour,,,true,true,
2040/41,wp-noah-bennett-h,Noah Bennett H,19,IRL,Rookie,Rookie Pro / Bubble,false,true,true,Playoff Route,1,2,2042/43,At Risk,,116,116,116,116,116,,,,,,,51,57,53,45,51,60,42,0,18,0,0,0,,0,,,,,,,0,87,0,0,0,0,0,0,0,"{""matches"":0,""wins"":0,""losses"":0,""draws"":0,""winPercentage"":0,""eventsEntered"":0,""titles"":0,""finals"":0,""prizeMoney"":0,""points"":0}",,,,,,,,,,,,,,,,false,false,true,,71,18,9,2,7,1,0,0,0,0,0,0,0,9,9,estimated from season exits versus eligible schedule | 9 eligible events not entered,Rookie Pro,normal,,,true,true,false,false,0,0,0,,0,false,,mainTour,mainTour,,,true,true,
2040/41,wp-qualifier-8,Qualifier 8,32,INT,Established,Rookie Pro / Bubble,false,true,true,Playoff Route,1,2,2042/43,At Risk,,117,117,117,117,117,,,,,,,68,68,70,66,67,84,71,0,24,0,0,0,,0,,,,,,,0,72,3,2,1,66.66666666666666,2,0,0,"{""matches"":3,""wins"":2,""losses"":1,""draws"":0,""winPercentage"":66.66666666666666,""eventsEntered"":0,""titles"":2,""finals"":0,""prizeMoney"":0,""points"":0}",,,,,,,,,,,,,,118,,false,false,true,,71,18,9,2,7,1,0,0,0,0,0,0,0,9,9,estimated from season exits versus eligible schedule | 9 eligible events not entered,Rookie Pro,normal,,,true,true,false,false,0,0,0,,0,false,,mainTour,mainTour,,,true,true,
2040/41,wp-rory-vale,Rory Vale,28,ENG,Established,Rookie Pro / Bubble,false,true,true,Playoff Route,1,2,2042/43,At Risk,,118,118,118,118,118,,,,,,,52,52,54,47,52,61,42,0,20,0,0,0,,0,,,,,,,0,88,0,0,0,0,0,0,0,"{""matches"":0,""wins"":0,""losses"":0,""draws"":0,""winPercentage"":0,""eventsEntered"":0,""titles"":0,""finals"":0,""prizeMoney"":0,""points"":0}",,,,,,,,,,,,,,117,,false,false,true,,71,18,9,2,7,1,0,0,0,0,0,0,0,9,9,estimated from season exits versus eligible schedule | 9 eligible events not entered,Rookie Pro,normal,,,true,true,false,false,0,0,0,,0,false,,mainTour,mainTour,,,true,true,
2040/41,wp-rory-vale-c,Rory Vale C,24,BEL,Rookie,Rookie Pro / Bubble,false,true,true,Federation Route,1,2,2042/43,At Risk,,119,119,119,119,119,,,,,,,52,55,54,47,52,61,42,0,20,0,0,0,,0,,,,,,,0,21,0,0,0,0,0,0,0,"{""matches"":0,""wins"":0,""losses"":0,""draws"":0,""winPercentage"":0,""eventsEntered"":0,""titles"":0,""finals"":0,""prizeMoney"":0,""points"":0}",,,,,,,,,,,,,,117,,false,false,true,,71,18,9,2,7,1,0,0,0,0,0,0,0,9,9,estimated from season exits versus eligible schedule | 9 eligible events not entered,Rookie Pro,normal,,,true,true,false,false,0,0,0,,0,false,,mainTour,mainTour,,,true,true,
2040/41,wp-rory-vale-f,Rory Vale F,22,THA,Rookie,Rookie Pro / Bubble,false,true,true,Playoff Route,1,2,2042/43,At Risk,,120,120,120,120,120,,,,,,,52,56,54,47,52,61,42,0,19,0,0,0,,0,,,,,,,0,45,0,0,0,0,0,0,0,"{""matches"":0,""wins"":0,""losses"":0,""draws"":0,""winPercentage"":0,""eventsEntered"":0,""titles"":0,""finals"":0,""prizeMoney"":0,""points"":0}",,,,,,,,,,,,,,120,,false,false,true,,71,18,9,2,7,1,0,0,0,0,0,0,0,9,9,estimated from season exits versus eligible schedule | 9 eligible events not entered,Rookie Pro,normal,,,true,true,false,false,0,0,0,,0,false,,mainTour,mainTour,,,true,true,
2040/41,wp-rory-vale-g,Rory Vale G,19,THA,Rookie,Rookie Pro / Bubble,false,true,true,Q School,1,2,2042/43,At Risk,,121,121,121,121,121,,,,,,,51,57,53,45,51,60,42,0,18,0,0,0,,0,,,,,,,0,122,0,0,0,0,0,0,0,"{""matches"":0,""wins"":0,""losses"":0,""draws"":0,""winPercentage"":0,""eventsEntered"":0,""titles"":0,""finals"":0,""prizeMoney"":0,""points"":0}",,,,,,,,,,,,,,,,false,false,true,,71,18,9,2,7,1,0,0,0,0,0,0,0,9,9,estimated from season exits versus eligible schedule | 9 eligible events not entered,Rookie Pro,normal,,,true,true,false,false,0,0,0,,0,false,,mainTour,mainTour,,,true,true,
2040/41,wp-rory-vale-h,Rory Vale H,19,THA,Rookie,Rookie Pro / Bubble,false,true,true,Playoff Route,1,2,2042/43,At Risk,,122,122,122,122,122,,,,,,,50,56,52,44,50,59,42,0,18,0,0,0,,0,,,,,,,0,104,0,0,0,0,0,0,0,"{""matches"":0,""wins"":0,""losses"":0,""draws"":0,""winPercentage"":0,""eventsEntered"":0,""titles"":0,""finals"":0,""prizeMoney"":0,""points"":0}",,,,,,,,,,,,,,,,false,false,true,,71,18,9,2,7,1,0,0,0,0,0,0,0,9,9,estimated from season exits versus eligible schedule | 9 eligible events not entered,Rookie Pro,normal,,,true,true,false,false,0,0,0,,0,false,,mainTour,mainTour,,,true,true,
2040/41,wp-rory-vale-i,Rory Vale I,19,THA,Rookie,Rookie Pro / Bubble,false,true,true,Playoff Route,1,2,2042/43,At Risk,,123,123,123,123,123,,,,,,,50,56,52,44,50,59,42,0,18,0,0,0,,0,,,,,,,0,82,0,0,0,0,0,0,0,"{""matches"":0,""wins"":0,""losses"":0,""draws"":0,""winPercentage"":0,""eventsEntered"":0,""titles"":0,""finals"":0,""prizeMoney"":0,""points"":0}",,,,,,,,,,,,,,,,false,false,true,,71,18,9,2,7,1,0,0,0,0,0,0,0,9,9,estimated from season exits versus eligible schedule | 9 eligible events not entered,Rookie Pro,normal,,,true,true,false,false,0,0,0,,0,false,,mainTour,mainTour,,,true,true,
2040/41,wp-theo-crane,Theo Crane,39,GER,Established,Rookie Pro / Bubble,false,true,true,Playoff Route,2,1,2041/42,Rookie Year 2,120,120,124,120,124,124,,,,,120,-4,86,91,87,88,83,99,82,0,40,0,0,0,,0,,,,,,,0,0,1,1,0,100,1,0,0,"{""matches"":1,""wins"":1,""losses"":0,""draws"":0,""winPercentage"":100,""eventsEntered"":0,""titles"":1,""finals"":0,""prizeMoney"":0,""points"":0}",,,,,,,,,,,,,,19,,false,false,true,,71,18,9,2,7,1,0,0,0,0,0,0,0,9,9,estimated from season exits versus eligible schedule | 9 eligible events not entered,Rookie Pro,normal,,,true,true,false,true,0,0,0,,0,true,,mainTour,mainTour,,,true,true,
2040/41,wp-theo-holt,Theo Holt,37,GER,Established,Rookie Pro / Bubble,false,true,true,Federation Route,1,2,2042/43,At Risk,,125,125,125,125,125,,,,,,,59,63,60,56,57,68,42,0,32,0,0,0,,0,,,,,,,0,25,0,0,0,0,0,0,0,"{""matches"":0,""wins"":0,""losses"":0,""draws"":0,""winPercentage"":0,""eventsEntered"":0,""titles"":0,""finals"":0,""prizeMoney"":0,""points"":0}",,,,,,,,,,,,,,51,,false,false,true,,71,18,9,2,7,1,0,0,0,0,0,0,0,9,9,estimated from season exits versus eligible schedule | 9 eligible events not entered,Rookie Pro,normal,,,true,true,false,false,0,0,0,,0,false,,mainTour,mainTour,,,true,true,
2040/41,wp-toby-hale-a,Toby Hale A,27,SCO,Established,Rookie Pro / Bubble,false,true,true,Playoff Route,1,2,2042/43,At Risk,,126,126,126,126,126,,,,,,,62,63,64,59,62,76,63,0,21,0,0,0,,0,,,,,,,0,103,2,1,1,50,1,0,0,"{""matches"":2,""wins"":1,""losses"":1,""draws"":0,""winPercentage"":50,""eventsEntered"":0,""titles"":1,""finals"":0,""prizeMoney"":0,""points"":0}",,,,,,,,,,,,,,125,,false,false,true,,71,18,9,2,7,1,0,0,0,0,0,0,0,9,9,estimated from season exits versus eligible schedule | 9 eligible events not entered,Rookie Pro,normal,,,true,true,false,false,0,0,0,,0,false,,mainTour,mainTour,,,true,true,
2040/41,wp-toby-hale-e,Toby Hale E,21,ENG,Rookie,Rookie Pro / Bubble,false,true,true,Playoff Route,2,1,2041/42,Rookie Year 2,126,126,127,126,127,127,,,,,126,-1,50,55,52,44,50,59,42,0,18,0,0,0,,0,,,,,,,0,0,0,0,0,0,0,0,0,"{""matches"":0,""wins"":0,""losses"":0,""draws"":0,""winPercentage"":0,""eventsEntered"":0,""titles"":0,""finals"":0,""prizeMoney"":0,""points"":0}",,,,,,,,,,,,,,126,,false,false,true,,71,18,9,2,7,1,0,0,0,0,0,0,0,9,9,estimated from season exits versus eligible schedule | 9 eligible events not entered,Rookie Pro,normal,,,true,true,false,true,0,0,0,,0,true,,mainTour,mainTour,,,true,true,
2040/41,wp-toby-hale-h,Toby Hale H,18,ENG,Rookie,Rookie Pro / Bubble,false,true,true,Federation Route,1,2,2042/43,At Risk,,128,128,128,128,128,,,,,,,50,57,52,44,50,59,42,0,18,0,0,0,,0,,,,,,,0,29,0,0,0,0,0,0,0,"{""matches"":0,""wins"":0,""losses"":0,""draws"":0,""winPercentage"":0,""eventsEntered"":0,""titles"":0,""finals"":0,""prizeMoney"":0,""points"":0}",,,,,,,,,,,,,,,,false,false,true,,71,18,9,2,7,1,0,0,0,0,0,0,0,9,9,estimated from season exits versus eligible schedule | 9 eligible events not entered,Rookie Pro,normal,,,true,true,false,false,0,0,0,,0,false,,mainTour,mainTour,,,true,true,
2040/41,wp-arlo-dawes-k,Arlo Dawes K,15,BEL,Youth,Amateur,false,false,false,,0,0,,Amateur,,,,,,,,,,,,,50,59,52,44,50,59,42,0,18,,,,,,,,,,,,,,0,0,0,0,0,0,0,"{""matches"":0,""wins"":0,""losses"":0,""draws"":0,""winPercentage"":0,""eventsEntered"":0,""titles"":0,""finals"":0,""prizeMoney"":0,""points"":0}",,,,,,,,,,,,,,,,,false,false,,71,37,14,0,0,0,0,0,7,4,0,3,0,23,0,estimated from season exits versus eligible schedule | 23 eligible events not entered,Youth,normal,,,false,false,false,false,0,0,0,,0,false,,youth,youth,,,true,true,
2040/41,wp-evan-mori-j,Evan Mori J,15,CHN,Youth,Amateur,false,false,false,,0,0,,Amateur,,,,,,,,,,,,,50,59,52,44,50,59,42,0,18,0,0,0,,0,,,,,,,0,8,0,0,0,0,0,0,0,"{""matches"":0,""wins"":0,""losses"":0,""draws"":0,""winPercentage"":0,""eventsEntered"":0,""titles"":0,""finals"":0,""prizeMoney"":0,""points"":0}",,,,,,,,,,,,,,,,false,false,false,,71,37,14,0,0,0,0,0,7,4,0,3,0,23,0,estimated from season exits versus eligible schedule | 23 eligible events not entered,Youth,normal,,,false,false,false,false,0,0,0,,0,false,,youth,youth,,,true,true,
2040/41,wp-evan-mori-k,Evan Mori K,15,CHN,Youth,Amateur,false,false,false,,0,0,,Amateur,,,,,,,,,,,,,50,59,52,44,50,59,42,0,18,,,,,,,,,,,,,,0,0,0,0,0,0,0,"{""matches"":0,""wins"":0,""losses"":0,""draws"":0,""winPercentage"":0,""eventsEntered"":0,""titles"":0,""finals"":0,""prizeMoney"":0,""points"":0}",,,,,,,,,,,,,,,,,false,false,,71,37,14,0,0,0,0,0,7,4,0,3,0,23,0,estimated from season exits versus eligible schedule | 23 eligible events not entered,Youth,normal,,,false,false,false,false,0,0,0,,0,false,,youth,youth,,,true,true,
2040/41,wp-finn-cross-i,Finn Cross I,17,BEL,Youth,Amateur,false,false,false,,0,0,,Amateur,,,,,,,,,,,,,50,58,52,44,50,59,42,0,18,0,0,0,,0,,,,,,,0,25,0,0,0,0,0,0,0,"{""matches"":0,""wins"":0,""losses"":0,""draws"":0,""winPercentage"":0,""eventsEntered"":0,""titles"":0,""finals"":0,""prizeMoney"":0,""points"":0}",,,,,,,,,,,,,,,,false,false,false,,71,37,14,0,0,0,0,0,7,4,0,3,0,23,0,estimated from season exits versus eligible schedule | 23 eligible events not entered,Youth,normal,,,false,false,false,false,0,0,0,,0,false,,youth,youth,,,true,true,
2040/41,wp-finn-cross-j,Finn Cross J,14,SCO,Youth,Amateur,false,false,false,,0,0,,Amateur,,,,,,,,,,,,,50,60,52,44,50,59,42,0,18,,,,,,,,,,,,,,0,0,0,0,0,0,0,"{""matches"":0,""wins"":0,""losses"":0,""draws"":0,""winPercentage"":0,""eventsEntered"":0,""titles"":0,""finals"":0,""prizeMoney"":0,""points"":0}",,,,,,,,,,,,,,,,,false,false,,71,37,14,0,0,0,0,0,7,4,0,3,0,23,0,estimated from season exits versus eligible schedule | 23 eligible events not entered,Youth,normal,,,false,false,false,false,0,0,0,,0,false,,youth,youth,,,true,true,
2040/41,wp-harvey-crane,Harvey Crane,40,ENG,Veteran,Amateur,false,false,false,,0,0,,Amateur,67,67,,67,,,,,,,67,,62,67,63,59,58,70,40,4,37,0,0,0,,0,,,,,,,0,0,0,0,0,0,0,0,0,"{""matches"":0,""wins"":0,""losses"":0,""draws"":0,""winPercentage"":0,""eventsEntered"":0,""titles"":0,""finals"":0,""prizeMoney"":0,""points"":0}",,,,,,,,,,,,,,25,,false,false,false,,71,18,14,0,0,0,0,0,7,4,3,0,0,4,0,estimated from season exits versus eligible schedule | 4 eligible events not entered,Amateur,normal,,,false,false,false,false,0,0,0,,0,false,,amateur,amateur,,,true,true,
2040/41,wp-harvey-holt,Harvey Holt,48,ENG,Veteran,Senior Tour / Legend Circuit,false,false,false,,0,0,,Amateur,68,68,,68,,,,,,23,68,,61,65,60,57,53,65,32,17,34,0,0,0,,0,,,,,,,0,0,0,0,0,0,0,0,0,"{""matches"":0,""wins"":0,""losses"":0,""draws"":0,""winPercentage"":0,""eventsEntered"":0,""titles"":0,""finals"":0,""prizeMoney"":0,""points"":0}",,,,,,,,,,,,,,40,,false,false,false,,71,6,6,0,0,0,0,0,0,0,0,0,6,0,0,,Senior/Legend,normal,,,false,false,false,false,0,0,0,,0,false,,senior,senior,,,true,true,
2040/41,wp-harvey-keane,Harvey Keane,30,ENG,Amateur,Q School,false,false,false,,0,0,,Amateur,69,69,,69,,,33,,31,,69,,60,64,62,57,60,69,42,0,34,0,0,0,,0,,,,,,,0,0,0,0,0,0,0,0,0,"{""matches"":0,""wins"":0,""losses"":0,""draws"":0,""winPercentage"":0,""eventsEntered"":0,""titles"":0,""finals"":0,""prizeMoney"":0,""points"":0}",,,,,,,,,,,,,,41,,false,false,false,,71,18,3,0,0,0,0,0,0,3,0,0,0,15,8,estimated from season exits versus eligible schedule | 15 eligible events not entered,Q School,normal,,,false,false,false,false,0,0,0,,0,false,,amateur,qSchool,,,true,true,
2040/41,wp-harvey-mercer,Harvey Mercer,34,ENG,Amateur,Amateur,false,false,false,,0,0,,Amateur,70,70,,70,,,37,,,,70,,60,64,62,57,59,69,42,0,33,0,0,0,,0,,,,,,,0,0,0,0,0,0,0,0,0,"{""matches"":0,""wins"":0,""losses"":0,""draws"":0,""winPercentage"":0,""eventsEntered"":0,""titles"":0,""finals"":0,""prizeMoney"":0,""points"":0}",,,,,,,,,,,,,,42,,false,false,false,,71,18,14,0,0,0,0,0,7,4,3,0,0,4,0,estimated from season exits versus eligible schedule | 4 eligible events not entered,Amateur,normal,,,false,false,false,false,0,0,0,,0,false,,amateur,amateur,,,true,true,
2040/41,wp-harvey-zhou,Harvey Zhou,46,ENG,Veteran,Senior Tour / Legend Circuit,false,false,false,,0,0,,Amateur,,,,,,,,,,16,,,60,64,60,56,53,65,34,14,34,0,0,0,,0,,,,,,,0,5,0,0,0,0,0,0,0,"{""matches"":0,""wins"":0,""losses"":0,""draws"":0,""winPercentage"":0,""eventsEntered"":0,""titles"":0,""finals"":0,""prizeMoney"":0,""points"":0}",,,,,,,,,,,,,,41,,false,false,false,,71,6,6,0,0,0,0,0,0,0,0,0,6,0,0,,Senior/Legend,normal,,,false,false,false,false,0,0,0,,0,false,,senior,senior,,,true,true,
2040/41,wp-hugo-cairn,Hugo Cairn,48,GER,Veteran,Senior Tour / Legend Circuit,false,false,false,,0,0,,Amateur,,,,,,,,,,5,,,65,71,64,62,57,69,32,17,40,0,0,0,,0,,,,,,,0,16,0,0,0,0,0,0,0,"{""matches"":0,""wins"":0,""losses"":0,""draws"":0,""winPercentage"":0,""eventsEntered"":0,""titles"":0,""finals"":0,""prizeMoney"":0,""points"":0}",,,,,,,,,,,,,,7,,false,false,false,,71,6,6,0,0,0,0,0,0,0,0,0,6,0,0,,Senior/Legend,normal,,,false,false,false,false,0,0,0,,0,false,,senior,senior,,,true,true,
2040/41,wp-jamie-crane,Jamie Crane,47,NIR,Veteran,Senior Tour / Legend Circuit,false,false,false,,0,0,,Amateur,,,,,,,,,,11,,,63,69,62,60,56,68,33,15,38,0,0,0,,0,,,,,,,0,9,0,0,0,0,0,0,0,"{""matches"":0,""wins"":0,""losses"":0,""draws"":0,""winPercentage"":0,""eventsEntered"":0,""titles"":0,""finals"":0,""prizeMoney"":0,""points"":0}",,,,,,,,,,,,,,16,,false,false,false,,71,6,6,0,0,0,0,0,0,0,0,0,6,0,0,,Senior/Legend,normal,,,false,false,false,false,0,0,0,,0,false,,senior,senior,,,true,true,
2040/41,wp-jamie-mercer,Jamie Mercer,33,NIR,Amateur,Q Tour,false,false,false,,0,0,,Amateur,,,,,,,29,31,,,,,59,63,61,56,58,68,42,0,32,0,0,0,,0,,,,,,,0,8,0,0,0,0,0,0,0,"{""matches"":0,""wins"":0,""losses"":0,""draws"":0,""winPercentage"":0,""eventsEntered"":0,""titles"":0,""finals"":0,""prizeMoney"":0,""points"":0}",,,,,,,,,,,,,,50,,false,false,false,,71,18,7,0,0,0,0,0,3,4,0,0,0,11,4,estimated from season exits versus eligible schedule | 11 eligible events not entered,Q Tour,normal,,,false,false,false,false,0,0,0,,0,false,,amateur,qTour,,,true,true,
2040/41,wp-jamie-nash,Jamie Nash,59,NIR,Veteran,Senior Tour / Legend Circuit,false,false,false,,0,0,,Amateur,,,,,,,,,,6,,,59,63,56,53,46,58,21,34,32,0,0,0,,0,,,,,,,0,15,0,0,0,0,0,0,0,"{""matches"":0,""wins"":0,""losses"":0,""draws"":0,""winPercentage"":0,""eventsEntered"":0,""titles"":0,""finals"":0,""prizeMoney"":0,""points"":0}",,,,,,,,,,,,,,51,,false,false,false,,71,6,6,0,0,0,0,0,0,0,0,0,6,0,0,,Senior/Legend,normal,,,false,false,false,false,0,0,0,,0,false,,senior,senior,,,true,true,
2040/41,wp-jamie-sloan,Jamie Sloan,46,NIR,Veteran,Senior Tour / Legend Circuit,false,false,false,,0,0,,Amateur,,,,,,,,,,17,,,59,63,59,55,52,64,34,14,32,0,0,0,,0,,,,,,,0,4,0,0,0,0,0,0,0,"{""matches"":0,""wins"":0,""losses"":0,""draws"":0,""winPercentage"":0,""eventsEntered"":0,""titles"":0,""finals"":0,""prizeMoney"":0,""points"":0}",,,,,,,,,,,,,,52,,false,false,false,,71,6,6,0,0,0,0,0,0,0,0,0,6,0,0,,Senior/Legend,normal,,,false,false,false,false,0,0,0,,0,false,,senior,senior,,,true,true,
2040/41,wp-jamie-zhou,Jamie Zhou,37,NIR,Amateur,Amateur,false,false,false,,0,0,,Amateur,75,75,,75,,,38,,,,75,,62,67,63,59,60,71,42,0,35,0,0,0,,0,,,,,,,0,0,0,0,0,0,0,0,0,"{""matches"":0,""wins"":0,""losses"":0,""draws"":0,""winPercentage"":0,""eventsEntered"":0,""titles"":0,""finals"":0,""prizeMoney"":0,""points"":0}",,,,,,,,,,,,,,32,,false,false,false,,71,18,14,0,0,0,0,0,7,4,3,0,0,4,0,estimated from season exits versus eligible schedule | 4 eligible events not entered,Amateur,normal,,,false,false,false,false,0,0,0,,0,false,,amateur,amateur,,,true,true,
2040/41,wp-jon-hart,Jon Hart,42,ENG,Veteran,Amateur,false,false,false,,0,0,,Amateur,76,76,,76,,,,,,,76,,64,70,64,61,59,71,38,7,39,0,0,0,,0,,,,,,,0,0,0,0,0,0,0,0,0,"{""matches"":0,""wins"":0,""losses"":0,""draws"":0,""winPercentage"":0,""eventsEntered"":0,""titles"":0,""finals"":0,""prizeMoney"":0,""points"":0}",,,,,,,,,,,,,,10,,false,false,false,,71,18,14,0,0,0,0,0,7,4,3,0,0,4,0,estimated from season exits versus eligible schedule | 4 eligible events not entered,Amateur,normal,,,false,false,false,false,0,0,0,,0,false,,amateur,amateur,,,true,true,
2040/41,wp-jude-sloan-a,Jude Sloan A,26,WAL,Amateur,Q School,false,false,false,,0,0,,Amateur,78,78,,78,,,26,26,26,,78,,58,63,60,54,58,67,42,0,29,0,0,0,,0,,,,,,,0,0,0,0,0,0,0,0,0,"{""matches"":0,""wins"":0,""losses"":0,""draws"":0,""winPercentage"":0,""eventsEntered"":0,""titles"":0,""finals"":0,""prizeMoney"":0,""points"":0}",,,,,,,,,,,,,,65,,false,false,false,,71,18,3,0,0,0,0,0,0,3,0,0,0,15,8,estimated from season exits versus eligible schedule | 15 eligible events not entered,Q School,normal,,,false,false,false,false,0,0,0,,0,false,,qTour,qSchool,,,true,true,
2040/41,wp-jude-sloan-b,Jude Sloan B,26,WAL,Amateur,Q School,false,false,false,,0,0,,Amateur,79,79,,79,,,28,28,28,,79,,57,61,59,53,57,66,42,0,29,0,0,0,,0,,,,,,,0,0,2,0,2,0,0,0,0,"{""matches"":2,""wins"":0,""losses"":2,""draws"":0,""winPercentage"":0,""eventsEntered"":0,""titles"":0,""finals"":0,""prizeMoney"":0,""points"":0}",,,,,,,,,,,,,,67,,false,false,false,,71,18,3,0,0,0,0,0,0,3,0,0,0,15,8,estimated from season exits versus eligible schedule | 15 eligible events not entered,Q School,normal,,,false,false,false,false,0,0,0,,0,false,,qTour,qSchool,,,true,true,
2040/41,wp-jude-sloan-e,Jude Sloan E,21,IRL,Amateur,Q School,false,false,false,,0,0,,Amateur,80,80,,80,,,5,5,7,,80,,57,65,59,53,57,66,42,0,28,0,0,0,,0,,,,,,,0,0,0,0,0,0,0,0,0,"{""matches"":0,""wins"":0,""losses"":0,""draws"":0,""winPercentage"":0,""eventsEntered"":0,""titles"":0,""finals"":0,""prizeMoney"":0,""points"":0}",,,,,,,,,,,,,,73,,false,false,false,,71,18,3,0,0,0,0,0,0,3,0,0,0,15,8,estimated from season exits versus eligible schedule | 15 eligible events not entered,Q School,normal,,,false,false,false,false,0,0,0,,0,false,,qSchool,qSchool,,,true,true,
2040/41,wp-jude-sloan-f,Jude Sloan F,21,IRL,Amateur,Q School,false,false,false,,0,0,,Amateur,81,81,,81,,,6,6,8,,81,,56,64,58,52,56,65,42,0,28,0,0,0,,0,,,,,,,0,0,0,0,0,0,0,0,0,"{""matches"":0,""wins"":0,""losses"":0,""draws"":0,""winPercentage"":0,""eventsEntered"":0,""titles"":0,""finals"":0,""prizeMoney"":0,""points"":0}",,,,,,,,,,,,,,75,,false,false,false,,71,18,3,0,0,0,0,0,0,3,0,0,0,15,8,estimated from season exits versus eligible schedule | 15 eligible events not entered,Q School,normal,,,false,false,false,false,0,0,0,,0,false,,qSchool,qSchool,,,true,true,
2040/41,wp-jude-sloan-g,Jude Sloan G,21,IRL,Amateur,Q School,false,false,false,,0,0,,Amateur,82,82,,82,,,8,7,9,,82,,56,64,58,52,56,65,42,0,27,0,0,0,,0,,,,,,,0,0,0,0,0,0,0,0,0,"{""matches"":0,""wins"":0,""losses"":0,""draws"":0,""winPercentage"":0,""eventsEntered"":0,""titles"":0,""finals"":0,""prizeMoney"":0,""points"":0}",,,,,,,,,,,,,,76,,false,false,false,,71,18,3,0,0,0,0,0,0,3,0,0,0,15,8,estimated from season exits versus eligible schedule | 15 eligible events not entered,Q School,normal,,,false,false,false,false,0,0,0,,0,false,,qSchool,qSchool,,,true,true,
2040/41,wp-jude-sloan-j,Jude Sloan J,16,AUS,Youth,Amateur,false,false,false,,0,0,,Amateur,,,,,,,,,,,,,50,58,52,44,50,59,42,0,18,0,0,0,,0,,,,,,,0,7,0,0,0,0,0,0,0,"{""matches"":0,""wins"":0,""losses"":0,""draws"":0,""winPercentage"":0,""eventsEntered"":0,""titles"":0,""finals"":0,""prizeMoney"":0,""points"":0}",,,,,,,,,,,,,,,,false,false,false,,71,37,14,0,0,0,0,0,7,4,0,3,0,23,0,estimated from season exits versus eligible schedule | 23 eligible events not entered,Youth,normal,,,false,false,false,false,0,0,0,,0,false,,youth,youth,,,true,true,
2040/41,wp-jude-sloan-k,Jude Sloan K,16,AUS,Youth,Amateur,false,false,false,,0,0,,Amateur,,,,,,,,,,,,,50,58,52,44,50,59,42,0,18,,,,,,,,,,,,,,0,0,0,0,0,0,0,"{""matches"":0,""wins"":0,""losses"":0,""draws"":0,""winPercentage"":0,""eventsEntered"":0,""titles"":0,""finals"":0,""prizeMoney"":0,""points"":0}",,,,,,,,,,,,,,,,,false,false,,71,37,14,0,0,0,0,0,7,4,0,3,0,23,0,estimated from season exits versus eligible schedule | 23 eligible events not entered,Youth,normal,,,false,false,false,false,0,0,0,,0,false,,youth,youth,,,true,true,
2040/41,wp-kai-pryce-c,Kai Pryce C,26,AUS,Amateur,Q School,false,false,false,,0,0,,Amateur,86,86,,86,,,27,27,27,,86,,69,73,71,67,69,83,63,0,30,0,0,0,,0,,,,,,,0,0,2,1,1,50,1,0,0,"{""matches"":2,""wins"":1,""losses"":1,""draws"":0,""winPercentage"":50,""eventsEntered"":0,""titles"":1,""finals"":0,""prizeMoney"":0,""points"":0}",,,,,,,,,,,,,,71,,false,false,false,,71,18,3,0,0,0,0,0,0,3,0,0,0,15,8,estimated from season exits versus eligible schedule | 15 eligible events not entered,Q School,normal,,,false,false,false,false,0,0,0,,0,false,,qTour,qSchool,,,true,true,
2040/41,wp-kai-pryce-g,Kai Pryce G,19,WAL,Amateur,Q School,false,false,false,,0,0,,Amateur,88,88,,88,,,3,3,5,,88,,56,65,58,52,56,65,42,0,27,0,0,0,,0,,,,,,,0,0,0,0,0,0,0,0,0,"{""matches"":0,""wins"":0,""losses"":0,""draws"":0,""winPercentage"":0,""eventsEntered"":0,""titles"":0,""finals"":0,""prizeMoney"":0,""points"":0}",,,,,,,,,,,,,,80,,false,false,false,,71,18,3,0,0,0,0,0,0,3,0,0,0,15,8,estimated from season exits versus eligible schedule | 15 eligible events not entered,Q School,normal,,,false,false,false,false,0,0,0,,0,false,,qSchool,qSchool,,,true,true,
2040/41,wp-kai-pryce-j,Kai Pryce J,16,WAL,Youth,Amateur,false,false,false,,0,0,,Amateur,,,,,,,,,,,,,50,58,52,44,50,59,42,0,18,0,0,0,,0,,,,,,,0,19,0,0,0,0,0,0,0,"{""matches"":0,""wins"":0,""losses"":0,""draws"":0,""winPercentage"":0,""eventsEntered"":0,""titles"":0,""finals"":0,""prizeMoney"":0,""points"":0}",,,,,,,,,,,,,,,,false,false,false,,71,37,14,0,0,0,0,0,7,4,0,3,0,23,0,estimated from season exits versus eligible schedule | 23 eligible events not entered,Youth,normal,,,false,false,false,false,0,0,0,,0,false,,youth,youth,,,true,true,
2040/41,wp-kai-pryce-k,Kai Pryce K,16,WAL,Youth,Amateur,false,false,false,,0,0,,Amateur,,,,,,,,,,,,,50,58,52,44,50,59,42,0,18,0,0,0,,0,,,,,,,0,6,0,0,0,0,0,0,0,"{""matches"":0,""wins"":0,""losses"":0,""draws"":0,""winPercentage"":0,""eventsEntered"":0,""titles"":0,""finals"":0,""prizeMoney"":0,""points"":0}",,,,,,,,,,,,,,,,false,false,false,,71,37,14,0,0,0,0,0,7,4,0,3,0,23,0,estimated from season exits versus eligible schedule | 23 eligible events not entered,Youth,normal,,,false,false,false,false,0,0,0,,0,false,,youth,youth,,,true,true,
2040/41,wp-kai-pryce-l,Kai Pryce L,16,WAL,Youth,Amateur,false,false,false,,0,0,,Amateur,,,,,,,,,,,,,50,58,52,44,50,59,42,0,18,,,,,,,,,,,,,,0,0,0,0,0,0,0,"{""matches"":0,""wins"":0,""losses"":0,""draws"":0,""winPercentage"":0,""eventsEntered"":0,""titles"":0,""finals"":0,""prizeMoney"":0,""points"":0}",,,,,,,,,,,,,,,,,false,false,,71,37,14,0,0,0,0,0,7,4,0,3,0,23,0,estimated from season exits versus eligible schedule | 23 eligible events not entered,Youth,normal,,,false,false,false,false,0,0,0,,0,false,,youth,youth,,,true,true,
2040/41,wp-kian-crane,Kian Crane,38,NED,Amateur,Amateur,false,false,false,,0,0,,Amateur,,,,,,,47,,,,,,63,68,64,60,60,72,42,1,37,0,0,0,,0,,,,,,,0,5,0,0,0,0,0,0,0,"{""matches"":0,""wins"":0,""losses"":0,""draws"":0,""winPercentage"":0,""eventsEntered"":0,""titles"":0,""finals"":0,""prizeMoney"":0,""points"":0}",,,,,,,,,,,,,,20,,false,false,false,,71,18,14,0,0,0,0,0,7,4,3,0,0,4,0,estimated from season exits versus eligible schedule | 4 eligible events not entered,Amateur,normal,,,false,false,false,false,0,0,0,,0,false,,amateur,amateur,,,true,true,
2040/41,wp-kian-holt,Kian Holt,37,NED,Amateur,Amateur,false,false,false,,0,0,,Amateur,,,,,,,36,,,,,,82,86,83,83,80,99,83,0,34,0,0,0,,0,,,,,,,0,6,1,1,0,100,1,0,0,"{""matches"":1,""wins"":1,""losses"":0,""draws"":0,""winPercentage"":100,""eventsEntered"":0,""titles"":1,""finals"":0,""prizeMoney"":0,""points"":0}",,,,,,,,,,,,,,52,,false,false,false,,71,18,14,0,0,0,0,0,7,4,3,0,0,4,0,estimated from season exits versus eligible schedule | 4 eligible events not entered,Amateur,normal,,,false,false,false,false,0,0,0,,0,false,,amateur,amateur,,,true,true,
2040/41,wp-kian-keane,Kian Keane,42,NED,Veteran,Amateur,false,false,false,,0,0,,Amateur,89,89,,89,,,,,,,89,,59,63,59,55,54,66,38,7,31,0,0,0,,0,,,,,,,0,0,0,0,0,0,0,0,0,"{""matches"":0,""wins"":0,""losses"":0,""draws"":0,""winPercentage"":0,""eventsEntered"":0,""titles"":0,""finals"":0,""prizeMoney"":0,""points"":0}",,,,,,,,,,,,,,57,,false,false,false,,71,18,14,0,0,0,0,0,7,4,3,0,0,4,0,estimated from season exits versus eligible schedule | 4 eligible events not entered,Amateur,normal,,,false,false,false,false,0,0,0,,0,false,,amateur,amateur,,,true,true,
2040/41,wp-kian-mercer,Kian Mercer,36,NED,Amateur,Amateur,false,false,false,,0,0,,Amateur,90,90,,90,,,40,,,,90,,58,62,60,54,56,67,42,0,31,0,0,0,,0,,,,,,,0,0,0,0,0,0,0,0,0,"{""matches"":0,""wins"":0,""losses"":0,""draws"":0,""winPercentage"":0,""eventsEntered"":0,""titles"":0,""finals"":0,""prizeMoney"":0,""points"":0}",,,,,,,,,,,,,,58,,false,false,false,,71,18,14,0,0,0,0,0,7,4,3,0,0,4,0,estimated from season exits versus eligible schedule | 4 eligible events not entered,Amateur,normal,,,false,false,false,false,0,0,0,,0,false,,amateur,amateur,,,true,true,
2040/41,wp-kian-nash,Kian Nash,46,NED,Veteran,Senior Tour / Legend Circuit,false,false,false,,0,0,,Amateur,,,,,,,,,,18,,,58,61,58,53,51,63,34,14,30,0,0,0,,0,,,,,,,0,3,0,0,0,0,0,0,0,"{""matches"":0,""wins"":0,""losses"":0,""draws"":0,""winPercentage"":0,""eventsEntered"":0,""titles"":0,""finals"":0,""prizeMoney"":0,""points"":0}",,,,,,,,,,,,,,59,,false,false,false,,71,6,6,0,0,0,0,0,0,0,0,0,6,0,0,,Senior/Legend,normal,,,false,false,false,false,0,0,0,,0,false,,senior,senior,,,true,true,
2040/41,wp-kian-sloan,Kian Sloan,37,NED,Amateur,Amateur,false,false,false,,0,0,,Amateur,91,91,,91,,,41,,,,91,,58,61,59,54,56,67,42,0,30,0,0,0,,0,,,,,,,0,0,0,0,0,0,0,0,0,"{""matches"":0,""wins"":0,""losses"":0,""draws"":0,""winPercentage"":0,""eventsEntered"":0,""titles"":0,""finals"":0,""prizeMoney"":0,""points"":0}",,,,,,,,,,,,,,60,,false,false,false,,71,18,14,0,0,0,0,0,7,4,3,0,0,4,0,estimated from season exits versus eligible schedule | 4 eligible events not entered,Amateur,normal,,,false,false,false,false,0,0,0,,0,false,,amateur,amateur,,,true,true,
2040/41,wp-kian-zhou,Kian Zhou,39,NED,Amateur,Amateur,false,false,false,,0,0,,Amateur,,,,,,,50,,,,,,61,66,62,58,58,69,41,3,35,0,0,0,,0,,,,,,,0,4,0,0,0,0,0,0,0,"{""matches"":0,""wins"":0,""losses"":0,""draws"":0,""winPercentage"":0,""eventsEntered"":0,""titles"":0,""finals"":0,""prizeMoney"":0,""points"":0}",,,,,,,,,,,,,,36,,false,false,false,,71,18,14,0,0,0,0,0,7,4,3,0,0,4,0,estimated from season exits versus eligible schedule | 4 eligible events not entered,Amateur,normal,,,false,false,false,false,0,0,0,,0,false,,amateur,amateur,,,true,true,
2040/41,wp-leo-crane,Leo Crane,43,POL,Veteran,Amateur,false,false,false,,0,0,,Amateur,,,,,,,,,,,,,63,68,63,60,58,70,37,9,37,0,0,0,,0,,,,,,,0,0,0,0,0,0,0,0,0,"{""matches"":0,""wins"":0,""losses"":0,""draws"":0,""winPercentage"":0,""eventsEntered"":0,""titles"":0,""finals"":0,""prizeMoney"":0,""points"":0}",,,,,,,,,,,,,,21,,false,false,false,,71,18,14,0,0,0,0,0,7,4,3,0,0,4,0,estimated from season exits versus eligible schedule | 4 eligible events not entered,Amateur,normal,,,false,false,false,false,0,0,0,,0,false,,amateur,amateur,,,true,true,
2040/41,wp-leo-holt,Leo Holt,45,POL,Veteran,Amateur,false,false,false,,0,0,,Amateur,,,,,,,,,,,,,59,63,59,55,53,65,35,12,32,0,0,0,,0,,,,,,,0,0,0,0,0,0,0,0,0,"{""matches"":0,""wins"":0,""losses"":0,""draws"":0,""winPercentage"":0,""eventsEntered"":0,""titles"":0,""finals"":0,""prizeMoney"":0,""points"":0}",,,,,,,,,,,,,,53,,false,false,false,,71,20,14,0,0,0,0,0,7,4,3,0,0,6,0,estimated from season exits versus eligible schedule | 6 eligible events not entered,Amateur,normal,,,false,false,false,false,0,0,0,,0,false,,senior,amateur,,,true,true,
2040/41,wp-leo-keane,Leo Keane,35,POL,Amateur,Amateur,false,false,false,,0,0,,Amateur,,,,,,,53,,,,,,58,61,60,54,56,67,42,0,30,0,0,0,,0,,,,,,,0,3,0,0,0,0,0,0,0,"{""matches"":0,""wins"":0,""losses"":0,""draws"":0,""winPercentage"":0,""eventsEntered"":0,""titles"":0,""finals"":0,""prizeMoney"":0,""points"":0}",,,,,,,,,,,,,,64,,false,false,false,,71,18,14,0,0,0,0,0,7,4,3,0,0,4,0,estimated from season exits versus eligible schedule | 4 eligible events not entered,Amateur,normal,,,false,false,false,false,0,0,0,,0,false,,amateur,amateur,,,true,true,
2040/41,wp-leo-mercer,Leo Mercer,37,POL,Amateur,Amateur,false,false,false,,0,0,,Amateur,92,92,,92,,,42,,,,92,,80,83,81,80,78,98,82,0,29,0,0,0,,0,,,,,,,0,0,1,1,0,100,0,0,0,"{""matches"":1,""wins"":1,""losses"":0,""draws"":0,""winPercentage"":100,""eventsEntered"":0,""titles"":0,""finals"":0,""prizeMoney"":0,""points"":0}",,,,,,,,,,,,,,65,,false,false,false,,71,18,14,0,0,0,0,0,7,4,3,0,0,4,0,estimated from season exits versus eligible schedule | 4 eligible events not entered,Amateur,normal,,,false,false,false,false,0,0,0,,0,false,,amateur,amateur,,,true,true,
2040/41,wp-leo-nash,Leo Nash,37,POL,Amateur,Amateur,false,false,false,,0,0,,Amateur,93,93,,93,,,39,,,,93,,80,83,81,80,78,98,83,0,31,0,0,0,,0,,,,,,,0,0,1,1,0,100,1,0,0,"{""matches"":1,""wins"":1,""losses"":0,""draws"":0,""winPercentage"":100,""eventsEntered"":0,""titles"":1,""finals"":0,""prizeMoney"":0,""points"":0}",,,,,,,,,,,,,,66,,false,false,false,,71,18,14,0,0,0,0,0,7,4,3,0,0,4,0,estimated from season exits versus eligible schedule | 4 eligible events not entered,Amateur,normal,,,false,false,false,false,0,0,0,,0,false,,amateur,amateur,,,true,true,
2040/41,wp-leo-sloan,Leo Sloan,36,POL,Amateur,Amateur,false,false,false,,0,0,,Amateur,94,94,,94,,,43,,,,94,,57,60,59,53,55,66,42,0,29,0,0,0,,0,,,,,,,0,0,0,0,0,0,0,0,0,"{""matches"":0,""wins"":0,""losses"":0,""draws"":0,""winPercentage"":0,""eventsEntered"":0,""titles"":0,""finals"":0,""prizeMoney"":0,""points"":0}",,,,,,,,,,,,,,67,,false,false,false,,71,18,14,0,0,0,0,0,7,4,3,0,0,4,0,estimated from season exits versus eligible schedule | 4 eligible events not entered,Amateur,normal,,,false,false,false,false,0,0,0,,0,false,,amateur,amateur,,,true,true,
2040/41,wp-leo-zhou,Leo Zhou,64,POL,Veteran,Senior Tour / Legend Circuit,false,false,false,,0,0,,Amateur,,,,,,,,,,2,,,61,66,57,55,46,57,16,42,34,0,0,0,,0,,,,,,,0,19,0,0,0,0,0,0,0,"{""matches"":0,""wins"":0,""losses"":0,""draws"":0,""winPercentage"":0,""eventsEntered"":0,""titles"":0,""finals"":0,""prizeMoney"":0,""points"":0}",,,,,,,,,,,,,,37,,false,false,false,,71,6,6,0,0,0,0,0,0,0,0,0,6,0,0,,Senior/Legend,normal,,,false,false,false,false,0,0,0,,0,false,,senior,senior,,,true,true,
2040/41,wp-lewis-crane,Lewis Crane,48,CHN,Veteran,Senior Tour / Legend Circuit,false,false,false,,0,0,,Amateur,,,,,,,,,,10,,,62,67,61,58,54,66,32,17,36,0,0,0,,0,,,,,,,0,12,1,0,1,0,0,0,0,"{""matches"":1,""wins"":0,""losses"":1,""draws"":0,""winPercentage"":0,""eventsEntered"":0,""titles"":0,""finals"":0,""prizeMoney"":0,""points"":0}",,,,,,,,,,,,,,26,,false,false,false,,71,6,6,0,0,0,0,0,0,0,0,0,6,0,0,,Senior/Legend,normal,,,false,false,false,false,0,0,0,,0,false,,senior,senior,,,true,true,
2040/41,wp-lewis-holt,Lewis Holt,43,CHN,Veteran,Amateur,false,false,false,,0,0,,Amateur,,,,,,,,,,,,,58,62,58,54,53,65,37,9,31,0,0,0,,0,,,,,,,0,0,0,0,0,0,0,0,0,"{""matches"":0,""wins"":0,""losses"":0,""draws"":0,""winPercentage"":0,""eventsEntered"":0,""titles"":0,""finals"":0,""prizeMoney"":0,""points"":0}",,,,,,,,,,,,,,58,,false,false,false,,71,18,14,0,0,0,0,0,7,4,3,0,0,4,0,estimated from season exits versus eligible schedule | 4 eligible events not entered,Amateur,normal,,,false,false,false,false,0,0,0,,0,false,,amateur,amateur,,,true,true,
2040/41,wp-lewis-keane,Lewis Keane,35,CHN,Amateur,Amateur,false,false,false,,0,0,,Amateur,95,95,,95,,,44,,,,95,,57,60,59,53,55,66,42,0,28,0,0,0,,0,,,,,,,0,0,0,0,0,0,0,0,0,"{""matches"":0,""wins"":0,""losses"":0,""draws"":0,""winPercentage"":0,""eventsEntered"":0,""titles"":0,""finals"":0,""prizeMoney"":0,""points"":0}",,,,,,,,,,,,,,70,,false,false,false,,71,18,14,0,0,0,0,0,7,4,3,0,0,4,0,estimated from season exits versus eligible schedule | 4 eligible events not entered,Amateur,normal,,,false,false,false,false,0,0,0,,0,false,,amateur,amateur,,,true,true,
2040/41,wp-lewis-nash,Lewis Nash,35,CHN,Amateur,Amateur,false,false,false,,0,0,,Amateur,96,96,,96,,,46,,,,96,,57,60,59,53,55,66,42,0,28,0,0,0,,0,,,,,,,0,0,0,0,0,0,0,0,0,"{""matches"":0,""wins"":0,""losses"":0,""draws"":0,""winPercentage"":0,""eventsEntered"":0,""titles"":0,""finals"":0,""prizeMoney"":0,""points"":0}",,,,,,,,,,,,,,72,,false,false,false,,71,18,14,0,0,0,0,0,7,4,3,0,0,4,0,estimated from season exits versus eligible schedule | 4 eligible events not entered,Amateur,normal,,,false,false,false,false,0,0,0,,0,false,,amateur,amateur,,,true,true,
2040/41,wp-lewis-sloan,Lewis Sloan,32,CHN,Amateur,Q School,false,false,false,,0,0,,Amateur,,,,,,,19,22,22,,,,57,60,59,53,56,66,42,0,28,0,0,0,,0,,,,,,,0,10,0,0,0,0,0,0,0,"{""matches"":0,""wins"":0,""losses"":0,""draws"":0,""winPercentage"":0,""eventsEntered"":0,""titles"":0,""finals"":0,""prizeMoney"":0,""points"":0}",,,,,,,,,,,,,,73,,false,false,false,,71,18,3,0,0,0,0,0,0,3,0,0,0,15,8,estimated from season exits versus eligible schedule | 15 eligible events not entered,Q School,normal,,,false,false,false,false,0,0,0,,0,false,,qSchool,qSchool,,,true,true,
2040/41,wp-lewis-zhou,Lewis Zhou,45,CHN,Veteran,Amateur,false,false,false,,0,0,,Amateur,,,,,,,,,,,,,60,64,60,56,54,66,35,12,33,0,0,0,,0,,,,,,,0,0,0,0,0,0,0,0,0,"{""matches"":0,""wins"":0,""losses"":0,""draws"":0,""winPercentage"":0,""eventsEntered"":0,""titles"":0,""finals"":0,""prizeMoney"":0,""points"":0}",,,,,,,,,,,,,,42,,false,false,false,,71,20,14,0,0,0,0,0,7,4,3,0,0,6,0,estimated from season exits versus eligible schedule | 6 eligible events not entered,Amateur,normal,,,false,false,false,false,0,0,0,,0,false,,senior,amateur,,,true,true,
2040/41,wp-liam-crane,Liam Crane,46,CHN,Veteran,Senior Tour / Legend Circuit,false,false,false,,0,0,,Amateur,,,,,,,,,,13,,,64,70,64,61,57,69,34,14,39,0,0,0,,0,,,,,,,0,7,0,0,0,0,0,0,0,"{""matches"":0,""wins"":0,""losses"":0,""draws"":0,""winPercentage"":0,""eventsEntered"":0,""titles"":0,""finals"":0,""prizeMoney"":0,""points"":0}",,,,,,,,,,,,,,13,,false,false,false,,71,6,6,0,0,0,0,0,0,0,0,0,6,0,0,,Senior/Legend,normal,,,false,false,false,false,0,0,0,,0,false,,senior,senior,,,true,true,
2040/41,wp-liam-holt,Liam Holt,43,CHN,Veteran,Amateur,false,false,false,,0,0,,Amateur,,,,,,,,,,,,,60,64,60,56,55,67,37,9,33,0,0,0,,0,,,,,,,0,0,0,0,0,0,0,0,0,"{""matches"":0,""wins"":0,""losses"":0,""draws"":0,""winPercentage"":0,""eventsEntered"":0,""titles"":0,""finals"":0,""prizeMoney"":0,""points"":0}",,,,,,,,,,,,,,45,,false,false,false,,71,18,14,0,0,0,0,0,7,4,3,0,0,4,0,estimated from season exits versus eligible schedule | 4 eligible events not entered,Amateur,normal,,,false,false,false,false,0,0,0,,0,false,,amateur,amateur,,,true,true,
2040/41,wp-liam-keane,Liam Keane,42,CHN,Veteran,Amateur,false,false,false,,0,0,,Amateur,,,,,,,,,,,,,56,59,56,51,51,63,38,7,27,0,0,0,,0,,,,,,,0,0,0,0,0,0,0,0,0,"{""matches"":0,""wins"":0,""losses"":0,""draws"":0,""winPercentage"":0,""eventsEntered"":0,""titles"":0,""finals"":0,""prizeMoney"":0,""points"":0}",,,,,,,,,,,,,,78,,false,false,false,,71,18,14,0,0,0,0,0,7,4,3,0,0,4,0,estimated from season exits versus eligible schedule | 4 eligible events not entered,Amateur,normal,,,false,false,false,false,0,0,0,,0,false,,amateur,amateur,,,true,true,
2040/41,wp-liam-mercer,Liam Mercer,46,CHN,Veteran,Senior Tour / Legend Circuit,false,false,false,,0,0,,Amateur,,,,,,,,,,20,,,56,59,56,51,49,61,34,14,27,0,0,0,,0,,,,,,,0,1,0,0,0,0,0,0,0,"{""matches"":0,""wins"":0,""losses"":0,""draws"":0,""winPercentage"":0,""eventsEntered"":0,""titles"":0,""finals"":0,""prizeMoney"":0,""points"":0}",,,,,,,,,,,,,,77,,false,false,false,,71,6,6,0,0,0,0,0,0,0,0,0,6,0,0,,Senior/Legend,normal,,,false,false,false,false,0,0,0,,0,false,,amateur,senior,,,true,true,
2040/41,wp-liam-nash,Liam Nash,42,CHN,Veteran,Amateur,false,false,false,,0,0,,Amateur,,,,,,,,,,,,,56,58,56,51,51,63,38,7,27,0,0,0,,0,,,,,,,0,0,0,0,0,0,0,0,0,"{""matches"":0,""wins"":0,""losses"":0,""draws"":0,""winPercentage"":0,""eventsEntered"":0,""titles"":0,""finals"":0,""prizeMoney"":0,""points"":0}",,,,,,,,,,,,,,79,,false,false,false,,71,18,14,0,0,0,0,0,7,4,3,0,0,4,0,estimated from season exits versus eligible schedule | 4 eligible events not entered,Amateur,normal,,,false,false,false,false,0,0,0,,0,false,,amateur,amateur,,,true,true,
2040/41,wp-luca-mercer-f,Luca Mercer F,21,SCO,Amateur,Q School,false,false,false,,0,0,,Amateur,101,101,,101,,,9,8,10,,101,,54,61,56,49,54,63,42,0,24,0,0,0,,0,,,,,,,0,0,0,0,0,0,0,0,0,"{""matches"":0,""wins"":0,""losses"":0,""draws"":0,""winPercentage"":0,""eventsEntered"":0,""titles"":0,""finals"":0,""prizeMoney"":0,""points"":0}",,,,,,,,,,,,,,95,,false,false,false,,71,18,3,0,0,0,0,0,0,3,0,0,0,15,8,estimated from season exits versus eligible schedule | 15 eligible events not entered,Q School,normal,,,false,false,false,false,0,0,0,,0,false,,qSchool,qSchool,,,true,true,
2040/41,wp-luca-mercer-g,Luca Mercer G,21,SCO,Amateur,Q School,false,false,false,,0,0,,Amateur,102,102,,102,,,11,9,11,,102,,54,61,56,49,54,63,42,0,24,0,0,0,,0,,,,,,,0,0,0,0,0,0,0,0,0,"{""matches"":0,""wins"":0,""losses"":0,""draws"":0,""winPercentage"":0,""eventsEntered"":0,""titles"":0,""finals"":0,""prizeMoney"":0,""points"":0}",,,,,,,,,,,,,,96,,false,false,false,,71,18,3,0,0,0,0,0,0,3,0,0,0,15,8,estimated from season exits versus eligible schedule | 15 eligible events not entered,Q School,normal,,,false,false,false,false,0,0,0,,0,false,,qSchool,qSchool,,,true,true,
2040/41,wp-luca-mercer-i,Luca Mercer I,18,SCO,Amateur,Q School,false,false,false,,0,0,,Amateur,,,,,,,1,1,3,,,,50,57,52,44,50,59,42,0,18,0,0,0,,0,,,,,,,0,22,0,0,0,0,0,0,0,"{""matches"":0,""wins"":0,""losses"":0,""draws"":0,""winPercentage"":0,""eventsEntered"":0,""titles"":0,""finals"":0,""prizeMoney"":0,""points"":0}",,,,,,,,,,,,,,,,false,false,false,,71,18,3,0,0,0,0,0,0,3,0,0,0,15,8,estimated from season exits versus eligible schedule | 15 eligible events not entered,Q School,normal,,,false,false,false,false,0,0,0,,0,false,,qSchool,qSchool,,,true,true,
2040/41,wp-luca-mercer-j,Luca Mercer J,18,SCO,Amateur,Q School,false,false,false,,0,0,,Amateur,,,,,,,2,2,4,,,,50,57,52,44,50,59,42,0,18,0,0,0,,0,,,,,,,0,10,0,0,0,0,0,0,0,"{""matches"":0,""wins"":0,""losses"":0,""draws"":0,""winPercentage"":0,""eventsEntered"":0,""titles"":0,""finals"":0,""prizeMoney"":0,""points"":0}",,,,,,,,,,,,,,,,false,false,false,,71,18,3,0,0,0,0,0,0,3,0,0,0,15,8,estimated from season exits versus eligible schedule | 15 eligible events not entered,Q School,normal,,,false,false,false,false,0,0,0,,0,false,,qSchool,qSchool,,,true,true,
2040/41,wp-luca-mercer-k,Luca Mercer K,14,THA,Youth,Amateur,false,false,false,,0,0,,Amateur,,,,,,,,,,,,,50,60,52,44,50,59,42,0,18,,,,,,,,,,,,,,0,0,0,0,0,0,0,"{""matches"":0,""wins"":0,""losses"":0,""draws"":0,""winPercentage"":0,""eventsEntered"":0,""titles"":0,""finals"":0,""prizeMoney"":0,""points"":0}",,,,,,,,,,,,,,,,,false,false,,71,37,14,0,0,0,0,0,7,4,0,3,0,23,0,estimated from season exits versus eligible schedule | 23 eligible events not entered,Youth,normal,,,false,false,false,false,0,0,0,,0,false,,youth,youth,,,true,true,
2040/41,wp-luca-wren,Luca Wren,45,SCO,Veteran,Senior Tour / Legend Circuit,false,false,false,,0,0,,Amateur,,,,,,,,,,21,,,65,71,65,62,59,71,35,12,40,0,0,0,,0,,,,,,,0,0,0,0,0,0,0,0,0,"{""matches"":0,""wins"":0,""losses"":0,""draws"":0,""winPercentage"":0,""eventsEntered"":0,""titles"":0,""finals"":0,""prizeMoney"":0,""points"":0}",,,,,,,,,,,,,,4,,false,false,false,,71,6,6,0,0,0,0,0,0,0,0,0,6,0,0,,Senior/Legend,normal,,,false,false,false,false,0,0,0,,0,false,,senior,senior,,,true,true,
2040/41,wp-marcus-crane,Marcus Crane,48,WAL,Veteran,Senior Tour / Legend Circuit,false,false,false,,0,0,,Amateur,,,,,,,,,,8,,,86,92,85,87,79,99,73,14,41,0,0,0,,0,,,,,,,0,13,1,1,0,100,1,0,0,"{""matches"":1,""wins"":1,""losses"":0,""draws"":0,""winPercentage"":100,""eventsEntered"":0,""titles"":1,""finals"":0,""prizeMoney"":0,""points"":0}",,,,,,,,,,,,,,14,,false,false,false,,71,6,6,0,0,0,0,0,0,0,0,0,6,0,0,,Senior/Legend,normal,,,false,false,false,false,0,0,0,,0,false,,senior,senior,,,true,true,
2040/41,wp-marcus-dawes,Marcus Dawes,42,WAL,Veteran,Amateur,false,false,false,,0,0,,Amateur,,,,,,,,,,,,,55,57,55,50,50,62,38,7,26,0,0,0,,0,,,,,,,0,0,0,0,0,0,0,0,0,"{""matches"":0,""wins"":0,""losses"":0,""draws"":0,""winPercentage"":0,""eventsEntered"":0,""titles"":0,""finals"":0,""prizeMoney"":0,""points"":0}",,,,,,,,,,,,,,85,,false,false,false,,71,18,14,0,0,0,0,0,7,4,3,0,0,4,0,estimated from season exits versus eligible schedule | 4 eligible events not entered,Amateur,normal,,,false,false,false,false,0,0,0,,0,false,,amateur,amateur,,,true,true,
2040/41,wp-marcus-keane,Marcus Keane,63,WAL,Veteran,Senior Tour / Legend Circuit,false,false,false,,0,0,,Amateur,,,,,,,,,,4,,,55,57,51,48,40,51,17,41,25,0,0,0,,0,,,,,,,0,17,0,0,0,0,0,0,0,"{""matches"":0,""wins"":0,""losses"":0,""draws"":0,""winPercentage"":0,""eventsEntered"":0,""titles"":0,""finals"":0,""prizeMoney"":0,""points"":0}",,,,,,,,,,,,,,88,,false,false,false,,71,6,6,0,0,0,0,0,0,0,0,0,6,0,0,,Senior/Legend,normal,,,false,false,false,false,0,0,0,,0,false,,amateur,senior,,,true,true,
2040/41,wp-marcus-mercer,Marcus Mercer,32,WAL,Amateur,Q School,false,false,false,,0,0,,Amateur,,,,,,,20,24,24,,,,56,59,58,52,55,65,42,0,27,0,0,0,,0,,,,,,,0,9,0,0,0,0,0,0,0,"{""matches"":0,""wins"":0,""losses"":0,""draws"":0,""winPercentage"":0,""eventsEntered"":0,""titles"":0,""finals"":0,""prizeMoney"":0,""points"":0}",,,,,,,,,,,,,,78,,false,false,false,,71,18,3,0,0,0,0,0,0,3,0,0,0,15,8,estimated from season exits versus eligible schedule | 15 eligible events not entered,Q School,normal,,,false,false,false,false,0,0,0,,0,false,,qSchool,qSchool,,,true,true,
2040/41,wp-marcus-nash,Marcus Nash,40,WAL,Veteran,Amateur,false,false,false,,0,0,,Amateur,,,,,,,,,,,,,55,57,56,50,51,63,40,4,25,0,0,0,,0,,,,,,,0,2,0,0,0,0,0,0,0,"{""matches"":0,""wins"":0,""losses"":0,""draws"":0,""winPercentage"":0,""eventsEntered"":0,""titles"":0,""finals"":0,""prizeMoney"":0,""points"":0}",,,,,,,,,,,,,,88,,false,false,false,,71,18,14,0,0,0,0,0,7,4,3,0,0,4,0,estimated from season exits versus eligible schedule | 4 eligible events not entered,Amateur,normal,,,false,false,false,false,0,0,0,,0,false,,amateur,amateur,,,true,true,
2040/41,wp-marcus-sloan,Marcus Sloan,42,WAL,Veteran,Amateur,false,false,false,,0,0,,Amateur,,,,,,,,,,,,,58,61,58,54,53,65,38,7,30,0,0,0,,0,,,,,,,0,0,0,0,0,0,0,0,0,"{""matches"":0,""wins"":0,""losses"":0,""draws"":0,""winPercentage"":0,""eventsEntered"":0,""titles"":0,""finals"":0,""prizeMoney"":0,""points"":0}",,,,,,,,,,,,,,62,,false,false,false,,71,18,14,0,0,0,0,0,7,4,3,0,0,4,0,estimated from season exits versus eligible schedule | 4 eligible events not entered,Amateur,normal,,,false,false,false,false,0,0,0,,0,false,,amateur,amateur,,,true,true,
2040/41,wp-mason-crane,Mason Crane,65,IRL,Veteran,Senior Tour / Legend Circuit,false,false,false,,0,0,,Amateur,,,,,,,,,,1,,,63,69,59,58,47,58,15,44,38,0,0,0,,0,,,,,,,0,20,0,0,0,0,0,0,0,"{""matches"":0,""wins"":0,""losses"":0,""draws"":0,""winPercentage"":0,""eventsEntered"":0,""titles"":0,""finals"":0,""prizeMoney"":0,""points"":0}",,,,,,,,,,,,,,17,,false,false,false,,71,6,6,0,0,0,0,0,0,0,0,0,6,0,0,,Senior/Legend,normal,,,false,false,false,false,0,0,0,,0,false,,senior,senior,,,true,true,
2040/41,wp-mason-keane,Mason Keane,33,IRL,Amateur,Q Tour,false,false,false,,0,0,,Amateur,,,,,,,32,32,,,,,54,56,56,49,53,63,42,0,24,0,0,0,,0,,,,,,,0,7,0,0,0,0,0,0,0,"{""matches"":0,""wins"":0,""losses"":0,""draws"":0,""winPercentage"":0,""eventsEntered"":0,""titles"":0,""finals"":0,""prizeMoney"":0,""points"":0}",,,,,,,,,,,,,,92,,false,false,false,,71,18,7,0,0,0,0,0,3,4,0,0,0,11,4,estimated from season exits versus eligible schedule | 11 eligible events not entered,Q Tour,normal,,,false,false,false,false,0,0,0,,0,false,,amateur,qTour,,,true,true,
2040/41,wp-mason-mercer,Mason Mercer,35,IRL,Amateur,Amateur,false,false,false,,0,0,,Amateur,105,105,,105,,,49,,,,105,,56,58,58,52,54,65,42,0,26,0,0,0,,0,,,,,,,0,0,0,0,0,0,0,0,0,"{""matches"":0,""wins"":0,""losses"":0,""draws"":0,""winPercentage"":0,""eventsEntered"":0,""titles"":0,""finals"":0,""prizeMoney"":0,""points"":0}",,,,,,,,,,,,,,81,,false,false,false,,71,18,14,0,0,0,0,0,7,4,3,0,0,4,0,estimated from season exits versus eligible schedule | 4 eligible events not entered,Amateur,normal,,,false,false,false,false,0,0,0,,0,false,,amateur,amateur,,,true,true,
2040/41,wp-mason-nash,Mason Nash,35,IRL,Amateur,Amateur,false,false,false,,0,0,,Amateur,106,106,,106,,,52,,,,106,,54,56,56,49,52,63,42,0,24,0,0,0,,0,,,,,,,0,0,0,0,0,0,0,0,0,"{""matches"":0,""wins"":0,""losses"":0,""draws"":0,""winPercentage"":0,""eventsEntered"":0,""titles"":0,""finals"":0,""prizeMoney"":0,""points"":0}",,,,,,,,,,,,,,94,,false,false,false,,71,18,14,0,0,0,0,0,7,4,3,0,0,4,0,estimated from season exits versus eligible schedule | 4 eligible events not entered,Amateur,normal,,,false,false,false,false,0,0,0,,0,false,,amateur,amateur,,,true,true,
2040/41,wp-mason-sloan,Mason Sloan,36,IRL,Amateur,Amateur,false,false,false,,0,0,,Amateur,107,107,,107,,,48,,,,107,,58,61,60,54,56,67,42,0,29,0,0,0,,0,,,,,,,0,0,0,0,0,0,0,0,0,"{""matches"":0,""wins"":0,""losses"":0,""draws"":0,""winPercentage"":0,""eventsEntered"":0,""titles"":0,""finals"":0,""prizeMoney"":0,""points"":0}",,,,,,,,,,,,,,65,,false,false,false,,71,18,14,0,0,0,0,0,7,4,3,0,0,4,0,estimated from season exits versus eligible schedule | 4 eligible events not entered,Amateur,normal,,,false,false,false,false,0,0,0,,0,false,,amateur,amateur,,,true,true,
2040/41,wp-mika-keane-g,Mika Keane G,19,CHN,Amateur,Q School,false,false,false,,0,0,,Amateur,110,110,,110,,,4,4,6,,110,,53,61,55,48,53,62,42,0,22,0,0,0,,0,,,,,,,0,0,0,0,0,0,0,0,0,"{""matches"":0,""wins"":0,""losses"":0,""draws"":0,""winPercentage"":0,""eventsEntered"":0,""titles"":0,""finals"":0,""prizeMoney"":0,""points"":0}",,,,,,,,,,,,,,104,,false,false,false,,71,18,3,0,0,0,0,0,0,3,0,0,0,15,8,estimated from season exits versus eligible schedule | 15 eligible events not entered,Q School,normal,,,false,false,false,false,0,0,0,,0,false,,qSchool,qSchool,,,true,true,
2040/41,wp-mika-keane-j,Mika Keane J,16,CHN,Youth,Amateur,false,false,false,,0,0,,Amateur,,,,,,,,,,,,,50,58,52,44,50,59,42,0,18,0,0,0,,0,,,,,,,0,17,0,0,0,0,0,0,0,"{""matches"":0,""wins"":0,""losses"":0,""draws"":0,""winPercentage"":0,""eventsEntered"":0,""titles"":0,""finals"":0,""prizeMoney"":0,""points"":0}",,,,,,,,,,,,,,,,false,false,false,,71,37,14,0,0,0,0,0,7,4,0,3,0,23,0,estimated from season exits versus eligible schedule | 23 eligible events not entered,Youth,normal,,,false,false,false,false,0,0,0,,0,false,,youth,youth,,,true,true,
2040/41,wp-mika-keane-k,Mika Keane K,16,CHN,Youth,Amateur,false,false,false,,0,0,,Amateur,,,,,,,,,,,,,50,58,52,44,50,59,42,0,18,0,0,0,,0,,,,,,,0,5,0,0,0,0,0,0,0,"{""matches"":0,""wins"":0,""losses"":0,""draws"":0,""winPercentage"":0,""eventsEntered"":0,""titles"":0,""finals"":0,""prizeMoney"":0,""points"":0}",,,,,,,,,,,,,,,,false,false,false,,71,37,14,0,0,0,0,0,7,4,0,3,0,23,0,estimated from season exits versus eligible schedule | 23 eligible events not entered,Youth,normal,,,false,false,false,false,0,0,0,,0,false,,youth,youth,,,true,true,
2040/41,wp-milan-frost,Milan Frost,49,WAL,Veteran,Senior Tour / Legend Circuit,false,false,false,,0,0,,Amateur,,,,,,,,,,3,,,65,71,64,62,57,68,31,19,41,0,0,0,,0,,,,,,,0,18,0,0,0,0,0,0,0,"{""matches"":0,""wins"":0,""losses"":0,""draws"":0,""winPercentage"":0,""eventsEntered"":0,""titles"":0,""finals"":0,""prizeMoney"":0,""points"":0}",,,,,,,,,,,,,,2,,false,false,false,,71,6,6,0,0,0,0,0,0,0,0,0,6,0,0,,Senior/Legend,normal,,,false,false,false,false,0,0,0,,0,false,,senior,senior,,,true,true,
2040/41,wp-nico-arden,Nico Arden,43,BEL,Veteran,Amateur,false,false,false,,0,0,,Amateur,,,,,,,,,,,,,65,71,65,62,60,72,37,9,41,0,0,0,,0,,,,,,,0,0,0,0,0,0,0,0,0,"{""matches"":0,""wins"":0,""losses"":0,""draws"":0,""winPercentage"":0,""eventsEntered"":0,""titles"":0,""finals"":0,""prizeMoney"":0,""points"":0}",,,,,,,,,,,,,,1,,false,false,false,,71,18,14,0,0,0,0,0,7,4,3,0,0,4,0,estimated from season exits versus eligible schedule | 4 eligible events not entered,Amateur,normal,,,false,false,false,false,0,0,0,,0,false,,amateur,amateur,,,true,true,
2040/41,wp-noah-bennett,Noah Bennett,30,IRL,Amateur,Q School,false,false,false,,0,0,,Amateur,111,111,,111,,,34,,32,,111,,53,54,55,48,53,62,42,0,23,0,0,0,,0,,,,,,,0,0,0,0,0,0,0,0,0,"{""matches"":0,""wins"":0,""losses"":0,""draws"":0,""winPercentage"":0,""eventsEntered"":0,""titles"":0,""finals"":0,""prizeMoney"":0,""points"":0}",,,,,,,,,,,,,,100,,false,false,false,,71,18,3,0,0,0,0,0,0,3,0,0,0,15,8,estimated from season exits versus eligible schedule | 15 eligible events not entered,Q School,normal,,,false,false,false,false,0,0,0,,0,false,,amateur,qSchool,,,true,true,
2040/41,wp-noah-bennett-b,Noah Bennett B,25,AUS,Amateur,Q School,false,false,false,,0,0,,Amateur,,,,,,,14,14,14,,,,76,79,78,75,76,94,83,0,24,0,0,0,,0,,,,,,,0,14,1,1,0,100,1,0,0,"{""matches"":1,""wins"":1,""losses"":0,""draws"":0,""winPercentage"":100,""eventsEntered"":0,""titles"":1,""finals"":0,""prizeMoney"":0,""points"":0}",,,,,,,,,,,,,,104,,false,false,false,,71,18,3,0,0,0,0,0,0,3,0,0,0,15,8,estimated from season exits versus eligible schedule | 15 eligible events not entered,Q School,normal,,,false,false,false,false,0,0,0,,0,false,,qSchool,qSchool,,,true,true,
2040/41,wp-noah-bennett-c,Noah Bennett C,25,AUS,Amateur,Q School,false,false,false,,0,0,,Amateur,112,112,,112,,,24,23,23,,112,,75,78,77,74,75,93,83,0,24,0,0,0,,0,,,,,,,0,0,1,1,0,100,1,0,0,"{""matches"":1,""wins"":1,""losses"":0,""draws"":0,""winPercentage"":100,""eventsEntered"":0,""titles"":1,""finals"":0,""prizeMoney"":0,""points"":0}",,,,,,,,,,,,,,105,,false,false,false,,71,18,3,0,0,0,0,0,0,3,0,0,0,15,8,estimated from season exits versus eligible schedule | 15 eligible events not entered,Q School,normal,,,false,false,false,false,0,0,0,,0,false,,qSchool,qSchool,,,true,true,
2040/41,wp-noah-bennett-d,Noah Bennett D,25,AUS,Amateur,Q School,false,false,false,,0,0,,Amateur,113,113,,113,,,25,25,25,,113,,53,56,55,48,53,62,42,0,22,0,0,0,,0,,,,,,,0,0,0,0,0,0,0,0,0,"{""matches"":0,""wins"":0,""losses"":0,""draws"":0,""winPercentage"":0,""eventsEntered"":0,""titles"":0,""finals"":0,""prizeMoney"":0,""points"":0}",,,,,,,,,,,,,,106,,false,false,false,,71,18,3,0,0,0,0,0,0,3,0,0,0,15,8,estimated from season exits versus eligible schedule | 15 eligible events not entered,Q School,normal,,,false,false,false,false,0,0,0,,0,false,,qTour,qSchool,,,true,true,
2040/41,wp-noah-bennett-i,Noah Bennett I,16,IRL,Youth,Amateur,false,false,false,,0,0,,Amateur,,,,,,,,,,,,,50,58,52,44,50,59,42,0,18,0,0,0,,0,,,,,,,0,15,0,0,0,0,0,0,0,"{""matches"":0,""wins"":0,""losses"":0,""draws"":0,""winPercentage"":0,""eventsEntered"":0,""titles"":0,""finals"":0,""prizeMoney"":0,""points"":0}",,,,,,,,,,,,,,,,false,false,false,,71,37,14,0,0,0,0,0,7,4,0,3,0,23,0,estimated from season exits versus eligible schedule | 23 eligible events not entered,Youth,normal,,,false,false,false,false,0,0,0,,0,false,,youth,youth,,,true,true,
2040/41,wp-noah-bennett-j,Noah Bennett J,16,IRL,Youth,Amateur,false,false,false,,0,0,,Amateur,,,,,,,,,,,,,50,58,52,44,50,59,42,0,18,0,0,0,,0,,,,,,,0,4,0,0,0,0,0,0,0,"{""matches"":0,""wins"":0,""losses"":0,""draws"":0,""winPercentage"":0,""eventsEntered"":0,""titles"":0,""finals"":0,""prizeMoney"":0,""points"":0}",,,,,,,,,,,,,,,,false,false,false,,71,37,14,0,0,0,0,0,7,4,0,3,0,23,0,estimated from season exits versus eligible schedule | 23 eligible events not entered,Youth,normal,,,false,false,false,false,0,0,0,,0,false,,youth,youth,,,true,true,
2040/41,wp-noah-veldt,Noah Veldt,47,NED,Veteran,Senior Tour / Legend Circuit,false,false,false,,0,0,,Amateur,,,,,,,,,,9,,,64,70,63,61,57,69,33,15,39,0,0,0,,0,,,,,,,0,11,0,0,0,0,0,0,0,"{""matches"":0,""wins"":0,""losses"":0,""draws"":0,""winPercentage"":0,""eventsEntered"":0,""titles"":0,""finals"":0,""prizeMoney"":0,""points"":0}",,,,,,,,,,,,,,11,,false,false,false,,71,6,6,0,0,0,0,0,0,0,0,0,6,0,0,,Senior/Legend,normal,,,false,false,false,false,0,0,0,,0,false,,senior,senior,,,true,true,
2040/41,wp-oliver-crane,Oliver Crane,48,ENG,Veteran,Senior Tour / Legend Circuit,false,false,false,,0,0,,Amateur,,,,,,,,,,7,,,64,70,63,61,56,68,32,17,39,0,0,0,,0,,,,,,,0,14,0,0,0,0,0,0,0,"{""matches"":0,""wins"":0,""losses"":0,""draws"":0,""winPercentage"":0,""eventsEntered"":0,""titles"":0,""finals"":0,""prizeMoney"":0,""points"":0}",,,,,,,,,,,,,,12,,false,false,false,,71,6,6,0,0,0,0,0,0,0,0,0,6,0,0,,Senior/Legend,normal,,,false,false,false,false,0,0,0,,0,false,,senior,senior,,,true,true,
2040/41,wp-oliver-dawes,Oliver Dawes,42,ENG,Veteran,Amateur,false,false,false,,0,0,,Amateur,,,,,,,,,,,,,53,54,53,48,48,60,38,7,23,0,0,0,,0,,,,,,,0,0,0,0,0,0,0,0,0,"{""matches"":0,""wins"":0,""losses"":0,""draws"":0,""winPercentage"":0,""eventsEntered"":0,""titles"":0,""finals"":0,""prizeMoney"":0,""points"":0}",,,,,,,,,,,,,,103,,false,false,false,,71,18,14,0,0,0,0,0,7,4,3,0,0,4,0,estimated from season exits versus eligible schedule | 4 eligible events not entered,Amateur,normal,,,false,false,false,false,0,0,0,,0,false,,amateur,amateur,,,true,true,
2040/41,wp-oliver-holt,Oliver Holt,37,ENG,Amateur,Amateur,false,false,false,,0,0,,Amateur,115,115,,115,,,45,,,,115,,60,64,61,57,58,69,42,0,33,0,0,0,,0,,,,,,,0,0,0,0,0,0,0,0,0,"{""matches"":0,""wins"":0,""losses"":0,""draws"":0,""winPercentage"":0,""eventsEntered"":0,""titles"":0,""finals"":0,""prizeMoney"":0,""points"":0}",,,,,,,,,,,,,,44,,false,false,false,,71,18,14,0,0,0,0,0,7,4,3,0,0,4,0,estimated from season exits versus eligible schedule | 4 eligible events not entered,Amateur,normal,,,false,false,false,false,0,0,0,,0,false,,amateur,amateur,,,true,true,
2040/41,wp-oliver-keane,Oliver Keane,40,ENG,Veteran,Amateur,false,false,false,,0,0,,Amateur,,,,,,,,,,,,,54,56,55,49,50,62,40,4,24,0,0,0,,0,,,,,,,0,1,0,0,0,0,0,0,0,"{""matches"":0,""wins"":0,""losses"":0,""draws"":0,""winPercentage"":0,""eventsEntered"":0,""titles"":0,""finals"":0,""prizeMoney"":0,""points"":0}",,,,,,,,,,,,,,92,,false,false,false,,71,18,14,0,0,0,0,0,7,4,3,0,0,4,0,estimated from season exits versus eligible schedule | 4 eligible events not entered,Amateur,normal,,,false,false,false,false,0,0,0,,0,false,,amateur,amateur,,,true,true,
2040/41,wp-oliver-mercer,Oliver Mercer,36,ENG,Amateur,Amateur,false,false,false,,0,0,,Amateur,116,116,,116,,,51,,,,116,,56,59,58,52,54,65,42,0,27,0,0,0,,0,,,,,,,0,0,0,0,0,0,0,0,0,"{""matches"":0,""wins"":0,""losses"":0,""draws"":0,""winPercentage"":0,""eventsEntered"":0,""titles"":0,""finals"":0,""prizeMoney"":0,""points"":0}",,,,,,,,,,,,,,76,,false,false,false,,71,18,14,0,0,0,0,0,7,4,3,0,0,4,0,estimated from season exits versus eligible schedule | 4 eligible events not entered,Amateur,normal,,,false,false,false,false,0,0,0,,0,false,,amateur,amateur,,,true,true,
2040/41,wp-oliver-nash,Oliver Nash,36,ENG,Amateur,Q School,false,false,false,,0,0,,Amateur,,,,,,,16,16,16,,,,53,54,55,48,51,62,42,0,22,0,0,0,,0,,,,,,,0,13,0,0,0,0,0,0,0,"{""matches"":0,""wins"":0,""losses"":0,""draws"":0,""winPercentage"":0,""eventsEntered"":0,""titles"":0,""finals"":0,""prizeMoney"":0,""points"":0}",,,,,,,,,,,,,,107,,false,false,false,,71,18,3,0,0,0,0,0,0,3,0,0,0,15,8,estimated from season exits versus eligible schedule | 15 eligible events not entered,Q School,normal,,,false,false,false,false,0,0,0,,0,false,,qSchool,qSchool,,,true,true,
2040/41,wp-oliver-sloan,Oliver Sloan,41,ENG,Veteran,Amateur,false,false,false,,0,0,,Amateur,,,,,,,,,,,,,58,61,59,54,54,66,39,6,30,0,0,0,,0,,,,,,,0,0,0,0,0,0,0,0,0,"{""matches"":0,""wins"":0,""losses"":0,""draws"":0,""winPercentage"":0,""eventsEntered"":0,""titles"":0,""finals"":0,""prizeMoney"":0,""points"":0}",,,,,,,,,,,,,,60,,false,false,false,,71,18,14,0,0,0,0,0,7,4,3,0,0,4,0,estimated from season exits versus eligible schedule | 4 eligible events not entered,Amateur,normal,,,false,false,false,false,0,0,0,,0,false,,amateur,amateur,,,true,true,
2040/41,wp-oliver-zhou,Oliver Zhou,48,ENG,Veteran,Senior Tour / Legend Circuit,false,false,false,,0,0,,Amateur,,,,,,,,,,12,,,62,67,61,58,54,66,32,17,36,0,0,0,,0,,,,,,,0,10,0,0,0,0,0,0,0,"{""matches"":0,""wins"":0,""losses"":0,""draws"":0,""winPercentage"":0,""eventsEntered"":0,""titles"":0,""finals"":0,""prizeMoney"":0,""points"":0}",,,,,,,,,,,,,,28,,false,false,false,,71,6,6,0,0,0,0,0,0,0,0,0,6,0,0,,Senior/Legend,normal,,,false,false,false,false,0,0,0,,0,false,,senior,senior,,,true,true,
2040/41,wp-oscar-crane,Oscar Crane,46,ENG,Veteran,Senior Tour / Legend Circuit,false,false,false,,0,0,,Amateur,,,,,,,,,,14,,,62,67,62,58,55,67,34,14,37,0,0,0,,0,,,,,,,0,6,0,0,0,0,0,0,0,"{""matches"":0,""wins"":0,""losses"":0,""draws"":0,""winPercentage"":0,""eventsEntered"":0,""titles"":0,""finals"":0,""prizeMoney"":0,""points"":0}",,,,,,,,,,,,,,24,,false,false,false,,71,6,6,0,0,0,0,0,0,0,0,0,6,0,0,,Senior/Legend,normal,,,false,false,false,false,0,0,0,,0,false,,senior,senior,,,true,true,
2040/41,wp-oscar-holt,Oscar Holt,43,ENG,Veteran,Amateur,false,false,false,,0,0,,Amateur,,,,,,,,,,,,,59,63,59,55,54,66,37,9,31,0,0,0,,0,,,,,,,0,0,0,0,0,0,0,0,0,"{""matches"":0,""wins"":0,""losses"":0,""draws"":0,""winPercentage"":0,""eventsEntered"":0,""titles"":0,""finals"":0,""prizeMoney"":0,""points"":0}",,,,,,,,,,,,,,56,,false,false,false,,71,18,14,0,0,0,0,0,7,4,3,0,0,4,0,estimated from season exits versus eligible schedule | 4 eligible events not entered,Amateur,normal,,,false,false,false,false,0,0,0,,0,false,,amateur,amateur,,,true,true,
2040/41,wp-oscar-keane,Oscar Keane,37,ENG,Amateur,Q School,false,false,false,,0,0,,Amateur,,,,,,,17,18,18,,,,53,54,54,48,51,62,42,0,22,0,0,0,,0,,,,,,,0,12,0,0,0,0,0,0,0,"{""matches"":0,""wins"":0,""losses"":0,""draws"":0,""winPercentage"":0,""eventsEntered"":0,""titles"":0,""finals"":0,""prizeMoney"":0,""points"":0}",,,,,,,,,,,,,,104,,false,false,false,,71,18,3,0,0,0,0,0,0,3,0,0,0,15,8,estimated from season exits versus eligible schedule | 15 eligible events not entered,Q School,normal,,,false,false,false,false,0,0,0,,0,false,,qSchool,qSchool,,,true,true,
2040/41,wp-oscar-mercer,Oscar Mercer,39,ENG,Amateur,Q School,false,false,false,,0,0,,Amateur,,,,,,,15,15,15,,,,55,57,56,50,52,63,41,3,25,0,0,0,,0,,,,,,,0,15,0,0,0,0,0,0,0,"{""matches"":0,""wins"":0,""losses"":0,""draws"":0,""winPercentage"":0,""eventsEntered"":0,""titles"":0,""finals"":0,""prizeMoney"":0,""points"":0}",,,,,,,,,,,,,,88,,false,false,false,,71,18,3,0,0,0,0,0,0,3,0,0,0,15,8,estimated from season exits versus eligible schedule | 15 eligible events not entered,Q School,normal,,,false,false,false,false,0,0,0,,0,false,,qSchool,qSchool,,,true,true,
2040/41,wp-oscar-nash,Oscar Nash,39,ENG,Amateur,Q School,false,false,false,,0,0,,Amateur,,,,,,,18,20,20,,,,52,53,53,47,49,60,41,3,21,0,0,0,,0,,,,,,,0,11,0,0,0,0,0,0,0,"{""matches"":0,""wins"":0,""losses"":0,""draws"":0,""winPercentage"":0,""eventsEntered"":0,""titles"":0,""finals"":0,""prizeMoney"":0,""points"":0}",,,,,,,,,,,,,,114,,false,false,false,,71,18,3,0,0,0,0,0,0,3,0,0,0,15,8,estimated from season exits versus eligible schedule | 15 eligible events not entered,Q School,normal,,,false,false,false,false,0,0,0,,0,false,,qSchool,qSchool,,,true,true,
2040/41,wp-oscar-sloan,Oscar Sloan,42,ENG,Veteran,Amateur,false,false,false,,0,0,,Amateur,,,,,,,,,,,,,57,60,57,53,52,64,38,7,28,0,0,0,,0,,,,,,,0,0,0,0,0,0,0,0,0,"{""matches"":0,""wins"":0,""losses"":0,""draws"":0,""winPercentage"":0,""eventsEntered"":0,""titles"":0,""finals"":0,""prizeMoney"":0,""points"":0}",,,,,,,,,,,,,,72,,false,false,false,,71,18,14,0,0,0,0,0,7,4,3,0,0,4,0,estimated from season exits versus eligible schedule | 4 eligible events not entered,Amateur,normal,,,false,false,false,false,0,0,0,,0,false,,amateur,amateur,,,true,true,
2040/41,wp-oscar-zhou,Oscar Zhou,45,ENG,Veteran,Senior Tour / Legend Circuit,false,false,false,,0,0,,Amateur,,,,,,,,,,24,,,61,65,61,57,55,67,35,12,34,0,0,0,,0,,,,,,,0,0,0,0,0,0,0,0,0,"{""matches"":0,""wins"":0,""losses"":0,""draws"":0,""winPercentage"":0,""eventsEntered"":0,""titles"":0,""finals"":0,""prizeMoney"":0,""points"":0}",,,,,,,,,,,,,,40,,false,false,false,,71,6,6,0,0,0,0,0,0,0,0,0,6,0,0,,Senior/Legend,normal,,,false,false,false,false,0,0,0,,0,false,,senior,senior,,,true,true,
2040/41,wp-qualifier-16,Qualifier 16,44,INT,Veteran,Amateur,false,false,false,,0,0,,Amateur,,,,,,,,,,,,,59,60,59,56,53,68,49,10,30,0,0,0,,0,,,,,,,0,0,26,5,21,19.230769230769234,5,0,0,"{""matches"":26,""wins"":5,""losses"":21,""draws"":0,""winPercentage"":19.230769230769234,""eventsEntered"":0,""titles"":5,""finals"":0,""prizeMoney"":0,""points"":0}",,,,,,,,,,,,,,116,,false,false,false,,71,18,14,0,0,0,0,0,7,4,3,0,0,4,0,estimated from season exits versus eligible schedule | 4 eligible events not entered,Amateur,normal,,,false,false,false,false,0,0,0,,0,false,,amateur,amateur,,,true,true,
2040/41,wp-rhys-mercer,Rhys Mercer,42,ENG,Veteran,Amateur,false,false,false,,0,0,,Amateur,,,,,,,,,,,,,65,71,65,62,60,72,38,7,40,0,0,0,,0,,,,,,,0,0,0,0,0,0,0,0,0,"{""matches"":0,""wins"":0,""losses"":0,""draws"":0,""winPercentage"":0,""eventsEntered"":0,""titles"":0,""finals"":0,""prizeMoney"":0,""points"":0}",,,,,,,,,,,,,,6,,false,false,false,,71,18,14,0,0,0,0,0,7,4,3,0,0,4,0,estimated from season exits versus eligible schedule | 4 eligible events not entered,Amateur,normal,,,false,false,false,false,0,0,0,,0,false,,amateur,amateur,,,true,true,
2040/41,wp-rory-flint,Rory Flint,43,ENG,Veteran,Amateur,false,false,false,,0,0,,Amateur,,,,,,,,,,,,,64,70,64,61,59,71,37,9,40,0,0,0,,0,,,,,,,0,0,0,0,0,0,0,0,0,"{""matches"":0,""wins"":0,""losses"":0,""draws"":0,""winPercentage"":0,""eventsEntered"":0,""titles"":0,""finals"":0,""prizeMoney"":0,""points"":0}",,,,,,,,,,,,,,8,,false,false,false,,71,18,14,0,0,0,0,0,7,4,3,0,0,4,0,estimated from season exits versus eligible schedule | 4 eligible events not entered,Amateur,normal,,,false,false,false,false,0,0,0,,0,false,,amateur,amateur,,,true,true,
2040/41,wp-rory-vale-a,Rory Vale A,28,ENG,Amateur,Q School,false,false,false,,0,0,,Amateur,117,117,,117,,,30,29,29,,117,,52,53,54,47,52,61,42,0,20,0,0,0,,0,,,,,,,0,0,1,0,1,0,0,0,0,"{""matches"":1,""wins"":0,""losses"":1,""draws"":0,""winPercentage"":0,""eventsEntered"":0,""titles"":0,""finals"":0,""prizeMoney"":0,""points"":0}",,,,,,,,,,,,,,115,,false,false,false,,71,18,3,0,0,0,0,0,0,3,0,0,0,15,8,estimated from season exits versus eligible schedule | 15 eligible events not entered,Q School,normal,,,false,false,false,false,0,0,0,,0,false,,qTour,qSchool,,,true,true,
2040/41,wp-rory-vale-b,Rory Vale B,28,ENG,Amateur,Q School,false,false,false,,0,0,,Amateur,118,118,,118,,,31,30,30,,118,,51,52,53,46,51,60,42,0,20,0,0,0,,0,,,,,,,0,0,0,0,0,0,0,0,0,"{""matches"":0,""wins"":0,""losses"":0,""draws"":0,""winPercentage"":0,""eventsEntered"":0,""titles"":0,""finals"":0,""prizeMoney"":0,""points"":0}",,,,,,,,,,,,,,116,,false,false,false,,71,18,3,0,0,0,0,0,0,3,0,0,0,15,8,estimated from season exits versus eligible schedule | 15 eligible events not entered,Q School,normal,,,false,false,false,false,0,0,0,,0,false,,qTour,qSchool,,,true,true,
2040/41,wp-rory-vale-d,Rory Vale D,24,BEL,Amateur,Q School,false,false,false,,0,0,,Amateur,119,119,,119,,,21,17,17,,119,,51,54,53,46,51,60,42,0,20,0,0,0,,0,,,,,,,0,0,0,0,0,0,0,0,0,"{""matches"":0,""wins"":0,""losses"":0,""draws"":0,""winPercentage"":0,""eventsEntered"":0,""titles"":0,""finals"":0,""prizeMoney"":0,""points"":0}",,,,,,,,,,,,,,118,,false,false,false,,71,18,3,0,0,0,0,0,0,3,0,0,0,15,8,estimated from season exits versus eligible schedule | 15 eligible events not entered,Q School,normal,,,false,false,false,false,0,0,0,,0,false,,qSchool,qSchool,,,true,true,
2040/41,wp-rory-vale-e,Rory Vale E,24,BEL,Amateur,Q School,false,false,false,,0,0,,Amateur,,,,,,,7,12,1,,,,51,54,53,46,51,60,42,0,20,0,0,0,,0,,,,,,,0,19,0,0,0,0,0,0,0,"{""matches"":0,""wins"":0,""losses"":0,""draws"":0,""winPercentage"":0,""eventsEntered"":0,""titles"":0,""finals"":0,""prizeMoney"":0,""points"":0}",,,,,,,,,,,,,,119,,false,false,false,,71,18,3,0,0,0,0,0,0,3,0,0,0,15,8,estimated from season exits versus eligible schedule | 15 eligible events not entered,Q School,normal,,,false,false,false,false,0,0,0,,0,false,,qSchool,qSchool,,,true,true,
2040/41,wp-rory-vale-j,Rory Vale J,16,THA,Youth,Amateur,false,false,false,,0,0,,Amateur,,,,,,,,,,,,,50,58,52,44,50,59,42,0,18,0,0,0,,0,,,,,,,0,14,0,0,0,0,0,0,0,"{""matches"":0,""wins"":0,""losses"":0,""draws"":0,""winPercentage"":0,""eventsEntered"":0,""titles"":0,""finals"":0,""prizeMoney"":0,""points"":0}",,,,,,,,,,,,,,,,false,false,false,,71,37,14,0,0,0,0,0,7,4,0,3,0,23,0,estimated from season exits versus eligible schedule | 23 eligible events not entered,Youth,normal,,,false,false,false,false,0,0,0,,0,false,,youth,youth,,,true,true,
2040/41,wp-rory-vale-k,Rory Vale K,16,THA,Youth,Amateur,false,false,false,,0,0,,Amateur,,,,,,,,,,,,,50,58,52,44,50,59,42,0,18,0,0,0,,0,,,,,,,0,3,0,0,0,0,0,0,0,"{""matches"":0,""wins"":0,""losses"":0,""draws"":0,""winPercentage"":0,""eventsEntered"":0,""titles"":0,""finals"":0,""prizeMoney"":0,""points"":0}",,,,,,,,,,,,,,,,false,false,false,,71,37,14,0,0,0,0,0,7,4,0,3,0,23,0,estimated from season exits versus eligible schedule | 23 eligible events not entered,Youth,normal,,,false,false,false,false,0,0,0,,0,false,,youth,youth,,,true,true,
2040/41,wp-rory-vale-l,Rory Vale L,16,THA,Youth,Amateur,false,false,false,,0,0,,Amateur,,,,,,,,,,,,,50,58,52,44,50,59,42,0,18,,,,,,,,,,,,,,0,0,0,0,0,0,0,"{""matches"":0,""wins"":0,""losses"":0,""draws"":0,""winPercentage"":0,""eventsEntered"":0,""titles"":0,""finals"":0,""prizeMoney"":0,""points"":0}",,,,,,,,,,,,,,,,,false,false,,71,37,14,0,0,0,0,0,7,4,0,3,0,23,0,estimated from season exits versus eligible schedule | 23 eligible events not entered,Youth,normal,,,false,false,false,false,0,0,0,,0,false,,youth,youth,,,true,true,
2040/41,wp-theo-keane,Theo Keane,35,GER,Amateur,Amateur,false,false,false,,0,0,,Amateur,121,121,,121,,,54,,,,121,,53,54,55,48,51,62,42,0,23,0,0,0,,0,,,,,,,0,0,0,0,0,0,0,0,0,"{""matches"":0,""wins"":0,""losses"":0,""draws"":0,""winPercentage"":0,""eventsEntered"":0,""titles"":0,""finals"":0,""prizeMoney"":0,""points"":0}",,,,,,,,,,,,,,99,,false,false,false,,71,18,14,0,0,0,0,0,7,4,3,0,0,4,0,estimated from season exits versus eligible schedule | 4 eligible events not entered,Amateur,normal,,,false,false,false,false,0,0,0,,0,false,,amateur,amateur,,,true,true,
2040/41,wp-theo-mercer,Theo Mercer,43,GER,Veteran,Amateur,false,false,false,,0,0,,Amateur,,,,,,,,,,,,,55,57,55,50,50,62,37,9,26,0,0,0,,0,,,,,,,0,0,0,0,0,0,0,0,0,"{""matches"":0,""wins"":0,""losses"":0,""draws"":0,""winPercentage"":0,""eventsEntered"":0,""titles"":0,""finals"":0,""prizeMoney"":0,""points"":0}",,,,,,,,,,,,,,83,,false,false,false,,71,18,14,0,0,0,0,0,7,4,3,0,0,4,0,estimated from season exits versus eligible schedule | 4 eligible events not entered,Amateur,normal,,,false,false,false,false,0,0,0,,0,false,,amateur,amateur,,,true,true,
2040/41,wp-theo-nash,Theo Nash,41,GER,Veteran,Amateur,false,false,false,,0,0,,Amateur,122,122,,122,,,,,,,122,,52,53,53,46,48,60,39,6,20,0,0,0,,0,,,,,,,0,0,0,0,0,0,0,0,0,"{""matches"":0,""wins"":0,""losses"":0,""draws"":0,""winPercentage"":0,""eventsEntered"":0,""titles"":0,""finals"":0,""prizeMoney"":0,""points"":0}",,,,,,,,,,,,,,115,,false,false,false,,71,18,14,0,0,0,0,0,7,4,3,0,0,4,0,estimated from season exits versus eligible schedule | 4 eligible events not entered,Amateur,normal,,,false,false,false,false,0,0,0,,0,false,,amateur,amateur,,,true,true,
2040/41,wp-theo-sloan,Theo Sloan,46,GER,Veteran,Senior Tour / Legend Circuit,false,false,false,,0,0,,Amateur,,,,,,,,,,19,,,57,60,57,52,50,62,34,14,29,0,0,0,,0,,,,,,,0,2,0,0,0,0,0,0,0,"{""matches"":0,""wins"":0,""losses"":0,""draws"":0,""winPercentage"":0,""eventsEntered"":0,""titles"":0,""finals"":0,""prizeMoney"":0,""points"":0}",,,,,,,,,,,,,,67,,false,false,false,,71,6,6,0,0,0,0,0,0,0,0,0,6,0,0,,Senior/Legend,normal,,,false,false,false,false,0,0,0,,0,false,,amateur,senior,,,true,true,
2040/41,wp-theo-zhou,Theo Zhou,48,GER,Veteran,Senior Tour / Legend Circuit,false,false,false,,0,0,,Amateur,,,,,,,,,,15,,,61,66,60,57,53,65,32,17,35,0,0,0,,0,,,,,,,0,8,0,0,0,0,0,0,0,"{""matches"":0,""wins"":0,""losses"":0,""draws"":0,""winPercentage"":0,""eventsEntered"":0,""titles"":0,""finals"":0,""prizeMoney"":0,""points"":0}",,,,,,,,,,,,,,35,,false,false,false,,71,6,6,0,0,0,0,0,0,0,0,0,6,0,0,,Senior/Legend,normal,,,false,false,false,false,0,0,0,,0,false,,senior,senior,,,true,true,
2040/41,wp-toby-hale,Toby Hale,30,SCO,Amateur,Amateur,false,false,false,,0,0,,Amateur,123,123,,123,,,35,,,,123,,51,51,53,46,51,60,42,0,19,0,0,0,,0,,,,,,,0,0,0,0,0,0,0,0,0,"{""matches"":0,""wins"":0,""losses"":0,""draws"":0,""winPercentage"":0,""eventsEntered"":0,""titles"":0,""finals"":0,""prizeMoney"":0,""points"":0}",,,,,,,,,,,,,,123,,false,false,false,,71,18,14,0,0,0,0,0,7,4,3,0,0,4,0,estimated from season exits versus eligible schedule | 4 eligible events not entered,Amateur,normal,,,false,false,false,false,0,0,0,,0,false,,amateur,amateur,,,true,true,
2040/41,wp-toby-hale-b,Toby Hale B,24,ENG,Amateur,Q School,false,false,false,,0,0,,Amateur,124,124,,124,,,22,19,19,,124,,50,53,52,45,50,59,42,0,19,0,0,0,,0,,,,,,,0,0,0,0,0,0,0,0,0,"{""matches"":0,""wins"":0,""losses"":0,""draws"":0,""winPercentage"":0,""eventsEntered"":0,""titles"":0,""finals"":0,""prizeMoney"":0,""points"":0}",,,,,,,,,,,,,,124,,false,false,false,,71,18,3,0,0,0,0,0,0,3,0,0,0,15,8,estimated from season exits versus eligible schedule | 15 eligible events not entered,Q School,normal,,,false,false,false,false,0,0,0,,0,false,,qSchool,qSchool,,,true,true,
2040/41,wp-toby-hale-c,Toby Hale C,24,ENG,Amateur,Q School,false,false,false,,0,0,,Amateur,,,,,,,10,13,2,,,,50,53,52,45,50,59,42,0,19,0,0,0,,0,,,,,,,0,17,0,0,0,0,0,0,0,"{""matches"":0,""wins"":0,""losses"":0,""draws"":0,""winPercentage"":0,""eventsEntered"":0,""titles"":0,""finals"":0,""prizeMoney"":0,""points"":0}",,,,,,,,,,,,,,125,,false,false,false,,71,18,3,0,0,0,0,0,0,3,0,0,0,15,8,estimated from season exits versus eligible schedule | 15 eligible events not entered,Q School,normal,,,false,false,false,false,0,0,0,,0,false,,qSchool,qSchool,,,true,true,
2040/41,wp-toby-hale-d,Toby Hale D,24,ENG,Amateur,Q School,false,false,false,,0,0,,Amateur,125,125,,125,,,23,21,21,,125,,50,53,52,45,50,59,42,0,19,0,0,0,,0,,,,,,,0,0,0,0,0,0,0,0,0,"{""matches"":0,""wins"":0,""losses"":0,""draws"":0,""winPercentage"":0,""eventsEntered"":0,""titles"":0,""finals"":0,""prizeMoney"":0,""points"":0}",,,,,,,,,,,,,,125,,false,false,false,,71,18,3,0,0,0,0,0,0,3,0,0,0,15,8,estimated from season exits versus eligible schedule | 15 eligible events not entered,Q School,normal,,,false,false,false,false,0,0,0,,0,false,,qSchool,qSchool,,,true,true,
2040/41,wp-toby-hale-f,Toby Hale F,21,ENG,Amateur,Q School,false,false,false,,0,0,,Amateur,127,127,,127,,,12,10,12,,127,,50,55,52,44,50,59,42,0,18,0,0,0,,0,,,,,,,0,0,0,0,0,0,0,0,0,"{""matches"":0,""wins"":0,""losses"":0,""draws"":0,""winPercentage"":0,""eventsEntered"":0,""titles"":0,""finals"":0,""prizeMoney"":0,""points"":0}",,,,,,,,,,,,,,127,,false,false,false,,71,18,3,0,0,0,0,0,0,3,0,0,0,15,8,estimated from season exits versus eligible schedule | 15 eligible events not entered,Q School,normal,,,false,false,false,false,0,0,0,,0,false,,qSchool,qSchool,,,true,true,
2040/41,wp-toby-hale-g,Toby Hale G,21,ENG,Amateur,Q School,false,false,false,,0,0,,Amateur,128,128,,128,,,13,11,13,,128,,50,55,52,44,50,59,42,0,18,0,0,0,,0,,,,,,,0,0,0,0,0,0,0,0,0,"{""matches"":0,""wins"":0,""losses"":0,""draws"":0,""winPercentage"":0,""eventsEntered"":0,""titles"":0,""finals"":0,""prizeMoney"":0,""points"":0}",,,,,,,,,,,,,,128,,false,false,false,,71,18,3,0,0,0,0,0,0,3,0,0,0,15,8,estimated from season exits versus eligible schedule | 15 eligible events not entered,Q School,normal,,,false,false,false,false,0,0,0,,0,false,,qSchool,qSchool,,,true,true,
2040/41,wp-toby-hale-i,Toby Hale I,16,SCO,Youth,Amateur,false,false,false,,0,0,,Amateur,,,,,,,,,,,,,50,58,52,44,50,59,42,0,18,0,0,0,,0,,,,,,,0,13,0,0,0,0,0,0,0,"{""matches"":0,""wins"":0,""losses"":0,""draws"":0,""winPercentage"":0,""eventsEntered"":0,""titles"":0,""finals"":0,""prizeMoney"":0,""points"":0}",,,,,,,,,,,,,,,,false,false,false,,71,37,14,0,0,0,0,0,7,4,0,3,0,23,0,estimated from season exits versus eligible schedule | 23 eligible events not entered,Youth,normal,,,false,false,false,false,0,0,0,,0,false,,youth,youth,,,true,true,
2040/41,wp-toby-hale-j,Toby Hale J,16,SCO,Youth,Amateur,false,false,false,,0,0,,Amateur,,,,,,,,,,,,,50,58,52,44,50,59,42,0,18,0,0,0,,0,,,,,,,0,2,0,0,0,0,0,0,0,"{""matches"":0,""wins"":0,""losses"":0,""draws"":0,""winPercentage"":0,""eventsEntered"":0,""titles"":0,""finals"":0,""prizeMoney"":0,""points"":0}",,,,,,,,,,,,,,,,false,false,false,,71,37,14,0,0,0,0,0,7,4,0,3,0,23,0,estimated from season exits versus eligible schedule | 23 eligible events not entered,Youth,normal,,,false,false,false,false,0,0,0,,0,false,,youth,youth,,,true,true,
2040/41,wp-toby-hale-k,Toby Hale K,16,SCO,Youth,Amateur,false,false,false,,0,0,,Amateur,,,,,,,,,,,,,50,58,52,44,50,59,42,0,18,,,,,,,,,,,,,,0,0,0,0,0,0,0,"{""matches"":0,""wins"":0,""losses"":0,""draws"":0,""winPercentage"":0,""eventsEntered"":0,""titles"":0,""finals"":0,""prizeMoney"":0,""points"":0}",,,,,,,,,,,,,,,,,false,false,,71,37,14,0,0,0,0,0,7,4,0,3,0,23,0,estimated from season exits versus eligible schedule | 23 eligible events not entered,Youth,normal,,,false,false,false,false,0,0,0,,0,false,,youth,youth,,,true,true,
2040/41,wp-tomas-bell,Tomas Bell,45,IRE,Veteran,Senior Tour / Legend Circuit,false,false,false,,0,0,,Amateur,,,,,,,,,,22,,,65,71,65,62,59,71,35,12,40,0,0,0,,0,,,,,,,0,0,0,0,0,0,0,0,0,"{""matches"":0,""wins"":0,""losses"":0,""draws"":0,""winPercentage"":0,""eventsEntered"":0,""titles"":0,""finals"":0,""prizeMoney"":0,""points"":0}",,,,,,,,,,,,,,5,,false,false,false,,71,6,6,0,0,0,0,0,0,0,0,0,6,0,0,,Senior/Legend,normal,,,false,false,false,false,0,0,0,,0,false,,senior,senior,,,true,true,
