season,playerId,name,age,nationality,careerPhase,competitiveStatus,isHumanPlayer,isOnMainTour,isTourCardHolder,tourCardSource,tourCardYear,yearsRemaining,expiresAfterSeason,tourSurvivalStatus,seasonOpenWorldRank,seasonCloseWorldRank,normalizedWorldRank,rawWorldRankBeforeCap,worldRank,oneYearRank,amateurRank,qTourRank,qSchoolRank,seniorRank,previousWorldRank,rankChange,overall,potential,technicalAverage,mentalAverage,physicalAverage,effectiveMatchStrength,confidence,fatigue,reputation,seasonMatches,seasonWins,seasonLosses,seasonWinPercentage,seasonTitles,seasonMajorTitles,seasonWorldChampionshipEntries,seasonBestWorldChampionshipFinish,seasonMajorQuarterFinals,seasonMajorSemiFinals,seasonMajorFinals,seasonPrizeMoney,seasonRankingPoints,careerMatches,careerWins,careerLosses,careerWinPercentage,careerTitles,careerMajorTitles,careerPrizeMoney,totalRecord,youthRecord,amateurRecord,qTourRecord,qSchoolRecord,proQualifierRecord,rankingEventRecord,majorRecord,worldQualifyingRecord,worldMainDrawRecord,playersSeriesRecord,invitationalRecord,seniorRecord,exhibitionRecord,bestWorldRank,bestWorldChampionshipFinish,worldChampionshipMainDrawEligible,worldChampionshipMainDrawEntered,worldChampionshipQualifyingEntered,reasonSkippedWorldMainDraw,availableEventsCount,eligibleEventsCount,enteredEventsCount,rankingEventsEntered,qualifierEventsEntered,majorEventsEntered,invitationalsEntered,playersSeriesEntered,qTourEventsEntered,qSchoolEventsEntered,amateurEventsEntered,youthEventsEntered,seniorEventsEntered,skippedEligibleEventsCount,skippedCoreEventsCount,skippedReasonSummary,eventAccessBand,eventVolumeBandStatus,eventVolumeWarnings,calendarValidationWarnings,tourCardValidAtSeasonOpen,tourCardValidAtSeasonClose,lifecycleCorrectionApplied,rankCapApplied,recentSeasonWins,twoYearWins,twoYearPrizeMoney,majorFinalsLastTwoYears,titlesLastTwoYears,rankingDecayApplied,stalledReason,expectedCircuit,actualCircuit,warningFlags,invalidStateReasons,validTourStatus,validEventAccess,invalidAccessReason
2038/39,human-elliot-vance,Elliot Vance,63,England,Senior,Senior Tour / Legend Circuit,true,false,false,,0,0,,Amateur,999,999,999,999,999,,,,,3,999,0,65,65,63,82,27,87,99,0,100,7,3,4,42.857142857142854,0,0,0,No main draw win,0,0,0,56000,22,88,36,52,40.909090909090914,0,0,514400,"{""matches"":88,""wins"":36,""losses"":52,""draws"":0,""winPercentage"":40.909090909090914,""eventsEntered"":52,""titles"":0,""finals"":3,""prizeMoney"":514400,""points"":260}","{""matches"":0,""wins"":0,""losses"":0,""draws"":0,""winPercentage"":0,""eventsEntered"":0,""titles"":0,""finals"":0,""prizeMoney"":0,""points"":0}","{""matches"":0,""wins"":0,""losses"":0,""draws"":0,""winPercentage"":0,""eventsEntered"":0,""titles"":0,""finals"":0,""prizeMoney"":0,""points"":0}","{""matches"":0,""wins"":0,""losses"":0,""draws"":0,""winPercentage"":0,""eventsEntered"":0,""titles"":0,""finals"":0,""prizeMoney"":0,""points"":0}","{""matches"":0,""wins"":0,""losses"":0,""draws"":0,""winPercentage"":0,""eventsEntered"":0,""titles"":0,""finals"":0,""prizeMoney"":0,""points"":0}","{""matches"":0,""wins"":0,""losses"":0,""draws"":0,""winPercentage"":0,""eventsEntered"":0,""titles"":0,""finals"":0,""prizeMoney"":0,""points"":0}","{""matches"":0,""wins"":0,""losses"":0,""draws"":0,""winPercentage"":0,""eventsEntered"":0,""titles"":0,""finals"":0,""prizeMoney"":0,""points"":0}","{""matches"":0,""wins"":0,""losses"":0,""draws"":0,""winPercentage"":0,""eventsEntered"":0,""titles"":0,""finals"":0,""prizeMoney"":0,""points"":0}","{""matches"":0,""wins"":0,""losses"":0,""draws"":0,""winPercentage"":0,""eventsEntered"":0,""titles"":0,""finals"":0,""prizeMoney"":0,""points"":0}","{""matches"":0,""wins"":0,""losses"":0,""draws"":0,""winPercentage"":0,""eventsEntered"":0,""titles"":0,""finals"":0,""prizeMoney"":0,""points"":0}","{""matches"":0,""wins"":0,""losses"":0,""draws"":0,""winPercentage"":0,""eventsEntered"":0,""titles"":0,""finals"":0,""prizeMoney"":0,""points"":0}","{""matches"":0,""wins"":0,""losses"":0,""draws"":0,""winPercentage"":0,""eventsEntered"":0,""titles"":0,""finals"":0,""prizeMoney"":0,""points"":0}","{""matches"":88,""wins"":36,""losses"":52,""draws"":0,""winPercentage"":40.909090909090914,""eventsEntered"":52,""titles"":0,""finals"":3,""prizeMoney"":514400,""points"":260}","{""matches"":0,""wins"":0,""losses"":0,""draws"":0,""winPercentage"":0,""eventsEntered"":0,""titles"":0,""finals"":0,""prizeMoney"":0,""points"":0}",999,No main draw win,false,false,false,,104,14,4,0,0,0,0,0,0,0,0,0,4,10,0,10 eligible events not entered,Senior/Legend,too low,,,false,false,false,false,3,0,0,0,0,false,,amateur,senior,,,true,true,
2038/39,wp-vincent-lombardi,Vincent Lombardi,41,POL,Veteran,Top 16 Elite Player,false,true,true,Ranking Retained,0,0,,Top 16,1,1,1,1,1,120,,,,,1,0,88,88,89,89,83,97,57,19,52,5,2,3,40,0,,,,,,,40180,250,98,50,48,51.02040816326531,2,0,1334737,"{""matches"":98,""wins"":50,""losses"":48,""draws"":0,""winPercentage"":51.02040816326531,""eventsEntered"":0,""titles"":2,""finals"":0,""prizeMoney"":1334737,""points"":0}",,,,,,,,,,,,,,1,,true,true,false,,104,20,15,8,0,6,7,0,0,0,0,0,0,5,5,estimated from season exits versus eligible schedule | 5 eligible events not entered,Top 16,normal,,,true,true,false,false,2,4,80649,,0,false,,mainTour,mainTour,top16-low-overall-no-results;top4-low-wins-no-results,,true,true,
2038/39,wp-reuben-nakamura,Reuben Nakamura,43,PAK,Veteran,Top 16 Elite Player,false,true,true,Ranking Retained,0,0,,Top 16,2,2,2,2,2,102,,,,,2,0,88,88,88,89,81,95,52,26,53,6,2,4,33.33333333333333,0,,,,,,,45961,286,94,48,46,51.06382978723404,2,0,1447702,"{""matches"":94,""wins"":48,""losses"":46,""draws"":0,""winPercentage"":51.06382978723404,""eventsEntered"":0,""titles"":2,""finals"":0,""prizeMoney"":1447702,""points"":0}",,,,,,,,,,,,,,2,,true,true,false,,104,20,15,8,0,6,7,0,0,0,0,0,0,5,5,estimated from season exits versus eligible schedule | 5 eligible events not entered,Top 16,normal,,,true,true,false,false,2,5,109266,,0,false,,mainTour,mainTour,top16-low-overall-no-results;top4-low-wins-no-results,,true,true,
2038/39,wp-kaito-nakamura,Kaito Nakamura,44,NIR,Veteran,Top 16 Elite Player,false,true,true,Federation Route,1,2,2040/41,At Risk,3,3,3,3,3,75,,,,,3,0,89,89,89,91,82,97,58,27,55,6,3,3,50,0,,,,,,,73711,458,116,68,48,58.620689655172406,2,0,1856734,"{""matches"":116,""wins"":68,""losses"":48,""draws"":0,""winPercentage"":58.620689655172406,""eventsEntered"":0,""titles"":2,""finals"":0,""prizeMoney"":1856734,""points"":0}",,,,,,,,,,,,,,2,,true,true,false,,104,20,15,8,0,6,7,0,0,0,0,0,0,5,5,estimated from season exits versus eligible schedule | 5 eligible events not entered,Top 16,normal,,,true,true,false,false,3,7,166500,,0,false,,mainTour,mainTour,top16-low-overall-no-results;top4-low-wins-no-results,,true,true,
2038/39,wp-niall-petrov,Niall Petrov,38,SWE,Established,Top 16 Elite Player,false,true,true,Ranking Retained,0,0,,Top 16,6,6,4,6,4,91,,,,,6,2,87,87,88,88,83,97,58,15,48,5,2,3,40,0,,,,,,,49430,307,86,47,39,54.65116279069767,0,0,1535295,"{""matches"":86,""wins"":47,""losses"":39,""draws"":0,""winPercentage"":54.65116279069767,""eventsEntered"":0,""titles"":0,""finals"":0,""prizeMoney"":1535295,""points"":0}",,,,,,,,,,,,,,6,,true,true,false,,104,20,15,8,0,6,7,0,0,0,0,0,0,5,5,estimated from season exits versus eligible schedule | 5 eligible events not entered,Top 16,normal,,,true,true,false,false,2,5,116782,,0,false,,mainTour,mainTour,top16-low-overall-no-results;top4-low-wins-no-results,,true,true,
2038/39,wp-harris-urban,Harris Urban,39,GER,Established,Top 16 Elite Player,false,true,true,Ranking Retained,0,0,,Top 16,9,9,5,9,5,58,,,,,9,4,88,88,89,89,83,97,63,28,51,9,5,4,55.55555555555556,0,,,,,,,114758,713,118,72,46,61.016949152542374,0,0,2009179,"{""matches"":118,""wins"":72,""losses"":46,""draws"":0,""winPercentage"":61.016949152542374,""eventsEntered"":0,""titles"":0,""finals"":0,""prizeMoney"":2009179,""points"":0}",,,,,,,,,,,,,,9,,true,true,false,,104,20,15,8,0,6,7,0,0,0,0,0,0,5,5,estimated from season exits versus eligible schedule | 5 eligible events not entered,Top 16,normal,,,true,true,false,false,5,10,229516,,0,false,,mainTour,mainTour,,,true,true,
2038/39,wp-hamza-petrov,Hamza Petrov,39,AUS,Established,Top 16 Elite Player,false,true,true,Ranking Retained,0,0,,Top 16,10,10,6,10,6,54,,,,,10,4,87,87,88,89,82,96,63,28,52,9,5,4,55.55555555555556,0,,,,,,,115914,721,129,79,50,61.240310077519375,0,0,2266682,"{""matches"":129,""wins"":79,""losses"":50,""draws"":0,""winPercentage"":61.240310077519375,""eventsEntered"":0,""titles"":0,""finals"":0,""prizeMoney"":2266682,""points"":0}",,,,,,,,,,,,,,10,,true,true,false,,104,20,15,8,0,6,7,0,0,0,0,0,0,5,5,estimated from season exits versus eligible schedule | 5 eligible events not entered,Top 16,normal,,,true,true,false,false,5,11,250328,,0,false,,mainTour,mainTour,,,true,true,
2038/39,wp-pavel-verma,Pavel Verma,41,BRA,Veteran,Top 16 Elite Player,false,true,true,Ranking Retained,0,0,,Top 16,5,5,7,5,7,100,,,,,5,-2,86,86,87,86,81,95,55,20,48,5,2,3,40,0,,,,,,,46828,291,78,41,37,52.56410256410257,0,0,1340498,"{""matches"":78,""wins"":41,""losses"":37,""draws"":0,""winPercentage"":52.56410256410257,""eventsEntered"":0,""titles"":0,""finals"":0,""prizeMoney"":1340498,""points"":0}",,,,,,,,,,,,,,5,,true,true,false,,104,20,15,8,0,6,7,0,0,0,0,0,0,5,5,estimated from season exits versus eligible schedule | 5 eligible events not entered,Top 16,normal,,,true,true,false,true,2,4,92789,,0,true,,mainTour,mainTour,,,true,true,
2038/39,wp-yusuf-verma,Yusuf Verma,41,WAL,Veteran,Top 16 Elite Player,false,true,true,Ranking Retained,0,0,,Top 16,7,7,8,7,8,127,,,,,7,-1,84,84,85,83,79,91,47,20,46,5,1,4,20,0,,,,,,,19367,120,85,38,47,44.70588235294118,0,0,1102979,"{""matches"":85,""wins"":38,""losses"":47,""draws"":0,""winPercentage"":44.70588235294118,""eventsEntered"":0,""titles"":0,""finals"":0,""prizeMoney"":1102979,""points"":0}",,,,,,,,,,,,,,7,,true,true,false,,104,20,15,8,0,6,7,0,0,0,0,0,0,5,5,estimated from season exits versus eligible schedule | 5 eligible events not entered,Top 16,normal,,,true,true,false,true,1,3,57523,,0,true,,mainTour,mainTour,,,true,true,
2038/39,wp-malik-drayton,Malik Drayton,41,NOR,Veteran,Top 16 Elite Player,false,true,true,Ranking Retained,0,0,,Top 16,8,8,9,8,9,85,,,,,8,-1,87,87,88,88,81,96,59,22,48,6,3,3,50,0,,,,,,,70531,438,90,52,38,57.77777777777777,0,0,1545110,"{""matches"":90,""wins"":52,""losses"":38,""draws"":0,""winPercentage"":57.77777777777777,""eventsEntered"":0,""titles"":0,""finals"":0,""prizeMoney"":1545110,""points"":0}",,,,,,,,,,,,,,8,,true,true,false,,104,20,15,8,0,6,7,0,0,0,0,0,0,5,5,estimated from season exits versus eligible schedule | 5 eligible events not entered,Top 16,normal,,,true,true,false,true,3,6,141062,,0,true,,mainTour,mainTour,,,true,true,
2038/39,wp-sebastian-tremblay,Sebastian Tremblay,42,THA,Veteran,Top 16 Elite Player,false,true,true,Ranking Retained,0,0,,Top 16,11,11,10,11,10,111,,,,,11,1,85,85,85,85,79,92,51,24,48,6,2,4,33.33333333333333,0,,,,,,,43070,268,87,42,45,48.275862068965516,0,0,1338488,"{""matches"":87,""wins"":42,""losses"":45,""draws"":0,""winPercentage"":48.275862068965516,""eventsEntered"":0,""titles"":0,""finals"":0,""prizeMoney"":1338488,""points"":0}",,,,,,,,,,,,,,5,,true,true,false,,104,20,15,8,0,6,7,0,0,0,0,0,0,5,5,estimated from season exits versus eligible schedule | 5 eligible events not entered,Top 16,normal,,,true,true,false,false,2,4,85851,,0,false,,mainTour,mainTour,top16-low-overall-no-results,,true,true,
2038/39,wp-emil-sorensen,Emil Sorensen,42,CAN,Veteran,Top 16 Elite Player,false,true,true,Ranking Retained,0,0,,Top 16,12,12,11,12,11,31,,,,,12,1,89,89,89,91,82,98,63,29,52,8,5,3,62.5,0,,,,,,,121406,755,121,84,37,69.42148760330579,0,0,2388294,"{""matches"":121,""wins"":84,""losses"":37,""draws"":0,""winPercentage"":69.42148760330579,""eventsEntered"":0,""titles"":0,""finals"":0,""prizeMoney"":2388294,""points"":0}",,,,,,,,,,,,,,12,,true,true,false,,104,21,15,8,0,6,7,1,0,0,0,0,0,6,6,estimated from season exits versus eligible schedule | 6 eligible events not entered,Top 16,normal,,,true,true,false,false,5,10,243101,,0,false,,mainTour,mainTour,,,true,true,
2038/39,wp-euan-whitaker,Euan Whitaker,46,CHN,Veteran,Top 16 Elite Player,false,true,true,Ranking Retained,0,0,,Top 16,14,14,12,14,12,34,,,,,14,2,88,88,88,89,79,93,58,42,52,10,6,4,60,0,,,,,,,139039,864,117,75,42,64.1025641025641,0,0,2155379,"{""matches"":117,""wins"":75,""losses"":42,""draws"":0,""winPercentage"":64.1025641025641,""eventsEntered"":0,""titles"":0,""finals"":0,""prizeMoney"":2155379,""points"":0}",,,,,,,,,,,,,,4,,true,true,false,,104,20,15,8,0,6,7,0,0,0,0,0,0,5,5,estimated from season exits versus eligible schedule | 5 eligible events not entered,Top 16,normal,,,true,true,false,false,6,11,259867,,0,false,,mainTour,mainTour,,,true,true,
2038/39,wp-bartosz-urban,Bartosz Urban,35,ITA,Established,Top 16 Elite Player,false,true,true,Ranking Retained,0,0,,Top 16,15,15,13,15,13,18,,,,,15,2,88,88,90,91,84,97,70,33,55,13,9,4,69.23076923076923,0,,,,,,,199164,1238,157,111,46,70.70063694267516,0,0,2951526,"{""matches"":157,""wins"":111,""losses"":46,""draws"":0,""winPercentage"":70.70063694267516,""eventsEntered"":0,""titles"":0,""finals"":0,""prizeMoney"":2951526,""points"":0}",,,,,,,,,,,,,,15,,true,true,false,,104,21,15,8,0,6,7,1,0,0,0,0,0,6,6,estimated from season exits versus eligible schedule | 6 eligible events not entered,Top 16,normal,,,true,true,false,false,9,17,380117,,0,false,,mainTour,mainTour,,,true,true,
2038/39,wp-mateo-yates,Mateo Yates,37,ESP,Established,Top 16 Elite Player,false,true,true,Ranking Retained,0,0,,Top 16,16,16,14,16,14,86,,,,,16,2,85,85,86,85,82,95,58,13,46,5,2,3,40,0,,,,,,,51453,320,83,47,36,56.62650602409639,0,0,1427219,"{""matches"":83,""wins"":47,""losses"":36,""draws"":0,""winPercentage"":56.62650602409639,""eventsEntered"":0,""titles"":0,""finals"":0,""prizeMoney"":1427219,""points"":0}",,,,,,,,,,,,,,16,,true,true,false,,104,20,15,8,0,6,7,0,0,0,0,0,0,5,5,estimated from season exits versus eligible schedule | 5 eligible events not entered,Top 16,normal,,,true,true,false,false,2,6,139906,,0,false,,mainTour,mainTour,top16-low-overall-no-results,,true,true,
2038/39,wp-dylan-forster,Dylan Forster,36,PAK,Established,Top 16 Elite Player,false,true,true,Ranking Retained,0,0,,Top 32,17,17,15,17,15,29,,,,,17,2,88,88,90,90,84,99,69,23,51,9,6,3,66.66666666666666,0,,,,,,,140484,873,126,89,37,70.63492063492063,0,0,2406508,"{""matches"":126,""wins"":89,""losses"":37,""draws"":0,""winPercentage"":70.63492063492063,""eventsEntered"":0,""titles"":0,""finals"":0,""prizeMoney"":2406508,""points"":0}",,,,,,,,,,,,,,17,,false,true,false,,104,21,15,8,0,6,7,1,0,0,0,0,0,6,6,estimated from season exits versus eligible schedule | 6 eligible events not entered,Top 16,normal,,,true,true,false,false,6,12,281257,,0,false,,mainTour,mainTour,,,true,true,
2038/39,wp-tobias-yates,Tobias Yates,35,NED,Established,Top 16 Elite Player,false,true,true,Ranking Retained,0,0,,Top 32,18,18,16,18,16,112,,,,,18,2,84,84,86,84,81,95,62,13,45,6,3,3,50,0,,,,,,,60703,377,83,43,40,51.80722891566265,0,0,1330506,"{""matches"":83,""wins"":43,""losses"":40,""draws"":0,""winPercentage"":51.80722891566265,""eventsEntered"":0,""titles"":0,""finals"":0,""prizeMoney"":1330506,""points"":0}",,,,,,,,,,,,,,18,,false,true,false,,104,20,15,8,0,6,7,0,0,0,0,0,0,5,5,estimated from season exits versus eligible schedule | 5 eligible events not entered,Top 16,normal,,,true,true,false,false,3,5,102617,,0,false,,mainTour,mainTour,,,true,true,
2038/39,wp-joel-forster,Joel Forster,39,ENG,Established,Top 32 Professional,false,true,true,Ranking Retained,0,0,,Top 32,19,19,17,19,17,61,,,,,19,2,85,85,86,86,80,94,61,25,48,8,4,4,50,0,,,,,,,94813,589,117,69,48,58.97435897435898,0,0,1878783,"{""matches"":117,""wins"":69,""losses"":48,""draws"":0,""winPercentage"":58.97435897435898,""eventsEntered"":0,""titles"":0,""finals"":0,""prizeMoney"":1878783,""points"":0}",,,,,,,,,,,,,,17,,false,false,true,,104,21,13,8,2,1,3,0,0,0,0,0,0,8,8,estimated from season exits versus eligible schedule | 8 eligible events not entered,Top 32,normal,,,true,true,false,false,4,9,207836,,0,false,,mainTour,mainTour,,,true,true,
2038/39,wp-oskar-iqbal,Oskar Iqbal,39,CAN,Established,Top 32 Professional,false,true,true,Ranking Retained,0,0,,Top 32,20,20,18,20,18,98,,,,,20,2,84,84,85,84,79,94,61,19,45,6,3,3,50,0,,,,,,,65906,410,86,48,38,55.81395348837209,0,0,1440027,"{""matches"":86,""wins"":48,""losses"":38,""draws"":0,""winPercentage"":55.81395348837209,""eventsEntered"":0,""titles"":0,""finals"":0,""prizeMoney"":1440027,""points"":0}",,,,,,,,,,,,,,20,,false,false,true,,104,21,13,8,2,1,3,0,0,0,0,0,0,8,8,estimated from season exits versus eligible schedule | 8 eligible events not entered,Top 32,normal,,,true,true,false,false,3,6,130945,,0,false,,mainTour,mainTour,,,true,true,
2038/39,wp-patrick-barker,Patrick Barker,40,IND,Veteran,Top 32 Professional,false,true,true,Ranking Retained,0,0,,Top 32,21,21,19,21,19,99,,,,,21,2,84,84,85,84,79,93,56,18,45,5,2,3,40,0,,,,,,,47117,293,85,47,38,55.294117647058826,0,0,1414706,"{""matches"":85,""wins"":47,""losses"":38,""draws"":0,""winPercentage"":55.294117647058826,""eventsEntered"":0,""titles"":0,""finals"":0,""prizeMoney"":1414706,""points"":0}",,,,,,,,,,,,,,21,,false,false,true,,104,21,13,8,2,1,3,0,0,0,0,0,0,8,8,estimated from season exits versus eligible schedule | 8 eligible events not entered,Top 32,normal,,,true,true,false,false,2,5,111867,,0,false,,mainTour,mainTour,,,true,true,
2038/39,wp-gareth-drayton,Gareth Drayton,40,POL,Veteran,Top 32 Professional,false,true,true,Ranking Retained,0,0,,Top 32,22,22,20,22,20,51,,,,,22,2,86,86,87,87,80,94,62,30,49,9,5,4,55.55555555555556,0,,,,,,,116781,726,121,78,43,64.46280991735537,0,0,2131703,"{""matches"":121,""wins"":78,""losses"":43,""draws"":0,""winPercentage"":64.46280991735537,""eventsEntered"":0,""titles"":0,""finals"":0,""prizeMoney"":2131703,""points"":0}",,,,,,,,,,,,,,22,,false,false,true,,104,21,13,8,2,1,3,0,0,0,0,0,0,8,8,estimated from season exits versus eligible schedule | 8 eligible events not entered,Top 32,normal,,,true,true,false,false,5,11,252062,,0,false,,mainTour,mainTour,,,true,true,
2038/39,wp-warren-iqbal,Warren Iqbal,41,SCO,Veteran,Top 32 Professional,false,true,true,Ranking Retained,0,0,,Top 32,23,23,21,23,21,121,,,,,23,2,81,81,82,80,75,88,52,23,43,6,2,4,33.33333333333333,0,,,,,,,39602,246,83,37,46,44.57831325301205,0,0,1057605,"{""matches"":83,""wins"":37,""losses"":46,""draws"":0,""winPercentage"":44.57831325301205,""eventsEntered"":0,""titles"":0,""finals"":0,""prizeMoney"":1057605,""points"":0}",,,,,,,,,,,,,,22,,false,false,true,,104,21,13,8,2,1,3,0,0,0,0,0,0,8,8,estimated from season exits versus eligible schedule | 8 eligible events not entered,Top 32,normal,,,true,true,false,false,2,4,79493,,0,false,,mainTour,mainTour,,,true,true,
2038/39,wp-samir-kovacs,Samir Kovacs,35,GER,Established,Top 32 Professional,false,true,true,Ranking Retained,0,0,,Top 32,25,25,22,25,22,109,,,,,25,3,82,82,84,82,79,93,58,10,43,5,2,3,40,0,,,,,,,43648,271,82,42,40,51.21951219512195,0,0,1204209,"{""matches"":82,""wins"":42,""losses"":40,""draws"":0,""winPercentage"":51.21951219512195,""eventsEntered"":0,""titles"":0,""finals"":0,""prizeMoney"":1204209,""points"":0}",,,,,,,,,,,,,,25,,false,false,true,,104,21,13,8,2,1,3,0,0,0,0,0,0,8,8,estimated from season exits versus eligible schedule | 8 eligible events not entered,Top 32,normal,,,true,true,false,false,2,4,87007,,0,false,,mainTour,mainTour,,,true,true,
2038/39,wp-lorenzo-olsen,Lorenzo Olsen,36,JPN,Established,Top 32 Professional,false,true,true,Ranking Retained,0,0,,Top 32,28,28,23,28,23,77,,,,,28,5,84,84,86,84,81,95,58,12,44,5,2,3,40,0,,,,,,,53188,331,93,56,37,60.215053763440864,0,0,1520147,"{""matches"":93,""wins"":56,""losses"":37,""draws"":0,""winPercentage"":60.215053763440864,""eventsEntered"":0,""titles"":0,""finals"":0,""prizeMoney"":1520147,""points"":0}",,,,,,,,,,,,,,28,,false,false,true,,104,21,13,8,2,1,3,0,0,0,0,0,0,8,8,estimated from season exits versus eligible schedule | 8 eligible events not entered,Top 32,normal,,,true,true,false,false,2,6,143665,,0,false,,mainTour,mainTour,,,true,true,
2038/39,wp-wesley-novak,Wesley Novak,43,ESP,Veteran,Top 32 Professional,false,true,true,Ranking Retained,0,0,,Top 32,24,24,24,24,24,122,,,,,24,0,81,81,81,80,74,87,50,26,43,6,2,4,33.33333333333333,0,,,,,,,39313,244,85,39,46,45.88235294117647,0,0,1109781,"{""matches"":85,""wins"":39,""losses"":46,""draws"":0,""winPercentage"":45.88235294117647,""eventsEntered"":0,""titles"":0,""finals"":0,""prizeMoney"":1109781,""points"":0}",,,,,,,,,,,,,,24,,false,false,true,,104,21,13,8,2,1,3,0,0,0,0,0,0,8,8,estimated from season exits versus eligible schedule | 8 eligible events not entered,Top 32,normal,,,true,true,false,false,2,5,97415,,0,false,,mainTour,mainTour,,,true,true,
2038/39,wp-zac-rossi,Zac Rossi,34,NOR,Established,Top 32 Professional,false,true,true,Ranking Retained,0,0,,Top 32,30,30,25,30,25,128,,,,,30,5,80,80,82,79,77,90,55,14,41,6,2,4,33.33333333333333,0,,,,,,,37578,234,85,39,46,45.88235294117647,0,0,1030295,"{""matches"":85,""wins"":39,""losses"":46,""draws"":0,""winPercentage"":45.88235294117647,""eventsEntered"":0,""titles"":0,""finals"":0,""prizeMoney"":1030295,""points"":0}",,,,,,,,,,,,,,30,,false,false,true,,104,21,13,8,2,1,3,0,0,0,0,0,0,8,8,estimated from season exits versus eligible schedule | 8 eligible events not entered,Top 32,normal,,,true,true,false,false,2,4,75445,,0,false,,mainTour,mainTour,,,true,true,
2038/39,wp-ivan-madsen,Ivan Madsen,36,WAL,Established,Top 32 Professional,false,true,true,Ranking Retained,0,0,,Top 32,29,29,26,29,26,60,,,,,29,3,84,84,86,85,80,94,64,23,47,9,5,4,55.55555555555556,0,,,,,,,113891,708,121,75,46,61.98347107438017,0,0,1955707,"{""matches"":121,""wins"":75,""losses"":46,""draws"":0,""winPercentage"":61.98347107438017,""eventsEntered"":0,""titles"":0,""finals"":0,""prizeMoney"":1955707,""points"":0}",,,,,,,,,,,,,,29,,false,false,true,,104,21,13,8,2,1,3,0,0,0,0,0,0,8,8,estimated from season exits versus eligible schedule | 8 eligible events not entered,Top 32,normal,,,true,true,false,false,5,10,227782,,0,false,,mainTour,mainTour,,,true,true,
2038/39,wp-ilyas-quinnell,Ilyas Quinnell,36,FRA,Established,Top 32 Professional,false,true,true,Ranking Retained,0,0,,Top 32,32,32,27,32,27,59,,,,,32,5,83,83,85,84,79,93,64,23,46,9,5,4,55.55555555555556,0,,,,,,,114469,712,122,76,46,62.295081967213115,0,0,1982869,"{""matches"":122,""wins"":76,""losses"":46,""draws"":0,""winPercentage"":62.295081967213115,""eventsEntered"":0,""titles"":0,""finals"":0,""prizeMoney"":1982869,""points"":0}",,,,,,,,,,,,,,32,,false,false,true,,104,21,13,8,2,1,3,0,0,0,0,0,0,8,8,estimated from season exits versus eligible schedule | 8 eligible events not entered,Top 32,normal,,,true,true,false,false,5,10,228938,,0,false,,mainTour,mainTour,,,true,true,
2038/39,wp-adrian-harrington,Adrian Harrington,44,SWE,Veteran,Top 32 Professional,false,true,true,Ranking Retained,0,0,,Top 32,26,26,28,26,28,1,,,,,26,-2,87,87,87,89,78,93,64,47,54,13,9,4,69.23076923076923,0,,,,,,,203500,1265,156,113,43,72.43589743589743,0,0,2896260,"{""matches"":156,""wins"":113,""losses"":43,""draws"":0,""winPercentage"":72.43589743589743,""eventsEntered"":0,""titles"":0,""finals"":0,""prizeMoney"":2896260,""points"":0}",,,,,,,,,,,,,,20,,false,false,true,,104,24,13,8,2,2,3,3,0,0,0,0,0,11,11,estimated from season exits versus eligible schedule | 11 eligible events not entered,Top 32,normal,,,true,true,false,true,9,16,370000,,0,true,,mainTour,mainTour,,,true,true,
2038/39,wp-dario-janssen,Dario Janssen,44,THA,Veteran,Top 32 Professional,false,true,true,Ranking Retained,0,0,,Top 32,27,27,29,27,29,26,,,,,27,-2,85,85,85,86,77,93,63,35,50,9,6,3,66.66666666666666,0,,,,,,,141352,879,126,85,41,67.46031746031747,0,0,2311942,"{""matches"":126,""wins"":85,""losses"":41,""draws"":0,""winPercentage"":67.46031746031747,""eventsEntered"":0,""titles"":0,""finals"":0,""prizeMoney"":2311942,""points"":0}",,,,,,,,,,,,,,23,,false,false,true,,104,22,13,8,2,1,3,1,0,0,0,0,0,9,9,estimated from season exits versus eligible schedule | 9 eligible events not entered,Top 32,normal,,,true,true,false,true,6,11,264493,,0,true,,mainTour,mainTour,,,true,true,
2038/39,wp-kieran-zimmer,Kieran Zimmer,36,BRA,Established,Top 32 Professional,false,true,true,Ranking Retained,0,0,,Safe,33,33,30,33,30,76,,,,,33,3,82,82,84,82,79,93,58,12,44,5,2,3,40,0,,,,,,,54344,338,97,58,39,59.79381443298969,0,0,1516910,"{""matches"":97,""wins"":58,""losses"":39,""draws"":0,""winPercentage"":59.79381443298969,""eventsEntered"":0,""titles"":0,""finals"":0,""prizeMoney"":1516910,""points"":0}",,,,,,,,,,,,,,33,,false,false,true,,104,21,13,8,2,1,3,0,0,0,0,0,0,8,8,estimated from season exits versus eligible schedule | 8 eligible events not entered,Top 32,normal,,,true,true,false,false,2,5,127477,,0,false,,mainTour,mainTour,,,true,true,
2038/39,wp-niall-xu,Niall Xu,34,THA,Established,Top 32 Professional,false,true,true,Ranking Retained,0,0,,Safe,34,34,31,34,31,92,,,,,34,3,82,82,84,82,80,93,58,10,42,5,2,3,40,0,,,,,,,49141,305,85,50,35,58.82352941176471,0,0,1294343,"{""matches"":85,""wins"":50,""losses"":35,""draws"":0,""winPercentage"":58.82352941176471,""eventsEntered"":0,""titles"":0,""finals"":0,""prizeMoney"":1294343,""points"":0}",,,,,,,,,,,,,,34,,false,false,true,,104,21,13,8,2,1,3,0,0,0,0,0,0,8,8,estimated from season exits versus eligible schedule | 8 eligible events not entered,Top 32,normal,,,true,true,false,false,2,5,116204,,0,false,,mainTour,mainTour,,,true,true,
2038/39,wp-yusuf-costa,Yusuf Costa,34,JPN,Established,Top 32 Professional,false,true,true,Ranking Retained,0,0,,Safe,35,35,32,35,32,126,,,,,35,3,79,79,81,78,76,89,55,14,40,6,2,4,33.33333333333333,0,,,,,,,38156,237,88,42,46,47.72727272727273,0,0,1002253,"{""matches"":88,""wins"":42,""losses"":46,""draws"":0,""winPercentage"":47.72727272727273,""eventsEntered"":0,""titles"":0,""finals"":0,""prizeMoney"":1002253,""points"":0}",,,,,,,,,,,,,,35,,false,false,true,,104,21,13,8,2,1,3,0,0,0,0,0,0,8,8,estimated from season exits versus eligible schedule | 8 eligible events not entered,Top 32,normal,,,true,true,false,false,2,4,76601,,0,false,,mainTour,mainTour,,,true,true,
2038/39,wp-yannick-westbrook,Yannick Westbrook,40,CAN,Veteran,Tour Survivor / Top 64,false,true,true,Ranking Retained,0,0,,Safe,36,36,33,36,33,124,,,,,36,3,79,79,80,78,74,87,53,21,40,6,2,4,33.33333333333333,0,,,,,,,38445,239,84,38,46,45.23809523809524,0,0,1010983,"{""matches"":84,""wins"":38,""losses"":46,""draws"":0,""winPercentage"":45.23809523809524,""eventsEntered"":0,""titles"":0,""finals"":0,""prizeMoney"":1010983,""points"":0}",,,,,,,,,,,,,,36,,false,false,true,,104,18,11,9,2,1,0,0,0,0,0,0,0,7,7,estimated from season exits versus eligible schedule | 7 eligible events not entered,Top 64,normal,,,true,true,false,false,2,4,77179,,0,false,,mainTour,mainTour,,,true,true,
2038/39,wp-reuben-vos,Reuben Vos,39,BEL,Established,Tour Survivor / Top 64,false,true,true,Ranking Retained,0,0,,Safe,38,38,34,38,34,104,,,,,38,4,80,80,81,79,75,88,54,20,41,6,2,4,33.33333333333333,0,,,,,,,45672,284,82,44,38,53.65853658536586,0,0,1155940,"{""matches"":82,""wins"":44,""losses"":38,""draws"":0,""winPercentage"":53.65853658536586,""eventsEntered"":0,""titles"":0,""finals"":0,""prizeMoney"":1155940,""points"":0}",,,,,,,,,,,,,,38,,false,false,true,,104,18,11,9,2,1,0,0,0,0,0,0,0,7,7,estimated from season exits versus eligible schedule | 7 eligible events not entered,Top 64,normal,,,true,true,false,false,2,4,90188,,0,false,,mainTour,mainTour,,,true,true,
2038/39,wp-freddie-sinclair,Freddie Sinclair,40,NIR,Veteran,Tour Survivor / Top 64,false,true,true,Ranking Retained,0,0,,Safe,37,37,35,37,35,50,,,,,37,2,83,83,84,83,77,91,60,27,46,8,4,4,50,0,,,,,,,98570,613,121,78,43,64.46280991735537,0,0,2068442,"{""matches"":121,""wins"":78,""losses"":43,""draws"":0,""winPercentage"":64.46280991735537,""eventsEntered"":0,""titles"":0,""finals"":0,""prizeMoney"":2068442,""points"":0}",,,,,,,,,,,,,,37,,false,false,true,,104,18,11,9,2,1,0,0,0,0,0,0,0,7,7,estimated from season exits versus eligible schedule | 7 eligible events not entered,Top 64,normal,,,true,true,false,false,4,9,215640,,0,false,,mainTour,mainTour,,,true,true,
2038/39,wp-hamza-xu,Hamza Xu,41,SCO,Veteran,Tour Survivor / Top 64,false,true,true,Ranking Retained,0,0,,Safe,40,40,36,40,36,56,,,,,40,4,82,82,83,82,76,90,59,28,44,8,4,4,50,0,,,,,,,96836,602,123,76,47,61.78861788617886,0,0,1910175,"{""matches"":123,""wins"":76,""losses"":47,""draws"":0,""winPercentage"":61.78861788617886,""eventsEntered"":0,""titles"":0,""finals"":0,""prizeMoney"":1910175,""points"":0}",,,,,,,,,,,,,,40,,false,false,true,,104,18,11,9,2,1,0,0,0,0,0,0,0,7,7,estimated from season exits versus eligible schedule | 7 eligible events not entered,Top 64,normal,,,true,true,false,false,4,10,230672,,0,false,,mainTour,mainTour,,,true,true,
2038/39,wp-emil-zimmer,Emil Zimmer,42,GER,Veteran,Tour Survivor / Top 64,false,true,true,Ranking Retained,0,0,,Safe,42,42,37,42,37,32,,,,,42,5,83,83,83,84,76,92,65,32,45,9,6,3,66.66666666666666,0,,,,,,,139617,868,118,82,36,69.49152542372882,0,0,2127953,"{""matches"":118,""wins"":82,""losses"":36,""draws"":0,""winPercentage"":69.49152542372882,""eventsEntered"":0,""titles"":0,""finals"":0,""prizeMoney"":2127953,""points"":0}",,,,,,,,,,,,,,42,,false,false,true,,104,19,11,9,2,1,0,1,0,0,0,0,0,8,8,estimated from season exits versus eligible schedule | 8 eligible events not entered,Top 64,normal,,,true,true,false,false,6,13,298023,,0,false,,mainTour,mainTour,,,true,true,
2038/39,wp-harris-bouchard,Harris Bouchard,43,ESP,Veteran,Tour Survivor / Top 64,false,true,true,Ranking Retained,0,0,,Safe,43,43,38,43,38,57,,,,,43,5,80,80,80,80,73,87,59,34,43,9,5,4,55.55555555555556,0,,,,,,,115047,715,118,70,48,59.32203389830508,0,0,1789307,"{""matches"":118,""wins"":70,""losses"":48,""draws"":0,""winPercentage"":59.32203389830508,""eventsEntered"":0,""titles"":0,""finals"":0,""prizeMoney"":1789307,""points"":0}",,,,,,,,,,,,,,43,,false,false,true,,104,18,11,9,2,1,0,0,0,0,0,0,0,7,7,estimated from season exits versus eligible schedule | 7 eligible events not entered,Top 64,normal,,,true,true,false,false,5,9,211594,,0,false,,mainTour,mainTour,,,true,true,
2038/39,wp-fraser-olsen,Fraser Olsen,44,NED,Veteran,Tour Survivor / Top 64,false,true,true,Ranking Retained,0,0,,Safe,44,44,39,44,39,49,,,,,44,5,82,82,82,82,74,88,60,39,46,10,6,4,60,0,,,,,,,135859,845,120,78,42,65,0,0,2081114,"{""matches"":120,""wins"":78,""losses"":42,""draws"":0,""winPercentage"":65,""eventsEntered"":0,""titles"":0,""finals"":0,""prizeMoney"":2081114,""points"":0}",,,,,,,,,,,,,,36,,false,false,true,,104,18,11,9,2,1,0,0,0,0,0,0,0,7,7,estimated from season exits versus eligible schedule | 7 eligible events not entered,Top 64,normal,,,true,true,false,false,6,10,234718,,0,false,,mainTour,mainTour,,,true,true,
2038/39,wp-connor-upton,Connor Upton,44,AUS,Veteran,Tour Survivor / Top 64,false,true,true,Ranking Retained,0,0,,Safe,45,45,40,45,40,23,,,,,45,5,82,82,82,83,74,88,60,39,47,10,6,4,60,0,,,,,,,142219,884,144,100,44,69.44444444444444,0,0,2480900,"{""matches"":144,""wins"":100,""losses"":44,""draws"":0,""winPercentage"":69.44444444444444,""eventsEntered"":0,""titles"":0,""finals"":0,""prizeMoney"":2480900,""points"":0}",,,,,,,,,,,,,,45,,false,false,true,,104,19,11,9,2,1,0,1,0,0,0,0,0,8,8,estimated from season exits versus eligible schedule | 8 eligible events not entered,Top 64,normal,,,true,true,false,false,6,12,284727,,0,false,,mainTour,mainTour,,,true,true,
2038/39,wp-cedric-quinnell,Cedric Quinnell,45,IND,Veteran,Tour Survivor / Top 64,false,true,true,Federation Route,1,2,2040/41,At Risk,46,46,41,46,41,20,,,,,46,5,83,83,83,83,75,89,57,37,48,9,5,4,55.55555555555556,0,,,,,,,124586,774,151,105,46,69.5364238410596,0,0,2615826,"{""matches"":151,""wins"":105,""losses"":46,""draws"":0,""winPercentage"":69.5364238410596,""eventsEntered"":0,""titles"":0,""finals"":0,""prizeMoney"":2615826,""points"":0}",,,,,,,,,,,,,,41,,false,false,true,,104,19,11,9,2,1,0,1,0,0,0,0,0,8,8,estimated from season exits versus eligible schedule | 8 eligible events not entered,Top 64,normal,,,true,true,false,false,5,11,267961,,0,false,,mainTour,mainTour,,,true,true,
2038/39,wp-adrian-janssen,Adrian Janssen,34,NIR,Established,Tour Survivor / Top 64,false,true,true,Ranking Retained,0,0,,Safe,47,47,42,47,42,2,,,,,47,5,82,82,84,82,78,92,69,30,35,12,8,4,66.66666666666666,0,,,,,,,184711,1148,101,70,31,69.3069306930693,0,0,406422,"{""matches"":101,""wins"":70,""losses"":31,""draws"":0,""winPercentage"":69.3069306930693,""eventsEntered"":0,""titles"":0,""finals"":0,""prizeMoney"":406422,""points"":0}",,,,,,,,,,,,,,47,,false,false,true,,104,21,11,9,2,2,0,3,0,0,0,0,0,10,10,estimated from season exits versus eligible schedule | 10 eligible events not entered,Top 64,normal,,,true,true,false,false,8,18,406422,,0,false,,mainTour,mainTour,,,true,true,
2038/39,wp-adrian-petrov,Adrian Petrov,40,WAL,Veteran,Tour Survivor / Top 64,false,true,true,Ranking Retained,0,0,,Safe,48,48,43,48,43,3,,,,,48,5,83,83,84,84,76,91,68,38,46,12,8,4,66.66666666666666,0,,,,,,,184422,1146,175,128,47,73.14285714285714,1,0,2050032,"{""matches"":175,""wins"":128,""losses"":47,""draws"":0,""winPercentage"":73.14285714285714,""eventsEntered"":0,""titles"":1,""finals"":0,""prizeMoney"":2050032,""points"":0}",,,,,,,,,,,,,,48,,false,false,true,,104,21,11,9,2,2,0,3,0,0,0,0,0,10,10,estimated from season exits versus eligible schedule | 10 eligible events not entered,Top 64,normal,,,true,true,false,false,8,17,387344,,0,false,,mainTour,mainTour,,,true,true,
2038/39,wp-adrian-verma,Adrian Verma,43,ENG,Veteran,Tour Survivor / Top 64,false,true,true,Ranking Retained,0,0,,Safe,49,49,44,49,44,4,,,,,49,5,82,82,82,83,74,88,64,43,45,12,8,4,66.66666666666666,0,,,,,,,184133,1145,154,111,43,72.07792207792207,0,0,2342564,"{""matches"":154,""wins"":111,""losses"":43,""draws"":0,""winPercentage"":72.07792207792207,""eventsEntered"":0,""titles"":0,""finals"":0,""prizeMoney"":2342564,""points"":0}",,,,,,,,,,,,,,49,,false,false,true,,104,21,11,9,2,2,0,3,0,0,0,0,0,10,10,estimated from season exits versus eligible schedule | 10 eligible events not entered,Top 64,normal,,,true,true,false,false,8,17,386766,,0,false,,mainTour,mainTour,,,true,true,
2038/39,wp-arlo-dawes,Arlo Dawes,27,BEL,Established,Tour Survivor / Top 64,false,true,true,Ranking Retained,0,0,,Safe,50,50,45,50,45,5,,,,,50,5,83,84,85,84,81,93,72,30,41,12,9,3,75,0,,,,,,,202344,1258,138,104,34,75.36231884057972,0,0,1675986,"{""matches"":138,""wins"":104,""losses"":34,""draws"":0,""winPercentage"":75.36231884057972,""eventsEntered"":0,""titles"":0,""finals"":0,""prizeMoney"":1675986,""points"":0}",,,,,,,,,,,,,,50,,false,false,true,,104,21,11,9,2,2,0,3,0,0,0,0,0,10,10,estimated from season exits versus eligible schedule | 10 eligible events not entered,Top 64,normal,,,true,true,false,false,9,16,367688,,0,false,,mainTour,mainTour,,,true,true,
2038/39,wp-arlo-dawes-a,Arlo Dawes A,27,BEL,Established,Tour Survivor / Top 64,false,true,true,Ranking Retained,0,0,,Safe,51,51,46,51,46,6,,,,,51,5,84,86,86,86,81,95,75,33,46,13,10,3,76.92307692307693,0,,,,,,,220555,1371,130,95,35,73.07692307692307,2,0,1803174,"{""matches"":130,""wins"":95,""losses"":35,""draws"":0,""winPercentage"":73.07692307692307,""eventsEntered"":0,""titles"":2,""finals"":0,""prizeMoney"":1803174,""points"":0}",,,,,,,,,,,,,,51,,false,false,true,,104,21,11,9,2,2,0,3,0,0,0,0,0,10,10,estimated from season exits versus eligible schedule | 10 eligible events not entered,Top 64,normal,,,true,true,false,false,10,17,385610,,0,false,,mainTour,mainTour,,,true,true,
2038/39,wp-arlo-dawes-b,Arlo Dawes B,24,BEL,Rookie,Tour Survivor / Top 64,false,true,true,Ranking Retained,0,0,,Safe,52,52,47,52,47,7,,,,,52,5,86,92,88,88,83,97,78,33,44,13,11,2,84.61538461538461,0,,,,,,,238766,1484,104,81,23,77.88461538461539,2,0,1415252,"{""matches"":104,""wins"":81,""losses"":23,""draws"":0,""winPercentage"":77.88461538461539,""eventsEntered"":0,""titles"":2,""finals"":0,""prizeMoney"":1415252,""points"":0}",,,,,,,,,,,,,,52,,false,false,true,,104,21,11,9,2,2,0,3,0,0,0,0,0,10,10,estimated from season exits versus eligible schedule | 10 eligible events not entered,Top 64,normal,,,true,true,false,false,11,19,496032,,1,false,,mainTour,mainTour,,,true,true,
2038/39,wp-arlo-dawes-c,Arlo Dawes C,24,BEL,Rookie,Tour Survivor / Top 64,false,true,true,Ranking Retained,0,0,,Safe,53,53,48,53,48,8,,,,,53,5,84,87,86,86,81,95,78,33,43,13,11,2,84.61538461538461,0,,,,,,,238477,1482,87,67,20,77.01149425287356,2,0,1413518,"{""matches"":87,""wins"":67,""losses"":20,""draws"":0,""winPercentage"":77.01149425287356,""eventsEntered"":0,""titles"":2,""finals"":0,""prizeMoney"":1413518,""points"":0}",,,,,,,,,,,,,,53,,false,false,true,,104,21,11,9,2,2,0,3,0,0,0,0,0,10,10,estimated from season exits versus eligible schedule | 10 eligible events not entered,Top 64,normal,,,true,true,false,false,11,19,495454,,1,false,,mainTour,mainTour,,,true,true,
2038/39,wp-arlo-dawes-d,Arlo Dawes D,24,BEL,Rookie,Tour Survivor / Top 64,false,true,true,Ranking Retained,0,0,,Safe,54,54,49,54,49,9,,,,,54,5,85,88,87,87,82,96,78,33,43,13,11,2,84.61538461538461,0,,,,,,,238188,1481,87,68,19,78.16091954022988,2,0,1411784,"{""matches"":87,""wins"":68,""losses"":19,""draws"":0,""winPercentage"":78.16091954022988,""eventsEntered"":0,""titles"":2,""finals"":0,""prizeMoney"":1411784,""points"":0}",,,,,,,,,,,,,,54,,false,false,true,,104,21,11,9,2,2,0,3,0,0,0,0,0,10,10,estimated from season exits versus eligible schedule | 10 eligible events not entered,Top 64,normal,,,true,true,false,false,11,19,494876,,1,false,,mainTour,mainTour,,,true,true,
2038/39,wp-arlo-dawes-e,Arlo Dawes E,22,THA,Rookie,Tour Survivor / Top 64,false,true,true,Ranking Retained,0,0,,Safe,55,55,50,55,50,10,,,,,55,5,82,86,84,83,79,93,77,33,37,13,11,2,84.61538461538461,0,,,,,,,237898,1479,80,60,20,75,1,0,713984,"{""matches"":80,""wins"":60,""losses"":20,""draws"":0,""winPercentage"":75,""eventsEntered"":0,""titles"":1,""finals"":0,""prizeMoney"":713984,""points"":0}",,,,,,,,,,,,,,55,,false,false,true,,104,21,11,9,2,2,0,3,0,0,0,0,0,10,10,estimated from season exits versus eligible schedule | 10 eligible events not entered,Top 64,normal,,,true,true,false,false,11,19,494296,,1,false,,mainTour,mainTour,,,true,true,
2038/39,wp-arlo-dawes-f,Arlo Dawes F,19,THA,Rookie,Tour Survivor / Top 64,false,true,true,Q School,1,2,2040/41,At Risk,,51,51,51,51,11,,,,,,,73,83,75,70,66,74,71,84,18,30,22,8,73.33333333333333,0,,,,,,,0,797,63,46,17,73.01587301587301,0,0,0,"{""matches"":63,""wins"":46,""losses"":17,""draws"":0,""winPercentage"":73.01587301587301,""eventsEntered"":0,""titles"":0,""finals"":0,""prizeMoney"":0,""points"":0}",,,,,,,,,,,,,,,,false,false,true,,104,21,11,9,2,2,0,3,0,0,0,0,0,10,10,estimated from season exits versus eligible schedule | 10 eligible events not entered,Top 64,normal,,,true,true,false,false,0,0,0,,0,false,,mainTour,mainTour,,,true,true,
2038/39,wp-arlo-dawes-g,Arlo Dawes G,19,THA,Rookie,Tour Survivor / Top 64,false,true,true,Ranking Retained,0,0,,Safe,56,56,52,56,52,12,,,,,56,4,83,89,85,83,80,93,73,33,32,13,10,3,76.92307692307693,0,,,,,,,219109,1362,37,28,9,75.67567567567568,0,0,219109,"{""matches"":37,""wins"":28,""losses"":9,""draws"":0,""winPercentage"":75.67567567567568,""eventsEntered"":0,""titles"":0,""finals"":0,""prizeMoney"":219109,""points"":0}",,,,,,,,,,,,,,56,,false,false,true,,104,21,11,9,2,2,0,3,0,0,0,0,0,10,10,estimated from season exits versus eligible schedule | 10 eligible events not entered,Top 64,normal,,,true,true,false,false,10,10,219109,,0,false,,mainTour,mainTour,,,true,true,
2038/39,wp-bailey-forster,Bailey Forster,32,CAN,Established,Tour Survivor / Top 64,false,true,true,Ranking Retained,0,0,,Safe,57,57,53,57,53,13,,,,,57,4,79,79,81,79,76,89,67,28,37,11,7,4,63.63636363636363,0,,,,,,,163320,1015,134,86,48,64.17910447761194,0,0,1075891,"{""matches"":134,""wins"":86,""losses"":48,""draws"":0,""winPercentage"":64.17910447761194,""eventsEntered"":0,""titles"":0,""finals"":0,""prizeMoney"":1075891,""points"":0}",,,,,,,,,,,,,,57,,false,false,true,,104,20,11,9,2,1,0,2,0,0,0,0,0,9,9,estimated from season exits versus eligible schedule | 9 eligible events not entered,Top 64,normal,,,true,true,false,false,7,15,345429,,0,false,,mainTour,mainTour,,,true,true,
2038/39,wp-bailey-verma,Bailey Verma,32,NIR,Established,Tour Survivor / Top 64,false,true,true,Ranking Retained,0,0,,Safe,58,58,54,58,54,14,,,,,58,4,79,79,81,79,76,89,69,30,35,12,8,4,66.66666666666666,0,,,,,,,181531,1128,149,98,51,65.77181208053692,0,0,746358,"{""matches"":149,""wins"":98,""losses"":51,""draws"":0,""winPercentage"":65.77181208053692,""eventsEntered"":0,""titles"":0,""finals"":0,""prizeMoney"":746358,""points"":0}",,,,,,,,,,,,,,58,,false,false,true,,104,20,11,9,2,1,0,2,0,0,0,0,0,9,9,estimated from season exits versus eligible schedule | 9 eligible events not entered,Top 64,normal,,,true,true,false,false,8,17,381851,,0,false,,mainTour,mainTour,,,true,true,
2038/39,wp-bartosz-barker,Bartosz Barker,27,NOR,Established,Tour Survivor / Top 64,false,true,true,Ranking Retained,0,0,,Safe,59,59,55,59,55,15,,,,,59,4,81,82,83,81,79,91,70,30,39,12,8,4,66.66666666666666,0,,,,,,,181242,1127,163,117,46,71.77914110429448,1,0,1240367,"{""matches"":163,""wins"":117,""losses"":46,""draws"":0,""winPercentage"":71.77914110429448,""eventsEntered"":0,""titles"":1,""finals"":0,""prizeMoney"":1240367,""points"":0}",,,,,,,,,,,,,,59,,false,false,true,,104,20,11,9,2,1,0,2,0,0,0,0,0,9,9,estimated from season exits versus eligible schedule | 9 eligible events not entered,Top 64,normal,,,true,true,false,false,8,16,362773,,0,false,,mainTour,mainTour,,,true,true,
2038/39,wp-bartosz-drayton,Bartosz Drayton,29,IRL,Established,Tour Survivor / Top 64,false,true,true,Federation Route,1,2,2040/41,At Risk,,56,56,56,56,16,,,,,,,81,81,83,82,77,88,69,48,41,18,11,7,61.111111111111114,0,,,,,,,0,518,191,133,58,69.63350785340315,3,0,1061148,"{""matches"":191,""wins"":133,""losses"":58,""draws"":0,""winPercentage"":69.63350785340315,""eventsEntered"":0,""titles"":3,""finals"":0,""prizeMoney"":1061148,""points"":0}",,,,,,,,,,,,,,64,,false,false,true,,104,20,11,9,2,1,0,2,0,0,0,0,0,9,9,estimated from season exits versus eligible schedule | 9 eligible events not entered,Top 64,normal,,,true,true,false,false,0,0,0,,0,false,,mainTour,mainTour,,,true,true,
2038/39,wp-bartosz-rahman,Bartosz Rahman,31,NED,Established,Tour Survivor / Top 64,false,true,true,Ranking Retained,0,0,,Safe,60,60,57,60,57,17,,,,,60,3,79,79,81,79,76,89,69,30,38,12,8,4,66.66666666666666,0,,,,,,,180953,1125,182,126,56,69.23076923076923,0,0,1442712,"{""matches"":182,""wins"":126,""losses"":56,""draws"":0,""winPercentage"":69.23076923076923,""eventsEntered"":0,""titles"":0,""finals"":0,""prizeMoney"":1442712,""points"":0}",,,,,,,,,,,,,,60,,false,false,true,,104,19,11,9,2,1,0,1,0,0,0,0,0,8,8,estimated from season exits versus eligible schedule | 8 eligible events not entered,Top 64,normal,,,true,true,false,false,8,16,362195,,0,false,,mainTour,mainTour,,,true,true,
2038/39,wp-cedric-caldwell,Cedric Caldwell,29,ENG,Established,Tour Survivor / Top 64,false,true,true,Ranking Retained,0,0,,Safe,61,61,58,61,58,19,,,,,61,3,81,81,83,82,79,93,72,21,45,9,6,3,66.66666666666666,0,,,,,,,143375,891,158,113,45,71.51898734177216,3,0,1672514,"{""matches"":158,""wins"":113,""losses"":45,""draws"":0,""winPercentage"":71.51898734177216,""eventsEntered"":0,""titles"":3,""finals"":0,""prizeMoney"":1672514,""points"":0}",,,,,,,,,,,,,,61,,false,false,true,,104,19,11,9,2,1,0,1,0,0,0,0,0,8,8,estimated from season exits versus eligible schedule | 8 eligible events not entered,Top 64,normal,,,true,true,false,false,6,15,342539,,0,false,,mainTour,mainTour,,,true,true,
2038/39,wp-cedric-rahman,Cedric Rahman,34,POL,Established,Tour Survivor / Top 64,false,true,true,Ranking Retained,0,0,,Safe,62,62,59,62,59,21,,,,,62,3,80,80,82,81,77,92,70,21,44,9,6,3,66.66666666666666,0,,,,,,,142797,888,150,109,41,72.66666666666667,1,0,2267694,"{""matches"":150,""wins"":109,""losses"":41,""draws"":0,""winPercentage"":72.66666666666667,""eventsEntered"":0,""titles"":1,""finals"":0,""prizeMoney"":2267694,""points"":0}",,,,,,,,,,,,,,62,,false,false,true,,104,19,11,9,2,1,0,1,0,0,0,0,0,8,8,estimated from season exits versus eligible schedule | 8 eligible events not entered,Top 64,normal,,,true,true,false,false,6,12,285883,,0,false,,mainTour,mainTour,,,true,true,
2038/39,wp-cedric-sorensen,Cedric Sorensen,38,IND,Established,Tour Survivor / Top 64,false,true,true,Ranking Retained,0,0,,Safe,63,63,60,63,60,22,,,,,63,3,79,79,80,79,74,90,69,26,39,9,6,3,66.66666666666666,0,,,,,,,142508,886,159,111,48,69.81132075471697,0,0,1622218,"{""matches"":159,""wins"":111,""losses"":48,""draws"":0,""winPercentage"":69.81132075471697,""eventsEntered"":0,""titles"":0,""finals"":0,""prizeMoney"":1622218,""points"":0}",,,,,,,,,,,,,,63,,false,false,true,,104,19,11,9,2,1,0,1,0,0,0,0,0,8,8,estimated from season exits versus eligible schedule | 8 eligible events not entered,Top 64,normal,,,true,true,false,false,6,11,266805,,0,false,,mainTour,mainTour,,,true,true,
2038/39,wp-connor-urban,Connor Urban,34,SCO,Established,Tour Survivor / Top 64,false,true,true,Ranking Retained,0,0,,Safe,64,64,61,64,61,24,,,,,64,3,79,79,81,80,76,90,71,24,43,10,7,3,70,0,,,,,,,160430,997,133,95,38,71.42857142857143,1,0,2071422,"{""matches"":133,""wins"":95,""losses"":38,""draws"":0,""winPercentage"":71.42857142857143,""eventsEntered"":0,""titles"":1,""finals"":0,""prizeMoney"":2071422,""points"":0}",,,,,,,,,,,,,,64,,false,false,true,,104,19,11,9,2,1,0,1,0,0,0,0,0,8,8,estimated from season exits versus eligible schedule | 8 eligible events not entered,Top 64,normal,,,true,true,false,false,7,13,302649,,0,false,,mainTour,mainTour,,,true,true,
2038/39,wp-connor-yates,Connor Yates,28,PAK,Established,Tour Survivor / Top 64,false,true,true,Federation Route,1,2,2040/41,At Risk,65,65,62,65,62,25,,,,,65,3,81,81,83,82,79,93,72,24,40,10,7,3,70,0,,,,,,,160141,995,167,125,42,74.8502994011976,2,0,1270142,"{""matches"":167,""wins"":125,""losses"":42,""draws"":0,""winPercentage"":74.8502994011976,""eventsEntered"":0,""titles"":2,""finals"":0,""prizeMoney"":1270142,""points"":0}",,,,,,,,,,,,,,65,,false,false,true,,104,19,11,9,2,1,0,1,0,0,0,0,0,8,8,estimated from season exits versus eligible schedule | 8 eligible events not entered,Top 64,normal,,,true,true,false,false,7,13,302071,,0,false,,mainTour,mainTour,,,true,true,
2038/39,wp-dario-verma,Dario Verma,35,GER,Established,Tour Survivor / Top 64,false,true,true,Federation Route,1,2,2040/41,At Risk,66,66,63,66,63,27,,,,,66,3,78,78,80,78,75,89,69,21,40,9,6,3,66.66666666666666,0,,,,,,,141063,877,127,90,37,70.86614173228347,0,0,1895674,"{""matches"":127,""wins"":90,""losses"":37,""draws"":0,""winPercentage"":70.86614173228347,""eventsEntered"":0,""titles"":0,""finals"":0,""prizeMoney"":1895674,""points"":0}",,,,,,,,,,,,,,66,,false,false,true,,104,19,11,9,2,1,0,1,0,0,0,0,0,8,8,estimated from season exits versus eligible schedule | 8 eligible events not entered,Top 64,normal,,,true,true,false,false,6,12,282415,,0,false,,mainTour,mainTour,,,true,true,
2038/39,wp-dylan-barker,Dylan Barker,32,ITA,Established,Tour Survivor / Top 64,false,true,true,Federation Route,1,2,2040/41,At Risk,67,67,64,67,64,28,,,,,67,3,77,77,79,76,75,88,69,21,32,9,6,3,66.66666666666666,0,,,,,,,140773,875,135,87,48,64.44444444444444,0,0,583618,"{""matches"":135,""wins"":87,""losses"":48,""draws"":0,""winPercentage"":64.44444444444444,""eventsEntered"":0,""titles"":0,""finals"":0,""prizeMoney"":583618,""points"":0}",,,,,,,,,,,,,,67,,false,false,true,,104,19,11,9,2,1,0,1,0,0,0,0,0,8,8,estimated from season exits versus eligible schedule | 8 eligible events not entered,Top 64,normal,,,true,true,false,false,6,13,300336,,0,false,,mainTour,mainTour,,,true,true,
2038/39,wp-dylan-sorensen,Dylan Sorensen,34,PAK,Established,Rookie Pro / Bubble,false,true,true,Federation Route,1,2,2040/41,At Risk,68,68,65,68,65,30,,,,,68,3,79,79,81,80,76,91,70,21,41,9,6,3,66.66666666666666,0,,,,,,,140195,871,121,88,33,72.72727272727273,1,0,1850580,"{""matches"":121,""wins"":88,""losses"":33,""draws"":0,""winPercentage"":72.72727272727273,""eventsEntered"":0,""titles"":1,""finals"":0,""prizeMoney"":1850580,""points"":0}",,,,,,,,,,,,,,68,,false,false,true,,104,19,9,3,6,1,0,0,0,0,0,0,0,10,10,estimated from season exits versus eligible schedule | 10 eligible events not entered,Rookie Pro,normal,,,true,true,false,false,6,12,280679,,0,false,,mainTour,mainTour,,,true,true,
2038/39,wp-euan-drayton,Euan Drayton,29,AUS,Established,Rookie Pro / Bubble,false,true,true,Federation Route,1,2,2040/41,At Risk,69,69,66,69,66,33,,,,,69,3,78,78,80,77,76,89,67,19,35,8,5,3,62.5,0,,,,,,,120828,751,158,114,44,72.15189873417721,0,0,1159140,"{""matches"":158,""wins"":114,""losses"":44,""draws"":0,""winPercentage"":72.15189873417721,""eventsEntered"":0,""titles"":0,""finals"":0,""prizeMoney"":1159140,""points"":0}",,,,,,,,,,,,,,69,,false,false,true,,104,18,9,3,6,1,0,0,0,0,0,0,0,9,9,estimated from season exits versus eligible schedule | 9 eligible events not entered,Rookie Pro,normal,,,true,true,false,false,5,11,260445,,0,false,,mainTour,mainTour,,,true,true,
2038/39,wp-evan-mori,Evan Mori,27,CHN,Established,Rookie Pro / Bubble,false,true,true,Q School,1,2,2040/41,At Risk,,67,67,67,67,35,,,,,,,77,80,79,76,73,84,70,48,33,18,12,6,66.66666666666666,0,,,,,,,0,575,159,108,51,67.9245283018868,1,0,632179,"{""matches"":159,""wins"":108,""losses"":51,""draws"":0,""winPercentage"":67.9245283018868,""eventsEntered"":0,""titles"":1,""finals"":0,""prizeMoney"":632179,""points"":0}",,,,,,,,,,,,,,77,,false,false,true,,104,18,9,3,6,1,0,0,0,0,0,0,0,9,9,estimated from season exits versus eligible schedule | 9 eligible events not entered,Rookie Pro,normal,,,true,true,false,false,0,0,0,,0,false,,mainTour,mainTour,,,true,true,
2038/39,wp-evan-mori-a,Evan Mori A,27,CHN,Established,Rookie Pro / Bubble,false,true,true,Q School,2,1,2039/40,Rookie Year 2,71,71,68,71,68,36,,,,,71,3,78,88,80,77,76,89,69,21,32,9,6,3,66.66666666666666,0,,,,,,,138461,861,150,103,47,68.66666666666667,0,0,732484,"{""matches"":150,""wins"":103,""losses"":47,""draws"":0,""winPercentage"":68.66666666666667,""eventsEntered"":0,""titles"":0,""finals"":0,""prizeMoney"":732484,""points"":0}",,,,,,,,,,,,,,71,,false,false,true,,104,18,9,3,6,1,0,0,0,0,0,0,0,9,9,estimated from season exits versus eligible schedule | 9 eligible events not entered,Rookie Pro,normal,,,true,true,false,false,6,6,138461,,0,false,random development failure,mainTour,mainTour,,,true,true,
2038/39,wp-evan-mori-d,Evan Mori D,24,CHN,Rookie,Rookie Pro / Bubble,false,true,true,Playoff Route,1,2,2040/41,At Risk,,69,69,69,69,37,,,,,,,77,80,79,76,72,82,71,60,28,22,16,6,72.72727272727273,0,,,,,,,0,668,130,94,36,72.3076923076923,0,0,275766,"{""matches"":130,""wins"":94,""losses"":36,""draws"":0,""winPercentage"":72.3076923076923,""eventsEntered"":0,""titles"":0,""finals"":0,""prizeMoney"":275766,""points"":0}",,,,,,,,,,,,,,79,,false,false,true,,104,18,9,3,6,1,0,0,0,0,0,0,0,9,9,estimated from season exits versus eligible schedule | 9 eligible events not entered,Rookie Pro,normal,,,true,true,false,false,0,0,0,,0,false,,mainTour,mainTour,,,true,true,
2038/39,wp-evan-mori-f,Evan Mori F,18,AUS,Rookie,Rookie Pro / Bubble,false,true,true,Federation Route,1,2,2040/41,At Risk,,70,70,70,70,38,,,,,,,71,78,73,69,69,83,73,21,18,9,7,2,77.77777777777779,0,,,,,,,0,156,35,26,9,74.28571428571429,0,0,0,"{""matches"":35,""wins"":26,""losses"":9,""draws"":0,""winPercentage"":74.28571428571429,""eventsEntered"":0,""titles"":0,""finals"":0,""prizeMoney"":0,""points"":0}",,,,,,,,,,,,,,,,false,false,true,,104,18,9,3,6,1,0,0,0,0,0,0,0,9,9,estimated from season exits versus eligible schedule | 9 eligible events not entered,Rookie Pro,normal,,,true,true,false,false,0,0,0,,0,false,,mainTour,mainTour,,,true,true,
2038/39,wp-evan-mori-g,Evan Mori G,18,AUS,Rookie,Rookie Pro / Bubble,false,true,true,Federation Route,1,2,2040/41,At Risk,,71,71,71,71,39,,,,,,,73,91,75,71,71,85,73,21,18,9,7,2,77.77777777777779,0,,,,,,,0,160,26,19,7,73.07692307692307,0,0,0,"{""matches"":26,""wins"":19,""losses"":7,""draws"":0,""winPercentage"":73.07692307692307,""eventsEntered"":0,""titles"":0,""finals"":0,""prizeMoney"":0,""points"":0}",,,,,,,,,,,,,,,,false,false,true,,104,18,9,3,6,1,0,0,0,0,0,0,0,9,9,estimated from season exits versus eligible schedule | 9 eligible events not entered,Rookie Pro,normal,,,true,true,false,false,0,0,0,,0,false,,mainTour,mainTour,,,true,true,
2038/39,wp-finn-cross,Finn Cross,26,SCO,Established,Rookie Pro / Bubble,false,true,true,Federation Route,1,2,2040/41,At Risk,73,73,72,73,72,40,,,,,73,1,78,91,80,77,76,88,66,25,32,10,6,4,60,0,,,,,,,137883,857,128,87,41,67.96875,0,0,812266,"{""matches"":128,""wins"":87,""losses"":41,""draws"":0,""winPercentage"":67.96875,""eventsEntered"":0,""titles"":0,""finals"":0,""prizeMoney"":812266,""points"":0}",,,,,,,,,,,,,,73,,false,false,true,,104,18,9,3,6,1,0,0,0,0,0,0,0,9,9,estimated from season exits versus eligible schedule | 9 eligible events not entered,Rookie Pro,normal,,,true,true,false,false,6,12,275766,,0,false,random development failure,mainTour,mainTour,,,true,true,
2038/39,wp-finn-cross-a,Finn Cross A,26,SCO,Established,Rookie Pro / Bubble,false,true,true,Federation Route,1,2,2040/41,At Risk,74,74,73,74,73,41,,,,,74,1,77,78,79,76,75,89,70,21,33,9,6,3,66.66666666666666,0,,,,,,,137594,855,131,94,37,71.7557251908397,1,0,570321,"{""matches"":131,""wins"":94,""losses"":37,""draws"":0,""winPercentage"":71.7557251908397,""eventsEntered"":0,""titles"":1,""finals"":0,""prizeMoney"":570321,""points"":0}",,,,,,,,,,,,,,74,,false,false,true,,104,18,9,3,6,1,0,0,0,0,0,0,0,9,9,estimated from season exits versus eligible schedule | 9 eligible events not entered,Rookie Pro,normal,,,true,true,false,false,6,12,275188,,0,false,,mainTour,mainTour,,,true,true,
2038/39,wp-finn-cross-b,Finn Cross B,23,SCO,Rookie,Rookie Pro / Bubble,false,true,true,Playoff Route,1,2,2040/41,At Risk,,74,74,74,74,42,,,,,,,76,80,78,75,72,83,72,48,30,18,13,5,72.22222222222221,1,,,,,,,0,733,107,74,33,69.1588785046729,1,0,293399,"{""matches"":107,""wins"":74,""losses"":33,""draws"":0,""winPercentage"":69.1588785046729,""eventsEntered"":0,""titles"":1,""finals"":0,""prizeMoney"":293399,""points"":0}",,,,,,,,,,,,,,80,,false,false,true,,104,18,9,3,6,1,0,0,0,0,0,0,0,9,9,estimated from season exits versus eligible schedule | 9 eligible events not entered,Rookie Pro,normal,,,true,true,false,false,0,0,0,,1,false,,mainTour,mainTour,,,true,true,
2038/39,wp-finn-cross-c,Finn Cross C,23,SCO,Rookie,Rookie Pro / Bubble,false,true,true,Playoff Route,1,2,2040/41,At Risk,,75,75,75,75,43,,,,,,,76,80,78,75,72,83,72,48,30,18,13,5,72.22222222222221,1,,,,,,,0,740,111,79,32,71.17117117117117,1,0,292821,"{""matches"":111,""wins"":79,""losses"":32,""draws"":0,""winPercentage"":71.17117117117117,""eventsEntered"":0,""titles"":1,""finals"":0,""prizeMoney"":292821,""points"":0}",,,,,,,,,,,,,,81,,false,false,true,,104,18,9,3,6,1,0,0,0,0,0,0,0,9,9,estimated from season exits versus eligible schedule | 9 eligible events not entered,Rookie Pro,normal,,,true,true,false,false,0,0,0,,1,false,,mainTour,mainTour,,,true,true,
2038/39,wp-finn-cross-d,Finn Cross D,23,SCO,Rookie,Rookie Pro / Bubble,false,true,true,Federation Route,1,2,2040/41,At Risk,75,75,76,75,76,44,,,,,75,-1,77,87,79,76,75,88,69,21,31,9,6,3,66.66666666666666,0,,,,,,,137305,854,76,52,24,68.42105263157895,0,0,567720,"{""matches"":76,""wins"":52,""losses"":24,""draws"":0,""winPercentage"":68.42105263157895,""eventsEntered"":0,""titles"":0,""finals"":0,""prizeMoney"":567720,""points"":0}",,,,,,,,,,,,,,75,,false,false,true,,104,18,9,3,6,1,0,0,0,0,0,0,0,9,9,estimated from season exits versus eligible schedule | 9 eligible events not entered,Rookie Pro,normal,,,true,true,false,true,6,12,274610,,0,true,,mainTour,mainTour,,,true,true,
2038/39,wp-finn-cross-g,Finn Cross G,18,BEL,Rookie,Rookie Pro / Bubble,false,true,true,Federation Route,1,2,2040/41,At Risk,,77,77,77,77,45,,,,,,,70,77,72,67,69,83,72,18,18,8,6,2,75,0,,,,,,,0,136,24,17,7,70.83333333333334,0,0,0,"{""matches"":24,""wins"":17,""losses"":7,""draws"":0,""winPercentage"":70.83333333333334,""eventsEntered"":0,""titles"":0,""finals"":0,""prizeMoney"":0,""points"":0}",,,,,,,,,,,,,,,,false,false,true,,104,18,9,3,6,1,0,0,0,0,0,0,0,9,9,estimated from season exits versus eligible schedule | 9 eligible events not entered,Rookie Pro,normal,,,true,true,false,false,0,0,0,,0,false,,mainTour,mainTour,,,true,true,
2038/39,wp-finn-cross-h,Finn Cross H,18,BEL,Rookie,Rookie Pro / Bubble,false,true,true,Federation Route,1,2,2040/41,At Risk,,78,78,78,78,46,,,,,,,69,83,71,66,68,82,72,18,18,8,6,2,75,0,,,,,,,0,135,15,10,5,66.66666666666666,0,0,0,"{""matches"":15,""wins"":10,""losses"":5,""draws"":0,""winPercentage"":66.66666666666666,""eventsEntered"":0,""titles"":0,""finals"":0,""prizeMoney"":0,""points"":0}",,,,,,,,,,,,,,,,false,false,true,,104,18,9,3,6,1,0,0,0,0,0,0,0,9,9,estimated from season exits versus eligible schedule | 9 eligible events not entered,Rookie Pro,normal,,,true,true,false,false,0,0,0,,0,false,,mainTour,mainTour,,,true,true,
2038/39,wp-fraser-forster,Fraser Forster,29,BRA,Established,Rookie Pro / Bubble,false,true,true,Federation Route,1,2,2040/41,At Risk,78,78,79,78,79,47,,,,,78,-1,74,74,76,73,72,84,66,25,32,10,6,4,60,0,,,,,,,136438,848,145,95,50,65.51724137931035,0,0,845509,"{""matches"":145,""wins"":95,""losses"":50,""draws"":0,""winPercentage"":65.51724137931035,""eventsEntered"":0,""titles"":0,""finals"":0,""prizeMoney"":845509,""points"":0}",,,,,,,,,,,,,,78,,false,false,true,,104,18,9,3,6,1,0,0,0,0,0,0,0,9,9,estimated from season exits versus eligible schedule | 9 eligible events not entered,Rookie Pro,normal,,,true,true,false,true,6,11,254376,,0,true,,mainTour,mainTour,,,true,true,
2038/39,wp-fraser-harrington,Fraser Harrington,28,SCO,Established,Rookie Pro / Bubble,false,true,true,Q School,1,2,2040/41,At Risk,,80,80,80,80,48,,,,,,,76,76,78,76,72,82,71,54,33,20,14,6,70,0,,,,,,,0,642,168,118,50,70.23809523809523,1,0,650101,"{""matches"":168,""wins"":118,""losses"":50,""draws"":0,""winPercentage"":70.23809523809523,""eventsEntered"":0,""titles"":1,""finals"":0,""prizeMoney"":650101,""points"":0}",,,,,,,,,,,,,,75,,false,false,true,,104,18,9,3,6,1,0,0,0,0,0,0,0,9,9,estimated from season exits versus eligible schedule | 9 eligible events not entered,Rookie Pro,normal,,,true,true,false,false,0,0,0,,0,false,,mainTour,mainTour,,,true,true,
2038/39,wp-gareth-iqbal,Gareth Iqbal,29,GER,Established,Rookie Pro / Bubble,false,true,true,Q School,1,2,2040/41,At Risk,,81,81,81,81,52,,,,,,,74,74,76,73,70,80,69,51,29,19,13,6,68.42105263157895,0,,,,,,,0,628,167,113,54,67.66467065868264,0,0,509906,"{""matches"":167,""wins"":113,""losses"":54,""draws"":0,""winPercentage"":67.66467065868264,""eventsEntered"":0,""titles"":0,""finals"":0,""prizeMoney"":509906,""points"":0}",,,,,,,,,,,,,,80,,false,false,true,,104,18,9,3,6,1,0,0,0,0,0,0,0,9,9,estimated from season exits versus eligible schedule | 9 eligible events not entered,Rookie Pro,normal,,,true,true,false,false,0,0,0,,0,false,,mainTour,mainTour,,,true,true,
2038/39,wp-gianni-ashford,Gianni Ashford,30,FRA,Established,Rookie Pro / Bubble,false,true,true,Federation Route,1,2,2040/41,At Risk,,82,82,82,82,53,,,,,,,73,73,75,71,71,83,64,22,29,9,5,4,55.55555555555556,0,,,,,,,0,260,156,102,54,65.38461538461539,0,0,544016,"{""matches"":156,""wins"":102,""losses"":54,""draws"":0,""winPercentage"":65.38461538461539,""eventsEntered"":0,""titles"":0,""finals"":0,""prizeMoney"":544016,""points"":0}",,,,,,,,,,,,,,83,,false,false,true,,104,18,9,3,6,1,0,0,0,0,0,0,0,9,9,estimated from season exits versus eligible schedule | 9 eligible events not entered,Rookie Pro,normal,,,true,true,false,false,0,0,0,,0,false,,mainTour,mainTour,,,true,true,
2038/39,wp-hamza-verma,Hamza Verma,35,NED,Established,Rookie Pro / Bubble,false,true,true,Playoff Route,1,2,2040/41,At Risk,,83,83,83,83,55,,,,,,,73,73,75,71,67,78,67,52,27,19,12,7,63.1578947368421,0,,,,,,,0,527,114,77,37,67.54385964912281,0,0,253508,"{""matches"":114,""wins"":77,""losses"":37,""draws"":0,""winPercentage"":67.54385964912281,""eventsEntered"":0,""titles"":0,""finals"":0,""prizeMoney"":253508,""points"":0}",,,,,,,,,,,,,,86,,false,false,true,,104,18,9,3,6,1,0,0,0,0,0,0,0,9,9,estimated from season exits versus eligible schedule | 9 eligible events not entered,Rookie Pro,normal,,,true,true,false,false,0,0,0,,0,false,,mainTour,mainTour,,,true,true,
2038/39,wp-jude-sloan,Jude Sloan,27,WAL,Established,Rookie Pro / Bubble,false,true,true,Federation Route,1,2,2040/41,At Risk,,84,84,84,84,62,,,,,,,73,74,75,72,71,83,67,25,30,10,6,4,60,0,,,,,,,0,298,127,83,44,65.35433070866141,1,0,524937,"{""matches"":127,""wins"":83,""losses"":44,""draws"":0,""winPercentage"":65.35433070866141,""eventsEntered"":0,""titles"":1,""finals"":0,""prizeMoney"":524937,""points"":0}",,,,,,,,,,,,,,89,,false,false,true,,104,18,9,3,6,1,0,0,0,0,0,0,0,9,9,estimated from season exits versus eligible schedule | 9 eligible events not entered,Rookie Pro,normal,,,true,true,false,false,0,0,0,,0,false,,mainTour,mainTour,,,true,true,
2038/39,wp-jude-sloan-a,Jude Sloan A,24,WAL,Rookie,Rookie Pro / Bubble,false,true,true,Federation Route,1,2,2040/41,At Risk,85,85,85,85,85,63,,,,,85,0,74,78,76,73,72,85,69,21,28,9,6,3,66.66666666666666,0,,,,,,,131523,818,122,84,38,68.85245901639344,0,0,487069,"{""matches"":122,""wins"":84,""losses"":38,""draws"":0,""winPercentage"":68.85245901639344,""eventsEntered"":0,""titles"":0,""finals"":0,""prizeMoney"":487069,""points"":0}",,,,,,,,,,,,,,85,,false,false,true,,104,18,9,3,6,1,0,0,0,0,0,0,0,9,9,estimated from season exits versus eligible schedule | 9 eligible events not entered,Rookie Pro,normal,,,true,true,false,false,6,11,244257,,0,false,,mainTour,mainTour,,,true,true,
2038/39,wp-jude-sloan-b,Jude Sloan B,24,WAL,Rookie,Rookie Pro / Bubble,false,true,true,Playoff Route,1,2,2040/41,At Risk,,86,86,86,86,64,,,,,,,74,78,76,72,70,80,70,54,26,20,14,6,70,0,,,,,,,0,582,133,95,38,71.42857142857143,0,0,280968,"{""matches"":133,""wins"":95,""losses"":38,""draws"":0,""winPercentage"":71.42857142857143,""eventsEntered"":0,""titles"":0,""finals"":0,""prizeMoney"":280968,""points"":0}",,,,,,,,,,,,,,90,,false,false,true,,104,18,9,3,6,1,0,0,0,0,0,0,0,9,9,estimated from season exits versus eligible schedule | 9 eligible events not entered,Rookie Pro,normal,,,true,true,false,false,0,0,0,,0,false,,mainTour,mainTour,,,true,true,
2038/39,wp-jude-sloan-c,Jude Sloan C,22,IRL,Rookie,Rookie Pro / Bubble,false,true,true,Federation Route,1,2,2040/41,At Risk,86,86,87,86,87,65,,,,,86,-1,74,78,76,72,72,85,69,21,27,9,6,3,66.66666666666666,0,,,,,,,131234,816,88,63,25,71.5909090909091,0,0,243679,"{""matches"":88,""wins"":63,""losses"":25,""draws"":0,""winPercentage"":71.5909090909091,""eventsEntered"":0,""titles"":0,""finals"":0,""prizeMoney"":243679,""points"":0}",,,,,,,,,,,,,,86,,false,false,true,,104,18,9,3,6,1,0,0,0,0,0,0,0,9,9,estimated from season exits versus eligible schedule | 9 eligible events not entered,Rookie Pro,normal,,,true,true,false,true,6,11,243679,,0,true,,mainTour,mainTour,,,true,true,
2038/39,wp-jude-sloan-d,Jude Sloan D,22,IRL,Rookie,Rookie Pro / Bubble,false,true,true,Q School,2,1,2039/40,Rookie Year 2,87,87,88,87,88,66,,,,,87,-1,77,91,79,76,75,88,69,21,28,9,6,3,66.66666666666666,0,,,,,,,130945,814,71,51,20,71.83098591549296,0,0,411335,"{""matches"":71,""wins"":51,""losses"":20,""draws"":0,""winPercentage"":71.83098591549296,""eventsEntered"":0,""titles"":0,""finals"":0,""prizeMoney"":411335,""points"":0}",,,,,,,,,,,,,,87,,false,false,true,,104,18,9,3,6,1,0,0,0,0,0,0,0,9,9,estimated from season exits versus eligible schedule | 9 eligible events not entered,Rookie Pro,normal,,,true,true,false,true,6,6,130945,,0,true,,mainTour,mainTour,,,true,true,
2038/39,wp-jude-sloan-e,Jude Sloan E,19,IRL,Rookie,Rookie Pro / Bubble,false,true,true,Federation Route,2,1,2039/40,Rookie Year 2,88,88,89,88,89,67,,,,,88,-1,78,97,80,76,76,89,69,21,26,9,6,3,66.66666666666666,0,,,,,,,130656,812,40,29,11,72.5,0,0,130656,"{""matches"":40,""wins"":29,""losses"":11,""draws"":0,""winPercentage"":72.5,""eventsEntered"":0,""titles"":0,""finals"":0,""prizeMoney"":130656,""points"":0}",,,,,,,,,,,,,,88,,false,false,true,,104,18,9,3,6,1,0,0,0,0,0,0,0,9,9,estimated from season exits versus eligible schedule | 9 eligible events not entered,Rookie Pro,normal,,,true,true,false,true,6,6,130656,,0,true,,mainTour,mainTour,,,true,true,
2038/39,wp-jude-sloan-f,Jude Sloan F,19,IRL,Rookie,Rookie Pro / Bubble,false,true,true,Playoff Route,1,2,2040/41,At Risk,,90,90,90,90,68,,,,,,,68,77,70,65,62,69,69,78,18,28,19,9,67.85714285714286,0,,,,,,,0,691,50,34,16,68,0,0,0,"{""matches"":50,""wins"":34,""losses"":16,""draws"":0,""winPercentage"":68,""eventsEntered"":0,""titles"":0,""finals"":0,""prizeMoney"":0,""points"":0}",,,,,,,,,,,,,,,,false,false,true,,104,18,9,3,6,1,0,0,0,0,0,0,0,9,9,estimated from season exits versus eligible schedule | 9 eligible events not entered,Rookie Pro,normal,,,true,true,false,false,0,0,0,,0,false,,mainTour,mainTour,,,true,true,
2038/39,wp-jude-sloan-g,Jude Sloan G,19,IRL,Rookie,Rookie Pro / Bubble,false,true,true,Playoff Route,1,2,2040/41,At Risk,,91,91,91,91,69,,,,,,,68,81,70,65,62,70,71,78,18,28,20,8,71.42857142857143,0,,,,,,,0,716,43,30,13,69.76744186046511,0,0,0,"{""matches"":43,""wins"":30,""losses"":13,""draws"":0,""winPercentage"":69.76744186046511,""eventsEntered"":0,""titles"":0,""finals"":0,""prizeMoney"":0,""points"":0}",,,,,,,,,,,,,,,,false,false,true,,104,18,9,3,6,1,0,0,0,0,0,0,0,9,9,estimated from season exits versus eligible schedule | 9 eligible events not entered,Rookie Pro,normal,,,true,true,false,false,0,0,0,,0,false,,mainTour,mainTour,,,true,true,
2038/39,wp-kai-pryce,Kai Pryce,27,AUS,Established,Rookie Pro / Bubble,false,true,true,Federation Route,1,2,2040/41,At Risk,89,89,92,89,92,70,,,,,89,-3,74,93,76,73,72,84,64,22,31,9,5,4,55.55555555555556,0,,,,,,,111867,695,108,71,37,65.74074074074075,0,0,990326,"{""matches"":108,""wins"":71,""losses"":37,""draws"":0,""winPercentage"":65.74074074074075,""eventsEntered"":0,""titles"":0,""finals"":0,""prizeMoney"":990326,""points"":0}",,,,,,,,,,,,,,89,,false,false,true,,104,18,9,3,6,1,0,0,0,0,0,0,0,9,9,estimated from season exits versus eligible schedule | 9 eligible events not entered,Rookie Pro,normal,,,true,true,false,true,5,9,205523,,0,true,random development failure,mainTour,mainTour,,,true,true,
2038/39,wp-kai-pryce-c,Kai Pryce C,24,AUS,Rookie,Rookie Pro / Bubble,false,true,true,Federation Route,1,2,2040/41,At Risk,,93,93,93,93,71,,,,,,,73,76,75,72,70,81,70,39,28,15,10,5,66.66666666666666,0,,,,,,,0,478,116,81,35,69.82758620689656,1,0,260445,"{""matches"":116,""wins"":81,""losses"":35,""draws"":0,""winPercentage"":69.82758620689656,""eventsEntered"":0,""titles"":1,""finals"":0,""prizeMoney"":260445,""points"":0}",,,,,,,,,,,,,,94,,false,false,true,,104,18,9,3,6,1,0,0,0,0,0,0,0,9,9,estimated from season exits versus eligible schedule | 9 eligible events not entered,Rookie Pro,normal,,,true,true,false,false,0,0,0,,0,false,,mainTour,mainTour,,,true,true,
2038/39,wp-kai-pryce-d,Kai Pryce D,22,CHN,Rookie,Rookie Pro / Bubble,false,true,true,Q School,2,1,2039/40,Rookie Year 2,91,91,94,91,94,72,,,,,91,-3,75,90,77,73,73,85,64,22,27,9,5,4,55.55555555555556,0,,,,,,,111289,692,80,55,25,68.75,0,0,371156,"{""matches"":80,""wins"":55,""losses"":25,""draws"":0,""winPercentage"":68.75,""eventsEntered"":0,""titles"":0,""finals"":0,""prizeMoney"":371156,""points"":0}",,,,,,,,,,,,,,91,,false,false,true,,104,18,9,3,6,1,0,0,0,0,0,0,0,9,9,estimated from season exits versus eligible schedule | 9 eligible events not entered,Rookie Pro,normal,,,true,true,false,true,5,5,111289,,0,true,,mainTour,mainTour,,,true,true,
2038/39,wp-kai-pryce-e,Kai Pryce E,22,CHN,Rookie,Rookie Pro / Bubble,false,true,true,Q School,2,1,2039/40,Rookie Year 2,92,92,95,92,95,73,,,,,92,-3,71,82,73,69,70,84,69,12,26,6,4,2,66.66666666666666,0,,,,,,,92500,575,58,37,21,63.793103448275865,0,0,296289,"{""matches"":58,""wins"":37,""losses"":21,""draws"":0,""winPercentage"":63.793103448275865,""eventsEntered"":0,""titles"":0,""finals"":0,""prizeMoney"":296289,""points"":0}",,,,,,,,,,,,,,92,,false,false,true,,104,18,9,3,6,1,0,0,0,0,0,0,0,9,9,estimated from season exits versus eligible schedule | 9 eligible events not entered,Rookie Pro,normal,,,true,true,false,true,4,4,92500,,0,true,,mainTour,mainTour,,,true,true,
2038/39,wp-kai-pryce-f,Kai Pryce F,19,CHN,Rookie,Rookie Pro / Bubble,false,true,true,Playoff Route,1,2,2040/41,At Risk,,96,96,96,96,74,,,,,,,68,78,70,65,62,70,70,72,18,26,18,8,69.23076923076923,0,,,,,,,0,680,58,41,17,70.6896551724138,0,0,0,"{""matches"":58,""wins"":41,""losses"":17,""draws"":0,""winPercentage"":70.6896551724138,""eventsEntered"":0,""titles"":0,""finals"":0,""prizeMoney"":0,""points"":0}",,,,,,,,,,,,,,,,false,false,true,,104,18,9,3,6,1,0,0,0,0,0,0,0,9,9,estimated from season exits versus eligible schedule | 9 eligible events not entered,Rookie Pro,normal,,,true,true,false,false,0,0,0,,0,false,,mainTour,mainTour,,,true,true,
2038/39,wp-luca-mercer,Luca Mercer,26,THA,Established,Rookie Pro / Bubble,false,true,true,Federation Route,1,2,2040/41,At Risk,,97,97,97,97,78,,,,,,,71,76,73,69,68,78,66,43,27,16,9,7,56.25,0,,,,,,,0,428,128,85,43,66.40625,1,0,326641,"{""matches"":128,""wins"":85,""losses"":43,""draws"":0,""winPercentage"":66.40625,""eventsEntered"":0,""titles"":1,""finals"":0,""prizeMoney"":326641,""points"":0}",,,,,,,,,,,,,,100,,false,false,true,,104,18,9,3,6,1,0,0,0,0,0,0,0,9,9,estimated from season exits versus eligible schedule | 9 eligible events not entered,Rookie Pro,normal,,,true,true,false,false,0,0,0,,0,false,,mainTour,mainTour,,,true,true,
2038/39,wp-luca-mercer-b,Luca Mercer B,24,ENG,Rookie,Rookie Pro / Bubble,false,true,true,Federation Route,1,2,2040/41,At Risk,,98,98,98,98,79,,,,,,,72,92,74,70,69,79,66,40,25,15,9,6,60,0,,,,,,,0,354,87,56,31,64.36781609195403,0,0,304671,"{""matches"":87,""wins"":56,""losses"":31,""draws"":0,""winPercentage"":64.36781609195403,""eventsEntered"":0,""titles"":0,""finals"":0,""prizeMoney"":304671,""points"":0}",,,,,,,,,,,,,,100,,false,false,true,,104,18,9,3,6,1,0,0,0,0,0,0,0,9,9,estimated from season exits versus eligible schedule | 9 eligible events not entered,Rookie Pro,normal,,,true,true,false,false,0,3,71398,,0,false,random development failure,mainTour,mainTour,,,true,true,
2038/39,wp-luca-mercer-c,Luca Mercer C,24,ENG,Rookie,Rookie Pro / Bubble,false,true,true,Playoff Route,1,2,2040/41,At Risk,,99,99,99,99,80,,,,,,,75,98,77,74,70,80,70,60,27,22,15,7,68.18181818181817,0,,,,,,,0,599,87,60,27,68.96551724137932,1,0,303515,"{""matches"":87,""wins"":60,""losses"":27,""draws"":0,""winPercentage"":68.96551724137932,""eventsEntered"":0,""titles"":1,""finals"":0,""prizeMoney"":303515,""points"":0}",,,,,,,,,,,,,,101,,false,false,true,,104,18,9,3,6,1,0,0,0,0,0,0,0,9,9,estimated from season exits versus eligible schedule | 9 eligible events not entered,Rookie Pro,normal,,,true,true,false,false,0,3,71109,,0,false,random development failure,mainTour,mainTour,,,true,true,
2038/39,wp-luca-mercer-d,Luca Mercer D,22,SCO,Rookie,Rookie Pro / Bubble,false,true,true,Q School,2,1,2039/40,Rookie Year 2,98,98,100,98,100,81,,,,,98,-2,73,89,75,71,72,86,69,12,25,6,4,2,66.66666666666666,0,,,,,,,89898,559,60,40,20,66.66666666666666,0,0,250327,"{""matches"":60,""wins"":40,""losses"":20,""draws"":0,""winPercentage"":66.66666666666666,""eventsEntered"":0,""titles"":0,""finals"":0,""prizeMoney"":250327,""points"":0}",,,,,,,,,,,,,,98,,false,false,true,,104,18,9,3,6,1,0,0,0,0,0,0,0,9,9,estimated from season exits versus eligible schedule | 9 eligible events not entered,Rookie Pro,normal,,,true,true,false,true,4,4,89898,,0,true,,mainTour,mainTour,,,true,true,
2038/39,wp-luca-mercer-e,Luca Mercer E,19,SCO,Rookie,Rookie Pro / Bubble,false,true,true,Q School,1,2,2040/41,At Risk,,101,101,101,101,82,,,,,,,68,81,70,65,62,69,72,81,18,29,22,7,75.86206896551724,0,,,,,,,0,830,59,43,16,72.88135593220339,0,0,0,"{""matches"":59,""wins"":43,""losses"":16,""draws"":0,""winPercentage"":72.88135593220339,""eventsEntered"":0,""titles"":0,""finals"":0,""prizeMoney"":0,""points"":0}",,,,,,,,,,,,,,,,false,false,true,,104,18,9,3,6,1,0,0,0,0,0,0,0,9,9,estimated from season exits versus eligible schedule | 9 eligible events not entered,Rookie Pro,normal,,,true,true,false,false,0,0,0,,0,false,,mainTour,mainTour,,,true,true,
2038/39,wp-luca-mercer-f,Luca Mercer F,19,SCO,Rookie,Rookie Pro / Bubble,false,true,true,Q School,1,2,2040/41,At Risk,,102,102,102,102,83,,,,,,,68,81,70,65,62,69,71,81,18,29,21,8,72.41379310344827,0,,,,,,,0,782,52,37,15,71.15384615384616,0,0,0,"{""matches"":52,""wins"":37,""losses"":15,""draws"":0,""winPercentage"":71.15384615384616,""eventsEntered"":0,""titles"":0,""finals"":0,""prizeMoney"":0,""points"":0}",,,,,,,,,,,,,,,,false,false,true,,104,18,9,3,6,1,0,0,0,0,0,0,0,9,9,estimated from season exits versus eligible schedule | 9 eligible events not entered,Rookie Pro,normal,,,true,true,false,false,0,0,0,,0,false,,mainTour,mainTour,,,true,true,
2038/39,wp-luca-mercer-g,Luca Mercer G,19,SCO,Rookie,Rookie Pro / Bubble,false,true,true,Federation Route,2,1,2039/40,Rookie Year 2,99,99,103,99,103,84,,,,,99,-4,74,96,76,72,73,87,69,12,24,6,4,2,66.66666666666666,0,,,,,,,89609,557,21,14,7,66.66666666666666,0,0,89609,"{""matches"":21,""wins"":14,""losses"":7,""draws"":0,""winPercentage"":66.66666666666666,""eventsEntered"":0,""titles"":0,""finals"":0,""prizeMoney"":89609,""points"":0}",,,,,,,,,,,,,,99,,false,false,true,,104,18,9,3,6,1,0,0,0,0,0,0,0,9,9,estimated from season exits versus eligible schedule | 9 eligible events not entered,Rookie Pro,normal,,,true,true,false,true,4,4,89609,,0,true,,mainTour,mainTour,,,true,true,
2038/39,wp-mika-keane,Mika Keane,26,WAL,Established,Rookie Pro / Bubble,false,true,true,Federation Route,1,2,2040/41,At Risk,,104,104,104,104,87,,,,,,,70,72,72,68,66,76,66,46,24,17,10,7,58.82352941176471,0,,,,,,,0,473,127,85,42,66.92913385826772,0,0,318835,"{""matches"":127,""wins"":85,""losses"":42,""draws"":0,""winPercentage"":66.92913385826772,""eventsEntered"":0,""titles"":0,""finals"":0,""prizeMoney"":318835,""points"":0}",,,,,,,,,,,,,,103,,false,false,true,,104,18,9,3,6,1,0,0,0,0,0,0,0,9,9,estimated from season exits versus eligible schedule | 9 eligible events not entered,Rookie Pro,normal,,,true,true,false,false,0,0,0,,0,false,,mainTour,mainTour,,,true,true,
2038/39,wp-mika-keane-a,Mika Keane A,26,WAL,Established,Rookie Pro / Bubble,false,true,true,Federation Route,1,2,2040/41,At Risk,101,101,105,101,105,88,,,,,101,-4,74,97,76,71,73,85,62,13,25,6,3,3,50,0,,,,,,,69664,433,110,76,34,69.0909090909091,0,0,458452,"{""matches"":110,""wins"":76,""losses"":34,""draws"":0,""winPercentage"":69.0909090909091,""eventsEntered"":0,""titles"":0,""finals"":0,""prizeMoney"":458452,""points"":0}",,,,,,,,,,,,,,101,,false,false,true,,104,18,9,3,6,1,0,0,0,0,0,0,0,9,9,estimated from season exits versus eligible schedule | 9 eligible events not entered,Rookie Pro,normal,,,true,true,false,true,3,7,157828,,0,true,random development failure,mainTour,mainTour,,,true,true,
2038/39,wp-mika-keane-b,Mika Keane B,24,IRL,Rookie,Rookie Pro / Bubble,false,true,true,Federation Route,1,2,2040/41,At Risk,,106,106,106,106,89,,,,,,,72,91,74,70,69,79,66,40,24,15,9,6,60,0,,,,,,,0,352,94,64,30,68.08510638297872,0,0,278656,"{""matches"":94,""wins"":64,""losses"":30,""draws"":0,""winPercentage"":68.08510638297872,""eventsEntered"":0,""titles"":0,""finals"":0,""prizeMoney"":278656,""points"":0}",,,,,,,,,,,,,,104,,false,false,true,,104,18,9,3,6,1,0,0,0,0,0,0,0,9,9,estimated from season exits versus eligible schedule | 9 eligible events not entered,Rookie Pro,normal,,,true,true,false,false,0,3,69375,,0,false,random development failure,mainTour,mainTour,,,true,true,
2038/39,wp-mika-keane-c,Mika Keane C,24,IRL,Rookie,Rookie Pro / Bubble,false,true,true,Federation Route,1,2,2040/41,At Risk,,107,107,107,107,90,,,,,,,73,97,75,71,70,80,66,40,24,15,9,6,60,0,,,,,,,0,358,86,59,27,68.6046511627907,0,0,277500,"{""matches"":86,""wins"":59,""losses"":27,""draws"":0,""winPercentage"":68.6046511627907,""eventsEntered"":0,""titles"":0,""finals"":0,""prizeMoney"":277500,""points"":0}",,,,,,,,,,,,,,105,,false,false,true,,104,18,9,3,6,1,0,0,0,0,0,0,0,9,9,estimated from season exits versus eligible schedule | 9 eligible events not entered,Rookie Pro,normal,,,true,true,false,false,0,3,69086,,0,false,random development failure,mainTour,mainTour,,,true,true,
2038/39,wp-noah-bennett-a,Noah Bennett A,26,AUS,Established,Rookie Pro / Bubble,false,true,true,Federation Route,1,2,2040/41,At Risk,107,107,108,107,108,93,,,,,107,-1,70,91,72,67,69,81,62,13,24,6,3,3,50,0,,,,,,,67352,419,102,65,37,63.725490196078425,0,0,447180,"{""matches"":102,""wins"":65,""losses"":37,""draws"":0,""winPercentage"":63.725490196078425,""eventsEntered"":0,""titles"":0,""finals"":0,""prizeMoney"":447180,""points"":0}",,,,,,,,,,,,,,107,,false,false,true,,104,18,9,3,6,1,0,0,0,0,0,0,0,9,9,estimated from season exits versus eligible schedule | 9 eligible events not entered,Rookie Pro,normal,,,true,true,false,true,3,7,152336,,0,true,random development failure,mainTour,mainTour,,,true,true,
2038/39,wp-noah-bennett-b,Noah Bennett B,23,AUS,Rookie,Rookie Pro / Bubble,false,true,true,Playoff Route,1,2,2040/41,At Risk,,109,109,109,109,94,,,,,,,69,78,71,67,65,75,71,51,22,19,14,5,73.68421052631578,0,,,,,,,0,640,97,67,30,69.0721649484536,0,0,154360,"{""matches"":97,""wins"":67,""losses"":30,""draws"":0,""winPercentage"":69.0721649484536,""eventsEntered"":0,""titles"":0,""finals"":0,""prizeMoney"":154360,""points"":0}",,,,,,,,,,,,,,110,,false,false,true,,104,18,9,3,6,1,0,0,0,0,0,0,0,9,9,estimated from season exits versus eligible schedule | 9 eligible events not entered,Rookie Pro,normal,,,true,true,false,false,0,0,0,,0,false,,mainTour,mainTour,,,true,true,
2038/39,wp-noah-bennett-c,Noah Bennett C,23,AUS,Rookie,Rookie Pro / Bubble,false,true,true,Q School,1,2,2040/41,At Risk,,110,110,110,110,95,,,,,,,69,82,71,67,65,75,71,51,22,19,14,5,73.68421052631578,0,,,,,,,0,666,104,73,31,70.1923076923077,0,0,153782,"{""matches"":104,""wins"":73,""losses"":31,""draws"":0,""winPercentage"":70.1923076923077,""eventsEntered"":0,""titles"":0,""finals"":0,""prizeMoney"":153782,""points"":0}",,,,,,,,,,,,,,111,,false,false,true,,104,18,9,3,6,1,0,0,0,0,0,0,0,9,9,estimated from season exits versus eligible schedule | 9 eligible events not entered,Rookie Pro,normal,,,true,true,false,false,0,0,0,,0,false,,mainTour,mainTour,,,true,true,
2038/39,wp-noah-bennett-d,Noah Bennett D,23,AUS,Rookie,Rookie Pro / Bubble,false,true,true,Federation Route,1,2,2040/41,At Risk,,111,111,111,111,96,,,,,,,72,97,74,70,70,82,69,30,23,12,8,4,66.66666666666666,0,,,,,,,0,346,55,34,21,61.81818181818181,0,0,306407,"{""matches"":55,""wins"":34,""losses"":21,""draws"":0,""winPercentage"":61.81818181818181,""eventsEntered"":0,""titles"":0,""finals"":0,""prizeMoney"":306407,""points"":0}",,,,,,,,,,,,,,110,,false,false,true,,104,18,9,3,6,1,0,0,0,0,0,0,0,9,9,estimated from season exits versus eligible schedule | 9 eligible events not entered,Rookie Pro,normal,,,true,true,false,false,0,4,84695,,0,false,,mainTour,mainTour,,,true,true,
2038/39,wp-noah-bennett-g,Noah Bennett G,20,AUS,Rookie,Rookie Pro / Bubble,false,true,true,Q School,2,1,2039/40,Rookie Year 2,110,110,112,110,112,97,,,,,110,-2,70,78,72,67,69,82,63,13,24,6,3,3,50,0,,,,,,,66484,413,50,35,15,70,1,0,66484,"{""matches"":50,""wins"":35,""losses"":15,""draws"":0,""winPercentage"":70,""eventsEntered"":0,""titles"":1,""finals"":0,""prizeMoney"":66484,""points"":0}",,,,,,,,,,,,,,110,,false,false,true,,104,18,9,3,6,1,0,0,0,0,0,0,0,9,9,estimated from season exits versus eligible schedule | 9 eligible events not entered,Rookie Pro,normal,,,true,true,false,true,3,3,66484,,1,true,,mainTour,mainTour,,,true,true,
2038/39,wp-rafael-ashford,Rafael Ashford,29,NED,Established,Rookie Pro / Bubble,false,true,true,Playoff Route,1,2,2040/41,At Risk,,113,113,113,113,101,,,,,,,67,67,69,65,63,72,68,55,22,20,13,7,65,0,,,,,,,0,580,147,94,53,63.94557823129252,0,0,134126,"{""matches"":147,""wins"":94,""losses"":53,""draws"":0,""winPercentage"":63.94557823129252,""eventsEntered"":0,""titles"":0,""finals"":0,""prizeMoney"":134126,""points"":0}",,,,,,,,,,,,,,110,,false,false,true,,104,18,9,3,6,1,0,0,0,0,0,0,0,9,9,estimated from season exits versus eligible schedule | 9 eligible events not entered,Rookie Pro,normal,,,true,true,false,false,0,0,0,,0,false,,mainTour,mainTour,,,true,true,
2038/39,wp-reuben-otero,Reuben Otero,29,NOR,Established,Rookie Pro / Bubble,false,true,true,Q School,1,2,2040/41,At Risk,,114,114,114,114,103,,,,,,,67,67,69,65,63,73,69,51,22,19,13,6,68.42105263157895,0,,,,,,,0,624,170,113,57,66.47058823529412,0,0,275766,"{""matches"":170,""wins"":113,""losses"":57,""draws"":0,""winPercentage"":66.47058823529412,""eventsEntered"":0,""titles"":0,""finals"":0,""prizeMoney"":275766,""points"":0}",,,,,,,,,,,,,,117,,false,false,true,,104,18,9,3,6,1,0,0,0,0,0,0,0,9,9,estimated from season exits versus eligible schedule | 9 eligible events not entered,Rookie Pro,normal,,,true,true,false,false,0,0,0,,0,false,,mainTour,mainTour,,,true,true,
2038/39,wp-rory-vale-a,Rory Vale A,26,ENG,Established,Rookie Pro / Bubble,false,true,true,Q School,2,1,2039/40,Rookie Year 2,115,115,115,115,115,105,,,,,115,0,68,86,70,65,67,78,60,16,24,7,3,4,42.857142857142854,0,,,,,,,63594,395,106,66,40,62.264150943396224,1,0,284727,"{""matches"":106,""wins"":66,""losses"":40,""draws"":0,""winPercentage"":62.264150943396224,""eventsEntered"":0,""titles"":1,""finals"":0,""prizeMoney"":284727,""points"":0}",,,,,,,,,,,,,,114,,false,false,true,,104,18,9,3,6,1,0,0,0,0,0,0,0,9,9,estimated from season exits versus eligible schedule | 9 eligible events not entered,Rookie Pro,normal,,,true,true,false,false,3,3,63594,,0,false,random development failure,mainTour,mainTour,,,true,true,
2038/39,wp-rory-vale-c,Rory Vale C,22,BEL,Rookie,Rookie Pro / Bubble,false,true,true,Q School,2,1,2039/40,Rookie Year 2,117,117,116,117,116,106,,,,,117,1,73,97,75,70,72,84,65,16,22,7,4,3,57.14285714285714,0,,,,,,,81516,507,77,54,23,70.12987012987013,0,0,191938,"{""matches"":77,""wins"":54,""losses"":23,""draws"":0,""winPercentage"":70.12987012987013,""eventsEntered"":0,""titles"":0,""finals"":0,""prizeMoney"":191938,""points"":0}",,,,,,,,,,,,,,114,,false,false,true,,104,18,9,3,6,1,0,0,0,0,0,0,0,9,9,estimated from season exits versus eligible schedule | 9 eligible events not entered,Rookie Pro,normal,,,true,true,false,false,4,4,81516,,0,false,,mainTour,mainTour,,,true,true,
2038/39,wp-rory-vale-d,Rory Vale D,22,BEL,Rookie,Rookie Pro / Bubble,false,true,true,Q School,1,2,2040/41,At Risk,,117,117,117,117,107,,,,,,,67,82,69,65,61,68,72,81,21,29,22,7,75.86206896551724,0,,,,,,,0,885,75,51,24,68,0,0,109844,"{""matches"":75,""wins"":51,""losses"":24,""draws"":0,""winPercentage"":68,""eventsEntered"":0,""titles"":0,""finals"":0,""prizeMoney"":109844,""points"":0}",,,,,,,,,,,,,,115,,false,false,true,,104,18,9,3,6,1,0,0,0,0,0,0,0,9,9,estimated from season exits versus eligible schedule | 9 eligible events not entered,Rookie Pro,normal,,,true,true,false,false,0,0,0,,0,false,,mainTour,mainTour,,,true,true,
2038/39,wp-rory-vale-e,Rory Vale E,22,BEL,Rookie,Rookie Pro / Bubble,false,true,true,Q School,2,1,2039/40,Rookie Year 2,118,118,118,118,118,108,,,,,118,0,71,95,73,68,70,82,65,16,21,7,4,3,57.14285714285714,0,,,,,,,81227,505,62,43,19,69.35483870967742,0,0,190493,"{""matches"":62,""wins"":43,""losses"":19,""draws"":0,""winPercentage"":69.35483870967742,""eventsEntered"":0,""titles"":0,""finals"":0,""prizeMoney"":190493,""points"":0}",,,,,,,,,,,,,,116,,false,false,true,,104,18,9,3,6,1,0,0,0,0,0,0,0,9,9,estimated from season exits versus eligible schedule | 9 eligible events not entered,Rookie Pro,normal,,,true,true,false,false,4,4,81227,,0,false,,mainTour,mainTour,,,true,true,
2038/39,wp-samir-petrov,Samir Petrov,29,ENG,Established,Rookie Pro / Bubble,false,true,true,Playoff Route,1,2,2040/41,At Risk,,119,119,119,119,110,,,,,,,66,66,68,64,61,71,71,57,21,21,15,6,71.42857142857143,0,,,,,,,0,652,161,106,55,65.83850931677019,0,0,252642,"{""matches"":161,""wins"":106,""losses"":55,""draws"":0,""winPercentage"":65.83850931677019,""eventsEntered"":0,""titles"":0,""finals"":0,""prizeMoney"":252642,""points"":0}",,,,,,,,,,,,,,118,,false,false,true,,104,18,9,3,6,1,0,0,0,0,0,0,0,9,9,estimated from season exits versus eligible schedule | 9 eligible events not entered,Rookie Pro,normal,,,true,true,false,false,0,0,0,,0,false,,mainTour,mainTour,,,true,true,
2038/39,wp-toby-hale-b,Toby Hale B,22,ENG,Rookie,Rookie Pro / Bubble,false,true,true,Q School,2,1,2039/40,Rookie Year 2,123,123,120,123,120,113,,,,,123,3,66,82,68,63,65,77,62,13,20,6,3,3,50,0,,,,,,,60414,376,71,48,23,67.6056338028169,0,0,165054,"{""matches"":71,""wins"":48,""losses"":23,""draws"":0,""winPercentage"":67.6056338028169,""eventsEntered"":0,""titles"":0,""finals"":0,""prizeMoney"":165054,""points"":0}",,,,,,,,,,,,,,121,,false,false,true,,104,18,9,3,6,1,0,0,0,0,0,0,0,9,9,estimated from season exits versus eligible schedule | 9 eligible events not entered,Rookie Pro,normal,,,true,true,false,false,3,3,60414,,0,false,,mainTour,mainTour,,,true,true,
2038/39,wp-toby-hale-c,Toby Hale C,22,ENG,Rookie,Rookie Pro / Bubble,false,true,true,Q School,2,1,2039/40,Rookie Year 2,124,124,121,124,121,114,,,,,124,3,68,88,70,65,67,79,62,13,20,6,3,3,50,0,,,,,,,60125,374,70,46,24,65.71428571428571,0,0,164187,"{""matches"":70,""wins"":46,""losses"":24,""draws"":0,""winPercentage"":65.71428571428571,""eventsEntered"":0,""titles"":0,""finals"":0,""prizeMoney"":164187,""points"":0}",,,,,,,,,,,,,,122,,false,false,true,,104,18,9,3,6,1,0,0,0,0,0,0,0,9,9,estimated from season exits versus eligible schedule | 9 eligible events not entered,Rookie Pro,normal,,,true,true,false,false,3,3,60125,,0,false,,mainTour,mainTour,,,true,true,
2038/39,wp-toby-hale-d,Toby Hale D,22,ENG,Rookie,Rookie Pro / Bubble,false,true,true,Q School,2,1,2039/40,Rookie Year 2,125,125,122,125,122,115,,,,,125,3,68,90,70,65,67,79,62,13,20,6,3,3,50,0,,,,,,,59836,372,62,42,20,67.74193548387096,0,0,163320,"{""matches"":62,""wins"":42,""losses"":20,""draws"":0,""winPercentage"":67.74193548387096,""eventsEntered"":0,""titles"":0,""finals"":0,""prizeMoney"":163320,""points"":0}",,,,,,,,,,,,,,123,,false,false,true,,104,18,9,3,6,1,0,0,0,0,0,0,0,9,9,estimated from season exits versus eligible schedule | 9 eligible events not entered,Rookie Pro,normal,,,true,true,false,false,3,3,59836,,0,false,,mainTour,mainTour,,,true,true,
2038/39,wp-toby-hale-e,Toby Hale E,19,ENG,Rookie,Rookie Pro / Bubble,false,true,true,Q School,1,2,2040/41,At Risk,,123,123,123,123,116,,,,,,,67,83,69,64,61,69,72,78,18,28,21,7,75,0,,,,,,,0,799,61,45,16,73.77049180327869,0,0,0,"{""matches"":61,""wins"":45,""losses"":16,""draws"":0,""winPercentage"":73.77049180327869,""eventsEntered"":0,""titles"":0,""finals"":0,""prizeMoney"":0,""points"":0}",,,,,,,,,,,,,,,,false,false,true,,104,18,9,3,6,1,0,0,0,0,0,0,0,9,9,estimated from season exits versus eligible schedule | 9 eligible events not entered,Rookie Pro,normal,,,true,true,false,false,0,0,0,,0,false,,mainTour,mainTour,,,true,true,
2038/39,wp-toby-hale-f,Toby Hale F,19,ENG,Rookie,Rookie Pro / Bubble,false,true,true,Federation Route,2,1,2039/40,Rookie Year 2,126,126,124,126,124,117,,,,,126,2,68,88,70,65,67,79,62,13,19,6,3,3,50,0,,,,,,,59547,370,31,22,9,70.96774193548387,0,0,59547,"{""matches"":31,""wins"":22,""losses"":9,""draws"":0,""winPercentage"":70.96774193548387,""eventsEntered"":0,""titles"":0,""finals"":0,""prizeMoney"":59547,""points"":0}",,,,,,,,,,,,,,126,,false,false,true,,104,18,9,3,6,1,0,0,0,0,0,0,0,9,9,estimated from season exits versus eligible schedule | 9 eligible events not entered,Rookie Pro,normal,,,true,true,false,false,3,3,59547,,0,false,,mainTour,mainTour,,,true,true,
2038/39,wp-toby-hale-g,Toby Hale G,19,ENG,Rookie,Rookie Pro / Bubble,false,true,true,Playoff Route,1,2,2040/41,At Risk,,125,125,125,125,118,,,,,,,65,71,67,62,60,69,70,66,18,24,17,7,70.83333333333334,0,,,,,,,0,654,40,27,13,67.5,0,0,0,"{""matches"":40,""wins"":27,""losses"":13,""draws"":0,""winPercentage"":67.5,""eventsEntered"":0,""titles"":0,""finals"":0,""prizeMoney"":0,""points"":0}",,,,,,,,,,,,,,,,false,false,true,,104,18,9,3,6,1,0,0,0,0,0,0,0,9,9,estimated from season exits versus eligible schedule | 9 eligible events not entered,Rookie Pro,normal,,,true,true,false,false,0,0,0,,0,false,,mainTour,mainTour,,,true,true,
2038/39,wp-ulrich-kowalski,Ulrich Kowalski,27,SWE,Established,Rookie Pro / Bubble,false,true,true,Federation Route,1,2,2040/41,At Risk,,126,126,126,126,119,,,,,,,71,74,73,70,69,81,66,25,31,10,6,4,60,0,,,,,,,0,297,130,86,44,66.15384615384615,0,0,599962,"{""matches"":130,""wins"":86,""losses"":44,""draws"":0,""winPercentage"":66.15384615384615,""eventsEntered"":0,""titles"":0,""finals"":0,""prizeMoney"":599962,""points"":0}",,,,,,,,,,,,,,74,,false,false,true,,104,18,9,3,6,1,0,0,0,0,0,0,0,9,9,estimated from season exits versus eligible schedule | 9 eligible events not entered,Rookie Pro,normal,,,true,true,false,false,0,0,0,,0,false,,mainTour,mainTour,,,true,true,
2038/39,wp-xander-rahman,Xander Rahman,34,NED,Established,Rookie Pro / Bubble,false,true,true,Q School,1,2,2040/41,At Risk,,127,127,127,127,123,,,,,,,64,64,66,62,59,70,71,51,20,19,14,5,73.68421052631578,0,,,,,,,0,657,107,66,41,61.6822429906542,0,0,119094,"{""matches"":107,""wins"":66,""losses"":41,""draws"":0,""winPercentage"":61.6822429906542,""eventsEntered"":0,""titles"":0,""finals"":0,""prizeMoney"":119094,""points"":0}",,,,,,,,,,,,,,121,,false,false,true,,104,18,9,3,6,1,0,0,0,0,0,0,0,9,9,estimated from season exits versus eligible schedule | 9 eligible events not entered,Rookie Pro,normal,,,true,true,false,false,0,0,0,,0,false,,mainTour,mainTour,,,true,true,
2038/39,wp-yusuf-barker,Yusuf Barker,30,SWE,Established,Rookie Pro / Bubble,false,true,true,Q School,1,2,2040/41,At Risk,,128,128,128,128,125,,,,,,,64,64,66,61,59,69,71,57,19,21,15,6,71.42857142857143,0,,,,,,,0,655,159,98,61,61.63522012578616,0,0,97126,"{""matches"":159,""wins"":98,""losses"":61,""draws"":0,""winPercentage"":61.63522012578616,""eventsEntered"":0,""titles"":0,""finals"":0,""prizeMoney"":97126,""points"":0}",,,,,,,,,,,,,,125,,false,false,true,,104,18,9,3,6,1,0,0,0,0,0,0,0,9,9,estimated from season exits versus eligible schedule | 9 eligible events not entered,Rookie Pro,normal,,,true,true,false,false,0,0,0,,0,false,,mainTour,mainTour,,,true,true,
2038/39,wp-adrian-ashford,Adrian Ashford,41,IND,Veteran,Amateur,false,false,false,,0,0,,Amateur,,,,,,,,,,,,,66,66,67,63,62,80,68,4,18,0,0,0,,0,,,,,,,0,0,18,13,5,72.22222222222221,0,0,0,"{""matches"":18,""wins"":13,""losses"":5,""draws"":0,""winPercentage"":72.22222222222221,""eventsEntered"":0,""titles"":0,""finals"":0,""prizeMoney"":0,""points"":0}",,,,,,,,,,,,,,,,false,false,false,,104,44,15,0,0,0,0,0,10,5,0,0,0,29,11,estimated from season exits versus eligible schedule | 29 eligible events not entered,Amateur,normal,,,false,false,false,false,0,0,0,,0,false,,amateur,amateur,,,true,true,
2038/39,wp-adrian-nakamura,Adrian Nakamura,40,THA,Veteran,Amateur,false,false,false,,0,0,,Amateur,,,,,,,,,,,,,79,82,80,79,75,96,80,1,30,0,0,0,,0,,,,,,,0,0,12,12,0,100,0,0,379406,"{""matches"":12,""wins"":12,""losses"":0,""draws"":0,""winPercentage"":100,""eventsEntered"":0,""titles"":0,""finals"":0,""prizeMoney"":379406,""points"":0}",,,,,,,,,,,,,,73,,false,false,false,,104,44,15,0,0,0,0,0,10,5,0,0,0,29,11,estimated from season exits versus eligible schedule | 29 eligible events not entered,Amateur,normal,,,false,false,false,false,0,0,0,,0,false,,amateur,amateur,,,true,true,
2038/39,wp-adrian-vos,Adrian Vos,61,WAL,Veteran,Senior Tour / Legend Circuit,false,false,false,,0,0,,Amateur,,,,,,,,,,11,,,69,69,66,67,55,76,63,37,27,1,1,0,100,1,,,,,,,0,15,58,42,16,72.41379310344827,4,0,122844,"{""matches"":58,""wins"":42,""losses"":16,""draws"":0,""winPercentage"":72.41379310344827,""eventsEntered"":0,""titles"":4,""finals"":0,""prizeMoney"":122844,""points"":0}",,,,,,,,,,,,,,125,,false,false,false,,104,14,11,0,0,0,0,0,0,0,0,0,11,3,0,estimated from season exits versus eligible schedule | 3 eligible events not entered,Senior/Legend,normal,,,false,false,false,false,0,0,0,,2,false,,amateur,senior,,,true,true,
2038/39,wp-adrian-whitaker,Adrian Whitaker,41,NIR,Veteran,Amateur,false,false,false,,0,0,,Amateur,,,,,,,,,,,,,63,63,64,59,59,76,62,4,18,0,0,0,,0,,,,,,,0,0,57,33,24,57.89473684210527,0,0,0,"{""matches"":57,""wins"":33,""losses"":24,""draws"":0,""winPercentage"":57.89473684210527,""eventsEntered"":0,""titles"":0,""finals"":0,""prizeMoney"":0,""points"":0}",,,,,,,,,,,,,,,,false,false,false,,104,44,15,0,0,0,0,0,10,5,0,0,0,29,11,estimated from season exits versus eligible schedule | 29 eligible events not entered,Amateur,normal,,,false,false,false,false,0,0,0,,0,false,,amateur,amateur,,,true,true,
2038/39,wp-adrian-yates,Adrian Yates,38,POL,Amateur,Amateur,false,false,false,,0,0,,Amateur,,,,,,,,,,,,,72,72,73,70,69,90,82,0,18,0,0,0,,0,,,,,,,0,0,14,14,0,100,0,0,0,"{""matches"":14,""wins"":14,""losses"":0,""draws"":0,""winPercentage"":100,""eventsEntered"":0,""titles"":0,""finals"":0,""prizeMoney"":0,""points"":0}",,,,,,,,,,,,,,,,false,false,false,,104,42,15,0,0,0,0,0,10,5,0,0,0,27,11,estimated from season exits versus eligible schedule | 27 eligible events not entered,Amateur,normal,,,false,false,false,false,0,0,0,,0,false,,amateur,amateur,,,true,true,
2038/39,wp-arlo-dawes-h,Arlo Dawes H,16,BEL,Youth,Amateur,false,false,false,,0,0,,Amateur,,,,,,,,,,,,,65,82,67,62,63,76,69,21,18,9,6,3,66.66666666666666,0,,,,,,,0,129,9,6,3,66.66666666666666,0,0,0,"{""matches"":9,""wins"":6,""losses"":3,""draws"":0,""winPercentage"":66.66666666666666,""eventsEntered"":0,""titles"":0,""finals"":0,""prizeMoney"":0,""points"":0}",,,,,,,,,,,,,,,,false,false,false,,104,61,10,0,0,0,0,0,5,5,0,0,0,51,16,estimated from season exits versus eligible schedule | 51 eligible events not entered,Youth,normal,,,false,false,false,false,0,0,0,,0,false,,youth,youth,,,true,true,
2038/39,wp-arlo-dawes-i,Arlo Dawes I,16,BEL,Youth,Amateur,false,false,false,,0,0,,Amateur,,,,,,,,,,,,,52,89,54,46,52,61,42,0,18,,,,,,,,,,,,,,0,0,0,0,0,0,0,"{""matches"":0,""wins"":0,""losses"":0,""draws"":0,""winPercentage"":0,""eventsEntered"":0,""titles"":0,""finals"":0,""prizeMoney"":0,""points"":0}",,,,,,,,,,,,,,,,,false,false,,104,61,10,0,0,0,0,0,5,5,0,0,0,51,16,estimated from season exits versus eligible schedule | 51 eligible events not entered,Youth,normal,,,false,false,false,false,0,0,0,,0,false,,youth,youth,,,true,true,
2038/39,wp-bailey-ashford,Bailey Ashford,60,JPN,Veteran,Amateur,false,false,false,,0,0,,Amateur,,,,,,,,,,,,,79,84,76,78,66,85,52,33,40,0,0,0,,0,,,,,,,0,0,25,20,5,80,0,0,788848,"{""matches"":25,""wins"":20,""losses"":5,""draws"":0,""winPercentage"":80,""eventsEntered"":0,""titles"":0,""finals"":0,""prizeMoney"":788848,""points"":0}",,,,,,,,,,,,,,29,,false,false,false,,104,44,15,0,0,0,0,0,10,5,0,0,0,29,11,estimated from season exits versus eligible schedule | 29 eligible events not entered,Amateur,normal,,,false,false,false,false,0,0,0,,0,false,,senior,amateur,,,true,true,
2038/39,wp-bailey-easton,Bailey Easton,33,THA,Amateur,Amateur,false,false,false,,0,0,,Amateur,,,,,,,,,,,,,62,62,64,59,61,76,63,0,18,0,0,0,,0,,,,,,,0,0,54,29,25,53.70370370370371,0,0,0,"{""matches"":54,""wins"":29,""losses"":25,""draws"":0,""winPercentage"":53.70370370370371,""eventsEntered"":0,""titles"":0,""finals"":0,""prizeMoney"":0,""points"":0}",,,,,,,,,,,,,,,,false,false,false,,104,42,15,0,0,0,0,0,10,5,0,0,0,27,11,estimated from season exits versus eligible schedule | 27 eligible events not entered,Amateur,normal,,,false,false,false,false,0,0,0,,0,false,,amateur,amateur,,,true,true,
2038/39,wp-bailey-fletcher,Bailey Fletcher,40,POL,Veteran,Amateur,false,false,false,,0,0,,Amateur,,,,,,,,,,,,,79,82,80,79,75,96,80,1,31,0,0,0,,0,,,,,,,0,0,12,12,0,100,0,0,404884,"{""matches"":12,""wins"":12,""losses"":0,""draws"":0,""winPercentage"":100,""eventsEntered"":0,""titles"":0,""finals"":0,""prizeMoney"":404884,""points"":0}",,,,,,,,,,,,,,69,,false,false,false,,104,44,15,0,0,0,0,0,10,5,0,0,0,29,11,estimated from season exits versus eligible schedule | 29 eligible events not entered,Amateur,normal,,,false,false,false,false,0,0,0,,0,false,,amateur,amateur,,,true,true,
2038/39,wp-bailey-harrington,Bailey Harrington,41,ENG,Veteran,Amateur,false,false,false,,0,0,,Amateur,,,,,,,,,,,,,72,72,73,70,68,89,79,3,18,0,0,0,,0,,,,,,,0,0,12,12,0,100,0,0,0,"{""matches"":12,""wins"":12,""losses"":0,""draws"":0,""winPercentage"":100,""eventsEntered"":0,""titles"":0,""finals"":0,""prizeMoney"":0,""points"":0}",,,,,,,,,,,,,,,,false,false,false,,104,44,15,0,0,0,0,0,10,5,0,0,0,29,11,estimated from season exits versus eligible schedule | 29 eligible events not entered,Amateur,normal,,,false,false,false,false,0,0,0,,0,false,,amateur,amateur,,,true,true,
2038/39,wp-bailey-nakamura,Bailey Nakamura,33,ESP,Amateur,Amateur,false,false,false,,0,0,,Amateur,,,,,,,,,,,,,75,78,77,76,74,91,73,0,40,0,0,0,,0,,,,,,,0,0,106,80,26,75.47169811320755,1,0,1489829,"{""matches"":106,""wins"":80,""losses"":26,""draws"":0,""winPercentage"":75.47169811320755,""eventsEntered"":0,""titles"":1,""finals"":0,""prizeMoney"":1489829,""points"":0}",,,,,,,,,,,,,,61,,false,false,false,,104,42,15,0,0,0,0,0,10,5,0,0,0,27,11,estimated from season exits versus eligible schedule | 27 eligible events not entered,Amateur,normal,,,false,false,false,false,0,0,0,,0,false,,amateur,amateur,,,true,true,
2038/39,wp-bailey-olsen,Bailey Olsen,59,ENG,Veteran,Senior Tour / Legend Circuit,false,false,false,,0,0,,Amateur,,,,,,,,,,20,,,67,68,64,62,53,69,48,50,21,6,4,2,66.66666666666666,0,,,,,,,0,151,90,66,24,73.33333333333333,0,0,160124,"{""matches"":90,""wins"":66,""losses"":24,""draws"":0,""winPercentage"":73.33333333333333,""eventsEntered"":0,""titles"":0,""finals"":0,""prizeMoney"":160124,""points"":0}",,,,,,,,,,,,,,117,,false,false,false,,104,14,11,0,0,0,0,0,0,0,0,0,11,3,0,estimated from season exits versus eligible schedule | 3 eligible events not entered,Senior/Legend,normal,,,false,false,false,false,0,0,0,,0,false,,amateur,senior,,,true,true,
2038/39,wp-bailey-tremblay,Bailey Tremblay,43,SWE,Veteran,Amateur,false,false,false,,0,0,,Amateur,,,,,,,,,,,,,75,78,75,75,70,88,67,7,39,0,0,0,,0,,,,,,,0,0,106,77,29,72.64150943396226,1,0,1339806,"{""matches"":106,""wins"":77,""losses"":29,""draws"":0,""winPercentage"":72.64150943396226,""eventsEntered"":0,""titles"":1,""finals"":0,""prizeMoney"":1339806,""points"":0}",,,,,,,,,,,,,,62,,false,false,false,,104,44,15,0,0,0,0,0,10,5,0,0,0,29,11,estimated from season exits versus eligible schedule | 29 eligible events not entered,Amateur,normal,,,false,false,false,false,0,0,0,,0,false,,senior,amateur,,,true,true,
2038/39,wp-bailey-urban,Bailey Urban,33,ENG,Amateur,Amateur,false,false,false,,0,0,,Amateur,,,,,,,,,,,,,73,76,75,72,72,88,70,0,33,0,0,0,,0,,,,,,,0,0,121,86,35,71.07438016528926,0,0,642587,"{""matches"":121,""wins"":86,""losses"":35,""draws"":0,""winPercentage"":71.07438016528926,""eventsEntered"":0,""titles"":0,""finals"":0,""prizeMoney"":642587,""points"":0}",,,,,,,,,,,,,,63,,false,false,false,,104,42,15,0,0,0,0,0,10,5,0,0,0,27,11,estimated from season exits versus eligible schedule | 27 eligible events not entered,Amateur,normal,,,false,false,false,false,0,0,0,,0,false,,amateur,amateur,,,true,true,
2038/39,wp-bartosz-ashford,Bartosz Ashford,37,PAK,Amateur,Amateur,false,false,false,,0,0,,Amateur,,,,,,,,,,,,,72,72,73,70,70,90,82,0,18,0,0,0,,0,,,,,,,0,0,14,14,0,100,0,0,0,"{""matches"":14,""wins"":14,""losses"":0,""draws"":0,""winPercentage"":100,""eventsEntered"":0,""titles"":0,""finals"":0,""prizeMoney"":0,""points"":0}",,,,,,,,,,,,,,,,false,false,false,,104,42,15,0,0,0,0,0,10,5,0,0,0,27,11,estimated from season exits versus eligible schedule | 27 eligible events not entered,Amateur,normal,,,false,false,false,false,0,0,0,,0,false,,amateur,amateur,,,true,true,
2038/39,wp-bartosz-bouchard,Bartosz Bouchard,61,CHN,Veteran,Amateur,false,false,false,,0,0,,Amateur,,,,,,,,,,,,,80,83,77,78,66,87,59,34,32,0,0,0,,0,,,,,,,0,0,12,12,0,100,0,0,435980,"{""matches"":12,""wins"":12,""losses"":0,""draws"":0,""winPercentage"":100,""eventsEntered"":0,""titles"":0,""finals"":0,""prizeMoney"":435980,""points"":0}",,,,,,,,,,,,,,63,,false,false,false,,104,44,15,0,0,0,0,0,10,5,0,0,0,29,11,estimated from season exits versus eligible schedule | 29 eligible events not entered,Amateur,normal,,,false,false,false,false,0,0,0,,0,false,,senior,amateur,,,true,true,
2038/39,wp-bartosz-kovacs,Bartosz Kovacs,35,IRL,Amateur,Amateur,false,false,false,,0,0,,Amateur,,,,,,,,,,,,,72,73,74,71,70,89,77,0,23,0,0,0,,0,,,,,,,0,0,16,14,2,87.5,0,0,197592,"{""matches"":16,""wins"":14,""losses"":2,""draws"":0,""winPercentage"":87.5,""eventsEntered"":0,""titles"":0,""finals"":0,""prizeMoney"":197592,""points"":0}",,,,,,,,,,,,,,107,,false,false,false,,104,42,15,0,0,0,0,0,10,5,0,0,0,27,11,estimated from season exits versus eligible schedule | 27 eligible events not entered,Amateur,normal,,,false,false,false,false,0,0,0,,0,false,,amateur,amateur,,,true,true,
2038/39,wp-bartosz-petrov,Bartosz Petrov,44,IRL,Veteran,Amateur,false,false,false,,0,0,,Amateur,,,,,,,,,,,,,76,79,76,76,70,90,69,8,37,0,0,0,,0,,,,,,,0,0,62,48,14,77.41935483870968,2,0,624376,"{""matches"":62,""wins"":48,""losses"":14,""draws"":0,""winPercentage"":77.41935483870968,""eventsEntered"":0,""titles"":2,""finals"":0,""prizeMoney"":624376,""points"":0}",,,,,,,,,,,,,,63,,false,false,false,,104,44,15,0,0,0,0,0,10,5,0,0,0,29,11,estimated from season exits versus eligible schedule | 29 eligible events not entered,Amateur,normal,,,false,false,false,false,0,0,0,,0,false,,senior,amateur,,,true,true,
2038/39,wp-bartosz-whitaker,Bartosz Whitaker,43,BEL,Veteran,Amateur,false,false,false,,0,0,,Amateur,,,,,,,,,,,,,69,69,69,66,64,84,71,6,18,0,0,0,,0,,,,,,,0,0,13,11,2,84.61538461538461,0,0,0,"{""matches"":13,""wins"":11,""losses"":2,""draws"":0,""winPercentage"":84.61538461538461,""eventsEntered"":0,""titles"":0,""finals"":0,""prizeMoney"":0,""points"":0}",,,,,,,,,,,,,,,,false,false,false,,104,44,15,0,0,0,0,0,10,5,0,0,0,29,11,estimated from season exits versus eligible schedule | 29 eligible events not entered,Amateur,normal,,,false,false,false,false,0,0,0,,0,false,,amateur,amateur,,,true,true,
2038/39,wp-bartosz-yates,Bartosz Yates,34,AUS,Amateur,Amateur,false,false,false,,0,0,,Amateur,,,,,,,,,,,,,72,72,74,70,71,90,82,0,18,0,0,0,,0,,,,,,,0,0,12,12,0,100,0,0,0,"{""matches"":12,""wins"":12,""losses"":0,""draws"":0,""winPercentage"":100,""eventsEntered"":0,""titles"":0,""finals"":0,""prizeMoney"":0,""points"":0}",,,,,,,,,,,,,,,,false,false,false,,104,42,15,0,0,0,0,0,10,5,0,0,0,27,11,estimated from season exits versus eligible schedule | 27 eligible events not entered,Amateur,normal,,,false,false,false,false,0,0,0,,0,false,,amateur,amateur,,,true,true,
2038/39,wp-cedric-ashford,Cedric Ashford,58,CAN,Veteran,Senior Tour / Legend Circuit,false,false,false,,0,0,,Amateur,,,,,,,,,,23,,,66,66,63,61,52,68,49,49,18,6,4,2,66.66666666666666,0,,,,,,,0,149,83,59,24,71.08433734939759,0,0,0,"{""matches"":83,""wins"":59,""losses"":24,""draws"":0,""winPercentage"":71.08433734939759,""eventsEntered"":0,""titles"":0,""finals"":0,""prizeMoney"":0,""points"":0}",,,,,,,,,,,,,,,,false,false,false,,104,14,11,0,0,0,0,0,0,0,0,0,11,3,0,estimated from season exits versus eligible schedule | 3 eligible events not entered,Senior/Legend,normal,,,false,false,false,false,0,0,0,,0,false,,amateur,senior,,,true,true,
2038/39,wp-cedric-barker,Cedric Barker,38,SWE,Amateur,Amateur,false,false,false,,0,0,,Amateur,,,,,,,,,,,,,72,72,73,70,69,90,82,0,18,0,0,0,,0,,,,,,,0,0,14,14,0,100,0,0,0,"{""matches"":14,""wins"":14,""losses"":0,""draws"":0,""winPercentage"":100,""eventsEntered"":0,""titles"":0,""finals"":0,""prizeMoney"":0,""points"":0}",,,,,,,,,,,,,,,,false,false,false,,104,42,15,0,0,0,0,0,10,5,0,0,0,27,11,estimated from season exits versus eligible schedule | 27 eligible events not entered,Amateur,normal,,,false,false,false,false,0,0,0,,0,false,,amateur,amateur,,,true,true,
2038/39,wp-cedric-easton,Cedric Easton,43,POL,Veteran,Amateur,false,false,false,,0,0,,Amateur,,,,,,,,,,,,,72,72,72,70,67,88,77,6,18,0,0,0,,0,,,,,,,0,0,12,12,0,100,0,0,0,"{""matches"":12,""wins"":12,""losses"":0,""draws"":0,""winPercentage"":100,""eventsEntered"":0,""titles"":0,""finals"":0,""prizeMoney"":0,""points"":0}",,,,,,,,,,,,,,,,false,false,false,,104,44,15,0,0,0,0,0,10,5,0,0,0,29,11,estimated from season exits versus eligible schedule | 29 eligible events not entered,Amateur,normal,,,false,false,false,false,0,0,0,,0,false,,amateur,amateur,,,true,true,
2038/39,wp-cedric-kovacs,Cedric Kovacs,56,THA,Veteran,Amateur,false,false,false,,0,0,,Amateur,,,,,,,,,,,,,72,72,70,69,61,81,64,26,18,0,0,0,,0,,,,,,,0,0,12,12,0,100,0,0,0,"{""matches"":12,""wins"":12,""losses"":0,""draws"":0,""winPercentage"":100,""eventsEntered"":0,""titles"":0,""finals"":0,""prizeMoney"":0,""points"":0}",,,,,,,,,,,,,,,,false,false,false,,104,44,15,0,0,0,0,0,10,5,0,0,0,29,11,estimated from season exits versus eligible schedule | 29 eligible events not entered,Amateur,normal,,,false,false,false,false,0,0,0,,0,false,,amateur,amateur,,,true,true,
2038/39,wp-cedric-langford,Cedric Langford,66,CAN,Veteran,Senior Tour / Legend Circuit,false,false,false,,0,0,,Amateur,,,,,,,,,,9,,,70,70,66,66,53,71,50,58,26,5,4,1,80,1,,,,,,,0,245,67,51,16,76.11940298507463,4,0,0,"{""matches"":67,""wins"":51,""losses"":16,""draws"":0,""winPercentage"":76.11940298507463,""eventsEntered"":0,""titles"":4,""finals"":0,""prizeMoney"":0,""points"":0}",,,,,,,,,,,,,,,,false,false,false,,104,14,11,0,0,0,0,0,0,0,0,0,11,3,0,estimated from season exits versus eligible schedule | 3 eligible events not entered,Senior/Legend,normal,,,false,false,false,false,0,0,0,,1,false,,amateur,senior,,,true,true,
2038/39,wp-cedric-yates,Cedric Yates,63,NIR,Veteran,Senior Tour / Legend Circuit,false,false,false,,0,0,,Amateur,,,,,,,,,,10,,,75,77,71,73,59,77,55,56,36,6,5,1,83.33333333333334,0,,,,,,,0,186,50,39,11,78,5,0,304274,"{""matches"":50,""wins"":39,""losses"":11,""draws"":0,""winPercentage"":78,""eventsEntered"":0,""titles"":5,""finals"":0,""prizeMoney"":304274,""points"":0}",,,,,,,,,,,,,,92,,false,false,false,,104,14,11,0,0,0,0,0,0,0,0,0,11,3,0,estimated from season exits versus eligible schedule | 3 eligible events not entered,Senior/Legend,normal,,,false,false,false,false,0,0,0,,0,false,,amateur,senior,,,true,true,
2038/39,wp-connor-drayton,Connor Drayton,57,SCO,Veteran,Amateur,false,false,false,,0,0,,Amateur,,,,,,,,,,,,,76,78,73,74,64,85,63,28,25,0,0,0,,0,,,,,,,0,0,12,12,0,100,0,0,269542,"{""matches"":12,""wins"":12,""losses"":0,""draws"":0,""winPercentage"":100,""eventsEntered"":0,""titles"":0,""finals"":0,""prizeMoney"":269542,""points"":0}",,,,,,,,,,,,,,95,,false,false,false,,104,44,15,0,0,0,0,0,10,5,0,0,0,29,11,estimated from season exits versus eligible schedule | 29 eligible events not entered,Amateur,normal,,,false,false,false,false,0,0,0,,0,false,,amateur,amateur,,,true,true,
2038/39,wp-connor-iqbal,Connor Iqbal,37,BEL,Amateur,Amateur,false,false,false,,0,0,,Amateur,,,,,,,,,,,,,72,72,73,70,70,90,82,0,18,0,0,0,,0,,,,,,,0,0,12,12,0,100,0,0,0,"{""matches"":12,""wins"":12,""losses"":0,""draws"":0,""winPercentage"":100,""eventsEntered"":0,""titles"":0,""finals"":0,""prizeMoney"":0,""points"":0}",,,,,,,,,,,,,,,,false,false,false,,104,42,15,0,0,0,0,0,10,5,0,0,0,27,11,estimated from season exits versus eligible schedule | 27 eligible events not entered,Amateur,normal,,,false,false,false,false,0,0,0,,0,false,,amateur,amateur,,,true,true,
2038/39,wp-connor-mendoza,Connor Mendoza,59,NOR,Veteran,Amateur,false,false,false,,0,0,,Amateur,,,,,,,,,,,,,82,88,79,82,69,87,51,32,51,0,0,0,,0,,,,,,,0,0,61,42,19,68.85245901639344,2,0,1258819,"{""matches"":61,""wins"":42,""losses"":19,""draws"":0,""winPercentage"":68.85245901639344,""eventsEntered"":0,""titles"":2,""finals"":0,""prizeMoney"":1258819,""points"":0}",,,,,,,,,,,,,,3,,false,false,false,,104,44,15,0,0,0,0,0,10,5,0,0,0,29,11,estimated from season exits versus eligible schedule | 29 eligible events not entered,Amateur,normal,,,false,false,false,false,0,0,0,,0,false,,senior,amateur,,,true,true,
2038/39,wp-connor-otero,Connor Otero,56,IRL,Veteran,Amateur,false,false,false,,0,0,,Amateur,,,,,,,,,,,,,74,77,72,71,63,81,53,27,31,0,0,0,,0,,,,,,,0,0,38,28,10,73.68421052631578,0,0,326929,"{""matches"":38,""wins"":28,""losses"":10,""draws"":0,""winPercentage"":73.68421052631578,""eventsEntered"":0,""titles"":0,""finals"":0,""prizeMoney"":326929,""points"":0}",,,,,,,,,,,,,,66,,false,false,false,,104,44,15,0,0,0,0,0,10,5,0,0,0,29,11,estimated from season exits versus eligible schedule | 29 eligible events not entered,Amateur,normal,,,false,false,false,false,0,0,0,,0,false,,amateur,amateur,,,true,true,
2038/39,wp-connor-verma,Connor Verma,43,BEL,Veteran,Amateur,false,false,false,,0,0,,Amateur,,,,,,,,,,,,,65,65,65,62,60,78,65,7,18,0,0,0,,0,,,,,,,0,0,39,27,12,69.23076923076923,0,0,0,"{""matches"":39,""wins"":27,""losses"":12,""draws"":0,""winPercentage"":69.23076923076923,""eventsEntered"":0,""titles"":0,""finals"":0,""prizeMoney"":0,""points"":0}",,,,,,,,,,,,,,,,false,false,false,,104,44,15,0,0,0,0,0,10,5,0,0,0,29,11,estimated from season exits versus eligible schedule | 29 eligible events not entered,Amateur,normal,,,false,false,false,false,0,0,0,,0,false,,amateur,amateur,,,true,true,
2038/39,wp-connor-whitaker,Connor Whitaker,41,AUS,Veteran,Amateur,false,false,false,,0,0,,Amateur,,,,,,,,,,,,,72,72,73,70,68,89,79,3,18,0,0,0,,0,,,,,,,0,0,14,14,0,100,0,0,0,"{""matches"":14,""wins"":14,""losses"":0,""draws"":0,""winPercentage"":100,""eventsEntered"":0,""titles"":0,""finals"":0,""prizeMoney"":0,""points"":0}",,,,,,,,,,,,,,,,false,false,false,,104,44,15,0,0,0,0,0,10,5,0,0,0,29,11,estimated from season exits versus eligible schedule | 29 eligible events not entered,Amateur,normal,,,false,false,false,false,0,0,0,,0,false,,amateur,amateur,,,true,true,
2038/39,wp-dario-ashford,Dario Ashford,41,SWE,Veteran,Amateur,false,false,false,,0,0,,Amateur,,,,,,,,,,,,,75,75,76,75,71,93,83,2,26,0,0,0,,0,,,,,,,0,0,14,14,0,100,4,0,0,"{""matches"":14,""wins"":14,""losses"":0,""draws"":0,""winPercentage"":100,""eventsEntered"":0,""titles"":4,""finals"":0,""prizeMoney"":0,""points"":0}",,,,,,,,,,,,,,,,false,false,false,,104,44,15,0,0,0,0,0,10,5,0,0,0,29,11,estimated from season exits versus eligible schedule | 29 eligible events not entered,Amateur,normal,,,false,false,false,false,0,0,0,,0,false,,amateur,amateur,,,true,true,
2038/39,wp-dario-petrov,Dario Petrov,44,WAL,Veteran,Amateur,false,false,false,,0,0,,Amateur,,,,,,,,,,,,,78,80,78,77,73,93,76,7,29,0,0,0,,0,,,,,,,0,0,12,12,0,100,0,0,335438,"{""matches"":12,""wins"":12,""losses"":0,""draws"":0,""winPercentage"":100,""eventsEntered"":0,""titles"":0,""finals"":0,""prizeMoney"":335438,""points"":0}",,,,,,,,,,,,,,79,,false,false,false,,104,44,15,0,0,0,0,0,10,5,0,0,0,29,11,estimated from season exits versus eligible schedule | 29 eligible events not entered,Amateur,normal,,,false,false,false,false,0,0,0,,0,false,,amateur,amateur,,,true,true,
2038/39,wp-dario-whitaker,Dario Whitaker,37,THA,Amateur,Amateur,false,false,false,,0,0,,Amateur,,,,,,,,,,,,,72,72,73,70,70,90,82,0,18,0,0,0,,0,,,,,,,0,0,12,12,0,100,0,0,0,"{""matches"":12,""wins"":12,""losses"":0,""draws"":0,""winPercentage"":100,""eventsEntered"":0,""titles"":0,""finals"":0,""prizeMoney"":0,""points"":0}",,,,,,,,,,,,,,,,false,false,false,,104,42,15,0,0,0,0,0,10,5,0,0,0,27,11,estimated from season exits versus eligible schedule | 27 eligible events not entered,Amateur,normal,,,false,false,false,false,0,0,0,,0,false,,amateur,amateur,,,true,true,
2038/39,wp-dario-yates,Dario Yates,34,CAN,Amateur,Amateur,false,false,false,,0,0,,Amateur,,,,,,,,,,,,,72,72,74,70,71,90,82,0,18,0,0,0,,0,,,,,,,0,0,14,14,0,100,0,0,0,"{""matches"":14,""wins"":14,""losses"":0,""draws"":0,""winPercentage"":100,""eventsEntered"":0,""titles"":0,""finals"":0,""prizeMoney"":0,""points"":0}",,,,,,,,,,,,,,,,false,false,false,,104,42,15,0,0,0,0,0,10,5,0,0,0,27,11,estimated from season exits versus eligible schedule | 27 eligible events not entered,Amateur,normal,,,false,false,false,false,0,0,0,,0,false,,amateur,amateur,,,true,true,
2038/39,wp-dylan-ashford,Dylan Ashford,38,BRA,Amateur,Amateur,false,false,false,,0,0,,Amateur,,,,,,,,,,,,,72,72,73,70,69,90,82,0,18,0,0,0,,0,,,,,,,0,0,8,8,0,100,0,0,0,"{""matches"":8,""wins"":8,""losses"":0,""draws"":0,""winPercentage"":100,""eventsEntered"":0,""titles"":0,""finals"":0,""prizeMoney"":0,""points"":0}",,,,,,,,,,,,,,,,false,false,false,,104,42,15,0,0,0,0,0,10,5,0,0,0,27,11,estimated from season exits versus eligible schedule | 27 eligible events not entered,Amateur,normal,,,false,false,false,false,0,0,0,,0,false,,amateur,amateur,,,true,true,
2038/39,wp-dylan-caldwell,Dylan Caldwell,35,SCO,Amateur,Amateur,false,false,false,,0,0,,Amateur,,,,,,,,,,,,,72,72,74,70,70,90,82,0,18,0,0,0,,0,,,,,,,0,0,14,14,0,100,0,0,0,"{""matches"":14,""wins"":14,""losses"":0,""draws"":0,""winPercentage"":100,""eventsEntered"":0,""titles"":0,""finals"":0,""prizeMoney"":0,""points"":0}",,,,,,,,,,,,,,,,false,false,false,,104,42,15,0,0,0,0,0,10,5,0,0,0,27,11,estimated from season exits versus eligible schedule | 27 eligible events not entered,Amateur,normal,,,false,false,false,false,0,0,0,,0,false,,amateur,amateur,,,true,true,
2038/39,wp-dylan-drayton,Dylan Drayton,34,BEL,Amateur,Amateur,false,false,false,,0,0,,Amateur,,,,,,,,,,,,,72,72,74,70,71,90,82,0,18,0,0,0,,0,,,,,,,0,0,10,10,0,100,0,0,0,"{""matches"":10,""wins"":10,""losses"":0,""draws"":0,""winPercentage"":100,""eventsEntered"":0,""titles"":0,""finals"":0,""prizeMoney"":0,""points"":0}",,,,,,,,,,,,,,,,false,false,false,,104,42,15,0,0,0,0,0,10,5,0,0,0,27,11,estimated from season exits versus eligible schedule | 27 eligible events not entered,Amateur,normal,,,false,false,false,false,0,0,0,,0,false,,amateur,amateur,,,true,true,
2038/39,wp-dylan-lombardi,Dylan Lombardi,35,BEL,Amateur,Amateur,false,false,false,,0,0,,Amateur,,,,,,,,,,,,,79,82,81,79,77,97,82,0,31,0,0,0,,0,,,,,,,0,0,12,12,0,100,0,0,388412,"{""matches"":12,""wins"":12,""losses"":0,""draws"":0,""winPercentage"":100,""eventsEntered"":0,""titles"":0,""finals"":0,""prizeMoney"":388412,""points"":0}",,,,,,,,,,,,,,70,,false,false,false,,104,42,15,0,0,0,0,0,10,5,0,0,0,27,11,estimated from season exits versus eligible schedule | 27 eligible events not entered,Amateur,normal,,,false,false,false,false,0,0,0,,0,false,,amateur,amateur,,,true,true,
2038/39,wp-dylan-madsen,Dylan Madsen,37,ITA,Amateur,Amateur,false,false,false,,0,0,,Amateur,,,,,,,,,,,,,72,72,73,70,70,90,82,0,18,0,0,0,,0,,,,,,,0,0,12,12,0,100,0,0,0,"{""matches"":12,""wins"":12,""losses"":0,""draws"":0,""winPercentage"":100,""eventsEntered"":0,""titles"":0,""finals"":0,""prizeMoney"":0,""points"":0}",,,,,,,,,,,,,,,,false,false,false,,104,42,15,0,0,0,0,0,10,5,0,0,0,27,11,estimated from season exits versus eligible schedule | 27 eligible events not entered,Amateur,normal,,,false,false,false,false,0,0,0,,0,false,,amateur,amateur,,,true,true,
2038/39,wp-dylan-tanaka,Dylan Tanaka,35,ITA,Amateur,Amateur,false,false,false,,0,0,,Amateur,,,,,,,,,,,,,73,73,75,72,71,91,82,0,20,0,0,0,,0,,,,,,,0,0,12,12,0,100,0,0,143876,"{""matches"":12,""wins"":12,""losses"":0,""draws"":0,""winPercentage"":100,""eventsEntered"":0,""titles"":0,""finals"":0,""prizeMoney"":143876,""points"":0}",,,,,,,,,,,,,,121,,false,false,false,,104,42,15,0,0,0,0,0,10,5,0,0,0,27,11,estimated from season exits versus eligible schedule | 27 eligible events not entered,Amateur,normal,,,false,false,false,false,0,0,0,,0,false,,amateur,amateur,,,true,true,
2038/39,wp-dylan-tremblay,Dylan Tremblay,41,NOR,Veteran,Amateur,false,false,false,,0,0,,Amateur,,,,,,,,,,,,,71,71,72,69,67,87,77,3,18,0,0,0,,0,,,,,,,0,0,17,16,1,94.11764705882352,0,0,0,"{""matches"":17,""wins"":16,""losses"":1,""draws"":0,""winPercentage"":94.11764705882352,""eventsEntered"":0,""titles"":0,""finals"":0,""prizeMoney"":0,""points"":0}",,,,,,,,,,,,,,,,false,false,false,,104,44,15,0,0,0,0,0,10,5,0,0,0,29,11,estimated from season exits versus eligible schedule | 29 eligible events not entered,Amateur,normal,,,false,false,false,false,0,0,0,,0,false,,amateur,amateur,,,true,true,
2038/39,wp-dylan-yates,Dylan Yates,43,CHN,Veteran,Amateur,false,false,false,,0,0,,Amateur,,,,,,,,,,,,,72,72,72,70,67,88,77,6,18,0,0,0,,0,,,,,,,0,0,8,8,0,100,0,0,0,"{""matches"":8,""wins"":8,""losses"":0,""draws"":0,""winPercentage"":100,""eventsEntered"":0,""titles"":0,""finals"":0,""prizeMoney"":0,""points"":0}",,,,,,,,,,,,,,,,false,false,false,,104,44,15,0,0,0,0,0,10,5,0,0,0,29,11,estimated from season exits versus eligible schedule | 29 eligible events not entered,Amateur,normal,,,false,false,false,false,0,0,0,,0,false,,amateur,amateur,,,true,true,
2038/39,wp-emil-barker,Emil Barker,43,ESP,Veteran,Amateur,false,false,false,,0,0,,Amateur,,,,,,,,,,,,,72,72,72,70,67,88,77,6,18,0,0,0,,0,,,,,,,0,0,8,8,0,100,0,0,0,"{""matches"":8,""wins"":8,""losses"":0,""draws"":0,""winPercentage"":100,""eventsEntered"":0,""titles"":0,""finals"":0,""prizeMoney"":0,""points"":0}",,,,,,,,,,,,,,,,false,false,false,,104,44,15,0,0,0,0,0,10,5,0,0,0,29,11,estimated from season exits versus eligible schedule | 29 eligible events not entered,Amateur,normal,,,false,false,false,false,0,0,0,,0,false,,amateur,amateur,,,true,true,
2038/39,wp-emil-caldwell,Emil Caldwell,67,WAL,Veteran,Senior Tour / Legend Circuit,false,false,false,,0,0,,Amateur,,,,,,,,,,1,,,71,71,66,64,54,66,16,50,24,1,0,1,0,0,,,,,,,0,24,72,61,11,84.72222222222221,3,0,0,"{""matches"":72,""wins"":61,""losses"":11,""draws"":0,""winPercentage"":84.72222222222221,""eventsEntered"":0,""titles"":3,""finals"":0,""prizeMoney"":0,""points"":0}",,,,,,,,,,,,,,,,false,false,false,,104,14,11,0,0,0,0,0,0,0,0,0,11,3,0,estimated from season exits versus eligible schedule | 3 eligible events not entered,Senior/Legend,normal,,,false,false,false,false,0,0,0,,0,false,,amateur,senior,,,true,true,
2038/39,wp-emil-drayton,Emil Drayton,35,GER,Amateur,Amateur,false,false,false,,0,0,,Amateur,,,,,,,,,,,,,72,72,74,70,70,90,82,0,18,0,0,0,,0,,,,,,,0,0,8,8,0,100,0,0,0,"{""matches"":8,""wins"":8,""losses"":0,""draws"":0,""winPercentage"":100,""eventsEntered"":0,""titles"":0,""finals"":0,""prizeMoney"":0,""points"":0}",,,,,,,,,,,,,,,,false,false,false,,104,42,15,0,0,0,0,0,10,5,0,0,0,27,11,estimated from season exits versus eligible schedule | 27 eligible events not entered,Amateur,normal,,,false,false,false,false,0,0,0,,0,false,,amateur,amateur,,,true,true,
2038/39,wp-emil-easton,Emil Easton,40,THA,Veteran,Amateur,false,false,false,,0,0,,Amateur,,,,,,,,,,,,,72,72,73,70,68,89,80,1,18,0,0,0,,0,,,,,,,0,0,10,10,0,100,0,0,0,"{""matches"":10,""wins"":10,""losses"":0,""draws"":0,""winPercentage"":100,""eventsEntered"":0,""titles"":0,""finals"":0,""prizeMoney"":0,""points"":0}",,,,,,,,,,,,,,,,false,false,false,,104,44,15,0,0,0,0,0,10,5,0,0,0,29,11,estimated from season exits versus eligible schedule | 29 eligible events not entered,Amateur,normal,,,false,false,false,false,0,0,0,,0,false,,amateur,amateur,,,true,true,
2038/39,wp-emil-forster,Emil Forster,43,CAN,Veteran,Amateur,false,false,false,,0,0,,Amateur,,,,,,,,,,,,,72,72,72,70,67,88,77,6,18,0,0,0,,0,,,,,,,0,0,12,12,0,100,0,0,0,"{""matches"":12,""wins"":12,""losses"":0,""draws"":0,""winPercentage"":100,""eventsEntered"":0,""titles"":0,""finals"":0,""prizeMoney"":0,""points"":0}",,,,,,,,,,,,,,,,false,false,false,,104,44,15,0,0,0,0,0,10,5,0,0,0,29,11,estimated from season exits versus eligible schedule | 29 eligible events not entered,Amateur,normal,,,false,false,false,false,0,0,0,,0,false,,amateur,amateur,,,true,true,
2038/39,wp-emil-grimaldi,Emil Grimaldi,37,SWE,Amateur,Amateur,false,false,false,,0,0,,Amateur,,,,,,,,,,,,,72,72,73,70,70,90,82,0,18,0,0,0,,0,,,,,,,0,0,12,12,0,100,0,0,0,"{""matches"":12,""wins"":12,""losses"":0,""draws"":0,""winPercentage"":100,""eventsEntered"":0,""titles"":0,""finals"":0,""prizeMoney"":0,""points"":0}",,,,,,,,,,,,,,,,false,false,false,,104,42,15,0,0,0,0,0,10,5,0,0,0,27,11,estimated from season exits versus eligible schedule | 27 eligible events not entered,Amateur,normal,,,false,false,false,false,0,0,0,,0,false,,amateur,amateur,,,true,true,
2038/39,wp-emil-iqbal,Emil Iqbal,37,ESP,Amateur,Amateur,false,false,false,,0,0,,Amateur,,,,,,,,,,,,,74,75,75,73,72,92,82,0,23,0,0,0,,0,,,,,,,0,0,12,12,0,100,0,0,207818,"{""matches"":12,""wins"":12,""losses"":0,""draws"":0,""winPercentage"":100,""eventsEntered"":0,""titles"":0,""finals"":0,""prizeMoney"":207818,""points"":0}",,,,,,,,,,,,,,108,,false,false,false,,104,42,15,0,0,0,0,0,10,5,0,0,0,27,11,estimated from season exits versus eligible schedule | 27 eligible events not entered,Amateur,normal,,,false,false,false,false,0,0,0,,0,false,,amateur,amateur,,,true,true,
2038/39,wp-emil-mendoza,Emil Mendoza,38,JPN,Amateur,Amateur,false,false,false,,0,0,,Amateur,,,,,,,,,,,,,73,76,74,72,70,89,71,0,32,0,0,0,,0,,,,,,,0,0,56,40,16,71.42857142857143,0,0,571188,"{""matches"":56,""wins"":40,""losses"":16,""draws"":0,""winPercentage"":71.42857142857143,""eventsEntered"":0,""titles"":0,""finals"":0,""prizeMoney"":571188,""points"":0}",,,,,,,,,,,,,,70,,false,false,false,,104,42,15,0,0,0,0,0,10,5,0,0,0,27,11,estimated from season exits versus eligible schedule | 27 eligible events not entered,Amateur,normal,,,false,false,false,false,0,0,0,,0,false,,amateur,amateur,,,true,true,
2038/39,wp-emil-tremblay,Emil Tremblay,30,SWE,Amateur,Amateur,false,false,false,,0,0,,Amateur,,,,,,,39,,,,,,74,77,76,73,72,83,61,22,37,9,4,5,44.44444444444444,0,,,,,,,0,193,143,106,37,74.12587412587412,1,0,1241235,"{""matches"":143,""wins"":106,""losses"":37,""draws"":0,""winPercentage"":74.12587412587412,""eventsEntered"":0,""titles"":1,""finals"":0,""prizeMoney"":1241235,""points"":0}",,,,,,,,,,,,,,71,,false,false,false,,104,42,15,0,0,0,0,0,10,5,0,0,0,27,11,estimated from season exits versus eligible schedule | 27 eligible events not entered,Amateur,normal,,,false,false,false,false,0,0,0,,0,false,,amateur,amateur,,,true,true,
2038/39,wp-emil-urban,Emil Urban,34,ENG,Amateur,Amateur,false,false,false,,0,0,,Amateur,,,,,,,,,,,,,72,75,74,71,71,87,69,0,30,0,0,0,,0,,,,,,,0,0,101,69,32,68.31683168316832,0,0,298890,"{""matches"":101,""wins"":69,""losses"":32,""draws"":0,""winPercentage"":68.31683168316832,""eventsEntered"":0,""titles"":0,""finals"":0,""prizeMoney"":298890,""points"":0}",,,,,,,,,,,,,,73,,false,false,false,,104,42,15,0,0,0,0,0,10,5,0,0,0,27,11,estimated from season exits versus eligible schedule | 27 eligible events not entered,Amateur,normal,,,false,false,false,false,0,0,0,,0,false,,amateur,amateur,,,true,true,
2038/39,wp-euan-ashford,Euan Ashford,35,ITA,Amateur,Amateur,false,false,false,,0,0,,Amateur,,,,,,,,,,,,,70,70,72,68,68,87,78,0,18,0,0,0,,0,,,,,,,0,0,19,17,2,89.47368421052632,0,0,0,"{""matches"":19,""wins"":17,""losses"":2,""draws"":0,""winPercentage"":89.47368421052632,""eventsEntered"":0,""titles"":0,""finals"":0,""prizeMoney"":0,""points"":0}",,,,,,,,,,,,,,,,false,false,false,,104,42,15,0,0,0,0,0,10,5,0,0,0,27,11,estimated from season exits versus eligible schedule | 27 eligible events not entered,Amateur,normal,,,false,false,false,false,0,0,0,,0,false,,amateur,amateur,,,true,true,
2038/39,wp-euan-barker,Euan Barker,37,SCO,Amateur,Amateur,false,false,false,,0,0,,Amateur,,,,,,,,,,,,,72,72,73,70,70,90,82,0,18,0,0,0,,0,,,,,,,0,0,10,10,0,100,0,0,0,"{""matches"":10,""wins"":10,""losses"":0,""draws"":0,""winPercentage"":100,""eventsEntered"":0,""titles"":0,""finals"":0,""prizeMoney"":0,""points"":0}",,,,,,,,,,,,,,,,false,false,false,,104,42,15,0,0,0,0,0,10,5,0,0,0,27,11,estimated from season exits versus eligible schedule | 27 eligible events not entered,Amateur,normal,,,false,false,false,false,0,0,0,,0,false,,amateur,amateur,,,true,true,
2038/39,wp-euan-davenport,Euan Davenport,37,IRL,Amateur,Amateur,false,false,false,,0,0,,Amateur,,,,,,,,,,,,,79,82,80,80,77,97,82,0,32,0,0,0,,0,,,,,,,0,0,12,12,0,100,0,0,423942,"{""matches"":12,""wins"":12,""losses"":0,""draws"":0,""winPercentage"":100,""eventsEntered"":0,""titles"":0,""finals"":0,""prizeMoney"":423942,""points"":0}",,,,,,,,,,,,,,66,,false,false,false,,104,42,15,0,0,0,0,0,10,5,0,0,0,27,11,estimated from season exits versus eligible schedule | 27 eligible events not entered,Amateur,normal,,,false,false,false,false,0,0,0,,0,false,,amateur,amateur,,,true,true,
2038/39,wp-euan-janssen,Euan Janssen,67,CHN,Veteran,Senior Tour / Legend Circuit,false,false,false,,0,0,,Amateur,,,,,,,,,,2,,,72,72,67,69,54,72,51,62,28,6,5,1,83.33333333333334,0,,,,,,,0,194,68,58,10,85.29411764705883,5,0,0,"{""matches"":68,""wins"":58,""losses"":10,""draws"":0,""winPercentage"":85.29411764705883,""eventsEntered"":0,""titles"":5,""finals"":0,""prizeMoney"":0,""points"":0}",,,,,,,,,,,,,,,,false,false,false,,104,14,11,0,0,0,0,0,0,0,0,0,11,3,0,estimated from season exits versus eligible schedule | 3 eligible events not entered,Senior/Legend,normal,,,false,false,false,false,0,0,0,,1,false,,amateur,senior,,,true,true,
2038/39,wp-euan-kovacs,Euan Kovacs,33,BRA,Amateur,Amateur,false,false,false,,0,0,,Amateur,,,,,,,,,,,,,62,62,64,59,61,76,64,0,18,0,0,0,,0,,,,,,,0,0,57,31,26,54.385964912280706,0,0,0,"{""matches"":57,""wins"":31,""losses"":26,""draws"":0,""winPercentage"":54.385964912280706,""eventsEntered"":0,""titles"":0,""finals"":0,""prizeMoney"":0,""points"":0}",,,,,,,,,,,,,,,,false,false,false,,104,42,15,0,0,0,0,0,10,5,0,0,0,27,11,estimated from season exits versus eligible schedule | 27 eligible events not entered,Amateur,normal,,,false,false,false,false,0,0,0,,0,false,,amateur,amateur,,,true,true,
2038/39,wp-euan-madsen,Euan Madsen,38,NOR,Amateur,Q School,false,false,false,,0,0,,Amateur,,,,,,,29,20,25,,,,69,70,70,66,65,78,59,21,22,7,3,4,42.857142857142854,0,,,,,,,0,134,19,15,4,78.94736842105263,0,0,195800,"{""matches"":19,""wins"":15,""losses"":4,""draws"":0,""winPercentage"":78.94736842105263,""eventsEntered"":0,""titles"":0,""finals"":0,""prizeMoney"":195800,""points"":0}",,,,,,,,,,,,,,112,,false,false,false,,104,42,4,0,0,0,0,0,0,4,0,0,0,38,22,estimated from season exits versus eligible schedule | 38 eligible events not entered,Q School,normal,,,false,false,false,false,0,0,0,,0,false,,qTour,qSchool,,,true,true,
2038/39,wp-euan-petrov,Euan Petrov,44,AUS,Veteran,Amateur,false,false,false,,0,0,,Amateur,,,,,,,,,,,,,72,75,72,71,66,85,64,8,33,0,0,0,,0,,,,,,,0,0,111,79,32,71.17117117117117,0,0,900140,"{""matches"":111,""wins"":79,""losses"":32,""draws"":0,""winPercentage"":71.17117117117117,""eventsEntered"":0,""titles"":0,""finals"":0,""prizeMoney"":900140,""points"":0}",,,,,,,,,,,,,,73,,false,false,false,,104,44,15,0,0,0,0,0,10,5,0,0,0,29,11,estimated from season exits versus eligible schedule | 29 eligible events not entered,Amateur,normal,,,false,false,false,false,0,0,0,,0,false,,amateur,amateur,,,true,true,
2038/39,wp-euan-rahman,Euan Rahman,37,PAK,Amateur,Amateur,false,false,false,,0,0,,Amateur,,,,,,,,,,,,,72,75,73,72,70,87,69,0,34,0,0,0,,0,,,,,,,0,0,123,84,39,68.29268292682927,0,0,1047561,"{""matches"":123,""wins"":84,""losses"":39,""draws"":0,""winPercentage"":68.29268292682927,""eventsEntered"":0,""titles"":0,""finals"":0,""prizeMoney"":1047561,""points"":0}",,,,,,,,,,,,,,74,,false,false,false,,104,42,15,0,0,0,0,0,10,5,0,0,0,27,11,estimated from season exits versus eligible schedule | 27 eligible events not entered,Amateur,normal,,,false,false,false,false,0,0,0,,0,false,,amateur,amateur,,,true,true,
2038/39,wp-euan-yates,Euan Yates,32,BRA,Amateur,Amateur,false,false,false,,0,0,,Amateur,70,70,,70,,,,,,,70,,71,74,73,70,69,82,67,19,32,8,5,3,62.5,0,,,,,,,120250,748,132,86,46,65.15151515151516,0,0,555289,"{""matches"":132,""wins"":86,""losses"":46,""draws"":0,""winPercentage"":65.15151515151516,""eventsEntered"":0,""titles"":0,""finals"":0,""prizeMoney"":555289,""points"":0}",,,,,,,,,,,,,,70,,false,false,false,,104,42,15,0,0,0,0,0,10,5,0,0,0,27,11,estimated from season exits versus eligible schedule | 27 eligible events not entered,Amateur,normal,,,false,false,false,false,5,11,259289,,0,false,,amateur,amateur,,,true,true,
2038/39,wp-evan-mori-b,Evan Mori B,24,CHN,Amateur,Q Tour,false,false,false,,0,0,,Amateur,,,,,,,27,28,,,,,71,77,73,69,69,80,62,25,31,10,5,5,50,0,,,,,,,0,226,101,67,34,66.33663366336634,0,0,592289,"{""matches"":101,""wins"":67,""losses"":34,""draws"":0,""winPercentage"":66.33663366336634,""eventsEntered"":0,""titles"":0,""finals"":0,""prizeMoney"":592289,""points"":0}",,,,,,,,,,,,,,74,,false,false,false,,104,42,7,0,0,0,0,0,2,5,0,0,0,35,19,estimated from season exits versus eligible schedule | 35 eligible events not entered,Q Tour,normal,,,false,false,false,false,0,6,138750,,0,false,,qTour,qTour,,,true,true,
2038/39,wp-evan-mori-c,Evan Mori C,24,CHN,Amateur,Q School,false,false,false,,0,0,,Amateur,,,,,,,11,13,10,,,,73,88,75,72,71,83,66,25,31,10,6,4,60,0,,,,,,,0,282,95,65,30,68.42105263157895,0,0,572633,"{""matches"":95,""wins"":65,""losses"":30,""draws"":0,""winPercentage"":68.42105263157895,""eventsEntered"":0,""titles"":0,""finals"":0,""prizeMoney"":572633,""points"":0}",,,,,,,,,,,,,,75,,false,false,false,,104,42,4,0,0,0,0,0,0,4,0,0,0,38,22,estimated from season exits versus eligible schedule | 38 eligible events not entered,Q School,normal,,,false,false,false,false,0,6,138461,,0,false,failed Q School campaigns,qSchool,qSchool,,,true,true,
2038/39,wp-evan-mori-e,Evan Mori E,21,CHN,Amateur,Q School,false,false,false,,0,0,,Amateur,72,72,,72,,,7,7,7,,72,,74,86,76,73,72,85,69,21,30,9,6,3,66.66666666666666,0,,,,,,,138172,859,81,59,22,72.8395061728395,0,0,276344,"{""matches"":81,""wins"":59,""losses"":22,""draws"":0,""winPercentage"":72.8395061728395,""eventsEntered"":0,""titles"":0,""finals"":0,""prizeMoney"":276344,""points"":0}",,,,,,,,,,,,,,72,,false,false,false,,104,42,4,0,0,0,0,0,0,4,0,0,0,38,22,estimated from season exits versus eligible schedule | 38 eligible events not entered,Q School,normal,,,false,false,false,false,6,12,276344,,0,false,,qSchool,qSchool,,,true,true,
2038/39,wp-evan-mori-h,Evan Mori H,18,AUS,Amateur,Q School,false,false,false,,0,0,,Amateur,,,,,,,6,6,9,,,,65,72,67,62,63,76,69,21,18,9,6,3,66.66666666666666,0,,,,,,,0,127,9,6,3,66.66666666666666,0,0,0,"{""matches"":9,""wins"":6,""losses"":3,""draws"":0,""winPercentage"":66.66666666666666,""eventsEntered"":0,""titles"":0,""finals"":0,""prizeMoney"":0,""points"":0}",,,,,,,,,,,,,,,,false,false,false,,104,42,4,0,0,0,0,0,0,4,0,0,0,38,22,estimated from season exits versus eligible schedule | 38 eligible events not entered,Q School,normal,,,false,false,false,false,0,0,0,,0,false,,qSchool,qSchool,,,true,true,
2038/39,wp-evan-mori-i,Evan Mori I,16,CHN,Youth,Amateur,false,false,false,,0,0,,Amateur,,,,,,,,,,,,,50,79,52,44,50,59,42,0,18,,,,,,,,,,,,,,0,0,0,0,0,0,0,"{""matches"":0,""wins"":0,""losses"":0,""draws"":0,""winPercentage"":0,""eventsEntered"":0,""titles"":0,""finals"":0,""prizeMoney"":0,""points"":0}",,,,,,,,,,,,,,,,,false,false,,104,61,10,0,0,0,0,0,5,5,0,0,0,51,16,estimated from season exits versus eligible schedule | 51 eligible events not entered,Youth,normal,,,false,false,false,false,0,0,0,,0,false,,youth,youth,,,true,true,
2038/39,wp-finn-cross-e,Finn Cross E,20,SCO,Amateur,Q School,false,false,false,,0,0,,Amateur,76,76,,76,,,2,2,3,,76,,76,93,78,75,74,87,69,21,29,9,6,3,66.66666666666666,0,,,,,,,137016,852,51,37,14,72.54901960784314,0,0,274032,"{""matches"":51,""wins"":37,""losses"":14,""draws"":0,""winPercentage"":72.54901960784314,""eventsEntered"":0,""titles"":0,""finals"":0,""prizeMoney"":274032,""points"":0}",,,,,,,,,,,,,,76,,false,false,false,,104,42,4,0,0,0,0,0,0,4,0,0,0,38,22,estimated from season exits versus eligible schedule | 38 eligible events not entered,Q School,normal,,,false,false,false,false,6,12,274032,,0,false,,qSchool,qSchool,,,true,true,
2038/39,wp-finn-cross-f,Finn Cross F,20,SCO,Amateur,Q School,false,false,false,,0,0,,Amateur,77,77,,77,,,21,25,24,,77,,71,79,73,70,69,82,69,21,29,9,6,3,66.66666666666666,0,,,,,,,136727,850,43,30,13,69.76744186046511,0,0,273454,"{""matches"":43,""wins"":30,""losses"":13,""draws"":0,""winPercentage"":69.76744186046511,""eventsEntered"":0,""titles"":0,""finals"":0,""prizeMoney"":273454,""points"":0}",,,,,,,,,,,,,,77,,false,false,false,,104,42,4,0,0,0,0,0,0,4,0,0,0,38,22,estimated from season exits versus eligible schedule | 38 eligible events not entered,Q School,normal,,,false,false,false,false,6,12,273454,,0,false,,qSchool,qSchool,,,true,true,
2038/39,wp-finn-cross-i,Finn Cross I,15,BEL,Youth,Amateur,false,false,false,,0,0,,Amateur,,,,,,,,,,,,,66,88,68,63,64,77,67,19,18,8,5,3,62.5,0,,,,,,,0,113,8,5,3,62.5,0,0,0,"{""matches"":8,""wins"":5,""losses"":3,""draws"":0,""winPercentage"":62.5,""eventsEntered"":0,""titles"":0,""finals"":0,""prizeMoney"":0,""points"":0}",,,,,,,,,,,,,,,,false,false,false,,104,61,10,0,0,0,0,0,5,5,0,0,0,51,16,estimated from season exits versus eligible schedule | 51 eligible events not entered,Youth,normal,,,false,false,false,false,0,0,0,,0,false,,youth,youth,,,true,true,
2038/39,wp-fraser-caldwell,Fraser Caldwell,38,IRL,Amateur,Amateur,false,false,false,,0,0,,Amateur,,,,,,,,,,,,,72,72,73,70,69,90,82,0,18,0,0,0,,0,,,,,,,0,0,8,8,0,100,0,0,0,"{""matches"":8,""wins"":8,""losses"":0,""draws"":0,""winPercentage"":100,""eventsEntered"":0,""titles"":0,""finals"":0,""prizeMoney"":0,""points"":0}",,,,,,,,,,,,,,,,false,false,false,,104,42,15,0,0,0,0,0,10,5,0,0,0,27,11,estimated from season exits versus eligible schedule | 27 eligible events not entered,Amateur,normal,,,false,false,false,false,0,0,0,,0,false,,amateur,amateur,,,true,true,
2038/39,wp-fraser-easton,Fraser Easton,67,CHN,Veteran,Senior Tour / Legend Circuit,false,false,false,,0,0,,Amateur,,,,,,,,,,4,,,71,71,66,67,53,70,50,65,24,7,6,1,85.71428571428571,0,,,,,,,0,221,72,61,11,84.72222222222221,3,0,0,"{""matches"":72,""wins"":61,""losses"":11,""draws"":0,""winPercentage"":84.72222222222221,""eventsEntered"":0,""titles"":3,""finals"":0,""prizeMoney"":0,""points"":0}",,,,,,,,,,,,,,,,false,false,false,,104,14,11,0,0,0,0,0,0,0,0,0,11,3,0,estimated from season exits versus eligible schedule | 3 eligible events not entered,Senior/Legend,normal,,,false,false,false,false,0,0,0,,1,false,,amateur,senior,,,true,true,
2038/39,wp-fraser-nakamura,Fraser Nakamura,32,FRA,Amateur,Amateur,false,false,false,,0,0,,Amateur,79,79,,79,,,,,,,79,,73,76,75,73,71,83,65,22,40,9,5,4,55.55555555555556,0,,,,,,,117648,731,121,87,34,71.900826446281,1,0,1754321,"{""matches"":121,""wins"":87,""losses"":34,""draws"":0,""winPercentage"":71.900826446281,""eventsEntered"":0,""titles"":1,""finals"":0,""prizeMoney"":1754321,""points"":0}",,,,,,,,,,,,,,71,,false,false,false,,104,42,15,0,0,0,0,0,10,5,0,0,0,27,11,estimated from season exits versus eligible schedule | 27 eligible events not entered,Amateur,normal,,,false,false,false,false,5,9,216796,,0,false,,amateur,amateur,,,true,true,
2038/39,wp-fraser-urban,Fraser Urban,34,SCO,Amateur,Amateur,false,false,false,,0,0,,Amateur,,,,,,,,,,,,,73,76,75,73,72,89,73,0,37,0,0,0,,0,,,,,,,0,0,121,87,34,71.900826446281,2,0,1027329,"{""matches"":121,""wins"":87,""losses"":34,""draws"":0,""winPercentage"":71.900826446281,""eventsEntered"":0,""titles"":2,""finals"":0,""prizeMoney"":1027329,""points"":0}",,,,,,,,,,,,,,77,,false,false,false,,104,42,15,0,0,0,0,0,10,5,0,0,0,27,11,estimated from season exits versus eligible schedule | 27 eligible events not entered,Amateur,normal,,,false,false,false,false,0,0,0,,0,false,,amateur,amateur,,,true,true,
2038/39,wp-fraser-verma,Fraser Verma,37,FRA,Amateur,Amateur,false,false,false,,0,0,,Amateur,,,,,,,,,,,,,76,78,77,76,74,94,82,0,26,0,0,0,,0,,,,,,,0,0,12,12,0,100,0,0,287364,"{""matches"":12,""wins"":12,""losses"":0,""draws"":0,""winPercentage"":100,""eventsEntered"":0,""titles"":0,""finals"":0,""prizeMoney"":287364,""points"":0}",,,,,,,,,,,,,,91,,false,false,false,,104,42,15,0,0,0,0,0,10,5,0,0,0,27,11,estimated from season exits versus eligible schedule | 27 eligible events not entered,Amateur,normal,,,false,false,false,false,0,0,0,,0,false,,amateur,amateur,,,true,true,
2038/39,wp-freddie-ashford,Freddie Ashford,35,ESP,Amateur,Amateur,false,false,false,,0,0,,Amateur,,,,,,,,,,,,,72,72,74,70,70,90,82,0,18,0,0,0,,0,,,,,,,0,0,12,12,0,100,0,0,0,"{""matches"":12,""wins"":12,""losses"":0,""draws"":0,""winPercentage"":100,""eventsEntered"":0,""titles"":0,""finals"":0,""prizeMoney"":0,""points"":0}",,,,,,,,,,,,,,,,false,false,false,,104,42,15,0,0,0,0,0,10,5,0,0,0,27,11,estimated from season exits versus eligible schedule | 27 eligible events not entered,Amateur,normal,,,false,false,false,false,0,0,0,,0,false,,amateur,amateur,,,true,true,
2038/39,wp-freddie-barker,Freddie Barker,39,SWE,Amateur,Amateur,false,false,false,,0,0,,Amateur,,,,,,,,,,,,,76,78,77,75,73,94,81,0,25,0,0,0,,0,,,,,,,0,0,12,12,0,100,0,0,283620,"{""matches"":12,""wins"":12,""losses"":0,""draws"":0,""winPercentage"":100,""eventsEntered"":0,""titles"":0,""finals"":0,""prizeMoney"":283620,""points"":0}",,,,,,,,,,,,,,97,,false,false,false,,104,42,15,0,0,0,0,0,10,5,0,0,0,27,11,estimated from season exits versus eligible schedule | 27 eligible events not entered,Amateur,normal,,,false,false,false,false,0,0,0,,0,false,,amateur,amateur,,,true,true,
2038/39,wp-freddie-caldwell,Freddie Caldwell,34,GER,Amateur,Q School,false,false,false,,0,0,,Amateur,,,,,,,18,9,12,,,,65,65,67,61,60,71,62,43,18,16,8,8,50,0,,,,,,,0,356,33,22,11,66.66666666666666,0,0,0,"{""matches"":33,""wins"":22,""losses"":11,""draws"":0,""winPercentage"":66.66666666666666,""eventsEntered"":0,""titles"":0,""finals"":0,""prizeMoney"":0,""points"":0}",,,,,,,,,,,,,,,,false,false,false,,104,42,8,0,0,0,0,0,3,5,0,0,0,34,18,estimated from season exits versus eligible schedule | 34 eligible events not entered,Q School,too high,,,false,false,false,false,0,0,0,,0,false,,qSchool,qSchool,,,true,true,
2038/39,wp-freddie-easton,Freddie Easton,40,CAN,Veteran,Amateur,false,false,false,,0,0,,Amateur,,,,,,,,,,,,,72,72,73,70,68,89,80,1,18,0,0,0,,0,,,,,,,0,0,12,12,0,100,0,0,0,"{""matches"":12,""wins"":12,""losses"":0,""draws"":0,""winPercentage"":100,""eventsEntered"":0,""titles"":0,""finals"":0,""prizeMoney"":0,""points"":0}",,,,,,,,,,,,,,,,false,false,false,,104,44,15,0,0,0,0,0,10,5,0,0,0,29,11,estimated from season exits versus eligible schedule | 29 eligible events not entered,Amateur,normal,,,false,false,false,false,0,0,0,,0,false,,amateur,amateur,,,true,true,
2038/39,wp-freddie-langford,Freddie Langford,35,ESP,Amateur,Amateur,false,false,false,,0,0,,Amateur,,,,,,,,,,,,,72,72,74,70,70,90,82,0,18,0,0,0,,0,,,,,,,0,0,12,12,0,100,0,0,0,"{""matches"":12,""wins"":12,""losses"":0,""draws"":0,""winPercentage"":100,""eventsEntered"":0,""titles"":0,""finals"":0,""prizeMoney"":0,""points"":0}",,,,,,,,,,,,,,,,false,false,false,,104,42,15,0,0,0,0,0,10,5,0,0,0,27,11,estimated from season exits versus eligible schedule | 27 eligible events not entered,Amateur,normal,,,false,false,false,false,0,0,0,,0,false,,amateur,amateur,,,true,true,
2038/39,wp-freddie-petrov,Freddie Petrov,55,THA,Veteran,Amateur,false,false,false,,0,0,,Amateur,,,,,,,,,,,,,71,74,69,68,60,78,51,26,30,0,0,0,,0,,,,,,,0,0,35,23,12,65.71428571428571,0,0,263915,"{""matches"":35,""wins"":23,""losses"":12,""draws"":0,""winPercentage"":65.71428571428571,""eventsEntered"":0,""titles"":0,""finals"":0,""prizeMoney"":263915,""points"":0}",,,,,,,,,,,,,,72,,false,false,false,,104,44,15,0,0,0,0,0,10,5,0,0,0,29,11,estimated from season exits versus eligible schedule | 29 eligible events not entered,Amateur,normal,,,false,false,false,false,0,0,0,,0,false,,amateur,amateur,,,true,true,
2038/39,wp-freddie-rahman,Freddie Rahman,37,CAN,Amateur,Amateur,false,false,false,,0,0,,Amateur,,,,,,,,,,,,,72,75,73,72,70,87,69,0,34,0,0,0,,0,,,,,,,0,0,85,58,27,68.23529411764706,0,0,1072134,"{""matches"":85,""wins"":58,""losses"":27,""draws"":0,""winPercentage"":68.23529411764706,""eventsEntered"":0,""titles"":0,""finals"":0,""prizeMoney"":1072134,""points"":0}",,,,,,,,,,,,,,73,,false,false,false,,104,42,15,0,0,0,0,0,10,5,0,0,0,27,11,estimated from season exits versus eligible schedule | 27 eligible events not entered,Amateur,normal,,,false,false,false,false,0,0,0,,0,false,,amateur,amateur,,,true,true,
2038/39,wp-freddie-sorensen,Freddie Sorensen,59,SWE,Veteran,Senior Tour / Legend Circuit,false,false,false,,0,0,,Amateur,,,,,,,,,,21,,,66,66,63,61,52,67,50,53,18,7,5,2,71.42857142857143,0,,,,,,,0,179,88,64,24,72.72727272727273,0,0,0,"{""matches"":88,""wins"":64,""losses"":24,""draws"":0,""winPercentage"":72.72727272727273,""eventsEntered"":0,""titles"":0,""finals"":0,""prizeMoney"":0,""points"":0}",,,,,,,,,,,,,,,,false,false,false,,104,14,11,0,0,0,0,0,0,0,0,0,11,3,0,estimated from season exits versus eligible schedule | 3 eligible events not entered,Senior/Legend,normal,,,false,false,false,false,0,0,0,,0,false,,amateur,senior,,,true,true,
2038/39,wp-freddie-whitaker,Freddie Whitaker,43,IND,Veteran,Amateur,false,false,false,,0,0,,Amateur,,,,,,,,,,,,,71,74,71,70,66,84,64,7,34,0,0,0,,0,,,,,,,0,0,83,56,27,67.46987951807229,0,0,1104507,"{""matches"":83,""wins"":56,""losses"":27,""draws"":0,""winPercentage"":67.46987951807229,""eventsEntered"":0,""titles"":0,""finals"":0,""prizeMoney"":1104507,""points"":0}",,,,,,,,,,,,,,74,,false,false,false,,104,44,15,0,0,0,0,0,10,5,0,0,0,29,11,estimated from season exits versus eligible schedule | 29 eligible events not entered,Amateur,normal,,,false,false,false,false,0,0,0,,0,false,,amateur,amateur,,,true,true,
2038/39,wp-freddie-yates,Freddie Yates,34,JPN,Amateur,Amateur,false,false,false,,0,0,,Amateur,,,,,,,,,,,,,72,72,74,70,71,90,82,0,18,0,0,0,,0,,,,,,,0,0,8,8,0,100,0,0,0,"{""matches"":8,""wins"":8,""losses"":0,""draws"":0,""winPercentage"":100,""eventsEntered"":0,""titles"":0,""finals"":0,""prizeMoney"":0,""points"":0}",,,,,,,,,,,,,,,,false,false,false,,104,42,15,0,0,0,0,0,10,5,0,0,0,27,11,estimated from season exits versus eligible schedule | 27 eligible events not entered,Amateur,normal,,,false,false,false,false,0,0,0,,0,false,,amateur,amateur,,,true,true,
2038/39,wp-gareth-iversen,Gareth Iversen,34,ENG,Amateur,Amateur,false,false,false,,0,0,,Amateur,,,,,,,,,,,,,78,81,80,78,77,96,82,0,29,0,0,0,,0,,,,,,,0,0,12,12,0,100,0,0,392116,"{""matches"":12,""wins"":12,""losses"":0,""draws"":0,""winPercentage"":100,""eventsEntered"":0,""titles"":0,""finals"":0,""prizeMoney"":392116,""points"":0}",,,,,,,,,,,,,,77,,false,false,false,,104,42,15,0,0,0,0,0,10,5,0,0,0,27,11,estimated from season exits versus eligible schedule | 27 eligible events not entered,Amateur,normal,,,false,false,false,false,0,0,0,,0,false,,amateur,amateur,,,true,true,
2038/39,wp-gareth-otero,Gareth Otero,39,NIR,Amateur,Amateur,false,false,false,,0,0,,Amateur,,,,,,,,,,,,,73,76,74,72,70,89,71,0,31,0,0,0,,0,,,,,,,0,0,50,37,13,74,0,0,536500,"{""matches"":50,""wins"":37,""losses"":13,""draws"":0,""winPercentage"":74,""eventsEntered"":0,""titles"":0,""finals"":0,""prizeMoney"":536500,""points"":0}",,,,,,,,,,,,,,75,,false,false,false,,104,42,15,0,0,0,0,0,10,5,0,0,0,27,11,estimated from season exits versus eligible schedule | 27 eligible events not entered,Amateur,normal,,,false,false,false,false,0,0,0,,0,false,,amateur,amateur,,,true,true,
2038/39,wp-gareth-rossi,Gareth Rossi,44,CAN,Veteran,Amateur,false,false,false,,0,0,,Amateur,,,,,,,,,,,,,73,74,73,71,68,88,76,7,21,0,0,0,,0,,,,,,,0,0,12,12,0,100,0,0,153912,"{""matches"":12,""wins"":12,""losses"":0,""draws"":0,""winPercentage"":100,""eventsEntered"":0,""titles"":0,""finals"":0,""prizeMoney"":153912,""points"":0}",,,,,,,,,,,,,,118,,false,false,false,,104,44,15,0,0,0,0,0,10,5,0,0,0,29,11,estimated from season exits versus eligible schedule | 29 eligible events not entered,Amateur,normal,,,false,false,false,false,0,0,0,,0,false,,amateur,amateur,,,true,true,
2038/39,wp-gareth-urban,Gareth Urban,32,WAL,Amateur,Amateur,false,false,false,,0,0,,Amateur,,,,,,,,,,,,,69,72,71,68,68,83,65,0,32,0,0,0,,0,,,,,,,0,0,122,71,51,58.19672131147541,0,0,750117,"{""matches"":122,""wins"":71,""losses"":51,""draws"":0,""winPercentage"":58.19672131147541,""eventsEntered"":0,""titles"":0,""finals"":0,""prizeMoney"":750117,""points"":0}",,,,,,,,,,,,,,76,,false,false,false,,104,42,15,0,0,0,0,0,10,5,0,0,0,27,11,estimated from season exits versus eligible schedule | 27 eligible events not entered,Amateur,normal,,,false,false,false,false,0,0,0,,0,false,,amateur,amateur,,,true,true,
2038/39,wp-gareth-verma,Gareth Verma,41,GER,Veteran,Amateur,false,false,false,,0,0,,Amateur,,,,,,,,,,,,,72,72,73,70,68,89,79,3,18,0,0,0,,0,,,,,,,0,0,14,14,0,100,0,0,0,"{""matches"":14,""wins"":14,""losses"":0,""draws"":0,""winPercentage"":100,""eventsEntered"":0,""titles"":0,""finals"":0,""prizeMoney"":0,""points"":0}",,,,,,,,,,,,,,,,false,false,false,,104,44,15,0,0,0,0,0,10,5,0,0,0,29,11,estimated from season exits versus eligible schedule | 29 eligible events not entered,Amateur,normal,,,false,false,false,false,0,0,0,,0,false,,amateur,amateur,,,true,true,
2038/39,wp-gareth-whitaker,Gareth Whitaker,43,THA,Veteran,Amateur,false,false,false,,0,0,,Amateur,,,,,,,,,,,,,72,72,72,70,67,88,77,6,18,0,0,0,,0,,,,,,,0,0,14,14,0,100,0,0,0,"{""matches"":14,""wins"":14,""losses"":0,""draws"":0,""winPercentage"":100,""eventsEntered"":0,""titles"":0,""finals"":0,""prizeMoney"":0,""points"":0}",,,,,,,,,,,,,,,,false,false,false,,104,44,15,0,0,0,0,0,10,5,0,0,0,29,11,estimated from season exits versus eligible schedule | 29 eligible events not entered,Amateur,normal,,,false,false,false,false,0,0,0,,0,false,,amateur,amateur,,,true,true,
2038/39,wp-gareth-yates,Gareth Yates,59,CAN,Veteran,Senior Tour / Legend Circuit,false,false,false,,0,0,,Amateur,,,,,,,,,,12,,,73,73,70,71,60,77,50,38,36,2,1,1,50,1,,,,,,,0,15,67,51,16,76.11940298507463,9,0,0,"{""matches"":67,""wins"":51,""losses"":16,""draws"":0,""winPercentage"":76.11940298507463,""eventsEntered"":0,""titles"":9,""finals"":0,""prizeMoney"":0,""points"":0}",,,,,,,,,,,,,,,,false,false,false,,104,14,11,0,0,0,0,0,0,0,0,0,11,3,0,estimated from season exits versus eligible schedule | 3 eligible events not entered,Senior/Legend,normal,,,false,false,false,false,0,0,0,,1,false,,amateur,senior,,,true,true,
2038/39,wp-gianni-barker,Gianni Barker,30,IRL,Amateur,Amateur,false,false,false,,0,0,,Amateur,80,80,,80,,,48,,,,80,,70,72,72,69,68,80,64,22,31,9,5,4,55.55555555555556,0,,,,,,,116492,724,177,113,64,63.84180790960452,0,0,757344,"{""matches"":177,""wins"":113,""losses"":64,""draws"":0,""winPercentage"":63.84180790960452,""eventsEntered"":0,""titles"":0,""finals"":0,""prizeMoney"":757344,""points"":0}",,,,,,,,,,,,,,80,,false,false,false,,104,42,15,0,0,0,0,0,10,5,0,0,0,27,11,estimated from season exits versus eligible schedule | 27 eligible events not entered,Amateur,normal,,,false,false,false,false,5,9,214484,,0,false,,amateur,amateur,,,true,true,
2038/39,wp-gianni-caldwell,Gianni Caldwell,39,NED,Amateur,Amateur,false,false,false,,0,0,,Amateur,,,,,,,,,,,,,72,72,73,70,69,90,81,0,18,0,0,0,,0,,,,,,,0,0,8,8,0,100,0,0,0,"{""matches"":8,""wins"":8,""losses"":0,""draws"":0,""winPercentage"":100,""eventsEntered"":0,""titles"":0,""finals"":0,""prizeMoney"":0,""points"":0}",,,,,,,,,,,,,,,,false,false,false,,104,42,15,0,0,0,0,0,10,5,0,0,0,27,11,estimated from season exits versus eligible schedule | 27 eligible events not entered,Amateur,normal,,,false,false,false,false,0,0,0,,0,false,,amateur,amateur,,,true,true,
2038/39,wp-gianni-drayton,Gianni Drayton,28,CHN,Amateur,Q School,false,false,false,,0,0,,Amateur,81,81,,81,,,36,,31,,81,,72,74,74,71,70,82,65,22,31,9,5,4,55.55555555555556,0,,,,,,,116203,722,178,127,51,71.34831460674157,1,0,468860,"{""matches"":178,""wins"":127,""losses"":51,""draws"":0,""winPercentage"":71.34831460674157,""eventsEntered"":0,""titles"":1,""finals"":0,""prizeMoney"":468860,""points"":0}",,,,,,,,,,,,,,81,,false,false,false,,104,42,4,0,0,0,0,0,0,4,0,0,0,38,22,estimated from season exits versus eligible schedule | 38 eligible events not entered,Q School,normal,,,false,false,false,false,5,9,213906,,0,false,,qTour,qSchool,,,true,true,
2038/39,wp-gianni-forster,Gianni Forster,62,ITA,Veteran,Senior Tour / Legend Circuit,false,false,false,,0,0,,Amateur,,,,,,,,,,13,,,68,68,64,66,54,75,62,39,26,1,1,0,100,1,,,,,,,0,14,35,24,11,68.57142857142857,4,0,0,"{""matches"":35,""wins"":24,""losses"":11,""draws"":0,""winPercentage"":68.57142857142857,""eventsEntered"":0,""titles"":4,""finals"":0,""prizeMoney"":0,""points"":0}",,,,,,,,,,,,,,,,false,false,false,,104,14,11,0,0,0,0,0,0,0,0,0,11,3,0,estimated from season exits versus eligible schedule | 3 eligible events not entered,Senior/Legend,normal,,,false,false,false,false,0,0,0,,1,false,,amateur,senior,,,true,true,
2038/39,wp-gianni-harrington,Gianni Harrington,63,BEL,Veteran,Amateur,false,false,false,,0,0,,Amateur,,,,,,,,,,,,,82,86,78,81,67,88,57,37,37,0,0,0,,0,,,,,,,0,0,12,12,0,100,0,0,624446,"{""matches"":12,""wins"":12,""losses"":0,""draws"":0,""winPercentage"":100,""eventsEntered"":0,""titles"":0,""finals"":0,""prizeMoney"":624446,""points"":0}",,,,,,,,,,,,,,43,,false,false,false,,104,44,15,0,0,0,0,0,10,5,0,0,0,29,11,estimated from season exits versus eligible schedule | 29 eligible events not entered,Amateur,normal,,,false,false,false,false,0,0,0,,0,false,,senior,amateur,,,true,true,
2038/39,wp-gianni-lombardi,Gianni Lombardi,41,NOR,Veteran,Amateur,false,false,false,,0,0,,Amateur,,,,,,,,,,,,,73,76,74,73,69,88,69,3,36,0,0,0,,0,,,,,,,0,0,81,57,24,70.37037037037037,2,0,805907,"{""matches"":81,""wins"":57,""losses"":24,""draws"":0,""winPercentage"":70.37037037037037,""eventsEntered"":0,""titles"":2,""finals"":0,""prizeMoney"":805907,""points"":0}",,,,,,,,,,,,,,77,,false,false,false,,104,44,15,0,0,0,0,0,10,5,0,0,0,29,11,estimated from season exits versus eligible schedule | 29 eligible events not entered,Amateur,normal,,,false,false,false,false,0,0,0,,0,false,,amateur,amateur,,,true,true,
2038/39,wp-gianni-nakamura,Gianni Nakamura,33,ITA,Amateur,Amateur,false,false,false,,0,0,,Amateur,,,,,,,,,,,,,68,70,70,66,67,82,64,0,28,0,0,0,,0,,,,,,,0,0,56,31,25,55.35714285714286,0,0,356276,"{""matches"":56,""wins"":31,""losses"":25,""draws"":0,""winPercentage"":55.35714285714286,""eventsEntered"":0,""titles"":0,""finals"":0,""prizeMoney"":356276,""points"":0}",,,,,,,,,,,,,,81,,false,false,false,,104,42,15,0,0,0,0,0,10,5,0,0,0,27,11,estimated from season exits versus eligible schedule | 27 eligible events not entered,Amateur,normal,,,false,false,false,false,0,0,0,,0,false,,amateur,amateur,,,true,true,
2038/39,wp-gianni-sorensen,Gianni Sorensen,57,ITA,Veteran,Amateur,false,false,false,,0,0,,Amateur,,,,,,,,,,,,,72,75,69,69,60,78,52,29,28,0,0,0,,0,,,,,,,0,0,30,22,8,73.33333333333333,0,0,240789,"{""matches"":30,""wins"":22,""losses"":8,""draws"":0,""winPercentage"":73.33333333333333,""eventsEntered"":0,""titles"":0,""finals"":0,""prizeMoney"":240789,""points"":0}",,,,,,,,,,,,,,78,,false,false,false,,104,44,15,0,0,0,0,0,10,5,0,0,0,29,11,estimated from season exits versus eligible schedule | 29 eligible events not entered,Amateur,normal,,,false,false,false,false,0,0,0,,0,false,,amateur,amateur,,,true,true,
2038/39,wp-gianni-tremblay,Gianni Tremblay,35,SCO,Amateur,Amateur,false,false,false,,0,0,,Amateur,,,,,,,,,,,,,72,72,74,70,70,90,82,0,18,0,0,0,,0,,,,,,,0,0,14,14,0,100,0,0,0,"{""matches"":14,""wins"":14,""losses"":0,""draws"":0,""winPercentage"":100,""eventsEntered"":0,""titles"":0,""finals"":0,""prizeMoney"":0,""points"":0}",,,,,,,,,,,,,,,,false,false,false,,104,42,15,0,0,0,0,0,10,5,0,0,0,27,11,estimated from season exits versus eligible schedule | 27 eligible events not entered,Amateur,normal,,,false,false,false,false,0,0,0,,0,false,,amateur,amateur,,,true,true,
2038/39,wp-gianni-vos,Gianni Vos,35,CHN,Amateur,Amateur,false,false,false,,0,0,,Amateur,,,,,,,,,,,,,72,72,74,71,70,90,82,0,19,0,0,0,,0,,,,,,,0,0,12,12,0,100,0,0,120640,"{""matches"":12,""wins"":12,""losses"":0,""draws"":0,""winPercentage"":100,""eventsEntered"":0,""titles"":0,""finals"":0,""prizeMoney"":120640,""points"":0}",,,,,,,,,,,,,,126,,false,false,false,,104,42,15,0,0,0,0,0,10,5,0,0,0,27,11,estimated from season exits versus eligible schedule | 27 eligible events not entered,Amateur,normal,,,false,false,false,false,0,0,0,,0,false,,amateur,amateur,,,true,true,
2038/39,wp-hamza-ashford,Hamza Ashford,31,ITA,Amateur,Amateur,false,false,false,,0,0,,Amateur,,,,,,,56,,,,,,69,71,71,68,69,84,67,0,29,0,0,0,,0,,,,,,,0,0,133,80,53,60.150375939849624,1,0,272296,"{""matches"":133,""wins"":80,""losses"":53,""draws"":0,""winPercentage"":60.150375939849624,""eventsEntered"":0,""titles"":1,""finals"":0,""prizeMoney"":272296,""points"":0}",,,,,,,,,,,,,,88,,false,false,false,,104,42,15,0,0,0,0,0,10,5,0,0,0,27,11,estimated from season exits versus eligible schedule | 27 eligible events not entered,Amateur,normal,,,false,false,false,false,0,0,0,,0,false,,amateur,amateur,,,true,true,
2038/39,wp-hamza-grimaldi,Hamza Grimaldi,57,BRA,Veteran,Amateur,false,false,false,,0,0,,Amateur,,,,,,,,,,,,,75,76,72,72,63,84,63,28,24,0,0,0,,0,,,,,,,0,0,12,12,0,100,0,0,230172,"{""matches"":12,""wins"":12,""losses"":0,""draws"":0,""winPercentage"":100,""eventsEntered"":0,""titles"":0,""finals"":0,""prizeMoney"":230172,""points"":0}",,,,,,,,,,,,,,101,,false,false,false,,104,44,15,0,0,0,0,0,10,5,0,0,0,29,11,estimated from season exits versus eligible schedule | 29 eligible events not entered,Amateur,normal,,,false,false,false,false,0,0,0,,0,false,,amateur,amateur,,,true,true,
2038/39,wp-hamza-janssen,Hamza Janssen,38,CHN,Amateur,Amateur,false,false,false,,0,0,,Amateur,,,,,,,,,,,,,72,72,73,70,69,90,82,0,18,0,0,0,,0,,,,,,,0,0,12,12,0,100,0,0,0,"{""matches"":12,""wins"":12,""losses"":0,""draws"":0,""winPercentage"":100,""eventsEntered"":0,""titles"":0,""finals"":0,""prizeMoney"":0,""points"":0}",,,,,,,,,,,,,,,,false,false,false,,104,42,15,0,0,0,0,0,10,5,0,0,0,27,11,estimated from season exits versus eligible schedule | 27 eligible events not entered,Amateur,normal,,,false,false,false,false,0,0,0,,0,false,,amateur,amateur,,,true,true,
2038/39,wp-hamza-whitaker,Hamza Whitaker,27,CHN,Amateur,Q School,false,false,false,,0,0,,Amateur,82,82,,82,,,31,,28,,82,,70,73,72,69,68,80,64,22,31,9,5,4,55.55555555555556,0,,,,,,,115625,719,146,99,47,67.8082191780822,0,0,772374,"{""matches"":146,""wins"":99,""losses"":47,""draws"":0,""winPercentage"":67.8082191780822,""eventsEntered"":0,""titles"":0,""finals"":0,""prizeMoney"":772374,""points"":0}",,,,,,,,,,,,,,82,,false,false,false,,104,42,4,0,0,0,0,0,0,4,0,0,0,38,22,estimated from season exits versus eligible schedule | 38 eligible events not entered,Q School,normal,,,false,false,false,false,5,10,231250,,0,false,,qTour,qSchool,,,true,true,
2038/39,wp-hamza-yates,Hamza Yates,34,BRA,Amateur,Amateur,false,false,false,,0,0,,Amateur,,,,,,,,,,,,,72,72,74,70,71,90,82,0,18,0,0,0,,0,,,,,,,0,0,14,14,0,100,0,0,0,"{""matches"":14,""wins"":14,""losses"":0,""draws"":0,""winPercentage"":100,""eventsEntered"":0,""titles"":0,""finals"":0,""prizeMoney"":0,""points"":0}",,,,,,,,,,,,,,,,false,false,false,,104,42,15,0,0,0,0,0,10,5,0,0,0,27,11,estimated from season exits versus eligible schedule | 27 eligible events not entered,Amateur,normal,,,false,false,false,false,0,0,0,,0,false,,amateur,amateur,,,true,true,
2038/39,wp-harris-barker,Harris Barker,43,NIR,Veteran,Amateur,false,false,false,,0,0,,Amateur,,,,,,,,,,,,,72,72,72,70,67,88,77,6,18,0,0,0,,0,,,,,,,0,0,12,12,0,100,0,0,0,"{""matches"":12,""wins"":12,""losses"":0,""draws"":0,""winPercentage"":100,""eventsEntered"":0,""titles"":0,""finals"":0,""prizeMoney"":0,""points"":0}",,,,,,,,,,,,,,,,false,false,false,,104,44,15,0,0,0,0,0,10,5,0,0,0,29,11,estimated from season exits versus eligible schedule | 29 eligible events not entered,Amateur,normal,,,false,false,false,false,0,0,0,,0,false,,amateur,amateur,,,true,true,
2038/39,wp-harris-drayton,Harris Drayton,37,IND,Amateur,Amateur,false,false,false,,0,0,,Amateur,,,,,,,,,,,,,72,72,73,70,70,90,82,0,18,0,0,0,,0,,,,,,,0,0,8,8,0,100,0,0,0,"{""matches"":8,""wins"":8,""losses"":0,""draws"":0,""winPercentage"":100,""eventsEntered"":0,""titles"":0,""finals"":0,""prizeMoney"":0,""points"":0}",,,,,,,,,,,,,,,,false,false,false,,104,42,15,0,0,0,0,0,10,5,0,0,0,27,11,estimated from season exits versus eligible schedule | 27 eligible events not entered,Amateur,normal,,,false,false,false,false,0,0,0,,0,false,,amateur,amateur,,,true,true,
2038/39,wp-harris-easton,Harris Easton,38,JPN,Amateur,Amateur,false,false,false,,0,0,,Amateur,,,,,,,,,,,,,64,64,65,61,61,79,67,0,18,0,0,0,,0,,,,,,,0,0,26,16,10,61.53846153846154,0,0,0,"{""matches"":26,""wins"":16,""losses"":10,""draws"":0,""winPercentage"":61.53846153846154,""eventsEntered"":0,""titles"":0,""finals"":0,""prizeMoney"":0,""points"":0}",,,,,,,,,,,,,,,,false,false,false,,104,42,15,0,0,0,0,0,10,5,0,0,0,27,11,estimated from season exits versus eligible schedule | 27 eligible events not entered,Amateur,normal,,,false,false,false,false,0,0,0,,0,false,,amateur,amateur,,,true,true,
2038/39,wp-harris-grimaldi,Harris Grimaldi,55,WAL,Veteran,Amateur,false,false,false,,0,0,,Amateur,,,,,,,,,,,,,72,72,70,69,61,82,65,25,18,0,0,0,,0,,,,,,,0,0,12,12,0,100,0,0,0,"{""matches"":12,""wins"":12,""losses"":0,""draws"":0,""winPercentage"":100,""eventsEntered"":0,""titles"":0,""finals"":0,""prizeMoney"":0,""points"":0}",,,,,,,,,,,,,,,,false,false,false,,104,44,15,0,0,0,0,0,10,5,0,0,0,29,11,estimated from season exits versus eligible schedule | 29 eligible events not entered,Amateur,normal,,,false,false,false,false,0,0,0,,0,false,,amateur,amateur,,,true,true,
2038/39,wp-harris-kovacs,Harris Kovacs,31,IND,Amateur,Amateur,false,false,false,,0,0,,Amateur,,,,,,,58,,,,,,68,70,70,66,68,83,66,0,28,0,0,0,,0,,,,,,,0,0,123,73,50,59.34959349593496,0,0,463707,"{""matches"":123,""wins"":73,""losses"":50,""draws"":0,""winPercentage"":59.34959349593496,""eventsEntered"":0,""titles"":0,""finals"":0,""prizeMoney"":463707,""points"":0}",,,,,,,,,,,,,,87,,false,false,false,,104,42,15,0,0,0,0,0,10,5,0,0,0,27,11,estimated from season exits versus eligible schedule | 27 eligible events not entered,Amateur,normal,,,false,false,false,false,0,0,0,,0,false,,amateur,amateur,,,true,true,
2038/39,wp-harris-mendoza,Harris Mendoza,40,ENG,Veteran,Amateur,false,false,false,,0,0,,Amateur,,,,,,,,,,,,,71,73,72,70,67,86,68,2,29,0,0,0,,0,,,,,,,0,0,48,34,14,70.83333333333334,0,0,471461,"{""matches"":48,""wins"":34,""losses"":14,""draws"":0,""winPercentage"":70.83333333333334,""eventsEntered"":0,""titles"":0,""finals"":0,""prizeMoney"":471461,""points"":0}",,,,,,,,,,,,,,79,,false,false,false,,104,44,15,0,0,0,0,0,10,5,0,0,0,29,11,estimated from season exits versus eligible schedule | 29 eligible events not entered,Amateur,normal,,,false,false,false,false,0,0,0,,0,false,,amateur,amateur,,,true,true,
2038/39,wp-harris-tremblay,Harris Tremblay,34,WAL,Amateur,Amateur,false,false,false,,0,0,,Amateur,,,,,,,,,,,,,71,73,73,70,70,87,71,0,28,0,0,0,,0,,,,,,,0,0,89,62,27,69.66292134831461,1,0,250906,"{""matches"":89,""wins"":62,""losses"":27,""draws"":0,""winPercentage"":69.66292134831461,""eventsEntered"":0,""titles"":1,""finals"":0,""prizeMoney"":250906,""points"":0}",,,,,,,,,,,,,,89,,false,false,false,,104,42,15,0,0,0,0,0,10,5,0,0,0,27,11,estimated from season exits versus eligible schedule | 27 eligible events not entered,Amateur,normal,,,false,false,false,false,0,0,0,,0,false,,amateur,amateur,,,true,true,
2038/39,wp-ilyas-barker,Ilyas Barker,32,BEL,Amateur,Amateur,false,false,false,,0,0,,Amateur,,,,,,,,,,,,,68,70,70,66,67,83,66,0,27,0,0,0,,0,,,,,,,0,0,119,70,49,58.82352941176471,0,0,230672,"{""matches"":119,""wins"":70,""losses"":49,""draws"":0,""winPercentage"":58.82352941176471,""eventsEntered"":0,""titles"":0,""finals"":0,""prizeMoney"":230672,""points"":0}",,,,,,,,,,,,,,85,,false,false,false,,104,42,15,0,0,0,0,0,10,5,0,0,0,27,11,estimated from season exits versus eligible schedule | 27 eligible events not entered,Amateur,normal,,,false,false,false,false,0,0,0,,0,false,,amateur,amateur,,,true,true,
2038/39,wp-ilyas-easton,Ilyas Easton,31,NOR,Amateur,Q Tour,false,false,false,,0,0,,Amateur,,,,,,,59,31,,,,,67,69,69,64,65,75,55,23,28,9,3,6,33.33333333333333,0,,,,,,,0,133,129,75,54,58.139534883720934,0,0,516266,"{""matches"":129,""wins"":75,""losses"":54,""draws"":0,""winPercentage"":58.139534883720934,""eventsEntered"":0,""titles"":0,""finals"":0,""prizeMoney"":516266,""points"":0}",,,,,,,,,,,,,,90,,false,false,false,,104,42,7,0,0,0,0,0,2,5,0,0,0,35,19,estimated from season exits versus eligible schedule | 35 eligible events not entered,Q Tour,normal,,,false,false,false,false,0,0,0,,0,false,,amateur,qTour,,,true,true,
2038/39,wp-ilyas-forster,Ilyas Forster,34,FRA,Amateur,Amateur,false,false,false,,0,0,,Amateur,,,,,,,,,,,,,72,72,74,70,71,90,82,0,18,0,0,0,,0,,,,,,,0,0,10,10,0,100,0,0,0,"{""matches"":10,""wins"":10,""losses"":0,""draws"":0,""winPercentage"":100,""eventsEntered"":0,""titles"":0,""finals"":0,""prizeMoney"":0,""points"":0}",,,,,,,,,,,,,,,,false,false,false,,104,42,15,0,0,0,0,0,10,5,0,0,0,27,11,estimated from season exits versus eligible schedule | 27 eligible events not entered,Amateur,normal,,,false,false,false,false,0,0,0,,0,false,,amateur,amateur,,,true,true,
2038/39,wp-ilyas-harrington,Ilyas Harrington,35,NED,Amateur,Amateur,false,false,false,,0,0,,Amateur,,,,,,,,,,,,,72,72,74,70,70,90,82,0,18,0,0,0,,0,,,,,,,0,0,12,12,0,100,0,0,0,"{""matches"":12,""wins"":12,""losses"":0,""draws"":0,""winPercentage"":100,""eventsEntered"":0,""titles"":0,""finals"":0,""prizeMoney"":0,""points"":0}",,,,,,,,,,,,,,,,false,false,false,,104,42,15,0,0,0,0,0,10,5,0,0,0,27,11,estimated from season exits versus eligible schedule | 27 eligible events not entered,Amateur,normal,,,false,false,false,false,0,0,0,,0,false,,amateur,amateur,,,true,true,
2038/39,wp-ilyas-nakamura,Ilyas Nakamura,37,BEL,Amateur,Amateur,false,false,false,,0,0,,Amateur,,,,,,,,,,,,,71,73,72,70,69,86,69,0,31,0,0,0,,0,,,,,,,0,0,67,45,22,67.16417910447761,0,0,718032,"{""matches"":67,""wins"":45,""losses"":22,""draws"":0,""winPercentage"":67.16417910447761,""eventsEntered"":0,""titles"":0,""finals"":0,""prizeMoney"":718032,""points"":0}",,,,,,,,,,,,,,80,,false,false,false,,104,42,15,0,0,0,0,0,10,5,0,0,0,27,11,estimated from season exits versus eligible schedule | 27 eligible events not entered,Amateur,normal,,,false,false,false,false,0,0,0,,0,false,,amateur,amateur,,,true,true,
2038/39,wp-ilyas-tremblay,Ilyas Tremblay,27,IRL,Amateur,Q School,false,false,false,,0,0,,Amateur,83,83,,83,,,33,,30,,83,,71,74,73,70,69,81,63,19,32,8,4,4,50,0,,,,,,,95680,595,154,104,50,67.53246753246754,1,0,743181,"{""matches"":154,""wins"":104,""losses"":50,""draws"":0,""winPercentage"":67.53246753246754,""eventsEntered"":0,""titles"":1,""finals"":0,""prizeMoney"":743181,""points"":0}",,,,,,,,,,,,,,83,,false,false,false,,104,42,4,0,0,0,0,0,0,4,0,0,0,38,22,estimated from season exits versus eligible schedule | 38 eligible events not entered,Q School,normal,,,false,false,false,false,4,9,209860,,0,false,,qTour,qSchool,,,true,true,
2038/39,wp-ilyas-urban,Ilyas Urban,43,NED,Veteran,Amateur,false,false,false,,0,0,,Amateur,,,,,,,,,,,,,72,72,72,70,67,88,77,6,18,0,0,0,,0,,,,,,,0,0,14,14,0,100,0,0,0,"{""matches"":14,""wins"":14,""losses"":0,""draws"":0,""winPercentage"":100,""eventsEntered"":0,""titles"":0,""finals"":0,""prizeMoney"":0,""points"":0}",,,,,,,,,,,,,,,,false,false,false,,104,44,15,0,0,0,0,0,10,5,0,0,0,29,11,estimated from season exits versus eligible schedule | 29 eligible events not entered,Amateur,normal,,,false,false,false,false,0,0,0,,0,false,,amateur,amateur,,,true,true,
2038/39,wp-ilyas-verma,Ilyas Verma,34,CHN,Amateur,Amateur,false,false,false,,0,0,,Amateur,,,,,,,,,,,,,72,72,74,70,71,90,82,0,18,0,0,0,,0,,,,,,,0,0,14,14,0,100,0,0,0,"{""matches"":14,""wins"":14,""losses"":0,""draws"":0,""winPercentage"":100,""eventsEntered"":0,""titles"":0,""finals"":0,""prizeMoney"":0,""points"":0}",,,,,,,,,,,,,,,,false,false,false,,104,42,15,0,0,0,0,0,10,5,0,0,0,27,11,estimated from season exits versus eligible schedule | 27 eligible events not entered,Amateur,normal,,,false,false,false,false,0,0,0,,0,false,,amateur,amateur,,,true,true,
2038/39,wp-ilyas-yates,Ilyas Yates,35,PAK,Amateur,Amateur,false,false,false,,0,0,,Amateur,,,,,,,,,,,,,74,76,76,73,72,91,77,0,27,0,0,0,,0,,,,,,,0,0,16,14,2,87.5,0,0,287374,"{""matches"":16,""wins"":14,""losses"":2,""draws"":0,""winPercentage"":87.5,""eventsEntered"":0,""titles"":0,""finals"":0,""prizeMoney"":287374,""points"":0}",,,,,,,,,,,,,,87,,false,false,false,,104,42,15,0,0,0,0,0,10,5,0,0,0,27,11,estimated from season exits versus eligible schedule | 27 eligible events not entered,Amateur,normal,,,false,false,false,false,0,0,0,,0,false,,amateur,amateur,,,true,true,
2038/39,wp-ivan-ashford,Ivan Ashford,40,ESP,Veteran,Amateur,false,false,false,,0,0,,Amateur,,,,,,,,,,,,,72,72,73,70,68,89,80,1,18,0,0,0,,0,,,,,,,0,0,14,14,0,100,0,0,0,"{""matches"":14,""wins"":14,""losses"":0,""draws"":0,""winPercentage"":100,""eventsEntered"":0,""titles"":0,""finals"":0,""prizeMoney"":0,""points"":0}",,,,,,,,,,,,,,,,false,false,false,,104,44,15,0,0,0,0,0,10,5,0,0,0,29,11,estimated from season exits versus eligible schedule | 29 eligible events not entered,Amateur,normal,,,false,false,false,false,0,0,0,,0,false,,amateur,amateur,,,true,true,
2038/39,wp-ivan-barker,Ivan Barker,38,WAL,Amateur,Amateur,false,false,false,,0,0,,Amateur,,,,,,,,,,,,,72,72,73,70,69,90,82,0,18,0,0,0,,0,,,,,,,0,0,10,10,0,100,0,0,0,"{""matches"":10,""wins"":10,""losses"":0,""draws"":0,""winPercentage"":100,""eventsEntered"":0,""titles"":0,""finals"":0,""prizeMoney"":0,""points"":0}",,,,,,,,,,,,,,,,false,false,false,,104,42,15,0,0,0,0,0,10,5,0,0,0,27,11,estimated from season exits versus eligible schedule | 27 eligible events not entered,Amateur,normal,,,false,false,false,false,0,0,0,,0,false,,amateur,amateur,,,true,true,
2038/39,wp-ivan-drayton,Ivan Drayton,34,THA,Amateur,Amateur,false,false,false,,0,0,,Amateur,,,,,,,,,,,,,70,72,72,69,69,86,71,0,30,0,0,0,,0,,,,,,,0,0,104,70,34,67.3076923076923,2,0,247727,"{""matches"":104,""wins"":70,""losses"":34,""draws"":0,""winPercentage"":67.3076923076923,""eventsEntered"":0,""titles"":2,""finals"":0,""prizeMoney"":247727,""points"":0}",,,,,,,,,,,,,,93,,false,false,false,,104,42,15,0,0,0,0,0,10,5,0,0,0,27,11,estimated from season exits versus eligible schedule | 27 eligible events not entered,Amateur,normal,,,false,false,false,false,0,0,0,,0,false,,amateur,amateur,,,true,true,
2038/39,wp-ivan-kovacs,Ivan Kovacs,38,JPN,Amateur,Amateur,false,false,false,,0,0,,Amateur,,,,,,,,,,,,,72,72,73,70,69,90,82,0,18,0,0,0,,0,,,,,,,0,0,12,12,0,100,0,0,0,"{""matches"":12,""wins"":12,""losses"":0,""draws"":0,""winPercentage"":100,""eventsEntered"":0,""titles"":0,""finals"":0,""prizeMoney"":0,""points"":0}",,,,,,,,,,,,,,,,false,false,false,,104,42,15,0,0,0,0,0,10,5,0,0,0,27,11,estimated from season exits versus eligible schedule | 27 eligible events not entered,Amateur,normal,,,false,false,false,false,0,0,0,,0,false,,amateur,amateur,,,true,true,
2038/39,wp-ivan-petrov,Ivan Petrov,35,THA,Amateur,Amateur,false,false,false,,0,0,,Amateur,,,,,,,,,,,,,70,72,72,69,68,85,68,0,32,0,0,0,,0,,,,,,,0,0,88,58,30,65.9090909090909,0,0,994666,"{""matches"":88,""wins"":58,""losses"":30,""draws"":0,""winPercentage"":65.9090909090909,""eventsEntered"":0,""titles"":0,""finals"":0,""prizeMoney"":994666,""points"":0}",,,,,,,,,,,,,,81,,false,false,false,,104,42,15,0,0,0,0,0,10,5,0,0,0,27,11,estimated from season exits versus eligible schedule | 27 eligible events not entered,Amateur,normal,,,false,false,false,false,0,0,0,,0,false,,amateur,amateur,,,true,true,
2038/39,wp-ivan-rahman,Ivan Rahman,40,CAN,Veteran,Amateur,false,false,false,,0,0,,Amateur,,,,,,,,,,,,,70,72,71,68,66,85,68,2,26,0,0,0,,0,,,,,,,0,0,74,52,22,70.27027027027027,0,0,247438,"{""matches"":74,""wins"":52,""losses"":22,""draws"":0,""winPercentage"":70.27027027027027,""eventsEntered"":0,""titles"":0,""finals"":0,""prizeMoney"":247438,""points"":0}",,,,,,,,,,,,,,92,,false,false,false,,104,44,15,0,0,0,0,0,10,5,0,0,0,29,11,estimated from season exits versus eligible schedule | 29 eligible events not entered,Amateur,normal,,,false,false,false,false,0,0,0,,0,false,,amateur,amateur,,,true,true,
2038/39,wp-ivan-tremblay,Ivan Tremblay,56,JPN,Veteran,Amateur,false,false,false,,0,0,,Amateur,,,,,,,,,,,,,77,79,75,75,66,86,64,26,28,0,0,0,,0,,,,,,,0,0,12,12,0,100,0,0,320072,"{""matches"":12,""wins"":12,""losses"":0,""draws"":0,""winPercentage"":100,""eventsEntered"":0,""titles"":0,""finals"":0,""prizeMoney"":320072,""points"":0}",,,,,,,,,,,,,,85,,false,false,false,,104,44,15,0,0,0,0,0,10,5,0,0,0,29,11,estimated from season exits versus eligible schedule | 29 eligible events not entered,Amateur,normal,,,false,false,false,false,0,0,0,,0,false,,amateur,amateur,,,true,true,
2038/39,wp-ivan-verma,Ivan Verma,59,POL,Veteran,Amateur,false,false,false,,0,0,,Amateur,,,,,,,,,,,,,70,72,67,66,57,75,47,32,27,0,0,0,,0,,,,,,,0,0,25,16,9,64,0,0,198007,"{""matches"":25,""wins"":16,""losses"":9,""draws"":0,""winPercentage"":64,""eventsEntered"":0,""titles"":0,""finals"":0,""prizeMoney"":198007,""points"":0}",,,,,,,,,,,,,,82,,false,false,false,,104,44,15,0,0,0,0,0,10,5,0,0,0,29,11,estimated from season exits versus eligible schedule | 29 eligible events not entered,Amateur,normal,,,false,false,false,false,0,0,0,,0,false,,amateur,amateur,,,true,true,
2038/39,wp-ivan-whitaker,Ivan Whitaker,32,IND,Amateur,Amateur,false,false,false,,0,0,,Amateur,,,,,,,,,,,,,69,71,71,68,68,84,66,0,30,0,0,0,,0,,,,,,,0,0,79,48,31,60.75949367088608,0,0,764282,"{""matches"":79,""wins"":48,""losses"":31,""draws"":0,""winPercentage"":60.75949367088608,""eventsEntered"":0,""titles"":0,""finals"":0,""prizeMoney"":764282,""points"":0}",,,,,,,,,,,,,,83,,false,false,false,,104,42,15,0,0,0,0,0,10,5,0,0,0,27,11,estimated from season exits versus eligible schedule | 27 eligible events not entered,Amateur,normal,,,false,false,false,false,0,0,0,,0,false,,amateur,amateur,,,true,true,
2038/39,wp-ivan-yates,Ivan Yates,41,JPN,Veteran,Amateur,false,false,false,,0,0,,Amateur,,,,,,,,,,,,,72,72,73,70,68,89,79,3,18,0,0,0,,0,,,,,,,0,0,12,12,0,100,0,0,0,"{""matches"":12,""wins"":12,""losses"":0,""draws"":0,""winPercentage"":100,""eventsEntered"":0,""titles"":0,""finals"":0,""prizeMoney"":0,""points"":0}",,,,,,,,,,,,,,,,false,false,false,,104,44,15,0,0,0,0,0,10,5,0,0,0,29,11,estimated from season exits versus eligible schedule | 29 eligible events not entered,Amateur,normal,,,false,false,false,false,0,0,0,,0,false,,amateur,amateur,,,true,true,
2038/39,wp-jasper-ashford,Jasper Ashford,35,FRA,Amateur,Amateur,false,false,false,,0,0,,Amateur,,,,,,,,,,,,,72,72,74,70,70,90,82,0,18,0,0,0,,0,,,,,,,0,0,12,12,0,100,0,0,0,"{""matches"":12,""wins"":12,""losses"":0,""draws"":0,""winPercentage"":100,""eventsEntered"":0,""titles"":0,""finals"":0,""prizeMoney"":0,""points"":0}",,,,,,,,,,,,,,,,false,false,false,,104,42,15,0,0,0,0,0,10,5,0,0,0,27,11,estimated from season exits versus eligible schedule | 27 eligible events not entered,Amateur,normal,,,false,false,false,false,0,0,0,,0,false,,amateur,amateur,,,true,true,
2038/39,wp-jasper-barker,Jasper Barker,46,IRL,Veteran,Amateur,false,false,false,,0,0,,Amateur,,,,,,,,,,,,,78,84,78,79,71,89,59,12,51,0,0,0,,0,,,,,,,0,0,114,70,44,61.40350877192983,0,0,1946471,"{""matches"":114,""wins"":70,""losses"":44,""draws"":0,""winPercentage"":61.40350877192983,""eventsEntered"":0,""titles"":0,""finals"":0,""prizeMoney"":1946471,""points"":0}",,,,,,,,,,,,,,7,,false,false,false,,104,44,15,0,0,0,0,0,10,5,0,0,0,29,11,estimated from season exits versus eligible schedule | 29 eligible events not entered,Amateur,normal,,,false,false,false,false,0,4,95102,,0,false,,senior,amateur,,,true,true,
2038/39,wp-jasper-caldwell,Jasper Caldwell,34,NED,Amateur,Amateur,false,false,false,,0,0,,Amateur,,,,,,,,,,,,,68,68,70,66,67,85,75,0,18,0,0,0,,0,,,,,,,0,0,16,13,3,81.25,0,0,0,"{""matches"":16,""wins"":13,""losses"":3,""draws"":0,""winPercentage"":81.25,""eventsEntered"":0,""titles"":0,""finals"":0,""prizeMoney"":0,""points"":0}",,,,,,,,,,,,,,,,false,false,false,,104,42,15,0,0,0,0,0,10,5,0,0,0,27,11,estimated from season exits versus eligible schedule | 27 eligible events not entered,Amateur,normal,,,false,false,false,false,0,0,0,,0,false,,amateur,amateur,,,true,true,
2038/39,wp-jasper-easton,Jasper Easton,65,BRA,Veteran,Senior Tour / Legend Circuit,false,false,false,,0,0,,Amateur,,,,,,,,,,14,,,66,66,62,61,49,65,45,62,20,7,5,2,71.42857142857143,0,,,,,,,0,183,59,41,18,69.49152542372882,1,0,0,"{""matches"":59,""wins"":41,""losses"":18,""draws"":0,""winPercentage"":69.49152542372882,""eventsEntered"":0,""titles"":1,""finals"":0,""prizeMoney"":0,""points"":0}",,,,,,,,,,,,,,,,false,false,false,,104,14,11,0,0,0,0,0,0,0,0,0,11,3,0,estimated from season exits versus eligible schedule | 3 eligible events not entered,Senior/Legend,normal,,,false,false,false,false,0,0,0,,0,false,,amateur,senior,,,true,true,
2038/39,wp-jasper-gallagher,Jasper Gallagher,37,NOR,Amateur,Amateur,false,false,false,,0,0,,Amateur,,,,,,,,,,,,,77,80,78,77,75,94,77,0,32,0,0,0,,0,,,,,,,0,0,15,13,2,86.66666666666667,0,0,416132,"{""matches"":15,""wins"":13,""losses"":2,""draws"":0,""winPercentage"":86.66666666666667,""eventsEntered"":0,""titles"":0,""finals"":0,""prizeMoney"":416132,""points"":0}",,,,,,,,,,,,,,65,,false,false,false,,104,42,15,0,0,0,0,0,10,5,0,0,0,27,11,estimated from season exits versus eligible schedule | 27 eligible events not entered,Amateur,normal,,,false,false,false,false,0,0,0,,0,false,,amateur,amateur,,,true,true,
2038/39,wp-jasper-langford,Jasper Langford,27,FRA,Amateur,Amateur,false,false,false,,0,0,,Amateur,84,84,,84,,,34,,,,84,,71,74,73,69,69,81,63,19,31,8,4,4,50,0,,,,,,,95102,591,144,96,48,66.66666666666666,1,0,490541,"{""matches"":144,""wins"":96,""losses"":48,""draws"":0,""winPercentage"":66.66666666666666,""eventsEntered"":0,""titles"":1,""finals"":0,""prizeMoney"":490541,""points"":0}",,,,,,,,,,,,,,84,,false,false,false,,104,42,15,0,0,0,0,0,10,5,0,0,0,27,11,estimated from season exits versus eligible schedule | 27 eligible events not entered,Amateur,normal,,,false,false,false,false,4,9,208415,,0,false,,qTour,amateur,,,true,true,
2038/39,wp-jasper-patel,Jasper Patel,40,AUS,Veteran,Amateur,false,false,false,,0,0,,Amateur,,,,,,,,,,,,,74,75,75,73,70,91,80,1,22,0,0,0,,0,,,,,,,0,0,12,12,0,100,0,0,166244,"{""matches"":12,""wins"":12,""losses"":0,""draws"":0,""winPercentage"":100,""eventsEntered"":0,""titles"":0,""finals"":0,""prizeMoney"":166244,""points"":0}",,,,,,,,,,,,,,113,,false,false,false,,104,44,15,0,0,0,0,0,10,5,0,0,0,29,11,estimated from season exits versus eligible schedule | 29 eligible events not entered,Amateur,normal,,,false,false,false,false,0,0,0,,0,false,,amateur,amateur,,,true,true,
2038/39,wp-jasper-petrov,Jasper Petrov,38,CHN,Amateur,Amateur,false,false,false,,0,0,,Amateur,,,,,,,,,,,,,71,73,72,70,68,86,70,0,32,0,0,0,,0,,,,,,,0,0,58,38,20,65.51724137931035,2,0,460477,"{""matches"":58,""wins"":38,""losses"":20,""draws"":0,""winPercentage"":65.51724137931035,""eventsEntered"":0,""titles"":2,""finals"":0,""prizeMoney"":460477,""points"":0}",,,,,,,,,,,,,,84,,false,false,false,,104,42,15,0,0,0,0,0,10,5,0,0,0,27,11,estimated from season exits versus eligible schedule | 27 eligible events not entered,Amateur,normal,,,false,false,false,false,0,0,0,,0,false,,amateur,amateur,,,true,true,
2038/39,wp-jasper-rahman,Jasper Rahman,41,BRA,Veteran,Amateur,false,false,false,,0,0,,Amateur,,,,,,,,,,,,,70,72,71,68,66,84,65,4,28,0,0,0,,0,,,,,,,0,0,46,30,16,65.21739130434783,0,0,422320,"{""matches"":46,""wins"":30,""losses"":16,""draws"":0,""winPercentage"":65.21739130434783,""eventsEntered"":0,""titles"":0,""finals"":0,""prizeMoney"":422320,""points"":0}",,,,,,,,,,,,,,85,,false,false,false,,104,44,15,0,0,0,0,0,10,5,0,0,0,29,11,estimated from season exits versus eligible schedule | 29 eligible events not entered,Amateur,normal,,,false,false,false,false,0,0,0,,0,false,,amateur,amateur,,,true,true,
2038/39,wp-jasper-sorensen,Jasper Sorensen,37,ITA,Amateur,Amateur,false,false,false,,0,0,,Amateur,,,,,,,,,,,,,69,71,70,67,67,84,69,0,25,0,0,0,,0,,,,,,,0,0,75,51,24,68,0,0,226047,"{""matches"":75,""wins"":51,""losses"":24,""draws"":0,""winPercentage"":68,""eventsEntered"":0,""titles"":0,""finals"":0,""prizeMoney"":226047,""points"":0}",,,,,,,,,,,,,,96,,false,false,false,,104,42,15,0,0,0,0,0,10,5,0,0,0,27,11,estimated from season exits versus eligible schedule | 27 eligible events not entered,Amateur,normal,,,false,false,false,false,0,0,0,,0,false,,amateur,amateur,,,true,true,
2038/39,wp-jasper-yates,Jasper Yates,44,NOR,Veteran,Amateur,false,false,false,,0,0,,Amateur,,,,,,,,,,,,,68,68,68,65,62,82,69,8,18,0,0,0,,0,,,,,,,0,0,12,10,2,83.33333333333334,0,0,0,"{""matches"":12,""wins"":10,""losses"":2,""draws"":0,""winPercentage"":83.33333333333334,""eventsEntered"":0,""titles"":0,""finals"":0,""prizeMoney"":0,""points"":0}",,,,,,,,,,,,,,,,false,false,false,,104,44,15,0,0,0,0,0,10,5,0,0,0,29,11,estimated from season exits versus eligible schedule | 29 eligible events not entered,Amateur,normal,,,false,false,false,false,0,0,0,,0,false,,amateur,amateur,,,true,true,
2038/39,wp-joel-iqbal,Joel Iqbal,38,IND,Amateur,Amateur,false,false,false,,0,0,,Amateur,,,,,,,,,,,,,72,72,73,70,69,90,82,0,18,0,0,0,,0,,,,,,,0,0,12,12,0,100,0,0,0,"{""matches"":12,""wins"":12,""losses"":0,""draws"":0,""winPercentage"":100,""eventsEntered"":0,""titles"":0,""finals"":0,""prizeMoney"":0,""points"":0}",,,,,,,,,,,,,,,,false,false,false,,104,42,15,0,0,0,0,0,10,5,0,0,0,27,11,estimated from season exits versus eligible schedule | 27 eligible events not entered,Amateur,normal,,,false,false,false,false,0,0,0,,0,false,,amateur,amateur,,,true,true,
2038/39,wp-joel-lombardi,Joel Lombardi,43,CAN,Veteran,Amateur,false,false,false,,0,0,,Amateur,,,,,,,,,,,,,79,82,79,79,74,95,77,6,30,0,0,0,,0,,,,,,,0,0,12,12,0,100,0,0,355312,"{""matches"":12,""wins"":12,""losses"":0,""draws"":0,""winPercentage"":100,""eventsEntered"":0,""titles"":0,""finals"":0,""prizeMoney"":355312,""points"":0}",,,,,,,,,,,,,,72,,false,false,false,,104,44,15,0,0,0,0,0,10,5,0,0,0,29,11,estimated from season exits versus eligible schedule | 29 eligible events not entered,Amateur,normal,,,false,false,false,false,0,0,0,,0,false,,amateur,amateur,,,true,true,
2038/39,wp-joel-otero,Joel Otero,28,THA,Amateur,Q School,false,false,false,,0,0,,Amateur,,,,,,,14,24,22,,,,70,72,72,68,68,80,64,22,30,9,5,4,55.55555555555556,0,,,,,,,0,243,158,110,48,69.62025316455697,0,0,788562,"{""matches"":158,""wins"":110,""losses"":48,""draws"":0,""winPercentage"":69.62025316455697,""eventsEntered"":0,""titles"":0,""finals"":0,""prizeMoney"":788562,""points"":0}",,,,,,,,,,,,,,87,,false,false,false,,104,42,4,0,0,0,0,0,0,4,0,0,0,38,22,estimated from season exits versus eligible schedule | 38 eligible events not entered,Q School,normal,,,false,false,false,false,0,0,0,,0,false,,qSchool,qSchool,,,true,true,
2038/39,wp-joel-tanaka,Joel Tanaka,35,GER,Amateur,Amateur,false,false,false,,0,0,,Amateur,,,,,,,,,,,,,73,73,75,72,71,91,82,0,20,0,0,0,,0,,,,,,,0,0,12,12,0,100,0,0,130856,"{""matches"":12,""wins"":12,""losses"":0,""draws"":0,""winPercentage"":100,""eventsEntered"":0,""titles"":0,""finals"":0,""prizeMoney"":130856,""points"":0}",,,,,,,,,,,,,,122,,false,false,false,,104,42,15,0,0,0,0,0,10,5,0,0,0,27,11,estimated from season exits versus eligible schedule | 27 eligible events not entered,Amateur,normal,,,false,false,false,false,0,0,0,,0,false,,amateur,amateur,,,true,true,
2038/39,wp-joel-urban,Joel Urban,35,POL,Amateur,Amateur,false,false,false,,0,0,,Amateur,,,,,,,,,,,,,69,71,71,68,67,84,68,0,28,0,0,0,,0,,,,,,,0,0,152,98,54,64.47368421052632,0,0,487937,"{""matches"":152,""wins"":98,""losses"":54,""draws"":0,""winPercentage"":64.47368421052632,""eventsEntered"":0,""titles"":0,""finals"":0,""prizeMoney"":487937,""points"":0}",,,,,,,,,,,,,,88,,false,false,false,,104,42,15,0,0,0,0,0,10,5,0,0,0,27,11,estimated from season exits versus eligible schedule | 27 eligible events not entered,Amateur,normal,,,false,false,false,false,0,0,0,,0,false,,amateur,amateur,,,true,true,
2038/39,wp-joel-verma,Joel Verma,44,IND,Veteran,Amateur,false,false,false,,0,0,,Amateur,,,,,,,,,,,,,64,64,64,60,58,76,62,9,18,0,0,0,,0,,,,,,,0,0,41,27,14,65.85365853658537,0,0,0,"{""matches"":41,""wins"":27,""losses"":14,""draws"":0,""winPercentage"":65.85365853658537,""eventsEntered"":0,""titles"":0,""finals"":0,""prizeMoney"":0,""points"":0}",,,,,,,,,,,,,,,,false,false,false,,104,44,15,0,0,0,0,0,10,5,0,0,0,29,11,estimated from season exits versus eligible schedule | 29 eligible events not entered,Amateur,normal,,,false,false,false,false,0,0,0,,0,false,,amateur,amateur,,,true,true,
2038/39,wp-joel-whitaker,Joel Whitaker,34,JPN,Amateur,Amateur,false,false,false,,0,0,,Amateur,,,,,,,,,,,,,72,72,74,70,71,90,82,0,18,0,0,0,,0,,,,,,,0,0,14,14,0,100,0,0,0,"{""matches"":14,""wins"":14,""losses"":0,""draws"":0,""winPercentage"":100,""eventsEntered"":0,""titles"":0,""finals"":0,""prizeMoney"":0,""points"":0}",,,,,,,,,,,,,,,,false,false,false,,104,42,15,0,0,0,0,0,10,5,0,0,0,27,11,estimated from season exits versus eligible schedule | 27 eligible events not entered,Amateur,normal,,,false,false,false,false,0,0,0,,0,false,,amateur,amateur,,,true,true,
2038/39,wp-joel-yates,Joel Yates,43,ESP,Veteran,Amateur,false,false,false,,0,0,,Amateur,,,,,,,,,,,,,67,67,67,64,62,80,67,7,18,0,0,0,,0,,,,,,,0,0,16,12,4,75,0,0,0,"{""matches"":16,""wins"":12,""losses"":4,""draws"":0,""winPercentage"":75,""eventsEntered"":0,""titles"":0,""finals"":0,""prizeMoney"":0,""points"":0}",,,,,,,,,,,,,,,,false,false,false,,104,44,15,0,0,0,0,0,10,5,0,0,0,29,11,estimated from season exits versus eligible schedule | 29 eligible events not entered,Amateur,normal,,,false,false,false,false,0,0,0,,0,false,,amateur,amateur,,,true,true,
2038/39,wp-jude-sloan-h,Jude Sloan H,16,IRL,Youth,Amateur,false,false,false,,0,0,,Amateur,,,,,,,,,,,,,68,87,70,65,67,81,72,18,18,8,6,2,75,0,,,,,,,0,139,15,11,4,73.33333333333333,0,0,0,"{""matches"":15,""wins"":11,""losses"":4,""draws"":0,""winPercentage"":73.33333333333333,""eventsEntered"":0,""titles"":0,""finals"":0,""prizeMoney"":0,""points"":0}",,,,,,,,,,,,,,,,false,false,false,,104,61,10,0,0,0,0,0,5,5,0,0,0,51,16,estimated from season exits versus eligible schedule | 51 eligible events not entered,Youth,normal,,,false,false,false,false,0,0,0,,0,false,,youth,youth,,,true,true,
2038/39,wp-jude-sloan-i,Jude Sloan I,16,IRL,Youth,Amateur,false,false,false,,0,0,,Amateur,,,,,,,,,,,,,67,93,69,64,65,78,67,19,18,8,5,3,62.5,0,,,,,,,0,114,8,5,3,62.5,0,0,0,"{""matches"":8,""wins"":5,""losses"":3,""draws"":0,""winPercentage"":62.5,""eventsEntered"":0,""titles"":0,""finals"":0,""prizeMoney"":0,""points"":0}",,,,,,,,,,,,,,,,false,false,false,,104,61,10,0,0,0,0,0,5,5,0,0,0,51,16,estimated from season exits versus eligible schedule | 51 eligible events not entered,Youth,normal,,,false,false,false,false,0,0,0,,0,false,,youth,youth,,,true,true,
2038/39,wp-kai-pryce-a,Kai Pryce A,27,AUS,Amateur,Q School,false,false,false,,0,0,,Amateur,90,90,,90,,,32,,29,,90,,69,72,71,67,67,79,64,22,28,9,5,4,55.55555555555556,0,,,,,,,111578,694,134,87,47,64.92537313432835,0,0,483890,"{""matches"":134,""wins"":87,""losses"":47,""draws"":0,""winPercentage"":64.92537313432835,""eventsEntered"":0,""titles"":0,""finals"":0,""prizeMoney"":483890,""points"":0}",,,,,,,,,,,,,,90,,false,false,false,,104,42,4,0,0,0,0,0,0,4,0,0,0,38,22,estimated from season exits versus eligible schedule | 38 eligible events not entered,Q School,normal,,,false,false,false,false,5,11,241945,,0,false,,qTour,qSchool,,,true,true,
2038/39,wp-kai-pryce-b,Kai Pryce B,24,AUS,Amateur,Q School,false,false,false,,0,0,,Amateur,,,,,,,10,12,2,,,,71,89,73,69,68,80,67,34,27,13,8,5,61.53846153846154,0,,,,,,,0,308,110,74,36,67.27272727272727,0,0,502101,"{""matches"":110,""wins"":74,""losses"":36,""draws"":0,""winPercentage"":67.27272727272727,""eventsEntered"":0,""titles"":0,""finals"":0,""prizeMoney"":502101,""points"":0}",,,,,,,,,,,,,,93,,false,false,false,,104,42,5,0,0,0,0,0,1,4,0,0,0,37,21,estimated from season exits versus eligible schedule | 37 eligible events not entered,Q School,too high,,,false,false,false,false,0,6,130078,,0,false,failed Q School campaigns,qSchool,qSchool,,,true,true,
2038/39,wp-kai-pryce-g,Kai Pryce G,17,WAL,Youth,Amateur,false,false,false,,0,0,,Amateur,,,,,,,,,,,,,70,98,72,67,69,83,71,15,18,7,5,2,71.42857142857143,0,,,,,,,0,126,23,16,7,69.56521739130434,0,0,0,"{""matches"":23,""wins"":16,""losses"":7,""draws"":0,""winPercentage"":69.56521739130434,""eventsEntered"":0,""titles"":0,""finals"":0,""prizeMoney"":0,""points"":0}",,,,,,,,,,,,,,,,false,false,false,,104,61,10,0,0,0,0,0,5,5,0,0,0,51,16,estimated from season exits versus eligible schedule | 51 eligible events not entered,Youth,normal,,,false,false,false,false,0,0,0,,0,false,,youth,youth,,,true,true,
2038/39,wp-kai-pryce-h,Kai Pryce H,17,WAL,Youth,Amateur,false,false,false,,0,0,,Amateur,,,,,,,,,,,,,65,80,67,62,64,78,71,15,18,7,5,2,71.42857142857143,0,,,,,,,0,116,15,10,5,66.66666666666666,0,0,0,"{""matches"":15,""wins"":10,""losses"":5,""draws"":0,""winPercentage"":66.66666666666666,""eventsEntered"":0,""titles"":0,""finals"":0,""prizeMoney"":0,""points"":0}",,,,,,,,,,,,,,,,false,false,false,,104,61,10,0,0,0,0,0,5,5,0,0,0,51,16,estimated from season exits versus eligible schedule | 51 eligible events not entered,Youth,normal,,,false,false,false,false,0,0,0,,0,false,,youth,youth,,,true,true,
2038/39,wp-kai-pryce-i,Kai Pryce I,17,WAL,Youth,Amateur,false,false,false,,0,0,,Amateur,,,,,,,,,,,,,70,95,72,67,69,83,71,15,18,7,5,2,71.42857142857143,0,,,,,,,0,115,7,5,2,71.42857142857143,0,0,0,"{""matches"":7,""wins"":5,""losses"":2,""draws"":0,""winPercentage"":71.42857142857143,""eventsEntered"":0,""titles"":0,""finals"":0,""prizeMoney"":0,""points"":0}",,,,,,,,,,,,,,,,false,false,false,,104,61,10,0,0,0,0,0,5,5,0,0,0,51,16,estimated from season exits versus eligible schedule | 51 eligible events not entered,Youth,normal,,,false,false,false,false,0,0,0,,0,false,,youth,youth,,,true,true,
2038/39,wp-kai-pryce-j,Kai Pryce J,14,WAL,Youth,Amateur,false,false,false,,0,0,,Amateur,,,,,,,,,,,,,50,78,52,44,50,59,42,0,18,,,,,,,,,,,,,,0,0,0,0,0,0,0,"{""matches"":0,""wins"":0,""losses"":0,""draws"":0,""winPercentage"":0,""eventsEntered"":0,""titles"":0,""finals"":0,""prizeMoney"":0,""points"":0}",,,,,,,,,,,,,,,,,false,false,,104,61,10,0,0,0,0,0,5,5,0,0,0,51,16,estimated from season exits versus eligible schedule | 51 eligible events not entered,Youth,normal,,,false,false,false,false,0,0,0,,0,false,,youth,youth,,,true,true,
2038/39,wp-kaito-ashford,Kaito Ashford,38,ENG,Amateur,Amateur,false,false,false,,0,0,,Amateur,,,,,,,,,,,,,72,72,73,70,69,90,82,0,18,0,0,0,,0,,,,,,,0,0,8,8,0,100,0,0,0,"{""matches"":8,""wins"":8,""losses"":0,""draws"":0,""winPercentage"":100,""eventsEntered"":0,""titles"":0,""finals"":0,""prizeMoney"":0,""points"":0}",,,,,,,,,,,,,,,,false,false,false,,104,42,15,0,0,0,0,0,10,5,0,0,0,27,11,estimated from season exits versus eligible schedule | 27 eligible events not entered,Amateur,normal,,,false,false,false,false,0,0,0,,0,false,,amateur,amateur,,,true,true,
2038/39,wp-kaito-barker,Kaito Barker,34,NIR,Amateur,Amateur,false,false,false,,0,0,,Amateur,,,,,,,,,,,,,72,72,74,70,71,90,82,0,18,0,0,0,,0,,,,,,,0,0,14,14,0,100,0,0,0,"{""matches"":14,""wins"":14,""losses"":0,""draws"":0,""winPercentage"":100,""eventsEntered"":0,""titles"":0,""finals"":0,""prizeMoney"":0,""points"":0}",,,,,,,,,,,,,,,,false,false,false,,104,42,15,0,0,0,0,0,10,5,0,0,0,27,11,estimated from season exits versus eligible schedule | 27 eligible events not entered,Amateur,normal,,,false,false,false,false,0,0,0,,0,false,,amateur,amateur,,,true,true,
2038/39,wp-kaito-caldwell,Kaito Caldwell,43,POL,Veteran,Amateur,false,false,false,,0,0,,Amateur,,,,,,,,,,,,,72,72,72,70,67,88,77,6,18,0,0,0,,0,,,,,,,0,0,14,14,0,100,0,0,0,"{""matches"":14,""wins"":14,""losses"":0,""draws"":0,""winPercentage"":100,""eventsEntered"":0,""titles"":0,""finals"":0,""prizeMoney"":0,""points"":0}",,,,,,,,,,,,,,,,false,false,false,,104,44,15,0,0,0,0,0,10,5,0,0,0,29,11,estimated from season exits versus eligible schedule | 29 eligible events not entered,Amateur,normal,,,false,false,false,false,0,0,0,,0,false,,amateur,amateur,,,true,true,
2038/39,wp-kaito-drayton,Kaito Drayton,61,IND,Veteran,Senior Tour / Legend Circuit,false,false,false,,0,0,,Amateur,,,,,,,,,,15,,,69,69,66,66,54,70,52,56,26,7,5,2,71.42857142857143,0,,,,,,,0,185,57,43,14,75.43859649122807,4,0,0,"{""matches"":57,""wins"":43,""losses"":14,""draws"":0,""winPercentage"":75.43859649122807,""eventsEntered"":0,""titles"":4,""finals"":0,""prizeMoney"":0,""points"":0}",,,,,,,,,,,,,,,,false,false,false,,104,14,11,0,0,0,0,0,0,0,0,0,11,3,0,estimated from season exits versus eligible schedule | 3 eligible events not entered,Senior/Legend,normal,,,false,false,false,false,0,0,0,,1,false,,amateur,senior,,,true,true,
2038/39,wp-kaito-easton,Kaito Easton,35,THA,Amateur,Amateur,false,false,false,,0,0,,Amateur,,,,,,,,,,,,,76,78,78,75,74,94,82,0,25,0,0,0,,0,,,,,,,0,0,12,12,0,100,0,0,251362,"{""matches"":12,""wins"":12,""losses"":0,""draws"":0,""winPercentage"":100,""eventsEntered"":0,""titles"":0,""finals"":0,""prizeMoney"":251362,""points"":0}",,,,,,,,,,,,,,98,,false,false,false,,104,42,15,0,0,0,0,0,10,5,0,0,0,27,11,estimated from season exits versus eligible schedule | 27 eligible events not entered,Amateur,normal,,,false,false,false,false,0,0,0,,0,false,,amateur,amateur,,,true,true,
2038/39,wp-kaito-forster,Kaito Forster,38,ESP,Amateur,Amateur,false,false,false,,0,0,,Amateur,,,,,,,,,,,,,72,72,73,70,69,90,82,0,18,0,0,0,,0,,,,,,,0,0,12,12,0,100,0,0,0,"{""matches"":12,""wins"":12,""losses"":0,""draws"":0,""winPercentage"":100,""eventsEntered"":0,""titles"":0,""finals"":0,""prizeMoney"":0,""points"":0}",,,,,,,,,,,,,,,,false,false,false,,104,42,15,0,0,0,0,0,10,5,0,0,0,27,11,estimated from season exits versus eligible schedule | 27 eligible events not entered,Amateur,normal,,,false,false,false,false,0,0,0,,0,false,,amateur,amateur,,,true,true,
2038/39,wp-kaito-sorensen,Kaito Sorensen,53,ESP,Veteran,Amateur,false,false,false,,0,0,,Amateur,,,,,,,,,,,,,71,73,69,68,61,79,56,23,27,0,0,0,,0,,,,,,,0,0,29,21,8,72.41379310344827,0,0,212461,"{""matches"":29,""wins"":21,""losses"":8,""draws"":0,""winPercentage"":72.41379310344827,""eventsEntered"":0,""titles"":0,""finals"":0,""prizeMoney"":212461,""points"":0}",,,,,,,,,,,,,,86,,false,false,false,,104,44,15,0,0,0,0,0,10,5,0,0,0,29,11,estimated from season exits versus eligible schedule | 29 eligible events not entered,Amateur,normal,,,false,false,false,false,0,0,0,,0,false,,amateur,amateur,,,true,true,
2038/39,wp-kaito-tremblay,Kaito Tremblay,33,WAL,Amateur,Amateur,false,false,false,,0,0,,Amateur,,,,,,,,,,,,,63,63,65,60,62,78,66,0,18,0,0,0,,0,,,,,,,0,0,47,28,19,59.57446808510638,0,0,0,"{""matches"":47,""wins"":28,""losses"":19,""draws"":0,""winPercentage"":59.57446808510638,""eventsEntered"":0,""titles"":0,""finals"":0,""prizeMoney"":0,""points"":0}",,,,,,,,,,,,,,,,false,false,false,,104,42,15,0,0,0,0,0,10,5,0,0,0,27,11,estimated from season exits versus eligible schedule | 27 eligible events not entered,Amateur,normal,,,false,false,false,false,0,0,0,,0,false,,amateur,amateur,,,true,true,
2038/39,wp-kaito-vos,Kaito Vos,44,SWE,Veteran,Amateur,false,false,false,,0,0,,Amateur,,,,,,,,,,,,,73,77,73,73,67,85,60,9,40,0,0,0,,0,,,,,,,0,0,84,51,33,60.71428571428571,0,0,1403473,"{""matches"":84,""wins"":51,""losses"":33,""draws"":0,""winPercentage"":60.71428571428571,""eventsEntered"":0,""titles"":0,""finals"":0,""prizeMoney"":1403473,""points"":0}",,,,,,,,,,,,,,51,,false,false,false,,104,44,15,0,0,0,0,0,10,5,0,0,0,29,11,estimated from season exits versus eligible schedule | 29 eligible events not entered,Amateur,normal,,,false,false,false,false,0,0,0,,0,false,,senior,amateur,,,true,true,
2038/39,wp-kieran-ashford,Kieran Ashford,38,IRL,Amateur,Amateur,false,false,false,,0,0,,Amateur,,,,,,,,,,,,,72,72,73,70,69,90,82,0,18,0,0,0,,0,,,,,,,0,0,10,10,0,100,0,0,0,"{""matches"":10,""wins"":10,""losses"":0,""draws"":0,""winPercentage"":100,""eventsEntered"":0,""titles"":0,""finals"":0,""prizeMoney"":0,""points"":0}",,,,,,,,,,,,,,,,false,false,false,,104,42,15,0,0,0,0,0,10,5,0,0,0,27,11,estimated from season exits versus eligible schedule | 27 eligible events not entered,Amateur,normal,,,false,false,false,false,0,0,0,,0,false,,amateur,amateur,,,true,true,
2038/39,wp-kieran-iqbal,Kieran Iqbal,32,NED,Amateur,Amateur,false,false,false,,0,0,,Amateur,,,,,,,,,,,,,67,69,69,65,66,82,67,0,26,0,0,0,,0,,,,,,,0,0,121,75,46,61.98347107438017,0,0,387716,"{""matches"":121,""wins"":75,""losses"":46,""draws"":0,""winPercentage"":61.98347107438017,""eventsEntered"":0,""titles"":0,""finals"":0,""prizeMoney"":387716,""points"":0}",,,,,,,,,,,,,,97,,false,false,false,,104,42,15,0,0,0,0,0,10,5,0,0,0,27,11,estimated from season exits versus eligible schedule | 27 eligible events not entered,Amateur,normal,,,false,false,false,false,0,0,0,,0,false,,amateur,amateur,,,true,true,
2038/39,wp-kieran-janssen,Kieran Janssen,39,NOR,Amateur,Amateur,false,false,false,,0,0,,Amateur,,,,,,,,,,,,,72,72,73,70,69,90,81,0,18,0,0,0,,0,,,,,,,0,0,12,12,0,100,0,0,0,"{""matches"":12,""wins"":12,""losses"":0,""draws"":0,""winPercentage"":100,""eventsEntered"":0,""titles"":0,""finals"":0,""prizeMoney"":0,""points"":0}",,,,,,,,,,,,,,,,false,false,false,,104,42,15,0,0,0,0,0,10,5,0,0,0,27,11,estimated from season exits versus eligible schedule | 27 eligible events not entered,Amateur,normal,,,false,false,false,false,0,0,0,,0,false,,amateur,amateur,,,true,true,
2038/39,wp-kieran-petrov,Kieran Petrov,33,BRA,Amateur,Amateur,false,false,false,,0,0,,Amateur,93,93,,93,,,,,,,93,,69,71,71,67,67,80,62,13,29,6,3,3,50,0,,,,,,,73422,456,135,85,50,62.96296296296296,0,0,673516,"{""matches"":135,""wins"":85,""losses"":50,""draws"":0,""winPercentage"":62.96296296296296,""eventsEntered"":0,""titles"":0,""finals"":0,""prizeMoney"":673516,""points"":0}",,,,,,,,,,,,,,87,,false,false,false,,104,42,15,0,0,0,0,0,10,5,0,0,0,27,11,estimated from season exits versus eligible schedule | 27 eligible events not entered,Amateur,normal,,,false,false,false,false,3,5,128922,,0,false,,amateur,amateur,,,true,true,
2038/39,wp-kieran-sorensen,Kieran Sorensen,45,SCO,Veteran,Amateur,false,false,false,,0,0,,Amateur,,,,,,,,,,,,,77,83,77,78,71,88,58,10,49,0,0,0,,0,,,,,,,0,0,86,49,37,56.97674418604651,0,0,1584438,"{""matches"":86,""wins"":49,""losses"":37,""draws"":0,""winPercentage"":56.97674418604651,""eventsEntered"":0,""titles"":0,""finals"":0,""prizeMoney"":1584438,""points"":0}",,,,,,,,,,,,,,5,,false,false,false,,104,44,15,0,0,0,0,0,10,5,0,0,0,29,11,estimated from season exits versus eligible schedule | 29 eligible events not entered,Amateur,normal,,,false,false,false,false,0,3,73711,,0,false,,senior,amateur,,,true,true,
2038/39,wp-kieran-urban,Kieran Urban,37,AUS,Amateur,Amateur,false,false,false,,0,0,,Amateur,,,,,,,,,,,,,68,70,69,66,66,83,67,0,27,0,0,0,,0,,,,,,,0,0,37,23,14,62.16216216216216,0,0,357282,"{""matches"":37,""wins"":23,""losses"":14,""draws"":0,""winPercentage"":62.16216216216216,""eventsEntered"":0,""titles"":0,""finals"":0,""prizeMoney"":357282,""points"":0}",,,,,,,,,,,,,,88,,false,false,false,,104,42,15,0,0,0,0,0,10,5,0,0,0,27,11,estimated from season exits versus eligible schedule | 27 eligible events not entered,Amateur,normal,,,false,false,false,false,0,0,0,,0,false,,amateur,amateur,,,true,true,
2038/39,wp-kieran-verma,Kieran Verma,40,PAK,Veteran,Amateur,false,false,false,,0,0,,Amateur,,,,,,,,,,,,,70,72,71,68,66,84,67,2,26,0,0,0,,0,,,,,,,0,0,25,17,8,68,0,0,209571,"{""matches"":25,""wins"":17,""losses"":8,""draws"":0,""winPercentage"":68,""eventsEntered"":0,""titles"":0,""finals"":0,""prizeMoney"":209571,""points"":0}",,,,,,,,,,,,,,89,,false,false,false,,104,44,15,0,0,0,0,0,10,5,0,0,0,29,11,estimated from season exits versus eligible schedule | 29 eligible events not entered,Amateur,normal,,,false,false,false,false,0,0,0,,0,false,,amateur,amateur,,,true,true,
2038/39,wp-kieran-whitaker,Kieran Whitaker,32,NOR,Amateur,Q School,false,false,false,,0,0,,Amateur,,,,,,,25,16,23,,,,67,69,69,65,65,78,65,16,24,7,4,3,57.14285714285714,0,,,,,,,0,169,127,75,52,59.055118110236215,0,0,164188,"{""matches"":127,""wins"":75,""losses"":52,""draws"":0,""winPercentage"":59.055118110236215,""eventsEntered"":0,""titles"":0,""finals"":0,""prizeMoney"":164188,""points"":0}",,,,,,,,,,,,,,98,,false,false,false,,104,42,4,0,0,0,0,0,0,4,0,0,0,38,22,estimated from season exits versus eligible schedule | 38 eligible events not entered,Q School,normal,,,false,false,false,false,0,0,0,,0,false,,qSchool,qSchool,,,true,true,
2038/39,wp-kieran-yates,Kieran Yates,29,FRA,Amateur,Amateur,false,false,false,,0,0,,Amateur,94,94,,94,,,44,,,,94,,69,71,71,66,68,80,58,10,26,5,2,3,40,0,,,,,,,54633,340,163,110,53,67.48466257668711,0,0,406711,"{""matches"":163,""wins"":110,""losses"":53,""draws"":0,""winPercentage"":67.48466257668711,""eventsEntered"":0,""titles"":0,""finals"":0,""prizeMoney"":406711,""points"":0}",,,,,,,,,,,,,,94,,false,false,false,,104,42,15,0,0,0,0,0,10,5,0,0,0,27,11,estimated from season exits versus eligible schedule | 27 eligible events not entered,Amateur,normal,,,false,false,false,false,2,5,128055,,0,false,,amateur,amateur,,,true,true,
2038/39,wp-lennon-barker,Lennon Barker,40,BEL,Veteran,Amateur,false,false,false,,0,0,,Amateur,95,95,,95,,,,,,,95,,68,70,69,65,63,77,60,21,25,6,3,3,50,0,,,,,,,72555,451,74,47,27,63.51351351351351,0,0,145399,"{""matches"":74,""wins"":47,""losses"":27,""draws"":0,""winPercentage"":63.51351351351351,""eventsEntered"":0,""titles"":0,""finals"":0,""prizeMoney"":145399,""points"":0}",,,,,,,,,,,,,,95,,false,false,false,,104,44,15,0,0,0,0,0,10,5,0,0,0,29,11,estimated from season exits versus eligible schedule | 29 eligible events not entered,Amateur,normal,,,false,false,false,false,3,6,145399,,0,false,,amateur,amateur,,,true,true,
2038/39,wp-lennon-caldwell,Lennon Caldwell,37,AUS,Amateur,Amateur,false,false,false,,0,0,,Amateur,,,,,,,,,,,,,68,68,69,66,66,85,75,0,18,0,0,0,,0,,,,,,,0,0,18,15,3,83.33333333333334,0,0,0,"{""matches"":18,""wins"":15,""losses"":3,""draws"":0,""winPercentage"":83.33333333333334,""eventsEntered"":0,""titles"":0,""finals"":0,""prizeMoney"":0,""points"":0}",,,,,,,,,,,,,,,,false,false,false,,104,42,15,0,0,0,0,0,10,5,0,0,0,27,11,estimated from season exits versus eligible schedule | 27 eligible events not entered,Amateur,normal,,,false,false,false,false,0,0,0,,0,false,,amateur,amateur,,,true,true,
2038/39,wp-lennon-drayton,Lennon Drayton,40,PAK,Veteran,Amateur,false,false,false,,0,0,,Amateur,,,,,,,,,,,,,72,72,73,70,68,89,80,1,18,0,0,0,,0,,,,,,,0,0,8,8,0,100,0,0,0,"{""matches"":8,""wins"":8,""losses"":0,""draws"":0,""winPercentage"":100,""eventsEntered"":0,""titles"":0,""finals"":0,""prizeMoney"":0,""points"":0}",,,,,,,,,,,,,,,,false,false,false,,104,44,15,0,0,0,0,0,10,5,0,0,0,29,11,estimated from season exits versus eligible schedule | 29 eligible events not entered,Amateur,normal,,,false,false,false,false,0,0,0,,0,false,,amateur,amateur,,,true,true,
2038/39,wp-lennon-easton,Lennon Easton,39,NOR,Amateur,Amateur,false,false,false,,0,0,,Amateur,,,,,,,,,,,,,72,72,73,70,69,90,81,0,18,0,0,0,,0,,,,,,,0,0,10,10,0,100,0,0,0,"{""matches"":10,""wins"":10,""losses"":0,""draws"":0,""winPercentage"":100,""eventsEntered"":0,""titles"":0,""finals"":0,""prizeMoney"":0,""points"":0}",,,,,,,,,,,,,,,,false,false,false,,104,42,15,0,0,0,0,0,10,5,0,0,0,27,11,estimated from season exits versus eligible schedule | 27 eligible events not entered,Amateur,normal,,,false,false,false,false,0,0,0,,0,false,,amateur,amateur,,,true,true,
2038/39,wp-lennon-grimaldi,Lennon Grimaldi,38,IRL,Amateur,Amateur,false,false,false,,0,0,,Amateur,,,,,,,,,,,,,65,65,66,62,62,80,69,0,18,0,0,0,,0,,,,,,,0,0,30,20,10,66.66666666666666,0,0,0,"{""matches"":30,""wins"":20,""losses"":10,""draws"":0,""winPercentage"":66.66666666666666,""eventsEntered"":0,""titles"":0,""finals"":0,""prizeMoney"":0,""points"":0}",,,,,,,,,,,,,,,,false,false,false,,104,42,15,0,0,0,0,0,10,5,0,0,0,27,11,estimated from season exits versus eligible schedule | 27 eligible events not entered,Amateur,normal,,,false,false,false,false,0,0,0,,0,false,,amateur,amateur,,,true,true,
2038/39,wp-lennon-kovacs,Lennon Kovacs,46,ITA,Veteran,Amateur,false,false,false,,0,0,,Amateur,,,,,,,,,,,,,74,79,74,73,67,85,58,12,40,0,0,0,,0,,,,,,,0,0,57,34,23,59.64912280701754,0,0,1124494,"{""matches"":57,""wins"":34,""losses"":23,""draws"":0,""winPercentage"":59.64912280701754,""eventsEntered"":0,""titles"":0,""finals"":0,""prizeMoney"":1124494,""points"":0}",,,,,,,,,,,,,,38,,false,false,false,,104,44,15,0,0,0,0,0,10,5,0,0,0,29,11,estimated from season exits versus eligible schedule | 29 eligible events not entered,Amateur,normal,,,false,false,false,false,0,0,0,,0,false,,senior,amateur,,,true,true,
2038/39,wp-lennon-mendoza,Lennon Mendoza,57,SCO,Veteran,Amateur,false,false,false,,0,0,,Amateur,,,,,,,,,,,,,68,70,65,64,56,73,47,29,26,0,0,0,,0,,,,,,,0,0,35,21,14,60,0,0,170836,"{""matches"":35,""wins"":21,""losses"":14,""draws"":0,""winPercentage"":60,""eventsEntered"":0,""titles"":0,""finals"":0,""prizeMoney"":170836,""points"":0}",,,,,,,,,,,,,,90,,false,false,false,,104,44,15,0,0,0,0,0,10,5,0,0,0,29,11,estimated from season exits versus eligible schedule | 29 eligible events not entered,Amateur,normal,,,false,false,false,false,0,0,0,,0,false,,amateur,amateur,,,true,true,
2038/39,wp-lennon-rahman,Lennon Rahman,40,CHN,Veteran,Amateur,false,false,false,,0,0,,Amateur,,,,,,,,,,,,,78,81,79,78,74,95,80,1,29,0,0,0,,0,,,,,,,0,0,12,12,0,100,0,0,304278,"{""matches"":12,""wins"":12,""losses"":0,""draws"":0,""winPercentage"":100,""eventsEntered"":0,""titles"":0,""finals"":0,""prizeMoney"":304278,""points"":0}",,,,,,,,,,,,,,78,,false,false,false,,104,44,15,0,0,0,0,0,10,5,0,0,0,29,11,estimated from season exits versus eligible schedule | 29 eligible events not entered,Amateur,normal,,,false,false,false,false,0,0,0,,0,false,,amateur,amateur,,,true,true,
2038/39,wp-lennon-tremblay,Lennon Tremblay,41,IRL,Veteran,Amateur,false,false,false,,0,0,,Amateur,,,,,,,,,,,,,69,70,70,67,65,83,67,4,23,0,0,0,,0,,,,,,,0,0,65,46,19,70.76923076923077,0,0,145399,"{""matches"":65,""wins"":46,""losses"":19,""draws"":0,""winPercentage"":70.76923076923077,""eventsEntered"":0,""titles"":0,""finals"":0,""prizeMoney"":145399,""points"":0}",,,,,,,,,,,,,,102,,false,false,false,,104,44,15,0,0,0,0,0,10,5,0,0,0,29,11,estimated from season exits versus eligible schedule | 29 eligible events not entered,Amateur,normal,,,false,false,false,false,0,0,0,,0,false,,amateur,amateur,,,true,true,
2038/39,wp-lennon-urban,Lennon Urban,37,NED,Amateur,Amateur,false,false,false,,0,0,,Amateur,,,,,,,,,,,,,72,72,73,70,70,90,82,0,18,0,0,0,,0,,,,,,,0,0,14,14,0,100,0,0,0,"{""matches"":14,""wins"":14,""losses"":0,""draws"":0,""winPercentage"":100,""eventsEntered"":0,""titles"":0,""finals"":0,""prizeMoney"":0,""points"":0}",,,,,,,,,,,,,,,,false,false,false,,104,42,15,0,0,0,0,0,10,5,0,0,0,27,11,estimated from season exits versus eligible schedule | 27 eligible events not entered,Amateur,normal,,,false,false,false,false,0,0,0,,0,false,,amateur,amateur,,,true,true,
2038/39,wp-lorenzo-ashford,Lorenzo Ashford,29,NIR,Amateur,Amateur,false,false,false,,0,0,,Amateur,96,96,,96,,,45,,,,96,,69,71,71,66,68,80,58,10,25,5,2,3,40,0,,,,,,,53766,334,147,99,48,67.3469387755102,0,0,292243,"{""matches"":147,""wins"":99,""losses"":48,""draws"":0,""winPercentage"":67.3469387755102,""eventsEntered"":0,""titles"":0,""finals"":0,""prizeMoney"":292243,""points"":0}",,,,,,,,,,,,,,96,,false,false,false,,104,42,15,0,0,0,0,0,10,5,0,0,0,27,11,estimated from season exits versus eligible schedule | 27 eligible events not entered,Amateur,normal,,,false,false,false,false,2,4,107821,,0,false,,amateur,amateur,,,true,true,
2038/39,wp-lorenzo-barker,Lorenzo Barker,27,POL,Amateur,Amateur,false,false,false,,0,0,,Amateur,97,97,,97,,,35,,,,97,,70,72,72,67,69,81,59,10,27,5,2,3,40,0,,,,,,,53477,332,159,110,49,69.18238993710692,1,0,326931,"{""matches"":159,""wins"":110,""losses"":49,""draws"":0,""winPercentage"":69.18238993710692,""eventsEntered"":0,""titles"":1,""finals"":0,""prizeMoney"":326931,""points"":0}",,,,,,,,,,,,,,97,,false,false,false,,104,42,15,0,0,0,0,0,10,5,0,0,0,27,11,estimated from season exits versus eligible schedule | 27 eligible events not entered,Amateur,normal,,,false,false,false,false,2,6,144243,,0,false,,qTour,amateur,,,true,true,
2038/39,wp-lorenzo-drayton,Lorenzo Drayton,35,JPN,Amateur,Amateur,false,false,false,,0,0,,Amateur,,,,,,,,,,,,,67,68,69,65,65,82,67,0,24,0,0,0,,0,,,,,,,0,0,110,69,41,62.727272727272734,0,0,145110,"{""matches"":110,""wins"":69,""losses"":41,""draws"":0,""winPercentage"":62.727272727272734,""eventsEntered"":0,""titles"":0,""finals"":0,""prizeMoney"":145110,""points"":0}",,,,,,,,,,,,,,101,,false,false,false,,104,42,15,0,0,0,0,0,10,5,0,0,0,27,11,estimated from season exits versus eligible schedule | 27 eligible events not entered,Amateur,normal,,,false,false,false,false,0,0,0,,0,false,,amateur,amateur,,,true,true,
2038/39,wp-lorenzo-kovacs,Lorenzo Kovacs,37,ENG,Amateur,Amateur,false,false,false,,0,0,,Amateur,,,,,,,,,,,,,72,72,73,70,70,90,82,0,18,0,0,0,,0,,,,,,,0,0,12,12,0,100,0,0,0,"{""matches"":12,""wins"":12,""losses"":0,""draws"":0,""winPercentage"":100,""eventsEntered"":0,""titles"":0,""finals"":0,""prizeMoney"":0,""points"":0}",,,,,,,,,,,,,,,,false,false,false,,104,42,15,0,0,0,0,0,10,5,0,0,0,27,11,estimated from season exits versus eligible schedule | 27 eligible events not entered,Amateur,normal,,,false,false,false,false,0,0,0,,0,false,,amateur,amateur,,,true,true,
2038/39,wp-lorenzo-petrov,Lorenzo Petrov,34,JPN,Amateur,Amateur,false,false,false,,0,0,,Amateur,,,,,,,,,,,,,68,70,70,66,67,83,67,0,28,0,0,0,,0,,,,,,,0,0,127,78,49,61.417322834645674,0,0,531876,"{""matches"":127,""wins"":78,""losses"":49,""draws"":0,""winPercentage"":61.417322834645674,""eventsEntered"":0,""titles"":0,""finals"":0,""prizeMoney"":531876,""points"":0}",,,,,,,,,,,,,,91,,false,false,false,,104,42,15,0,0,0,0,0,10,5,0,0,0,27,11,estimated from season exits versus eligible schedule | 27 eligible events not entered,Amateur,normal,,,false,false,false,false,0,0,0,,0,false,,amateur,amateur,,,true,true,
2038/39,wp-lorenzo-rahman,Lorenzo Rahman,58,ESP,Veteran,Amateur,false,false,false,,0,0,,Amateur,,,,,,,,,,,,,72,72,69,68,60,80,62,30,18,0,0,0,,0,,,,,,,0,0,14,14,0,100,0,0,0,"{""matches"":14,""wins"":14,""losses"":0,""draws"":0,""winPercentage"":100,""eventsEntered"":0,""titles"":0,""finals"":0,""prizeMoney"":0,""points"":0}",,,,,,,,,,,,,,,,false,false,false,,104,44,15,0,0,0,0,0,10,5,0,0,0,29,11,estimated from season exits versus eligible schedule | 29 eligible events not entered,Amateur,normal,,,false,false,false,false,0,0,0,,0,false,,amateur,amateur,,,true,true,
2038/39,wp-lorenzo-verma,Lorenzo Verma,35,POL,Amateur,Amateur,false,false,false,,0,0,,Amateur,,,,,,,,,,,,,77,79,79,77,75,95,82,0,27,0,0,0,,0,,,,,,,0,0,12,12,0,100,0,0,282686,"{""matches"":12,""wins"":12,""losses"":0,""draws"":0,""winPercentage"":100,""eventsEntered"":0,""titles"":0,""finals"":0,""prizeMoney"":282686,""points"":0}",,,,,,,,,,,,,,86,,false,false,false,,104,42,15,0,0,0,0,0,10,5,0,0,0,27,11,estimated from season exits versus eligible schedule | 27 eligible events not entered,Amateur,normal,,,false,false,false,false,0,0,0,,0,false,,amateur,amateur,,,true,true,
2038/39,wp-lorenzo-whitaker,Lorenzo Whitaker,35,SWE,Amateur,Amateur,false,false,false,,0,0,,Amateur,,,,,,,,,,,,,70,72,72,69,68,85,70,0,27,0,0,0,,0,,,,,,,0,0,39,27,12,69.23076923076923,0,0,423766,"{""matches"":39,""wins"":27,""losses"":12,""draws"":0,""winPercentage"":69.23076923076923,""eventsEntered"":0,""titles"":0,""finals"":0,""prizeMoney"":423766,""points"":0}",,,,,,,,,,,,,,92,,false,false,false,,104,42,15,0,0,0,0,0,10,5,0,0,0,27,11,estimated from season exits versus eligible schedule | 27 eligible events not entered,Amateur,normal,,,false,false,false,false,0,0,0,,0,false,,amateur,amateur,,,true,true,
2038/39,wp-lorenzo-yates,Lorenzo Yates,34,ENG,Amateur,Amateur,false,false,false,,0,0,,Amateur,,,,,,,,,,,,,72,72,74,70,71,90,82,0,18,0,0,0,,0,,,,,,,0,0,12,12,0,100,0,0,0,"{""matches"":12,""wins"":12,""losses"":0,""draws"":0,""winPercentage"":100,""eventsEntered"":0,""titles"":0,""finals"":0,""prizeMoney"":0,""points"":0}",,,,,,,,,,,,,,,,false,false,false,,104,42,15,0,0,0,0,0,10,5,0,0,0,27,11,estimated from season exits versus eligible schedule | 27 eligible events not entered,Amateur,normal,,,false,false,false,false,0,0,0,,0,false,,amateur,amateur,,,true,true,
2038/39,wp-luca-mercer-a,Luca Mercer A,24,ENG,Amateur,Q School,false,false,false,,0,0,,Amateur,,,,,,,19,23,21,,,,68,82,70,66,66,78,66,25,25,10,6,4,60,0,,,,,,,0,273,90,58,32,64.44444444444444,0,0,305830,"{""matches"":90,""wins"":58,""losses"":32,""draws"":0,""winPercentage"":64.44444444444444,""eventsEntered"":0,""titles"":0,""finals"":0,""prizeMoney"":305830,""points"":0}",,,,,,,,,,,,,,99,,false,false,false,,104,42,4,0,0,0,0,0,0,4,0,0,0,38,22,estimated from season exits versus eligible schedule | 38 eligible events not entered,Q School,normal,,,false,false,false,false,0,3,71688,,0,false,,qSchool,qSchool,,,true,true,
2038/39,wp-luca-mercer-h,Luca Mercer H,16,SCO,Youth,Amateur,false,false,false,,0,0,,Amateur,,,,,,,,,,,,,65,75,67,62,64,78,71,15,18,7,5,2,71.42857142857143,0,,,,,,,0,116,15,10,5,66.66666666666666,0,0,0,"{""matches"":15,""wins"":10,""losses"":5,""draws"":0,""winPercentage"":66.66666666666666,""eventsEntered"":0,""titles"":0,""finals"":0,""prizeMoney"":0,""points"":0}",,,,,,,,,,,,,,,,false,false,false,,104,61,10,0,0,0,0,0,5,5,0,0,0,51,16,estimated from season exits versus eligible schedule | 51 eligible events not entered,Youth,normal,,,false,false,false,false,0,0,0,,0,false,,youth,youth,,,true,true,
2038/39,wp-luca-mercer-i,Luca Mercer I,16,SCO,Youth,Amateur,false,false,false,,0,0,,Amateur,,,,,,,,,,,,,64,88,66,61,63,75,65,16,18,7,4,3,57.14285714285714,0,,,,,,,0,95,7,4,3,57.14285714285714,0,0,0,"{""matches"":7,""wins"":4,""losses"":3,""draws"":0,""winPercentage"":57.14285714285714,""eventsEntered"":0,""titles"":0,""finals"":0,""prizeMoney"":0,""points"":0}",,,,,,,,,,,,,,,,false,false,false,,104,61,10,0,0,0,0,0,5,5,0,0,0,51,16,estimated from season exits versus eligible schedule | 51 eligible events not entered,Youth,normal,,,false,false,false,false,0,0,0,,0,false,,youth,youth,,,true,true,
2038/39,wp-luca-mercer-j,Luca Mercer J,16,SCO,Youth,Amateur,false,false,false,,0,0,,Amateur,,,,,,,,,,,,,50,78,52,44,50,59,42,0,18,,,,,,,,,,,,,,0,0,0,0,0,0,0,"{""matches"":0,""wins"":0,""losses"":0,""draws"":0,""winPercentage"":0,""eventsEntered"":0,""titles"":0,""finals"":0,""prizeMoney"":0,""points"":0}",,,,,,,,,,,,,,,,,false,false,,104,61,10,0,0,0,0,0,5,5,0,0,0,51,16,estimated from season exits versus eligible schedule | 51 eligible events not entered,Youth,normal,,,false,false,false,false,0,0,0,,0,false,,youth,youth,,,true,true,
2038/39,wp-malik-ashford,Malik Ashford,38,BEL,Amateur,Amateur,false,false,false,,0,0,,Amateur,,,,,,,,,,,,,69,69,70,65,65,80,62,12,18,4,2,2,50,0,,,,,,,0,49,16,14,2,87.5,0,0,0,"{""matches"":16,""wins"":14,""losses"":2,""draws"":0,""winPercentage"":87.5,""eventsEntered"":0,""titles"":0,""finals"":0,""prizeMoney"":0,""points"":0}",,,,,,,,,,,,,,,,false,false,false,,104,42,15,0,0,0,0,0,10,5,0,0,0,27,11,estimated from season exits versus eligible schedule | 27 eligible events not entered,Amateur,normal,,,false,false,false,false,0,0,0,,0,false,,amateur,amateur,,,true,true,
2038/39,wp-malik-barker,Malik Barker,34,AUS,Amateur,Q School,false,false,false,,0,0,,Amateur,,,,,,,26,14,20,,,,69,69,71,66,66,80,65,16,18,7,4,3,57.14285714285714,0,,,,,,,0,170,21,18,3,85.71428571428571,0,0,0,"{""matches"":21,""wins"":18,""losses"":3,""draws"":0,""winPercentage"":85.71428571428571,""eventsEntered"":0,""titles"":0,""finals"":0,""prizeMoney"":0,""points"":0}",,,,,,,,,,,,,,,,false,false,false,,104,42,4,0,0,0,0,0,0,4,0,0,0,38,22,estimated from season exits versus eligible schedule | 38 eligible events not entered,Q School,normal,,,false,false,false,false,0,0,0,,0,false,,qSchool,qSchool,,,true,true,
2038/39,wp-malik-caldwell,Malik Caldwell,29,PAK,Amateur,Q School,false,false,false,,0,0,,Amateur,100,100,,100,,,40,32,27,,100,,68,69,70,65,67,79,62,13,25,6,3,3,50,0,,,,,,,70820,440,142,94,48,66.19718309859155,0,0,342828,"{""matches"":142,""wins"":94,""losses"":48,""draws"":0,""winPercentage"":66.19718309859155,""eventsEntered"":0,""titles"":0,""finals"":0,""prizeMoney"":342828,""points"":0}",,,,,,,,,,,,,,100,,false,false,false,,104,42,4,0,0,0,0,0,0,4,0,0,0,38,22,estimated from season exits versus eligible schedule | 38 eligible events not entered,Q School,normal,,,false,false,false,false,3,7,160140,,0,false,,amateur,qSchool,,,true,true,
2038/39,wp-malik-easton,Malik Easton,43,FRA,Veteran,Amateur,false,false,false,,0,0,,Amateur,,,,,,,,,,,,,72,72,72,70,67,88,77,6,18,0,0,0,,0,,,,,,,0,0,12,12,0,100,0,0,0,"{""matches"":12,""wins"":12,""losses"":0,""draws"":0,""winPercentage"":100,""eventsEntered"":0,""titles"":0,""finals"":0,""prizeMoney"":0,""points"":0}",,,,,,,,,,,,,,,,false,false,false,,104,44,15,0,0,0,0,0,10,5,0,0,0,29,11,estimated from season exits versus eligible schedule | 29 eligible events not entered,Amateur,normal,,,false,false,false,false,0,0,0,,0,false,,amateur,amateur,,,true,true,
2038/39,wp-malik-iversen,Malik Iversen,37,AUS,Amateur,Amateur,false,false,false,,0,0,,Amateur,,,,,,,,,,,,,79,82,80,79,77,97,82,0,30,0,0,0,,0,,,,,,,0,0,12,12,0,100,0,0,349256,"{""matches"":12,""wins"":12,""losses"":0,""draws"":0,""winPercentage"":100,""eventsEntered"":0,""titles"":0,""finals"":0,""prizeMoney"":349256,""points"":0}",,,,,,,,,,,,,,71,,false,false,false,,104,42,15,0,0,0,0,0,10,5,0,0,0,27,11,estimated from season exits versus eligible schedule | 27 eligible events not entered,Amateur,normal,,,false,false,false,false,0,0,0,,0,false,,amateur,amateur,,,true,true,
2038/39,wp-malik-langford,Malik Langford,34,BEL,Amateur,Amateur,false,false,false,,0,0,,Amateur,,,,,,,,,,,,,72,72,74,70,71,90,82,0,18,0,0,0,,0,,,,,,,0,0,12,12,0,100,0,0,0,"{""matches"":12,""wins"":12,""losses"":0,""draws"":0,""winPercentage"":100,""eventsEntered"":0,""titles"":0,""finals"":0,""prizeMoney"":0,""points"":0}",,,,,,,,,,,,,,,,false,false,false,,104,42,15,0,0,0,0,0,10,5,0,0,0,27,11,estimated from season exits versus eligible schedule | 27 eligible events not entered,Amateur,normal,,,false,false,false,false,0,0,0,,0,false,,amateur,amateur,,,true,true,
2038/39,wp-malik-rahman,Malik Rahman,34,FRA,Amateur,Amateur,false,false,false,,0,0,,Amateur,,,,,,,,,,,,,68,70,70,66,67,83,67,0,26,0,0,0,,0,,,,,,,0,0,60,37,23,61.66666666666667,0,0,384452,"{""matches"":60,""wins"":37,""losses"":23,""draws"":0,""winPercentage"":61.66666666666667,""eventsEntered"":0,""titles"":0,""finals"":0,""prizeMoney"":384452,""points"":0}",,,,,,,,,,,,,,93,,false,false,false,,104,42,15,0,0,0,0,0,10,5,0,0,0,27,11,estimated from season exits versus eligible schedule | 27 eligible events not entered,Amateur,normal,,,false,false,false,false,0,0,0,,0,false,,amateur,amateur,,,true,true,
2038/39,wp-malik-rossi,Malik Rossi,43,SCO,Veteran,Amateur,false,false,false,,0,0,,Amateur,,,,,,,,,,,,,67,67,67,64,62,80,67,7,20,0,0,0,,0,,,,,,,0,0,23,17,6,73.91304347826086,0,0,156190,"{""matches"":23,""wins"":17,""losses"":6,""draws"":0,""winPercentage"":73.91304347826086,""eventsEntered"":0,""titles"":0,""finals"":0,""prizeMoney"":156190,""points"":0}",,,,,,,,,,,,,,120,,false,false,false,,104,44,15,0,0,0,0,0,10,5,0,0,0,29,11,estimated from season exits versus eligible schedule | 29 eligible events not entered,Amateur,normal,,,false,false,false,false,0,0,0,,0,false,,amateur,amateur,,,true,true,
2038/39,wp-malik-sorensen,Malik Sorensen,38,IRL,Amateur,Amateur,false,false,false,,0,0,,Amateur,,,,,,,,,,,,,67,68,68,65,64,82,69,0,23,0,0,0,,0,,,,,,,0,0,61,41,20,67.21311475409836,0,0,160429,"{""matches"":61,""wins"":41,""losses"":20,""draws"":0,""winPercentage"":67.21311475409836,""eventsEntered"":0,""titles"":0,""finals"":0,""prizeMoney"":160429,""points"":0}",,,,,,,,,,,,,,106,,false,false,false,,104,42,15,0,0,0,0,0,10,5,0,0,0,27,11,estimated from season exits versus eligible schedule | 27 eligible events not entered,Amateur,normal,,,false,false,false,false,0,0,0,,0,false,,amateur,amateur,,,true,true,
2038/39,wp-malik-yates,Malik Yates,41,SCO,Veteran,Amateur,false,false,false,,0,0,,Amateur,,,,,,,,,,,,,72,72,73,70,68,89,79,3,18,0,0,0,,0,,,,,,,0,0,8,8,0,100,0,0,0,"{""matches"":8,""wins"":8,""losses"":0,""draws"":0,""winPercentage"":100,""eventsEntered"":0,""titles"":0,""finals"":0,""prizeMoney"":0,""points"":0}",,,,,,,,,,,,,,,,false,false,false,,104,44,15,0,0,0,0,0,10,5,0,0,0,29,11,estimated from season exits versus eligible schedule | 29 eligible events not entered,Amateur,normal,,,false,false,false,false,0,0,0,,0,false,,amateur,amateur,,,true,true,
2038/39,wp-mateo-barker,Mateo Barker,65,GER,Veteran,Senior Tour / Legend Circuit,false,false,false,,0,0,,Amateur,,,,,,,,,,6,,,71,71,67,68,54,72,52,59,26,6,5,1,83.33333333333334,0,,,,,,,0,192,51,42,9,82.35294117647058,4,0,0,"{""matches"":51,""wins"":42,""losses"":9,""draws"":0,""winPercentage"":82.35294117647058,""eventsEntered"":0,""titles"":4,""finals"":0,""prizeMoney"":0,""points"":0}",,,,,,,,,,,,,,,,false,false,false,,104,14,11,0,0,0,0,0,0,0,0,0,11,3,0,estimated from season exits versus eligible schedule | 3 eligible events not entered,Senior/Legend,normal,,,false,false,false,false,0,0,0,,0,false,,amateur,senior,,,true,true,
2038/39,wp-mateo-caldwell,Mateo Caldwell,35,THA,Amateur,Amateur,false,false,false,,0,0,,Amateur,,,,,,,,,,,,,72,72,74,70,70,90,82,0,18,0,0,0,,0,,,,,,,0,0,8,8,0,100,0,0,0,"{""matches"":8,""wins"":8,""losses"":0,""draws"":0,""winPercentage"":100,""eventsEntered"":0,""titles"":0,""finals"":0,""prizeMoney"":0,""points"":0}",,,,,,,,,,,,,,,,false,false,false,,104,42,15,0,0,0,0,0,10,5,0,0,0,27,11,estimated from season exits versus eligible schedule | 27 eligible events not entered,Amateur,normal,,,false,false,false,false,0,0,0,,0,false,,amateur,amateur,,,true,true,
2038/39,wp-mateo-easton,Mateo Easton,43,SWE,Veteran,Amateur,false,false,false,,0,0,,Amateur,,,,,,,,,,,,,72,72,72,70,67,88,77,6,18,0,0,0,,0,,,,,,,0,0,8,8,0,100,0,0,0,"{""matches"":8,""wins"":8,""losses"":0,""draws"":0,""winPercentage"":100,""eventsEntered"":0,""titles"":0,""finals"":0,""prizeMoney"":0,""points"":0}",,,,,,,,,,,,,,,,false,false,false,,104,44,15,0,0,0,0,0,10,5,0,0,0,29,11,estimated from season exits versus eligible schedule | 29 eligible events not entered,Amateur,normal,,,false,false,false,false,0,0,0,,0,false,,amateur,amateur,,,true,true,
2038/39,wp-mateo-el-sayed,Mateo El-Sayed,41,IND,Veteran,Amateur,false,false,false,,0,0,,Safe,41,41,,41,,,,,,,41,,73,77,74,73,67,82,59,22,41,6,3,3,50,0,,,,,,,70242,437,89,51,38,57.30337078651685,0,0,1295261,"{""matches"":89,""wins"":51,""losses"":38,""draws"":0,""winPercentage"":57.30337078651685,""eventsEntered"":0,""titles"":0,""finals"":0,""prizeMoney"":1295261,""points"":0}",,,,,,,,,,,,,,41,,false,false,false,,104,44,15,0,0,0,0,0,10,5,0,0,0,29,11,estimated from season exits versus eligible schedule | 29 eligible events not entered,Amateur,normal,,,true,false,false,false,3,5,121984,,0,false,,senior,amateur,,,true,true,
2038/39,wp-mateo-forster,Mateo Forster,38,ENG,Amateur,Amateur,false,false,false,,0,0,,Amateur,,,,,,,,,,,,,72,72,73,70,69,90,82,0,18,0,0,0,,0,,,,,,,0,0,10,10,0,100,0,0,0,"{""matches"":10,""wins"":10,""losses"":0,""draws"":0,""winPercentage"":100,""eventsEntered"":0,""titles"":0,""finals"":0,""prizeMoney"":0,""points"":0}",,,,,,,,,,,,,,,,false,false,false,,104,42,15,0,0,0,0,0,10,5,0,0,0,27,11,estimated from season exits versus eligible schedule | 27 eligible events not entered,Amateur,normal,,,false,false,false,false,0,0,0,,0,false,,amateur,amateur,,,true,true,
2038/39,wp-mateo-harrington,Mateo Harrington,27,POL,Amateur,Q School,false,false,false,,0,0,,Amateur,,,,,,,9,17,13,,,,68,70,70,65,66,78,62,19,24,8,4,4,50,0,,,,,,,0,209,131,86,45,65.64885496183206,0,0,302649,"{""matches"":131,""wins"":86,""losses"":45,""draws"":0,""winPercentage"":65.64885496183206,""eventsEntered"":0,""titles"":0,""finals"":0,""prizeMoney"":302649,""points"":0}",,,,,,,,,,,,,,102,,false,false,false,,104,42,4,0,0,0,0,0,0,4,0,0,0,38,22,estimated from season exits versus eligible schedule | 38 eligible events not entered,Q School,normal,,,false,false,false,false,0,0,0,,0,false,,qSchool,qSchool,,,true,true,
2038/39,wp-mateo-nakamura,Mateo Nakamura,35,GER,Amateur,Amateur,false,false,false,,0,0,,Amateur,,,,,,,,,,,,,70,72,72,69,68,86,71,0,26,0,0,0,,0,,,,,,,0,0,41,30,11,73.17073170731707,0,0,363062,"{""matches"":41,""wins"":30,""losses"":11,""draws"":0,""winPercentage"":73.17073170731707,""eventsEntered"":0,""titles"":0,""finals"":0,""prizeMoney"":363062,""points"":0}",,,,,,,,,,,,,,94,,false,false,false,,104,42,15,0,0,0,0,0,10,5,0,0,0,27,11,estimated from season exits versus eligible schedule | 27 eligible events not entered,Amateur,normal,,,false,false,false,false,0,0,0,,0,false,,amateur,amateur,,,true,true,
2038/39,wp-mateo-novak,Mateo Novak,44,NIR,Veteran,Amateur,false,false,false,,0,0,,Amateur,,,,,,,,,,,,,74,75,74,72,69,89,76,7,21,0,0,0,,0,,,,,,,0,0,12,12,0,100,0,0,167604,"{""matches"":12,""wins"":12,""losses"":0,""draws"":0,""winPercentage"":100,""eventsEntered"":0,""titles"":0,""finals"":0,""prizeMoney"":167604,""points"":0}",,,,,,,,,,,,,,114,,false,false,false,,104,44,15,0,0,0,0,0,10,5,0,0,0,29,11,estimated from season exits versus eligible schedule | 29 eligible events not entered,Amateur,normal,,,false,false,false,false,0,0,0,,0,false,,amateur,amateur,,,true,true,
2038/39,wp-mateo-urban,Mateo Urban,39,POL,Amateur,Amateur,false,false,false,,0,0,,Amateur,,,,,,,,,,,,,66,67,67,63,63,80,65,1,22,0,0,0,,0,,,,,,,0,0,80,48,32,60,0,0,121695,"{""matches"":80,""wins"":48,""losses"":32,""draws"":0,""winPercentage"":60,""eventsEntered"":0,""titles"":0,""finals"":0,""prizeMoney"":121695,""points"":0}",,,,,,,,,,,,,,108,,false,false,false,,104,42,15,0,0,0,0,0,10,5,0,0,0,27,11,estimated from season exits versus eligible schedule | 27 eligible events not entered,Amateur,normal,,,false,false,false,false,0,0,0,,0,false,,amateur,amateur,,,true,true,
2038/39,wp-mateo-verma,Mateo Verma,34,IND,Amateur,Amateur,false,false,false,,0,0,,Amateur,,,,,,,,,,,,,72,72,74,70,71,90,82,0,18,0,0,0,,0,,,,,,,0,0,14,14,0,100,0,0,0,"{""matches"":14,""wins"":14,""losses"":0,""draws"":0,""winPercentage"":100,""eventsEntered"":0,""titles"":0,""finals"":0,""prizeMoney"":0,""points"":0}",,,,,,,,,,,,,,,,false,false,false,,104,42,15,0,0,0,0,0,10,5,0,0,0,27,11,estimated from season exits versus eligible schedule | 27 eligible events not entered,Amateur,normal,,,false,false,false,false,0,0,0,,0,false,,amateur,amateur,,,true,true,
2038/39,wp-mika-keane-d,Mika Keane D,21,IRL,Amateur,Q Tour,false,false,false,,0,0,,Amateur,102,102,,102,,,23,27,,,102,,68,75,70,65,67,79,62,13,23,6,3,3,50,0,,,,,,,69375,431,65,43,22,66.15384615384615,0,0,138172,"{""matches"":65,""wins"":43,""losses"":22,""draws"":0,""winPercentage"":66.15384615384615,""eventsEntered"":0,""titles"":0,""finals"":0,""prizeMoney"":138172,""points"":0}",,,,,,,,,,,,,,102,,false,false,false,,104,42,7,0,0,0,0,0,2,5,0,0,0,35,19,estimated from season exits versus eligible schedule | 35 eligible events not entered,Q Tour,normal,,,false,false,false,false,3,6,138172,,0,false,,qTour,qTour,,,true,true,
2038/39,wp-mika-keane-e,Mika Keane E,20,CHN,Amateur,Q School,false,false,false,,0,0,,Amateur,103,103,,103,,,8,8,8,,103,,67,83,69,64,66,78,62,13,23,6,3,3,50,0,,,,,,,69086,429,36,23,13,63.888888888888886,0,0,137594,"{""matches"":36,""wins"":23,""losses"":13,""draws"":0,""winPercentage"":63.888888888888886,""eventsEntered"":0,""titles"":0,""finals"":0,""prizeMoney"":137594,""points"":0}",,,,,,,,,,,,,,103,,false,false,false,,104,42,4,0,0,0,0,0,0,4,0,0,0,38,22,estimated from season exits versus eligible schedule | 38 eligible events not entered,Q School,normal,,,false,false,false,false,3,6,137594,,0,false,,qSchool,qSchool,,,true,true,
2038/39,wp-mika-keane-f,Mika Keane F,20,CHN,Amateur,Q School,false,false,false,,0,0,,Amateur,104,104,,104,,,4,4,5,,104,,69,89,71,66,68,80,62,13,23,6,3,3,50,0,,,,,,,68797,428,28,18,10,64.28571428571429,0,0,137016,"{""matches"":28,""wins"":18,""losses"":10,""draws"":0,""winPercentage"":64.28571428571429,""eventsEntered"":0,""titles"":0,""finals"":0,""prizeMoney"":137016,""points"":0}",,,,,,,,,,,,,,104,,false,false,false,,104,42,4,0,0,0,0,0,0,4,0,0,0,38,22,estimated from season exits versus eligible schedule | 38 eligible events not entered,Q School,normal,,,false,false,false,false,3,6,137016,,0,false,,qSchool,qSchool,,,true,true,
2038/39,wp-mika-keane-g,Mika Keane G,17,CHN,Youth,Amateur,false,false,false,,0,0,,Amateur,,,,,,,,,,,,,69,95,71,66,68,82,72,18,18,8,6,2,75,0,,,,,,,0,143,24,17,7,70.83333333333334,0,0,0,"{""matches"":24,""wins"":17,""losses"":7,""draws"":0,""winPercentage"":70.83333333333334,""eventsEntered"":0,""titles"":0,""finals"":0,""prizeMoney"":0,""points"":0}",,,,,,,,,,,,,,,,false,false,false,,104,61,10,0,0,0,0,0,5,5,0,0,0,51,16,estimated from season exits versus eligible schedule | 51 eligible events not entered,Youth,normal,,,false,false,false,false,0,0,0,,0,false,,youth,youth,,,true,true,
2038/39,wp-mika-keane-h,Mika Keane H,17,CHN,Youth,Amateur,false,false,false,,0,0,,Amateur,,,,,,,,,,,,,64,75,66,61,62,75,67,19,18,8,5,3,62.5,0,,,,,,,0,115,17,11,6,64.70588235294117,0,0,0,"{""matches"":17,""wins"":11,""losses"":6,""draws"":0,""winPercentage"":64.70588235294117,""eventsEntered"":0,""titles"":0,""finals"":0,""prizeMoney"":0,""points"":0}",,,,,,,,,,,,,,,,false,false,false,,104,61,10,0,0,0,0,0,5,5,0,0,0,51,16,estimated from season exits versus eligible schedule | 51 eligible events not entered,Youth,normal,,,false,false,false,false,0,0,0,,0,false,,youth,youth,,,true,true,
2038/39,wp-mika-keane-i,Mika Keane I,17,CHN,Youth,Amateur,false,false,false,,0,0,,Amateur,,,,,,,,,,,,,64,79,66,61,62,75,67,19,18,8,5,3,62.5,0,,,,,,,0,110,8,5,3,62.5,0,0,0,"{""matches"":8,""wins"":5,""losses"":3,""draws"":0,""winPercentage"":62.5,""eventsEntered"":0,""titles"":0,""finals"":0,""prizeMoney"":0,""points"":0}",,,,,,,,,,,,,,,,false,false,false,,104,61,10,0,0,0,0,0,5,5,0,0,0,51,16,estimated from season exits versus eligible schedule | 51 eligible events not entered,Youth,normal,,,false,false,false,false,0,0,0,,0,false,,youth,youth,,,true,true,
2038/39,wp-mika-keane-j,Mika Keane J,14,CHN,Youth,Amateur,false,false,false,,0,0,,Amateur,,,,,,,,,,,,,53,91,55,47,53,62,42,0,18,,,,,,,,,,,,,,0,0,0,0,0,0,0,"{""matches"":0,""wins"":0,""losses"":0,""draws"":0,""winPercentage"":0,""eventsEntered"":0,""titles"":0,""finals"":0,""prizeMoney"":0,""points"":0}",,,,,,,,,,,,,,,,,false,false,,104,61,10,0,0,0,0,0,5,5,0,0,0,51,16,estimated from season exits versus eligible schedule | 51 eligible events not entered,Youth,normal,,,false,false,false,false,0,0,0,,0,false,,youth,youth,,,true,true,
2038/39,wp-nathan-caldwell,Nathan Caldwell,66,BEL,Veteran,Senior Tour / Legend Circuit,false,false,false,,0,0,,Amateur,,,,,,,,,,7,,,73,75,69,70,56,73,48,58,29,5,4,1,80,0,,,,,,,0,163,69,57,12,82.6086956521739,2,0,259108,"{""matches"":69,""wins"":57,""losses"":12,""draws"":0,""winPercentage"":82.6086956521739,""eventsEntered"":0,""titles"":2,""finals"":0,""prizeMoney"":259108,""points"":0}",,,,,,,,,,,,,,96,,false,false,false,,104,14,11,0,0,0,0,0,0,0,0,0,11,3,0,estimated from season exits versus eligible schedule | 3 eligible events not entered,Senior/Legend,normal,,,false,false,false,false,0,0,0,,0,false,,amateur,senior,,,true,true,
2038/39,wp-nathan-iqbal,Nathan Iqbal,66,PAK,Veteran,Senior Tour / Legend Circuit,false,false,false,,0,0,,Amateur,,,,,,,,,,8,,,67,67,63,59,51,62,15,48,20,1,0,1,0,0,,,,,,,0,17,63,47,16,74.60317460317461,1,0,0,"{""matches"":63,""wins"":47,""losses"":16,""draws"":0,""winPercentage"":74.60317460317461,""eventsEntered"":0,""titles"":1,""finals"":0,""prizeMoney"":0,""points"":0}",,,,,,,,,,,,,,,,false,false,false,,104,14,11,0,0,0,0,0,0,0,0,0,11,3,0,estimated from season exits versus eligible schedule | 3 eligible events not entered,Senior/Legend,normal,,,false,false,false,false,0,0,0,,0,false,,amateur,senior,,,true,true,
2038/39,wp-nathan-otero,Nathan Otero,28,CHN,Amateur,Amateur,false,false,false,,0,0,,Amateur,105,105,,105,,,37,,,,105,,67,68,69,64,66,78,62,13,24,6,3,3,50,0,,,,,,,68508,426,123,82,41,66.66666666666666,0,0,414516,"{""matches"":123,""wins"":82,""losses"":41,""draws"":0,""winPercentage"":66.66666666666666,""eventsEntered"":0,""titles"":0,""finals"":0,""prizeMoney"":414516,""points"":0}",,,,,,,,,,,,,,105,,false,false,false,,104,42,15,0,0,0,0,0,10,5,0,0,0,27,11,estimated from season exits versus eligible schedule | 27 eligible events not entered,Amateur,normal,,,false,false,false,false,3,5,117938,,0,false,,qTour,amateur,,,true,true,
2038/39,wp-nathan-tanaka,Nathan Tanaka,64,PAK,Veteran,Amateur,false,false,false,,0,0,,Amateur,,,,,,,,,,,,,81,85,77,79,66,86,56,39,34,0,0,0,,0,,,,,,,0,0,12,12,0,100,0,0,511696,"{""matches"":12,""wins"":12,""losses"":0,""draws"":0,""winPercentage"":100,""eventsEntered"":0,""titles"":0,""finals"":0,""prizeMoney"":511696,""points"":0}",,,,,,,,,,,,,,56,,false,false,false,,104,44,15,0,0,0,0,0,10,5,0,0,0,29,11,estimated from season exits versus eligible schedule | 29 eligible events not entered,Amateur,normal,,,false,false,false,false,0,0,0,,0,false,,senior,amateur,,,true,true,
2038/39,wp-nathan-urban,Nathan Urban,43,AUS,Veteran,Amateur,false,false,false,,0,0,,Amateur,,,,,,,,,,,,,67,69,67,64,62,79,61,7,25,0,0,0,,0,,,,,,,0,0,25,15,10,60,0,0,165633,"{""matches"":25,""wins"":15,""losses"":10,""draws"":0,""winPercentage"":60,""eventsEntered"":0,""titles"":0,""finals"":0,""prizeMoney"":165633,""points"":0}",,,,,,,,,,,,,,95,,false,false,false,,104,44,15,0,0,0,0,0,10,5,0,0,0,29,11,estimated from season exits versus eligible schedule | 29 eligible events not entered,Amateur,normal,,,false,false,false,false,0,0,0,,0,false,,amateur,amateur,,,true,true,
2038/39,wp-nathan-verma,Nathan Verma,40,PAK,Veteran,Amateur,false,false,false,,0,0,,Amateur,,,,,,,,,,,,,66,67,67,63,62,80,64,2,23,0,0,0,,0,,,,,,,0,0,83,50,33,60.24096385542169,0,0,123140,"{""matches"":83,""wins"":50,""losses"":33,""draws"":0,""winPercentage"":60.24096385542169,""eventsEntered"":0,""titles"":0,""finals"":0,""prizeMoney"":123140,""points"":0}",,,,,,,,,,,,,,105,,false,false,false,,104,44,15,0,0,0,0,0,10,5,0,0,0,29,11,estimated from season exits versus eligible schedule | 29 eligible events not entered,Amateur,normal,,,false,false,false,false,0,0,0,,0,false,,amateur,amateur,,,true,true,
2038/39,wp-nathan-whitaker,Nathan Whitaker,34,NOR,Amateur,Amateur,false,false,false,,0,0,,Amateur,,,,,,,,,,,,,72,72,74,70,71,90,82,0,18,0,0,0,,0,,,,,,,0,0,14,14,0,100,0,0,0,"{""matches"":14,""wins"":14,""losses"":0,""draws"":0,""winPercentage"":100,""eventsEntered"":0,""titles"":0,""finals"":0,""prizeMoney"":0,""points"":0}",,,,,,,,,,,,,,,,false,false,false,,104,42,15,0,0,0,0,0,10,5,0,0,0,27,11,estimated from season exits versus eligible schedule | 27 eligible events not entered,Amateur,normal,,,false,false,false,false,0,0,0,,0,false,,amateur,amateur,,,true,true,
2038/39,wp-nathan-yates,Nathan Yates,33,FRA,Amateur,Amateur,false,false,false,,0,0,,Amateur,,,,,,,,,,,,,64,64,66,62,63,79,67,0,22,0,0,0,,0,,,,,,,0,0,67,39,28,58.2089552238806,2,0,0,"{""matches"":67,""wins"":39,""losses"":28,""draws"":0,""winPercentage"":58.2089552238806,""eventsEntered"":0,""titles"":2,""finals"":0,""prizeMoney"":0,""points"":0}",,,,,,,,,,,,,,,,false,false,false,,104,42,15,0,0,0,0,0,10,5,0,0,0,27,11,estimated from season exits versus eligible schedule | 27 eligible events not entered,Amateur,normal,,,false,false,false,false,0,0,0,,0,false,,amateur,amateur,,,true,true,
2038/39,wp-niall-ashford,Niall Ashford,40,GER,Veteran,Amateur,false,false,false,,0,0,,Amateur,,,,,,,,,,,,,72,72,73,70,68,89,80,1,18,0,0,0,,0,,,,,,,0,0,8,8,0,100,0,0,0,"{""matches"":8,""wins"":8,""losses"":0,""draws"":0,""winPercentage"":100,""eventsEntered"":0,""titles"":0,""finals"":0,""prizeMoney"":0,""points"":0}",,,,,,,,,,,,,,,,false,false,false,,104,44,15,0,0,0,0,0,10,5,0,0,0,29,11,estimated from season exits versus eligible schedule | 29 eligible events not entered,Amateur,normal,,,false,false,false,false,0,0,0,,0,false,,amateur,amateur,,,true,true,
2038/39,wp-niall-barker,Niall Barker,34,THA,Amateur,Amateur,false,false,false,,0,0,,Amateur,,,,,,,,,,,,,72,72,74,70,71,90,82,0,18,0,0,0,,0,,,,,,,0,0,12,12,0,100,0,0,0,"{""matches"":12,""wins"":12,""losses"":0,""draws"":0,""winPercentage"":100,""eventsEntered"":0,""titles"":0,""finals"":0,""prizeMoney"":0,""points"":0}",,,,,,,,,,,,,,,,false,false,false,,104,42,15,0,0,0,0,0,10,5,0,0,0,27,11,estimated from season exits versus eligible schedule | 27 eligible events not entered,Amateur,normal,,,false,false,false,false,0,0,0,,0,false,,amateur,amateur,,,true,true,
2038/39,wp-niall-caldwell,Niall Caldwell,29,CAN,Amateur,Amateur,false,false,false,,0,0,,Amateur,106,106,,106,,,42,,,,106,,67,68,69,64,66,78,62,13,23,6,3,3,50,0,,,,,,,68219,424,135,87,48,64.44444444444444,0,0,276922,"{""matches"":135,""wins"":87,""losses"":48,""draws"":0,""winPercentage"":64.44444444444444,""eventsEntered"":0,""titles"":0,""finals"":0,""prizeMoney"":276922,""points"":0}",,,,,,,,,,,,,,106,,false,false,false,,104,42,15,0,0,0,0,0,10,5,0,0,0,27,11,estimated from season exits versus eligible schedule | 27 eligible events not entered,Amateur,normal,,,false,false,false,false,3,5,117360,,0,false,,amateur,amateur,,,true,true,
2038/39,wp-niall-drayton,Niall Drayton,54,SWE,Veteran,Senior Tour / Legend Circuit,false,false,false,,0,0,,Amateur,,,,,,,,,,24,,,66,66,64,62,54,70,54,42,20,6,4,2,66.66666666666666,0,,,,,,,0,148,72,50,22,69.44444444444444,1,0,0,"{""matches"":72,""wins"":50,""losses"":22,""draws"":0,""winPercentage"":69.44444444444444,""eventsEntered"":0,""titles"":1,""finals"":0,""prizeMoney"":0,""points"":0}",,,,,,,,,,,,,,,,false,false,false,,104,14,11,0,0,0,0,0,0,0,0,0,11,3,0,estimated from season exits versus eligible schedule | 3 eligible events not entered,Senior/Legend,normal,,,false,false,false,false,0,0,0,,0,false,,amateur,senior,,,true,true,
2038/39,wp-niall-forster,Niall Forster,34,NIR,Amateur,Amateur,false,false,false,,0,0,,Amateur,,,,,,,,,,,,,72,72,74,70,71,90,82,0,18,0,0,0,,0,,,,,,,0,0,12,12,0,100,0,0,0,"{""matches"":12,""wins"":12,""losses"":0,""draws"":0,""winPercentage"":100,""eventsEntered"":0,""titles"":0,""finals"":0,""prizeMoney"":0,""points"":0}",,,,,,,,,,,,,,,,false,false,false,,104,42,15,0,0,0,0,0,10,5,0,0,0,27,11,estimated from season exits versus eligible schedule | 27 eligible events not entered,Amateur,normal,,,false,false,false,false,0,0,0,,0,false,,amateur,amateur,,,true,true,
2038/39,wp-niall-grimaldi,Niall Grimaldi,38,WAL,Amateur,Amateur,false,false,false,,0,0,,Amateur,,,,,,,,,,,,,75,76,76,74,72,93,82,0,24,0,0,0,,0,,,,,,,0,0,12,12,0,100,0,0,231822,"{""matches"":12,""wins"":12,""losses"":0,""draws"":0,""winPercentage"":100,""eventsEntered"":0,""titles"":0,""finals"":0,""prizeMoney"":231822,""points"":0}",,,,,,,,,,,,,,103,,false,false,false,,104,42,15,0,0,0,0,0,10,5,0,0,0,27,11,estimated from season exits versus eligible schedule | 27 eligible events not entered,Amateur,normal,,,false,false,false,false,0,0,0,,0,false,,amateur,amateur,,,true,true,
2038/39,wp-niall-lombardi,Niall Lombardi,41,WAL,Veteran,Amateur,false,false,false,,0,0,,Amateur,,,,,,,,,,,,,71,73,72,70,67,86,70,3,29,0,0,0,,0,,,,,,,0,0,37,27,10,72.97297297297297,2,0,165055,"{""matches"":37,""wins"":27,""losses"":10,""draws"":0,""winPercentage"":72.97297297297297,""eventsEntered"":0,""titles"":2,""finals"":0,""prizeMoney"":165055,""points"":0}",,,,,,,,,,,,,,96,,false,false,false,,104,44,15,0,0,0,0,0,10,5,0,0,0,29,11,estimated from season exits versus eligible schedule | 29 eligible events not entered,Amateur,normal,,,false,false,false,false,0,0,0,,0,false,,amateur,amateur,,,true,true,
2038/39,wp-niall-sorensen,Niall Sorensen,60,NIR,Veteran,Amateur,false,false,false,,0,0,,Amateur,,,,,,,,,,,,,69,71,66,65,56,73,47,34,24,0,0,0,,0,,,,,,,0,0,25,17,8,68,0,0,126899,"{""matches"":25,""wins"":17,""losses"":8,""draws"":0,""winPercentage"":68,""eventsEntered"":0,""titles"":0,""finals"":0,""prizeMoney"":126899,""points"":0}",,,,,,,,,,,,,,97,,false,false,false,,104,44,15,0,0,0,0,0,10,5,0,0,0,29,11,estimated from season exits versus eligible schedule | 29 eligible events not entered,Amateur,normal,,,false,false,false,false,0,0,0,,0,false,,amateur,amateur,,,true,true,
2038/39,wp-niall-tremblay,Niall Tremblay,35,POL,Amateur,Amateur,false,false,false,,0,0,,Amateur,,,,,,,,,,,,,72,72,74,70,70,90,82,0,18,0,0,0,,0,,,,,,,0,0,14,14,0,100,0,0,0,"{""matches"":14,""wins"":14,""losses"":0,""draws"":0,""winPercentage"":100,""eventsEntered"":0,""titles"":0,""finals"":0,""prizeMoney"":0,""points"":0}",,,,,,,,,,,,,,,,false,false,false,,104,42,15,0,0,0,0,0,10,5,0,0,0,27,11,estimated from season exits versus eligible schedule | 27 eligible events not entered,Amateur,normal,,,false,false,false,false,0,0,0,,0,false,,amateur,amateur,,,true,true,
2038/39,wp-noah-bennett,Noah Bennett,28,IRL,Amateur,Q Tour,false,false,false,,0,0,,Amateur,,,,,,,20,26,,,,,68,89,70,66,66,77,61,22,26,9,4,5,44.44444444444444,0,,,,,,,0,194,119,78,41,65.54621848739495,1,0,391680,"{""matches"":119,""wins"":78,""losses"":41,""draws"":0,""winPercentage"":65.54621848739495,""eventsEntered"":0,""titles"":1,""finals"":0,""prizeMoney"":391680,""points"":0}",,,,,,,,,,,,,,107,,false,false,false,,104,42,7,0,0,0,0,0,2,5,0,0,0,35,19,estimated from season exits versus eligible schedule | 35 eligible events not entered,Q Tour,normal,,,false,false,false,false,0,2,48273,,0,false,low match volume,qTour,qTour,,,true,true,
2038/39,wp-noah-bennett-e,Noah Bennett E,20,AUS,Amateur,Q School,false,false,false,,0,0,,Amateur,108,108,,108,,,1,1,1,,108,,71,94,73,68,70,82,62,13,22,6,3,3,50,0,,,,,,,67063,417,46,32,14,69.56521739130434,0,0,151469,"{""matches"":46,""wins"":32,""losses"":14,""draws"":0,""winPercentage"":69.56521739130434,""eventsEntered"":0,""titles"":0,""finals"":0,""prizeMoney"":151469,""points"":0}",,,,,,,,,,,,,,108,,false,false,false,,104,42,4,0,0,0,0,0,0,4,0,0,0,38,22,estimated from season exits versus eligible schedule | 38 eligible events not entered,Q School,normal,,,false,false,false,false,3,7,151469,,0,false,,qSchool,qSchool,,,true,true,
2038/39,wp-noah-bennett-f,Noah Bennett F,20,AUS,Amateur,Q School,false,false,false,,0,0,,Amateur,109,109,,109,,,3,3,4,,109,,69,91,71,66,68,80,62,13,22,6,3,3,50,0,,,,,,,66773,415,37,24,13,64.86486486486487,0,0,150890,"{""matches"":37,""wins"":24,""losses"":13,""draws"":0,""winPercentage"":64.86486486486487,""eventsEntered"":0,""titles"":0,""finals"":0,""prizeMoney"":150890,""points"":0}",,,,,,,,,,,,,,109,,false,false,false,,104,42,4,0,0,0,0,0,0,4,0,0,0,38,22,estimated from season exits versus eligible schedule | 38 eligible events not entered,Q School,normal,,,false,false,false,false,3,7,150890,,0,false,,qSchool,qSchool,,,true,true,
2038/39,wp-noah-bennett-h,Noah Bennett H,17,IRL,Youth,Amateur,false,false,false,,0,0,,Amateur,,,,,,,,,,,,,67,91,69,64,65,78,69,21,18,9,6,3,66.66666666666666,0,,,,,,,0,132,9,6,3,66.66666666666666,0,0,0,"{""matches"":9,""wins"":6,""losses"":3,""draws"":0,""winPercentage"":66.66666666666666,""eventsEntered"":0,""titles"":0,""finals"":0,""prizeMoney"":0,""points"":0}",,,,,,,,,,,,,,,,false,false,false,,104,61,10,0,0,0,0,0,5,5,0,0,0,51,16,estimated from season exits versus eligible schedule | 51 eligible events not entered,Youth,normal,,,false,false,false,false,0,0,0,,0,false,,youth,youth,,,true,true,
2038/39,wp-noah-bennett-i,Noah Bennett I,14,IRL,Youth,Amateur,false,false,false,,0,0,,Amateur,,,,,,,,,,,,,52,88,54,46,52,61,42,0,18,,,,,,,,,,,,,,0,0,0,0,0,0,0,"{""matches"":0,""wins"":0,""losses"":0,""draws"":0,""winPercentage"":0,""eventsEntered"":0,""titles"":0,""finals"":0,""prizeMoney"":0,""points"":0}",,,,,,,,,,,,,,,,,false,false,,104,61,10,0,0,0,0,0,5,5,0,0,0,51,16,estimated from season exits versus eligible schedule | 51 eligible events not entered,Youth,normal,,,false,false,false,false,0,0,0,,0,false,,youth,youth,,,true,true,
2038/39,wp-oskar-ashford,Oskar Ashford,28,NIR,Amateur,Amateur,false,false,false,,0,0,,Amateur,111,111,,111,,,38,,,,111,,68,69,70,66,67,80,63,13,25,6,3,3,50,0,,,,,,,66195,411,160,108,52,67.5,1,0,269984,"{""matches"":160,""wins"":108,""losses"":52,""draws"":0,""winPercentage"":67.5,""eventsEntered"":0,""titles"":1,""finals"":0,""prizeMoney"":269984,""points"":0}",,,,,,,,,,,,,,108,,false,false,false,,104,42,15,0,0,0,0,0,10,5,0,0,0,27,11,estimated from season exits versus eligible schedule | 27 eligible events not entered,Amateur,normal,,,false,false,false,false,3,5,113023,,0,false,,qTour,amateur,,,true,true,
2038/39,wp-oskar-janssen,Oskar Janssen,37,SWE,Amateur,Amateur,false,false,false,,0,0,,Amateur,,,,,,,,,,,,,72,72,73,70,70,90,82,0,18,0,0,0,,0,,,,,,,0,0,12,12,0,100,0,0,0,"{""matches"":12,""wins"":12,""losses"":0,""draws"":0,""winPercentage"":100,""eventsEntered"":0,""titles"":0,""finals"":0,""prizeMoney"":0,""points"":0}",,,,,,,,,,,,,,,,false,false,false,,104,42,15,0,0,0,0,0,10,5,0,0,0,27,11,estimated from season exits versus eligible schedule | 27 eligible events not entered,Amateur,normal,,,false,false,false,false,0,0,0,,0,false,,amateur,amateur,,,true,true,
2038/39,wp-oskar-otero,Oskar Otero,30,GER,Amateur,Amateur,false,false,false,,0,0,,Amateur,,,,,,,28,,,,,,69,71,71,67,67,78,57,19,30,8,3,5,37.5,0,,,,,,,0,154,133,79,54,59.3984962406015,0,0,670877,"{""matches"":133,""wins"":79,""losses"":54,""draws"":0,""winPercentage"":59.3984962406015,""eventsEntered"":0,""titles"":0,""finals"":0,""prizeMoney"":670877,""points"":0}",,,,,,,,,,,,,,80,,false,false,false,,104,42,15,0,0,0,0,0,10,5,0,0,0,27,11,estimated from season exits versus eligible schedule | 27 eligible events not entered,Amateur,normal,,,false,false,false,false,0,0,0,,0,false,,amateur,amateur,,,true,true,
2038/39,wp-oskar-petrov,Oskar Petrov,53,JPN,Veteran,Amateur,false,false,false,,0,0,,Amateur,,,,,,,,,,,,,70,71,68,67,60,79,58,22,24,0,0,0,,0,,,,,,,0,0,26,20,6,76.92307692307693,0,0,143376,"{""matches"":26,""wins"":20,""losses"":6,""draws"":0,""winPercentage"":76.92307692307693,""eventsEntered"":0,""titles"":0,""finals"":0,""prizeMoney"":143376,""points"":0}",,,,,,,,,,,,,,99,,false,false,false,,104,44,15,0,0,0,0,0,10,5,0,0,0,29,11,estimated from season exits versus eligible schedule | 29 eligible events not entered,Amateur,normal,,,false,false,false,false,0,0,0,,0,false,,amateur,amateur,,,true,true,
2038/39,wp-oskar-verma,Oskar Verma,34,CAN,Amateur,Amateur,false,false,false,,0,0,,Amateur,,,,,,,,,,,,,66,67,68,64,65,80,65,0,24,0,0,0,,0,,,,,,,0,0,48,27,21,56.25,0,0,161296,"{""matches"":48,""wins"":27,""losses"":21,""draws"":0,""winPercentage"":56.25,""eventsEntered"":0,""titles"":0,""finals"":0,""prizeMoney"":161296,""points"":0}",,,,,,,,,,,,,,100,,false,false,false,,104,42,15,0,0,0,0,0,10,5,0,0,0,27,11,estimated from season exits versus eligible schedule | 27 eligible events not entered,Amateur,normal,,,false,false,false,false,0,0,0,,0,false,,amateur,amateur,,,true,true,
2038/39,wp-oskar-westbrook,Oskar Westbrook,31,ESP,Amateur,Q Tour,false,false,false,,0,0,,Amateur,,,,,,,60,30,,,,,65,66,67,62,65,79,64,0,23,0,0,0,,0,,,,,,,0,0,114,64,50,56.14035087719298,0,0,266078,"{""matches"":114,""wins"":64,""losses"":50,""draws"":0,""winPercentage"":56.14035087719298,""eventsEntered"":0,""titles"":0,""finals"":0,""prizeMoney"":266078,""points"":0}",,,,,,,,,,,,,,109,,false,false,false,,104,42,7,0,0,0,0,0,2,5,0,0,0,35,19,estimated from season exits versus eligible schedule | 35 eligible events not entered,Q Tour,normal,,,false,false,false,false,0,0,0,,0,false,,amateur,qTour,,,true,true,
2038/39,wp-oskar-whitaker,Oskar Whitaker,40,SWE,Veteran,Amateur,false,false,false,,0,0,,Amateur,,,,,,,,,,,,,64,64,65,61,60,78,66,2,18,0,0,0,,0,,,,,,,0,0,40,26,14,65,0,0,0,"{""matches"":40,""wins"":26,""losses"":14,""draws"":0,""winPercentage"":65,""eventsEntered"":0,""titles"":0,""finals"":0,""prizeMoney"":0,""points"":0}",,,,,,,,,,,,,,,,false,false,false,,104,44,15,0,0,0,0,0,10,5,0,0,0,29,11,estimated from season exits versus eligible schedule | 29 eligible events not entered,Amateur,normal,,,false,false,false,false,0,0,0,,0,false,,amateur,amateur,,,true,true,
2038/39,wp-oskar-yates,Oskar Yates,35,ENG,Amateur,Amateur,false,false,false,,0,0,,Amateur,,,,,,,,,,,,,70,70,72,68,68,87,78,0,18,0,0,0,,0,,,,,,,0,0,18,16,2,88.88888888888889,0,0,0,"{""matches"":18,""wins"":16,""losses"":2,""draws"":0,""winPercentage"":88.88888888888889,""eventsEntered"":0,""titles"":0,""finals"":0,""prizeMoney"":0,""points"":0}",,,,,,,,,,,,,,,,false,false,false,,104,42,15,0,0,0,0,0,10,5,0,0,0,27,11,estimated from season exits versus eligible schedule | 27 eligible events not entered,Amateur,normal,,,false,false,false,false,0,0,0,,0,false,,amateur,amateur,,,true,true,
2038/39,wp-otis-barker,Otis Barker,35,CHN,Amateur,Amateur,false,false,false,,0,0,,Amateur,,,,,,,,,,,,,67,67,69,64,65,83,72,0,18,0,0,0,,0,,,,,,,0,0,21,16,5,76.19047619047619,0,0,0,"{""matches"":21,""wins"":16,""losses"":5,""draws"":0,""winPercentage"":76.19047619047619,""eventsEntered"":0,""titles"":0,""finals"":0,""prizeMoney"":0,""points"":0}",,,,,,,,,,,,,,,,false,false,false,,104,42,15,0,0,0,0,0,10,5,0,0,0,27,11,estimated from season exits versus eligible schedule | 27 eligible events not entered,Amateur,normal,,,false,false,false,false,0,0,0,,0,false,,amateur,amateur,,,true,true,
2038/39,wp-otis-drayton,Otis Drayton,41,ITA,Veteran,Amateur,false,false,false,,0,0,,Amateur,,,,,,,,,,,,,72,72,73,70,68,89,79,3,18,0,0,0,,0,,,,,,,0,0,8,8,0,100,0,0,0,"{""matches"":8,""wins"":8,""losses"":0,""draws"":0,""winPercentage"":100,""eventsEntered"":0,""titles"":0,""finals"":0,""prizeMoney"":0,""points"":0}",,,,,,,,,,,,,,,,false,false,false,,104,44,15,0,0,0,0,0,10,5,0,0,0,29,11,estimated from season exits versus eligible schedule | 29 eligible events not entered,Amateur,normal,,,false,false,false,false,0,0,0,,0,false,,amateur,amateur,,,true,true,
2038/39,wp-otis-easton,Otis Easton,34,SCO,Amateur,Amateur,false,false,false,,0,0,,Amateur,,,,,,,,,,,,,72,72,74,70,71,90,82,0,18,0,0,0,,0,,,,,,,0,0,10,10,0,100,0,0,0,"{""matches"":10,""wins"":10,""losses"":0,""draws"":0,""winPercentage"":100,""eventsEntered"":0,""titles"":0,""finals"":0,""prizeMoney"":0,""points"":0}",,,,,,,,,,,,,,,,false,false,false,,104,42,15,0,0,0,0,0,10,5,0,0,0,27,11,estimated from season exits versus eligible schedule | 27 eligible events not entered,Amateur,normal,,,false,false,false,false,0,0,0,,0,false,,amateur,amateur,,,true,true,
2038/39,wp-otis-grimaldi,Otis Grimaldi,41,AUS,Veteran,Amateur,false,false,false,,0,0,,Amateur,,,,,,,,,,,,,72,72,73,70,68,89,79,3,18,0,0,0,,0,,,,,,,0,0,12,12,0,100,0,0,0,"{""matches"":12,""wins"":12,""losses"":0,""draws"":0,""winPercentage"":100,""eventsEntered"":0,""titles"":0,""finals"":0,""prizeMoney"":0,""points"":0}",,,,,,,,,,,,,,,,false,false,false,,104,44,15,0,0,0,0,0,10,5,0,0,0,29,11,estimated from season exits versus eligible schedule | 29 eligible events not entered,Amateur,normal,,,false,false,false,false,0,0,0,,0,false,,amateur,amateur,,,true,true,
2038/39,wp-otis-madsen,Otis Madsen,46,CHN,Veteran,Amateur,false,false,false,,0,0,,Amateur,,,,,,,,,,,,,74,79,74,73,67,85,58,12,41,0,0,0,,0,,,,,,,0,0,54,32,22,59.25925925925925,0,0,1007568,"{""matches"":54,""wins"":32,""losses"":22,""draws"":0,""winPercentage"":59.25925925925925,""eventsEntered"":0,""titles"":0,""finals"":0,""prizeMoney"":1007568,""points"":0}",,,,,,,,,,,,,,33,,false,false,false,,104,44,15,0,0,0,0,0,10,5,0,0,0,29,11,estimated from season exits versus eligible schedule | 29 eligible events not entered,Amateur,normal,,,false,false,false,false,0,0,0,,0,false,,senior,amateur,,,true,true,
2038/39,wp-otis-mendoza,Otis Mendoza,34,NED,Amateur,Amateur,false,false,false,,0,0,,Amateur,,,,,,,,,,,,,66,67,68,64,65,81,66,0,24,0,0,0,,0,,,,,,,0,0,57,34,23,59.64912280701754,0,0,160140,"{""matches"":57,""wins"":34,""losses"":23,""draws"":0,""winPercentage"":59.64912280701754,""eventsEntered"":0,""titles"":0,""finals"":0,""prizeMoney"":160140,""points"":0}",,,,,,,,,,,,,,101,,false,false,false,,104,42,15,0,0,0,0,0,10,5,0,0,0,27,11,estimated from season exits versus eligible schedule | 27 eligible events not entered,Amateur,normal,,,false,false,false,false,0,0,0,,0,false,,amateur,amateur,,,true,true,
2038/39,wp-otis-tremblay,Otis Tremblay,44,IRL,Veteran,Amateur,false,false,false,,0,0,,Amateur,,,,,,,,,,,,,77,79,77,76,72,92,76,7,27,0,0,0,,0,,,,,,,0,0,12,12,0,100,0,0,317492,"{""matches"":12,""wins"":12,""losses"":0,""draws"":0,""winPercentage"":100,""eventsEntered"":0,""titles"":0,""finals"":0,""prizeMoney"":317492,""points"":0}",,,,,,,,,,,,,,90,,false,false,false,,104,44,15,0,0,0,0,0,10,5,0,0,0,29,11,estimated from season exits versus eligible schedule | 29 eligible events not entered,Amateur,normal,,,false,false,false,false,0,0,0,,0,false,,amateur,amateur,,,true,true,
2038/39,wp-otis-urban,Otis Urban,67,PAK,Veteran,Senior Tour / Legend Circuit,false,false,false,,0,0,,Amateur,,,,,,,,,,5,,,71,71,66,68,54,75,56,47,24,1,1,0,100,1,,,,,,,0,22,67,57,10,85.07462686567165,3,0,0,"{""matches"":67,""wins"":57,""losses"":10,""draws"":0,""winPercentage"":85.07462686567165,""eventsEntered"":0,""titles"":3,""finals"":0,""prizeMoney"":0,""points"":0}",,,,,,,,,,,,,,,,false,false,false,,104,14,11,0,0,0,0,0,0,0,0,0,11,3,0,estimated from season exits versus eligible schedule | 3 eligible events not entered,Senior/Legend,normal,,,false,false,false,false,0,0,0,,1,false,,amateur,senior,,,true,true,
2038/39,wp-patrick-forster,Patrick Forster,44,GER,Veteran,Amateur,false,false,false,,0,0,,Amateur,,,,,,,,,,,,,72,72,72,70,67,87,76,7,18,0,0,0,,0,,,,,,,0,0,10,10,0,100,0,0,0,"{""matches"":10,""wins"":10,""losses"":0,""draws"":0,""winPercentage"":100,""eventsEntered"":0,""titles"":0,""finals"":0,""prizeMoney"":0,""points"":0}",,,,,,,,,,,,,,,,false,false,false,,104,44,15,0,0,0,0,0,10,5,0,0,0,29,11,estimated from season exits versus eligible schedule | 29 eligible events not entered,Amateur,normal,,,false,false,false,false,0,0,0,,0,false,,amateur,amateur,,,true,true,
2038/39,wp-patrick-gallagher,Patrick Gallagher,55,NIR,Veteran,Amateur,false,false,false,,0,0,,Amateur,,,,,,,,,,,,,79,82,77,78,68,89,65,25,31,0,0,0,,0,,,,,,,0,0,12,12,0,100,0,0,368140,"{""matches"":12,""wins"":12,""losses"":0,""draws"":0,""winPercentage"":100,""eventsEntered"":0,""titles"":0,""finals"":0,""prizeMoney"":368140,""points"":0}",,,,,,,,,,,,,,67,,false,false,false,,104,44,15,0,0,0,0,0,10,5,0,0,0,29,11,estimated from season exits versus eligible schedule | 29 eligible events not entered,Amateur,normal,,,false,false,false,false,0,0,0,,0,false,,amateur,amateur,,,true,true,
2038/39,wp-patrick-harrington,Patrick Harrington,37,CAN,Amateur,Amateur,false,false,false,,0,0,,Amateur,,,,,,,,,,,,,69,69,70,67,67,86,76,0,18,0,0,0,,0,,,,,,,0,0,20,17,3,85,0,0,0,"{""matches"":20,""wins"":17,""losses"":3,""draws"":0,""winPercentage"":85,""eventsEntered"":0,""titles"":0,""finals"":0,""prizeMoney"":0,""points"":0}",,,,,,,,,,,,,,,,false,false,false,,104,42,15,0,0,0,0,0,10,5,0,0,0,27,11,estimated from season exits versus eligible schedule | 27 eligible events not entered,Amateur,normal,,,false,false,false,false,0,0,0,,0,false,,amateur,amateur,,,true,true,
2038/39,wp-patrick-nakamura,Patrick Nakamura,35,IND,Amateur,Amateur,false,false,false,,0,0,,Amateur,,,,,,,,,,,,,70,71,72,68,68,86,73,0,24,0,0,0,,0,,,,,,,0,0,28,22,6,78.57142857142857,0,0,177484,"{""matches"":28,""wins"":22,""losses"":6,""draws"":0,""winPercentage"":78.57142857142857,""eventsEntered"":0,""titles"":0,""finals"":0,""prizeMoney"":177484,""points"":0}",,,,,,,,,,,,,,102,,false,false,false,,104,42,15,0,0,0,0,0,10,5,0,0,0,27,11,estimated from season exits versus eligible schedule | 27 eligible events not entered,Amateur,normal,,,false,false,false,false,0,0,0,,0,false,,amateur,amateur,,,true,true,
2038/39,wp-patrick-patel,Patrick Patel,39,SWE,Amateur,Amateur,false,false,false,,0,0,,Amateur,,,,,,,,,,,,,73,73,74,72,70,91,81,0,21,0,0,0,,0,,,,,,,0,0,12,12,0,100,0,0,169390,"{""matches"":12,""wins"":12,""losses"":0,""draws"":0,""winPercentage"":100,""eventsEntered"":0,""titles"":0,""finals"":0,""prizeMoney"":169390,""points"":0}",,,,,,,,,,,,,,119,,false,false,false,,104,42,15,0,0,0,0,0,10,5,0,0,0,27,11,estimated from season exits versus eligible schedule | 27 eligible events not entered,Amateur,normal,,,false,false,false,false,0,0,0,,0,false,,amateur,amateur,,,true,true,
2038/39,wp-patrick-tremblay,Patrick Tremblay,43,THA,Veteran,Amateur,false,false,false,,0,0,,Amateur,,,,,,,,,,,,,66,67,66,63,61,78,62,7,22,0,0,0,,0,,,,,,,0,0,62,39,23,62.903225806451616,0,0,115915,"{""matches"":62,""wins"":39,""losses"":23,""draws"":0,""winPercentage"":62.903225806451616,""eventsEntered"":0,""titles"":0,""finals"":0,""prizeMoney"":115915,""points"":0}",,,,,,,,,,,,,,112,,false,false,false,,104,44,15,0,0,0,0,0,10,5,0,0,0,29,11,estimated from season exits versus eligible schedule | 29 eligible events not entered,Amateur,normal,,,false,false,false,false,0,0,0,,0,false,,amateur,amateur,,,true,true,
2038/39,wp-patrick-urban,Patrick Urban,31,CAN,Amateur,Amateur,false,false,false,,0,0,,Amateur,,,,,,,61,,,,,,66,67,68,62,64,74,55,23,22,9,3,6,33.33333333333333,0,,,,,,,0,131,148,93,55,62.83783783783784,0,0,268251,"{""matches"":148,""wins"":93,""losses"":55,""draws"":0,""winPercentage"":62.83783783783784,""eventsEntered"":0,""titles"":0,""finals"":0,""prizeMoney"":268251,""points"":0}",,,,,,,,,,,,,,112,,false,false,false,,104,42,15,0,0,0,0,0,10,5,0,0,0,27,11,estimated from season exits versus eligible schedule | 27 eligible events not entered,Amateur,normal,,,false,false,false,false,0,0,0,,0,false,,amateur,amateur,,,true,true,
2038/39,wp-patrick-verma,Patrick Verma,38,SWE,Amateur,Q School,false,false,false,,0,0,,Amateur,,,,,,,24,11,17,,,,65,65,66,61,58,70,60,48,18,16,7,9,43.75,0,,,,,,,0,312,40,27,13,67.5,0,0,0,"{""matches"":40,""wins"":27,""losses"":13,""draws"":0,""winPercentage"":67.5,""eventsEntered"":0,""titles"":0,""finals"":0,""prizeMoney"":0,""points"":0}",,,,,,,,,,,,,,,,false,false,false,,104,42,9,0,0,0,0,0,4,5,0,0,0,33,17,estimated from season exits versus eligible schedule | 33 eligible events not entered,Q School,too high,,,false,false,false,false,0,0,0,,0,false,,qSchool,qSchool,,,true,true,
2038/39,wp-pavel-ashford,Pavel Ashford,34,BEL,Amateur,Amateur,false,false,false,,0,0,,Amateur,,,,,,,,,,,,,72,72,74,70,71,90,82,0,18,0,0,0,,0,,,,,,,0,0,14,14,0,100,0,0,0,"{""matches"":14,""wins"":14,""losses"":0,""draws"":0,""winPercentage"":100,""eventsEntered"":0,""titles"":0,""finals"":0,""prizeMoney"":0,""points"":0}",,,,,,,,,,,,,,,,false,false,false,,104,42,15,0,0,0,0,0,10,5,0,0,0,27,11,estimated from season exits versus eligible schedule | 27 eligible events not entered,Amateur,normal,,,false,false,false,false,0,0,0,,0,false,,amateur,amateur,,,true,true,
2038/39,wp-pavel-barker,Pavel Barker,34,AUS,Amateur,Amateur,false,false,false,,0,0,,Amateur,,,,,,,,,,,,,72,72,74,70,71,90,82,0,18,0,0,0,,0,,,,,,,0,0,10,10,0,100,0,0,0,"{""matches"":10,""wins"":10,""losses"":0,""draws"":0,""winPercentage"":100,""eventsEntered"":0,""titles"":0,""finals"":0,""prizeMoney"":0,""points"":0}",,,,,,,,,,,,,,,,false,false,false,,104,42,15,0,0,0,0,0,10,5,0,0,0,27,11,estimated from season exits versus eligible schedule | 27 eligible events not entered,Amateur,normal,,,false,false,false,false,0,0,0,,0,false,,amateur,amateur,,,true,true,
2038/39,wp-pavel-costa,Pavel Costa,44,NED,Veteran,Amateur,false,false,false,,0,0,,Amateur,,,,,,,,,,,,,72,76,72,71,66,83,59,9,37,0,0,0,,0,,,,,,,0,0,65,38,27,58.46153846153847,0,0,1048360,"{""matches"":65,""wins"":38,""losses"":27,""draws"":0,""winPercentage"":58.46153846153847,""eventsEntered"":0,""titles"":0,""finals"":0,""prizeMoney"":1048360,""points"":0}",,,,,,,,,,,,,,54,,false,false,false,,104,44,15,0,0,0,0,0,10,5,0,0,0,29,11,estimated from season exits versus eligible schedule | 29 eligible events not entered,Amateur,normal,,,false,false,false,false,0,0,0,,0,false,,senior,amateur,,,true,true,
2038/39,wp-pavel-drayton,Pavel Drayton,60,NOR,Veteran,Senior Tour / Legend Circuit,false,false,false,,0,0,,Amateur,,,,,,,,,,17,,,67,67,64,63,52,69,51,54,22,7,5,2,71.42857142857143,0,,,,,,,0,182,95,67,28,70.52631578947368,2,0,0,"{""matches"":95,""wins"":67,""losses"":28,""draws"":0,""winPercentage"":70.52631578947368,""eventsEntered"":0,""titles"":2,""finals"":0,""prizeMoney"":0,""points"":0}",,,,,,,,,,,,,,,,false,false,false,,104,14,11,0,0,0,0,0,0,0,0,0,11,3,0,estimated from season exits versus eligible schedule | 3 eligible events not entered,Senior/Legend,normal,,,false,false,false,false,0,0,0,,0,false,,amateur,senior,,,true,true,
2038/39,wp-pavel-kovacs,Pavel Kovacs,38,SCO,Amateur,Amateur,false,false,false,,0,0,,Amateur,,,,,,,,,,,,,72,72,73,70,69,90,82,0,18,0,0,0,,0,,,,,,,0,0,12,12,0,100,0,0,0,"{""matches"":12,""wins"":12,""losses"":0,""draws"":0,""winPercentage"":100,""eventsEntered"":0,""titles"":0,""finals"":0,""prizeMoney"":0,""points"":0}",,,,,,,,,,,,,,,,false,false,false,,104,42,15,0,0,0,0,0,10,5,0,0,0,27,11,estimated from season exits versus eligible schedule | 27 eligible events not entered,Amateur,normal,,,false,false,false,false,0,0,0,,0,false,,amateur,amateur,,,true,true,
2038/39,wp-pavel-langford,Pavel Langford,38,FRA,Amateur,Amateur,false,false,false,,0,0,,Amateur,,,,,,,,,,,,,74,75,75,73,71,92,82,0,22,0,0,0,,0,,,,,,,0,0,12,12,0,100,0,0,180828,"{""matches"":12,""wins"":12,""losses"":0,""draws"":0,""winPercentage"":100,""eventsEntered"":0,""titles"":0,""finals"":0,""prizeMoney"":180828,""points"":0}",,,,,,,,,,,,,,110,,false,false,false,,104,42,15,0,0,0,0,0,10,5,0,0,0,27,11,estimated from season exits versus eligible schedule | 27 eligible events not entered,Amateur,normal,,,false,false,false,false,0,0,0,,0,false,,amateur,amateur,,,true,true,
2038/39,wp-pavel-petrov,Pavel Petrov,43,NOR,Veteran,Amateur,false,false,false,,0,0,,Amateur,,,,,,,,,,,,,70,71,70,68,65,83,67,7,27,0,0,0,,0,,,,,,,0,0,32,22,10,68.75,2,0,139328,"{""matches"":32,""wins"":22,""losses"":10,""draws"":0,""winPercentage"":68.75,""eventsEntered"":0,""titles"":2,""finals"":0,""prizeMoney"":139328,""points"":0}",,,,,,,,,,,,,,103,,false,false,false,,104,44,15,0,0,0,0,0,10,5,0,0,0,29,11,estimated from season exits versus eligible schedule | 29 eligible events not entered,Amateur,normal,,,false,false,false,false,0,0,0,,0,false,,amateur,amateur,,,true,true,
2038/39,wp-pavel-rahman,Pavel Rahman,30,FRA,Amateur,Amateur,false,false,false,,0,0,,Amateur,,,,,,,51,,,,,,66,67,68,63,64,75,62,25,22,10,5,5,50,0,,,,,,,0,228,169,111,58,65.68047337278107,0,0,265936,"{""matches"":169,""wins"":111,""losses"":58,""draws"":0,""winPercentage"":65.68047337278107,""eventsEntered"":0,""titles"":0,""finals"":0,""prizeMoney"":265936,""points"":0}",,,,,,,,,,,,,,113,,false,false,false,,104,42,15,0,0,0,0,0,10,5,0,0,0,27,11,estimated from season exits versus eligible schedule | 27 eligible events not entered,Amateur,normal,,,false,false,false,false,0,0,0,,0,false,,amateur,amateur,,,true,true,
2038/39,wp-pavel-whitaker,Pavel Whitaker,34,ITA,Amateur,Amateur,false,false,false,,0,0,,Amateur,112,112,,112,,,,,,,112,,65,66,67,62,62,75,59,16,24,7,3,4,42.857142857142854,0,,,,,,,65039,404,111,61,50,54.95495495495496,0,0,267383,"{""matches"":111,""wins"":61,""losses"":50,""draws"":0,""winPercentage"":54.95495495495496,""eventsEntered"":0,""titles"":0,""finals"":0,""prizeMoney"":267383,""points"":0}",,,,,,,,,,,,,,104,,false,false,false,,104,42,15,0,0,0,0,0,10,5,0,0,0,27,11,estimated from season exits versus eligible schedule | 27 eligible events not entered,Amateur,normal,,,false,false,false,false,3,5,110711,,0,false,,amateur,amateur,,,true,true,
2038/39,wp-pavel-yates,Pavel Yates,43,SCO,Veteran,Amateur,false,false,false,,0,0,,Amateur,,,,,,,,,,,,,72,72,72,70,67,88,77,6,18,0,0,0,,0,,,,,,,0,0,12,12,0,100,0,0,0,"{""matches"":12,""wins"":12,""losses"":0,""draws"":0,""winPercentage"":100,""eventsEntered"":0,""titles"":0,""finals"":0,""prizeMoney"":0,""points"":0}",,,,,,,,,,,,,,,,false,false,false,,104,44,15,0,0,0,0,0,10,5,0,0,0,29,11,estimated from season exits versus eligible schedule | 29 eligible events not entered,Amateur,normal,,,false,false,false,false,0,0,0,,0,false,,amateur,amateur,,,true,true,
2038/39,wp-quentin-ashford,Quentin Ashford,30,ENG,Amateur,Amateur,false,false,false,,0,0,,Amateur,,,,,,,50,,,,,,68,70,70,65,66,77,57,19,28,8,3,5,37.5,0,,,,,,,0,148,146,89,57,60.95890410958904,0,0,522990,"{""matches"":146,""wins"":89,""losses"":57,""draws"":0,""winPercentage"":60.95890410958904,""eventsEntered"":0,""titles"":0,""finals"":0,""prizeMoney"":522990,""points"":0}",,,,,,,,,,,,,,89,,false,false,false,,104,42,15,0,0,0,0,0,10,5,0,0,0,27,11,estimated from season exits versus eligible schedule | 27 eligible events not entered,Amateur,normal,,,false,false,false,false,0,0,0,,0,false,,amateur,amateur,,,true,true,
2038/39,wp-quentin-barker,Quentin Barker,44,THA,Veteran,Amateur,false,false,false,,0,0,,Amateur,,,,,,,,,,,,,72,72,72,70,67,87,76,7,18,0,0,0,,0,,,,,,,0,0,14,14,0,100,0,0,0,"{""matches"":14,""wins"":14,""losses"":0,""draws"":0,""winPercentage"":100,""eventsEntered"":0,""titles"":0,""finals"":0,""prizeMoney"":0,""points"":0}",,,,,,,,,,,,,,,,false,false,false,,104,44,15,0,0,0,0,0,10,5,0,0,0,29,11,estimated from season exits versus eligible schedule | 29 eligible events not entered,Amateur,normal,,,false,false,false,false,0,0,0,,0,false,,amateur,amateur,,,true,true,
2038/39,wp-quentin-caldwell,Quentin Caldwell,41,CAN,Veteran,Amateur,false,false,false,,0,0,,Amateur,,,,,,,,,,,,,72,72,73,70,68,89,79,3,18,0,0,0,,0,,,,,,,0,0,10,10,0,100,0,0,0,"{""matches"":10,""wins"":10,""losses"":0,""draws"":0,""winPercentage"":100,""eventsEntered"":0,""titles"":0,""finals"":0,""prizeMoney"":0,""points"":0}",,,,,,,,,,,,,,,,false,false,false,,104,44,15,0,0,0,0,0,10,5,0,0,0,29,11,estimated from season exits versus eligible schedule | 29 eligible events not entered,Amateur,normal,,,false,false,false,false,0,0,0,,0,false,,amateur,amateur,,,true,true,
2038/39,wp-quentin-easton,Quentin Easton,37,ENG,Amateur,Amateur,false,false,false,,0,0,,Amateur,,,,,,,,,,,,,72,72,73,70,70,90,82,0,18,0,0,0,,0,,,,,,,0,0,12,12,0,100,0,0,0,"{""matches"":12,""wins"":12,""losses"":0,""draws"":0,""winPercentage"":100,""eventsEntered"":0,""titles"":0,""finals"":0,""prizeMoney"":0,""points"":0}",,,,,,,,,,,,,,,,false,false,false,,104,42,15,0,0,0,0,0,10,5,0,0,0,27,11,estimated from season exits versus eligible schedule | 27 eligible events not entered,Amateur,normal,,,false,false,false,false,0,0,0,,0,false,,amateur,amateur,,,true,true,
2038/39,wp-quentin-langford,Quentin Langford,40,GER,Veteran,Amateur,false,false,false,,0,0,,Amateur,,,,,,,,,,,,,72,72,73,70,68,89,80,1,18,0,0,0,,0,,,,,,,0,0,12,12,0,100,0,0,0,"{""matches"":12,""wins"":12,""losses"":0,""draws"":0,""winPercentage"":100,""eventsEntered"":0,""titles"":0,""finals"":0,""prizeMoney"":0,""points"":0}",,,,,,,,,,,,,,,,false,false,false,,104,44,15,0,0,0,0,0,10,5,0,0,0,29,11,estimated from season exits versus eligible schedule | 29 eligible events not entered,Amateur,normal,,,false,false,false,false,0,0,0,,0,false,,amateur,amateur,,,true,true,
2038/39,wp-quentin-rahman,Quentin Rahman,44,ENG,Veteran,Amateur,false,false,false,,0,0,,Amateur,,,,,,,,,,,,,69,70,69,67,63,82,66,8,23,0,0,0,,0,,,,,,,0,0,23,17,6,73.91304347826086,0,0,119094,"{""matches"":23,""wins"":17,""losses"":6,""draws"":0,""winPercentage"":73.91304347826086,""eventsEntered"":0,""titles"":0,""finals"":0,""prizeMoney"":119094,""points"":0}",,,,,,,,,,,,,,105,,false,false,false,,104,44,15,0,0,0,0,0,10,5,0,0,0,29,11,estimated from season exits versus eligible schedule | 29 eligible events not entered,Amateur,normal,,,false,false,false,false,0,0,0,,0,false,,amateur,amateur,,,true,true,
2038/39,wp-quentin-rossi,Quentin Rossi,44,POL,Veteran,Amateur,false,false,false,,0,0,,Amateur,,,,,,,,,,,,,72,76,72,71,66,83,58,9,39,0,0,0,,0,,,,,,,0,0,61,33,28,54.09836065573771,0,0,974317,"{""matches"":61,""wins"":33,""losses"":28,""draws"":0,""winPercentage"":54.09836065573771,""eventsEntered"":0,""titles"":0,""finals"":0,""prizeMoney"":974317,""points"":0}",,,,,,,,,,,,,,41,,false,false,false,,104,44,15,0,0,0,0,0,10,5,0,0,0,29,11,estimated from season exits versus eligible schedule | 29 eligible events not entered,Amateur,normal,,,false,false,false,false,0,0,0,,0,false,,senior,amateur,,,true,true,
2038/39,wp-quentin-sorensen,Quentin Sorensen,32,NIR,Amateur,Amateur,false,false,false,,0,0,,Amateur,,,,,,,,,,,,,66,67,68,64,65,81,68,0,22,0,0,0,,0,,,,,,,0,0,113,73,40,64.60176991150442,0,0,242812,"{""matches"":113,""wins"":73,""losses"":40,""draws"":0,""winPercentage"":64.60176991150442,""eventsEntered"":0,""titles"":0,""finals"":0,""prizeMoney"":242812,""points"":0}",,,,,,,,,,,,,,115,,false,false,false,,104,42,15,0,0,0,0,0,10,5,0,0,0,27,11,estimated from season exits versus eligible schedule | 27 eligible events not entered,Amateur,normal,,,false,false,false,false,0,0,0,,0,false,,amateur,amateur,,,true,true,
2038/39,wp-quentin-yates,Quentin Yates,33,WAL,Amateur,Amateur,false,false,false,,0,0,,Amateur,,,,,,,,,,,,,62,62,64,59,61,76,64,0,18,0,0,0,,0,,,,,,,0,0,66,36,30,54.54545454545454,0,0,0,"{""matches"":66,""wins"":36,""losses"":30,""draws"":0,""winPercentage"":54.54545454545454,""eventsEntered"":0,""titles"":0,""finals"":0,""prizeMoney"":0,""points"":0}",,,,,,,,,,,,,,,,false,false,false,,104,42,15,0,0,0,0,0,10,5,0,0,0,27,11,estimated from season exits versus eligible schedule | 27 eligible events not entered,Amateur,normal,,,false,false,false,false,0,0,0,,0,false,,amateur,amateur,,,true,true,
2038/39,wp-rafael-barker,Rafael Barker,53,CHN,Veteran,Amateur,false,false,false,,0,0,,Amateur,,,,,,,,,,,,,72,72,70,69,62,83,67,22,18,0,0,0,,0,,,,,,,0,0,12,12,0,100,0,0,0,"{""matches"":12,""wins"":12,""losses"":0,""draws"":0,""winPercentage"":100,""eventsEntered"":0,""titles"":0,""finals"":0,""prizeMoney"":0,""points"":0}",,,,,,,,,,,,,,,,false,false,false,,104,44,15,0,0,0,0,0,10,5,0,0,0,29,11,estimated from season exits versus eligible schedule | 29 eligible events not entered,Amateur,normal,,,false,false,false,false,0,0,0,,0,false,,amateur,amateur,,,true,true,
2038/39,wp-rafael-caldwell,Rafael Caldwell,38,BRA,Amateur,Amateur,false,false,false,,0,0,,Amateur,,,,,,,,,,,,,72,72,73,70,69,90,82,0,18,0,0,0,,0,,,,,,,0,0,14,14,0,100,0,0,0,"{""matches"":14,""wins"":14,""losses"":0,""draws"":0,""winPercentage"":100,""eventsEntered"":0,""titles"":0,""finals"":0,""prizeMoney"":0,""points"":0}",,,,,,,,,,,,,,,,false,false,false,,104,42,15,0,0,0,0,0,10,5,0,0,0,27,11,estimated from season exits versus eligible schedule | 27 eligible events not entered,Amateur,normal,,,false,false,false,false,0,0,0,,0,false,,amateur,amateur,,,true,true,
2038/39,wp-rafael-drayton,Rafael Drayton,29,ITA,Amateur,Amateur,false,false,false,,0,0,,Amateur,113,113,,113,,,41,,,,113,,66,67,68,63,65,77,62,13,22,6,3,3,50,0,,,,,,,64750,403,135,84,51,62.22222222222222,0,0,243679,"{""matches"":135,""wins"":84,""losses"":51,""draws"":0,""winPercentage"":62.22222222222222,""eventsEntered"":0,""titles"":0,""finals"":0,""prizeMoney"":243679,""points"":0}",,,,,,,,,,,,,,111,,false,false,false,,104,42,15,0,0,0,0,0,10,5,0,0,0,27,11,estimated from season exits versus eligible schedule | 27 eligible events not entered,Amateur,normal,,,false,false,false,false,3,6,128633,,0,false,,amateur,amateur,,,true,true,
2038/39,wp-rafael-forster,Rafael Forster,37,BEL,Amateur,Amateur,false,false,false,,0,0,,Amateur,,,,,,,,,,,,,72,72,73,70,70,90,82,0,18,0,0,0,,0,,,,,,,0,0,12,12,0,100,0,0,0,"{""matches"":12,""wins"":12,""losses"":0,""draws"":0,""winPercentage"":100,""eventsEntered"":0,""titles"":0,""finals"":0,""prizeMoney"":0,""points"":0}",,,,,,,,,,,,,,,,false,false,false,,104,42,15,0,0,0,0,0,10,5,0,0,0,27,11,estimated from season exits versus eligible schedule | 27 eligible events not entered,Amateur,normal,,,false,false,false,false,0,0,0,,0,false,,amateur,amateur,,,true,true,
2038/39,wp-rafael-grimaldi,Rafael Grimaldi,45,AUS,Veteran,Amateur,false,false,false,,0,0,,Amateur,,,,,,,,,,,,,75,80,75,75,69,85,56,11,44,0,0,0,,0,,,,,,,0,0,75,39,36,52,0,0,1226492,"{""matches"":75,""wins"":39,""losses"":36,""draws"":0,""winPercentage"":52,""eventsEntered"":0,""titles"":0,""finals"":0,""prizeMoney"":1226492,""points"":0}",,,,,,,,,,,,,,19,,false,false,false,,104,44,15,0,0,0,0,0,10,5,0,0,0,29,11,estimated from season exits versus eligible schedule | 29 eligible events not entered,Amateur,normal,,,false,false,false,false,0,2,45094,,0,false,,senior,amateur,,,true,true,
2038/39,wp-rafael-mendoza,Rafael Mendoza,32,SCO,Amateur,Amateur,false,false,false,,0,0,,Amateur,,,,,,,,,,,,,70,73,72,69,69,85,67,0,30,0,0,0,,0,,,,,,,0,0,102,63,39,61.76470588235294,0,0,465693,"{""matches"":102,""wins"":63,""losses"":39,""draws"":0,""winPercentage"":61.76470588235294,""eventsEntered"":0,""titles"":0,""finals"":0,""prizeMoney"":465693,""points"":0}",,,,,,,,,,,,,,75,,false,false,false,,104,42,15,0,0,0,0,0,10,5,0,0,0,27,11,estimated from season exits versus eligible schedule | 27 eligible events not entered,Amateur,normal,,,false,false,false,false,0,0,0,,0,false,,amateur,amateur,,,true,true,
2038/39,wp-rafael-sorensen,Rafael Sorensen,41,BEL,Veteran,Amateur,false,false,false,,0,0,,Amateur,,,,,,,,,,,,,68,69,69,66,64,82,67,4,23,0,0,0,,0,,,,,,,0,0,24,17,7,70.83333333333334,0,0,117360,"{""matches"":24,""wins"":17,""losses"":7,""draws"":0,""winPercentage"":70.83333333333334,""eventsEntered"":0,""titles"":0,""finals"":0,""prizeMoney"":117360,""points"":0}",,,,,,,,,,,,,,106,,false,false,false,,104,44,15,0,0,0,0,0,10,5,0,0,0,29,11,estimated from season exits versus eligible schedule | 29 eligible events not entered,Amateur,normal,,,false,false,false,false,0,0,0,,0,false,,amateur,amateur,,,true,true,
2038/39,wp-rafael-tremblay,Rafael Tremblay,32,AUS,Amateur,Amateur,false,false,false,,0,0,,Amateur,,,,,,,,,,,,,65,66,67,62,64,80,66,0,21,0,0,0,,0,,,,,,,0,0,121,72,49,59.50413223140496,0,0,131234,"{""matches"":121,""wins"":72,""losses"":49,""draws"":0,""winPercentage"":59.50413223140496,""eventsEntered"":0,""titles"":0,""finals"":0,""prizeMoney"":131234,""points"":0}",,,,,,,,,,,,,,113,,false,false,false,,104,42,15,0,0,0,0,0,10,5,0,0,0,27,11,estimated from season exits versus eligible schedule | 27 eligible events not entered,Amateur,normal,,,false,false,false,false,0,0,0,,0,false,,amateur,amateur,,,true,true,
2038/39,wp-rafael-upton,Rafael Upton,40,BRA,Veteran,Amateur,false,false,false,,0,0,,Amateur,,,,,,,,,,,,,73,73,74,72,69,90,80,1,20,0,0,0,,0,,,,,,,0,0,12,12,0,100,0,0,122270,"{""matches"":12,""wins"":12,""losses"":0,""draws"":0,""winPercentage"":100,""eventsEntered"":0,""titles"":0,""finals"":0,""prizeMoney"":122270,""points"":0}",,,,,,,,,,,,,,123,,false,false,false,,104,44,15,0,0,0,0,0,10,5,0,0,0,29,11,estimated from season exits versus eligible schedule | 29 eligible events not entered,Amateur,normal,,,false,false,false,false,0,0,0,,0,false,,amateur,amateur,,,true,true,
2038/39,wp-reuben-easton,Reuben Easton,40,ITA,Veteran,Amateur,false,false,false,,0,0,,Amateur,,,,,,,,,,,,,75,76,76,74,71,92,80,1,24,0,0,0,,0,,,,,,,0,0,12,12,0,100,0,0,257424,"{""matches"":12,""wins"":12,""losses"":0,""draws"":0,""winPercentage"":100,""eventsEntered"":0,""titles"":0,""finals"":0,""prizeMoney"":257424,""points"":0}",,,,,,,,,,,,,,100,,false,false,false,,104,44,15,0,0,0,0,0,10,5,0,0,0,29,11,estimated from season exits versus eligible schedule | 29 eligible events not entered,Amateur,normal,,,false,false,false,false,0,0,0,,0,false,,amateur,amateur,,,true,true,
2038/39,wp-reuben-iqbal,Reuben Iqbal,43,ITA,Veteran,Amateur,false,false,false,,0,0,,Amateur,,,,,,,,,,,,,72,72,72,70,67,88,77,6,18,0,0,0,,0,,,,,,,0,0,12,12,0,100,0,0,0,"{""matches"":12,""wins"":12,""losses"":0,""draws"":0,""winPercentage"":100,""eventsEntered"":0,""titles"":0,""finals"":0,""prizeMoney"":0,""points"":0}",,,,,,,,,,,,,,,,false,false,false,,104,44,15,0,0,0,0,0,10,5,0,0,0,29,11,estimated from season exits versus eligible schedule | 29 eligible events not entered,Amateur,normal,,,false,false,false,false,0,0,0,,0,false,,amateur,amateur,,,true,true,
2038/39,wp-reuben-tremblay,Reuben Tremblay,34,CHN,Amateur,Amateur,false,false,false,,0,0,,Amateur,,,,,,,,,,,,,65,66,67,63,64,79,65,0,25,0,0,0,,0,,,,,,,0,0,60,33,27,55.00000000000001,1,0,153204,"{""matches"":60,""wins"":33,""losses"":27,""draws"":0,""winPercentage"":55.00000000000001,""eventsEntered"":0,""titles"":1,""finals"":0,""prizeMoney"":153204,""points"":0}",,,,,,,,,,,,,,107,,false,false,false,,104,42,15,0,0,0,0,0,10,5,0,0,0,27,11,estimated from season exits versus eligible schedule | 27 eligible events not entered,Amateur,normal,,,false,false,false,false,0,0,0,,0,false,,amateur,amateur,,,true,true,
2038/39,wp-reuben-urban,Reuben Urban,34,BRA,Amateur,Amateur,false,false,false,,0,0,,Amateur,,,,,,,,,,,,,64,65,66,61,63,78,64,0,22,0,0,0,,0,,,,,,,0,0,44,24,20,54.54545454545454,0,0,134126,"{""matches"":44,""wins"":24,""losses"":20,""draws"":0,""winPercentage"":54.54545454545454,""eventsEntered"":0,""titles"":0,""finals"":0,""prizeMoney"":134126,""points"":0}",,,,,,,,,,,,,,108,,false,false,false,,104,42,15,0,0,0,0,0,10,5,0,0,0,27,11,estimated from season exits versus eligible schedule | 27 eligible events not entered,Amateur,normal,,,false,false,false,false,0,0,0,,0,false,,amateur,amateur,,,true,true,
2038/39,wp-reuben-verma,Reuben Verma,37,ITA,Amateur,Amateur,false,false,false,,0,0,,Amateur,,,,,,,,,,,,,65,66,66,62,63,79,65,0,22,0,0,0,,0,,,,,,,0,0,89,51,38,57.30337078651685,0,0,131812,"{""matches"":89,""wins"":51,""losses"":38,""draws"":0,""winPercentage"":57.30337078651685,""eventsEntered"":0,""titles"":0,""finals"":0,""prizeMoney"":131812,""points"":0}",,,,,,,,,,,,,,112,,false,false,false,,104,42,15,0,0,0,0,0,10,5,0,0,0,27,11,estimated from season exits versus eligible schedule | 27 eligible events not entered,Amateur,normal,,,false,false,false,false,0,0,0,,0,false,,amateur,amateur,,,true,true,
2038/39,wp-reuben-whitaker,Reuben Whitaker,35,SCO,Amateur,Amateur,false,false,false,,0,0,,Amateur,,,,,,,,,,,,,72,72,74,70,70,90,82,0,18,0,0,0,,0,,,,,,,0,0,14,14,0,100,0,0,0,"{""matches"":14,""wins"":14,""losses"":0,""draws"":0,""winPercentage"":100,""eventsEntered"":0,""titles"":0,""finals"":0,""prizeMoney"":0,""points"":0}",,,,,,,,,,,,,,,,false,false,false,,104,42,15,0,0,0,0,0,10,5,0,0,0,27,11,estimated from season exits versus eligible schedule | 27 eligible events not entered,Amateur,normal,,,false,false,false,false,0,0,0,,0,false,,amateur,amateur,,,true,true,
2038/39,wp-reuben-yates,Reuben Yates,38,BEL,Amateur,Amateur,false,false,false,,0,0,,Amateur,,,,,,,,,,,,,66,66,67,63,63,82,71,0,18,0,0,0,,0,,,,,,,0,0,14,10,4,71.42857142857143,0,0,0,"{""matches"":14,""wins"":10,""losses"":4,""draws"":0,""winPercentage"":71.42857142857143,""eventsEntered"":0,""titles"":0,""finals"":0,""prizeMoney"":0,""points"":0}",,,,,,,,,,,,,,,,false,false,false,,104,42,15,0,0,0,0,0,10,5,0,0,0,27,11,estimated from season exits versus eligible schedule | 27 eligible events not entered,Amateur,normal,,,false,false,false,false,0,0,0,,0,false,,amateur,amateur,,,true,true,
2038/39,wp-rory-vale,Rory Vale,26,ENG,Amateur,Q School,false,false,false,,0,0,,Amateur,114,114,,114,,,15,15,11,,114,,67,89,69,64,66,77,59,16,23,7,3,4,42.857142857142854,0,,,,,,,63883,397,105,66,39,62.857142857142854,0,0,330399,"{""matches"":105,""wins"":66,""losses"":39,""draws"":0,""winPercentage"":62.857142857142854,""eventsEntered"":0,""titles"":0,""finals"":0,""prizeMoney"":330399,""points"":0}",,,,,,,,,,,,,,113,,false,false,false,,104,42,4,0,0,0,0,0,0,4,0,0,0,38,22,estimated from season exits versus eligible schedule | 38 eligible events not entered,Q School,normal,,,false,false,false,false,3,5,108110,,0,false,failed Q School campaigns,qSchool,qSchool,,,true,true,
2038/39,wp-rory-vale-b,Rory Vale B,26,ENG,Amateur,Q School,false,false,false,,0,0,,Amateur,116,116,,116,,,30,29,26,,116,,66,73,68,63,65,76,60,16,23,7,3,4,42.857142857142854,0,,,,,,,63305,394,116,75,41,64.65517241379311,1,0,234142,"{""matches"":116,""wins"":75,""losses"":41,""draws"":0,""winPercentage"":64.65517241379311,""eventsEntered"":0,""titles"":1,""finals"":0,""prizeMoney"":234142,""points"":0}",,,,,,,,,,,,,,116,,false,false,false,,104,42,4,0,0,0,0,0,0,4,0,0,0,38,22,estimated from season exits versus eligible schedule | 38 eligible events not entered,Q School,normal,,,false,false,false,false,3,6,125743,,0,false,,qTour,qSchool,,,true,true,
2038/39,wp-rory-vale-f,Rory Vale F,20,THA,Amateur,Q School,false,false,false,,0,0,,Amateur,119,119,,119,,,5,5,6,,119,,66,87,68,63,65,77,65,16,20,7,4,3,57.14285714285714,0,,,,,,,80938,503,29,18,11,62.06896551724138,0,0,143086,"{""matches"":29,""wins"":18,""losses"":11,""draws"":0,""winPercentage"":62.06896551724138,""eventsEntered"":0,""titles"":0,""finals"":0,""prizeMoney"":143086,""points"":0}",,,,,,,,,,,,,,119,,false,false,false,,104,42,4,0,0,0,0,0,0,4,0,0,0,38,22,estimated from season exits versus eligible schedule | 38 eligible events not entered,Q School,normal,,,false,false,false,false,4,7,143086,,0,false,,qSchool,qSchool,,,true,true,
2038/39,wp-rory-vale-g,Rory Vale G,17,THA,Youth,Amateur,false,false,false,,0,0,,Amateur,,,,,,,,,,,,,68,89,70,66,66,80,73,21,18,9,7,2,77.77777777777779,0,,,,,,,0,159,27,20,7,74.07407407407408,0,0,0,"{""matches"":27,""wins"":20,""losses"":7,""draws"":0,""winPercentage"":74.07407407407408,""eventsEntered"":0,""titles"":0,""finals"":0,""prizeMoney"":0,""points"":0}",,,,,,,,,,,,,,,,false,false,false,,104,61,10,0,0,0,0,0,5,5,0,0,0,51,16,estimated from season exits versus eligible schedule | 51 eligible events not entered,Youth,normal,,,false,false,false,false,0,0,0,,0,false,,youth,youth,,,true,true,
2038/39,wp-rory-vale-h,Rory Vale H,17,THA,Youth,Amateur,false,false,false,,0,0,,Amateur,,,,,,,,,,,,,65,73,67,62,63,76,69,21,18,9,6,3,66.66666666666666,0,,,,,,,0,128,9,6,3,66.66666666666666,0,0,0,"{""matches"":9,""wins"":6,""losses"":3,""draws"":0,""winPercentage"":66.66666666666666,""eventsEntered"":0,""titles"":0,""finals"":0,""prizeMoney"":0,""points"":0}",,,,,,,,,,,,,,,,false,false,false,,104,61,10,0,0,0,0,0,5,5,0,0,0,51,16,estimated from season exits versus eligible schedule | 51 eligible events not entered,Youth,normal,,,false,false,false,false,0,0,0,,0,false,,youth,youth,,,true,true,
2038/39,wp-rory-vale-i,Rory Vale I,17,THA,Youth,Amateur,false,false,false,,0,0,,Amateur,,,,,,,,,,,,,66,87,68,63,64,77,69,21,18,9,6,3,66.66666666666666,0,,,,,,,0,130,9,6,3,66.66666666666666,0,0,0,"{""matches"":9,""wins"":6,""losses"":3,""draws"":0,""winPercentage"":66.66666666666666,""eventsEntered"":0,""titles"":0,""finals"":0,""prizeMoney"":0,""points"":0}",,,,,,,,,,,,,,,,false,false,false,,104,61,10,0,0,0,0,0,5,5,0,0,0,51,16,estimated from season exits versus eligible schedule | 51 eligible events not entered,Youth,normal,,,false,false,false,false,0,0,0,,0,false,,youth,youth,,,true,true,
2038/39,wp-rory-vale-j,Rory Vale J,14,THA,Youth,Amateur,false,false,false,,0,0,,Amateur,,,,,,,,,,,,,55,98,57,49,55,64,42,0,18,,,,,,,,,,,,,,0,0,0,0,0,0,0,"{""matches"":0,""wins"":0,""losses"":0,""draws"":0,""winPercentage"":0,""eventsEntered"":0,""titles"":0,""finals"":0,""prizeMoney"":0,""points"":0}",,,,,,,,,,,,,,,,,false,false,,104,61,10,0,0,0,0,0,5,5,0,0,0,51,16,estimated from season exits versus eligible schedule | 51 eligible events not entered,Youth,normal,,,false,false,false,false,0,0,0,,0,false,,youth,youth,,,true,true,
2038/39,wp-samir-ashford,Samir Ashford,34,THA,Amateur,Amateur,false,false,false,,0,0,,Amateur,,,,,,,,,,,,,72,72,74,70,71,90,82,0,18,0,0,0,,0,,,,,,,0,0,10,10,0,100,0,0,0,"{""matches"":10,""wins"":10,""losses"":0,""draws"":0,""winPercentage"":100,""eventsEntered"":0,""titles"":0,""finals"":0,""prizeMoney"":0,""points"":0}",,,,,,,,,,,,,,,,false,false,false,,104,42,15,0,0,0,0,0,10,5,0,0,0,27,11,estimated from season exits versus eligible schedule | 27 eligible events not entered,Amateur,normal,,,false,false,false,false,0,0,0,,0,false,,amateur,amateur,,,true,true,
2038/39,wp-samir-caldwell,Samir Caldwell,53,SWE,Veteran,Amateur,false,false,false,,0,0,,Amateur,,,,,,,,,,,,,70,70,68,67,60,80,63,22,22,0,0,0,,0,,,,,,,0,0,26,22,4,84.61538461538461,2,0,0,"{""matches"":26,""wins"":22,""losses"":4,""draws"":0,""winPercentage"":84.61538461538461,""eventsEntered"":0,""titles"":2,""finals"":0,""prizeMoney"":0,""points"":0}",,,,,,,,,,,,,,,,false,false,false,,104,44,15,0,0,0,0,0,10,5,0,0,0,29,11,estimated from season exits versus eligible schedule | 29 eligible events not entered,Amateur,normal,,,false,false,false,false,0,0,0,,0,false,,amateur,amateur,,,true,true,
2038/39,wp-samir-janssen,Samir Janssen,41,WAL,Veteran,Amateur,false,false,false,,0,0,,Amateur,,,,,,,,,,,,,72,72,73,70,68,89,79,3,18,0,0,0,,0,,,,,,,0,0,12,12,0,100,0,0,0,"{""matches"":12,""wins"":12,""losses"":0,""draws"":0,""winPercentage"":100,""eventsEntered"":0,""titles"":0,""finals"":0,""prizeMoney"":0,""points"":0}",,,,,,,,,,,,,,,,false,false,false,,104,44,15,0,0,0,0,0,10,5,0,0,0,29,11,estimated from season exits versus eligible schedule | 29 eligible events not entered,Amateur,normal,,,false,false,false,false,0,0,0,,0,false,,amateur,amateur,,,true,true,
2038/39,wp-samir-otero,Samir Otero,34,SWE,Amateur,Amateur,false,false,false,,0,0,,Amateur,,,,,,,,,,,,,68,69,70,66,67,83,70,0,26,0,0,0,,0,,,,,,,0,0,46,30,16,65.21739130434783,2,0,132390,"{""matches"":46,""wins"":30,""losses"":16,""draws"":0,""winPercentage"":65.21739130434783,""eventsEntered"":0,""titles"":2,""finals"":0,""prizeMoney"":132390,""points"":0}",,,,,,,,,,,,,,109,,false,false,false,,104,42,15,0,0,0,0,0,10,5,0,0,0,27,11,estimated from season exits versus eligible schedule | 27 eligible events not entered,Amateur,normal,,,false,false,false,false,0,0,0,,0,false,,amateur,amateur,,,true,true,
2038/39,wp-samir-rahman,Samir Rahman,38,ESP,Amateur,Amateur,false,false,false,,0,0,,Amateur,,,,,,,,,,,,,78,80,79,78,75,96,82,0,28,0,0,0,,0,,,,,,,0,0,12,12,0,100,0,0,324280,"{""matches"":12,""wins"":12,""losses"":0,""draws"":0,""winPercentage"":100,""eventsEntered"":0,""titles"":0,""finals"":0,""prizeMoney"":324280,""points"":0}",,,,,,,,,,,,,,82,,false,false,false,,104,42,15,0,0,0,0,0,10,5,0,0,0,27,11,estimated from season exits versus eligible schedule | 27 eligible events not entered,Amateur,normal,,,false,false,false,false,0,0,0,,0,false,,amateur,amateur,,,true,true,
2038/39,wp-samir-verma,Samir Verma,44,ESP,Veteran,Amateur,false,false,false,,0,0,,Amateur,,,,,,,,,,,,,66,67,66,63,60,78,62,9,22,0,0,0,,0,,,,,,,0,0,20,13,7,65,0,0,113312,"{""matches"":20,""wins"":13,""losses"":7,""draws"":0,""winPercentage"":65,""eventsEntered"":0,""titles"":0,""finals"":0,""prizeMoney"":113312,""points"":0}",,,,,,,,,,,,,,110,,false,false,false,,104,44,15,0,0,0,0,0,10,5,0,0,0,29,11,estimated from season exits versus eligible schedule | 29 eligible events not entered,Amateur,normal,,,false,false,false,false,0,0,0,,0,false,,amateur,amateur,,,true,true,
2038/39,wp-samir-whitaker,Samir Whitaker,38,WAL,Amateur,Amateur,false,false,false,,0,0,,Amateur,,,,,,,,,,,,,72,72,73,70,69,90,82,0,18,0,0,0,,0,,,,,,,0,0,12,12,0,100,0,0,0,"{""matches"":12,""wins"":12,""losses"":0,""draws"":0,""winPercentage"":100,""eventsEntered"":0,""titles"":0,""finals"":0,""prizeMoney"":0,""points"":0}",,,,,,,,,,,,,,,,false,false,false,,104,42,15,0,0,0,0,0,10,5,0,0,0,27,11,estimated from season exits versus eligible schedule | 27 eligible events not entered,Amateur,normal,,,false,false,false,false,0,0,0,,0,false,,amateur,amateur,,,true,true,
2038/39,wp-samir-yates,Samir Yates,43,GER,Veteran,Amateur,false,false,false,,0,0,,Amateur,,,,,,,,,,,,,72,72,72,70,67,88,77,6,18,0,0,0,,0,,,,,,,0,0,14,14,0,100,0,0,0,"{""matches"":14,""wins"":14,""losses"":0,""draws"":0,""winPercentage"":100,""eventsEntered"":0,""titles"":0,""finals"":0,""prizeMoney"":0,""points"":0}",,,,,,,,,,,,,,,,false,false,false,,104,44,15,0,0,0,0,0,10,5,0,0,0,29,11,estimated from season exits versus eligible schedule | 29 eligible events not entered,Amateur,normal,,,false,false,false,false,0,0,0,,0,false,,amateur,amateur,,,true,true,
2038/39,wp-sebastian-ainsley,Sebastian Ainsley,63,WAL,Veteran,Amateur,false,false,false,,0,0,,Amateur,,,,,,,,,,,,,81,85,77,79,66,87,57,37,34,0,0,0,,0,,,,,,,0,0,12,12,0,100,0,0,451914,"{""matches"":12,""wins"":12,""losses"":0,""draws"":0,""winPercentage"":100,""eventsEntered"":0,""titles"":0,""finals"":0,""prizeMoney"":451914,""points"":0}",,,,,,,,,,,,,,54,,false,false,false,,104,44,15,0,0,0,0,0,10,5,0,0,0,29,11,estimated from season exits versus eligible schedule | 29 eligible events not entered,Amateur,normal,,,false,false,false,false,0,0,0,,0,false,,senior,amateur,,,true,true,
2038/39,wp-sebastian-ashford,Sebastian Ashford,38,POL,Amateur,Amateur,false,false,false,,0,0,,Amateur,,,,,,,,,,,,,72,72,73,70,69,90,82,0,18,0,0,0,,0,,,,,,,0,0,8,8,0,100,0,0,0,"{""matches"":8,""wins"":8,""losses"":0,""draws"":0,""winPercentage"":100,""eventsEntered"":0,""titles"":0,""finals"":0,""prizeMoney"":0,""points"":0}",,,,,,,,,,,,,,,,false,false,false,,104,42,15,0,0,0,0,0,10,5,0,0,0,27,11,estimated from season exits versus eligible schedule | 27 eligible events not entered,Amateur,normal,,,false,false,false,false,0,0,0,,0,false,,amateur,amateur,,,true,true,
2038/39,wp-sebastian-barker,Sebastian Barker,38,IND,Amateur,Amateur,false,false,false,,0,0,,Amateur,,,,,,,,,,,,,72,72,73,70,69,90,82,0,18,0,0,0,,0,,,,,,,0,0,8,8,0,100,0,0,0,"{""matches"":8,""wins"":8,""losses"":0,""draws"":0,""winPercentage"":100,""eventsEntered"":0,""titles"":0,""finals"":0,""prizeMoney"":0,""points"":0}",,,,,,,,,,,,,,,,false,false,false,,104,42,15,0,0,0,0,0,10,5,0,0,0,27,11,estimated from season exits versus eligible schedule | 27 eligible events not entered,Amateur,normal,,,false,false,false,false,0,0,0,,0,false,,amateur,amateur,,,true,true,
2038/39,wp-sebastian-caldwell,Sebastian Caldwell,37,JPN,Amateur,Amateur,false,false,false,,0,0,,Amateur,,,,,,,,,,,,,69,69,70,67,67,86,76,0,18,0,0,0,,0,,,,,,,0,0,13,11,2,84.61538461538461,0,0,0,"{""matches"":13,""wins"":11,""losses"":2,""draws"":0,""winPercentage"":84.61538461538461,""eventsEntered"":0,""titles"":0,""finals"":0,""prizeMoney"":0,""points"":0}",,,,,,,,,,,,,,,,false,false,false,,104,42,15,0,0,0,0,0,10,5,0,0,0,27,11,estimated from season exits versus eligible schedule | 27 eligible events not entered,Amateur,normal,,,false,false,false,false,0,0,0,,0,false,,amateur,amateur,,,true,true,
2038/39,wp-sebastian-drayton,Sebastian Drayton,40,ESP,Veteran,Amateur,false,false,false,,0,0,,Amateur,,,,,,,,,,,,,72,72,73,70,68,89,80,1,18,0,0,0,,0,,,,,,,0,0,8,8,0,100,0,0,0,"{""matches"":8,""wins"":8,""losses"":0,""draws"":0,""winPercentage"":100,""eventsEntered"":0,""titles"":0,""finals"":0,""prizeMoney"":0,""points"":0}",,,,,,,,,,,,,,,,false,false,false,,104,44,15,0,0,0,0,0,10,5,0,0,0,29,11,estimated from season exits versus eligible schedule | 29 eligible events not entered,Amateur,normal,,,false,false,false,false,0,0,0,,0,false,,amateur,amateur,,,true,true,
2038/39,wp-sebastian-easton,Sebastian Easton,37,WAL,Amateur,Amateur,false,false,false,,0,0,,Amateur,120,120,,120,,,,,,,120,,64,64,65,60,60,74,59,19,20,7,3,4,42.857142857142854,0,,,,,,,61859,385,82,50,32,60.97560975609756,0,0,104929,"{""matches"":82,""wins"":50,""losses"":32,""draws"":0,""winPercentage"":60.97560975609756,""eventsEntered"":0,""titles"":0,""finals"":0,""prizeMoney"":104929,""points"":0}",,,,,,,,,,,,,,120,,false,false,false,,104,42,15,0,0,0,0,0,10,5,0,0,0,27,11,estimated from season exits versus eligible schedule | 27 eligible events not entered,Amateur,normal,,,false,false,false,false,3,5,104929,,0,false,,amateur,amateur,,,true,true,
2038/39,wp-sebastian-grimaldi,Sebastian Grimaldi,38,THA,Amateur,Amateur,false,false,false,,0,0,,Amateur,,,,,,,,,,,,,72,72,73,70,69,90,82,0,18,0,0,0,,0,,,,,,,0,0,12,12,0,100,0,0,0,"{""matches"":12,""wins"":12,""losses"":0,""draws"":0,""winPercentage"":100,""eventsEntered"":0,""titles"":0,""finals"":0,""prizeMoney"":0,""points"":0}",,,,,,,,,,,,,,,,false,false,false,,104,42,15,0,0,0,0,0,10,5,0,0,0,27,11,estimated from season exits versus eligible schedule | 27 eligible events not entered,Amateur,normal,,,false,false,false,false,0,0,0,,0,false,,amateur,amateur,,,true,true,
2038/39,wp-sebastian-janssen,Sebastian Janssen,31,JPN,Amateur,Amateur,false,false,false,,0,0,,Amateur,,,,,,,62,,,,,,65,66,67,63,65,79,64,0,24,0,0,0,,0,,,,,,,0,0,120,67,53,55.833333333333336,0,0,341206,"{""matches"":120,""wins"":67,""losses"":53,""draws"":0,""winPercentage"":55.833333333333336,""eventsEntered"":0,""titles"":0,""finals"":0,""prizeMoney"":341206,""points"":0}",,,,,,,,,,,,,,106,,false,false,false,,104,42,15,0,0,0,0,0,10,5,0,0,0,27,11,estimated from season exits versus eligible schedule | 27 eligible events not entered,Amateur,normal,,,false,false,false,false,0,0,0,,0,false,,amateur,amateur,,,true,true,
2038/39,wp-sebastian-mendoza,Sebastian Mendoza,31,POL,Amateur,Amateur,false,false,false,,0,0,,Amateur,,,,,,,57,,,,,,66,67,68,63,64,74,59,25,24,10,4,6,40,0,,,,,,,0,172,144,86,58,59.72222222222222,1,0,219399,"{""matches"":144,""wins"":86,""losses"":58,""draws"":0,""winPercentage"":59.72222222222222,""eventsEntered"":0,""titles"":1,""finals"":0,""prizeMoney"":219399,""points"":0}",,,,,,,,,,,,,,111,,false,false,false,,104,42,15,0,0,0,0,0,10,5,0,0,0,27,11,estimated from season exits versus eligible schedule | 27 eligible events not entered,Amateur,normal,,,false,false,false,false,0,0,0,,0,false,,amateur,amateur,,,true,true,
2038/39,wp-sebastian-urban,Sebastian Urban,55,CAN,Veteran,Amateur,false,false,false,,0,0,,Amateur,,,,,,,,,,,,,72,72,70,69,61,82,65,25,18,0,0,0,,0,,,,,,,0,0,14,14,0,100,0,0,0,"{""matches"":14,""wins"":14,""losses"":0,""draws"":0,""winPercentage"":100,""eventsEntered"":0,""titles"":0,""finals"":0,""prizeMoney"":0,""points"":0}",,,,,,,,,,,,,,,,false,false,false,,104,44,15,0,0,0,0,0,10,5,0,0,0,29,11,estimated from season exits versus eligible schedule | 29 eligible events not entered,Amateur,normal,,,false,false,false,false,0,0,0,,0,false,,amateur,amateur,,,true,true,
2038/39,wp-tariq-easton,Tariq Easton,44,IRL,Veteran,Amateur,false,false,false,,0,0,,Amateur,,,,,,,,,,,,,72,72,72,70,67,87,76,7,18,0,0,0,,0,,,,,,,0,0,8,8,0,100,0,0,0,"{""matches"":8,""wins"":8,""losses"":0,""draws"":0,""winPercentage"":100,""eventsEntered"":0,""titles"":0,""finals"":0,""prizeMoney"":0,""points"":0}",,,,,,,,,,,,,,,,false,false,false,,104,44,15,0,0,0,0,0,10,5,0,0,0,29,11,estimated from season exits versus eligible schedule | 29 eligible events not entered,Amateur,normal,,,false,false,false,false,0,0,0,,0,false,,amateur,amateur,,,true,true,
2038/39,wp-tariq-forster,Tariq Forster,41,NED,Veteran,Amateur,false,false,false,,0,0,,Amateur,,,,,,,,,,,,,72,72,73,70,68,89,79,3,18,0,0,0,,0,,,,,,,0,0,10,10,0,100,0,0,0,"{""matches"":10,""wins"":10,""losses"":0,""draws"":0,""winPercentage"":100,""eventsEntered"":0,""titles"":0,""finals"":0,""prizeMoney"":0,""points"":0}",,,,,,,,,,,,,,,,false,false,false,,104,44,15,0,0,0,0,0,10,5,0,0,0,29,11,estimated from season exits versus eligible schedule | 29 eligible events not entered,Amateur,normal,,,false,false,false,false,0,0,0,,0,false,,amateur,amateur,,,true,true,
2038/39,wp-tariq-harrington,Tariq Harrington,40,BRA,Veteran,Amateur,false,false,false,,0,0,,Amateur,,,,,,,,,,,,,72,72,73,70,68,89,80,1,18,0,0,0,,0,,,,,,,0,0,12,12,0,100,0,0,0,"{""matches"":12,""wins"":12,""losses"":0,""draws"":0,""winPercentage"":100,""eventsEntered"":0,""titles"":0,""finals"":0,""prizeMoney"":0,""points"":0}",,,,,,,,,,,,,,,,false,false,false,,104,44,15,0,0,0,0,0,10,5,0,0,0,29,11,estimated from season exits versus eligible schedule | 29 eligible events not entered,Amateur,normal,,,false,false,false,false,0,0,0,,0,false,,amateur,amateur,,,true,true,
2038/39,wp-tariq-nakamura,Tariq Nakamura,56,PAK,Veteran,Amateur,false,false,false,,0,0,,Amateur,,,,,,,,,,,,,68,69,66,64,57,75,53,27,21,0,0,0,,0,,,,,,,0,0,25,18,7,72,0,0,93078,"{""matches"":25,""wins"":18,""losses"":7,""draws"":0,""winPercentage"":72,""eventsEntered"":0,""titles"":0,""finals"":0,""prizeMoney"":93078,""points"":0}",,,,,,,,,,,,,,112,,false,false,false,,104,44,15,0,0,0,0,0,10,5,0,0,0,29,11,estimated from season exits versus eligible schedule | 29 eligible events not entered,Amateur,normal,,,false,false,false,false,0,0,0,,0,false,,amateur,amateur,,,true,true,
2038/39,wp-tariq-patel,Tariq Patel,43,IRL,Veteran,Amateur,false,false,false,,0,0,,Amateur,,,,,,,,,,,,,73,78,73,72,68,85,58,7,41,0,0,0,,0,,,,,,,0,0,71,37,34,52.112676056338024,0,0,1020774,"{""matches"":71,""wins"":37,""losses"":34,""draws"":0,""winPercentage"":52.112676056338024,""eventsEntered"":0,""titles"":0,""finals"":0,""prizeMoney"":1020774,""points"":0}",,,,,,,,,,,,,,34,,false,false,false,,104,44,15,0,0,0,0,0,10,5,0,0,0,29,11,estimated from season exits versus eligible schedule | 29 eligible events not entered,Amateur,normal,,,false,false,false,false,0,0,0,,0,false,,senior,amateur,,,true,true,
2038/39,wp-tariq-tremblay,Tariq Tremblay,38,CHN,Amateur,Amateur,false,false,false,,0,0,,Amateur,,,,,,,,,,,,,66,66,67,64,63,81,70,0,20,0,0,0,,0,,,,,,,0,0,63,44,19,69.84126984126983,0,0,124876,"{""matches"":63,""wins"":44,""losses"":19,""draws"":0,""winPercentage"":69.84126984126983,""eventsEntered"":0,""titles"":0,""finals"":0,""prizeMoney"":124876,""points"":0}",,,,,,,,,,,,,,120,,false,false,false,,104,42,15,0,0,0,0,0,10,5,0,0,0,27,11,estimated from season exits versus eligible schedule | 27 eligible events not entered,Amateur,normal,,,false,false,false,false,0,0,0,,0,false,,amateur,amateur,,,true,true,
2038/39,wp-tariq-urban,Tariq Urban,34,BRA,Amateur,Amateur,false,false,false,,0,0,,Amateur,,,,,,,,,,,,,66,66,68,63,65,81,69,0,20,0,0,0,,0,,,,,,,0,0,82,55,27,67.07317073170732,0,0,105796,"{""matches"":82,""wins"":55,""losses"":27,""draws"":0,""winPercentage"":67.07317073170732,""eventsEntered"":0,""titles"":0,""finals"":0,""prizeMoney"":105796,""points"":0}",,,,,,,,,,,,,,121,,false,false,false,,104,42,15,0,0,0,0,0,10,5,0,0,0,27,11,estimated from season exits versus eligible schedule | 27 eligible events not entered,Amateur,normal,,,false,false,false,false,0,0,0,,0,false,,amateur,amateur,,,true,true,
2038/39,wp-tariq-verma,Tariq Verma,31,ITA,Amateur,Amateur,false,false,false,,0,0,,Amateur,,,,,,,63,,,,,,64,64,66,60,62,72,58,25,20,10,4,6,40,0,,,,,,,0,169,156,96,60,61.53846153846154,0,0,104929,"{""matches"":156,""wins"":96,""losses"":60,""draws"":0,""winPercentage"":61.53846153846154,""eventsEntered"":0,""titles"":0,""finals"":0,""prizeMoney"":104929,""points"":0}",,,,,,,,,,,,,,122,,false,false,false,,104,42,15,0,0,0,0,0,10,5,0,0,0,27,11,estimated from season exits versus eligible schedule | 27 eligible events not entered,Amateur,normal,,,false,false,false,false,0,0,0,,0,false,,amateur,amateur,,,true,true,
2038/39,wp-tariq-whitaker,Tariq Whitaker,55,NOR,Veteran,Amateur,false,false,false,,0,0,,Amateur,,,,,,,,,,,,,76,78,74,74,65,86,65,25,26,0,0,0,,0,,,,,,,0,0,12,12,0,100,0,0,278484,"{""matches"":12,""wins"":12,""losses"":0,""draws"":0,""winPercentage"":100,""eventsEntered"":0,""titles"":0,""finals"":0,""prizeMoney"":278484,""points"":0}",,,,,,,,,,,,,,93,,false,false,false,,104,44,15,0,0,0,0,0,10,5,0,0,0,29,11,estimated from season exits versus eligible schedule | 29 eligible events not entered,Amateur,normal,,,false,false,false,false,0,0,0,,0,false,,amateur,amateur,,,true,true,
2038/39,wp-tobias-ashford,Tobias Ashford,30,CHN,Amateur,Amateur,false,false,false,,0,0,,Amateur,,,,,,,49,,,,,,66,67,68,63,64,75,58,19,23,8,3,5,37.5,0,,,,,,,0,140,147,90,57,61.224489795918366,1,0,108977,"{""matches"":147,""wins"":90,""losses"":57,""draws"":0,""winPercentage"":61.224489795918366,""eventsEntered"":0,""titles"":1,""finals"":0,""prizeMoney"":108977,""points"":0}",,,,,,,,,,,,,,115,,false,false,false,,104,42,15,0,0,0,0,0,10,5,0,0,0,27,11,estimated from season exits versus eligible schedule | 27 eligible events not entered,Amateur,normal,,,false,false,false,false,0,0,0,,0,false,,amateur,amateur,,,true,true,
2038/39,wp-tobias-barker,Tobias Barker,40,BRA,Veteran,Amateur,false,false,false,,0,0,,Amateur,,,,,,,,,,,,,72,72,73,70,68,89,80,1,18,0,0,0,,0,,,,,,,0,0,10,10,0,100,0,0,0,"{""matches"":10,""wins"":10,""losses"":0,""draws"":0,""winPercentage"":100,""eventsEntered"":0,""titles"":0,""finals"":0,""prizeMoney"":0,""points"":0}",,,,,,,,,,,,,,,,false,false,false,,104,44,15,0,0,0,0,0,10,5,0,0,0,29,11,estimated from season exits versus eligible schedule | 29 eligible events not entered,Amateur,normal,,,false,false,false,false,0,0,0,,0,false,,amateur,amateur,,,true,true,
2038/39,wp-tobias-drayton,Tobias Drayton,34,SCO,Amateur,Amateur,false,false,false,,0,0,,Amateur,121,121,,121,,,,,,,121,,65,66,67,61,62,75,55,14,21,6,2,4,33.33333333333333,0,,,,,,,42781,266,153,93,60,60.78431372549019,0,0,230672,"{""matches"":153,""wins"":93,""losses"":60,""draws"":0,""winPercentage"":60.78431372549019,""eventsEntered"":0,""titles"":0,""finals"":0,""prizeMoney"":230672,""points"":0}",,,,,,,,,,,,,,116,,false,false,false,,104,42,15,0,0,0,0,0,10,5,0,0,0,27,11,estimated from season exits versus eligible schedule | 27 eligible events not entered,Amateur,normal,,,false,false,false,false,2,5,103773,,0,false,,amateur,amateur,,,true,true,
2038/39,wp-tobias-el-sayed,Tobias El-Sayed,37,FRA,Amateur,Amateur,false,false,false,,0,0,,Amateur,,,,,,,,,,,,,73,76,74,72,71,89,71,0,31,0,0,0,,0,,,,,,,0,0,28,20,8,71.42857142857143,0,0,433160,"{""matches"":28,""wins"":20,""losses"":8,""draws"":0,""winPercentage"":71.42857142857143,""eventsEntered"":0,""titles"":0,""finals"":0,""prizeMoney"":433160,""points"":0}",,,,,,,,,,,,,,68,,false,false,false,,104,42,15,0,0,0,0,0,10,5,0,0,0,27,11,estimated from season exits versus eligible schedule | 27 eligible events not entered,Amateur,normal,,,false,false,false,false,0,0,0,,0,false,,amateur,amateur,,,true,true,
2038/39,wp-tobias-kovacs,Tobias Kovacs,32,NED,Amateur,Amateur,false,false,false,,0,0,,Amateur,,,,,,,,,,,,,63,64,65,60,62,77,64,0,20,0,0,0,,0,,,,,,,0,0,112,62,50,55.35714285714286,0,0,88454,"{""matches"":112,""wins"":62,""losses"":50,""draws"":0,""winPercentage"":55.35714285714286,""eventsEntered"":0,""titles"":0,""finals"":0,""prizeMoney"":88454,""points"":0}",,,,,,,,,,,,,,117,,false,false,false,,104,42,15,0,0,0,0,0,10,5,0,0,0,27,11,estimated from season exits versus eligible schedule | 27 eligible events not entered,Amateur,normal,,,false,false,false,false,0,0,0,,0,false,,amateur,amateur,,,true,true,
2038/39,wp-tobias-novak,Tobias Novak,32,PAK,Amateur,Amateur,false,false,false,,0,0,,Amateur,,,,,,,,,,,,,64,65,66,61,63,78,65,0,22,0,0,0,,0,,,,,,,0,0,118,67,51,56.779661016949156,0,0,276097,"{""matches"":118,""wins"":67,""losses"":51,""draws"":0,""winPercentage"":56.779661016949156,""eventsEntered"":0,""titles"":0,""finals"":0,""prizeMoney"":276097,""points"":0}",,,,,,,,,,,,,,115,,false,false,false,,104,42,15,0,0,0,0,0,10,5,0,0,0,27,11,estimated from season exits versus eligible schedule | 27 eligible events not entered,Amateur,normal,,,false,false,false,false,0,0,0,,0,false,,amateur,amateur,,,true,true,
2038/39,wp-tobias-petrov,Tobias Petrov,29,SCO,Amateur,Amateur,false,false,false,,0,0,,Amateur,122,122,,122,,,43,,,,122,,65,66,67,62,64,75,59,16,21,7,3,4,42.857142857142854,0,,,,,,,60992,379,138,86,52,62.31884057971014,0,0,229516,"{""matches"":138,""wins"":86,""losses"":52,""draws"":0,""winPercentage"":62.31884057971014,""eventsEntered"":0,""titles"":0,""finals"":0,""prizeMoney"":229516,""points"":0}",,,,,,,,,,,,,,117,,false,false,false,,104,42,15,0,0,0,0,0,10,5,0,0,0,27,11,estimated from season exits versus eligible schedule | 27 eligible events not entered,Amateur,normal,,,false,false,false,false,3,5,103195,,0,false,,amateur,amateur,,,true,true,
2038/39,wp-tobias-rahman,Tobias Rahman,54,BEL,Veteran,Amateur,false,false,false,,0,0,,Amateur,,,,,,,,,,,,,72,72,70,69,62,82,66,23,18,0,0,0,,0,,,,,,,0,0,14,14,0,100,0,0,0,"{""matches"":14,""wins"":14,""losses"":0,""draws"":0,""winPercentage"":100,""eventsEntered"":0,""titles"":0,""finals"":0,""prizeMoney"":0,""points"":0}",,,,,,,,,,,,,,,,false,false,false,,104,44,15,0,0,0,0,0,10,5,0,0,0,29,11,estimated from season exits versus eligible schedule | 29 eligible events not entered,Amateur,normal,,,false,false,false,false,0,0,0,,0,false,,amateur,amateur,,,true,true,
2038/39,wp-tobias-whitaker,Tobias Whitaker,44,IRL,Veteran,Amateur,false,false,false,,0,0,,Amateur,,,,,,,,,,,,,66,67,66,63,60,78,62,9,21,0,0,0,,0,,,,,,,0,0,25,16,9,64,0,0,128922,"{""matches"":25,""wins"":16,""losses"":9,""draws"":0,""winPercentage"":64,""eventsEntered"":0,""titles"":0,""finals"":0,""prizeMoney"":128922,""points"":0}",,,,,,,,,,,,,,113,,false,false,false,,104,44,15,0,0,0,0,0,10,5,0,0,0,29,11,estimated from season exits versus eligible schedule | 29 eligible events not entered,Amateur,normal,,,false,false,false,false,0,0,0,,0,false,,amateur,amateur,,,true,true,
2038/39,wp-toby-hale,Toby Hale,28,SCO,Amateur,Q School,false,false,false,,0,0,,Amateur,,,,,,,16,22,19,,,,66,90,68,62,64,75,57,19,21,8,3,5,37.5,0,,,,,,,0,155,120,76,44,63.33333333333333,0,0,295421,"{""matches"":120,""wins"":76,""losses"":44,""draws"":0,""winPercentage"":63.33333333333333,""eventsEntered"":0,""titles"":0,""finals"":0,""prizeMoney"":295421,""points"":0}",,,,,,,,,,,,,,118,,false,false,false,,104,42,5,0,0,0,0,0,1,4,0,0,0,37,21,estimated from season exits versus eligible schedule | 37 eligible events not entered,Q School,too high,,,false,false,false,false,0,2,41625,,0,false,low match volume,qSchool,qSchool,,,true,true,
2038/39,wp-toby-hale-a,Toby Hale A,25,SCO,Amateur,Q School,false,false,false,,0,0,,Amateur,,,,,,,17,18,14,,,,66,84,68,63,64,76,64,22,21,9,5,4,55.55555555555556,0,,,,,,,0,234,114,74,40,64.91228070175438,0,0,206679,"{""matches"":114,""wins"":74,""losses"":40,""draws"":0,""winPercentage"":64.91228070175438,""eventsEntered"":0,""titles"":0,""finals"":0,""prizeMoney"":206679,""points"":0}",,,,,,,,,,,,,,120,,false,false,false,,104,42,4,0,0,0,0,0,0,4,0,0,0,38,22,estimated from season exits versus eligible schedule | 38 eligible events not entered,Q School,normal,,,false,false,false,false,0,2,41336,,0,false,,qSchool,qSchool,,,true,true,
2038/39,wp-toby-hale-h,Toby Hale H,16,ENG,Youth,Amateur,false,false,false,,0,0,,Amateur,,,,,,,,,,,,,66,86,68,63,65,79,72,18,18,8,6,2,75,0,,,,,,,0,138,16,11,5,68.75,0,0,0,"{""matches"":16,""wins"":11,""losses"":5,""draws"":0,""winPercentage"":68.75,""eventsEntered"":0,""titles"":0,""finals"":0,""prizeMoney"":0,""points"":0}",,,,,,,,,,,,,,,,false,false,false,,104,61,10,0,0,0,0,0,5,5,0,0,0,51,16,estimated from season exits versus eligible schedule | 51 eligible events not entered,Youth,normal,,,false,false,false,false,0,0,0,,0,false,,youth,youth,,,true,true,
2038/39,wp-toby-hale-i,Toby Hale I,14,SCO,Youth,Amateur,false,false,false,,0,0,,Amateur,,,,,,,,,,,,,50,83,52,44,50,59,42,0,18,,,,,,,,,,,,,,0,0,0,0,0,0,0,"{""matches"":0,""wins"":0,""losses"":0,""draws"":0,""winPercentage"":0,""eventsEntered"":0,""titles"":0,""finals"":0,""prizeMoney"":0,""points"":0}",,,,,,,,,,,,,,,,,false,false,,104,61,10,0,0,0,0,0,5,5,0,0,0,51,16,estimated from season exits versus eligible schedule | 51 eligible events not entered,Youth,normal,,,false,false,false,false,0,0,0,,0,false,,youth,youth,,,true,true,
2038/39,wp-ulrich-easton,Ulrich Easton,46,NIR,Veteran,Amateur,false,false,false,,0,0,,Amateur,,,,,,,,,,,,,74,79,74,74,67,84,54,12,44,0,0,0,,0,,,,,,,0,0,69,34,35,49.275362318840585,0,0,1084402,"{""matches"":69,""wins"":34,""losses"":35,""draws"":0,""winPercentage"":49.275362318840585,""eventsEntered"":0,""titles"":0,""finals"":0,""prizeMoney"":1084402,""points"":0}",,,,,,,,,,,,,,19,,false,false,false,,104,44,15,0,0,0,0,0,10,5,0,0,0,29,11,estimated from season exits versus eligible schedule | 29 eligible events not entered,Amateur,normal,,,false,false,false,false,0,0,0,,0,false,,senior,amateur,,,true,true,
2038/39,wp-ulrich-iqbal,Ulrich Iqbal,41,ESP,Veteran,Amateur,false,false,false,,0,0,,Amateur,,,,,,,,,,,,,72,72,73,70,68,89,79,3,18,0,0,0,,0,,,,,,,0,0,12,12,0,100,0,0,0,"{""matches"":12,""wins"":12,""losses"":0,""draws"":0,""winPercentage"":100,""eventsEntered"":0,""titles"":0,""finals"":0,""prizeMoney"":0,""points"":0}",,,,,,,,,,,,,,,,false,false,false,,104,44,15,0,0,0,0,0,10,5,0,0,0,29,11,estimated from season exits versus eligible schedule | 29 eligible events not entered,Amateur,normal,,,false,false,false,false,0,0,0,,0,false,,amateur,amateur,,,true,true,
2038/39,wp-ulrich-otero,Ulrich Otero,27,SWE,Amateur,Q School,false,false,false,,0,0,,Amateur,,,,,,,12,19,16,,,,66,67,68,63,64,76,66,25,21,10,6,4,60,0,,,,,,,0,290,131,89,42,67.93893129770993,0,0,225468,"{""matches"":131,""wins"":89,""losses"":42,""draws"":0,""winPercentage"":67.93893129770993,""eventsEntered"":0,""titles"":0,""finals"":0,""prizeMoney"":225468,""points"":0}",,,,,,,,,,,,,,120,,false,false,false,,104,42,4,0,0,0,0,0,0,4,0,0,0,38,22,estimated from season exits versus eligible schedule | 38 eligible events not entered,Q School,normal,,,false,false,false,false,0,0,0,,0,false,,qSchool,qSchool,,,true,true,
2038/39,wp-ulrich-sinclair,Ulrich Sinclair,37,THA,Amateur,Amateur,false,false,false,,0,0,,Amateur,,,,,,,,,,,,,72,72,73,71,70,90,82,0,20,0,0,0,,0,,,,,,,0,0,12,12,0,100,0,0,151996,"{""matches"":12,""wins"":12,""losses"":0,""draws"":0,""winPercentage"":100,""eventsEntered"":0,""titles"":0,""finals"":0,""prizeMoney"":151996,""points"":0}",,,,,,,,,,,,,,124,,false,false,false,,104,42,15,0,0,0,0,0,10,5,0,0,0,27,11,estimated from season exits versus eligible schedule | 27 eligible events not entered,Amateur,normal,,,false,false,false,false,0,0,0,,0,false,,amateur,amateur,,,true,true,
2038/39,wp-ulrich-urban,Ulrich Urban,44,JPN,Veteran,Amateur,false,false,false,,0,0,,Amateur,,,,,,,,,,,,,64,65,64,61,58,75,59,9,21,0,0,0,,0,,,,,,,0,0,21,12,9,57.14285714285714,0,0,90188,"{""matches"":21,""wins"":12,""losses"":9,""draws"":0,""winPercentage"":57.14285714285714,""eventsEntered"":0,""titles"":0,""finals"":0,""prizeMoney"":90188,""points"":0}",,,,,,,,,,,,,,114,,false,false,false,,104,44,15,0,0,0,0,0,10,5,0,0,0,29,11,estimated from season exits versus eligible schedule | 29 eligible events not entered,Amateur,normal,,,false,false,false,false,0,0,0,,0,false,,amateur,amateur,,,true,true,
2038/39,wp-ulrich-verma,Ulrich Verma,35,ESP,Amateur,Amateur,false,false,false,,0,0,,Amateur,,,,,,,,,,,,,66,66,68,63,64,81,69,0,20,0,0,0,,0,,,,,,,0,0,60,41,19,68.33333333333333,0,0,121984,"{""matches"":60,""wins"":41,""losses"":19,""draws"":0,""winPercentage"":68.33333333333333,""eventsEntered"":0,""titles"":0,""finals"":0,""prizeMoney"":121984,""points"":0}",,,,,,,,,,,,,,123,,false,false,false,,104,42,15,0,0,0,0,0,10,5,0,0,0,27,11,estimated from season exits versus eligible schedule | 27 eligible events not entered,Amateur,normal,,,false,false,false,false,0,0,0,,0,false,,amateur,amateur,,,true,true,
2038/39,wp-ulrich-whitaker,Ulrich Whitaker,35,WAL,Amateur,Amateur,false,false,false,,0,0,,Amateur,,,,,,,,,,,,,72,72,74,70,70,90,82,0,18,0,0,0,,0,,,,,,,0,0,14,14,0,100,0,0,0,"{""matches"":14,""wins"":14,""losses"":0,""draws"":0,""winPercentage"":100,""eventsEntered"":0,""titles"":0,""finals"":0,""prizeMoney"":0,""points"":0}",,,,,,,,,,,,,,,,false,false,false,,104,42,15,0,0,0,0,0,10,5,0,0,0,27,11,estimated from season exits versus eligible schedule | 27 eligible events not entered,Amateur,normal,,,false,false,false,false,0,0,0,,0,false,,amateur,amateur,,,true,true,
2038/39,wp-ulrich-yates,Ulrich Yates,34,GER,Amateur,Amateur,false,false,false,,0,0,,Amateur,,,,,,,,,,,,,69,69,71,67,68,86,75,0,22,0,0,0,,0,,,,,,,0,0,23,18,5,78.26086956521739,2,0,0,"{""matches"":23,""wins"":18,""losses"":5,""draws"":0,""winPercentage"":78.26086956521739,""eventsEntered"":0,""titles"":2,""finals"":0,""prizeMoney"":0,""points"":0}",,,,,,,,,,,,,,,,false,false,false,,104,42,15,0,0,0,0,0,10,5,0,0,0,27,11,estimated from season exits versus eligible schedule | 27 eligible events not entered,Amateur,normal,,,false,false,false,false,0,0,0,,0,false,,amateur,amateur,,,true,true,
2038/39,wp-viktor-ashford,Viktor Ashford,35,CHN,Amateur,Amateur,false,false,false,,0,0,,Amateur,,,,,,,,,,,,,72,72,74,70,70,90,82,0,18,0,0,0,,0,,,,,,,0,0,10,10,0,100,0,0,0,"{""matches"":10,""wins"":10,""losses"":0,""draws"":0,""winPercentage"":100,""eventsEntered"":0,""titles"":0,""finals"":0,""prizeMoney"":0,""points"":0}",,,,,,,,,,,,,,,,false,false,false,,104,42,15,0,0,0,0,0,10,5,0,0,0,27,11,estimated from season exits versus eligible schedule | 27 eligible events not entered,Amateur,normal,,,false,false,false,false,0,0,0,,0,false,,amateur,amateur,,,true,true,
2038/39,wp-viktor-harrington,Viktor Harrington,44,CHN,Veteran,Amateur,false,false,false,,0,0,,Amateur,,,,,,,,,,,,,75,76,75,74,70,90,76,7,23,0,0,0,,0,,,,,,,0,0,12,12,0,100,0,0,223034,"{""matches"":12,""wins"":12,""losses"":0,""draws"":0,""winPercentage"":100,""eventsEntered"":0,""titles"":0,""finals"":0,""prizeMoney"":223034,""points"":0}",,,,,,,,,,,,,,105,,false,false,false,,104,44,15,0,0,0,0,0,10,5,0,0,0,29,11,estimated from season exits versus eligible schedule | 29 eligible events not entered,Amateur,normal,,,false,false,false,false,0,0,0,,0,false,,amateur,amateur,,,true,true,
2038/39,wp-viktor-janssen,Viktor Janssen,40,IRL,Veteran,Amateur,false,false,false,,0,0,,Amateur,,,,,,,,,,,,,72,72,73,70,68,89,80,1,18,0,0,0,,0,,,,,,,0,0,12,12,0,100,0,0,0,"{""matches"":12,""wins"":12,""losses"":0,""draws"":0,""winPercentage"":100,""eventsEntered"":0,""titles"":0,""finals"":0,""prizeMoney"":0,""points"":0}",,,,,,,,,,,,,,,,false,false,false,,104,44,15,0,0,0,0,0,10,5,0,0,0,29,11,estimated from season exits versus eligible schedule | 29 eligible events not entered,Amateur,normal,,,false,false,false,false,0,0,0,,0,false,,amateur,amateur,,,true,true,
2038/39,wp-viktor-petrov,Viktor Petrov,32,SCO,Amateur,Amateur,false,false,false,,0,0,,Amateur,,,,,,,,,,,,,66,67,68,64,65,81,68,0,22,0,0,0,,0,,,,,,,0,0,98,63,35,64.28571428571429,0,0,247438,"{""matches"":98,""wins"":63,""losses"":35,""draws"":0,""winPercentage"":64.28571428571429,""eventsEntered"":0,""titles"":0,""finals"":0,""prizeMoney"":247438,""points"":0}",,,,,,,,,,,,,,115,,false,false,false,,104,42,15,0,0,0,0,0,10,5,0,0,0,27,11,estimated from season exits versus eligible schedule | 27 eligible events not entered,Amateur,normal,,,false,false,false,false,0,0,0,,0,false,,amateur,amateur,,,true,true,
2038/39,wp-viktor-rahman,Viktor Rahman,44,BEL,Veteran,Amateur,false,false,false,,0,0,,Top 16,13,13,,13,,,,,,,13,,74,80,74,73,67,79,47,31,47,7,2,5,28.57142857142857,0,,,,,,,40758,253,83,37,46,44.57831325301205,0,0,1243017,"{""matches"":83,""wins"":37,""losses"":46,""draws"":0,""winPercentage"":44.57831325301205,""eventsEntered"":0,""titles"":0,""finals"":0,""prizeMoney"":1243017,""points"":0}",,,,,,,,,,,,,,6,,true,false,false,,104,44,15,0,0,0,0,0,10,5,0,0,0,29,11,estimated from season exits versus eligible schedule | 29 eligible events not entered,Amateur,normal,,,true,false,false,false,2,4,81805,,0,false,,senior,amateur,,,true,true,
2038/39,wp-viktor-verma,Viktor Verma,29,FRA,Amateur,Amateur,false,false,false,,0,0,,Amateur,127,127,,127,,,46,,,,127,,64,64,66,60,63,74,55,14,21,6,2,4,33.33333333333333,0,,,,,,,40469,252,129,77,52,59.68992248062015,0,0,240789,"{""matches"":129,""wins"":77,""losses"":52,""draws"":0,""winPercentage"":59.68992248062015,""eventsEntered"":0,""titles"":0,""finals"":0,""prizeMoney"":240789,""points"":0}",,,,,,,,,,,,,,121,,false,false,false,,104,42,15,0,0,0,0,0,10,5,0,0,0,27,11,estimated from season exits versus eligible schedule | 27 eligible events not entered,Amateur,normal,,,false,false,false,false,2,5,99727,,0,false,,amateur,amateur,,,true,true,
2038/39,wp-viktor-whitaker,Viktor Whitaker,41,IRL,Veteran,Amateur,false,false,false,,0,0,,Amateur,,,,,,,,,,,,,72,72,73,70,68,89,79,3,18,0,0,0,,0,,,,,,,0,0,12,12,0,100,0,0,0,"{""matches"":12,""wins"":12,""losses"":0,""draws"":0,""winPercentage"":100,""eventsEntered"":0,""titles"":0,""finals"":0,""prizeMoney"":0,""points"":0}",,,,,,,,,,,,,,,,false,false,false,,104,44,15,0,0,0,0,0,10,5,0,0,0,29,11,estimated from season exits versus eligible schedule | 29 eligible events not entered,Amateur,normal,,,false,false,false,false,0,0,0,,0,false,,amateur,amateur,,,true,true,
2038/39,wp-viktor-yates,Viktor Yates,40,NED,Veteran,Amateur,false,false,false,,0,0,,Amateur,,,,,,,,,,,,,72,72,73,70,68,89,80,1,18,0,0,0,,0,,,,,,,0,0,14,14,0,100,0,0,0,"{""matches"":14,""wins"":14,""losses"":0,""draws"":0,""winPercentage"":100,""eventsEntered"":0,""titles"":0,""finals"":0,""prizeMoney"":0,""points"":0}",,,,,,,,,,,,,,,,false,false,false,,104,44,15,0,0,0,0,0,10,5,0,0,0,29,11,estimated from season exits versus eligible schedule | 29 eligible events not entered,Amateur,normal,,,false,false,false,false,0,0,0,,0,false,,amateur,amateur,,,true,true,
2038/39,wp-viktor-yilmaz,Viktor Yilmaz,45,ITA,Veteran,Amateur,false,false,false,,0,0,,Amateur,,,,,,,,,,,,,70,74,70,69,64,80,56,11,36,0,0,0,,0,,,,,,,0,0,62,32,30,51.61290322580645,0,0,863852,"{""matches"":62,""wins"":32,""losses"":30,""draws"":0,""winPercentage"":51.61290322580645,""eventsEntered"":0,""titles"":0,""finals"":0,""prizeMoney"":863852,""points"":0}",,,,,,,,,,,,,,56,,false,false,false,,104,44,15,0,0,0,0,0,10,5,0,0,0,29,11,estimated from season exits versus eligible schedule | 29 eligible events not entered,Amateur,normal,,,false,false,false,false,0,0,0,,0,false,,senior,amateur,,,true,true,
2038/39,wp-vincent-ashford,Vincent Ashford,31,IND,Amateur,Amateur,false,false,false,,0,0,,Amateur,,,,,,,64,,,,,,63,63,65,59,61,71,58,25,19,10,4,6,40,0,,,,,,,0,171,150,89,61,59.333333333333336,0,0,100594,"{""matches"":150,""wins"":89,""losses"":61,""draws"":0,""winPercentage"":59.333333333333336,""eventsEntered"":0,""titles"":0,""finals"":0,""prizeMoney"":100594,""points"":0}",,,,,,,,,,,,,,126,,false,false,false,,104,42,15,0,0,0,0,0,10,5,0,0,0,27,11,estimated from season exits versus eligible schedule | 27 eligible events not entered,Amateur,normal,,,false,false,false,false,0,0,0,,0,false,,amateur,amateur,,,true,true,
2038/39,wp-vincent-barker,Vincent Barker,43,JPN,Veteran,Amateur,false,false,false,,0,0,,Amateur,,,,,,,,,,,,,72,72,72,70,67,88,77,6,18,0,0,0,,0,,,,,,,0,0,14,14,0,100,0,0,0,"{""matches"":14,""wins"":14,""losses"":0,""draws"":0,""winPercentage"":100,""eventsEntered"":0,""titles"":0,""finals"":0,""prizeMoney"":0,""points"":0}",,,,,,,,,,,,,,,,false,false,false,,104,44,15,0,0,0,0,0,10,5,0,0,0,29,11,estimated from season exits versus eligible schedule | 29 eligible events not entered,Amateur,normal,,,false,false,false,false,0,0,0,,0,false,,amateur,amateur,,,true,true,
2038/39,wp-vincent-caldwell,Vincent Caldwell,34,CAN,Amateur,Amateur,false,false,false,,0,0,,Amateur,,,,,,,,,,,,,75,76,77,74,74,93,82,0,24,0,0,0,,0,,,,,,,0,0,12,12,0,100,0,0,240092,"{""matches"":12,""wins"":12,""losses"":0,""draws"":0,""winPercentage"":100,""eventsEntered"":0,""titles"":0,""finals"":0,""prizeMoney"":240092,""points"":0}",,,,,,,,,,,,,,102,,false,false,false,,104,42,15,0,0,0,0,0,10,5,0,0,0,27,11,estimated from season exits versus eligible schedule | 27 eligible events not entered,Amateur,normal,,,false,false,false,false,0,0,0,,0,false,,amateur,amateur,,,true,true,
2038/39,wp-vincent-easton,Vincent Easton,40,GER,Veteran,Amateur,false,false,false,,0,0,,Amateur,,,,,,,,,,,,,72,72,73,70,68,89,80,1,18,0,0,0,,0,,,,,,,0,0,12,12,0,100,0,0,0,"{""matches"":12,""wins"":12,""losses"":0,""draws"":0,""winPercentage"":100,""eventsEntered"":0,""titles"":0,""finals"":0,""prizeMoney"":0,""points"":0}",,,,,,,,,,,,,,,,false,false,false,,104,44,15,0,0,0,0,0,10,5,0,0,0,29,11,estimated from season exits versus eligible schedule | 29 eligible events not entered,Amateur,normal,,,false,false,false,false,0,0,0,,0,false,,amateur,amateur,,,true,true,
2038/39,wp-vincent-langford,Vincent Langford,60,IND,Veteran,Senior Tour / Legend Circuit,false,false,false,,0,0,,Amateur,,,,,,,,,,18,,,66,66,63,61,51,67,47,52,18,6,4,2,66.66666666666666,0,,,,,,,0,153,85,61,24,71.76470588235294,0,0,0,"{""matches"":85,""wins"":61,""losses"":24,""draws"":0,""winPercentage"":71.76470588235294,""eventsEntered"":0,""titles"":0,""finals"":0,""prizeMoney"":0,""points"":0}",,,,,,,,,,,,,,,,false,false,false,,104,14,11,0,0,0,0,0,0,0,0,0,11,3,0,estimated from season exits versus eligible schedule | 3 eligible events not entered,Senior/Legend,normal,,,false,false,false,false,0,0,0,,0,false,,amateur,senior,,,true,true,
2038/39,wp-vincent-rahman,Vincent Rahman,43,GER,Veteran,Amateur,false,false,false,,0,0,,Amateur,,,,,,,,,,,,,67,68,67,64,62,80,65,7,21,0,0,0,,0,,,,,,,0,0,24,17,7,70.83333333333334,0,0,105796,"{""matches"":24,""wins"":17,""losses"":7,""draws"":0,""winPercentage"":70.83333333333334,""eventsEntered"":0,""titles"":0,""finals"":0,""prizeMoney"":105796,""points"":0}",,,,,,,,,,,,,,116,,false,false,false,,104,44,15,0,0,0,0,0,10,5,0,0,0,29,11,estimated from season exits versus eligible schedule | 29 eligible events not entered,Amateur,normal,,,false,false,false,false,0,0,0,,0,false,,amateur,amateur,,,true,true,
2038/39,wp-vincent-sorensen,Vincent Sorensen,35,THA,Amateur,Amateur,false,false,false,,0,0,,Amateur,,,,,,,,,,,,,65,65,67,62,63,80,69,0,19,0,0,0,,0,,,,,,,0,0,58,39,19,67.24137931034483,0,0,82672,"{""matches"":58,""wins"":39,""losses"":19,""draws"":0,""winPercentage"":67.24137931034483,""eventsEntered"":0,""titles"":0,""finals"":0,""prizeMoney"":82672,""points"":0}",,,,,,,,,,,,,,124,,false,false,false,,104,42,15,0,0,0,0,0,10,5,0,0,0,27,11,estimated from season exits versus eligible schedule | 27 eligible events not entered,Amateur,normal,,,false,false,false,false,0,0,0,,0,false,,amateur,amateur,,,true,true,
2038/39,wp-vincent-tanaka,Vincent Tanaka,41,ENG,Veteran,Amateur,false,false,false,,0,0,,Safe,39,39,,39,,,,,,,39,,71,75,72,70,65,78,52,23,40,6,2,4,33.33333333333333,0,,,,,,,39891,248,84,39,45,46.42857142857143,0,0,1001489,"{""matches"":84,""wins"":39,""losses"":45,""draws"":0,""winPercentage"":46.42857142857143,""eventsEntered"":0,""titles"":0,""finals"":0,""prizeMoney"":1001489,""points"":0}",,,,,,,,,,,,,,39,,false,false,false,,104,44,15,0,0,0,0,0,10,5,0,0,0,29,11,estimated from season exits versus eligible schedule | 29 eligible events not entered,Amateur,normal,,,true,false,false,false,2,4,80071,,0,false,,senior,amateur,,,true,true,
2038/39,wp-vincent-yates,Vincent Yates,34,POL,Amateur,Amateur,false,false,false,,0,0,,Amateur,,,,,,,,,,,,,72,72,74,70,71,90,82,0,18,0,0,0,,0,,,,,,,0,0,12,12,0,100,0,0,0,"{""matches"":12,""wins"":12,""losses"":0,""draws"":0,""winPercentage"":100,""eventsEntered"":0,""titles"":0,""finals"":0,""prizeMoney"":0,""points"":0}",,,,,,,,,,,,,,,,false,false,false,,104,42,15,0,0,0,0,0,10,5,0,0,0,27,11,estimated from season exits versus eligible schedule | 27 eligible events not entered,Amateur,normal,,,false,false,false,false,0,0,0,,0,false,,amateur,amateur,,,true,true,
2038/39,wp-warren-ashford,Warren Ashford,60,PAK,Veteran,Senior Tour / Legend Circuit,false,false,false,,0,0,,Amateur,,,,,,,,,,19,,,66,66,63,61,51,67,49,55,18,7,5,2,71.42857142857143,0,,,,,,,0,180,82,58,24,70.73170731707317,0,0,0,"{""matches"":82,""wins"":58,""losses"":24,""draws"":0,""winPercentage"":70.73170731707317,""eventsEntered"":0,""titles"":0,""finals"":0,""prizeMoney"":0,""points"":0}",,,,,,,,,,,,,,,,false,false,false,,104,14,11,0,0,0,0,0,0,0,0,0,11,3,0,estimated from season exits versus eligible schedule | 3 eligible events not entered,Senior/Legend,normal,,,false,false,false,false,0,0,0,,0,false,,amateur,senior,,,true,true,
2038/39,wp-warren-barker,Warren Barker,35,NOR,Amateur,Amateur,false,false,false,,0,0,,Amateur,,,,,,,,,,,,,72,72,74,70,70,90,82,0,18,0,0,0,,0,,,,,,,0,0,12,12,0,100,0,0,0,"{""matches"":12,""wins"":12,""losses"":0,""draws"":0,""winPercentage"":100,""eventsEntered"":0,""titles"":0,""finals"":0,""prizeMoney"":0,""points"":0}",,,,,,,,,,,,,,,,false,false,false,,104,42,15,0,0,0,0,0,10,5,0,0,0,27,11,estimated from season exits versus eligible schedule | 27 eligible events not entered,Amateur,normal,,,false,false,false,false,0,0,0,,0,false,,amateur,amateur,,,true,true,
2038/39,wp-warren-caldwell,Warren Caldwell,34,FRA,Amateur,Amateur,false,false,false,,0,0,,Amateur,,,,,,,,,,,,,72,72,74,70,71,90,82,0,18,0,0,0,,0,,,,,,,0,0,8,8,0,100,0,0,0,"{""matches"":8,""wins"":8,""losses"":0,""draws"":0,""winPercentage"":100,""eventsEntered"":0,""titles"":0,""finals"":0,""prizeMoney"":0,""points"":0}",,,,,,,,,,,,,,,,false,false,false,,104,42,15,0,0,0,0,0,10,5,0,0,0,27,11,estimated from season exits versus eligible schedule | 27 eligible events not entered,Amateur,normal,,,false,false,false,false,0,0,0,,0,false,,amateur,amateur,,,true,true,
2038/39,wp-warren-drayton,Warren Drayton,37,IRL,Amateur,Amateur,false,false,false,,0,0,,Amateur,,,,,,,,,,,,,72,72,73,70,70,90,82,0,18,0,0,0,,0,,,,,,,0,0,10,10,0,100,0,0,0,"{""matches"":10,""wins"":10,""losses"":0,""draws"":0,""winPercentage"":100,""eventsEntered"":0,""titles"":0,""finals"":0,""prizeMoney"":0,""points"":0}",,,,,,,,,,,,,,,,false,false,false,,104,42,15,0,0,0,0,0,10,5,0,0,0,27,11,estimated from season exits versus eligible schedule | 27 eligible events not entered,Amateur,normal,,,false,false,false,false,0,0,0,,0,false,,amateur,amateur,,,true,true,
2038/39,wp-warren-forster,Warren Forster,37,CHN,Amateur,Q School,false,false,false,,0,0,,Amateur,,,,,,,22,10,15,,,,65,65,66,62,59,70,63,49,18,17,9,8,52.94117647058824,0,,,,,,,0,401,35,24,11,68.57142857142857,0,0,0,"{""matches"":35,""wins"":24,""losses"":11,""draws"":0,""winPercentage"":68.57142857142857,""eventsEntered"":0,""titles"":0,""finals"":0,""prizeMoney"":0,""points"":0}",,,,,,,,,,,,,,,,false,false,false,,104,42,8,0,0,0,0,0,3,5,0,0,0,34,18,estimated from season exits versus eligible schedule | 34 eligible events not entered,Q School,too high,,,false,false,false,false,0,0,0,,0,false,,qSchool,qSchool,,,true,true,
2038/39,wp-warren-lombardi,Warren Lombardi,38,AUS,Amateur,Amateur,false,false,false,,0,0,,Amateur,,,,,,,,,,,,,67,68,68,65,64,82,70,0,24,0,0,0,,0,,,,,,,0,0,34,22,12,64.70588235294117,2,0,85562,"{""matches"":34,""wins"":22,""losses"":12,""draws"":0,""winPercentage"":64.70588235294117,""eventsEntered"":0,""titles"":2,""finals"":0,""prizeMoney"":85562,""points"":0}",,,,,,,,,,,,,,117,,false,false,false,,104,42,15,0,0,0,0,0,10,5,0,0,0,27,11,estimated from season exits versus eligible schedule | 27 eligible events not entered,Amateur,normal,,,false,false,false,false,0,0,0,,0,false,,amateur,amateur,,,true,true,
2038/39,wp-warren-otero,Warren Otero,41,BRA,Veteran,Amateur,false,false,false,,0,0,,Amateur,,,,,,,,,,,,,77,79,78,77,73,94,79,3,28,0,0,0,,0,,,,,,,0,0,12,12,0,100,0,0,365632,"{""matches"":12,""wins"":12,""losses"":0,""draws"":0,""winPercentage"":100,""eventsEntered"":0,""titles"":0,""finals"":0,""prizeMoney"":365632,""points"":0}",,,,,,,,,,,,,,84,,false,false,false,,104,44,15,0,0,0,0,0,10,5,0,0,0,29,11,estimated from season exits versus eligible schedule | 29 eligible events not entered,Amateur,normal,,,false,false,false,false,0,0,0,,0,false,,amateur,amateur,,,true,true,
2038/39,wp-warren-sorensen,Warren Sorensen,43,CHN,Veteran,Amateur,false,false,false,,0,0,,Amateur,,,,,,,,,,,,,67,68,67,64,62,80,65,7,20,0,0,0,,0,,,,,,,0,0,23,16,7,69.56521739130434,0,0,84984,"{""matches"":23,""wins"":16,""losses"":7,""draws"":0,""winPercentage"":69.56521739130434,""eventsEntered"":0,""titles"":0,""finals"":0,""prizeMoney"":84984,""points"":0}",,,,,,,,,,,,,,118,,false,false,false,,104,44,15,0,0,0,0,0,10,5,0,0,0,29,11,estimated from season exits versus eligible schedule | 29 eligible events not entered,Amateur,normal,,,false,false,false,false,0,0,0,,0,false,,amateur,amateur,,,true,true,
2038/39,wp-warren-tremblay,Warren Tremblay,55,BRA,Veteran,Amateur,false,false,false,,0,0,,Amateur,,,,,,,,,,,,,72,72,70,69,61,82,65,25,18,0,0,0,,0,,,,,,,0,0,14,14,0,100,0,0,0,"{""matches"":14,""wins"":14,""losses"":0,""draws"":0,""winPercentage"":100,""eventsEntered"":0,""titles"":0,""finals"":0,""prizeMoney"":0,""points"":0}",,,,,,,,,,,,,,,,false,false,false,,104,44,15,0,0,0,0,0,10,5,0,0,0,29,11,estimated from season exits versus eligible schedule | 29 eligible events not entered,Amateur,normal,,,false,false,false,false,0,0,0,,0,false,,amateur,amateur,,,true,true,
2038/39,wp-warren-westbrook,Warren Westbrook,32,NED,Amateur,Amateur,false,false,false,,0,0,,Amateur,,,,,,,,,,,,,63,63,65,60,62,77,65,0,20,0,0,0,,0,,,,,,,0,0,115,65,50,56.52173913043478,0,0,207990,"{""matches"":115,""wins"":65,""losses"":50,""draws"":0,""winPercentage"":56.52173913043478,""eventsEntered"":0,""titles"":0,""finals"":0,""prizeMoney"":207990,""points"":0}",,,,,,,,,,,,,,126,,false,false,false,,104,42,15,0,0,0,0,0,10,5,0,0,0,27,11,estimated from season exits versus eligible schedule | 27 eligible events not entered,Amateur,normal,,,false,false,false,false,0,0,0,,0,false,,amateur,amateur,,,true,true,
2038/39,wp-warren-yates,Warren Yates,30,AUS,Amateur,Amateur,false,false,false,,0,0,,Amateur,,,,,,,52,,,,,,64,64,66,60,62,72,58,25,20,10,4,6,40,0,,,,,,,0,180,132,77,55,58.333333333333336,0,0,119672,"{""matches"":132,""wins"":77,""losses"":55,""draws"":0,""winPercentage"":58.333333333333336,""eventsEntered"":0,""titles"":0,""finals"":0,""prizeMoney"":119672,""points"":0}",,,,,,,,,,,,,,122,,false,false,false,,104,42,15,0,0,0,0,0,10,5,0,0,0,27,11,estimated from season exits versus eligible schedule | 27 eligible events not entered,Amateur,normal,,,false,false,false,false,0,0,0,,0,false,,amateur,amateur,,,true,true,
2038/39,wp-wesley-ashford,Wesley Ashford,37,IND,Amateur,Amateur,false,false,false,,0,0,,Amateur,,,,,,,,,,,,,72,72,73,70,70,90,82,0,18,0,0,0,,0,,,,,,,0,0,14,14,0,100,0,0,0,"{""matches"":14,""wins"":14,""losses"":0,""draws"":0,""winPercentage"":100,""eventsEntered"":0,""titles"":0,""finals"":0,""prizeMoney"":0,""points"":0}",,,,,,,,,,,,,,,,false,false,false,,104,42,15,0,0,0,0,0,10,5,0,0,0,27,11,estimated from season exits versus eligible schedule | 27 eligible events not entered,Amateur,normal,,,false,false,false,false,0,0,0,,0,false,,amateur,amateur,,,true,true,
2038/39,wp-wesley-barker,Wesley Barker,33,JPN,Amateur,Amateur,false,false,false,,0,0,,Amateur,,,,,,,,,,,,,63,63,65,60,62,77,65,0,18,0,0,0,,0,,,,,,,0,0,44,25,19,56.81818181818182,0,0,0,"{""matches"":44,""wins"":25,""losses"":19,""draws"":0,""winPercentage"":56.81818181818182,""eventsEntered"":0,""titles"":0,""finals"":0,""prizeMoney"":0,""points"":0}",,,,,,,,,,,,,,,,false,false,false,,104,42,15,0,0,0,0,0,10,5,0,0,0,27,11,estimated from season exits versus eligible schedule | 27 eligible events not entered,Amateur,normal,,,false,false,false,false,0,0,0,,0,false,,amateur,amateur,,,true,true,
2038/39,wp-wesley-drayton,Wesley Drayton,37,WAL,Amateur,Amateur,false,false,false,,0,0,,Amateur,,,,,,,,,,,,,65,65,66,62,63,80,69,0,18,0,0,0,,0,,,,,,,0,0,25,17,8,68,0,0,0,"{""matches"":25,""wins"":17,""losses"":8,""draws"":0,""winPercentage"":68,""eventsEntered"":0,""titles"":0,""finals"":0,""prizeMoney"":0,""points"":0}",,,,,,,,,,,,,,,,false,false,false,,104,42,15,0,0,0,0,0,10,5,0,0,0,27,11,estimated from season exits versus eligible schedule | 27 eligible events not entered,Amateur,normal,,,false,false,false,false,0,0,0,,0,false,,amateur,amateur,,,true,true,
2038/39,wp-wesley-kovacs,Wesley Kovacs,37,POL,Amateur,Amateur,false,false,false,,0,0,,Amateur,,,,,,,,,,,,,72,72,73,70,70,90,82,0,18,0,0,0,,0,,,,,,,0,0,12,12,0,100,0,0,0,"{""matches"":12,""wins"":12,""losses"":0,""draws"":0,""winPercentage"":100,""eventsEntered"":0,""titles"":0,""finals"":0,""prizeMoney"":0,""points"":0}",,,,,,,,,,,,,,,,false,false,false,,104,42,15,0,0,0,0,0,10,5,0,0,0,27,11,estimated from season exits versus eligible schedule | 27 eligible events not entered,Amateur,normal,,,false,false,false,false,0,0,0,,0,false,,amateur,amateur,,,true,true,
2038/39,wp-wesley-petrov,Wesley Petrov,40,WAL,Veteran,Amateur,false,false,false,,0,0,,Amateur,,,,,,,,,,,,,65,65,66,62,61,79,65,2,20,0,0,0,,0,,,,,,,0,0,31,19,12,61.29032258064516,0,0,102328,"{""matches"":31,""wins"":19,""losses"":12,""draws"":0,""winPercentage"":61.29032258064516,""eventsEntered"":0,""titles"":0,""finals"":0,""prizeMoney"":102328,""points"":0}",,,,,,,,,,,,,,119,,false,false,false,,104,44,15,0,0,0,0,0,10,5,0,0,0,29,11,estimated from season exits versus eligible schedule | 29 eligible events not entered,Amateur,normal,,,false,false,false,false,0,0,0,,0,false,,amateur,amateur,,,true,true,
2038/39,wp-wesley-rahman,Wesley Rahman,58,GER,Veteran,Amateur,false,false,false,,0,0,,Amateur,,,,,,,,,,,,,72,72,69,68,60,80,62,30,18,0,0,0,,0,,,,,,,0,0,14,14,0,100,0,0,0,"{""matches"":14,""wins"":14,""losses"":0,""draws"":0,""winPercentage"":100,""eventsEntered"":0,""titles"":0,""finals"":0,""prizeMoney"":0,""points"":0}",,,,,,,,,,,,,,,,false,false,false,,104,44,15,0,0,0,0,0,10,5,0,0,0,29,11,estimated from season exits versus eligible schedule | 29 eligible events not entered,Amateur,normal,,,false,false,false,false,0,0,0,,0,false,,amateur,amateur,,,true,true,
2038/39,wp-wesley-urban,Wesley Urban,44,IND,Veteran,Amateur,false,false,false,,0,0,,Amateur,,,,,,,,,,,,,77,79,77,76,72,92,76,7,27,0,0,0,,0,,,,,,,0,0,12,12,0,100,0,0,314296,"{""matches"":12,""wins"":12,""losses"":0,""draws"":0,""winPercentage"":100,""eventsEntered"":0,""titles"":0,""finals"":0,""prizeMoney"":314296,""points"":0}",,,,,,,,,,,,,,88,,false,false,false,,104,44,15,0,0,0,0,0,10,5,0,0,0,29,11,estimated from season exits versus eligible schedule | 29 eligible events not entered,Amateur,normal,,,false,false,false,false,0,0,0,,0,false,,amateur,amateur,,,true,true,
2038/39,wp-wesley-whitaker,Wesley Whitaker,41,NIR,Veteran,Amateur,false,false,false,,0,0,,Amateur,,,,,,,,,,,,,65,65,66,62,61,78,64,4,20,0,0,0,,0,,,,,,,0,0,21,13,8,61.904761904761905,0,0,101750,"{""matches"":21,""wins"":13,""losses"":8,""draws"":0,""winPercentage"":61.904761904761905,""eventsEntered"":0,""titles"":0,""finals"":0,""prizeMoney"":101750,""points"":0}",,,,,,,,,,,,,,120,,false,false,false,,104,44,15,0,0,0,0,0,10,5,0,0,0,29,11,estimated from season exits versus eligible schedule | 29 eligible events not entered,Amateur,normal,,,false,false,false,false,0,0,0,,0,false,,amateur,amateur,,,true,true,
2038/39,wp-wesley-yates,Wesley Yates,30,POL,Amateur,Amateur,false,false,false,,0,0,,Amateur,,,,,,,53,,,,,,64,64,66,60,62,72,58,25,19,10,4,6,40,0,,,,,,,0,179,140,83,57,59.285714285714285,0,0,100016,"{""matches"":140,""wins"":83,""losses"":57,""draws"":0,""winPercentage"":59.285714285714285,""eventsEntered"":0,""titles"":0,""finals"":0,""prizeMoney"":100016,""points"":0}",,,,,,,,,,,,,,123,,false,false,false,,104,42,15,0,0,0,0,0,10,5,0,0,0,27,11,estimated from season exits versus eligible schedule | 27 eligible events not entered,Amateur,normal,,,false,false,false,false,0,0,0,,0,false,,amateur,amateur,,,true,true,
2038/39,wp-xander-ashford,Xander Ashford,59,PAK,Veteran,Senior Tour / Legend Circuit,false,false,false,,0,0,,Amateur,,,,,,,,,,22,,,66,66,63,61,52,67,50,53,18,7,5,2,71.42857142857143,0,,,,,,,0,178,82,58,24,70.73170731707317,0,0,0,"{""matches"":82,""wins"":58,""losses"":24,""draws"":0,""winPercentage"":70.73170731707317,""eventsEntered"":0,""titles"":0,""finals"":0,""prizeMoney"":0,""points"":0}",,,,,,,,,,,,,,,,false,false,false,,104,14,11,0,0,0,0,0,0,0,0,0,11,3,0,estimated from season exits versus eligible schedule | 3 eligible events not entered,Senior/Legend,normal,,,false,false,false,false,0,0,0,,0,false,,amateur,senior,,,true,true,
2038/39,wp-xander-barker,Xander Barker,34,NOR,Amateur,Amateur,false,false,false,,0,0,,Amateur,,,,,,,,,,,,,72,72,74,70,71,90,82,0,18,0,0,0,,0,,,,,,,0,0,14,14,0,100,0,0,0,"{""matches"":14,""wins"":14,""losses"":0,""draws"":0,""winPercentage"":100,""eventsEntered"":0,""titles"":0,""finals"":0,""prizeMoney"":0,""points"":0}",,,,,,,,,,,,,,,,false,false,false,,104,42,15,0,0,0,0,0,10,5,0,0,0,27,11,estimated from season exits versus eligible schedule | 27 eligible events not entered,Amateur,normal,,,false,false,false,false,0,0,0,,0,false,,amateur,amateur,,,true,true,
2038/39,wp-xander-caldwell,Xander Caldwell,44,FRA,Veteran,Amateur,false,false,false,,0,0,,Top 32,31,31,,31,,,,,,,31,,72,77,72,70,65,77,44,25,42,5,1,4,20,0,,,,,,,20523,128,80,36,44,45,0,0,1099672,"{""matches"":80,""wins"":36,""losses"":44,""draws"":0,""winPercentage"":45,""eventsEntered"":0,""titles"":0,""finals"":0,""prizeMoney"":1099672,""points"":0}",,,,,,,,,,,,,,29,,false,false,false,,104,44,15,0,0,0,0,0,10,5,0,0,0,29,11,estimated from season exits versus eligible schedule | 29 eligible events not entered,Amateur,normal,,,true,false,false,false,1,3,59836,,0,false,,senior,amateur,,,true,true,
2038/39,wp-xander-easton,Xander Easton,37,NED,Amateur,Amateur,false,false,false,,0,0,,Amateur,,,,,,,,,,,,,72,72,73,70,70,90,82,0,18,0,0,0,,0,,,,,,,0,0,12,12,0,100,0,0,0,"{""matches"":12,""wins"":12,""losses"":0,""draws"":0,""winPercentage"":100,""eventsEntered"":0,""titles"":0,""finals"":0,""prizeMoney"":0,""points"":0}",,,,,,,,,,,,,,,,false,false,false,,104,42,15,0,0,0,0,0,10,5,0,0,0,27,11,estimated from season exits versus eligible schedule | 27 eligible events not entered,Amateur,normal,,,false,false,false,false,0,0,0,,0,false,,amateur,amateur,,,true,true,
2038/39,wp-xander-hayashi,Xander Hayashi,34,PAK,Amateur,Amateur,false,false,false,,0,0,,Amateur,,,,,,,,,,,,,78,81,80,78,77,96,82,0,29,0,0,0,,0,,,,,,,0,0,12,12,0,100,0,0,375346,"{""matches"":12,""wins"":12,""losses"":0,""draws"":0,""winPercentage"":100,""eventsEntered"":0,""titles"":0,""finals"":0,""prizeMoney"":375346,""points"":0}",,,,,,,,,,,,,,76,,false,false,false,,104,42,15,0,0,0,0,0,10,5,0,0,0,27,11,estimated from season exits versus eligible schedule | 27 eligible events not entered,Amateur,normal,,,false,false,false,false,0,0,0,,0,false,,amateur,amateur,,,true,true,
2038/39,wp-xander-langford,Xander Langford,40,PAK,Veteran,Amateur,false,false,false,,0,0,,Amateur,,,,,,,,,,,,,72,72,73,70,68,89,80,1,18,0,0,0,,0,,,,,,,0,0,12,12,0,100,0,0,0,"{""matches"":12,""wins"":12,""losses"":0,""draws"":0,""winPercentage"":100,""eventsEntered"":0,""titles"":0,""finals"":0,""prizeMoney"":0,""points"":0}",,,,,,,,,,,,,,,,false,false,false,,104,44,15,0,0,0,0,0,10,5,0,0,0,29,11,estimated from season exits versus eligible schedule | 29 eligible events not entered,Amateur,normal,,,false,false,false,false,0,0,0,,0,false,,amateur,amateur,,,true,true,
2038/39,wp-xander-quinnell,Xander Quinnell,54,BEL,Veteran,Amateur,false,false,false,,0,0,,Amateur,,,,,,,,,,,,,73,74,71,70,63,83,66,23,21,0,0,0,,0,,,,,,,0,0,12,12,0,100,0,0,153722,"{""matches"":12,""wins"":12,""losses"":0,""draws"":0,""winPercentage"":100,""eventsEntered"":0,""titles"":0,""finals"":0,""prizeMoney"":153722,""points"":0}",,,,,,,,,,,,,,116,,false,false,false,,104,44,15,0,0,0,0,0,10,5,0,0,0,29,11,estimated from season exits versus eligible schedule | 29 eligible events not entered,Amateur,normal,,,false,false,false,false,0,0,0,,0,false,,amateur,amateur,,,true,true,
2038/39,wp-xander-sorensen,Xander Sorensen,38,CHN,Amateur,Amateur,false,false,false,,0,0,,Amateur,,,,,,,,,,,,,65,65,66,62,62,80,68,0,19,0,0,0,,0,,,,,,,0,0,58,38,20,65.51724137931035,0,0,79782,"{""matches"":58,""wins"":38,""losses"":20,""draws"":0,""winPercentage"":65.51724137931035,""eventsEntered"":0,""titles"":0,""finals"":0,""prizeMoney"":79782,""points"":0}",,,,,,,,,,,,,,125,,false,false,false,,104,42,15,0,0,0,0,0,10,5,0,0,0,27,11,estimated from season exits versus eligible schedule | 27 eligible events not entered,Amateur,normal,,,false,false,false,false,0,0,0,,0,false,,amateur,amateur,,,true,true,
2038/39,wp-xander-yates,Xander Yates,33,AUS,Amateur,Amateur,false,false,false,,0,0,,Amateur,,,,,,,,,,,,,62,62,64,59,61,76,63,0,18,0,0,0,,0,,,,,,,0,0,34,18,16,52.94117647058824,0,0,0,"{""matches"":34,""wins"":18,""losses"":16,""draws"":0,""winPercentage"":52.94117647058824,""eventsEntered"":0,""titles"":0,""finals"":0,""prizeMoney"":0,""points"":0}",,,,,,,,,,,,,,,,false,false,false,,104,42,15,0,0,0,0,0,10,5,0,0,0,27,11,estimated from season exits versus eligible schedule | 27 eligible events not entered,Amateur,normal,,,false,false,false,false,0,0,0,,0,false,,amateur,amateur,,,true,true,
2038/39,wp-yannick-ashford,Yannick Ashford,35,CAN,Amateur,Amateur,false,false,false,,0,0,,Amateur,,,,,,,,,,,,,72,72,74,70,70,90,82,0,18,0,0,0,,0,,,,,,,0,0,8,8,0,100,0,0,0,"{""matches"":8,""wins"":8,""losses"":0,""draws"":0,""winPercentage"":100,""eventsEntered"":0,""titles"":0,""finals"":0,""prizeMoney"":0,""points"":0}",,,,,,,,,,,,,,,,false,false,false,,104,42,15,0,0,0,0,0,10,5,0,0,0,27,11,estimated from season exits versus eligible schedule | 27 eligible events not entered,Amateur,normal,,,false,false,false,false,0,0,0,,0,false,,amateur,amateur,,,true,true,
2038/39,wp-yannick-barker,Yannick Barker,37,SWE,Amateur,Amateur,false,false,false,,0,0,,Amateur,,,,,,,,,,,,,72,72,73,70,70,90,82,0,18,0,0,0,,0,,,,,,,0,0,12,12,0,100,0,0,0,"{""matches"":12,""wins"":12,""losses"":0,""draws"":0,""winPercentage"":100,""eventsEntered"":0,""titles"":0,""finals"":0,""prizeMoney"":0,""points"":0}",,,,,,,,,,,,,,,,false,false,false,,104,42,15,0,0,0,0,0,10,5,0,0,0,27,11,estimated from season exits versus eligible schedule | 27 eligible events not entered,Amateur,normal,,,false,false,false,false,0,0,0,,0,false,,amateur,amateur,,,true,true,
2038/39,wp-yannick-caldwell,Yannick Caldwell,30,ENG,Amateur,Amateur,false,false,false,,0,0,,Amateur,,,,,,,54,,,,,,63,63,65,59,61,71,58,25,19,10,4,6,40,0,,,,,,,0,177,131,75,56,57.25190839694656,0,0,80360,"{""matches"":131,""wins"":75,""losses"":56,""draws"":0,""winPercentage"":57.25190839694656,""eventsEntered"":0,""titles"":0,""finals"":0,""prizeMoney"":80360,""points"":0}",,,,,,,,,,,,,,124,,false,false,false,,104,42,15,0,0,0,0,0,10,5,0,0,0,27,11,estimated from season exits versus eligible schedule | 27 eligible events not entered,Amateur,normal,,,false,false,false,false,0,0,0,,0,false,,amateur,amateur,,,true,true,
2038/39,wp-yannick-drayton,Yannick Drayton,39,NIR,Amateur,Amateur,false,false,false,,0,0,,Amateur,,,,,,,,,,,,,72,72,73,70,69,90,81,0,18,0,0,0,,0,,,,,,,0,0,10,10,0,100,0,0,0,"{""matches"":10,""wins"":10,""losses"":0,""draws"":0,""winPercentage"":100,""eventsEntered"":0,""titles"":0,""finals"":0,""prizeMoney"":0,""points"":0}",,,,,,,,,,,,,,,,false,false,false,,104,42,15,0,0,0,0,0,10,5,0,0,0,27,11,estimated from season exits versus eligible schedule | 27 eligible events not entered,Amateur,normal,,,false,false,false,false,0,0,0,,0,false,,amateur,amateur,,,true,true,
2038/39,wp-yannick-forster,Yannick Forster,37,GER,Amateur,Amateur,false,false,false,,0,0,,Amateur,,,,,,,,,,,,,67,68,68,65,65,82,67,0,25,0,0,0,,0,,,,,,,0,0,86,53,33,61.627906976744185,0,0,326582,"{""matches"":86,""wins"":53,""losses"":33,""draws"":0,""winPercentage"":61.627906976744185,""eventsEntered"":0,""titles"":0,""finals"":0,""prizeMoney"":326582,""points"":0}",,,,,,,,,,,,,,99,,false,false,false,,104,42,15,0,0,0,0,0,10,5,0,0,0,27,11,estimated from season exits versus eligible schedule | 27 eligible events not entered,Amateur,normal,,,false,false,false,false,0,0,0,,0,false,,amateur,amateur,,,true,true,
2038/39,wp-yannick-lombardi,Yannick Lombardi,40,THA,Veteran,Amateur,false,false,false,,0,0,,Amateur,,,,,,,,,,,,,68,68,69,66,64,83,71,2,24,0,0,0,,0,,,,,,,0,0,39,28,11,71.7948717948718,2,0,81516,"{""matches"":39,""wins"":28,""losses"":11,""draws"":0,""winPercentage"":71.7948717948718,""eventsEntered"":0,""titles"":2,""finals"":0,""prizeMoney"":81516,""points"":0}",,,,,,,,,,,,,,122,,false,false,false,,104,44,15,0,0,0,0,0,10,5,0,0,0,29,11,estimated from season exits versus eligible schedule | 29 eligible events not entered,Amateur,normal,,,false,false,false,false,0,0,0,,0,false,,amateur,amateur,,,true,true,
2038/39,wp-yannick-otero,Yannick Otero,44,ENG,Veteran,Amateur,false,false,false,,0,0,,Top 16,4,4,,4,,,,,,,4,,75,81,75,74,68,81,49,28,47,6,2,4,33.33333333333333,0,,,,,,,38734,241,90,40,50,44.44444444444444,0,0,1227813,"{""matches"":90,""wins"":40,""losses"":50,""draws"":0,""winPercentage"":44.44444444444444,""eventsEntered"":0,""titles"":0,""finals"":0,""prizeMoney"":1227813,""points"":0}",,,,,,,,,,,,,,4,,true,false,false,,104,44,15,0,0,0,0,0,10,5,0,0,0,29,11,estimated from season exits versus eligible schedule | 29 eligible events not entered,Amateur,normal,,,true,false,false,false,2,3,59257,,0,false,,senior,amateur,,,true,true,
2038/39,wp-yannick-sorensen,Yannick Sorensen,37,IND,Amateur,Amateur,false,false,false,,0,0,,Amateur,,,,,,,,,,,,,65,65,66,62,62,77,62,10,19,4,2,2,50,0,,,,,,,0,49,29,19,10,65.51724137931035,0,0,98860,"{""matches"":29,""wins"":19,""losses"":10,""draws"":0,""winPercentage"":65.51724137931035,""eventsEntered"":0,""titles"":0,""finals"":0,""prizeMoney"":98860,""points"":0}",,,,,,,,,,,,,,123,,false,false,false,,104,42,15,0,0,0,0,0,10,5,0,0,0,27,11,estimated from season exits versus eligible schedule | 27 eligible events not entered,Amateur,normal,,,false,false,false,false,0,0,0,,0,false,,amateur,amateur,,,true,true,
2038/39,wp-yannick-tremblay,Yannick Tremblay,40,JPN,Veteran,Amateur,false,false,false,,0,0,,Amateur,,,,,,,,,,,,,72,72,73,70,68,89,80,1,18,0,0,0,,0,,,,,,,0,0,14,14,0,100,0,0,0,"{""matches"":14,""wins"":14,""losses"":0,""draws"":0,""winPercentage"":100,""eventsEntered"":0,""titles"":0,""finals"":0,""prizeMoney"":0,""points"":0}",,,,,,,,,,,,,,,,false,false,false,,104,44,15,0,0,0,0,0,10,5,0,0,0,29,11,estimated from season exits versus eligible schedule | 29 eligible events not entered,Amateur,normal,,,false,false,false,false,0,0,0,,0,false,,amateur,amateur,,,true,true,
2038/39,wp-yusuf-caldwell,Yusuf Caldwell,41,ENG,Veteran,Amateur,false,false,false,,0,0,,Amateur,,,,,,,,,,,,,72,72,73,70,68,89,79,3,18,0,0,0,,0,,,,,,,0,0,10,10,0,100,0,0,0,"{""matches"":10,""wins"":10,""losses"":0,""draws"":0,""winPercentage"":100,""eventsEntered"":0,""titles"":0,""finals"":0,""prizeMoney"":0,""points"":0}",,,,,,,,,,,,,,,,false,false,false,,104,44,15,0,0,0,0,0,10,5,0,0,0,29,11,estimated from season exits versus eligible schedule | 29 eligible events not entered,Amateur,normal,,,false,false,false,false,0,0,0,,0,false,,amateur,amateur,,,true,true,
2038/39,wp-yusuf-drayton,Yusuf Drayton,34,NIR,Amateur,Amateur,false,false,false,,0,0,,Amateur,,,,,,,,,,,,,72,72,74,70,71,90,82,0,18,0,0,0,,0,,,,,,,0,0,8,8,0,100,0,0,0,"{""matches"":8,""wins"":8,""losses"":0,""draws"":0,""winPercentage"":100,""eventsEntered"":0,""titles"":0,""finals"":0,""prizeMoney"":0,""points"":0}",,,,,,,,,,,,,,,,false,false,false,,104,42,15,0,0,0,0,0,10,5,0,0,0,27,11,estimated from season exits versus eligible schedule | 27 eligible events not entered,Amateur,normal,,,false,false,false,false,0,0,0,,0,false,,amateur,amateur,,,true,true,
2038/39,wp-yusuf-easton,Yusuf Easton,41,POL,Veteran,Amateur,false,false,false,,0,0,,Amateur,,,,,,,,,,,,,72,72,73,70,68,89,79,3,18,0,0,0,,0,,,,,,,0,0,10,10,0,100,0,0,0,"{""matches"":10,""wins"":10,""losses"":0,""draws"":0,""winPercentage"":100,""eventsEntered"":0,""titles"":0,""finals"":0,""prizeMoney"":0,""points"":0}",,,,,,,,,,,,,,,,false,false,false,,104,44,15,0,0,0,0,0,10,5,0,0,0,29,11,estimated from season exits versus eligible schedule | 29 eligible events not entered,Amateur,normal,,,false,false,false,false,0,0,0,,0,false,,amateur,amateur,,,true,true,
2038/39,wp-yusuf-grimaldi,Yusuf Grimaldi,32,JPN,Amateur,Amateur,false,false,false,,0,0,,Amateur,,,,,,,,,,,,,64,64,66,61,63,79,67,0,20,0,0,0,,0,,,,,,,0,0,97,61,36,62.88659793814433,0,0,192516,"{""matches"":97,""wins"":61,""losses"":36,""draws"":0,""winPercentage"":62.88659793814433,""eventsEntered"":0,""titles"":0,""finals"":0,""prizeMoney"":192516,""points"":0}",,,,,,,,,,,,,,124,,false,false,false,,104,42,15,0,0,0,0,0,10,5,0,0,0,27,11,estimated from season exits versus eligible schedule | 27 eligible events not entered,Amateur,normal,,,false,false,false,false,0,0,0,,0,false,,amateur,amateur,,,true,true,
2038/39,wp-yusuf-langford,Yusuf Langford,40,POL,Veteran,Amateur,false,false,false,,0,0,,Amateur,,,,,,,,,,,,,74,75,75,73,70,91,80,1,22,0,0,0,,0,,,,,,,0,0,12,12,0,100,0,0,186346,"{""matches"":12,""wins"":12,""losses"":0,""draws"":0,""winPercentage"":100,""eventsEntered"":0,""titles"":0,""finals"":0,""prizeMoney"":186346,""points"":0}",,,,,,,,,,,,,,111,,false,false,false,,104,44,15,0,0,0,0,0,10,5,0,0,0,29,11,estimated from season exits versus eligible schedule | 29 eligible events not entered,Amateur,normal,,,false,false,false,false,0,0,0,,0,false,,amateur,amateur,,,true,true,
2038/39,wp-yusuf-mendoza,Yusuf Mendoza,62,CAN,Veteran,Amateur,false,false,false,,0,0,,Amateur,,,,,,,,,,,,,65,65,61,60,51,68,44,37,19,0,0,0,,0,,,,,,,0,0,28,18,10,64.28571428571429,0,0,78046,"{""matches"":28,""wins"":18,""losses"":10,""draws"":0,""winPercentage"":64.28571428571429,""eventsEntered"":0,""titles"":0,""finals"":0,""prizeMoney"":78046,""points"":0}",,,,,,,,,,,,,,125,,false,false,false,,104,44,15,0,0,0,0,0,10,5,0,0,0,29,11,estimated from season exits versus eligible schedule | 29 eligible events not entered,Amateur,normal,,,false,false,false,false,0,0,0,,0,false,,amateur,amateur,,,true,true,
2038/39,wp-yusuf-tremblay,Yusuf Tremblay,35,JPN,Amateur,Amateur,false,false,false,,0,0,,Amateur,,,,,,,,,,,,,66,66,68,63,64,81,70,0,19,0,0,0,,0,,,,,,,0,0,63,44,19,69.84126984126983,0,0,77468,"{""matches"":63,""wins"":44,""losses"":19,""draws"":0,""winPercentage"":69.84126984126983,""eventsEntered"":0,""titles"":0,""finals"":0,""prizeMoney"":77468,""points"":0}",,,,,,,,,,,,,,126,,false,false,false,,104,42,15,0,0,0,0,0,10,5,0,0,0,27,11,estimated from season exits versus eligible schedule | 27 eligible events not entered,Amateur,normal,,,false,false,false,false,0,0,0,,0,false,,amateur,amateur,,,true,true,
2038/39,wp-yusuf-urban,Yusuf Urban,35,ESP,Amateur,Amateur,false,false,false,,0,0,,Amateur,,,,,,,,,,,,,72,72,74,70,70,90,82,0,18,0,0,0,,0,,,,,,,0,0,14,14,0,100,0,0,0,"{""matches"":14,""wins"":14,""losses"":0,""draws"":0,""winPercentage"":100,""eventsEntered"":0,""titles"":0,""finals"":0,""prizeMoney"":0,""points"":0}",,,,,,,,,,,,,,,,false,false,false,,104,42,15,0,0,0,0,0,10,5,0,0,0,27,11,estimated from season exits versus eligible schedule | 27 eligible events not entered,Amateur,normal,,,false,false,false,false,0,0,0,,0,false,,amateur,amateur,,,true,true,
2038/39,wp-zac-ashford,Zac Ashford,32,AUS,Amateur,Amateur,false,false,false,,0,0,,Amateur,,,,,,,,,,,,,67,69,69,65,66,82,66,0,26,0,0,0,,0,,,,,,,0,0,84,50,34,59.523809523809526,0,0,357006,"{""matches"":84,""wins"":50,""losses"":34,""draws"":0,""winPercentage"":59.523809523809526,""eventsEntered"":0,""titles"":0,""finals"":0,""prizeMoney"":357006,""points"":0}",,,,,,,,,,,,,,94,,false,false,false,,104,42,15,0,0,0,0,0,10,5,0,0,0,27,11,estimated from season exits versus eligible schedule | 27 eligible events not entered,Amateur,normal,,,false,false,false,false,0,0,0,,0,false,,amateur,amateur,,,true,true,
2038/39,wp-zac-forster,Zac Forster,30,PAK,Amateur,Amateur,false,false,false,,0,0,,Amateur,,,,,,,55,,,,,,63,63,65,59,61,71,55,23,19,9,3,6,33.33333333333333,0,,,,,,,0,134,135,80,55,59.25925925925925,0,0,95390,"{""matches"":135,""wins"":80,""losses"":55,""draws"":0,""winPercentage"":59.25925925925925,""eventsEntered"":0,""titles"":0,""finals"":0,""prizeMoney"":95390,""points"":0}",,,,,,,,,,,,,,126,,false,false,false,,104,42,15,0,0,0,0,0,10,5,0,0,0,27,11,estimated from season exits versus eligible schedule | 27 eligible events not entered,Amateur,normal,,,false,false,false,false,0,0,0,,0,false,,amateur,amateur,,,true,true,
2038/39,wp-zac-harrington,Zac Harrington,43,FRA,Veteran,Amateur,false,false,false,,0,0,,Amateur,,,,,,,,,,,,,69,69,69,66,64,84,72,6,18,0,0,0,,0,,,,,,,0,0,16,14,2,87.5,0,0,0,"{""matches"":16,""wins"":14,""losses"":2,""draws"":0,""winPercentage"":87.5,""eventsEntered"":0,""titles"":0,""finals"":0,""prizeMoney"":0,""points"":0}",,,,,,,,,,,,,,,,false,false,false,,104,44,15,0,0,0,0,0,10,5,0,0,0,29,11,estimated from season exits versus eligible schedule | 29 eligible events not entered,Amateur,normal,,,false,false,false,false,0,0,0,,0,false,,amateur,amateur,,,true,true,
2038/39,wp-zac-nakamura,Zac Nakamura,37,ITA,Amateur,Amateur,false,false,false,,0,0,,Amateur,,,,,,,,,,,,,65,65,66,62,63,80,70,0,19,0,0,0,,0,,,,,,,0,0,26,18,8,69.23076923076923,0,0,76890,"{""matches"":26,""wins"":18,""losses"":8,""draws"":0,""winPercentage"":69.23076923076923,""eventsEntered"":0,""titles"":0,""finals"":0,""prizeMoney"":76890,""points"":0}",,,,,,,,,,,,,,126,,false,false,false,,104,42,15,0,0,0,0,0,10,5,0,0,0,27,11,estimated from season exits versus eligible schedule | 27 eligible events not entered,Amateur,normal,,,false,false,false,false,0,0,0,,0,false,,amateur,amateur,,,true,true,
2038/39,wp-zac-tremblay,Zac Tremblay,37,NOR,Amateur,Amateur,false,false,false,,0,0,,Amateur,,,,,,,,,,,,,63,63,64,60,61,77,65,0,20,0,0,0,,0,,,,,,,0,0,27,15,12,55.55555555555556,1,0,57234,"{""matches"":27,""wins"":15,""losses"":12,""draws"":0,""winPercentage"":55.55555555555556,""eventsEntered"":0,""titles"":1,""finals"":0,""prizeMoney"":57234,""points"":0}",,,,,,,,,,,,,,127,,false,false,false,,104,42,15,0,0,0,0,0,10,5,0,0,0,27,11,estimated from season exits versus eligible schedule | 27 eligible events not entered,Amateur,normal,,,false,false,false,false,0,0,0,,0,false,,amateur,amateur,,,true,true,
2038/39,wp-zac-urban,Zac Urban,35,FRA,Amateur,Amateur,false,false,false,,0,0,,Amateur,,,,,,,,,,,,,65,65,67,62,63,80,69,0,19,0,0,0,,0,,,,,,,0,0,67,45,22,67.16417910447761,0,0,75734,"{""matches"":67,""wins"":45,""losses"":22,""draws"":0,""winPercentage"":67.16417910447761,""eventsEntered"":0,""titles"":0,""finals"":0,""prizeMoney"":75734,""points"":0}",,,,,,,,,,,,,,127,,false,false,false,,104,42,15,0,0,0,0,0,10,5,0,0,0,27,11,estimated from season exits versus eligible schedule | 27 eligible events not entered,Amateur,normal,,,false,false,false,false,0,0,0,,0,false,,amateur,amateur,,,true,true,
2038/39,wp-zac-verma,Zac Verma,44,IRL,Veteran,Amateur,false,false,false,,0,0,,Amateur,,,,,,,,,,,,,72,72,72,70,67,87,76,7,18,0,0,0,,0,,,,,,,0,0,14,14,0,100,0,0,0,"{""matches"":14,""wins"":14,""losses"":0,""draws"":0,""winPercentage"":100,""eventsEntered"":0,""titles"":0,""finals"":0,""prizeMoney"":0,""points"":0}",,,,,,,,,,,,,,,,false,false,false,,104,44,15,0,0,0,0,0,10,5,0,0,0,29,11,estimated from season exits versus eligible schedule | 29 eligible events not entered,Amateur,normal,,,false,false,false,false,0,0,0,,0,false,,amateur,amateur,,,true,true,
2038/39,wp-zane-barker,Zane Barker,34,ITA,Amateur,Amateur,false,false,false,,0,0,,Amateur,,,,,,,,,,,,,72,72,74,70,71,90,82,0,18,0,0,0,,0,,,,,,,0,0,8,8,0,100,0,0,0,"{""matches"":8,""wins"":8,""losses"":0,""draws"":0,""winPercentage"":100,""eventsEntered"":0,""titles"":0,""finals"":0,""prizeMoney"":0,""points"":0}",,,,,,,,,,,,,,,,false,false,false,,104,42,15,0,0,0,0,0,10,5,0,0,0,27,11,estimated from season exits versus eligible schedule | 27 eligible events not entered,Amateur,normal,,,false,false,false,false,0,0,0,,0,false,,amateur,amateur,,,true,true,
2038/39,wp-zane-caldwell,Zane Caldwell,43,SCO,Veteran,Amateur,false,false,false,,0,0,,Amateur,,,,,,,,,,,,,72,72,72,70,67,88,77,6,18,0,0,0,,0,,,,,,,0,0,10,10,0,100,0,0,0,"{""matches"":10,""wins"":10,""losses"":0,""draws"":0,""winPercentage"":100,""eventsEntered"":0,""titles"":0,""finals"":0,""prizeMoney"":0,""points"":0}",,,,,,,,,,,,,,,,false,false,false,,104,44,15,0,0,0,0,0,10,5,0,0,0,29,11,estimated from season exits versus eligible schedule | 29 eligible events not entered,Amateur,normal,,,false,false,false,false,0,0,0,,0,false,,amateur,amateur,,,true,true,
2038/39,wp-zane-drayton,Zane Drayton,62,BEL,Veteran,Senior Tour / Legend Circuit,false,false,false,,0,0,,Amateur,,,,,,,,,,16,,,69,69,65,66,53,70,50,55,28,6,4,2,66.66666666666666,0,,,,,,,0,156,45,31,14,68.88888888888889,5,0,0,"{""matches"":45,""wins"":31,""losses"":14,""draws"":0,""winPercentage"":68.88888888888889,""eventsEntered"":0,""titles"":5,""finals"":0,""prizeMoney"":0,""points"":0}",,,,,,,,,,,,,,,,false,false,false,,104,14,11,0,0,0,0,0,0,0,0,0,11,3,0,estimated from season exits versus eligible schedule | 3 eligible events not entered,Senior/Legend,normal,,,false,false,false,false,0,0,0,,0,false,,amateur,senior,,,true,true,
2038/39,wp-zane-easton,Zane Easton,29,AUS,Amateur,Amateur,false,false,false,,0,0,,Amateur,128,128,,128,,,47,,,,128,,63,63,65,59,62,73,55,14,19,6,2,4,33.33333333333333,0,,,,,,,37289,232,130,76,54,58.46153846153847,0,0,187601,"{""matches"":130,""wins"":76,""losses"":54,""draws"":0,""winPercentage"":58.46153846153847,""eventsEntered"":0,""titles"":0,""finals"":0,""prizeMoney"":187601,""points"":0}",,,,,,,,,,,,,,127,,false,false,false,,104,42,15,0,0,0,0,0,10,5,0,0,0,27,11,estimated from season exits versus eligible schedule | 27 eligible events not entered,Amateur,normal,,,false,false,false,false,2,4,74867,,0,false,,amateur,amateur,,,true,true,
2038/39,wp-zane-forster,Zane Forster,34,PAK,Amateur,Amateur,false,false,false,,0,0,,Amateur,,,,,,,,,,,,,72,72,74,70,71,90,82,0,18,0,0,0,,0,,,,,,,0,0,12,12,0,100,0,0,0,"{""matches"":12,""wins"":12,""losses"":0,""draws"":0,""winPercentage"":100,""eventsEntered"":0,""titles"":0,""finals"":0,""prizeMoney"":0,""points"":0}",,,,,,,,,,,,,,,,false,false,false,,104,42,15,0,0,0,0,0,10,5,0,0,0,27,11,estimated from season exits versus eligible schedule | 27 eligible events not entered,Amateur,normal,,,false,false,false,false,0,0,0,,0,false,,amateur,amateur,,,true,true,
2038/39,wp-zane-grimaldi,Zane Grimaldi,44,NOR,Veteran,Amateur,false,false,false,,0,0,,Amateur,,,,,,,,,,,,,72,72,72,70,67,87,76,7,18,0,0,0,,0,,,,,,,0,0,12,12,0,100,0,0,0,"{""matches"":12,""wins"":12,""losses"":0,""draws"":0,""winPercentage"":100,""eventsEntered"":0,""titles"":0,""finals"":0,""prizeMoney"":0,""points"":0}",,,,,,,,,,,,,,,,false,false,false,,104,44,15,0,0,0,0,0,10,5,0,0,0,29,11,estimated from season exits versus eligible schedule | 29 eligible events not entered,Amateur,normal,,,false,false,false,false,0,0,0,,0,false,,amateur,amateur,,,true,true,
2038/39,wp-zane-langford,Zane Langford,45,BRA,Veteran,Amateur,false,false,false,,0,0,,Amateur,,,,,,,,,,,,,71,76,71,70,65,80,52,11,41,0,0,0,,0,,,,,,,0,0,80,34,46,42.5,0,0,999697,"{""matches"":80,""wins"":34,""losses"":46,""draws"":0,""winPercentage"":42.5,""eventsEntered"":0,""titles"":0,""finals"":0,""prizeMoney"":999697,""points"":0}",,,,,,,,,,,,,,31,,false,false,false,,104,44,15,0,0,0,0,0,10,5,0,0,0,29,11,estimated from season exits versus eligible schedule | 29 eligible events not entered,Amateur,normal,,,false,false,false,false,0,2,37289,,0,false,,senior,amateur,,,true,true,
2038/39,wp-zane-mendoza,Zane Mendoza,39,BRA,Amateur,Amateur,false,false,false,,0,0,,Amateur,,,,,,,,,,,,,65,65,66,62,62,80,69,0,18,0,0,0,,0,,,,,,,0,0,26,18,8,69.23076923076923,0,0,74578,"{""matches"":26,""wins"":18,""losses"":8,""draws"":0,""winPercentage"":69.23076923076923,""eventsEntered"":0,""titles"":0,""finals"":0,""prizeMoney"":74578,""points"":0}",,,,,,,,,,,,,,128,,false,false,false,,104,42,15,0,0,0,0,0,10,5,0,0,0,27,11,estimated from season exits versus eligible schedule | 27 eligible events not entered,Amateur,normal,,,false,false,false,false,0,0,0,,0,false,,amateur,amateur,,,true,true,
2038/39,wp-zane-sorensen,Zane Sorensen,40,NED,Veteran,Amateur,false,false,false,,0,0,,Amateur,,,,,,,,,,,,,77,79,78,77,73,94,80,1,28,0,0,0,,0,,,,,,,0,0,12,12,0,100,0,0,312646,"{""matches"":12,""wins"":12,""losses"":0,""draws"":0,""winPercentage"":100,""eventsEntered"":0,""titles"":0,""finals"":0,""prizeMoney"":312646,""points"":0}",,,,,,,,,,,,,,83,,false,false,false,,104,44,15,0,0,0,0,0,10,5,0,0,0,29,11,estimated from season exits versus eligible schedule | 29 eligible events not entered,Amateur,normal,,,false,false,false,false,0,0,0,,0,false,,amateur,amateur,,,true,true,
2038/39,wp-zane-tremblay,Zane Tremblay,35,NOR,Amateur,Amateur,false,false,false,,0,0,,Amateur,,,,,,,,,,,,,66,66,68,63,64,82,71,0,19,0,0,0,,0,,,,,,,0,0,65,47,18,72.3076923076923,0,0,111578,"{""matches"":65,""wins"":47,""losses"":18,""draws"":0,""winPercentage"":72.3076923076923,""eventsEntered"":0,""titles"":0,""finals"":0,""prizeMoney"":111578,""points"":0}",,,,,,,,,,,,,,128,,false,false,false,,104,42,15,0,0,0,0,0,10,5,0,0,0,27,11,estimated from season exits versus eligible schedule | 27 eligible events not entered,Amateur,normal,,,false,false,false,false,0,0,0,,0,false,,amateur,amateur,,,true,true,
2038/39,wp-zane-urban,Zane Urban,27,FRA,Amateur,Q School,false,false,false,,0,0,,Amateur,,,,,,,13,21,18,,,,64,65,66,61,62,74,66,25,19,10,6,4,60,0,,,,,,,0,289,122,76,46,62.295081967213115,0,0,186156,"{""matches"":122,""wins"":76,""losses"":46,""draws"":0,""winPercentage"":62.295081967213115,""eventsEntered"":0,""titles"":0,""finals"":0,""prizeMoney"":186156,""points"":0}",,,,,,,,,,,,,,128,,false,false,false,,104,42,4,0,0,0,0,0,0,4,0,0,0,38,22,estimated from season exits versus eligible schedule | 38 eligible events not entered,Q School,normal,,,false,false,false,false,0,0,0,,0,false,,qSchool,qSchool,,,true,true,
