season,playerId,name,age,nationality,careerPhase,competitiveStatus,isHumanPlayer,isOnMainTour,isTourCardHolder,tourCardSource,tourCardYear,yearsRemaining,expiresAfterSeason,tourSurvivalStatus,seasonOpenWorldRank,seasonCloseWorldRank,normalizedWorldRank,rawWorldRankBeforeCap,worldRank,oneYearRank,amateurRank,qTourRank,qSchoolRank,seniorRank,previousWorldRank,rankChange,overall,potential,technicalAverage,mentalAverage,physicalAverage,effectiveMatchStrength,confidence,fatigue,reputation,seasonMatches,seasonWins,seasonLosses,seasonWinPercentage,seasonTitles,seasonMajorTitles,seasonWorldChampionshipEntries,seasonBestWorldChampionshipFinish,seasonMajorQuarterFinals,seasonMajorSemiFinals,seasonMajorFinals,seasonPrizeMoney,seasonRankingPoints,careerMatches,careerWins,careerLosses,careerWinPercentage,careerTitles,careerMajorTitles,careerPrizeMoney,totalRecord,youthRecord,amateurRecord,qTourRecord,qSchoolRecord,proQualifierRecord,rankingEventRecord,majorRecord,worldQualifyingRecord,worldMainDrawRecord,playersSeriesRecord,invitationalRecord,seniorRecord,exhibitionRecord,bestWorldRank,bestWorldChampionshipFinish,worldChampionshipMainDrawEligible,worldChampionshipMainDrawEntered,worldChampionshipQualifyingEntered,reasonSkippedWorldMainDraw,availableEventsCount,eligibleEventsCount,enteredEventsCount,rankingEventsEntered,qualifierEventsEntered,majorEventsEntered,invitationalsEntered,playersSeriesEntered,qTourEventsEntered,qSchoolEventsEntered,amateurEventsEntered,youthEventsEntered,seniorEventsEntered,skippedEligibleEventsCount,skippedCoreEventsCount,skippedReasonSummary,eventAccessBand,eventVolumeBandStatus,eventVolumeWarnings,calendarValidationWarnings,tourCardValidAtSeasonOpen,tourCardValidAtSeasonClose,lifecycleCorrectionApplied,rankCapApplied,recentSeasonWins,twoYearWins,twoYearPrizeMoney,majorFinalsLastTwoYears,titlesLastTwoYears,rankingDecayApplied,stalledReason,expectedCircuit,actualCircuit,warningFlags,invalidStateReasons,validTourStatus,validEventAccess,invalidAccessReason
2048/49,human-elliot-vance,Elliot Vance,73,England,Senior,Senior Tour / Legend Circuit,true,false,false,,0,0,,Amateur,999,999,999,999,999,,,,,2,999,0,59,59,58,83,5,81,99,0,100,6,2,4,33.33333333333333,0,0,0,No main draw win,0,0,0,24000,16,161,69,92,42.857142857142854,0,0,944800,"{""matches"":161,""wins"":69,""losses"":92,""draws"":0,""winPercentage"":42.857142857142854,""eventsEntered"":92,""titles"":0,""finals"":6,""prizeMoney"":944800,""points"":472}","{""matches"":0,""wins"":0,""losses"":0,""draws"":0,""winPercentage"":0,""eventsEntered"":0,""titles"":0,""finals"":0,""prizeMoney"":0,""points"":0}","{""matches"":0,""wins"":0,""losses"":0,""draws"":0,""winPercentage"":0,""eventsEntered"":0,""titles"":0,""finals"":0,""prizeMoney"":0,""points"":0}","{""matches"":0,""wins"":0,""losses"":0,""draws"":0,""winPercentage"":0,""eventsEntered"":0,""titles"":0,""finals"":0,""prizeMoney"":0,""points"":0}","{""matches"":0,""wins"":0,""losses"":0,""draws"":0,""winPercentage"":0,""eventsEntered"":0,""titles"":0,""finals"":0,""prizeMoney"":0,""points"":0}","{""matches"":0,""wins"":0,""losses"":0,""draws"":0,""winPercentage"":0,""eventsEntered"":0,""titles"":0,""finals"":0,""prizeMoney"":0,""points"":0}","{""matches"":0,""wins"":0,""losses"":0,""draws"":0,""winPercentage"":0,""eventsEntered"":0,""titles"":0,""finals"":0,""prizeMoney"":0,""points"":0}","{""matches"":0,""wins"":0,""losses"":0,""draws"":0,""winPercentage"":0,""eventsEntered"":0,""titles"":0,""finals"":0,""prizeMoney"":0,""points"":0}","{""matches"":0,""wins"":0,""losses"":0,""draws"":0,""winPercentage"":0,""eventsEntered"":0,""titles"":0,""finals"":0,""prizeMoney"":0,""points"":0}","{""matches"":0,""wins"":0,""losses"":0,""draws"":0,""winPercentage"":0,""eventsEntered"":0,""titles"":0,""finals"":0,""prizeMoney"":0,""points"":0}","{""matches"":0,""wins"":0,""losses"":0,""draws"":0,""winPercentage"":0,""eventsEntered"":0,""titles"":0,""finals"":0,""prizeMoney"":0,""points"":0}","{""matches"":0,""wins"":0,""losses"":0,""draws"":0,""winPercentage"":0,""eventsEntered"":0,""titles"":0,""finals"":0,""prizeMoney"":0,""points"":0}","{""matches"":161,""wins"":69,""losses"":92,""draws"":0,""winPercentage"":42.857142857142854,""eventsEntered"":92,""titles"":0,""finals"":6,""prizeMoney"":944800,""points"":472}","{""matches"":0,""wins"":0,""losses"":0,""draws"":0,""winPercentage"":0,""eventsEntered"":0,""titles"":0,""finals"":0,""prizeMoney"":0,""points"":0}",999,No main draw win,false,false,false,,104,14,4,0,0,0,0,0,0,0,0,0,4,10,0,10 eligible events not entered,Senior/Legend,too low,,,false,false,false,false,2,0,0,0,0,false,,amateur,senior,,,true,true,
2048/49,wp-bartosz-urban,Bartosz Urban,45,ITA,Veteran,Top 16 Elite Player,false,true,true,Ranking Retained,0,0,,Top 16,1,1,1,1,1,25,,,,,1,0,90,90,90,93,82,96,57,37,65,9,5,4,55.55555555555556,0,,,,,,,123141,765,248,170,78,68.54838709677419,0,0,4355216,"{""matches"":248,""wins"":170,""losses"":78,""draws"":0,""winPercentage"":68.54838709677419,""eventsEntered"":0,""titles"":0,""finals"":0,""prizeMoney"":4355216,""points"":0}",,,,,,,,,,,,,,1,,true,true,false,,104,21,15,8,0,6,7,1,0,0,0,0,0,6,6,estimated from season exits versus eligible schedule | 6 eligible events not entered,Top 16,normal,,,true,true,false,false,5,10,245993,,0,false,,mainTour,mainTour,top4-low-wins-no-results,,true,true,
2048/49,wp-dylan-forster,Dylan Forster,46,PAK,Veteran,Top 16 Elite Player,false,true,true,Ranking Retained,0,0,,Top 16,2,2,2,2,2,30,,,,,2,0,90,90,90,92,81,95,56,39,61,9,5,4,55.55555555555556,0,,,,,,,121406,755,214,141,73,65.88785046728972,0,0,3658146,"{""matches"":214,""wins"":141,""losses"":73,""draws"":0,""winPercentage"":65.88785046728972,""eventsEntered"":0,""titles"":0,""finals"":0,""prizeMoney"":3658146,""points"":0}",,,,,,,,,,,,,,2,,true,true,false,,104,21,15,8,0,6,7,1,0,0,0,0,0,6,6,estimated from season exits versus eligible schedule | 6 eligible events not entered,Top 16,normal,,,true,true,false,false,5,11,260734,,0,false,,mainTour,mainTour,top4-low-wins-no-results,,true,true,
2048/49,wp-adrian-janssen,Adrian Janssen,44,NIR,Veteran,Top 16 Elite Player,false,true,true,Ranking Retained,0,0,,Top 16,6,6,3,6,3,1,,,,,6,3,91,91,91,93,82,97,65,47,55,13,9,4,69.23076923076923,0,,,,,,,203500,1265,221,155,66,70.13574660633483,1,0,2421477,"{""matches"":221,""wins"":155,""losses"":66,""draws"":0,""winPercentage"":70.13574660633483,""eventsEntered"":0,""titles"":1,""finals"":0,""prizeMoney"":2421477,""points"":0}",,,,,,,,,,,,,,6,,true,true,false,,104,23,15,8,0,7,7,3,0,0,0,0,0,8,8,estimated from season exits versus eligible schedule | 8 eligible events not entered,Top 16,normal,,,true,true,false,false,9,17,388500,,0,false,,mainTour,mainTour,,,true,true,
2048/49,wp-adrian-petrov,Adrian Petrov,50,WAL,Veteran,Top 16 Elite Player,false,true,true,Ranking Retained,0,0,,Top 16,7,7,4,7,4,2,,,,,7,3,90,90,89,93,78,92,56,57,63,13,8,5,61.53846153846154,0,,,,,,,184711,1148,297,206,91,69.36026936026936,1,0,3858697,"{""matches"":297,""wins"":206,""losses"":91,""draws"":0,""winPercentage"":69.36026936026936,""eventsEntered"":0,""titles"":1,""finals"":0,""prizeMoney"":3858697,""points"":0}",,,,,,,,,,,,,,7,,true,true,false,,104,23,15,8,0,7,7,3,0,0,0,0,0,8,8,estimated from season exits versus eligible schedule | 8 eligible events not entered,Top 16,normal,,,true,true,false,false,8,16,369422,,0,false,,mainTour,mainTour,,,true,true,
2048/49,wp-arlo-dawes,Arlo Dawes,37,BEL,Established,Top 16 Elite Player,false,true,true,Ranking Retained,0,0,,Top 16,8,8,5,8,5,3,,,,,8,3,91,91,92,95,86,99,68,31,62,11,7,4,63.63636363636363,0,,,,,,,165922,1031,258,189,69,73.25581395348837,1,0,3683527,"{""matches"":258,""wins"":189,""losses"":69,""draws"":0,""winPercentage"":73.25581395348837,""eventsEntered"":0,""titles"":1,""finals"":0,""prizeMoney"":3683527,""points"":0}",,,,,,,,,,,,,,8,,true,true,false,,104,23,15,8,0,7,7,3,0,0,0,0,0,8,8,estimated from season exits versus eligible schedule | 8 eligible events not entered,Top 16,normal,,,true,true,false,false,7,17,387344,,0,false,,mainTour,mainTour,,,true,true,
2048/49,wp-arlo-dawes-a,Arlo Dawes A,37,BEL,Established,Top 16 Elite Player,false,true,true,Ranking Retained,0,0,,Top 16,9,9,6,9,6,4,,,,,9,3,91,91,92,96,86,99,74,33,64,12,9,3,75,0,,,,,,,202633,1260,247,175,72,70.8502024291498,2,0,3641325,"{""matches"":247,""wins"":175,""losses"":72,""draws"":0,""winPercentage"":70.8502024291498,""eventsEntered"":0,""titles"":2,""finals"":0,""prizeMoney"":3641325,""points"":0}",,,,,,,,,,,,,,9,,true,true,false,,104,23,15,8,0,7,7,3,0,0,0,0,0,8,8,estimated from season exits versus eligible schedule | 8 eligible events not entered,Top 16,normal,,,true,true,false,false,9,17,386766,,0,false,,mainTour,mainTour,,,true,true,
2048/49,wp-arlo-dawes-b,Arlo Dawes B,34,BEL,Established,Top 16 Elite Player,false,true,true,Ranking Retained,0,0,,Top 16,10,10,7,10,7,5,,,,,10,3,91,92,93,95,87,99,74,30,61,12,9,3,75,0,,,,,,,202344,1258,221,162,59,73.30316742081448,2,0,3269013,"{""matches"":221,""wins"":162,""losses"":59,""draws"":0,""winPercentage"":73.30316742081448,""eventsEntered"":0,""titles"":2,""finals"":0,""prizeMoney"":3269013,""points"":0}",,,,,,,,,,,,,,10,,true,true,false,,104,23,15,8,0,7,7,3,0,0,0,0,0,8,8,estimated from season exits versus eligible schedule | 8 eligible events not entered,Top 16,normal,,,true,true,false,false,9,17,386188,,0,false,,mainTour,mainTour,,,true,true,
2048/49,wp-arlo-dawes-c,Arlo Dawes C,34,BEL,Established,Top 16 Elite Player,false,true,true,Ranking Retained,0,0,,Top 16,11,11,8,11,8,6,,,,,11,3,91,91,93,95,87,99,74,30,61,12,9,3,75,0,,,,,,,202055,1256,204,148,56,72.54901960784314,2,0,3264389,"{""matches"":204,""wins"":148,""losses"":56,""draws"":0,""winPercentage"":72.54901960784314,""eventsEntered"":0,""titles"":2,""finals"":0,""prizeMoney"":3264389,""points"":0}",,,,,,,,,,,,,,11,,true,true,false,,104,23,15,8,0,7,7,3,0,0,0,0,0,8,8,estimated from season exits versus eligible schedule | 8 eligible events not entered,Top 16,normal,,,true,true,false,false,9,17,385610,,0,false,,mainTour,mainTour,,,true,true,
2048/49,wp-arlo-dawes-d,Arlo Dawes D,34,BEL,Established,Top 16 Elite Player,false,true,true,Ranking Retained,0,0,,Top 16,12,12,9,12,9,7,,,,,12,3,91,91,93,95,87,99,74,30,61,12,9,3,75,0,,,,,,,201766,1254,204,148,56,72.54901960784314,2,0,3241265,"{""matches"":204,""wins"":148,""losses"":56,""draws"":0,""winPercentage"":72.54901960784314,""eventsEntered"":0,""titles"":2,""finals"":0,""prizeMoney"":3241265,""points"":0}",,,,,,,,,,,,,,12,,true,true,false,,104,23,15,8,0,7,7,3,0,0,0,0,0,8,8,estimated from season exits versus eligible schedule | 8 eligible events not entered,Top 16,normal,,,true,true,false,false,9,17,385032,,0,false,,mainTour,mainTour,,,true,true,
2048/49,wp-arlo-dawes-e,Arlo Dawes E,32,THA,Established,Top 16 Elite Player,false,true,true,Ranking Retained,0,0,,Top 16,13,13,10,13,10,8,,,,,13,3,90,90,92,93,87,99,74,30,57,12,9,3,75,0,,,,,,,201477,1252,197,141,56,71.57360406091371,2,0,2633070,"{""matches"":197,""wins"":141,""losses"":56,""draws"":0,""winPercentage"":71.57360406091371,""eventsEntered"":0,""titles"":2,""finals"":0,""prizeMoney"":2633070,""points"":0}",,,,,,,,,,,,,,13,,true,true,false,,104,23,15,8,0,7,7,3,0,0,0,0,0,8,8,estimated from season exits versus eligible schedule | 8 eligible events not entered,Top 16,normal,,,true,true,false,false,9,17,384454,,0,false,,mainTour,mainTour,,,true,true,
2048/49,wp-arlo-dawes-f,Arlo Dawes F,29,THA,Established,Top 16 Elite Player,false,true,true,Ranking Retained,0,0,,Top 16,14,14,11,14,11,9,,,,,14,3,90,90,92,93,88,99,74,30,54,12,9,3,75,0,,,,,,,201188,1251,180,130,50,72.22222222222221,2,0,2045695,"{""matches"":180,""wins"":130,""losses"":50,""draws"":0,""winPercentage"":72.22222222222221,""eventsEntered"":0,""titles"":2,""finals"":0,""prizeMoney"":2045695,""points"":0}",,,,,,,,,,,,,,14,,true,true,false,,104,23,15,8,0,7,7,3,0,0,0,0,0,8,8,estimated from season exits versus eligible schedule | 8 eligible events not entered,Top 16,normal,,,true,true,false,false,9,17,383876,,0,false,,mainTour,mainTour,,,true,true,
2048/49,wp-arlo-dawes-g,Arlo Dawes G,29,THA,Established,Top 16 Elite Player,false,true,true,Ranking Retained,0,0,,Top 16,15,15,12,15,12,10,,,,,15,3,91,91,93,94,89,99,74,30,55,12,9,3,75,0,,,,,,,200898,1249,154,112,42,72.72727272727273,2,0,2261910,"{""matches"":154,""wins"":112,""losses"":42,""draws"":0,""winPercentage"":72.72727272727273,""eventsEntered"":0,""titles"":2,""finals"":0,""prizeMoney"":2261910,""points"":0}",,,,,,,,,,,,,,15,,true,true,false,,104,23,15,8,0,7,7,3,0,0,0,0,0,8,8,estimated from season exits versus eligible schedule | 8 eligible events not entered,Top 16,normal,,,true,true,false,false,9,17,383296,,0,false,,mainTour,mainTour,,,true,true,
2048/49,wp-arlo-dawes-h,Arlo Dawes H,26,BEL,Established,Top 16 Elite Player,false,true,true,Ranking Retained,0,0,,Top 16,16,16,13,16,13,11,,,,,16,3,90,91,92,93,88,99,74,30,52,12,9,3,75,0,,,,,,,200609,1247,118,87,31,73.72881355932203,2,0,1713849,"{""matches"":118,""wins"":87,""losses"":31,""draws"":0,""winPercentage"":73.72881355932203,""eventsEntered"":0,""titles"":2,""finals"":0,""prizeMoney"":1713849,""points"":0}",,,,,,,,,,,,,,16,,true,true,false,,104,23,15,8,0,7,7,3,0,0,0,0,0,8,8,estimated from season exits versus eligible schedule | 8 eligible events not entered,Top 16,normal,,,true,true,false,false,9,18,401218,,0,false,,mainTour,mainTour,,,true,true,
2048/49,wp-arlo-dawes-i,Arlo Dawes I,26,BEL,Established,Top 16 Elite Player,false,true,true,Ranking Retained,0,0,,Top 32,17,17,14,17,14,12,,,,,17,3,92,93,94,95,90,99,74,30,51,12,9,3,75,0,,,,,,,200320,1245,109,80,29,73.39449541284404,2,0,1711537,"{""matches"":109,""wins"":80,""losses"":29,""draws"":0,""winPercentage"":73.39449541284404,""eventsEntered"":0,""titles"":2,""finals"":0,""prizeMoney"":1711537,""points"":0}",,,,,,,,,,,,,,17,,false,true,false,,104,23,15,8,0,7,7,3,0,0,0,0,0,8,8,estimated from season exits versus eligible schedule | 8 eligible events not entered,Top 16,normal,,,true,true,false,false,9,18,400640,,0,false,,mainTour,mainTour,,,true,true,
2048/49,wp-arlo-dawes-j,Arlo Dawes J,23,BEL,Rookie,Top 16 Elite Player,false,true,true,Ranking Retained,0,0,,Top 32,18,18,15,18,15,13,,,,,18,3,92,96,94,94,90,99,73,30,46,12,9,3,75,0,,,,,,,200031,1243,91,67,24,73.62637362637363,1,0,1055366,"{""matches"":91,""wins"":67,""losses"":24,""draws"":0,""winPercentage"":73.62637362637363,""eventsEntered"":0,""titles"":1,""finals"":0,""prizeMoney"":1055366,""points"":0}",,,,,,,,,,,,,,18,,false,true,false,,104,22,15,8,0,6,7,2,0,0,0,0,0,7,7,estimated from season exits versus eligible schedule | 7 eligible events not entered,Top 16,normal,,,true,true,false,false,9,18,400062,,0,false,,mainTour,mainTour,,,true,true,
2048/49,wp-arlo-dawes-k,Arlo Dawes K,23,BEL,Rookie,Top 16 Elite Player,false,true,true,Ranking Retained,0,0,,Top 32,19,19,16,19,16,14,,,,,19,3,94,98,96,96,92,99,73,30,45,12,9,3,75,0,,,,,,,199742,1242,83,62,21,74.69879518072288,1,0,1053921,"{""matches"":83,""wins"":62,""losses"":21,""draws"":0,""winPercentage"":74.69879518072288,""eventsEntered"":0,""titles"":1,""finals"":0,""prizeMoney"":1053921,""points"":0}",,,,,,,,,,,,,,19,,false,true,false,,104,22,15,8,0,6,7,2,0,0,0,0,0,7,7,estimated from season exits versus eligible schedule | 7 eligible events not entered,Top 16,normal,,,true,true,false,false,9,18,399484,,0,false,,mainTour,mainTour,,,true,true,
2048/49,wp-arlo-dawes-l,Arlo Dawes L,23,BEL,Rookie,Top 32 Professional,false,true,true,Ranking Retained,0,0,,Top 32,20,20,17,20,17,15,,,,,20,3,90,94,92,92,88,99,74,30,46,12,9,3,75,0,,,,,,,199453,1240,93,70,23,75.26881720430107,2,0,853312,"{""matches"":93,""wins"":70,""losses"":23,""draws"":0,""winPercentage"":75.26881720430107,""eventsEntered"":0,""titles"":2,""finals"":0,""prizeMoney"":853312,""points"":0}",,,,,,,,,,,,,,20,,false,false,true,,104,23,13,8,2,1,3,2,0,0,0,0,0,10,10,estimated from season exits versus eligible schedule | 10 eligible events not entered,Top 32,normal,,,true,true,false,false,9,18,398906,,0,false,,mainTour,mainTour,,,true,true,
2048/49,wp-arlo-dawes-m,Arlo Dawes M,20,BEL,Rookie,Top 32 Professional,false,true,true,Ranking Retained,0,0,,Top 32,21,21,18,21,18,16,,,,,21,3,88,94,90,89,86,98,72,30,39,12,9,3,75,0,,,,,,,199164,1238,58,43,15,74.13793103448276,0,0,398328,"{""matches"":58,""wins"":43,""losses"":15,""draws"":0,""winPercentage"":74.13793103448276,""eventsEntered"":0,""titles"":0,""finals"":0,""prizeMoney"":398328,""points"":0}",,,,,,,,,,,,,,21,,false,false,true,,104,23,13,8,2,1,3,2,0,0,0,0,0,10,10,estimated from season exits versus eligible schedule | 10 eligible events not entered,Top 32,normal,,,true,true,false,false,9,18,398328,,0,false,,mainTour,mainTour,,,true,true,
2048/49,wp-arlo-dawes-n,Arlo Dawes N,20,BEL,Rookie,Top 32 Professional,false,true,true,Ranking Retained,0,0,,Top 32,22,22,19,22,19,17,,,,,22,3,89,95,91,90,87,99,73,21,39,9,7,2,77.77777777777779,0,,,,,,,161875,1006,43,32,11,74.4186046511628,0,0,323750,"{""matches"":43,""wins"":32,""losses"":11,""draws"":0,""winPercentage"":74.4186046511628,""eventsEntered"":0,""titles"":0,""finals"":0,""prizeMoney"":323750,""points"":0}",,,,,,,,,,,,,,22,,false,false,true,,104,22,13,8,2,1,3,1,0,0,0,0,0,9,9,estimated from season exits versus eligible schedule | 9 eligible events not entered,Top 32,normal,,,true,true,false,false,7,14,323750,,0,false,,mainTour,mainTour,,,true,true,
2048/49,wp-arlo-dawes-o,Arlo Dawes O,18,THA,Rookie,Top 32 Professional,false,true,true,Federation Route,1,2,2050/51,At Risk,,20,20,20,20,18,,,,,,,77,91,79,74,76,90,71,15,18,7,5,2,71.42857142857143,0,,,,,,,0,124,24,17,7,70.83333333333334,0,0,0,"{""matches"":24,""wins"":17,""losses"":7,""draws"":0,""winPercentage"":70.83333333333334,""eventsEntered"":0,""titles"":0,""finals"":0,""prizeMoney"":0,""points"":0}",,,,,,,,,,,,,,,,false,false,true,,104,22,13,8,2,1,3,1,0,0,0,0,0,9,9,estimated from season exits versus eligible schedule | 9 eligible events not entered,Top 32,normal,,,true,true,false,false,0,0,0,,0,false,,mainTour,mainTour,,,true,true,
2048/49,wp-arlo-dawes-p,Arlo Dawes P,18,THA,Rookie,Top 32 Professional,false,true,true,Federation Route,1,2,2050/51,At Risk,,21,21,21,21,19,,,,,,,80,97,82,77,79,93,71,15,18,7,5,2,71.42857142857143,0,,,,,,,0,123,16,12,4,75,0,0,0,"{""matches"":16,""wins"":12,""losses"":4,""draws"":0,""winPercentage"":75,""eventsEntered"":0,""titles"":0,""finals"":0,""prizeMoney"":0,""points"":0}",,,,,,,,,,,,,,,,false,false,true,,104,22,13,8,2,1,3,1,0,0,0,0,0,9,9,estimated from season exits versus eligible schedule | 9 eligible events not entered,Top 32,normal,,,true,true,false,false,0,0,0,,0,false,,mainTour,mainTour,,,true,true,
2048/49,wp-bailey-forster,Bailey Forster,42,CAN,Veteran,Top 32 Professional,false,true,true,Ranking Retained,0,0,,Top 32,23,23,22,23,22,20,,,,,23,1,86,86,86,88,79,95,65,32,53,9,6,3,66.66666666666666,0,,,,,,,143086,889,248,163,85,65.7258064516129,0,0,2828476,"{""matches"":248,""wins"":163,""losses"":85,""draws"":0,""winPercentage"":65.7258064516129,""eventsEntered"":0,""titles"":0,""finals"":0,""prizeMoney"":2828476,""points"":0}",,,,,,,,,,,,,,23,,false,false,true,,104,22,13,8,2,1,3,1,0,0,0,0,0,9,9,estimated from season exits versus eligible schedule | 9 eligible events not entered,Top 32,normal,,,true,true,false,false,6,11,267672,,0,false,,mainTour,mainTour,,,true,true,
2048/49,wp-bailey-verma,Bailey Verma,42,NIR,Veteran,Top 32 Professional,false,true,true,Ranking Retained,0,0,,Top 32,24,24,23,24,23,21,,,,,24,1,85,85,85,87,78,94,65,32,50,9,6,3,66.66666666666666,0,,,,,,,142797,888,255,169,86,66.27450980392156,0,0,2385053,"{""matches"":255,""wins"":169,""losses"":86,""draws"":0,""winPercentage"":66.27450980392156,""eventsEntered"":0,""titles"":0,""finals"":0,""prizeMoney"":2385053,""points"":0}",,,,,,,,,,,,,,24,,false,false,true,,104,22,13,8,2,1,3,1,0,0,0,0,0,9,9,estimated from season exits versus eligible schedule | 9 eligible events not entered,Top 32,normal,,,true,true,false,false,6,13,304094,,0,false,,mainTour,mainTour,,,true,true,
2048/49,wp-bartosz-barker,Bartosz Barker,37,NOR,Established,Top 32 Professional,false,true,true,Ranking Retained,0,0,,Top 32,25,25,24,25,24,22,,,,,25,1,87,87,88,90,83,98,70,24,54,9,6,3,66.66666666666666,0,,,,,,,142508,886,259,181,78,69.88416988416989,1,0,2746672,"{""matches"":259,""wins"":181,""losses"":78,""draws"":0,""winPercentage"":69.88416988416989,""eventsEntered"":0,""titles"":1,""finals"":0,""prizeMoney"":2746672,""points"":0}",,,,,,,,,,,,,,25,,false,false,true,,104,22,13,8,2,1,3,1,0,0,0,0,0,9,9,estimated from season exits versus eligible schedule | 9 eligible events not entered,Top 32,normal,,,true,true,false,false,6,13,303516,,0,false,,mainTour,mainTour,,,true,true,
2048/49,wp-bartosz-drayton,Bartosz Drayton,39,IRL,Established,Top 32 Professional,false,true,true,Ranking Retained,0,0,,Top 32,26,26,25,26,25,23,,,,,26,1,88,88,89,91,83,99,71,27,57,9,6,3,66.66666666666666,0,,,,,,,142219,884,287,197,90,68.6411149825784,3,0,2564563,"{""matches"":287,""wins"":197,""losses"":90,""draws"":0,""winPercentage"":68.6411149825784,""eventsEntered"":0,""titles"":3,""finals"":0,""prizeMoney"":2564563,""points"":0}",,,,,,,,,,,,,,26,,false,false,true,,104,22,13,8,2,1,3,1,0,0,0,0,0,9,9,estimated from season exits versus eligible schedule | 9 eligible events not entered,Top 32,normal,,,true,true,false,false,6,13,302938,,0,false,,mainTour,mainTour,,,true,true,
2048/49,wp-bartosz-rahman,Bartosz Rahman,41,NED,Veteran,Top 32 Professional,false,true,true,Ranking Retained,0,0,,Top 32,27,27,26,27,26,24,,,,,27,1,85,85,86,87,79,94,66,31,52,9,6,3,66.66666666666666,0,,,,,,,141930,882,272,186,86,68.38235294117648,0,0,2867792,"{""matches"":272,""wins"":186,""losses"":86,""draws"":0,""winPercentage"":68.38235294117648,""eventsEntered"":0,""titles"":0,""finals"":0,""prizeMoney"":2867792,""points"":0}",,,,,,,,,,,,,,27,,false,false,true,,104,22,13,8,2,1,3,1,0,0,0,0,0,9,9,estimated from season exits versus eligible schedule | 9 eligible events not entered,Top 32,normal,,,true,true,false,false,6,11,265071,,0,false,,mainTour,mainTour,,,true,true,
2048/49,wp-cedric-caldwell,Cedric Caldwell,39,ENG,Established,Top 32 Professional,false,true,true,Ranking Retained,0,0,,Top 32,28,28,27,28,27,26,,,,,28,1,87,87,88,90,82,98,69,24,59,8,5,3,62.5,0,,,,,,,122852,764,245,170,75,69.38775510204081,3,0,3036314,"{""matches"":245,""wins"":170,""losses"":75,""draws"":0,""winPercentage"":69.38775510204081,""eventsEntered"":0,""titles"":3,""finals"":0,""prizeMoney"":3036314,""points"":0}",,,,,,,,,,,,,,28,,false,false,true,,104,22,13,8,2,1,3,1,0,0,0,0,0,9,9,estimated from season exits versus eligible schedule | 9 eligible events not entered,Top 32,normal,,,true,true,false,false,5,12,282415,,0,false,,mainTour,mainTour,,,true,true,
2048/49,wp-connor-urban,Connor Urban,44,SCO,Veteran,Top 32 Professional,false,true,true,Ranking Retained,0,0,,Top 32,30,30,28,30,28,27,,,,,30,2,86,86,86,88,78,92,61,39,57,10,6,4,60,0,,,,,,,140773,875,224,154,70,68.75,1,0,3464127,"{""matches"":224,""wins"":154,""losses"":70,""draws"":0,""winPercentage"":68.75,""eventsEntered"":0,""titles"":1,""finals"":0,""prizeMoney"":3464127,""points"":0}",,,,,,,,,,,,,,30,,false,false,true,,104,22,13,8,2,1,3,1,0,0,0,0,0,9,9,estimated from season exits versus eligible schedule | 9 eligible events not entered,Top 32,normal,,,true,true,false,false,6,11,262757,,0,false,,mainTour,mainTour,,,true,true,
2048/49,wp-connor-yates,Connor Yates,38,PAK,Established,Top 32 Professional,false,true,true,Ranking Retained,0,0,,Top 32,31,31,29,31,29,28,,,,,31,2,87,87,88,90,82,98,69,23,54,8,5,3,62.5,0,,,,,,,121984,758,256,184,72,71.875,2,0,2659954,"{""matches"":256,""wins"":184,""losses"":72,""draws"":0,""winPercentage"":71.875,""eventsEntered"":0,""titles"":2,""finals"":0,""prizeMoney"":2659954,""points"":0}",,,,,,,,,,,,,,31,,false,false,true,,104,22,13,8,2,1,3,1,0,0,0,0,0,9,9,estimated from season exits versus eligible schedule | 9 eligible events not entered,Top 32,normal,,,true,true,false,false,5,11,262179,,0,false,,mainTour,mainTour,,,true,true,
2048/49,wp-dylan-barker,Dylan Barker,42,ITA,Veteran,Top 32 Professional,false,true,true,Ranking Retained,0,0,,Top 32,32,32,30,32,30,29,,,,,32,2,84,84,84,85,77,91,62,36,46,10,6,4,60,0,,,,,,,140195,871,225,145,80,64.44444444444444,0,0,1949147,"{""matches"":225,""wins"":145,""losses"":80,""draws"":0,""winPercentage"":64.44444444444444,""eventsEntered"":0,""titles"":0,""finals"":0,""prizeMoney"":1949147,""points"":0}",,,,,,,,,,,,,,32,,false,false,true,,104,22,13,8,2,1,3,1,0,0,0,0,0,9,9,estimated from season exits versus eligible schedule | 9 eligible events not entered,Top 32,normal,,,true,true,false,false,6,11,261312,,0,false,,mainTour,mainTour,,,true,true,
2048/49,wp-emil-tremblay,Emil Tremblay,40,SWE,Veteran,Top 32 Professional,false,true,true,Ranking Retained,0,0,,Safe,34,34,31,34,31,31,,,,,34,3,85,85,86,87,79,95,68,29,48,9,6,3,66.66666666666666,0,,,,,,,139328,866,250,174,76,69.6,1,0,2057836,"{""matches"":250,""wins"":174,""losses"":76,""draws"":0,""winPercentage"":69.6,""eventsEntered"":0,""titles"":1,""finals"":0,""prizeMoney"":2057836,""points"":0}",,,,,,,,,,,,,,34,,false,false,true,,104,22,13,8,2,1,3,1,0,0,0,0,0,9,9,estimated from season exits versus eligible schedule | 9 eligible events not entered,Top 32,normal,,,true,true,false,false,6,12,278078,,0,false,,mainTour,mainTour,,,true,true,
2048/49,wp-euan-drayton,Euan Drayton,39,AUS,Established,Top 32 Professional,false,true,true,Ranking Retained,0,0,,Safe,35,35,32,35,32,32,,,,,35,3,84,84,85,85,79,94,66,25,49,8,5,3,62.5,0,,,,,,,120539,749,249,175,74,70.28112449799197,0,0,2568608,"{""matches"":249,""wins"":175,""losses"":74,""draws"":0,""winPercentage"":70.28112449799197,""eventsEntered"":0,""titles"":0,""finals"":0,""prizeMoney"":2568608,""points"":0}",,,,,,,,,,,,,,35,,false,false,true,,104,22,13,8,2,1,3,1,0,0,0,0,0,9,9,estimated from season exits versus eligible schedule | 9 eligible events not entered,Top 32,normal,,,true,true,false,false,5,11,259000,,0,false,,mainTour,mainTour,,,true,true,
2048/49,wp-euan-yates,Euan Yates,42,BRA,Veteran,Tour Survivor / Top 64,false,true,true,Ranking Retained,0,0,,Safe,36,36,33,36,33,33,,,,,36,3,82,82,82,82,75,89,60,33,40,9,5,4,55.55555555555556,0,,,,,,,120250,748,216,135,81,62.5,0,0,915461,"{""matches"":216,""wins"":135,""losses"":81,""draws"":0,""winPercentage"":62.5,""eventsEntered"":0,""titles"":0,""finals"":0,""prizeMoney"":915461,""points"":0}",,,,,,,,,,,,,,36,,false,false,true,,104,18,11,9,2,1,0,0,0,0,0,0,0,7,7,estimated from season exits versus eligible schedule | 7 eligible events not entered,Top 64,normal,,,true,true,false,false,5,9,221422,,0,false,,mainTour,mainTour,,,true,true,
2048/49,wp-evan-mori,Evan Mori,37,CHN,Established,Tour Survivor / Top 64,false,true,true,Ranking Retained,0,0,,Safe,37,37,34,37,34,34,,,,,37,3,84,84,85,86,80,95,68,22,48,8,5,3,62.5,0,,,,,,,119961,746,251,169,82,67.33067729083665,1,0,2035867,"{""matches"":251,""wins"":169,""losses"":82,""draws"":0,""winPercentage"":67.33067729083665,""eventsEntered"":0,""titles"":1,""finals"":0,""prizeMoney"":2035867,""points"":0}",,,,,,,,,,,,,,37,,false,false,true,,104,18,11,9,2,1,0,0,0,0,0,0,0,7,7,estimated from season exits versus eligible schedule | 7 eligible events not entered,Top 64,normal,,,true,true,false,false,5,11,257844,,0,false,,mainTour,mainTour,,,true,true,
2048/49,wp-evan-mori-a,Evan Mori A,37,CHN,Established,Tour Survivor / Top 64,false,true,true,Ranking Retained,0,0,,Safe,38,38,35,38,35,35,,,,,38,3,83,88,84,84,79,94,69,24,45,9,6,3,66.66666666666666,0,,,,,,,138172,859,244,162,82,66.39344262295081,0,0,1874571,"{""matches"":244,""wins"":162,""losses"":82,""draws"":0,""winPercentage"":66.39344262295081,""eventsEntered"":0,""titles"":0,""finals"":0,""prizeMoney"":1874571,""points"":0}",,,,,,,,,,,,,,38,,false,false,true,,104,18,11,9,2,1,0,0,0,0,0,0,0,7,7,estimated from season exits versus eligible schedule | 7 eligible events not entered,Top 64,normal,,,true,true,false,false,6,12,275766,,0,false,,mainTour,mainTour,,,true,true,
2048/49,wp-evan-mori-b,Evan Mori B,34,CHN,Established,Tour Survivor / Top 64,false,true,true,Ranking Retained,0,0,,Safe,39,39,36,39,36,36,,,,,39,3,82,82,84,83,79,92,64,22,44,9,5,4,55.55555555555556,0,,,,,,,119383,742,202,131,71,64.85148514851485,0,0,1816181,"{""matches"":202,""wins"":131,""losses"":71,""draws"":0,""winPercentage"":64.85148514851485,""eventsEntered"":0,""titles"":0,""finals"":0,""prizeMoney"":1816181,""points"":0}",,,,,,,,,,,,,,39,,false,false,true,,104,18,11,9,2,1,0,0,0,0,0,0,0,7,7,estimated from season exits versus eligible schedule | 7 eligible events not entered,Top 64,normal,,,true,true,false,false,5,11,256688,,0,false,,mainTour,mainTour,,,true,true,
2048/49,wp-evan-mori-c,Evan Mori C,34,CHN,Established,Tour Survivor / Top 64,false,true,true,Ranking Retained,0,0,,Safe,40,40,37,40,37,37,,,,,40,3,82,88,84,83,79,92,64,22,44,9,5,4,55.55555555555556,0,,,,,,,119094,740,199,131,68,65.82914572864321,0,0,1775424,"{""matches"":199,""wins"":131,""losses"":68,""draws"":0,""winPercentage"":65.82914572864321,""eventsEntered"":0,""titles"":0,""finals"":0,""prizeMoney"":1775424,""points"":0}",,,,,,,,,,,,,,40,,false,false,true,,104,18,11,9,2,1,0,0,0,0,0,0,0,7,7,estimated from season exits versus eligible schedule | 7 eligible events not entered,Top 64,normal,,,true,true,false,false,5,11,256110,,0,false,,mainTour,mainTour,,,true,true,
2048/49,wp-evan-mori-d,Evan Mori D,34,CHN,Established,Tour Survivor / Top 64,false,true,true,Ranking Retained,0,0,,Safe,41,41,38,41,38,38,,,,,41,3,83,83,85,83,80,93,64,22,43,9,5,4,55.55555555555556,0,,,,,,,118805,739,225,152,73,67.55555555555556,0,0,1613550,"{""matches"":225,""wins"":152,""losses"":73,""draws"":0,""winPercentage"":67.55555555555556,""eventsEntered"":0,""titles"":0,""finals"":0,""prizeMoney"":1613550,""points"":0}",,,,,,,,,,,,,,41,,false,false,true,,104,18,11,9,2,1,0,0,0,0,0,0,0,7,7,estimated from season exits versus eligible schedule | 7 eligible events not entered,Top 64,normal,,,true,true,false,false,5,11,255532,,0,false,,mainTour,mainTour,,,true,true,
2048/49,wp-evan-mori-e,Evan Mori E,31,CHN,Established,Tour Survivor / Top 64,false,true,true,Ranking Retained,0,0,,Safe,42,42,39,42,39,39,,,,,42,3,83,86,85,83,81,93,64,22,42,9,5,4,55.55555555555556,0,,,,,,,118516,737,193,130,63,67.35751295336787,0,0,1473933,"{""matches"":193,""wins"":130,""losses"":63,""draws"":0,""winPercentage"":67.35751295336787,""eventsEntered"":0,""titles"":0,""finals"":0,""prizeMoney"":1473933,""points"":0}",,,,,,,,,,,,,,42,,false,false,true,,104,18,11,9,2,1,0,0,0,0,0,0,0,7,7,estimated from season exits versus eligible schedule | 7 eligible events not entered,Top 64,normal,,,true,true,false,false,5,11,254954,,0,false,,mainTour,mainTour,,,true,true,
2048/49,wp-evan-mori-f,Evan Mori F,28,AUS,Established,Tour Survivor / Top 64,false,true,true,Ranking Retained,0,0,,Safe,43,43,40,43,40,40,,,,,43,3,82,82,84,82,80,92,64,22,41,9,5,4,55.55555555555556,0,,,,,,,118227,735,130,88,42,67.6923076923077,0,0,1406292,"{""matches"":130,""wins"":88,""losses"":42,""draws"":0,""winPercentage"":67.6923076923077,""eventsEntered"":0,""titles"":0,""finals"":0,""prizeMoney"":1406292,""points"":0}",,,,,,,,,,,,,,43,,false,false,true,,104,18,11,9,2,1,0,0,0,0,0,0,0,7,7,estimated from season exits versus eligible schedule | 7 eligible events not entered,Top 64,normal,,,true,true,false,false,5,11,254375,,0,false,,mainTour,mainTour,,,true,true,
2048/49,wp-evan-mori-g,Evan Mori G,28,AUS,Established,Tour Survivor / Top 64,false,true,true,Ranking Retained,0,0,,Safe,44,44,41,44,41,41,,,,,44,3,83,91,85,83,81,93,64,22,41,9,5,4,55.55555555555556,0,,,,,,,117938,733,121,81,40,66.94214876033058,0,0,1403401,"{""matches"":121,""wins"":81,""losses"":40,""draws"":0,""winPercentage"":66.94214876033058,""eventsEntered"":0,""titles"":0,""finals"":0,""prizeMoney"":1403401,""points"":0}",,,,,,,,,,,,,,44,,false,false,true,,104,18,11,9,2,1,0,0,0,0,0,0,0,7,7,estimated from season exits versus eligible schedule | 7 eligible events not entered,Top 64,normal,,,true,true,false,false,5,11,253797,,0,false,,mainTour,mainTour,,,true,true,
2048/49,wp-evan-mori-h,Evan Mori H,28,AUS,Established,Tour Survivor / Top 64,false,true,true,Ranking Retained,0,0,,Safe,45,45,42,45,42,42,,,,,45,3,82,82,84,82,80,92,64,22,39,9,5,4,55.55555555555556,0,,,,,,,117648,731,140,94,46,67.14285714285714,0,0,1108554,"{""matches"":140,""wins"":94,""losses"":46,""draws"":0,""winPercentage"":67.14285714285714,""eventsEntered"":0,""titles"":0,""finals"":0,""prizeMoney"":1108554,""points"":0}",,,,,,,,,,,,,,45,,false,false,true,,104,18,11,9,2,1,0,0,0,0,0,0,0,7,7,estimated from season exits versus eligible schedule | 7 eligible events not entered,Top 64,normal,,,true,true,false,false,5,11,253218,,0,false,,mainTour,mainTour,,,true,true,
2048/49,wp-evan-mori-i,Evan Mori I,26,CHN,Established,Tour Survivor / Top 64,false,true,true,Ranking Retained,0,0,,Safe,46,46,43,46,43,43,,,,,46,3,81,82,83,81,79,91,64,22,39,9,5,4,55.55555555555556,0,,,,,,,117359,730,92,62,30,67.3913043478261,0,0,1143241,"{""matches"":92,""wins"":62,""losses"":30,""draws"":0,""winPercentage"":67.3913043478261,""eventsEntered"":0,""titles"":0,""finals"":0,""prizeMoney"":1143241,""points"":0}",,,,,,,,,,,,,,46,,false,false,true,,104,18,11,9,2,1,0,0,0,0,0,0,0,7,7,estimated from season exits versus eligible schedule | 7 eligible events not entered,Top 64,normal,,,true,true,false,false,5,12,271140,,0,false,,mainTour,mainTour,,,true,true,
2048/49,wp-evan-mori-j,Evan Mori J,23,CHN,Rookie,Tour Survivor / Top 64,false,true,true,Ranking Retained,0,0,,Safe,47,47,44,47,44,44,,,,,47,3,82,86,84,82,80,93,69,21,37,9,6,3,66.66666666666666,0,,,,,,,135570,843,79,55,24,69.62025316455697,0,0,714272,"{""matches"":79,""wins"":55,""losses"":24,""draws"":0,""winPercentage"":69.62025316455697,""eventsEntered"":0,""titles"":0,""finals"":0,""prizeMoney"":714272,""points"":0}",,,,,,,,,,,,,,47,,false,false,true,,104,18,11,9,2,1,0,0,0,0,0,0,0,7,7,estimated from season exits versus eligible schedule | 7 eligible events not entered,Top 64,normal,,,true,true,false,false,6,13,289062,,0,false,,mainTour,mainTour,,,true,true,
2048/49,wp-evan-mori-k,Evan Mori K,23,CHN,Rookie,Tour Survivor / Top 64,false,true,true,Ranking Retained,0,0,,Safe,48,48,45,48,45,45,,,,,48,3,84,90,86,84,82,95,69,21,36,9,6,3,66.66666666666666,0,,,,,,,135281,841,71,50,21,70.4225352112676,0,0,712827,"{""matches"":71,""wins"":50,""losses"":21,""draws"":0,""winPercentage"":70.4225352112676,""eventsEntered"":0,""titles"":0,""finals"":0,""prizeMoney"":712827,""points"":0}",,,,,,,,,,,,,,48,,false,false,true,,104,18,11,9,2,1,0,0,0,0,0,0,0,7,7,estimated from season exits versus eligible schedule | 7 eligible events not entered,Top 64,normal,,,true,true,false,false,6,13,288484,,0,false,,mainTour,mainTour,,,true,true,
2048/49,wp-evan-mori-l,Evan Mori L,23,CHN,Rookie,Tour Survivor / Top 64,false,true,true,Ranking Retained,0,0,,Safe,49,49,46,49,46,46,,,,,49,3,82,86,84,82,80,93,69,21,35,9,6,3,66.66666666666666,0,,,,,,,134992,839,82,58,24,70.73170731707317,0,0,576679,"{""matches"":82,""wins"":58,""losses"":24,""draws"":0,""winPercentage"":70.73170731707317,""eventsEntered"":0,""titles"":0,""finals"":0,""prizeMoney"":576679,""points"":0}",,,,,,,,,,,,,,49,,false,false,true,,104,18,11,9,2,1,0,0,0,0,0,0,0,7,7,estimated from season exits versus eligible schedule | 7 eligible events not entered,Top 64,normal,,,true,true,false,false,6,13,287906,,0,false,,mainTour,mainTour,,,true,true,
2048/49,wp-evan-mori-m,Evan Mori M,20,CHN,Rookie,Tour Survivor / Top 64,false,true,true,Ranking Retained,0,0,,Safe,50,50,47,50,47,47,,,,,50,3,81,87,83,81,79,92,69,21,34,9,6,3,66.66666666666666,0,,,,,,,134703,837,51,36,15,70.58823529411765,0,0,287328,"{""matches"":51,""wins"":36,""losses"":15,""draws"":0,""winPercentage"":70.58823529411765,""eventsEntered"":0,""titles"":0,""finals"":0,""prizeMoney"":287328,""points"":0}",,,,,,,,,,,,,,50,,false,false,true,,104,18,11,9,2,1,0,0,0,0,0,0,0,7,7,estimated from season exits versus eligible schedule | 7 eligible events not entered,Top 64,normal,,,true,true,false,false,6,13,287328,,0,false,,mainTour,mainTour,,,true,true,
2048/49,wp-evan-mori-n,Evan Mori N,20,CHN,Rookie,Tour Survivor / Top 64,false,true,true,Ranking Retained,0,0,,Safe,51,51,48,51,48,48,,,,,51,3,84,90,86,83,82,95,69,21,33,9,6,3,66.66666666666666,0,,,,,,,134414,836,43,31,12,72.09302325581395,0,0,286750,"{""matches"":43,""wins"":31,""losses"":12,""draws"":0,""winPercentage"":72.09302325581395,""eventsEntered"":0,""titles"":0,""finals"":0,""prizeMoney"":286750,""points"":0}",,,,,,,,,,,,,,51,,false,false,true,,104,18,11,9,2,1,0,0,0,0,0,0,0,7,7,estimated from season exits versus eligible schedule | 7 eligible events not entered,Top 64,normal,,,true,true,false,false,6,13,286750,,0,false,,mainTour,mainTour,,,true,true,
2048/49,wp-evan-mori-o,Evan Mori O,20,CHN,Rookie,Tour Survivor / Top 64,false,true,true,Ranking Retained,0,0,,Safe,52,52,49,52,49,49,,,,,52,3,81,87,83,80,79,92,69,21,33,9,6,3,66.66666666666666,0,,,,,,,134125,834,35,24,11,68.57142857142857,0,0,286172,"{""matches"":35,""wins"":24,""losses"":11,""draws"":0,""winPercentage"":68.57142857142857,""eventsEntered"":0,""titles"":0,""finals"":0,""prizeMoney"":286172,""points"":0}",,,,,,,,,,,,,,52,,false,false,true,,104,18,11,9,2,1,0,0,0,0,0,0,0,7,7,estimated from season exits versus eligible schedule | 7 eligible events not entered,Top 64,normal,,,true,true,false,false,6,13,286172,,0,false,,mainTour,mainTour,,,true,true,
2048/49,wp-finn-cross,Finn Cross,36,SCO,Established,Tour Survivor / Top 64,false,true,true,Ranking Retained,0,0,,Safe,53,53,50,53,50,50,,,,,53,3,79,91,81,79,75,89,64,23,43,9,5,4,55.55555555555556,0,,,,,,,115336,717,218,138,80,63.30275229357798,0,0,1998868,"{""matches"":218,""wins"":138,""losses"":80,""draws"":0,""winPercentage"":63.30275229357798,""eventsEntered"":0,""titles"":0,""finals"":0,""prizeMoney"":1998868,""points"":0}",,,,,,,,,,,,,,53,,false,false,true,,104,18,11,9,2,1,0,0,0,0,0,0,0,7,7,estimated from season exits versus eligible schedule | 7 eligible events not entered,Top 64,normal,,,true,true,false,false,5,11,248594,,0,false,,mainTour,mainTour,,,true,true,
2048/49,wp-finn-cross-a,Finn Cross A,36,SCO,Established,Tour Survivor / Top 64,false,true,true,Ranking Retained,0,0,,Safe,54,54,51,54,51,51,,,,,54,3,80,80,82,80,76,90,67,26,41,10,6,4,60,0,,,,,,,133547,830,230,150,80,65.21739130434783,1,0,1365244,"{""matches"":230,""wins"":150,""losses"":80,""draws"":0,""winPercentage"":65.21739130434783,""eventsEntered"":0,""titles"":1,""finals"":0,""prizeMoney"":1365244,""points"":0}",,,,,,,,,,,,,,54,,false,false,true,,104,18,11,9,2,1,0,0,0,0,0,0,0,7,7,estimated from season exits versus eligible schedule | 7 eligible events not entered,Top 64,normal,,,true,true,false,false,6,10,229516,,0,false,,mainTour,mainTour,,,true,true,
2048/49,wp-finn-cross-b,Finn Cross B,33,SCO,Established,Tour Survivor / Top 64,false,true,true,Ranking Retained,0,0,,Safe,55,55,52,55,52,52,,,,,55,3,80,80,82,80,77,90,67,25,41,10,6,4,60,0,,,,,,,133258,828,194,124,70,63.91752577319587,1,0,1357726,"{""matches"":194,""wins"":124,""losses"":70,""draws"":0,""winPercentage"":63.91752577319587,""eventsEntered"":0,""titles"":1,""finals"":0,""prizeMoney"":1357726,""points"":0}",,,,,,,,,,,,,,55,,false,false,true,,104,18,11,9,2,1,0,0,0,0,0,0,0,7,7,estimated from season exits versus eligible schedule | 7 eligible events not entered,Top 64,normal,,,true,true,false,false,6,10,228938,,0,false,,mainTour,mainTour,,,true,true,
2048/49,wp-finn-cross-c,Finn Cross C,33,SCO,Established,Tour Survivor / Top 64,false,true,true,Ranking Retained,0,0,,Safe,56,56,53,56,53,53,,,,,56,3,80,80,82,80,77,90,67,25,40,10,6,4,60,0,,,,,,,132969,827,222,145,77,65.31531531531532,1,0,1237188,"{""matches"":222,""wins"":145,""losses"":77,""draws"":0,""winPercentage"":65.31531531531532,""eventsEntered"":0,""titles"":1,""finals"":0,""prizeMoney"":1237188,""points"":0}",,,,,,,,,,,,,,56,,false,false,true,,104,18,11,9,2,1,0,0,0,0,0,0,0,7,7,estimated from season exits versus eligible schedule | 7 eligible events not entered,Top 64,normal,,,true,true,false,false,6,10,228360,,0,false,,mainTour,mainTour,,,true,true,
2048/49,wp-finn-cross-d,Finn Cross D,33,SCO,Established,Tour Survivor / Top 64,false,true,true,Ranking Retained,0,0,,Safe,57,57,54,57,54,54,,,,,57,3,78,87,80,78,75,88,66,25,39,10,6,4,60,0,,,,,,,132680,825,182,112,70,61.53846153846154,0,0,1396751,"{""matches"":182,""wins"":112,""losses"":70,""draws"":0,""winPercentage"":61.53846153846154,""eventsEntered"":0,""titles"":0,""finals"":0,""prizeMoney"":1396751,""points"":0}",,,,,,,,,,,,,,57,,false,false,true,,104,18,11,9,2,1,0,0,0,0,0,0,0,7,7,estimated from season exits versus eligible schedule | 7 eligible events not entered,Top 64,normal,,,true,true,false,false,6,10,227782,,0,false,,mainTour,mainTour,,,true,true,
2048/49,wp-finn-cross-e,Finn Cross E,30,SCO,Established,Tour Survivor / Top 64,false,true,true,Ranking Retained,0,0,,Safe,58,58,55,58,55,55,,,,,58,3,80,93,82,80,78,90,66,25,38,10,6,4,60,0,,,,,,,132391,823,172,116,56,67.44186046511628,0,0,1270431,"{""matches"":172,""wins"":116,""losses"":56,""draws"":0,""winPercentage"":67.44186046511628,""eventsEntered"":0,""titles"":0,""finals"":0,""prizeMoney"":1270431,""points"":0}",,,,,,,,,,,,,,58,,false,false,true,,104,18,11,9,2,1,0,0,0,0,0,0,0,7,7,estimated from season exits versus eligible schedule | 7 eligible events not entered,Top 64,normal,,,true,true,false,false,6,10,227204,,0,false,,mainTour,mainTour,,,true,true,
2048/49,wp-finn-cross-f,Finn Cross F,30,SCO,Established,Tour Survivor / Top 64,false,true,true,Ranking Retained,0,0,,Safe,59,59,56,59,56,56,,,,,59,3,78,78,80,78,76,88,66,25,37,10,6,4,60,0,,,,,,,132102,821,161,105,56,65.21739130434783,0,0,1114915,"{""matches"":161,""wins"":105,""losses"":56,""draws"":0,""winPercentage"":65.21739130434783,""eventsEntered"":0,""titles"":0,""finals"":0,""prizeMoney"":1114915,""points"":0}",,,,,,,,,,,,,,59,,false,false,true,,104,18,11,9,2,1,0,0,0,0,0,0,0,7,7,estimated from season exits versus eligible schedule | 7 eligible events not entered,Top 64,normal,,,true,true,false,false,6,10,226625,,0,false,,mainTour,mainTour,,,true,true,
2048/49,wp-finn-cross-g,Finn Cross G,28,BEL,Established,Tour Survivor / Top 64,false,true,true,Ranking Retained,0,0,,Safe,60,60,57,60,57,57,,,,,60,3,79,79,81,78,77,89,66,25,35,10,6,4,60,0,,,,,,,131813,819,143,96,47,67.13286713286713,0,0,861406,"{""matches"":143,""wins"":96,""losses"":47,""draws"":0,""winPercentage"":67.13286713286713,""eventsEntered"":0,""titles"":0,""finals"":0,""prizeMoney"":861406,""points"":0}",,,,,,,,,,,,,,60,,false,false,true,,104,18,11,9,2,1,0,0,0,0,0,0,0,7,7,estimated from season exits versus eligible schedule | 7 eligible events not entered,Top 64,normal,,,true,true,false,false,6,10,226047,,0,false,,mainTour,mainTour,,,true,true,
2048/49,wp-finn-cross-i,Finn Cross I,25,BEL,Established,Tour Survivor / Top 64,false,true,true,Ranking Retained,0,0,,Safe,61,61,58,61,58,58,,,,,61,3,81,88,83,81,79,92,71,24,36,10,7,3,70,0,,,,,,,150023,933,124,86,38,69.35483870967742,1,0,683633,"{""matches"":124,""wins"":86,""losses"":38,""draws"":0,""winPercentage"":69.35483870967742,""eventsEntered"":0,""titles"":1,""finals"":0,""prizeMoney"":683633,""points"":0}",,,,,,,,,,,,,,61,,false,false,true,,104,18,11,9,2,1,0,0,0,0,0,0,0,7,7,estimated from season exits versus eligible schedule | 7 eligible events not entered,Top 64,normal,,,true,true,false,false,7,7,150023,,0,false,,mainTour,mainTour,,,true,true,
2048/49,wp-finn-cross-j,Finn Cross J,22,SCO,Rookie,Tour Survivor / Top 64,false,true,true,Ranking Retained,0,0,,Safe,62,62,59,62,59,59,,,,,62,3,79,83,81,78,77,90,70,24,32,10,7,3,70,0,,,,,,,149734,931,82,59,23,71.95121951219512,0,0,414227,"{""matches"":82,""wins"":59,""losses"":23,""draws"":0,""winPercentage"":71.95121951219512,""eventsEntered"":0,""titles"":0,""finals"":0,""prizeMoney"":414227,""points"":0}",,,,,,,,,,,,,,62,,false,false,true,,104,18,11,9,2,1,0,0,0,0,0,0,0,7,7,estimated from season exits versus eligible schedule | 7 eligible events not entered,Top 64,normal,,,true,true,false,false,7,7,149734,,0,false,,mainTour,mainTour,,,true,true,
2048/49,wp-finn-cross-k,Finn Cross K,22,SCO,Rookie,Tour Survivor / Top 64,false,true,true,Ranking Retained,0,0,,Safe,63,63,60,63,60,60,,,,,63,3,79,83,81,78,77,90,70,24,32,10,7,3,70,0,,,,,,,149445,929,73,51,22,69.86301369863014,0,0,413359,"{""matches"":73,""wins"":51,""losses"":22,""draws"":0,""winPercentage"":69.86301369863014,""eventsEntered"":0,""titles"":0,""finals"":0,""prizeMoney"":413359,""points"":0}",,,,,,,,,,,,,,63,,false,false,true,,104,18,11,9,2,1,0,0,0,0,0,0,0,7,7,estimated from season exits versus eligible schedule | 7 eligible events not entered,Top 64,normal,,,true,true,false,false,7,7,149445,,0,false,,mainTour,mainTour,,,true,true,
2048/49,wp-finn-cross-l,Finn Cross L,22,SCO,Rookie,Tour Survivor / Top 64,false,true,true,Ranking Retained,0,0,,Safe,64,64,61,64,61,61,,,,,64,3,81,90,83,80,79,92,70,24,32,10,7,3,70,0,,,,,,,149156,927,73,51,22,69.86301369863014,0,0,412492,"{""matches"":73,""wins"":51,""losses"":22,""draws"":0,""winPercentage"":69.86301369863014,""eventsEntered"":0,""titles"":0,""finals"":0,""prizeMoney"":412492,""points"":0}",,,,,,,,,,,,,,64,,false,false,true,,104,18,11,9,2,1,0,0,0,0,0,0,0,7,7,estimated from season exits versus eligible schedule | 7 eligible events not entered,Top 64,normal,,,true,true,false,false,7,7,149156,,0,false,,mainTour,mainTour,,,true,true,
2048/49,wp-finn-cross-m,Finn Cross M,19,SCO,Rookie,Tour Survivor / Top 64,false,true,true,Federation Route,2,1,2049/50,Rookie Year 2,65,65,62,65,62,62,,,,,65,3,84,97,86,83,82,95,70,24,30,10,7,3,70,0,,,,,,,148867,925,42,31,11,73.80952380952381,0,0,148867,"{""matches"":42,""wins"":31,""losses"":11,""draws"":0,""winPercentage"":73.80952380952381,""eventsEntered"":0,""titles"":0,""finals"":0,""prizeMoney"":148867,""points"":0}",,,,,,,,,,,,,,65,,false,false,true,,104,18,11,9,2,1,0,0,0,0,0,0,0,7,7,estimated from season exits versus eligible schedule | 7 eligible events not entered,Top 64,normal,,,true,true,false,false,7,7,148867,,0,false,,mainTour,mainTour,,,true,true,
2048/49,wp-finn-cross-n,Finn Cross N,19,SCO,Rookie,Tour Survivor / Top 64,false,true,true,Q School,1,2,2050/51,At Risk,,63,63,63,63,63,,,,,,,71,82,73,68,65,73,72,78,18,28,21,7,75,0,,,,,,,0,803,53,39,14,73.58490566037736,0,0,0,"{""matches"":53,""wins"":39,""losses"":14,""draws"":0,""winPercentage"":73.58490566037736,""eventsEntered"":0,""titles"":0,""finals"":0,""prizeMoney"":0,""points"":0}",,,,,,,,,,,,,,,,false,false,true,,104,18,11,9,2,1,0,0,0,0,0,0,0,7,7,estimated from season exits versus eligible schedule | 7 eligible events not entered,Top 64,normal,,,true,true,false,false,0,0,0,,0,false,,mainTour,mainTour,,,true,true,
2048/49,wp-finn-cross-o,Finn Cross O,19,SCO,Rookie,Tour Survivor / Top 64,false,true,true,Q School,1,2,2050/51,At Risk,,64,64,64,64,64,,,,,,,71,78,73,68,65,73,71,78,18,28,20,8,71.42857142857143,0,,,,,,,0,742,44,31,13,70.45454545454545,0,0,0,"{""matches"":44,""wins"":31,""losses"":13,""draws"":0,""winPercentage"":70.45454545454545,""eventsEntered"":0,""titles"":0,""finals"":0,""prizeMoney"":0,""points"":0}",,,,,,,,,,,,,,,,false,false,true,,104,18,11,9,2,1,0,0,0,0,0,0,0,7,7,estimated from season exits versus eligible schedule | 7 eligible events not entered,Top 64,normal,,,true,true,false,false,0,0,0,,0,false,,mainTour,mainTour,,,true,true,
2048/49,wp-jasper-langford,Jasper Langford,37,FRA,Established,Rookie Pro / Bubble,false,true,true,Q School,1,2,2050/51,At Risk,,65,65,65,65,65,,,,,,,76,76,77,76,69,82,70,54,35,19,13,6,68.42105263157895,0,,,,,,,0,612,260,161,99,61.92307692307693,1,0,735956,"{""matches"":260,""wins"":161,""losses"":99,""draws"":0,""winPercentage"":61.92307692307693,""eventsEntered"":0,""titles"":1,""finals"":0,""prizeMoney"":735956,""points"":0}",,,,,,,,,,,,,,70,,false,false,true,,104,18,9,3,6,1,0,0,0,0,0,0,0,9,9,estimated from season exits versus eligible schedule | 9 eligible events not entered,Rookie Pro,normal,,,true,true,false,false,0,0,0,,0,false,,mainTour,mainTour,,,true,true,
2048/49,wp-jude-sloan-b,Jude Sloan B,34,WAL,Established,Rookie Pro / Bubble,false,true,true,Federation Route,2,1,2049/50,Rookie Year 2,67,67,66,67,66,66,,,,,67,1,76,78,78,75,73,86,64,22,34,9,5,4,55.55555555555556,0,,,,,,,111289,692,242,156,86,64.46280991735537,0,0,857936,"{""matches"":242,""wins"":156,""losses"":86,""draws"":0,""winPercentage"":64.46280991735537,""eventsEntered"":0,""titles"":0,""finals"":0,""prizeMoney"":857936,""points"":0}",,,,,,,,,,,,,,67,,false,false,true,,104,18,9,3,6,1,0,0,0,0,0,0,0,9,9,estimated from season exits versus eligible schedule | 9 eligible events not entered,Rookie Pro,normal,,,true,true,false,false,5,5,111289,,0,false,,mainTour,mainTour,,,true,true,
2048/49,wp-jude-sloan-d,Jude Sloan D,32,IRL,Established,Rookie Pro / Bubble,false,true,true,Playoff Route,2,1,2049/50,Rookie Year 2,69,69,67,69,67,67,,,,,69,2,76,91,78,75,74,87,62,13,34,6,3,3,50,0,,,,,,,73711,458,181,118,63,65.19337016574586,0,0,1006803,"{""matches"":181,""wins"":118,""losses"":63,""draws"":0,""winPercentage"":65.19337016574586,""eventsEntered"":0,""titles"":0,""finals"":0,""prizeMoney"":1006803,""points"":0}",,,,,,,,,,,,,,69,,false,false,true,,104,18,9,3,6,1,0,0,0,0,0,0,0,9,9,estimated from season exits versus eligible schedule | 9 eligible events not entered,Rookie Pro,normal,,,true,true,false,false,3,3,73711,,0,false,random development failure,mainTour,mainTour,,,true,true,
2048/49,wp-jude-sloan-e,Jude Sloan E,29,IRL,Established,Rookie Pro / Bubble,false,true,true,Q School,2,1,2049/50,Rookie Year 2,70,70,68,70,68,68,,,,,70,2,78,97,80,77,77,89,62,13,34,6,3,3,50,0,,,,,,,73422,456,139,94,45,67.62589928057554,0,0,927023,"{""matches"":139,""wins"":94,""losses"":45,""draws"":0,""winPercentage"":67.62589928057554,""eventsEntered"":0,""titles"":0,""finals"":0,""prizeMoney"":927023,""points"":0}",,,,,,,,,,,,,,70,,false,false,true,,104,18,9,3,6,1,0,0,0,0,0,0,0,9,9,estimated from season exits versus eligible schedule | 9 eligible events not entered,Rookie Pro,normal,,,true,true,false,false,3,3,73422,,0,false,random development failure,mainTour,mainTour,,,true,true,
2048/49,wp-jude-sloan-g,Jude Sloan G,29,IRL,Established,Rookie Pro / Bubble,false,true,true,Federation Route,2,1,2049/50,Rookie Year 2,72,72,69,72,69,69,,,,,72,3,76,81,78,75,75,88,63,13,33,6,3,3,50,0,,,,,,,72844,453,158,101,57,63.92405063291139,1,0,606454,"{""matches"":158,""wins"":101,""losses"":57,""draws"":0,""winPercentage"":63.92405063291139,""eventsEntered"":0,""titles"":1,""finals"":0,""prizeMoney"":606454,""points"":0}",,,,,,,,,,,,,,72,,false,false,true,,104,18,9,3,6,1,0,0,0,0,0,0,0,9,9,estimated from season exits versus eligible schedule | 9 eligible events not entered,Rookie Pro,normal,,,true,true,false,false,3,3,72844,,0,false,,mainTour,mainTour,,,true,true,
2048/49,wp-jude-sloan-h,Jude Sloan H,26,IRL,Established,Rookie Pro / Bubble,false,true,true,Federation Route,1,2,2050/51,At Risk,73,73,70,73,70,70,,,,,73,3,79,87,81,78,78,91,63,13,34,6,3,3,50,0,,,,,,,72555,451,124,85,39,68.54838709677419,1,0,666000,"{""matches"":124,""wins"":85,""losses"":39,""draws"":0,""winPercentage"":68.54838709677419,""eventsEntered"":0,""titles"":1,""finals"":0,""prizeMoney"":666000,""points"":0}",,,,,,,,,,,,,,69,,false,false,true,,104,18,9,3,6,1,0,0,0,0,0,0,0,9,9,estimated from season exits versus eligible schedule | 9 eligible events not entered,Rookie Pro,normal,,,true,true,false,false,3,10,220844,,0,false,random development failure,mainTour,mainTour,,,true,true,
2048/49,wp-jude-sloan-i,Jude Sloan I,26,IRL,Established,Rookie Pro / Bubble,false,true,true,Playoff Route,1,2,2050/51,At Risk,,71,71,71,71,71,,,,,,,79,93,81,78,75,84,66,52,34,19,11,8,57.89473684210527,0,,,,,,,0,489,111,74,37,66.66666666666666,1,0,646633,"{""matches"":111,""wins"":74,""losses"":37,""draws"":0,""winPercentage"":66.66666666666666,""eventsEntered"":0,""titles"":1,""finals"":0,""prizeMoney"":646633,""points"":0}",,,,,,,,,,,,,,70,,false,false,true,,104,18,9,3,6,1,0,0,0,0,0,0,0,9,9,estimated from season exits versus eligible schedule | 9 eligible events not entered,Rookie Pro,normal,,,true,true,false,false,0,5,111000,,0,false,random development failure,mainTour,mainTour,,,true,true,
2048/49,wp-jude-sloan-j,Jude Sloan J,24,AUS,Rookie,Rookie Pro / Bubble,false,true,true,Federation Route,1,2,2050/51,At Risk,,72,72,72,72,72,,,,,,,77,87,79,76,73,82,67,52,31,19,12,7,63.1578947368421,0,,,,,,,0,512,97,65,32,67.0103092783505,0,0,405555,"{""matches"":97,""wins"":65,""losses"":32,""draws"":0,""winPercentage"":67.0103092783505,""eventsEntered"":0,""titles"":0,""finals"":0,""prizeMoney"":405555,""points"":0}",,,,,,,,,,,,,,71,,false,false,true,,104,18,9,3,6,1,0,0,0,0,0,0,0,9,9,estimated from season exits versus eligible schedule | 9 eligible events not entered,Rookie Pro,normal,,,true,true,false,false,0,5,110711,,0,false,random development failure,mainTour,mainTour,,,true,true,
2048/49,wp-jude-sloan-k,Jude Sloan K,24,AUS,Rookie,Rookie Pro / Bubble,false,true,true,Playoff Route,1,2,2050/51,At Risk,,73,73,73,73,73,,,,,,,79,93,81,78,75,85,69,51,30,19,13,6,68.42105263157895,0,,,,,,,0,575,87,62,25,71.26436781609196,0,0,385899,"{""matches"":87,""wins"":62,""losses"":25,""draws"":0,""winPercentage"":71.26436781609196,""eventsEntered"":0,""titles"":0,""finals"":0,""prizeMoney"":385899,""points"":0}",,,,,,,,,,,,,,72,,false,false,true,,104,18,9,3,6,1,0,0,0,0,0,0,0,9,9,estimated from season exits versus eligible schedule | 9 eligible events not entered,Rookie Pro,normal,,,true,true,false,false,0,5,110422,,0,false,random development failure,mainTour,mainTour,,,true,true,
2048/49,wp-kai-pryce-c,Kai Pryce C,34,AUS,Established,Rookie Pro / Bubble,false,true,true,Q School,1,2,2050/51,At Risk,,74,74,74,74,74,,,,,,,75,75,77,75,70,82,72,51,33,19,14,5,73.68421052631578,0,,,,,,,0,667,220,140,80,63.63636363636363,1,0,569454,"{""matches"":220,""wins"":140,""losses"":80,""draws"":0,""winPercentage"":63.63636363636363,""eventsEntered"":0,""titles"":1,""finals"":0,""prizeMoney"":569454,""points"":0}",,,,,,,,,,,,,,76,,false,false,true,,104,18,9,3,6,1,0,0,0,0,0,0,0,9,9,estimated from season exits versus eligible schedule | 9 eligible events not entered,Rookie Pro,normal,,,true,true,false,false,0,0,0,,0,false,,mainTour,mainTour,,,true,true,
2048/49,wp-kai-pryce-d,Kai Pryce D,32,CHN,Established,Rookie Pro / Bubble,false,true,true,Playoff Route,2,1,2049/50,Rookie Year 2,77,77,75,77,75,75,,,,,77,2,74,90,76,73,72,85,65,16,32,7,4,3,57.14285714285714,0,,,,,,,89898,559,179,114,65,63.687150837988824,0,0,862563,"{""matches"":179,""wins"":114,""losses"":65,""draws"":0,""winPercentage"":63.687150837988824,""eventsEntered"":0,""titles"":0,""finals"":0,""prizeMoney"":862563,""points"":0}",,,,,,,,,,,,,,77,,false,false,true,,104,18,9,3,6,1,0,0,0,0,0,0,0,9,9,estimated from season exits versus eligible schedule | 9 eligible events not entered,Rookie Pro,normal,,,true,true,false,false,4,4,89898,,0,false,random development failure,mainTour,mainTour,,,true,true,
2048/49,wp-kai-pryce-e,Kai Pryce E,32,CHN,Established,Rookie Pro / Bubble,false,true,true,Federation Route,1,2,2050/51,At Risk,,76,76,76,76,76,,,,,,,73,82,75,72,71,83,64,22,31,9,5,4,55.55555555555556,0,,,,,,,0,259,159,95,64,59.74842767295597,0,0,675252,"{""matches"":159,""wins"":95,""losses"":64,""draws"":0,""winPercentage"":59.74842767295597,""eventsEntered"":0,""titles"":0,""finals"":0,""prizeMoney"":675252,""points"":0}",,,,,,,,,,,,,,79,,false,false,true,,104,18,9,3,6,1,0,0,0,0,0,0,0,9,9,estimated from season exits versus eligible schedule | 9 eligible events not entered,Rookie Pro,normal,,,true,true,false,false,0,0,0,,0,false,,mainTour,mainTour,,,true,true,
2048/49,wp-kai-pryce-g,Kai Pryce G,27,WAL,Established,Rookie Pro / Bubble,false,true,true,Q School,2,1,2049/50,Rookie Year 2,79,79,77,79,77,77,,,,,79,2,78,98,80,77,77,89,65,16,30,7,4,3,57.14285714285714,0,,,,,,,89320,555,114,76,38,66.66666666666666,0,0,595759,"{""matches"":114,""wins"":76,""losses"":38,""draws"":0,""winPercentage"":66.66666666666666,""eventsEntered"":0,""titles"":0,""finals"":0,""prizeMoney"":595759,""points"":0}",,,,,,,,,,,,,,79,,false,false,true,,104,18,9,3,6,1,0,0,0,0,0,0,0,9,9,estimated from season exits versus eligible schedule | 9 eligible events not entered,Rookie Pro,normal,,,true,true,false,false,4,4,89320,,0,false,random development failure,mainTour,mainTour,,,true,true,
2048/49,wp-kai-pryce-i,Kai Pryce I,27,WAL,Established,Rookie Pro / Bubble,false,true,true,Q School,2,1,2049/50,Rookie Year 2,81,81,78,81,78,78,,,,,81,3,77,95,79,76,76,88,65,16,30,7,4,3,57.14285714285714,0,,,,,,,88742,552,98,65,33,66.3265306122449,0,0,592576,"{""matches"":98,""wins"":65,""losses"":33,""draws"":0,""winPercentage"":66.3265306122449,""eventsEntered"":0,""titles"":0,""finals"":0,""prizeMoney"":592576,""points"":0}",,,,,,,,,,,,,,81,,false,false,true,,104,18,9,3,6,1,0,0,0,0,0,0,0,9,9,estimated from season exits versus eligible schedule | 9 eligible events not entered,Rookie Pro,normal,,,true,true,false,false,4,4,88742,,0,false,random development failure,mainTour,mainTour,,,true,true,
2048/49,wp-kai-pryce-k,Kai Pryce K,24,WAL,Rookie,Rookie Pro / Bubble,false,true,true,Federation Route,1,2,2050/51,At Risk,83,83,79,83,79,79,,,,,83,4,76,95,78,74,75,87,65,16,29,7,4,3,57.14285714285714,0,,,,,,,88164,548,59,37,22,62.71186440677966,0,0,499499,"{""matches"":59,""wins"":37,""losses"":22,""draws"":0,""winPercentage"":62.71186440677966,""eventsEntered"":0,""titles"":0,""finals"":0,""prizeMoney"":499499,""points"":0}",,,,,,,,,,,,,,80,,false,false,true,,104,18,9,3,6,1,0,0,0,0,0,0,0,9,9,estimated from season exits versus eligible schedule | 9 eligible events not entered,Rookie Pro,normal,,,true,true,false,false,4,7,158984,,0,false,random development failure,mainTour,mainTour,,,true,true,
2048/49,wp-kai-pryce-m,Kai Pryce M,21,WAL,Rookie,Rookie Pro / Bubble,false,true,true,Q School,1,2,2050/51,At Risk,,80,80,80,80,80,,,,,,,78,93,80,77,72,80,72,78,27,28,21,7,75,0,,,,,,,0,836,74,53,21,71.62162162162163,0,0,159273,"{""matches"":74,""wins"":53,""losses"":21,""draws"":0,""winPercentage"":71.62162162162163,""eventsEntered"":0,""titles"":0,""finals"":0,""prizeMoney"":159273,""points"":0}",,,,,,,,,,,,,,83,,false,false,true,,104,18,9,3,6,1,0,0,0,0,0,0,0,9,9,estimated from season exits versus eligible schedule | 9 eligible events not entered,Rookie Pro,normal,,,true,true,false,false,0,3,70242,,0,false,,mainTour,mainTour,,,true,true,
2048/49,wp-kai-pryce-n,Kai Pryce N,18,CHN,Rookie,Rookie Pro / Bubble,false,true,true,Federation Route,1,2,2050/51,At Risk,,81,81,81,81,81,,,,,,,71,84,73,69,69,83,73,21,18,9,7,2,77.77777777777779,0,,,,,,,0,160,34,26,8,76.47058823529412,0,0,0,"{""matches"":34,""wins"":26,""losses"":8,""draws"":0,""winPercentage"":76.47058823529412,""eventsEntered"":0,""titles"":0,""finals"":0,""prizeMoney"":0,""points"":0}",,,,,,,,,,,,,,,,false,false,true,,104,18,9,3,6,1,0,0,0,0,0,0,0,9,9,estimated from season exits versus eligible schedule | 9 eligible events not entered,Rookie Pro,normal,,,true,true,false,false,0,0,0,,0,false,,mainTour,mainTour,,,true,true,
2048/49,wp-kai-pryce-o,Kai Pryce O,18,CHN,Rookie,Rookie Pro / Bubble,false,true,true,Federation Route,1,2,2050/51,At Risk,,82,82,82,82,82,,,,,,,73,92,75,71,71,85,73,21,18,9,7,2,77.77777777777779,0,,,,,,,0,161,26,19,7,73.07692307692307,0,0,0,"{""matches"":26,""wins"":19,""losses"":7,""draws"":0,""winPercentage"":73.07692307692307,""eventsEntered"":0,""titles"":0,""finals"":0,""prizeMoney"":0,""points"":0}",,,,,,,,,,,,,,,,false,false,true,,104,18,9,3,6,1,0,0,0,0,0,0,0,9,9,estimated from season exits versus eligible schedule | 9 eligible events not entered,Rookie Pro,normal,,,true,true,false,false,0,0,0,,0,false,,mainTour,mainTour,,,true,true,
2048/49,wp-kai-pryce-p,Kai Pryce P,18,CHN,Rookie,Rookie Pro / Bubble,false,true,true,Federation Route,1,2,2050/51,At Risk,,83,83,83,83,83,,,,,,,68,82,70,65,66,79,69,21,18,9,6,3,66.66666666666666,0,,,,,,,0,133,17,11,6,64.70588235294117,0,0,0,"{""matches"":17,""wins"":11,""losses"":6,""draws"":0,""winPercentage"":64.70588235294117,""eventsEntered"":0,""titles"":0,""finals"":0,""prizeMoney"":0,""points"":0}",,,,,,,,,,,,,,,,false,false,true,,104,18,9,3,6,1,0,0,0,0,0,0,0,9,9,estimated from season exits versus eligible schedule | 9 eligible events not entered,Rookie Pro,normal,,,true,true,false,false,0,0,0,,0,false,,mainTour,mainTour,,,true,true,
2048/49,wp-luca-mercer-e,Luca Mercer E,29,SCO,Established,Rookie Pro / Bubble,false,true,true,Playoff Route,1,2,2050/51,At Risk,,84,84,84,84,84,,,,,,,73,81,75,71,69,78,67,52,28,19,12,7,63.1578947368421,0,,,,,,,0,549,173,112,61,64.73988439306359,0,0,414805,"{""matches"":173,""wins"":112,""losses"":61,""draws"":0,""winPercentage"":64.73988439306359,""eventsEntered"":0,""titles"":0,""finals"":0,""prizeMoney"":414805,""points"":0}",,,,,,,,,,,,,,88,,false,false,true,,104,18,9,3,6,1,0,0,0,0,0,0,0,9,9,estimated from season exits versus eligible schedule | 9 eligible events not entered,Rookie Pro,normal,,,true,true,false,false,0,0,0,,0,false,,mainTour,mainTour,,,true,true,
2048/49,wp-luca-mercer-f,Luca Mercer F,29,SCO,Established,Rookie Pro / Bubble,false,true,true,Playoff Route,1,2,2050/51,At Risk,,85,85,85,85,85,,,,,,,72,81,74,70,68,77,67,52,27,19,12,7,63.1578947368421,0,,,,,,,0,545,166,106,60,63.85542168674698,0,0,413071,"{""matches"":166,""wins"":106,""losses"":60,""draws"":0,""winPercentage"":63.85542168674698,""eventsEntered"":0,""titles"":0,""finals"":0,""prizeMoney"":413071,""points"":0}",,,,,,,,,,,,,,89,,false,false,true,,104,18,9,3,6,1,0,0,0,0,0,0,0,9,9,estimated from season exits versus eligible schedule | 9 eligible events not entered,Rookie Pro,normal,,,true,true,false,false,0,0,0,,0,false,,mainTour,mainTour,,,true,true,
2048/49,wp-luca-mercer-j,Luca Mercer J,26,SCO,Established,Rookie Pro / Bubble,false,true,true,Playoff Route,1,2,2050/51,At Risk,,86,86,86,86,86,,,,,,,73,78,75,72,69,79,68,52,28,19,12,7,63.1578947368421,0,,,,,,,0,544,118,77,41,65.2542372881356,1,0,290509,"{""matches"":118,""wins"":77,""losses"":41,""draws"":0,""winPercentage"":65.2542372881356,""eventsEntered"":0,""titles"":1,""finals"":0,""prizeMoney"":290509,""points"":0}",,,,,,,,,,,,,,91,,false,false,true,,104,18,9,3,6,1,0,0,0,0,0,0,0,9,9,estimated from season exits versus eligible schedule | 9 eligible events not entered,Rookie Pro,normal,,,true,true,false,false,0,0,0,,0,false,,mainTour,mainTour,,,true,true,
2048/49,wp-luca-mercer-k,Luca Mercer K,22,THA,Rookie,Rookie Pro / Bubble,false,true,true,Playoff Route,1,2,2050/51,At Risk,,87,87,87,87,87,,,,,,,73,77,75,71,67,75,69,75,26,27,18,9,66.66666666666666,0,,,,,,,0,685,96,67,29,69.79166666666666,0,0,154360,"{""matches"":96,""wins"":67,""losses"":29,""draws"":0,""winPercentage"":69.79166666666666,""eventsEntered"":0,""titles"":0,""finals"":0,""prizeMoney"":154360,""points"":0}",,,,,,,,,,,,,,90,,false,false,true,,104,18,9,3,6,1,0,0,0,0,0,0,0,9,9,estimated from season exits versus eligible schedule | 9 eligible events not entered,Rookie Pro,normal,,,true,true,false,false,0,4,86719,,0,false,,mainTour,mainTour,,,true,true,
2048/49,wp-luca-mercer-l,Luca Mercer L,22,THA,Rookie,Rookie Pro / Bubble,false,true,true,Q School,2,1,2049/50,Rookie Year 2,89,89,88,89,88,88,,,,,89,1,75,91,77,73,74,88,66,10,26,5,3,2,60,0,,,,,,,67930,422,67,45,22,67.16417910447761,0,0,221134,"{""matches"":67,""wins"":45,""losses"":22,""draws"":0,""winPercentage"":67.16417910447761,""eventsEntered"":0,""titles"":0,""finals"":0,""prizeMoney"":221134,""points"":0}",,,,,,,,,,,,,,89,,false,false,true,,104,18,9,3,6,1,0,0,0,0,0,0,0,9,9,estimated from season exits versus eligible schedule | 9 eligible events not entered,Rookie Pro,normal,,,true,true,false,false,3,3,67930,,0,false,,mainTour,mainTour,,,true,true,
2048/49,wp-luca-mercer-m,Luca Mercer M,22,THA,Rookie,Rookie Pro / Bubble,false,true,true,Q School,2,1,2049/50,Rookie Year 2,90,90,89,90,89,89,,,,,90,1,76,93,78,74,75,89,66,10,26,5,3,2,60,0,,,,,,,67641,420,59,41,18,69.49152542372882,0,0,220267,"{""matches"":59,""wins"":41,""losses"":18,""draws"":0,""winPercentage"":69.49152542372882,""eventsEntered"":0,""titles"":0,""finals"":0,""prizeMoney"":220267,""points"":0}",,,,,,,,,,,,,,90,,false,false,true,,104,18,9,3,6,1,0,0,0,0,0,0,0,9,9,estimated from season exits versus eligible schedule | 9 eligible events not entered,Rookie Pro,normal,,,true,true,false,false,3,3,67641,,0,false,,mainTour,mainTour,,,true,true,
2048/49,wp-mika-keane-a,Mika Keane A,36,WAL,Established,Rookie Pro / Bubble,false,true,true,Federation Route,1,2,2050/51,At Risk,,90,90,90,90,90,,,,,,,71,97,73,69,66,78,66,41,29,15,9,6,60,0,,,,,,,0,449,206,128,78,62.13592233009708,0,0,861405,"{""matches"":206,""wins"":128,""losses"":78,""draws"":0,""winPercentage"":62.13592233009708,""eventsEntered"":0,""titles"":0,""finals"":0,""prizeMoney"":861405,""points"":0}",,,,,,,,,,,,,,95,,false,false,true,,104,18,9,3,6,1,0,0,0,0,0,0,0,9,9,estimated from season exits versus eligible schedule | 9 eligible events not entered,Rookie Pro,normal,,,true,true,false,false,0,0,0,,0,false,,mainTour,mainTour,,,true,true,
2048/49,wp-mika-keane-d,Mika Keane D,31,IRL,Established,Rookie Pro / Bubble,false,true,true,Federation Route,1,2,2050/51,At Risk,,91,91,91,91,91,,,,,,,70,75,72,68,68,80,62,19,26,8,4,4,50,0,,,,,,,0,213,171,104,67,60.81871345029239,0,0,403242,"{""matches"":171,""wins"":104,""losses"":67,""draws"":0,""winPercentage"":60.81871345029239,""eventsEntered"":0,""titles"":0,""finals"":0,""prizeMoney"":403242,""points"":0}",,,,,,,,,,,,,,97,,false,false,true,,104,18,9,3,6,1,0,0,0,0,0,0,0,9,9,estimated from season exits versus eligible schedule | 9 eligible events not entered,Rookie Pro,normal,,,true,true,false,false,0,0,0,,0,false,,mainTour,mainTour,,,true,true,
2048/49,wp-mika-keane-g,Mika Keane G,27,CHN,Established,Rookie Pro / Bubble,false,true,true,Q School,2,1,2049/50,Rookie Year 2,94,94,92,94,92,92,,,,,94,2,74,95,76,72,73,85,62,13,27,6,3,3,50,0,,,,,,,66484,413,116,75,41,64.65517241379311,0,0,500367,"{""matches"":116,""wins"":75,""losses"":41,""draws"":0,""winPercentage"":64.65517241379311,""eventsEntered"":0,""titles"":0,""finals"":0,""prizeMoney"":500367,""points"":0}",,,,,,,,,,,,,,94,,false,false,true,,104,18,9,3,6,1,0,0,0,0,0,0,0,9,9,estimated from season exits versus eligible schedule | 9 eligible events not entered,Rookie Pro,normal,,,true,true,false,false,3,3,66484,,0,false,random development failure,mainTour,mainTour,,,true,true,
2048/49,wp-mika-keane-h,Mika Keane H,27,CHN,Established,Rookie Pro / Bubble,false,true,true,Federation Route,1,2,2050/51,At Risk,,93,93,93,93,93,,,,,,,70,75,72,68,67,77,66,40,25,15,9,6,60,0,,,,,,,0,452,129,84,45,65.11627906976744,0,0,280390,"{""matches"":129,""wins"":84,""losses"":45,""draws"":0,""winPercentage"":65.11627906976744,""eventsEntered"":0,""titles"":0,""finals"":0,""prizeMoney"":280390,""points"":0}",,,,,,,,,,,,,,100,,false,false,true,,104,18,9,3,6,1,0,0,0,0,0,0,0,9,9,estimated from season exits versus eligible schedule | 9 eligible events not entered,Rookie Pro,normal,,,true,true,false,false,0,0,0,,0,false,,mainTour,mainTour,,,true,true,
2048/49,wp-mika-keane-j,Mika Keane J,24,CHN,Rookie,Rookie Pro / Bubble,false,true,true,Playoff Route,1,2,2050/51,At Risk,,94,94,94,94,94,,,,,,,75,91,77,74,71,81,70,51,28,19,13,6,68.42105263157895,0,,,,,,,0,543,103,71,32,68.93203883495146,1,0,266227,"{""matches"":103,""wins"":71,""losses"":32,""draws"":0,""winPercentage"":68.93203883495146,""eventsEntered"":0,""titles"":1,""finals"":0,""prizeMoney"":266227,""points"":0}",,,,,,,,,,,,,,92,,false,false,true,,104,18,9,3,6,1,0,0,0,0,0,0,0,9,9,estimated from season exits versus eligible schedule | 9 eligible events not entered,Rookie Pro,normal,,,true,true,false,false,0,4,84695,,0,false,random development failure,mainTour,mainTour,,,true,true,
2048/49,wp-mika-keane-k,Mika Keane K,24,CHN,Rookie,Rookie Pro / Bubble,false,true,true,Federation Route,1,2,2050/51,At Risk,,95,95,95,95,95,,,,,,,72,86,74,70,70,81,65,31,26,12,7,5,58.333333333333336,0,,,,,,,0,276,88,56,32,63.63636363636363,0,0,246570,"{""matches"":88,""wins"":56,""losses"":32,""draws"":0,""winPercentage"":63.63636363636363,""eventsEntered"":0,""titles"":0,""finals"":0,""prizeMoney"":246570,""points"":0}",,,,,,,,,,,,,,93,,false,false,true,,104,18,9,3,6,1,0,0,0,0,0,0,0,9,9,estimated from season exits versus eligible schedule | 9 eligible events not entered,Rookie Pro,normal,,,true,true,false,false,0,4,84406,,0,false,random development failure,mainTour,mainTour,,,true,true,
2048/49,wp-mika-keane-l,Mika Keane L,22,WAL,Rookie,Rookie Pro / Bubble,false,true,true,Q School,2,1,2049/50,Rookie Year 2,96,96,96,96,96,96,,,,,96,0,74,91,76,72,73,86,63,13,27,6,3,3,50,0,,,,,,,65906,410,69,46,23,66.66666666666666,1,0,194828,"{""matches"":69,""wins"":46,""losses"":23,""draws"":0,""winPercentage"":66.66666666666666,""eventsEntered"":0,""titles"":1,""finals"":0,""prizeMoney"":194828,""points"":0}",,,,,,,,,,,,,,96,,false,false,true,,104,18,9,3,6,1,0,0,0,0,0,0,0,9,9,estimated from season exits versus eligible schedule | 9 eligible events not entered,Rookie Pro,normal,,,true,true,false,false,3,3,65906,,1,false,,mainTour,mainTour,,,true,true,
2048/49,wp-mika-keane-m,Mika Keane M,22,WAL,Rookie,Rookie Pro / Bubble,false,true,true,Q School,2,1,2049/50,Rookie Year 2,97,97,97,97,97,97,,,,,97,0,73,91,75,70,72,84,62,13,25,6,3,3,50,0,,,,,,,65617,408,60,39,21,65,0,0,193961,"{""matches"":60,""wins"":39,""losses"":21,""draws"":0,""winPercentage"":65,""eventsEntered"":0,""titles"":0,""finals"":0,""prizeMoney"":193961,""points"":0}",,,,,,,,,,,,,,97,,false,false,true,,104,18,9,3,6,1,0,0,0,0,0,0,0,9,9,estimated from season exits versus eligible schedule | 9 eligible events not entered,Rookie Pro,normal,,,true,true,false,false,3,3,65617,,0,false,,mainTour,mainTour,,,true,true,
2048/49,wp-mika-keane-n,Mika Keane N,19,WAL,Rookie,Rookie Pro / Bubble,false,true,true,Q School,1,2,2050/51,At Risk,,98,98,98,98,98,,,,,,,69,75,71,67,63,72,73,75,20,27,20,7,74.07407407407408,1,,,,,,,0,900,59,43,16,72.88135593220339,1,0,0,"{""matches"":59,""wins"":43,""losses"":16,""draws"":0,""winPercentage"":72.88135593220339,""eventsEntered"":0,""titles"":1,""finals"":0,""prizeMoney"":0,""points"":0}",,,,,,,,,,,,,,,,false,false,true,,104,18,9,3,6,1,0,0,0,0,0,0,0,9,9,estimated from season exits versus eligible schedule | 9 eligible events not entered,Rookie Pro,normal,,,true,true,false,false,0,0,0,,1,false,,mainTour,mainTour,,,true,true,
2048/49,wp-noah-bennett,Noah Bennett,38,IRL,Established,Rookie Pro / Bubble,false,true,true,Q School,1,2,2050/51,At Risk,,99,99,99,99,99,,,,,,,70,89,71,69,63,75,70,56,29,19,13,6,68.42105263157895,0,,,,,,,0,620,248,150,98,60.483870967741936,1,0,652703,"{""matches"":248,""wins"":150,""losses"":98,""draws"":0,""winPercentage"":60.483870967741936,""eventsEntered"":0,""titles"":1,""finals"":0,""prizeMoney"":652703,""points"":0}",,,,,,,,,,,,,,96,,false,false,true,,104,18,9,3,6,1,0,0,0,0,0,0,0,9,9,estimated from season exits versus eligible schedule | 9 eligible events not entered,Rookie Pro,normal,,,true,true,false,false,0,0,0,,0,false,,mainTour,mainTour,,,true,true,
2048/49,wp-noah-bennett-d,Noah Bennett D,33,AUS,Established,Rookie Pro / Bubble,false,true,true,Federation Route,2,1,2049/50,Rookie Year 2,101,101,100,101,100,100,,,,,101,1,68,97,70,65,66,78,59,16,27,7,3,4,42.857142857142854,0,,,,,,,64172,399,156,87,69,55.769230769230774,0,0,717744,"{""matches"":156,""wins"":87,""losses"":69,""draws"":0,""winPercentage"":55.769230769230774,""eventsEntered"":0,""titles"":0,""finals"":0,""prizeMoney"":717744,""points"":0}",,,,,,,,,,,,,,101,,false,false,true,,104,18,9,3,6,1,0,0,0,0,0,0,0,9,9,estimated from season exits versus eligible schedule | 9 eligible events not entered,Rookie Pro,normal,,,true,true,false,false,3,3,64172,,0,false,age decline,mainTour,mainTour,,,true,true,
2048/49,wp-noah-bennett-g,Noah Bennett G,30,AUS,Established,Rookie Pro / Bubble,false,true,true,Federation Route,1,2,2050/51,At Risk,,101,101,101,101,101,,,,,,,69,78,71,67,66,76,64,40,26,15,8,7,53.333333333333336,0,,,,,,,0,398,162,99,63,61.111111111111114,1,0,366243,"{""matches"":162,""wins"":99,""losses"":63,""draws"":0,""winPercentage"":61.111111111111114,""eventsEntered"":0,""titles"":1,""finals"":0,""prizeMoney"":366243,""points"":0}",,,,,,,,,,,,,,107,,false,false,true,,104,18,9,3,6,1,0,0,0,0,0,0,0,9,9,estimated from season exits versus eligible schedule | 9 eligible events not entered,Rookie Pro,normal,,,true,true,false,false,0,0,0,,0,false,,mainTour,mainTour,,,true,true,
2048/49,wp-noah-bennett-h,Noah Bennett H,27,IRL,Established,Rookie Pro / Bubble,false,true,true,Q School,2,1,2049/50,Rookie Year 2,102,102,102,102,102,102,,,,,102,0,70,91,72,67,69,80,59,16,25,7,3,4,42.857142857142854,0,,,,,,,63883,397,100,60,40,60,0,0,461924,"{""matches"":100,""wins"":60,""losses"":40,""draws"":0,""winPercentage"":60,""eventsEntered"":0,""titles"":0,""finals"":0,""prizeMoney"":461924,""points"":0}",,,,,,,,,,,,,,102,,false,false,true,,104,18,9,3,6,1,0,0,0,0,0,0,0,9,9,estimated from season exits versus eligible schedule | 9 eligible events not entered,Rookie Pro,normal,,,true,true,false,false,3,3,63883,,0,false,random development failure,mainTour,mainTour,,,true,true,
2048/49,wp-noah-bennett-i,Noah Bennett I,24,IRL,Rookie,Rookie Pro / Bubble,false,true,true,Federation Route,1,2,2050/51,At Risk,,103,103,103,103,103,,,,,,,71,88,73,69,67,76,67,52,24,19,12,7,63.1578947368421,0,,,,,,,0,500,104,68,36,65.38461538461539,0,0,254086,"{""matches"":104,""wins"":68,""losses"":36,""draws"":0,""winPercentage"":65.38461538461539,""eventsEntered"":0,""titles"":0,""finals"":0,""prizeMoney"":254086,""points"":0}",,,,,,,,,,,,,,101,,false,false,true,,104,18,9,3,6,1,0,0,0,0,0,0,0,9,9,estimated from season exits versus eligible schedule | 9 eligible events not entered,Rookie Pro,normal,,,true,true,false,false,0,3,63883,,0,false,random development failure,mainTour,mainTour,,,true,true,
2048/49,wp-noah-bennett-k,Noah Bennett K,22,AUS,Rookie,Rookie Pro / Bubble,false,true,true,Playoff Route,1,2,2050/51,At Risk,,104,104,104,104,104,,,,,,,70,75,72,68,64,71,69,78,23,28,19,9,67.85714285714286,0,,,,,,,0,691,94,65,29,69.14893617021278,0,0,143664,"{""matches"":94,""wins"":65,""losses"":29,""draws"":0,""winPercentage"":69.14893617021278,""eventsEntered"":0,""titles"":0,""finals"":0,""prizeMoney"":143664,""points"":0}",,,,,,,,,,,,,,106,,false,false,true,,104,18,9,3,6,1,0,0,0,0,0,0,0,9,9,estimated from season exits versus eligible schedule | 9 eligible events not entered,Rookie Pro,normal,,,true,true,false,false,0,3,63305,,0,false,,mainTour,mainTour,,,true,true,
2048/49,wp-noah-bennett-l,Noah Bennett L,22,AUS,Rookie,Rookie Pro / Bubble,false,true,true,Q School,2,1,2049/50,Rookie Year 2,104,104,105,104,105,105,,,,,104,-1,71,89,73,68,70,82,58,10,23,5,2,3,40,0,,,,,,,44805,279,62,40,22,64.51612903225806,0,0,187023,"{""matches"":62,""wins"":40,""losses"":22,""draws"":0,""winPercentage"":64.51612903225806,""eventsEntered"":0,""titles"":0,""finals"":0,""prizeMoney"":187023,""points"":0}",,,,,,,,,,,,,,104,,false,false,true,,104,18,9,3,6,1,0,0,0,0,0,0,0,9,9,estimated from season exits versus eligible schedule | 9 eligible events not entered,Rookie Pro,normal,,,true,true,false,true,2,2,44805,,0,true,,mainTour,mainTour,,,true,true,
2048/49,wp-noah-bennett-m,Noah Bennett M,19,AUS,Rookie,Rookie Pro / Bubble,false,true,true,Federation Route,2,1,2049/50,Rookie Year 2,105,105,106,105,106,106,,,,,105,-1,71,86,73,68,70,82,58,10,22,5,2,3,40,0,,,,,,,44516,277,38,26,12,68.42105263157895,0,0,44516,"{""matches"":38,""wins"":26,""losses"":12,""draws"":0,""winPercentage"":68.42105263157895,""eventsEntered"":0,""titles"":0,""finals"":0,""prizeMoney"":44516,""points"":0}",,,,,,,,,,,,,,105,,false,false,true,,104,18,9,3,6,1,0,0,0,0,0,0,0,9,9,estimated from season exits versus eligible schedule | 9 eligible events not entered,Rookie Pro,normal,,,true,true,false,true,2,2,44516,,0,true,,mainTour,mainTour,,,true,true,
2048/49,wp-noah-bennett-n,Noah Bennett N,19,AUS,Rookie,Rookie Pro / Bubble,false,true,true,Federation Route,2,1,2049/50,Rookie Year 2,106,106,107,106,107,107,,,,,106,-1,72,89,74,69,71,83,58,10,22,5,2,3,40,0,,,,,,,44227,275,29,20,9,68.96551724137932,0,0,44227,"{""matches"":29,""wins"":20,""losses"":9,""draws"":0,""winPercentage"":68.96551724137932,""eventsEntered"":0,""titles"":0,""finals"":0,""prizeMoney"":44227,""points"":0}",,,,,,,,,,,,,,106,,false,false,true,,104,18,9,3,6,1,0,0,0,0,0,0,0,9,9,estimated from season exits versus eligible schedule | 9 eligible events not entered,Rookie Pro,normal,,,true,true,false,true,2,2,44227,,0,true,,mainTour,mainTour,,,true,true,
2048/49,wp-noah-bennett-o,Noah Bennett O,19,AUS,Rookie,Rookie Pro / Bubble,false,true,true,Federation Route,2,1,2049/50,Rookie Year 2,107,107,108,107,108,108,,,,,107,-1,73,98,75,70,72,84,58,10,22,5,2,3,40,0,,,,,,,43938,273,22,14,8,63.63636363636363,0,0,43938,"{""matches"":22,""wins"":14,""losses"":8,""draws"":0,""winPercentage"":63.63636363636363,""eventsEntered"":0,""titles"":0,""finals"":0,""prizeMoney"":43938,""points"":0}",,,,,,,,,,,,,,107,,false,false,true,,104,18,9,3,6,1,0,0,0,0,0,0,0,9,9,estimated from season exits versus eligible schedule | 9 eligible events not entered,Rookie Pro,normal,,,true,true,false,true,2,2,43938,,0,true,,mainTour,mainTour,,,true,true,
2048/49,wp-rory-vale,Rory Vale,36,ENG,Established,Rookie Pro / Bubble,false,true,true,Playoff Route,2,1,2049/50,Rookie Year 2,110,110,109,110,109,109,,,,,110,1,67,89,69,64,64,76,55,15,26,6,2,4,33.33333333333333,0,,,,,,,43070,268,215,127,88,59.06976744186046,0,0,622641,"{""matches"":215,""wins"":127,""losses"":88,""draws"":0,""winPercentage"":59.06976744186046,""eventsEntered"":0,""titles"":0,""finals"":0,""prizeMoney"":622641,""points"":0}",,,,,,,,,,,,,,105,,false,false,true,,104,18,9,3,6,1,0,0,0,0,0,0,0,9,9,estimated from season exits versus eligible schedule | 9 eligible events not entered,Rookie Pro,normal,,,true,true,false,false,2,2,43070,,0,false,,mainTour,mainTour,,,true,true,
2048/49,wp-rory-vale-g,Rory Vale G,27,THA,Established,Rookie Pro / Bubble,false,true,true,Federation Route,1,2,2050/51,At Risk,,110,110,110,110,110,,,,,,,69,89,71,66,66,77,64,34,23,13,7,6,53.84615384615385,0,,,,,,,0,303,128,81,47,63.28125,0,0,310452,"{""matches"":128,""wins"":81,""losses"":47,""draws"":0,""winPercentage"":63.28125,""eventsEntered"":0,""titles"":0,""finals"":0,""prizeMoney"":310452,""points"":0}",,,,,,,,,,,,,,110,,false,false,true,,104,18,9,3,6,1,0,0,0,0,0,0,0,9,9,estimated from season exits versus eligible schedule | 9 eligible events not entered,Rookie Pro,normal,,,true,true,false,false,0,2,42492,,0,false,low match volume,mainTour,mainTour,,,true,true,
2048/49,wp-rory-vale-h,Rory Vale H,27,THA,Established,Rookie Pro / Bubble,false,true,true,Playoff Route,1,2,2050/51,At Risk,,111,111,111,111,111,,,,,,,67,70,69,64,63,72,65,52,21,19,11,8,57.89473684210527,0,,,,,,,0,516,125,80,45,64,0,0,203789,"{""matches"":125,""wins"":80,""losses"":45,""draws"":0,""winPercentage"":64,""eventsEntered"":0,""titles"":0,""finals"":0,""prizeMoney"":203789,""points"":0}",,,,,,,,,,,,,,116,,false,false,true,,104,18,9,3,6,1,0,0,0,0,0,0,0,9,9,estimated from season exits versus eligible schedule | 9 eligible events not entered,Rookie Pro,normal,,,true,true,false,false,0,0,0,,0,false,,mainTour,mainTour,,,true,true,
2048/49,wp-rory-vale-i,Rory Vale I,27,THA,Established,Rookie Pro / Bubble,false,true,true,Federation Route,1,2,2050/51,At Risk,,112,112,112,112,112,,,,,,,68,87,70,65,65,76,64,34,23,13,7,6,53.84615384615385,0,,,,,,,0,299,110,66,44,60,0,0,308140,"{""matches"":110,""wins"":66,""losses"":44,""draws"":0,""winPercentage"":60,""eventsEntered"":0,""titles"":0,""finals"":0,""prizeMoney"":308140,""points"":0}",,,,,,,,,,,,,,111,,false,false,true,,104,18,9,3,6,1,0,0,0,0,0,0,0,9,9,estimated from season exits versus eligible schedule | 9 eligible events not entered,Rookie Pro,normal,,,true,true,false,false,0,2,42203,,0,false,low match volume,mainTour,mainTour,,,true,true,
2048/49,wp-rory-vale-j,Rory Vale J,24,THA,Rookie,Rookie Pro / Bubble,false,true,true,Federation Route,1,2,2050/51,At Risk,115,115,113,115,113,113,,,,,115,2,70,98,72,67,69,81,62,13,23,6,3,3,50,0,,,,,,,60125,374,64,39,25,60.9375,0,0,306406,"{""matches"":64,""wins"":39,""losses"":25,""draws"":0,""winPercentage"":60.9375,""eventsEntered"":0,""titles"":0,""finals"":0,""prizeMoney"":306406,""points"":0}",,,,,,,,,,,,,,112,,false,false,true,,104,18,9,3,6,1,0,0,0,0,0,0,0,9,9,estimated from season exits versus eligible schedule | 9 eligible events not entered,Rookie Pro,normal,,,true,true,false,false,3,5,102039,,0,false,random development failure,mainTour,mainTour,,,true,true,
2048/49,wp-rory-vale-l,Rory Vale L,24,THA,Rookie,Rookie Pro / Bubble,false,true,true,Playoff Route,1,2,2050/51,At Risk,,114,114,114,114,114,,,,,,,70,94,72,68,66,76,69,51,22,19,13,6,68.42105263157895,0,,,,,,,0,568,86,58,28,67.44186046511628,0,0,202922,"{""matches"":86,""wins"":58,""losses"":28,""draws"":0,""winPercentage"":67.44186046511628,""eventsEntered"":0,""titles"":0,""finals"":0,""prizeMoney"":202922,""points"":0}",,,,,,,,,,,,,,114,,false,false,true,,104,18,9,3,6,1,0,0,0,0,0,0,0,9,9,estimated from season exits versus eligible schedule | 9 eligible events not entered,Rookie Pro,normal,,,true,true,false,false,0,2,41336,,0,false,low match volume,mainTour,mainTour,,,true,true,
2048/49,wp-rory-vale-m,Rory Vale M,22,ENG,Rookie,Rookie Pro / Bubble,false,true,true,Q School,2,1,2049/50,Rookie Year 2,117,117,115,117,115,115,,,,,117,2,68,86,70,65,67,79,62,13,21,6,3,3,50,0,,,,,,,59547,370,53,34,19,64.15094339622641,0,0,159563,"{""matches"":53,""wins"":34,""losses"":19,""draws"":0,""winPercentage"":64.15094339622641,""eventsEntered"":0,""titles"":0,""finals"":0,""prizeMoney"":159563,""points"":0}",,,,,,,,,,,,,,117,,false,false,true,,104,18,9,3,6,1,0,0,0,0,0,0,0,9,9,estimated from season exits versus eligible schedule | 9 eligible events not entered,Rookie Pro,normal,,,true,true,false,false,3,3,59547,,0,false,,mainTour,mainTour,,,true,true,
2048/49,wp-rory-vale-n,Rory Vale N,19,ENG,Rookie,Rookie Pro / Bubble,false,true,true,Q School,1,2,2050/51,At Risk,,116,116,116,116,116,,,,,,,67,77,69,64,61,69,72,75,18,27,20,7,74.07407407407408,0,,,,,,,0,778,59,43,16,72.88135593220339,0,0,0,"{""matches"":59,""wins"":43,""losses"":16,""draws"":0,""winPercentage"":72.88135593220339,""eventsEntered"":0,""titles"":0,""finals"":0,""prizeMoney"":0,""points"":0}",,,,,,,,,,,,,,,,false,false,true,,104,18,9,3,6,1,0,0,0,0,0,0,0,9,9,estimated from season exits versus eligible schedule | 9 eligible events not entered,Rookie Pro,normal,,,true,true,false,false,0,0,0,,0,false,,mainTour,mainTour,,,true,true,
2048/49,wp-rory-vale-o,Rory Vale O,19,ENG,Rookie,Rookie Pro / Bubble,false,true,true,Federation Route,2,1,2049/50,Rookie Year 2,118,118,117,118,117,117,,,,,118,1,70,90,72,67,69,81,62,13,20,6,3,3,50,0,,,,,,,59258,368,30,21,9,70,0,0,59258,"{""matches"":30,""wins"":21,""losses"":9,""draws"":0,""winPercentage"":70,""eventsEntered"":0,""titles"":0,""finals"":0,""prizeMoney"":59258,""points"":0}",,,,,,,,,,,,,,118,,false,false,true,,104,18,9,3,6,1,0,0,0,0,0,0,0,9,9,estimated from season exits versus eligible schedule | 9 eligible events not entered,Rookie Pro,normal,,,true,true,false,false,3,3,59258,,0,false,,mainTour,mainTour,,,true,true,
2048/49,wp-tobias-petrov,Tobias Petrov,39,SCO,Established,Rookie Pro / Bubble,false,true,true,Q School,1,2,2050/51,At Risk,,118,118,118,118,118,,,,,,,65,65,66,63,57,69,70,66,22,22,16,6,72.72727272727273,0,,,,,,,0,701,269,154,115,57.249070631970255,0,0,312188,"{""matches"":269,""wins"":154,""losses"":115,""draws"":0,""winPercentage"":57.249070631970255,""eventsEntered"":0,""titles"":0,""finals"":0,""prizeMoney"":312188,""points"":0}",,,,,,,,,,,,,,115,,false,false,true,,104,18,9,3,6,1,0,0,0,0,0,0,0,9,9,estimated from season exits versus eligible schedule | 9 eligible events not entered,Rookie Pro,normal,,,true,true,false,false,0,0,0,,0,false,,mainTour,mainTour,,,true,true,
2048/49,wp-toby-hale,Toby Hale,38,SCO,Established,Rookie Pro / Bubble,false,true,true,Q School,1,2,2050/51,At Risk,,119,119,119,119,119,,,,,,,65,90,66,63,57,70,72,59,23,20,15,5,75,0,,,,,,,0,690,237,140,97,59.07172995780591,0,0,495164,"{""matches"":237,""wins"":140,""losses"":97,""draws"":0,""winPercentage"":59.07172995780591,""eventsEntered"":0,""titles"":0,""finals"":0,""prizeMoney"":495164,""points"":0}",,,,,,,,,,,,,,116,,false,false,true,,104,18,9,3,6,1,0,0,0,0,0,0,0,9,9,estimated from season exits versus eligible schedule | 9 eligible events not entered,Rookie Pro,normal,,,true,true,false,false,0,0,0,,0,false,,mainTour,mainTour,,,true,true,
2048/49,wp-toby-hale-c,Toby Hale C,32,ENG,Established,Rookie Pro / Bubble,false,true,true,Playoff Route,2,1,2049/50,Rookie Year 2,121,121,120,121,120,120,,,,,121,1,65,88,67,62,64,76,58,10,22,5,2,3,40,0,,,,,,,39891,248,167,98,69,58.68263473053892,0,0,443134,"{""matches"":167,""wins"":98,""losses"":69,""draws"":0,""winPercentage"":58.68263473053892,""eventsEntered"":0,""titles"":0,""finals"":0,""prizeMoney"":443134,""points"":0}",,,,,,,,,,,,,,117,,false,false,true,,104,18,9,3,6,1,0,0,0,0,0,0,0,9,9,estimated from season exits versus eligible schedule | 9 eligible events not entered,Rookie Pro,normal,,,true,true,false,false,2,2,39891,,0,false,low match volume,mainTour,mainTour,,,true,true,
2048/49,wp-toby-hale-d,Toby Hale D,32,ENG,Established,Rookie Pro / Bubble,false,true,true,Playoff Route,2,1,2049/50,Rookie Year 2,122,122,121,122,121,121,,,,,122,1,65,90,67,62,64,76,58,10,22,5,2,3,40,0,,,,,,,39602,246,159,95,64,59.74842767295597,0,0,440532,"{""matches"":159,""wins"":95,""losses"":64,""draws"":0,""winPercentage"":59.74842767295597,""eventsEntered"":0,""titles"":0,""finals"":0,""prizeMoney"":440532,""points"":0}",,,,,,,,,,,,,,118,,false,false,true,,104,18,9,3,6,1,0,0,0,0,0,0,0,9,9,estimated from season exits versus eligible schedule | 9 eligible events not entered,Rookie Pro,normal,,,true,true,false,false,2,2,39602,,0,false,low match volume,mainTour,mainTour,,,true,true,
2048/49,wp-toby-hale-e,Toby Hale E,29,ENG,Established,Rookie Pro / Bubble,false,true,true,Playoff Route,2,1,2049/50,Rookie Year 2,123,123,122,123,122,122,,,,,123,1,65,83,67,61,64,76,58,10,21,5,2,3,40,0,,,,,,,39313,244,167,106,61,63.47305389221557,0,0,313923,"{""matches"":167,""wins"":106,""losses"":61,""draws"":0,""winPercentage"":63.47305389221557,""eventsEntered"":0,""titles"":0,""finals"":0,""prizeMoney"":313923,""points"":0}",,,,,,,,,,,,,,121,,false,false,true,,104,18,9,3,6,1,0,0,0,0,0,0,0,9,9,estimated from season exits versus eligible schedule | 9 eligible events not entered,Rookie Pro,normal,,,true,true,false,false,2,2,39313,,0,false,,mainTour,mainTour,,,true,true,
2048/49,wp-toby-hale-j,Toby Hale J,24,SCO,Rookie,Rookie Pro / Bubble,false,true,true,Playoff Route,1,2,2050/51,At Risk,,123,123,123,123,123,,,,,,,68,93,70,66,63,73,71,57,20,21,15,6,71.42857142857143,0,,,,,,,0,638,95,62,33,65.26315789473685,0,0,192515,"{""matches"":95,""wins"":62,""losses"":33,""draws"":0,""winPercentage"":65.26315789473685,""eventsEntered"":0,""titles"":0,""finals"":0,""prizeMoney"":192515,""points"":0}",,,,,,,,,,,,,,123,,false,false,true,,104,18,9,3,6,1,0,0,0,0,0,0,0,9,9,estimated from season exits versus eligible schedule | 9 eligible events not entered,Rookie Pro,normal,,,true,true,false,false,0,3,57234,,0,false,random development failure,mainTour,mainTour,,,true,true,
2048/49,wp-toby-hale-k,Toby Hale K,24,SCO,Rookie,Rookie Pro / Bubble,false,true,true,Federation Route,1,2,2050/51,At Risk,,124,124,124,124,124,,,,,,,64,84,66,61,61,72,65,37,20,14,8,6,57.14285714285714,0,,,,,,,0,340,80,48,32,60,0,0,191358,"{""matches"":80,""wins"":48,""losses"":32,""draws"":0,""winPercentage"":60,""eventsEntered"":0,""titles"":0,""finals"":0,""prizeMoney"":191358,""points"":0}",,,,,,,,,,,,,,124,,false,false,true,,104,18,9,3,6,1,0,0,0,0,0,0,0,9,9,estimated from season exits versus eligible schedule | 9 eligible events not entered,Rookie Pro,normal,,,true,true,false,false,0,3,56945,,0,false,,mainTour,mainTour,,,true,true,
2048/49,wp-toby-hale-l,Toby Hale L,22,BEL,Rookie,Rookie Pro / Bubble,false,true,true,Playoff Route,1,2,2050/51,At Risk,,125,125,125,125,125,,,,,,,65,70,67,62,59,66,69,78,19,28,19,9,67.85714285714286,0,,,,,,,0,736,83,54,29,65.06024096385542,0,0,94523,"{""matches"":83,""wins"":54,""losses"":29,""draws"":0,""winPercentage"":65.06024096385542,""eventsEntered"":0,""titles"":0,""finals"":0,""prizeMoney"":94523,""points"":0}",,,,,,,,,,,,,,127,,false,false,true,,104,18,9,3,6,1,0,0,0,0,0,0,0,9,9,estimated from season exits versus eligible schedule | 9 eligible events not entered,Rookie Pro,normal,,,true,true,false,false,0,3,56656,,0,false,,mainTour,mainTour,,,true,true,
2048/49,wp-toby-hale-m,Toby Hale M,19,BEL,Rookie,Rookie Pro / Bubble,false,true,true,Q School,1,2,2050/51,At Risk,,126,126,126,126,126,,,,,,,66,74,68,63,60,68,72,78,18,28,21,7,75,0,,,,,,,0,829,57,41,16,71.9298245614035,0,0,0,"{""matches"":57,""wins"":41,""losses"":16,""draws"":0,""winPercentage"":71.9298245614035,""eventsEntered"":0,""titles"":0,""finals"":0,""prizeMoney"":0,""points"":0}",,,,,,,,,,,,,,,,false,false,true,,104,18,9,3,6,1,0,0,0,0,0,0,0,9,9,estimated from season exits versus eligible schedule | 9 eligible events not entered,Rookie Pro,normal,,,true,true,false,false,0,0,0,,0,false,,mainTour,mainTour,,,true,true,
2048/49,wp-toby-hale-n,Toby Hale N,19,BEL,Rookie,Rookie Pro / Bubble,false,true,true,Federation Route,2,1,2049/50,Rookie Year 2,127,127,127,127,127,127,,,,,127,0,67,91,69,63,66,78,58,10,18,5,2,3,40,0,,,,,,,38156,237,26,17,9,65.38461538461539,0,0,38156,"{""matches"":26,""wins"":17,""losses"":9,""draws"":0,""winPercentage"":65.38461538461539,""eventsEntered"":0,""titles"":0,""finals"":0,""prizeMoney"":38156,""points"":0}",,,,,,,,,,,,,,127,,false,false,true,,104,18,9,3,6,1,0,0,0,0,0,0,0,9,9,estimated from season exits versus eligible schedule | 9 eligible events not entered,Rookie Pro,normal,,,true,true,false,false,2,2,38156,,0,false,,mainTour,mainTour,,,true,true,
2048/49,wp-toby-hale-o,Toby Hale O,19,BEL,Rookie,Rookie Pro / Bubble,false,true,true,Q School,1,2,2050/51,At Risk,,128,128,128,128,128,,,,,,,66,72,68,63,60,68,72,78,18,28,21,7,75,0,,,,,,,0,822,42,30,12,71.42857142857143,0,0,0,"{""matches"":42,""wins"":30,""losses"":12,""draws"":0,""winPercentage"":71.42857142857143,""eventsEntered"":0,""titles"":0,""finals"":0,""prizeMoney"":0,""points"":0}",,,,,,,,,,,,,,,,false,false,true,,104,18,9,3,6,1,0,0,0,0,0,0,0,9,9,estimated from season exits versus eligible schedule | 9 eligible events not entered,Rookie Pro,normal,,,true,true,false,false,0,0,0,,0,false,,mainTour,mainTour,,,true,true,
2048/49,wp-adrian-ashford,Adrian Ashford,51,IND,Veteran,Amateur,false,false,false,,0,0,,Amateur,,,,,,,,,,,,,66,66,65,62,57,75,58,19,18,0,0,0,,0,,,,,,,0,0,18,13,5,72.22222222222221,0,0,0,"{""matches"":18,""wins"":13,""losses"":5,""draws"":0,""winPercentage"":72.22222222222221,""eventsEntered"":0,""titles"":0,""finals"":0,""prizeMoney"":0,""points"":0}",,,,,,,,,,,,,,,,false,false,false,,104,44,15,0,0,0,0,0,10,5,0,0,0,29,11,estimated from season exits versus eligible schedule | 29 eligible events not entered,Amateur,normal,,,false,false,false,false,0,0,0,,0,false,,amateur,amateur,,,true,true,
2048/49,wp-adrian-harrington,Adrian Harrington,54,SWE,Veteran,Amateur,false,false,false,,0,0,,Amateur,,,,,,,,,,,,,78,83,76,80,68,86,54,24,58,0,0,0,,0,,,,,,,0,0,215,150,65,69.76744186046511,0,0,3765760,"{""matches"":215,""wins"":150,""losses"":65,""draws"":0,""winPercentage"":69.76744186046511,""eventsEntered"":0,""titles"":0,""finals"":0,""prizeMoney"":3765760,""points"":0}",,,,,,,,,,,,,,20,,false,false,false,,104,44,15,0,0,0,0,0,10,5,0,0,0,29,11,estimated from season exits versus eligible schedule | 29 eligible events not entered,Amateur,normal,,,false,false,false,false,0,0,0,,0,false,,senior,amateur,,,true,true,
2048/49,wp-adrian-nakamura,Adrian Nakamura,50,THA,Veteran,Amateur,false,false,false,,0,0,,Amateur,,,,,,,,,,,,,79,82,78,78,71,91,70,17,30,0,0,0,,0,,,,,,,0,0,12,12,0,100,0,0,379406,"{""matches"":12,""wins"":12,""losses"":0,""draws"":0,""winPercentage"":100,""eventsEntered"":0,""titles"":0,""finals"":0,""prizeMoney"":379406,""points"":0}",,,,,,,,,,,,,,73,,false,false,false,,104,44,15,0,0,0,0,0,10,5,0,0,0,29,11,estimated from season exits versus eligible schedule | 29 eligible events not entered,Amateur,normal,,,false,false,false,false,0,0,0,,0,false,,amateur,amateur,,,true,true,
2048/49,wp-adrian-verma,Adrian Verma,53,ENG,Veteran,Amateur,false,false,false,,0,0,,Amateur,,,,,,,,,,,,,78,84,76,80,68,86,55,23,57,0,0,0,,0,,,,,,,0,0,228,157,71,68.85964912280701,0,0,3410651,"{""matches"":228,""wins"":157,""losses"":71,""draws"":0,""winPercentage"":68.85964912280701,""eventsEntered"":0,""titles"":0,""finals"":0,""prizeMoney"":3410651,""points"":0}",,,,,,,,,,,,,,18,,false,false,false,,104,44,15,0,0,0,0,0,10,5,0,0,0,29,11,estimated from season exits versus eligible schedule | 29 eligible events not entered,Amateur,normal,,,false,false,false,false,0,0,0,,0,false,,senior,amateur,,,true,true,
2048/49,wp-adrian-vos,Adrian Vos,71,WAL,Veteran,Senior Tour / Legend Circuit,false,false,false,,0,0,,Amateur,,,,,,,,,,13,,,70,70,65,68,51,73,55,53,31,1,1,0,100,1,,,,,,,0,13,87,63,24,72.41379310344827,6,0,122844,"{""matches"":87,""wins"":63,""losses"":24,""draws"":0,""winPercentage"":72.41379310344827,""eventsEntered"":0,""titles"":6,""finals"":0,""prizeMoney"":122844,""points"":0}",,,,,,,,,,,,,,125,,false,false,false,,104,14,11,0,0,0,0,0,0,0,0,0,11,3,0,estimated from season exits versus eligible schedule | 3 eligible events not entered,Senior/Legend,normal,,,false,false,false,false,0,0,0,,1,false,,amateur,senior,,,true,true,
2048/49,wp-adrian-whitaker,Adrian Whitaker,51,NIR,Veteran,Amateur,false,false,false,,0,0,,Amateur,,,,,,,,,,,,,63,63,62,58,54,71,52,20,18,0,0,0,,0,,,,,,,0,0,57,33,24,57.89473684210527,0,0,0,"{""matches"":57,""wins"":33,""losses"":24,""draws"":0,""winPercentage"":57.89473684210527,""eventsEntered"":0,""titles"":0,""finals"":0,""prizeMoney"":0,""points"":0}",,,,,,,,,,,,,,,,false,false,false,,104,44,15,0,0,0,0,0,10,5,0,0,0,29,11,estimated from season exits versus eligible schedule | 29 eligible events not entered,Amateur,normal,,,false,false,false,false,0,0,0,,0,false,,amateur,amateur,,,true,true,
2048/49,wp-adrian-yates,Adrian Yates,48,POL,Veteran,Amateur,false,false,false,,0,0,,Amateur,,,,,,,,,,,,,72,72,71,69,65,85,72,14,18,0,0,0,,0,,,,,,,0,0,14,14,0,100,0,0,0,"{""matches"":14,""wins"":14,""losses"":0,""draws"":0,""winPercentage"":100,""eventsEntered"":0,""titles"":0,""finals"":0,""prizeMoney"":0,""points"":0}",,,,,,,,,,,,,,,,false,false,false,,104,44,15,0,0,0,0,0,10,5,0,0,0,29,11,estimated from season exits versus eligible schedule | 29 eligible events not entered,Amateur,normal,,,false,false,false,false,0,0,0,,0,false,,amateur,amateur,,,true,true,
2048/49,wp-arlo-dawes-q,Arlo Dawes Q,15,THA,Youth,Amateur,false,false,false,,0,0,,Amateur,,,,,,,,,,,,,63,77,65,60,62,74,65,16,18,7,4,3,57.14285714285714,0,,,,,,,0,93,7,4,3,57.14285714285714,0,0,0,"{""matches"":7,""wins"":4,""losses"":3,""draws"":0,""winPercentage"":57.14285714285714,""eventsEntered"":0,""titles"":0,""finals"":0,""prizeMoney"":0,""points"":0}",,,,,,,,,,,,,,,,false,false,false,,104,61,10,0,0,0,0,0,5,5,0,0,0,51,16,estimated from season exits versus eligible schedule | 51 eligible events not entered,Youth,normal,,,false,false,false,false,0,0,0,,0,false,,youth,youth,,,true,true,
2048/49,wp-bailey-ashford,Bailey Ashford,70,JPN,Veteran,Amateur,false,false,false,,0,0,,Amateur,,,,,,,,,,,,,79,84,74,77,61,79,42,49,40,0,0,0,,0,,,,,,,0,0,25,20,5,80,0,0,788848,"{""matches"":25,""wins"":20,""losses"":5,""draws"":0,""winPercentage"":80,""eventsEntered"":0,""titles"":0,""finals"":0,""prizeMoney"":788848,""points"":0}",,,,,,,,,,,,,,29,,false,false,false,,104,44,15,0,0,0,0,0,10,5,0,0,0,29,11,estimated from season exits versus eligible schedule | 29 eligible events not entered,Amateur,normal,,,false,false,false,false,0,0,0,,0,false,,senior,amateur,,,true,true,
2048/49,wp-bailey-easton,Bailey Easton,43,THA,Veteran,Amateur,false,false,false,,0,0,,Amateur,,,,,,,,,,,,,62,62,62,58,57,74,59,7,18,0,0,0,,0,,,,,,,0,0,88,48,40,54.54545454545454,0,0,0,"{""matches"":88,""wins"":48,""losses"":40,""draws"":0,""winPercentage"":54.54545454545454,""eventsEntered"":0,""titles"":0,""finals"":0,""prizeMoney"":0,""points"":0}",,,,,,,,,,,,,,,,false,false,false,,104,44,15,0,0,0,0,0,10,5,0,0,0,29,11,estimated from season exits versus eligible schedule | 29 eligible events not entered,Amateur,normal,,,false,false,false,false,0,0,0,,0,false,,amateur,amateur,,,true,true,
2048/49,wp-bailey-fletcher,Bailey Fletcher,50,POL,Veteran,Amateur,false,false,false,,0,0,,Amateur,,,,,,,,,,,,,79,82,78,78,71,91,70,17,31,0,0,0,,0,,,,,,,0,0,12,12,0,100,0,0,404884,"{""matches"":12,""wins"":12,""losses"":0,""draws"":0,""winPercentage"":100,""eventsEntered"":0,""titles"":0,""finals"":0,""prizeMoney"":404884,""points"":0}",,,,,,,,,,,,,,69,,false,false,false,,104,44,15,0,0,0,0,0,10,5,0,0,0,29,11,estimated from season exits versus eligible schedule | 29 eligible events not entered,Amateur,normal,,,false,false,false,false,0,0,0,,0,false,,amateur,amateur,,,true,true,
2048/49,wp-bailey-harrington,Bailey Harrington,51,ENG,Veteran,Amateur,false,false,false,,0,0,,Amateur,,,,,,,,,,,,,72,72,71,69,63,84,69,18,18,0,0,0,,0,,,,,,,0,0,12,12,0,100,0,0,0,"{""matches"":12,""wins"":12,""losses"":0,""draws"":0,""winPercentage"":100,""eventsEntered"":0,""titles"":0,""finals"":0,""prizeMoney"":0,""points"":0}",,,,,,,,,,,,,,,,false,false,false,,104,44,15,0,0,0,0,0,10,5,0,0,0,29,11,estimated from season exits versus eligible schedule | 29 eligible events not entered,Amateur,normal,,,false,false,false,false,0,0,0,,0,false,,amateur,amateur,,,true,true,
2048/49,wp-bailey-nakamura,Bailey Nakamura,43,ESP,Veteran,Amateur,false,false,false,,0,0,,Amateur,,,,,,,,,,,,,73,76,73,73,68,86,64,7,40,0,0,0,,0,,,,,,,0,0,155,100,55,64.51612903225806,1,0,1489829,"{""matches"":155,""wins"":100,""losses"":55,""draws"":0,""winPercentage"":64.51612903225806,""eventsEntered"":0,""titles"":1,""finals"":0,""prizeMoney"":1489829,""points"":0}",,,,,,,,,,,,,,61,,false,false,false,,104,44,15,0,0,0,0,0,10,5,0,0,0,29,11,estimated from season exits versus eligible schedule | 29 eligible events not entered,Amateur,normal,,,false,false,false,false,0,0,0,,0,false,,senior,amateur,,,true,true,
2048/49,wp-bailey-olsen,Bailey Olsen,69,ENG,Veteran,Senior Tour / Legend Circuit,false,false,false,,0,0,,Amateur,,,,,,,,,,20,,,67,68,62,62,48,63,40,69,21,7,5,2,71.42857142857143,0,,,,,,,0,179,155,111,44,71.61290322580646,0,0,160124,"{""matches"":155,""wins"":111,""losses"":44,""draws"":0,""winPercentage"":71.61290322580646,""eventsEntered"":0,""titles"":0,""finals"":0,""prizeMoney"":160124,""points"":0}",,,,,,,,,,,,,,117,,false,false,false,,104,14,11,0,0,0,0,0,0,0,0,0,11,3,0,estimated from season exits versus eligible schedule | 3 eligible events not entered,Senior/Legend,normal,,,false,false,false,false,0,0,0,,0,false,,amateur,senior,,,true,true,
2048/49,wp-bailey-tremblay,Bailey Tremblay,53,SWE,Veteran,Amateur,false,false,false,,0,0,,Amateur,,,,,,,,,,,,,75,78,73,74,65,84,57,22,39,0,0,0,,0,,,,,,,0,0,106,77,29,72.64150943396226,1,0,1339806,"{""matches"":106,""wins"":77,""losses"":29,""draws"":0,""winPercentage"":72.64150943396226,""eventsEntered"":0,""titles"":1,""finals"":0,""prizeMoney"":1339806,""points"":0}",,,,,,,,,,,,,,62,,false,false,false,,104,44,15,0,0,0,0,0,10,5,0,0,0,29,11,estimated from season exits versus eligible schedule | 29 eligible events not entered,Amateur,normal,,,false,false,false,false,0,0,0,,0,false,,senior,amateur,,,true,true,
2048/49,wp-bailey-urban,Bailey Urban,43,ENG,Veteran,Amateur,false,false,false,,0,0,,Amateur,,,,,,,,,,,,,72,75,72,71,67,84,62,7,33,0,0,0,,0,,,,,,,0,0,157,99,58,63.05732484076433,0,0,642587,"{""matches"":157,""wins"":99,""losses"":58,""draws"":0,""winPercentage"":63.05732484076433,""eventsEntered"":0,""titles"":0,""finals"":0,""prizeMoney"":642587,""points"":0}",,,,,,,,,,,,,,63,,false,false,false,,104,44,15,0,0,0,0,0,10,5,0,0,0,29,11,estimated from season exits versus eligible schedule | 29 eligible events not entered,Amateur,normal,,,false,false,false,false,0,0,0,,0,false,,senior,amateur,,,true,true,
2048/49,wp-bartosz-ashford,Bartosz Ashford,47,PAK,Veteran,Amateur,false,false,false,,0,0,,Amateur,,,,,,,,,,,,,72,72,71,70,65,86,73,12,18,0,0,0,,0,,,,,,,0,0,14,14,0,100,0,0,0,"{""matches"":14,""wins"":14,""losses"":0,""draws"":0,""winPercentage"":100,""eventsEntered"":0,""titles"":0,""finals"":0,""prizeMoney"":0,""points"":0}",,,,,,,,,,,,,,,,false,false,false,,104,44,15,0,0,0,0,0,10,5,0,0,0,29,11,estimated from season exits versus eligible schedule | 29 eligible events not entered,Amateur,normal,,,false,false,false,false,0,0,0,,0,false,,amateur,amateur,,,true,true,
2048/49,wp-bartosz-bouchard,Bartosz Bouchard,71,CHN,Veteran,Amateur,false,false,false,,0,0,,Amateur,,,,,,,,,,,,,80,83,75,77,62,82,49,50,32,0,0,0,,0,,,,,,,0,0,12,12,0,100,0,0,435980,"{""matches"":12,""wins"":12,""losses"":0,""draws"":0,""winPercentage"":100,""eventsEntered"":0,""titles"":0,""finals"":0,""prizeMoney"":435980,""points"":0}",,,,,,,,,,,,,,63,,false,false,false,,104,44,15,0,0,0,0,0,10,5,0,0,0,29,11,estimated from season exits versus eligible schedule | 29 eligible events not entered,Amateur,normal,,,false,false,false,false,0,0,0,,0,false,,senior,amateur,,,true,true,
2048/49,wp-bartosz-kovacs,Bartosz Kovacs,45,IRL,Veteran,Amateur,false,false,false,,0,0,,Amateur,,,,,,,,,,,,,76,81,76,76,70,88,61,10,41,0,0,0,,0,,,,,,,0,0,106,69,37,65.09433962264151,0,0,872843,"{""matches"":106,""wins"":69,""losses"":37,""draws"":0,""winPercentage"":65.09433962264151,""eventsEntered"":0,""titles"":0,""finals"":0,""prizeMoney"":872843,""points"":0}",,,,,,,,,,,,,,29,,false,false,false,,104,44,15,0,0,0,0,0,10,5,0,0,0,29,11,estimated from season exits versus eligible schedule | 29 eligible events not entered,Amateur,normal,,,false,false,false,false,0,4,104930,,0,false,,senior,amateur,,,true,true,
2048/49,wp-bartosz-petrov,Bartosz Petrov,54,IRL,Veteran,Amateur,false,false,false,,0,0,,Amateur,,,,,,,,,,,,,76,79,74,75,66,85,59,24,37,0,0,0,,0,,,,,,,0,0,62,48,14,77.41935483870968,2,0,624376,"{""matches"":62,""wins"":48,""losses"":14,""draws"":0,""winPercentage"":77.41935483870968,""eventsEntered"":0,""titles"":2,""finals"":0,""prizeMoney"":624376,""points"":0}",,,,,,,,,,,,,,63,,false,false,false,,104,44,15,0,0,0,0,0,10,5,0,0,0,29,11,estimated from season exits versus eligible schedule | 29 eligible events not entered,Amateur,normal,,,false,false,false,false,0,0,0,,0,false,,senior,amateur,,,true,true,
2048/49,wp-bartosz-whitaker,Bartosz Whitaker,53,BEL,Veteran,Amateur,false,false,false,,0,0,,Amateur,,,,,,,,,,,,,69,69,67,65,59,78,61,22,18,0,0,0,,0,,,,,,,0,0,13,11,2,84.61538461538461,0,0,0,"{""matches"":13,""wins"":11,""losses"":2,""draws"":0,""winPercentage"":84.61538461538461,""eventsEntered"":0,""titles"":0,""finals"":0,""prizeMoney"":0,""points"":0}",,,,,,,,,,,,,,,,false,false,false,,104,44,15,0,0,0,0,0,10,5,0,0,0,29,11,estimated from season exits versus eligible schedule | 29 eligible events not entered,Amateur,normal,,,false,false,false,false,0,0,0,,0,false,,amateur,amateur,,,true,true,
2048/49,wp-bartosz-yates,Bartosz Yates,44,AUS,Veteran,Amateur,false,false,false,,0,0,,Amateur,,,,,,,,,,,,,72,72,72,70,67,87,76,7,18,0,0,0,,0,,,,,,,0,0,12,12,0,100,0,0,0,"{""matches"":12,""wins"":12,""losses"":0,""draws"":0,""winPercentage"":100,""eventsEntered"":0,""titles"":0,""finals"":0,""prizeMoney"":0,""points"":0}",,,,,,,,,,,,,,,,false,false,false,,104,44,15,0,0,0,0,0,10,5,0,0,0,29,11,estimated from season exits versus eligible schedule | 29 eligible events not entered,Amateur,normal,,,false,false,false,false,0,0,0,,0,false,,amateur,amateur,,,true,true,
2048/49,wp-cedric-ashford,Cedric Ashford,68,CAN,Veteran,Senior Tour / Legend Circuit,false,false,false,,0,0,,Amateur,,,,,,,,,,23,,,65,65,60,59,47,62,36,62,18,5,3,2,60,0,,,,,,,0,121,145,101,44,69.6551724137931,0,0,0,"{""matches"":145,""wins"":101,""losses"":44,""draws"":0,""winPercentage"":69.6551724137931,""eventsEntered"":0,""titles"":0,""finals"":0,""prizeMoney"":0,""points"":0}",,,,,,,,,,,,,,,,false,false,false,,104,14,11,0,0,0,0,0,0,0,0,0,11,3,0,estimated from season exits versus eligible schedule | 3 eligible events not entered,Senior/Legend,normal,,,false,false,false,false,0,0,0,,0,false,,amateur,senior,,,true,true,
2048/49,wp-cedric-barker,Cedric Barker,48,SWE,Veteran,Amateur,false,false,false,,0,0,,Amateur,,,,,,,,,,,,,72,72,71,69,65,85,72,14,18,0,0,0,,0,,,,,,,0,0,14,14,0,100,0,0,0,"{""matches"":14,""wins"":14,""losses"":0,""draws"":0,""winPercentage"":100,""eventsEntered"":0,""titles"":0,""finals"":0,""prizeMoney"":0,""points"":0}",,,,,,,,,,,,,,,,false,false,false,,104,44,15,0,0,0,0,0,10,5,0,0,0,29,11,estimated from season exits versus eligible schedule | 29 eligible events not entered,Amateur,normal,,,false,false,false,false,0,0,0,,0,false,,amateur,amateur,,,true,true,
2048/49,wp-cedric-easton,Cedric Easton,53,POL,Veteran,Amateur,false,false,false,,0,0,,Amateur,,,,,,,,,,,,,72,72,70,69,62,83,67,22,18,0,0,0,,0,,,,,,,0,0,12,12,0,100,0,0,0,"{""matches"":12,""wins"":12,""losses"":0,""draws"":0,""winPercentage"":100,""eventsEntered"":0,""titles"":0,""finals"":0,""prizeMoney"":0,""points"":0}",,,,,,,,,,,,,,,,false,false,false,,104,44,15,0,0,0,0,0,10,5,0,0,0,29,11,estimated from season exits versus eligible schedule | 29 eligible events not entered,Amateur,normal,,,false,false,false,false,0,0,0,,0,false,,amateur,amateur,,,true,true,
2048/49,wp-cedric-kovacs,Cedric Kovacs,66,THA,Veteran,Amateur,false,false,false,,0,0,,Amateur,,,,,,,,,,,,,72,72,68,68,56,76,54,42,18,0,0,0,,0,,,,,,,0,0,12,12,0,100,0,0,0,"{""matches"":12,""wins"":12,""losses"":0,""draws"":0,""winPercentage"":100,""eventsEntered"":0,""titles"":0,""finals"":0,""prizeMoney"":0,""points"":0}",,,,,,,,,,,,,,,,false,false,false,,104,44,15,0,0,0,0,0,10,5,0,0,0,29,11,estimated from season exits versus eligible schedule | 29 eligible events not entered,Amateur,normal,,,false,false,false,false,0,0,0,,0,false,,amateur,amateur,,,true,true,
2048/49,wp-cedric-langford,Cedric Langford,76,CAN,Veteran,Senior Tour / Legend Circuit,false,false,false,,0,0,,Amateur,,,,,,,,,,6,,,74,74,68,72,53,75,53,60,36,1,1,0,100,1,,,,,,,0,20,108,85,23,78.70370370370371,9,0,0,"{""matches"":108,""wins"":85,""losses"":23,""draws"":0,""winPercentage"":78.70370370370371,""eventsEntered"":0,""titles"":9,""finals"":0,""prizeMoney"":0,""points"":0}",,,,,,,,,,,,,,,,false,false,false,,104,14,11,0,0,0,0,0,0,0,0,0,11,3,0,estimated from season exits versus eligible schedule | 3 eligible events not entered,Senior/Legend,normal,,,false,false,false,false,0,0,0,,2,false,,amateur,senior,,,true,true,
2048/49,wp-cedric-quinnell,Cedric Quinnell,55,IND,Veteran,Amateur,false,false,false,,0,0,,Amateur,,,,,,,,,,,,,76,80,74,76,65,83,52,26,49,0,0,0,,0,,,,,,,0,0,159,109,50,68.55345911949685,0,0,2721334,"{""matches"":159,""wins"":109,""losses"":50,""draws"":0,""winPercentage"":68.55345911949685,""eventsEntered"":0,""titles"":0,""finals"":0,""prizeMoney"":2721334,""points"":0}",,,,,,,,,,,,,,41,,false,false,false,,104,44,15,0,0,0,0,0,10,5,0,0,0,29,11,estimated from season exits versus eligible schedule | 29 eligible events not entered,Amateur,normal,,,false,false,false,false,0,0,0,,0,false,,senior,amateur,,,true,true,
2048/49,wp-cedric-rahman,Cedric Rahman,44,POL,Veteran,Amateur,false,false,false,,0,0,,Top 32,29,29,,29,,,,,,,29,,78,83,78,80,70,85,57,33,58,8,4,4,50,0,,,,,,,104063,647,239,166,73,69.4560669456067,1,0,3628314,"{""matches"":239,""wins"":166,""losses"":73,""draws"":0,""winPercentage"":69.4560669456067,""eventsEntered"":0,""titles"":1,""finals"":0,""prizeMoney"":3628314,""points"":0}",,,,,,,,,,,,,,29,,false,false,false,,104,44,15,0,0,0,0,0,10,5,0,0,0,29,11,estimated from season exits versus eligible schedule | 29 eligible events not entered,Amateur,normal,,,true,false,false,false,4,10,244836,,0,false,,senior,amateur,,,true,true,
2048/49,wp-cedric-sorensen,Cedric Sorensen,48,IND,Veteran,Amateur,false,false,false,,0,0,,Amateur,,,,,,,,,,,,,76,80,75,77,69,86,59,15,48,0,0,0,,0,,,,,,,0,0,213,145,68,68.07511737089203,0,0,2435064,"{""matches"":213,""wins"":145,""losses"":68,""draws"":0,""winPercentage"":68.07511737089203,""eventsEntered"":0,""titles"":0,""finals"":0,""prizeMoney"":2435064,""points"":0}",,,,,,,,,,,,,,39,,false,false,false,,104,44,15,0,0,0,0,0,10,5,0,0,0,29,11,estimated from season exits versus eligible schedule | 29 eligible events not entered,Amateur,normal,,,false,false,false,false,0,0,0,,0,false,,senior,amateur,,,true,true,
2048/49,wp-cedric-yates,Cedric Yates,73,NIR,Veteran,Senior Tour / Legend Circuit,false,false,false,,0,0,,Amateur,,,,,,,,,,11,,,77,79,71,75,56,75,47,71,40,6,5,1,83.33333333333334,0,,,,,,,0,186,92,73,19,79.34782608695652,7,0,304274,"{""matches"":92,""wins"":73,""losses"":19,""draws"":0,""winPercentage"":79.34782608695652,""eventsEntered"":0,""titles"":7,""finals"":0,""prizeMoney"":304274,""points"":0}",,,,,,,,,,,,,,92,,false,false,false,,104,14,11,0,0,0,0,0,0,0,0,0,11,3,0,estimated from season exits versus eligible schedule | 3 eligible events not entered,Senior/Legend,normal,,,false,false,false,false,0,0,0,,0,false,,amateur,senior,,,true,true,
2048/49,wp-connor-drayton,Connor Drayton,67,SCO,Veteran,Amateur,false,false,false,,0,0,,Amateur,,,,,,,,,,,,,76,78,71,73,60,80,53,44,25,0,0,0,,0,,,,,,,0,0,12,12,0,100,0,0,269542,"{""matches"":12,""wins"":12,""losses"":0,""draws"":0,""winPercentage"":100,""eventsEntered"":0,""titles"":0,""finals"":0,""prizeMoney"":269542,""points"":0}",,,,,,,,,,,,,,95,,false,false,false,,104,44,15,0,0,0,0,0,10,5,0,0,0,29,11,estimated from season exits versus eligible schedule | 29 eligible events not entered,Amateur,normal,,,false,false,false,false,0,0,0,,0,false,,amateur,amateur,,,true,true,
2048/49,wp-connor-iqbal,Connor Iqbal,47,BEL,Veteran,Amateur,false,false,false,,0,0,,Amateur,,,,,,,,,,,,,72,72,71,70,65,86,73,12,18,0,0,0,,0,,,,,,,0,0,12,12,0,100,0,0,0,"{""matches"":12,""wins"":12,""losses"":0,""draws"":0,""winPercentage"":100,""eventsEntered"":0,""titles"":0,""finals"":0,""prizeMoney"":0,""points"":0}",,,,,,,,,,,,,,,,false,false,false,,104,44,15,0,0,0,0,0,10,5,0,0,0,29,11,estimated from season exits versus eligible schedule | 29 eligible events not entered,Amateur,normal,,,false,false,false,false,0,0,0,,0,false,,amateur,amateur,,,true,true,
2048/49,wp-connor-mendoza,Connor Mendoza,69,NOR,Veteran,Amateur,false,false,false,,0,0,,Amateur,,,,,,,,,,,,,82,88,77,81,65,82,41,48,51,0,0,0,,0,,,,,,,0,0,61,42,19,68.85245901639344,2,0,1258819,"{""matches"":61,""wins"":42,""losses"":19,""draws"":0,""winPercentage"":68.85245901639344,""eventsEntered"":0,""titles"":2,""finals"":0,""prizeMoney"":1258819,""points"":0}",,,,,,,,,,,,,,3,,false,false,false,,104,44,15,0,0,0,0,0,10,5,0,0,0,29,11,estimated from season exits versus eligible schedule | 29 eligible events not entered,Amateur,normal,,,false,false,false,false,0,0,0,,0,false,,senior,amateur,,,true,true,
2048/49,wp-connor-otero,Connor Otero,66,IRL,Veteran,Amateur,false,false,false,,0,0,,Amateur,,,,,,,,,,,,,74,77,70,70,58,76,43,43,31,0,0,0,,0,,,,,,,0,0,38,28,10,73.68421052631578,0,0,326929,"{""matches"":38,""wins"":28,""losses"":10,""draws"":0,""winPercentage"":73.68421052631578,""eventsEntered"":0,""titles"":0,""finals"":0,""prizeMoney"":326929,""points"":0}",,,,,,,,,,,,,,66,,false,false,false,,104,44,15,0,0,0,0,0,10,5,0,0,0,29,11,estimated from season exits versus eligible schedule | 29 eligible events not entered,Amateur,normal,,,false,false,false,false,0,0,0,,0,false,,amateur,amateur,,,true,true,
2048/49,wp-connor-upton,Connor Upton,54,AUS,Veteran,Amateur,false,false,false,,0,0,,Amateur,,,,,,,,,,,,,76,80,74,76,66,83,53,24,48,0,0,0,,0,,,,,,,0,0,153,105,48,68.62745098039215,0,0,2604041,"{""matches"":153,""wins"":105,""losses"":48,""draws"":0,""winPercentage"":68.62745098039215,""eventsEntered"":0,""titles"":0,""finals"":0,""prizeMoney"":2604041,""points"":0}",,,,,,,,,,,,,,40,,false,false,false,,104,44,15,0,0,0,0,0,10,5,0,0,0,29,11,estimated from season exits versus eligible schedule | 29 eligible events not entered,Amateur,normal,,,false,false,false,false,0,0,0,,0,false,,senior,amateur,,,true,true,
2048/49,wp-connor-verma,Connor Verma,53,BEL,Veteran,Amateur,false,false,false,,0,0,,Amateur,,,,,,,,,,,,,65,65,63,61,55,73,55,23,18,0,0,0,,0,,,,,,,0,0,39,27,12,69.23076923076923,0,0,0,"{""matches"":39,""wins"":27,""losses"":12,""draws"":0,""winPercentage"":69.23076923076923,""eventsEntered"":0,""titles"":0,""finals"":0,""prizeMoney"":0,""points"":0}",,,,,,,,,,,,,,,,false,false,false,,104,44,15,0,0,0,0,0,10,5,0,0,0,29,11,estimated from season exits versus eligible schedule | 29 eligible events not entered,Amateur,normal,,,false,false,false,false,0,0,0,,0,false,,amateur,amateur,,,true,true,
2048/49,wp-connor-whitaker,Connor Whitaker,51,AUS,Veteran,Amateur,false,false,false,,0,0,,Amateur,,,,,,,,,,,,,72,72,71,69,63,84,69,18,18,0,0,0,,0,,,,,,,0,0,14,14,0,100,0,0,0,"{""matches"":14,""wins"":14,""losses"":0,""draws"":0,""winPercentage"":100,""eventsEntered"":0,""titles"":0,""finals"":0,""prizeMoney"":0,""points"":0}",,,,,,,,,,,,,,,,false,false,false,,104,44,15,0,0,0,0,0,10,5,0,0,0,29,11,estimated from season exits versus eligible schedule | 29 eligible events not entered,Amateur,normal,,,false,false,false,false,0,0,0,,0,false,,amateur,amateur,,,true,true,
2048/49,wp-dario-ashford,Dario Ashford,51,SWE,Veteran,Amateur,false,false,false,,0,0,,Amateur,,,,,,,,,,,,,75,75,74,74,66,88,73,18,26,0,0,0,,0,,,,,,,0,0,14,14,0,100,4,0,0,"{""matches"":14,""wins"":14,""losses"":0,""draws"":0,""winPercentage"":100,""eventsEntered"":0,""titles"":4,""finals"":0,""prizeMoney"":0,""points"":0}",,,,,,,,,,,,,,,,false,false,false,,104,44,15,0,0,0,0,0,10,5,0,0,0,29,11,estimated from season exits versus eligible schedule | 29 eligible events not entered,Amateur,normal,,,false,false,false,false,0,0,0,,0,false,,amateur,amateur,,,true,true,
2048/49,wp-dario-janssen,Dario Janssen,54,THA,Veteran,Amateur,false,false,false,,0,0,,Amateur,,,,,,,,,,,,,77,82,75,77,67,84,53,24,50,0,0,0,,0,,,,,,,0,0,135,90,45,66.66666666666666,0,0,2434215,"{""matches"":135,""wins"":90,""losses"":45,""draws"":0,""winPercentage"":66.66666666666666,""eventsEntered"":0,""titles"":0,""finals"":0,""prizeMoney"":2434215,""points"":0}",,,,,,,,,,,,,,23,,false,false,false,,104,44,15,0,0,0,0,0,10,5,0,0,0,29,11,estimated from season exits versus eligible schedule | 29 eligible events not entered,Amateur,normal,,,false,false,false,false,0,0,0,,0,false,,senior,amateur,,,true,true,
2048/49,wp-dario-petrov,Dario Petrov,54,WAL,Veteran,Amateur,false,false,false,,0,0,,Amateur,,,,,,,,,,,,,78,80,76,76,68,88,66,23,29,0,0,0,,0,,,,,,,0,0,12,12,0,100,0,0,335438,"{""matches"":12,""wins"":12,""losses"":0,""draws"":0,""winPercentage"":100,""eventsEntered"":0,""titles"":0,""finals"":0,""prizeMoney"":335438,""points"":0}",,,,,,,,,,,,,,79,,false,false,false,,104,44,15,0,0,0,0,0,10,5,0,0,0,29,11,estimated from season exits versus eligible schedule | 29 eligible events not entered,Amateur,normal,,,false,false,false,false,0,0,0,,0,false,,amateur,amateur,,,true,true,
2048/49,wp-dario-verma,Dario Verma,45,GER,Veteran,Amateur,false,false,false,,0,0,,Amateur,,,,,,,,,,,,,76,81,76,78,70,88,62,10,52,0,0,0,,0,,,,,,,0,0,211,143,68,67.77251184834124,0,0,3142109,"{""matches"":211,""wins"":143,""losses"":68,""draws"":0,""winPercentage"":67.77251184834124,""eventsEntered"":0,""titles"":0,""finals"":0,""prizeMoney"":3142109,""points"":0}",,,,,,,,,,,,,,35,,false,false,false,,104,44,15,0,0,0,0,0,10,5,0,0,0,29,11,estimated from season exits versus eligible schedule | 29 eligible events not entered,Amateur,normal,,,false,false,false,false,0,5,121406,,0,false,,senior,amateur,,,true,true,
2048/49,wp-dario-whitaker,Dario Whitaker,47,THA,Veteran,Amateur,false,false,false,,0,0,,Amateur,,,,,,,,,,,,,72,72,71,70,65,86,73,12,18,0,0,0,,0,,,,,,,0,0,12,12,0,100,0,0,0,"{""matches"":12,""wins"":12,""losses"":0,""draws"":0,""winPercentage"":100,""eventsEntered"":0,""titles"":0,""finals"":0,""prizeMoney"":0,""points"":0}",,,,,,,,,,,,,,,,false,false,false,,104,44,15,0,0,0,0,0,10,5,0,0,0,29,11,estimated from season exits versus eligible schedule | 29 eligible events not entered,Amateur,normal,,,false,false,false,false,0,0,0,,0,false,,amateur,amateur,,,true,true,
2048/49,wp-dario-yates,Dario Yates,44,CAN,Veteran,Amateur,false,false,false,,0,0,,Amateur,,,,,,,,,,,,,72,72,72,70,67,87,76,7,18,0,0,0,,0,,,,,,,0,0,14,14,0,100,0,0,0,"{""matches"":14,""wins"":14,""losses"":0,""draws"":0,""winPercentage"":100,""eventsEntered"":0,""titles"":0,""finals"":0,""prizeMoney"":0,""points"":0}",,,,,,,,,,,,,,,,false,false,false,,104,44,15,0,0,0,0,0,10,5,0,0,0,29,11,estimated from season exits versus eligible schedule | 29 eligible events not entered,Amateur,normal,,,false,false,false,false,0,0,0,,0,false,,amateur,amateur,,,true,true,
2048/49,wp-dylan-ashford,Dylan Ashford,48,BRA,Veteran,Amateur,false,false,false,,0,0,,Amateur,,,,,,,,,,,,,72,72,71,69,65,85,72,14,18,0,0,0,,0,,,,,,,0,0,8,8,0,100,0,0,0,"{""matches"":8,""wins"":8,""losses"":0,""draws"":0,""winPercentage"":100,""eventsEntered"":0,""titles"":0,""finals"":0,""prizeMoney"":0,""points"":0}",,,,,,,,,,,,,,,,false,false,false,,104,44,15,0,0,0,0,0,10,5,0,0,0,29,11,estimated from season exits versus eligible schedule | 29 eligible events not entered,Amateur,normal,,,false,false,false,false,0,0,0,,0,false,,amateur,amateur,,,true,true,
2048/49,wp-dylan-caldwell,Dylan Caldwell,45,SCO,Veteran,Amateur,false,false,false,,0,0,,Amateur,,,,,,,,,,,,,72,72,72,70,66,87,75,9,18,0,0,0,,0,,,,,,,0,0,14,14,0,100,0,0,0,"{""matches"":14,""wins"":14,""losses"":0,""draws"":0,""winPercentage"":100,""eventsEntered"":0,""titles"":0,""finals"":0,""prizeMoney"":0,""points"":0}",,,,,,,,,,,,,,,,false,false,false,,104,44,15,0,0,0,0,0,10,5,0,0,0,29,11,estimated from season exits versus eligible schedule | 29 eligible events not entered,Amateur,normal,,,false,false,false,false,0,0,0,,0,false,,amateur,amateur,,,true,true,
2048/49,wp-dylan-drayton,Dylan Drayton,44,BEL,Veteran,Amateur,false,false,false,,0,0,,Amateur,,,,,,,,,,,,,72,72,72,70,67,87,76,7,18,0,0,0,,0,,,,,,,0,0,10,10,0,100,0,0,0,"{""matches"":10,""wins"":10,""losses"":0,""draws"":0,""winPercentage"":100,""eventsEntered"":0,""titles"":0,""finals"":0,""prizeMoney"":0,""points"":0}",,,,,,,,,,,,,,,,false,false,false,,104,44,15,0,0,0,0,0,10,5,0,0,0,29,11,estimated from season exits versus eligible schedule | 29 eligible events not entered,Amateur,normal,,,false,false,false,false,0,0,0,,0,false,,amateur,amateur,,,true,true,
2048/49,wp-dylan-lombardi,Dylan Lombardi,45,BEL,Veteran,Amateur,false,false,false,,0,0,,Amateur,,,,,,,,,,,,,79,82,79,79,73,94,75,9,31,0,0,0,,0,,,,,,,0,0,12,12,0,100,0,0,388412,"{""matches"":12,""wins"":12,""losses"":0,""draws"":0,""winPercentage"":100,""eventsEntered"":0,""titles"":0,""finals"":0,""prizeMoney"":388412,""points"":0}",,,,,,,,,,,,,,70,,false,false,false,,104,44,15,0,0,0,0,0,10,5,0,0,0,29,11,estimated from season exits versus eligible schedule | 29 eligible events not entered,Amateur,normal,,,false,false,false,false,0,0,0,,0,false,,amateur,amateur,,,true,true,
2048/49,wp-dylan-madsen,Dylan Madsen,47,ITA,Veteran,Amateur,false,false,false,,0,0,,Amateur,,,,,,,,,,,,,72,72,71,70,65,86,73,12,18,0,0,0,,0,,,,,,,0,0,12,12,0,100,0,0,0,"{""matches"":12,""wins"":12,""losses"":0,""draws"":0,""winPercentage"":100,""eventsEntered"":0,""titles"":0,""finals"":0,""prizeMoney"":0,""points"":0}",,,,,,,,,,,,,,,,false,false,false,,104,44,15,0,0,0,0,0,10,5,0,0,0,29,11,estimated from season exits versus eligible schedule | 29 eligible events not entered,Amateur,normal,,,false,false,false,false,0,0,0,,0,false,,amateur,amateur,,,true,true,
2048/49,wp-dylan-sorensen,Dylan Sorensen,44,PAK,Veteran,Amateur,false,false,false,,0,0,,Safe,33,33,,33,,,,,,,33,,77,82,77,79,69,84,59,36,55,9,5,4,55.55555555555556,0,,,,,,,121117,753,213,148,65,69.48356807511738,1,0,3247328,"{""matches"":213,""wins"":148,""losses"":65,""draws"":0,""winPercentage"":69.48356807511738,""eventsEntered"":0,""titles"":1,""finals"":0,""prizeMoney"":3247328,""points"":0}",,,,,,,,,,,,,,33,,false,false,false,,104,44,15,0,0,0,0,0,10,5,0,0,0,29,11,estimated from season exits versus eligible schedule | 29 eligible events not entered,Amateur,normal,,,true,false,false,false,5,10,241656,,0,false,,senior,amateur,,,true,true,
2048/49,wp-dylan-tanaka,Dylan Tanaka,45,ITA,Veteran,Amateur,false,false,false,,0,0,,Amateur,,,,,,,,,,,,,73,73,73,71,67,88,75,9,20,0,0,0,,0,,,,,,,0,0,12,12,0,100,0,0,143876,"{""matches"":12,""wins"":12,""losses"":0,""draws"":0,""winPercentage"":100,""eventsEntered"":0,""titles"":0,""finals"":0,""prizeMoney"":143876,""points"":0}",,,,,,,,,,,,,,121,,false,false,false,,104,44,15,0,0,0,0,0,10,5,0,0,0,29,11,estimated from season exits versus eligible schedule | 29 eligible events not entered,Amateur,normal,,,false,false,false,false,0,0,0,,0,false,,amateur,amateur,,,true,true,
2048/49,wp-dylan-tremblay,Dylan Tremblay,51,NOR,Veteran,Amateur,false,false,false,,0,0,,Amateur,,,,,,,,,,,,,71,71,70,68,62,82,67,19,18,0,0,0,,0,,,,,,,0,0,17,16,1,94.11764705882352,0,0,0,"{""matches"":17,""wins"":16,""losses"":1,""draws"":0,""winPercentage"":94.11764705882352,""eventsEntered"":0,""titles"":0,""finals"":0,""prizeMoney"":0,""points"":0}",,,,,,,,,,,,,,,,false,false,false,,104,44,15,0,0,0,0,0,10,5,0,0,0,29,11,estimated from season exits versus eligible schedule | 29 eligible events not entered,Amateur,normal,,,false,false,false,false,0,0,0,,0,false,,amateur,amateur,,,true,true,
2048/49,wp-dylan-yates,Dylan Yates,53,CHN,Veteran,Amateur,false,false,false,,0,0,,Amateur,,,,,,,,,,,,,72,72,70,69,62,83,67,22,18,0,0,0,,0,,,,,,,0,0,8,8,0,100,0,0,0,"{""matches"":8,""wins"":8,""losses"":0,""draws"":0,""winPercentage"":100,""eventsEntered"":0,""titles"":0,""finals"":0,""prizeMoney"":0,""points"":0}",,,,,,,,,,,,,,,,false,false,false,,104,44,15,0,0,0,0,0,10,5,0,0,0,29,11,estimated from season exits versus eligible schedule | 29 eligible events not entered,Amateur,normal,,,false,false,false,false,0,0,0,,0,false,,amateur,amateur,,,true,true,
2048/49,wp-emil-barker,Emil Barker,53,ESP,Veteran,Amateur,false,false,false,,0,0,,Amateur,,,,,,,,,,,,,72,72,70,69,62,83,67,22,18,0,0,0,,0,,,,,,,0,0,8,8,0,100,0,0,0,"{""matches"":8,""wins"":8,""losses"":0,""draws"":0,""winPercentage"":100,""eventsEntered"":0,""titles"":0,""finals"":0,""prizeMoney"":0,""points"":0}",,,,,,,,,,,,,,,,false,false,false,,104,44,15,0,0,0,0,0,10,5,0,0,0,29,11,estimated from season exits versus eligible schedule | 29 eligible events not entered,Amateur,normal,,,false,false,false,false,0,0,0,,0,false,,amateur,amateur,,,true,true,
2048/49,wp-emil-caldwell,Emil Caldwell,77,WAL,Veteran,Senior Tour / Legend Circuit,false,false,false,,0,0,,Amateur,,,,,,,,,,1,,,71,71,64,66,48,66,40,78,26,6,5,1,83.33333333333334,0,,,,,,,0,195,131,111,20,84.7328244274809,4,0,0,"{""matches"":131,""wins"":111,""losses"":20,""draws"":0,""winPercentage"":84.7328244274809,""eventsEntered"":0,""titles"":4,""finals"":0,""prizeMoney"":0,""points"":0}",,,,,,,,,,,,,,,,false,false,false,,104,14,11,0,0,0,0,0,0,0,0,0,11,3,0,estimated from season exits versus eligible schedule | 3 eligible events not entered,Senior/Legend,normal,,,false,false,false,false,0,0,0,,0,false,,amateur,senior,,,true,true,
2048/49,wp-emil-drayton,Emil Drayton,45,GER,Veteran,Amateur,false,false,false,,0,0,,Amateur,,,,,,,,,,,,,72,72,72,70,66,87,75,9,18,0,0,0,,0,,,,,,,0,0,8,8,0,100,0,0,0,"{""matches"":8,""wins"":8,""losses"":0,""draws"":0,""winPercentage"":100,""eventsEntered"":0,""titles"":0,""finals"":0,""prizeMoney"":0,""points"":0}",,,,,,,,,,,,,,,,false,false,false,,104,44,15,0,0,0,0,0,10,5,0,0,0,29,11,estimated from season exits versus eligible schedule | 29 eligible events not entered,Amateur,normal,,,false,false,false,false,0,0,0,,0,false,,amateur,amateur,,,true,true,
2048/49,wp-emil-easton,Emil Easton,50,THA,Veteran,Amateur,false,false,false,,0,0,,Amateur,,,,,,,,,,,,,72,72,71,69,64,84,70,17,18,0,0,0,,0,,,,,,,0,0,10,10,0,100,0,0,0,"{""matches"":10,""wins"":10,""losses"":0,""draws"":0,""winPercentage"":100,""eventsEntered"":0,""titles"":0,""finals"":0,""prizeMoney"":0,""points"":0}",,,,,,,,,,,,,,,,false,false,false,,104,44,15,0,0,0,0,0,10,5,0,0,0,29,11,estimated from season exits versus eligible schedule | 29 eligible events not entered,Amateur,normal,,,false,false,false,false,0,0,0,,0,false,,amateur,amateur,,,true,true,
2048/49,wp-emil-forster,Emil Forster,53,CAN,Veteran,Amateur,false,false,false,,0,0,,Amateur,,,,,,,,,,,,,72,72,70,69,62,83,67,22,18,0,0,0,,0,,,,,,,0,0,12,12,0,100,0,0,0,"{""matches"":12,""wins"":12,""losses"":0,""draws"":0,""winPercentage"":100,""eventsEntered"":0,""titles"":0,""finals"":0,""prizeMoney"":0,""points"":0}",,,,,,,,,,,,,,,,false,false,false,,104,44,15,0,0,0,0,0,10,5,0,0,0,29,11,estimated from season exits versus eligible schedule | 29 eligible events not entered,Amateur,normal,,,false,false,false,false,0,0,0,,0,false,,amateur,amateur,,,true,true,
2048/49,wp-emil-grimaldi,Emil Grimaldi,47,SWE,Veteran,Amateur,false,false,false,,0,0,,Amateur,,,,,,,,,,,,,72,72,71,70,65,86,73,12,18,0,0,0,,0,,,,,,,0,0,12,12,0,100,0,0,0,"{""matches"":12,""wins"":12,""losses"":0,""draws"":0,""winPercentage"":100,""eventsEntered"":0,""titles"":0,""finals"":0,""prizeMoney"":0,""points"":0}",,,,,,,,,,,,,,,,false,false,false,,104,44,15,0,0,0,0,0,10,5,0,0,0,29,11,estimated from season exits versus eligible schedule | 29 eligible events not entered,Amateur,normal,,,false,false,false,false,0,0,0,,0,false,,amateur,amateur,,,true,true,
2048/49,wp-emil-iqbal,Emil Iqbal,47,ESP,Veteran,Amateur,false,false,false,,0,0,,Amateur,,,,,,,,,,,,,74,75,73,72,67,88,73,12,23,0,0,0,,0,,,,,,,0,0,12,12,0,100,0,0,207818,"{""matches"":12,""wins"":12,""losses"":0,""draws"":0,""winPercentage"":100,""eventsEntered"":0,""titles"":0,""finals"":0,""prizeMoney"":207818,""points"":0}",,,,,,,,,,,,,,108,,false,false,false,,104,44,15,0,0,0,0,0,10,5,0,0,0,29,11,estimated from season exits versus eligible schedule | 29 eligible events not entered,Amateur,normal,,,false,false,false,false,0,0,0,,0,false,,amateur,amateur,,,true,true,
2048/49,wp-emil-mendoza,Emil Mendoza,48,JPN,Veteran,Amateur,false,false,false,,0,0,,Amateur,,,,,,,,,,,,,73,76,72,71,66,84,61,15,32,0,0,0,,0,,,,,,,0,0,56,40,16,71.42857142857143,0,0,571188,"{""matches"":56,""wins"":40,""losses"":16,""draws"":0,""winPercentage"":71.42857142857143,""eventsEntered"":0,""titles"":0,""finals"":0,""prizeMoney"":571188,""points"":0}",,,,,,,,,,,,,,70,,false,false,false,,104,44,15,0,0,0,0,0,10,5,0,0,0,29,11,estimated from season exits versus eligible schedule | 29 eligible events not entered,Amateur,normal,,,false,false,false,false,0,0,0,,0,false,,amateur,amateur,,,true,true,
2048/49,wp-emil-sorensen,Emil Sorensen,52,CAN,Veteran,Amateur,false,false,false,,0,0,,Amateur,,,,,,,,,,,,,79,85,77,80,70,87,55,21,54,0,0,0,,0,,,,,,,0,0,137,92,45,67.15328467153284,0,0,2593817,"{""matches"":137,""wins"":92,""losses"":45,""draws"":0,""winPercentage"":67.15328467153284,""eventsEntered"":0,""titles"":0,""finals"":0,""prizeMoney"":2593817,""points"":0}",,,,,,,,,,,,,,9,,false,false,false,,104,44,15,0,0,0,0,0,10,5,0,0,0,29,11,estimated from season exits versus eligible schedule | 29 eligible events not entered,Amateur,normal,,,false,false,false,false,0,0,0,,0,false,,senior,amateur,,,true,true,
2048/49,wp-emil-urban,Emil Urban,44,ENG,Veteran,Amateur,false,false,false,,0,0,,Amateur,,,,,,,,,,,,,72,75,72,70,66,84,63,8,30,0,0,0,,0,,,,,,,0,0,101,69,32,68.31683168316832,0,0,298890,"{""matches"":101,""wins"":69,""losses"":32,""draws"":0,""winPercentage"":68.31683168316832,""eventsEntered"":0,""titles"":0,""finals"":0,""prizeMoney"":298890,""points"":0}",,,,,,,,,,,,,,73,,false,false,false,,104,44,15,0,0,0,0,0,10,5,0,0,0,29,11,estimated from season exits versus eligible schedule | 29 eligible events not entered,Amateur,normal,,,false,false,false,false,0,0,0,,0,false,,amateur,amateur,,,true,true,
2048/49,wp-emil-zimmer,Emil Zimmer,52,GER,Veteran,Amateur,false,false,false,,0,0,,Amateur,,,,,,,,,,,,,76,81,74,76,67,84,55,21,48,0,0,0,,0,,,,,,,0,0,136,92,44,67.64705882352942,0,0,2369898,"{""matches"":136,""wins"":92,""losses"":44,""draws"":0,""winPercentage"":67.64705882352942,""eventsEntered"":0,""titles"":0,""finals"":0,""prizeMoney"":2369898,""points"":0}",,,,,,,,,,,,,,32,,false,false,false,,104,44,15,0,0,0,0,0,10,5,0,0,0,29,11,estimated from season exits versus eligible schedule | 29 eligible events not entered,Amateur,normal,,,false,false,false,false,0,0,0,,0,false,,senior,amateur,,,true,true,
2048/49,wp-euan-ashford,Euan Ashford,45,ITA,Veteran,Amateur,false,false,false,,0,0,,Amateur,,,,,,,,,,,,,70,70,70,67,64,84,71,9,18,0,0,0,,0,,,,,,,0,0,19,17,2,89.47368421052632,0,0,0,"{""matches"":19,""wins"":17,""losses"":2,""draws"":0,""winPercentage"":89.47368421052632,""eventsEntered"":0,""titles"":0,""finals"":0,""prizeMoney"":0,""points"":0}",,,,,,,,,,,,,,,,false,false,false,,104,44,15,0,0,0,0,0,10,5,0,0,0,29,11,estimated from season exits versus eligible schedule | 29 eligible events not entered,Amateur,normal,,,false,false,false,false,0,0,0,,0,false,,amateur,amateur,,,true,true,
2048/49,wp-euan-barker,Euan Barker,47,SCO,Veteran,Amateur,false,false,false,,0,0,,Amateur,,,,,,,,,,,,,65,65,64,61,58,76,60,13,18,0,0,0,,0,,,,,,,0,0,42,28,14,66.66666666666666,0,0,0,"{""matches"":42,""wins"":28,""losses"":14,""draws"":0,""winPercentage"":66.66666666666666,""eventsEntered"":0,""titles"":0,""finals"":0,""prizeMoney"":0,""points"":0}",,,,,,,,,,,,,,,,false,false,false,,104,44,15,0,0,0,0,0,10,5,0,0,0,29,11,estimated from season exits versus eligible schedule | 29 eligible events not entered,Amateur,normal,,,false,false,false,false,0,0,0,,0,false,,amateur,amateur,,,true,true,
2048/49,wp-euan-davenport,Euan Davenport,47,IRL,Veteran,Amateur,false,false,false,,0,0,,Amateur,,,,,,,,,,,,,79,82,78,79,72,93,73,12,32,0,0,0,,0,,,,,,,0,0,12,12,0,100,0,0,423942,"{""matches"":12,""wins"":12,""losses"":0,""draws"":0,""winPercentage"":100,""eventsEntered"":0,""titles"":0,""finals"":0,""prizeMoney"":423942,""points"":0}",,,,,,,,,,,,,,66,,false,false,false,,104,44,15,0,0,0,0,0,10,5,0,0,0,29,11,estimated from season exits versus eligible schedule | 29 eligible events not entered,Amateur,normal,,,false,false,false,false,0,0,0,,0,false,,amateur,amateur,,,true,true,
2048/49,wp-euan-janssen,Euan Janssen,77,CHN,Veteran,Senior Tour / Legend Circuit,false,false,false,,0,0,,Amateur,,,,,,,,,,3,,,76,76,69,74,54,73,46,74,40,5,4,1,80,1,,,,,,,0,249,109,91,18,83.4862385321101,11,0,0,"{""matches"":109,""wins"":91,""losses"":18,""draws"":0,""winPercentage"":83.4862385321101,""eventsEntered"":0,""titles"":11,""finals"":0,""prizeMoney"":0,""points"":0}",,,,,,,,,,,,,,,,false,false,false,,104,14,11,0,0,0,0,0,0,0,0,0,11,3,0,estimated from season exits versus eligible schedule | 3 eligible events not entered,Senior/Legend,normal,,,false,false,false,false,0,0,0,,2,false,,amateur,senior,,,true,true,
2048/49,wp-euan-kovacs,Euan Kovacs,43,BRA,Veteran,Amateur,false,false,false,,0,0,,Amateur,,,,,,,,,,,,,62,62,62,58,57,74,59,7,18,0,0,0,,0,,,,,,,0,0,57,31,26,54.385964912280706,0,0,0,"{""matches"":57,""wins"":31,""losses"":26,""draws"":0,""winPercentage"":54.385964912280706,""eventsEntered"":0,""titles"":0,""finals"":0,""prizeMoney"":0,""points"":0}",,,,,,,,,,,,,,,,false,false,false,,104,44,15,0,0,0,0,0,10,5,0,0,0,29,11,estimated from season exits versus eligible schedule | 29 eligible events not entered,Amateur,normal,,,false,false,false,false,0,0,0,,0,false,,amateur,amateur,,,true,true,
2048/49,wp-euan-madsen,Euan Madsen,48,NOR,Veteran,Amateur,false,false,false,,0,0,,Amateur,,,,,,,,,,,,,73,77,72,72,66,83,57,15,36,0,0,0,,0,,,,,,,0,0,92,57,35,61.95652173913043,0,0,640667,"{""matches"":92,""wins"":57,""losses"":35,""draws"":0,""winPercentage"":61.95652173913043,""eventsEntered"":0,""titles"":0,""finals"":0,""prizeMoney"":640667,""points"":0}",,,,,,,,,,,,,,47,,false,false,false,,104,44,15,0,0,0,0,0,10,5,0,0,0,29,11,estimated from season exits versus eligible schedule | 29 eligible events not entered,Amateur,normal,,,false,false,false,false,0,0,0,,0,false,,senior,amateur,,,true,true,
2048/49,wp-euan-petrov,Euan Petrov,54,AUS,Veteran,Amateur,false,false,false,,0,0,,Amateur,,,,,,,,,,,,,72,75,70,70,62,80,54,24,33,0,0,0,,0,,,,,,,0,0,111,79,32,71.17117117117117,0,0,900140,"{""matches"":111,""wins"":79,""losses"":32,""draws"":0,""winPercentage"":71.17117117117117,""eventsEntered"":0,""titles"":0,""finals"":0,""prizeMoney"":900140,""points"":0}",,,,,,,,,,,,,,73,,false,false,false,,104,44,15,0,0,0,0,0,10,5,0,0,0,29,11,estimated from season exits versus eligible schedule | 29 eligible events not entered,Amateur,normal,,,false,false,false,false,0,0,0,,0,false,,amateur,amateur,,,true,true,
2048/49,wp-euan-rahman,Euan Rahman,47,PAK,Veteran,Amateur,false,false,false,,0,0,,Amateur,,,,,,,,,,,,,72,75,71,71,65,83,60,13,34,0,0,0,,0,,,,,,,0,0,123,84,39,68.29268292682927,0,0,1047561,"{""matches"":123,""wins"":84,""losses"":39,""draws"":0,""winPercentage"":68.29268292682927,""eventsEntered"":0,""titles"":0,""finals"":0,""prizeMoney"":1047561,""points"":0}",,,,,,,,,,,,,,74,,false,false,false,,104,44,15,0,0,0,0,0,10,5,0,0,0,29,11,estimated from season exits versus eligible schedule | 29 eligible events not entered,Amateur,normal,,,false,false,false,false,0,0,0,,0,false,,amateur,amateur,,,true,true,
2048/49,wp-euan-whitaker,Euan Whitaker,56,CHN,Veteran,Amateur,false,false,false,,0,0,,Amateur,,,,,,,,,,,,,79,85,77,80,68,85,49,28,54,0,0,0,,0,,,,,,,0,0,145,90,55,62.06896551724138,0,0,2516707,"{""matches"":145,""wins"":90,""losses"":55,""draws"":0,""winPercentage"":62.06896551724138,""eventsEntered"":0,""titles"":0,""finals"":0,""prizeMoney"":2516707,""points"":0}",,,,,,,,,,,,,,4,,false,false,false,,104,44,15,0,0,0,0,0,10,5,0,0,0,29,11,estimated from season exits versus eligible schedule | 29 eligible events not entered,Amateur,normal,,,false,false,false,false,0,0,0,,0,false,,senior,amateur,,,true,true,
2048/49,wp-evan-mori-p,Evan Mori P,17,AUS,Youth,Amateur,false,false,false,,0,0,,Amateur,,,,,,,,,,,,,65,89,67,62,64,76,65,16,18,7,4,3,57.14285714285714,0,,,,,,,0,96,7,4,3,57.14285714285714,0,0,0,"{""matches"":7,""wins"":4,""losses"":3,""draws"":0,""winPercentage"":57.14285714285714,""eventsEntered"":0,""titles"":0,""finals"":0,""prizeMoney"":0,""points"":0}",,,,,,,,,,,,,,,,false,false,false,,104,61,10,0,0,0,0,0,5,5,0,0,0,51,16,estimated from season exits versus eligible schedule | 51 eligible events not entered,Youth,normal,,,false,false,false,false,0,0,0,,0,false,,youth,youth,,,true,true,
2048/49,wp-evan-mori-q,Evan Mori Q,14,AUS,Youth,Amateur,false,false,false,,0,0,,Amateur,,,,,,,,,,,,,50,81,52,44,50,59,42,0,18,,,,,,,,,,,,,,0,0,0,0,0,0,0,"{""matches"":0,""wins"":0,""losses"":0,""draws"":0,""winPercentage"":0,""eventsEntered"":0,""titles"":0,""finals"":0,""prizeMoney"":0,""points"":0}",,,,,,,,,,,,,,,,,false,false,,104,61,10,0,0,0,0,0,5,5,0,0,0,51,16,estimated from season exits versus eligible schedule | 51 eligible events not entered,Youth,normal,,,false,false,false,false,0,0,0,,0,false,,youth,youth,,,true,true,
2048/49,wp-finn-cross-h,Finn Cross H,28,BEL,Amateur,Q School,false,false,false,,0,0,,Amateur,,,,,,,10,13,11,,,,73,83,75,72,71,82,61,22,36,9,4,5,44.44444444444444,0,,,,,,,0,198,131,85,46,64.8854961832061,1,0,842617,"{""matches"":131,""wins"":85,""losses"":46,""draws"":0,""winPercentage"":64.8854961832061,""eventsEntered"":0,""titles"":1,""finals"":0,""prizeMoney"":842617,""points"":0}",,,,,,,,,,,,,,63,,false,false,false,,104,42,5,0,0,0,0,0,1,4,0,0,0,37,21,estimated from season exits versus eligible schedule | 37 eligible events not entered,Q School,too high,,,false,false,false,false,0,4,93945,,0,false,,qSchool,qSchool,,,true,true,
2048/49,wp-finn-cross-p,Finn Cross P,16,SCO,Youth,Amateur,false,false,false,,0,0,,Amateur,,,,,,,,,,,,,67,86,69,64,66,80,72,18,18,8,6,2,75,0,,,,,,,0,136,17,12,5,70.58823529411765,0,0,0,"{""matches"":17,""wins"":12,""losses"":5,""draws"":0,""winPercentage"":70.58823529411765,""eventsEntered"":0,""titles"":0,""finals"":0,""prizeMoney"":0,""points"":0}",,,,,,,,,,,,,,,,false,false,false,,104,61,10,0,0,0,0,0,5,5,0,0,0,51,16,estimated from season exits versus eligible schedule | 51 eligible events not entered,Youth,normal,,,false,false,false,false,0,0,0,,0,false,,youth,youth,,,true,true,
2048/49,wp-finn-cross-q,Finn Cross Q,14,BEL,Youth,Amateur,false,false,false,,0,0,,Amateur,,,,,,,,,,,,,53,91,55,47,53,62,42,0,18,,,,,,,,,,,,,,0,0,0,0,0,0,0,"{""matches"":0,""wins"":0,""losses"":0,""draws"":0,""winPercentage"":0,""eventsEntered"":0,""titles"":0,""finals"":0,""prizeMoney"":0,""points"":0}",,,,,,,,,,,,,,,,,false,false,,104,61,10,0,0,0,0,0,5,5,0,0,0,51,16,estimated from season exits versus eligible schedule | 51 eligible events not entered,Youth,normal,,,false,false,false,false,0,0,0,,0,false,,youth,youth,,,true,true,
2048/49,wp-fraser-caldwell,Fraser Caldwell,48,IRL,Veteran,Amateur,false,false,false,,0,0,,Amateur,,,,,,,,,,,,,72,72,71,69,65,85,72,14,18,0,0,0,,0,,,,,,,0,0,8,8,0,100,0,0,0,"{""matches"":8,""wins"":8,""losses"":0,""draws"":0,""winPercentage"":100,""eventsEntered"":0,""titles"":0,""finals"":0,""prizeMoney"":0,""points"":0}",,,,,,,,,,,,,,,,false,false,false,,104,44,15,0,0,0,0,0,10,5,0,0,0,29,11,estimated from season exits versus eligible schedule | 29 eligible events not entered,Amateur,normal,,,false,false,false,false,0,0,0,,0,false,,amateur,amateur,,,true,true,
2048/49,wp-fraser-easton,Fraser Easton,77,CHN,Veteran,Senior Tour / Legend Circuit,false,false,false,,0,0,,Amateur,,,,,,,,,,8,,,74,74,67,71,52,70,43,75,34,5,4,1,80,1,,,,,,,0,246,114,96,18,84.21052631578947,8,0,0,"{""matches"":114,""wins"":96,""losses"":18,""draws"":0,""winPercentage"":84.21052631578947,""eventsEntered"":0,""titles"":8,""finals"":0,""prizeMoney"":0,""points"":0}",,,,,,,,,,,,,,,,false,false,false,,104,14,11,0,0,0,0,0,0,0,0,0,11,3,0,estimated from season exits versus eligible schedule | 3 eligible events not entered,Senior/Legend,normal,,,false,false,false,false,0,0,0,,2,false,,amateur,senior,,,true,true,
2048/49,wp-fraser-forster,Fraser Forster,39,BRA,Amateur,Amateur,false,false,false,,0,0,,Amateur,,,,,,,56,,,,,,70,73,71,68,65,77,54,29,36,9,3,6,33.33333333333333,0,,,,,,,0,138,240,143,97,59.583333333333336,0,0,1284595,"{""matches"":240,""wins"":143,""losses"":97,""draws"":0,""winPercentage"":59.583333333333336,""eventsEntered"":0,""titles"":0,""finals"":0,""prizeMoney"":1284595,""points"":0}",,,,,,,,,,,,,,68,,false,false,false,,104,42,15,0,0,0,0,0,10,5,0,0,0,27,11,estimated from season exits versus eligible schedule | 27 eligible events not entered,Amateur,normal,,,false,false,false,false,0,0,0,,0,false,,amateur,amateur,,,true,true,
2048/49,wp-fraser-harrington,Fraser Harrington,38,SCO,Amateur,Amateur,false,false,false,,0,0,,Amateur,,,,,,,54,,,,,,72,75,73,71,67,81,61,27,37,9,4,5,44.44444444444444,0,,,,,,,0,184,269,172,97,63.94052044609665,1,0,1088030,"{""matches"":269,""wins"":172,""losses"":97,""draws"":0,""winPercentage"":63.94052044609665,""eventsEntered"":0,""titles"":1,""finals"":0,""prizeMoney"":1088030,""points"":0}",,,,,,,,,,,,,,69,,false,false,false,,104,42,15,0,0,0,0,0,10,5,0,0,0,27,11,estimated from season exits versus eligible schedule | 27 eligible events not entered,Amateur,normal,,,false,false,false,false,0,0,0,,0,false,,amateur,amateur,,,true,true,
2048/49,wp-fraser-nakamura,Fraser Nakamura,42,FRA,Veteran,Amateur,false,false,false,,0,0,,Amateur,,,,,,,,,,,,,72,75,72,72,67,85,65,5,41,0,0,0,,0,,,,,,,0,0,195,129,66,66.15384615384615,1,0,1960422,"{""matches"":195,""wins"":129,""losses"":66,""draws"":0,""winPercentage"":66.15384615384615,""eventsEntered"":0,""titles"":1,""finals"":0,""prizeMoney"":1960422,""points"":0}",,,,,,,,,,,,,,70,,false,false,false,,104,44,15,0,0,0,0,0,10,5,0,0,0,29,11,estimated from season exits versus eligible schedule | 29 eligible events not entered,Amateur,normal,,,false,false,false,false,0,0,0,,0,false,,amateur,amateur,,,true,true,
2048/49,wp-fraser-olsen,Fraser Olsen,54,NED,Veteran,Amateur,false,false,false,,0,0,,Amateur,,,,,,,,,,,,,75,80,73,75,65,82,51,24,47,0,0,0,,0,,,,,,,0,0,129,82,47,63.565891472868216,0,0,2178239,"{""matches"":129,""wins"":82,""losses"":47,""draws"":0,""winPercentage"":63.565891472868216,""eventsEntered"":0,""titles"":0,""finals"":0,""prizeMoney"":2178239,""points"":0}",,,,,,,,,,,,,,36,,false,false,false,,104,44,15,0,0,0,0,0,10,5,0,0,0,29,11,estimated from season exits versus eligible schedule | 29 eligible events not entered,Amateur,normal,,,false,false,false,false,0,0,0,,0,false,,senior,amateur,,,true,true,
2048/49,wp-fraser-urban,Fraser Urban,44,SCO,Veteran,Amateur,false,false,false,,0,0,,Amateur,,,,,,,,,,,,,73,76,73,73,67,86,67,8,37,0,0,0,,0,,,,,,,0,0,121,87,34,71.900826446281,2,0,1027329,"{""matches"":121,""wins"":87,""losses"":34,""draws"":0,""winPercentage"":71.900826446281,""eventsEntered"":0,""titles"":2,""finals"":0,""prizeMoney"":1027329,""points"":0}",,,,,,,,,,,,,,77,,false,false,false,,104,44,15,0,0,0,0,0,10,5,0,0,0,29,11,estimated from season exits versus eligible schedule | 29 eligible events not entered,Amateur,normal,,,false,false,false,false,0,0,0,,0,false,,amateur,amateur,,,true,true,
2048/49,wp-fraser-verma,Fraser Verma,47,FRA,Veteran,Amateur,false,false,false,,0,0,,Amateur,,,,,,,,,,,,,76,78,75,75,69,90,73,12,26,0,0,0,,0,,,,,,,0,0,12,12,0,100,0,0,287364,"{""matches"":12,""wins"":12,""losses"":0,""draws"":0,""winPercentage"":100,""eventsEntered"":0,""titles"":0,""finals"":0,""prizeMoney"":287364,""points"":0}",,,,,,,,,,,,,,91,,false,false,false,,104,44,15,0,0,0,0,0,10,5,0,0,0,29,11,estimated from season exits versus eligible schedule | 29 eligible events not entered,Amateur,normal,,,false,false,false,false,0,0,0,,0,false,,amateur,amateur,,,true,true,
2048/49,wp-freddie-ashford,Freddie Ashford,45,ESP,Veteran,Amateur,false,false,false,,0,0,,Amateur,,,,,,,,,,,,,72,72,72,70,66,87,75,9,18,0,0,0,,0,,,,,,,0,0,12,12,0,100,0,0,0,"{""matches"":12,""wins"":12,""losses"":0,""draws"":0,""winPercentage"":100,""eventsEntered"":0,""titles"":0,""finals"":0,""prizeMoney"":0,""points"":0}",,,,,,,,,,,,,,,,false,false,false,,104,44,15,0,0,0,0,0,10,5,0,0,0,29,11,estimated from season exits versus eligible schedule | 29 eligible events not entered,Amateur,normal,,,false,false,false,false,0,0,0,,0,false,,amateur,amateur,,,true,true,
2048/49,wp-freddie-barker,Freddie Barker,49,SWE,Veteran,Amateur,false,false,false,,0,0,,Amateur,,,,,,,,,,,,,76,78,75,74,68,89,71,15,25,0,0,0,,0,,,,,,,0,0,12,12,0,100,0,0,283620,"{""matches"":12,""wins"":12,""losses"":0,""draws"":0,""winPercentage"":100,""eventsEntered"":0,""titles"":0,""finals"":0,""prizeMoney"":283620,""points"":0}",,,,,,,,,,,,,,97,,false,false,false,,104,44,15,0,0,0,0,0,10,5,0,0,0,29,11,estimated from season exits versus eligible schedule | 29 eligible events not entered,Amateur,normal,,,false,false,false,false,0,0,0,,0,false,,amateur,amateur,,,true,true,
2048/49,wp-freddie-caldwell,Freddie Caldwell,44,GER,Veteran,Amateur,false,false,false,,0,0,,Amateur,,,,,,,,,,,,,71,74,71,69,65,83,60,9,31,0,0,0,,0,,,,,,,0,0,110,66,44,60,0,0,269984,"{""matches"":110,""wins"":66,""losses"":44,""draws"":0,""winPercentage"":60,""eventsEntered"":0,""titles"":0,""finals"":0,""prizeMoney"":269984,""points"":0}",,,,,,,,,,,,,,66,,false,false,false,,104,44,15,0,0,0,0,0,10,5,0,0,0,29,11,estimated from season exits versus eligible schedule | 29 eligible events not entered,Amateur,normal,,,false,false,false,false,0,0,0,,0,false,,amateur,amateur,,,true,true,
2048/49,wp-freddie-easton,Freddie Easton,50,CAN,Veteran,Amateur,false,false,false,,0,0,,Amateur,,,,,,,,,,,,,72,72,71,69,64,84,70,17,18,0,0,0,,0,,,,,,,0,0,12,12,0,100,0,0,0,"{""matches"":12,""wins"":12,""losses"":0,""draws"":0,""winPercentage"":100,""eventsEntered"":0,""titles"":0,""finals"":0,""prizeMoney"":0,""points"":0}",,,,,,,,,,,,,,,,false,false,false,,104,44,15,0,0,0,0,0,10,5,0,0,0,29,11,estimated from season exits versus eligible schedule | 29 eligible events not entered,Amateur,normal,,,false,false,false,false,0,0,0,,0,false,,amateur,amateur,,,true,true,
2048/49,wp-freddie-langford,Freddie Langford,45,ESP,Veteran,Amateur,false,false,false,,0,0,,Amateur,,,,,,,,,,,,,72,72,72,70,66,87,75,9,18,0,0,0,,0,,,,,,,0,0,12,12,0,100,0,0,0,"{""matches"":12,""wins"":12,""losses"":0,""draws"":0,""winPercentage"":100,""eventsEntered"":0,""titles"":0,""finals"":0,""prizeMoney"":0,""points"":0}",,,,,,,,,,,,,,,,false,false,false,,104,44,15,0,0,0,0,0,10,5,0,0,0,29,11,estimated from season exits versus eligible schedule | 29 eligible events not entered,Amateur,normal,,,false,false,false,false,0,0,0,,0,false,,amateur,amateur,,,true,true,
2048/49,wp-freddie-petrov,Freddie Petrov,65,THA,Veteran,Amateur,false,false,false,,0,0,,Amateur,,,,,,,,,,,,,71,74,67,67,55,72,41,42,30,0,0,0,,0,,,,,,,0,0,35,23,12,65.71428571428571,0,0,263915,"{""matches"":35,""wins"":23,""losses"":12,""draws"":0,""winPercentage"":65.71428571428571,""eventsEntered"":0,""titles"":0,""finals"":0,""prizeMoney"":263915,""points"":0}",,,,,,,,,,,,,,72,,false,false,false,,104,44,15,0,0,0,0,0,10,5,0,0,0,29,11,estimated from season exits versus eligible schedule | 29 eligible events not entered,Amateur,normal,,,false,false,false,false,0,0,0,,0,false,,amateur,amateur,,,true,true,
2048/49,wp-freddie-rahman,Freddie Rahman,47,CAN,Veteran,Amateur,false,false,false,,0,0,,Amateur,,,,,,,,,,,,,72,75,71,71,65,83,60,13,34,0,0,0,,0,,,,,,,0,0,85,58,27,68.23529411764706,0,0,1072134,"{""matches"":85,""wins"":58,""losses"":27,""draws"":0,""winPercentage"":68.23529411764706,""eventsEntered"":0,""titles"":0,""finals"":0,""prizeMoney"":1072134,""points"":0}",,,,,,,,,,,,,,73,,false,false,false,,104,44,15,0,0,0,0,0,10,5,0,0,0,29,11,estimated from season exits versus eligible schedule | 29 eligible events not entered,Amateur,normal,,,false,false,false,false,0,0,0,,0,false,,amateur,amateur,,,true,true,
2048/49,wp-freddie-sinclair,Freddie Sinclair,50,NIR,Veteran,Amateur,false,false,false,,0,0,,Amateur,,,,,,,,,,,,,76,81,75,77,68,85,55,18,52,0,0,0,,0,,,,,,,0,0,166,102,64,61.44578313253012,0,0,2627489,"{""matches"":166,""wins"":102,""losses"":64,""draws"":0,""winPercentage"":61.44578313253012,""eventsEntered"":0,""titles"":0,""finals"":0,""prizeMoney"":2627489,""points"":0}",,,,,,,,,,,,,,20,,false,false,false,,104,44,15,0,0,0,0,0,10,5,0,0,0,29,11,estimated from season exits versus eligible schedule | 29 eligible events not entered,Amateur,normal,,,false,false,false,false,0,0,0,,0,false,,senior,amateur,,,true,true,
2048/49,wp-freddie-sorensen,Freddie Sorensen,69,SWE,Veteran,Senior Tour / Legend Circuit,false,false,false,,0,0,,Amateur,,,,,,,,,,21,,,66,66,61,60,47,62,40,69,18,7,5,2,71.42857142857143,0,,,,,,,0,179,150,106,44,70.66666666666667,0,0,0,"{""matches"":150,""wins"":106,""losses"":44,""draws"":0,""winPercentage"":70.66666666666667,""eventsEntered"":0,""titles"":0,""finals"":0,""prizeMoney"":0,""points"":0}",,,,,,,,,,,,,,,,false,false,false,,104,14,11,0,0,0,0,0,0,0,0,0,11,3,0,estimated from season exits versus eligible schedule | 3 eligible events not entered,Senior/Legend,normal,,,false,false,false,false,0,0,0,,0,false,,amateur,senior,,,true,true,
2048/49,wp-freddie-whitaker,Freddie Whitaker,53,IND,Veteran,Amateur,false,false,false,,0,0,,Amateur,,,,,,,,,,,,,71,74,69,69,61,79,54,23,34,0,0,0,,0,,,,,,,0,0,83,56,27,67.46987951807229,0,0,1104507,"{""matches"":83,""wins"":56,""losses"":27,""draws"":0,""winPercentage"":67.46987951807229,""eventsEntered"":0,""titles"":0,""finals"":0,""prizeMoney"":1104507,""points"":0}",,,,,,,,,,,,,,74,,false,false,false,,104,44,15,0,0,0,0,0,10,5,0,0,0,29,11,estimated from season exits versus eligible schedule | 29 eligible events not entered,Amateur,normal,,,false,false,false,false,0,0,0,,0,false,,amateur,amateur,,,true,true,
2048/49,wp-freddie-yates,Freddie Yates,44,JPN,Veteran,Amateur,false,false,false,,0,0,,Amateur,,,,,,,,,,,,,72,72,72,70,67,87,76,7,18,0,0,0,,0,,,,,,,0,0,8,8,0,100,0,0,0,"{""matches"":8,""wins"":8,""losses"":0,""draws"":0,""winPercentage"":100,""eventsEntered"":0,""titles"":0,""finals"":0,""prizeMoney"":0,""points"":0}",,,,,,,,,,,,,,,,false,false,false,,104,44,15,0,0,0,0,0,10,5,0,0,0,29,11,estimated from season exits versus eligible schedule | 29 eligible events not entered,Amateur,normal,,,false,false,false,false,0,0,0,,0,false,,amateur,amateur,,,true,true,
2048/49,wp-gareth-drayton,Gareth Drayton,50,POL,Veteran,Amateur,false,false,false,,0,0,,Amateur,,,,,,,,,,,,,78,84,77,79,70,87,55,18,54,0,0,0,,0,,,,,,,0,0,168,103,65,61.30952380952381,0,0,2707805,"{""matches"":168,""wins"":103,""losses"":65,""draws"":0,""winPercentage"":61.30952380952381,""eventsEntered"":0,""titles"":0,""finals"":0,""prizeMoney"":2707805,""points"":0}",,,,,,,,,,,,,,10,,false,false,false,,104,44,15,0,0,0,0,0,10,5,0,0,0,29,11,estimated from season exits versus eligible schedule | 29 eligible events not entered,Amateur,normal,,,false,false,false,false,0,0,0,,0,false,,senior,amateur,,,true,true,
2048/49,wp-gareth-iqbal,Gareth Iqbal,39,GER,Amateur,Amateur,false,false,false,,0,0,,Amateur,,,,,,,55,,,,,,70,73,71,68,65,77,54,29,34,9,3,6,33.33333333333333,0,,,,,,,0,139,265,163,102,61.50943396226415,0,0,963156,"{""matches"":265,""wins"":163,""losses"":102,""draws"":0,""winPercentage"":61.50943396226415,""eventsEntered"":0,""titles"":0,""finals"":0,""prizeMoney"":963156,""points"":0}",,,,,,,,,,,,,,71,,false,false,false,,104,42,15,0,0,0,0,0,10,5,0,0,0,27,11,estimated from season exits versus eligible schedule | 27 eligible events not entered,Amateur,normal,,,false,false,false,false,0,0,0,,0,false,,amateur,amateur,,,true,true,
2048/49,wp-gareth-iversen,Gareth Iversen,44,ENG,Veteran,Amateur,false,false,false,,0,0,,Amateur,,,,,,,,,,,,,78,81,78,77,73,93,76,7,29,0,0,0,,0,,,,,,,0,0,12,12,0,100,0,0,392116,"{""matches"":12,""wins"":12,""losses"":0,""draws"":0,""winPercentage"":100,""eventsEntered"":0,""titles"":0,""finals"":0,""prizeMoney"":392116,""points"":0}",,,,,,,,,,,,,,77,,false,false,false,,104,44,15,0,0,0,0,0,10,5,0,0,0,29,11,estimated from season exits versus eligible schedule | 29 eligible events not entered,Amateur,normal,,,false,false,false,false,0,0,0,,0,false,,amateur,amateur,,,true,true,
2048/49,wp-gareth-otero,Gareth Otero,49,NIR,Veteran,Amateur,false,false,false,,0,0,,Amateur,,,,,,,,,,,,,73,76,72,71,65,84,61,16,31,0,0,0,,0,,,,,,,0,0,50,37,13,74,0,0,536500,"{""matches"":50,""wins"":37,""losses"":13,""draws"":0,""winPercentage"":74,""eventsEntered"":0,""titles"":0,""finals"":0,""prizeMoney"":536500,""points"":0}",,,,,,,,,,,,,,75,,false,false,false,,104,44,15,0,0,0,0,0,10,5,0,0,0,29,11,estimated from season exits versus eligible schedule | 29 eligible events not entered,Amateur,normal,,,false,false,false,false,0,0,0,,0,false,,amateur,amateur,,,true,true,
2048/49,wp-gareth-rossi,Gareth Rossi,54,CAN,Veteran,Amateur,false,false,false,,0,0,,Amateur,,,,,,,,,,,,,73,74,71,70,63,83,66,23,21,0,0,0,,0,,,,,,,0,0,12,12,0,100,0,0,153912,"{""matches"":12,""wins"":12,""losses"":0,""draws"":0,""winPercentage"":100,""eventsEntered"":0,""titles"":0,""finals"":0,""prizeMoney"":153912,""points"":0}",,,,,,,,,,,,,,118,,false,false,false,,104,44,15,0,0,0,0,0,10,5,0,0,0,29,11,estimated from season exits versus eligible schedule | 29 eligible events not entered,Amateur,normal,,,false,false,false,false,0,0,0,,0,false,,amateur,amateur,,,true,true,
2048/49,wp-gareth-urban,Gareth Urban,42,WAL,Veteran,Amateur,false,false,false,,0,0,,Amateur,,,,,,,,,,,,,69,72,69,67,64,81,61,6,32,0,0,0,,0,,,,,,,0,0,125,73,52,58.4,0,0,750117,"{""matches"":125,""wins"":73,""losses"":52,""draws"":0,""winPercentage"":58.4,""eventsEntered"":0,""titles"":0,""finals"":0,""prizeMoney"":750117,""points"":0}",,,,,,,,,,,,,,76,,false,false,false,,104,44,15,0,0,0,0,0,10,5,0,0,0,29,11,estimated from season exits versus eligible schedule | 29 eligible events not entered,Amateur,normal,,,false,false,false,false,0,0,0,,0,false,,amateur,amateur,,,true,true,
2048/49,wp-gareth-verma,Gareth Verma,51,GER,Veteran,Amateur,false,false,false,,0,0,,Amateur,,,,,,,,,,,,,72,72,71,69,63,84,69,18,18,0,0,0,,0,,,,,,,0,0,14,14,0,100,0,0,0,"{""matches"":14,""wins"":14,""losses"":0,""draws"":0,""winPercentage"":100,""eventsEntered"":0,""titles"":0,""finals"":0,""prizeMoney"":0,""points"":0}",,,,,,,,,,,,,,,,false,false,false,,104,44,15,0,0,0,0,0,10,5,0,0,0,29,11,estimated from season exits versus eligible schedule | 29 eligible events not entered,Amateur,normal,,,false,false,false,false,0,0,0,,0,false,,amateur,amateur,,,true,true,
2048/49,wp-gareth-whitaker,Gareth Whitaker,53,THA,Veteran,Amateur,false,false,false,,0,0,,Amateur,,,,,,,,,,,,,72,72,70,69,62,83,67,22,18,0,0,0,,0,,,,,,,0,0,14,14,0,100,0,0,0,"{""matches"":14,""wins"":14,""losses"":0,""draws"":0,""winPercentage"":100,""eventsEntered"":0,""titles"":0,""finals"":0,""prizeMoney"":0,""points"":0}",,,,,,,,,,,,,,,,false,false,false,,104,44,15,0,0,0,0,0,10,5,0,0,0,29,11,estimated from season exits versus eligible schedule | 29 eligible events not entered,Amateur,normal,,,false,false,false,false,0,0,0,,0,false,,amateur,amateur,,,true,true,
2048/49,wp-gareth-yates,Gareth Yates,69,CAN,Veteran,Senior Tour / Legend Circuit,false,false,false,,0,0,,Amateur,,,,,,,,,,12,,,75,75,70,75,57,80,63,49,44,1,1,0,100,1,,,,,,,0,16,90,65,25,72.22222222222221,13,0,0,"{""matches"":90,""wins"":65,""losses"":25,""draws"":0,""winPercentage"":72.22222222222221,""eventsEntered"":0,""titles"":13,""finals"":0,""prizeMoney"":0,""points"":0}",,,,,,,,,,,,,,,,false,false,false,,104,14,11,0,0,0,0,0,0,0,0,0,11,3,0,estimated from season exits versus eligible schedule | 3 eligible events not entered,Senior/Legend,normal,,,false,false,false,false,0,0,0,,1,false,,amateur,senior,,,true,true,
2048/49,wp-gianni-ashford,Gianni Ashford,40,FRA,Veteran,Amateur,false,false,false,,0,0,,Amateur,,,,,,,,,,,,,70,73,71,69,66,84,65,2,31,0,0,0,,0,,,,,,,0,0,203,125,78,61.57635467980296,0,0,772665,"{""matches"":203,""wins"":125,""losses"":78,""draws"":0,""winPercentage"":61.57635467980296,""eventsEntered"":0,""titles"":0,""finals"":0,""prizeMoney"":772665,""points"":0}",,,,,,,,,,,,,,78,,false,false,false,,104,44,15,0,0,0,0,0,10,5,0,0,0,29,11,estimated from season exits versus eligible schedule | 29 eligible events not entered,Amateur,normal,,,false,false,false,false,0,0,0,,0,false,,amateur,amateur,,,true,true,
2048/49,wp-gianni-barker,Gianni Barker,40,IRL,Veteran,Amateur,false,false,false,,0,0,,Amateur,,,,,,,,,,,,,69,71,70,68,65,83,64,2,31,0,0,0,,0,,,,,,,0,0,212,128,84,60.37735849056604,0,0,757344,"{""matches"":212,""wins"":128,""losses"":84,""draws"":0,""winPercentage"":60.37735849056604,""eventsEntered"":0,""titles"":0,""finals"":0,""prizeMoney"":757344,""points"":0}",,,,,,,,,,,,,,80,,false,false,false,,104,44,15,0,0,0,0,0,10,5,0,0,0,29,11,estimated from season exits versus eligible schedule | 29 eligible events not entered,Amateur,normal,,,false,false,false,false,0,0,0,,0,false,,amateur,amateur,,,true,true,
2048/49,wp-gianni-caldwell,Gianni Caldwell,49,NED,Veteran,Amateur,false,false,false,,0,0,,Amateur,,,,,,,,,,,,,72,72,71,69,64,85,71,15,18,0,0,0,,0,,,,,,,0,0,8,8,0,100,0,0,0,"{""matches"":8,""wins"":8,""losses"":0,""draws"":0,""winPercentage"":100,""eventsEntered"":0,""titles"":0,""finals"":0,""prizeMoney"":0,""points"":0}",,,,,,,,,,,,,,,,false,false,false,,104,44,15,0,0,0,0,0,10,5,0,0,0,29,11,estimated from season exits versus eligible schedule | 29 eligible events not entered,Amateur,normal,,,false,false,false,false,0,0,0,,0,false,,amateur,amateur,,,true,true,
2048/49,wp-gianni-drayton,Gianni Drayton,38,CHN,Amateur,Amateur,false,false,false,,0,0,,Amateur,,,,,,,64,,,,,,72,75,73,72,69,87,68,0,35,0,0,0,,0,,,,,,,0,0,264,166,98,62.878787878787875,1,0,700110,"{""matches"":264,""wins"":166,""losses"":98,""draws"":0,""winPercentage"":62.878787878787875,""eventsEntered"":0,""titles"":1,""finals"":0,""prizeMoney"":700110,""points"":0}",,,,,,,,,,,,,,67,,false,false,false,,104,42,15,0,0,0,0,0,10,5,0,0,0,27,11,estimated from season exits versus eligible schedule | 27 eligible events not entered,Amateur,normal,,,false,false,false,false,0,0,0,,0,false,,amateur,amateur,,,true,true,
2048/49,wp-gianni-forster,Gianni Forster,72,ITA,Veteran,Senior Tour / Legend Circuit,false,false,false,,0,0,,Amateur,,,,,,,,,,16,,,70,70,64,67,50,68,47,70,30,6,5,1,83.33333333333334,0,,,,,,,0,183,70,50,20,71.42857142857143,6,0,0,"{""matches"":70,""wins"":50,""losses"":20,""draws"":0,""winPercentage"":71.42857142857143,""eventsEntered"":0,""titles"":6,""finals"":0,""prizeMoney"":0,""points"":0}",,,,,,,,,,,,,,,,false,false,false,,104,14,11,0,0,0,0,0,0,0,0,0,11,3,0,estimated from season exits versus eligible schedule | 3 eligible events not entered,Senior/Legend,normal,,,false,false,false,false,0,0,0,,0,false,,amateur,senior,,,true,true,
2048/49,wp-gianni-harrington,Gianni Harrington,73,BEL,Veteran,Amateur,false,false,false,,0,0,,Amateur,,,,,,,,,,,,,82,86,76,80,63,83,47,53,37,0,0,0,,0,,,,,,,0,0,12,12,0,100,0,0,624446,"{""matches"":12,""wins"":12,""losses"":0,""draws"":0,""winPercentage"":100,""eventsEntered"":0,""titles"":0,""finals"":0,""prizeMoney"":624446,""points"":0}",,,,,,,,,,,,,,43,,false,false,false,,104,44,15,0,0,0,0,0,10,5,0,0,0,29,11,estimated from season exits versus eligible schedule | 29 eligible events not entered,Amateur,normal,,,false,false,false,false,0,0,0,,0,false,,senior,amateur,,,true,true,
2048/49,wp-gianni-lombardi,Gianni Lombardi,51,NOR,Veteran,Amateur,false,false,false,,0,0,,Amateur,,,,,,,,,,,,,73,76,72,72,64,83,59,19,36,0,0,0,,0,,,,,,,0,0,81,57,24,70.37037037037037,2,0,805907,"{""matches"":81,""wins"":57,""losses"":24,""draws"":0,""winPercentage"":70.37037037037037,""eventsEntered"":0,""titles"":2,""finals"":0,""prizeMoney"":805907,""points"":0}",,,,,,,,,,,,,,77,,false,false,false,,104,44,15,0,0,0,0,0,10,5,0,0,0,29,11,estimated from season exits versus eligible schedule | 29 eligible events not entered,Amateur,normal,,,false,false,false,false,0,0,0,,0,false,,amateur,amateur,,,true,true,
2048/49,wp-gianni-nakamura,Gianni Nakamura,43,ITA,Veteran,Amateur,false,false,false,,0,0,,Amateur,,,,,,,,,,,,,68,70,68,66,63,80,59,7,28,0,0,0,,0,,,,,,,0,0,56,31,25,55.35714285714286,0,0,356276,"{""matches"":56,""wins"":31,""losses"":25,""draws"":0,""winPercentage"":55.35714285714286,""eventsEntered"":0,""titles"":0,""finals"":0,""prizeMoney"":356276,""points"":0}",,,,,,,,,,,,,,81,,false,false,false,,104,44,15,0,0,0,0,0,10,5,0,0,0,29,11,estimated from season exits versus eligible schedule | 29 eligible events not entered,Amateur,normal,,,false,false,false,false,0,0,0,,0,false,,amateur,amateur,,,true,true,
2048/49,wp-gianni-sorensen,Gianni Sorensen,67,ITA,Veteran,Amateur,false,false,false,,0,0,,Amateur,,,,,,,,,,,,,72,75,67,68,55,73,42,45,28,0,0,0,,0,,,,,,,0,0,30,22,8,73.33333333333333,0,0,240789,"{""matches"":30,""wins"":22,""losses"":8,""draws"":0,""winPercentage"":73.33333333333333,""eventsEntered"":0,""titles"":0,""finals"":0,""prizeMoney"":240789,""points"":0}",,,,,,,,,,,,,,78,,false,false,false,,104,44,15,0,0,0,0,0,10,5,0,0,0,29,11,estimated from season exits versus eligible schedule | 29 eligible events not entered,Amateur,normal,,,false,false,false,false,0,0,0,,0,false,,amateur,amateur,,,true,true,
2048/49,wp-gianni-tremblay,Gianni Tremblay,45,SCO,Veteran,Amateur,false,false,false,,0,0,,Amateur,,,,,,,,,,,,,70,70,70,67,64,84,71,9,18,0,0,0,,0,,,,,,,0,0,18,16,2,88.88888888888889,0,0,0,"{""matches"":18,""wins"":16,""losses"":2,""draws"":0,""winPercentage"":88.88888888888889,""eventsEntered"":0,""titles"":0,""finals"":0,""prizeMoney"":0,""points"":0}",,,,,,,,,,,,,,,,false,false,false,,104,44,15,0,0,0,0,0,10,5,0,0,0,29,11,estimated from season exits versus eligible schedule | 29 eligible events not entered,Amateur,normal,,,false,false,false,false,0,0,0,,0,false,,amateur,amateur,,,true,true,
2048/49,wp-gianni-vos,Gianni Vos,45,CHN,Veteran,Amateur,false,false,false,,0,0,,Amateur,,,,,,,,,,,,,72,72,72,70,66,87,75,9,19,0,0,0,,0,,,,,,,0,0,12,12,0,100,0,0,120640,"{""matches"":12,""wins"":12,""losses"":0,""draws"":0,""winPercentage"":100,""eventsEntered"":0,""titles"":0,""finals"":0,""prizeMoney"":120640,""points"":0}",,,,,,,,,,,,,,126,,false,false,false,,104,44,15,0,0,0,0,0,10,5,0,0,0,29,11,estimated from season exits versus eligible schedule | 29 eligible events not entered,Amateur,normal,,,false,false,false,false,0,0,0,,0,false,,amateur,amateur,,,true,true,
2048/49,wp-hamza-ashford,Hamza Ashford,41,ITA,Veteran,Amateur,false,false,false,,0,0,,Amateur,,,,,,,,,,,,,68,70,69,66,64,81,63,4,29,0,0,0,,0,,,,,,,0,0,151,88,63,58.27814569536424,1,0,272296,"{""matches"":151,""wins"":88,""losses"":63,""draws"":0,""winPercentage"":58.27814569536424,""eventsEntered"":0,""titles"":1,""finals"":0,""prizeMoney"":272296,""points"":0}",,,,,,,,,,,,,,88,,false,false,false,,104,44,15,0,0,0,0,0,10,5,0,0,0,29,11,estimated from season exits versus eligible schedule | 29 eligible events not entered,Amateur,normal,,,false,false,false,false,0,0,0,,0,false,,amateur,amateur,,,true,true,
2048/49,wp-hamza-grimaldi,Hamza Grimaldi,67,BRA,Veteran,Amateur,false,false,false,,0,0,,Amateur,,,,,,,,,,,,,75,76,70,71,59,79,53,44,24,0,0,0,,0,,,,,,,0,0,12,12,0,100,0,0,230172,"{""matches"":12,""wins"":12,""losses"":0,""draws"":0,""winPercentage"":100,""eventsEntered"":0,""titles"":0,""finals"":0,""prizeMoney"":230172,""points"":0}",,,,,,,,,,,,,,101,,false,false,false,,104,44,15,0,0,0,0,0,10,5,0,0,0,29,11,estimated from season exits versus eligible schedule | 29 eligible events not entered,Amateur,normal,,,false,false,false,false,0,0,0,,0,false,,amateur,amateur,,,true,true,
2048/49,wp-hamza-janssen,Hamza Janssen,48,CHN,Veteran,Amateur,false,false,false,,0,0,,Amateur,,,,,,,,,,,,,72,72,71,69,65,85,72,14,18,0,0,0,,0,,,,,,,0,0,12,12,0,100,0,0,0,"{""matches"":12,""wins"":12,""losses"":0,""draws"":0,""winPercentage"":100,""eventsEntered"":0,""titles"":0,""finals"":0,""prizeMoney"":0,""points"":0}",,,,,,,,,,,,,,,,false,false,false,,104,44,15,0,0,0,0,0,10,5,0,0,0,29,11,estimated from season exits versus eligible schedule | 29 eligible events not entered,Amateur,normal,,,false,false,false,false,0,0,0,,0,false,,amateur,amateur,,,true,true,
2048/49,wp-hamza-petrov,Hamza Petrov,49,AUS,Veteran,Amateur,false,false,false,,0,0,,Amateur,,,,,,,,,,,,,78,84,77,80,70,87,55,17,57,0,0,0,,0,,,,,,,0,0,182,107,75,58.791208791208796,0,0,2917074,"{""matches"":182,""wins"":107,""losses"":75,""draws"":0,""winPercentage"":58.791208791208796,""eventsEntered"":0,""titles"":0,""finals"":0,""prizeMoney"":2917074,""points"":0}",,,,,,,,,,,,,,3,,false,false,false,,104,44,15,0,0,0,0,0,10,5,0,0,0,29,11,estimated from season exits versus eligible schedule | 29 eligible events not entered,Amateur,normal,,,false,false,false,false,0,0,0,,0,false,,senior,amateur,,,true,true,
2048/49,wp-hamza-verma,Hamza Verma,45,NED,Veteran,Amateur,false,false,false,,0,0,,Amateur,,,,,,,,,,,,,70,72,70,68,64,82,61,10,30,0,0,0,,0,,,,,,,0,0,142,91,51,64.08450704225352,0,0,499501,"{""matches"":142,""wins"":91,""losses"":51,""draws"":0,""winPercentage"":64.08450704225352,""eventsEntered"":0,""titles"":0,""finals"":0,""prizeMoney"":499501,""points"":0}",,,,,,,,,,,,,,79,,false,false,false,,104,44,15,0,0,0,0,0,10,5,0,0,0,29,11,estimated from season exits versus eligible schedule | 29 eligible events not entered,Amateur,normal,,,false,false,false,false,0,0,0,,0,false,,amateur,amateur,,,true,true,
2048/49,wp-hamza-whitaker,Hamza Whitaker,37,CHN,Amateur,Q School,false,false,false,,0,0,,Amateur,,,,,,,4,12,10,,,,71,74,72,70,67,81,64,25,34,9,5,4,55.55555555555556,0,,,,,,,0,256,258,158,100,61.240310077519375,0,0,1020968,"{""matches"":258,""wins"":158,""losses"":100,""draws"":0,""winPercentage"":61.240310077519375,""eventsEntered"":0,""titles"":0,""finals"":0,""prizeMoney"":1020968,""points"":0}",,,,,,,,,,,,,,68,,false,false,false,,104,42,4,0,0,0,0,0,0,4,0,0,0,38,22,estimated from season exits versus eligible schedule | 38 eligible events not entered,Q School,normal,,,false,false,false,false,0,0,0,,0,false,,qSchool,qSchool,,,true,true,
2048/49,wp-hamza-xu,Hamza Xu,51,SCO,Veteran,Amateur,false,false,false,,0,0,,Amateur,,,,,,,,,,,,,75,80,74,75,66,83,53,20,48,0,0,0,,0,,,,,,,0,0,149,89,60,59.73154362416108,0,0,2215137,"{""matches"":149,""wins"":89,""losses"":60,""draws"":0,""winPercentage"":59.73154362416108,""eventsEntered"":0,""titles"":0,""finals"":0,""prizeMoney"":2215137,""points"":0}",,,,,,,,,,,,,,28,,false,false,false,,104,44,15,0,0,0,0,0,10,5,0,0,0,29,11,estimated from season exits versus eligible schedule | 29 eligible events not entered,Amateur,normal,,,false,false,false,false,0,0,0,,0,false,,senior,amateur,,,true,true,
2048/49,wp-hamza-yates,Hamza Yates,44,BRA,Veteran,Amateur,false,false,false,,0,0,,Amateur,,,,,,,,,,,,,72,72,72,70,67,87,76,7,18,0,0,0,,0,,,,,,,0,0,14,14,0,100,0,0,0,"{""matches"":14,""wins"":14,""losses"":0,""draws"":0,""winPercentage"":100,""eventsEntered"":0,""titles"":0,""finals"":0,""prizeMoney"":0,""points"":0}",,,,,,,,,,,,,,,,false,false,false,,104,44,15,0,0,0,0,0,10,5,0,0,0,29,11,estimated from season exits versus eligible schedule | 29 eligible events not entered,Amateur,normal,,,false,false,false,false,0,0,0,,0,false,,amateur,amateur,,,true,true,
2048/49,wp-harris-barker,Harris Barker,53,NIR,Veteran,Amateur,false,false,false,,0,0,,Amateur,,,,,,,,,,,,,72,72,70,69,62,83,67,22,18,0,0,0,,0,,,,,,,0,0,12,12,0,100,0,0,0,"{""matches"":12,""wins"":12,""losses"":0,""draws"":0,""winPercentage"":100,""eventsEntered"":0,""titles"":0,""finals"":0,""prizeMoney"":0,""points"":0}",,,,,,,,,,,,,,,,false,false,false,,104,44,15,0,0,0,0,0,10,5,0,0,0,29,11,estimated from season exits versus eligible schedule | 29 eligible events not entered,Amateur,normal,,,false,false,false,false,0,0,0,,0,false,,amateur,amateur,,,true,true,
2048/49,wp-harris-bouchard,Harris Bouchard,53,ESP,Veteran,Amateur,false,false,false,,0,0,,Amateur,,,,,,,,,,,,,74,79,72,73,64,81,50,23,45,0,0,0,,0,,,,,,,0,0,127,74,53,58.26771653543307,0,0,1884120,"{""matches"":127,""wins"":74,""losses"":53,""draws"":0,""winPercentage"":58.26771653543307,""eventsEntered"":0,""titles"":0,""finals"":0,""prizeMoney"":1884120,""points"":0}",,,,,,,,,,,,,,38,,false,false,false,,104,44,15,0,0,0,0,0,10,5,0,0,0,29,11,estimated from season exits versus eligible schedule | 29 eligible events not entered,Amateur,normal,,,false,false,false,false,0,0,0,,0,false,,senior,amateur,,,true,true,
2048/49,wp-harris-drayton,Harris Drayton,47,IND,Veteran,Amateur,false,false,false,,0,0,,Amateur,,,,,,,,,,,,,72,72,71,70,65,86,73,12,18,0,0,0,,0,,,,,,,0,0,8,8,0,100,0,0,0,"{""matches"":8,""wins"":8,""losses"":0,""draws"":0,""winPercentage"":100,""eventsEntered"":0,""titles"":0,""finals"":0,""prizeMoney"":0,""points"":0}",,,,,,,,,,,,,,,,false,false,false,,104,44,15,0,0,0,0,0,10,5,0,0,0,29,11,estimated from season exits versus eligible schedule | 29 eligible events not entered,Amateur,normal,,,false,false,false,false,0,0,0,,0,false,,amateur,amateur,,,true,true,
2048/49,wp-harris-easton,Harris Easton,48,JPN,Veteran,Amateur,false,false,false,,0,0,,Amateur,,,,,,,,,,,,,64,64,63,60,57,74,57,15,18,0,0,0,,0,,,,,,,0,0,26,16,10,61.53846153846154,0,0,0,"{""matches"":26,""wins"":16,""losses"":10,""draws"":0,""winPercentage"":61.53846153846154,""eventsEntered"":0,""titles"":0,""finals"":0,""prizeMoney"":0,""points"":0}",,,,,,,,,,,,,,,,false,false,false,,104,44,15,0,0,0,0,0,10,5,0,0,0,29,11,estimated from season exits versus eligible schedule | 29 eligible events not entered,Amateur,normal,,,false,false,false,false,0,0,0,,0,false,,amateur,amateur,,,true,true,
2048/49,wp-harris-grimaldi,Harris Grimaldi,65,WAL,Veteran,Amateur,false,false,false,,0,0,,Amateur,,,,,,,,,,,,,72,72,68,68,56,77,55,41,18,0,0,0,,0,,,,,,,0,0,12,12,0,100,0,0,0,"{""matches"":12,""wins"":12,""losses"":0,""draws"":0,""winPercentage"":100,""eventsEntered"":0,""titles"":0,""finals"":0,""prizeMoney"":0,""points"":0}",,,,,,,,,,,,,,,,false,false,false,,104,44,15,0,0,0,0,0,10,5,0,0,0,29,11,estimated from season exits versus eligible schedule | 29 eligible events not entered,Amateur,normal,,,false,false,false,false,0,0,0,,0,false,,amateur,amateur,,,true,true,
2048/49,wp-harris-kovacs,Harris Kovacs,41,IND,Veteran,Amateur,false,false,false,,0,0,,Amateur,,,,,,,,,,,,,67,69,68,65,63,80,62,4,28,0,0,0,,0,,,,,,,0,0,139,79,60,56.83453237410072,0,0,463707,"{""matches"":139,""wins"":79,""losses"":60,""draws"":0,""winPercentage"":56.83453237410072,""eventsEntered"":0,""titles"":0,""finals"":0,""prizeMoney"":463707,""points"":0}",,,,,,,,,,,,,,87,,false,false,false,,104,44,15,0,0,0,0,0,10,5,0,0,0,29,11,estimated from season exits versus eligible schedule | 29 eligible events not entered,Amateur,normal,,,false,false,false,false,0,0,0,,0,false,,amateur,amateur,,,true,true,
2048/49,wp-harris-mendoza,Harris Mendoza,50,ENG,Veteran,Amateur,false,false,false,,0,0,,Amateur,,,,,,,,,,,,,71,73,70,69,63,81,58,18,29,0,0,0,,0,,,,,,,0,0,48,34,14,70.83333333333334,0,0,471461,"{""matches"":48,""wins"":34,""losses"":14,""draws"":0,""winPercentage"":70.83333333333334,""eventsEntered"":0,""titles"":0,""finals"":0,""prizeMoney"":471461,""points"":0}",,,,,,,,,,,,,,79,,false,false,false,,104,44,15,0,0,0,0,0,10,5,0,0,0,29,11,estimated from season exits versus eligible schedule | 29 eligible events not entered,Amateur,normal,,,false,false,false,false,0,0,0,,0,false,,amateur,amateur,,,true,true,
2048/49,wp-harris-tremblay,Harris Tremblay,44,WAL,Veteran,Amateur,false,false,false,,0,0,,Amateur,,,,,,,,,,,,,71,73,71,69,65,84,65,8,28,0,0,0,,0,,,,,,,0,0,89,62,27,69.66292134831461,1,0,250906,"{""matches"":89,""wins"":62,""losses"":27,""draws"":0,""winPercentage"":69.66292134831461,""eventsEntered"":0,""titles"":1,""finals"":0,""prizeMoney"":250906,""points"":0}",,,,,,,,,,,,,,89,,false,false,false,,104,44,15,0,0,0,0,0,10,5,0,0,0,29,11,estimated from season exits versus eligible schedule | 29 eligible events not entered,Amateur,normal,,,false,false,false,false,0,0,0,,0,false,,amateur,amateur,,,true,true,
2048/49,wp-harris-urban,Harris Urban,49,GER,Veteran,Amateur,false,false,false,,0,0,,Amateur,,,,,,,,,,,,,78,84,77,79,70,87,54,17,56,0,0,0,,0,,,,,,,0,0,179,103,76,57.54189944134078,0,0,2730679,"{""matches"":179,""wins"":103,""losses"":76,""draws"":0,""winPercentage"":57.54189944134078,""eventsEntered"":0,""titles"":0,""finals"":0,""prizeMoney"":2730679,""points"":0}",,,,,,,,,,,,,,1,,false,false,false,,104,44,15,0,0,0,0,0,10,5,0,0,0,29,11,estimated from season exits versus eligible schedule | 29 eligible events not entered,Amateur,normal,,,false,false,false,false,0,0,0,,0,false,,senior,amateur,,,true,true,
2048/49,wp-ilyas-barker,Ilyas Barker,42,BEL,Veteran,Amateur,false,false,false,,0,0,,Amateur,,,,,,,,,,,,,68,70,68,66,63,81,62,6,27,0,0,0,,0,,,,,,,0,0,119,70,49,58.82352941176471,0,0,230672,"{""matches"":119,""wins"":70,""losses"":49,""draws"":0,""winPercentage"":58.82352941176471,""eventsEntered"":0,""titles"":0,""finals"":0,""prizeMoney"":230672,""points"":0}",,,,,,,,,,,,,,85,,false,false,false,,104,44,15,0,0,0,0,0,10,5,0,0,0,29,11,estimated from season exits versus eligible schedule | 29 eligible events not entered,Amateur,normal,,,false,false,false,false,0,0,0,,0,false,,amateur,amateur,,,true,true,
2048/49,wp-ilyas-easton,Ilyas Easton,41,NOR,Veteran,Amateur,false,false,false,,0,0,,Amateur,,,,,,,,,,,,,70,73,71,69,66,83,61,4,33,0,0,0,,0,,,,,,,0,0,244,135,109,55.32786885245902,0,0,762259,"{""matches"":244,""wins"":135,""losses"":109,""draws"":0,""winPercentage"":55.32786885245902,""eventsEntered"":0,""titles"":0,""finals"":0,""prizeMoney"":762259,""points"":0}",,,,,,,,,,,,,,66,,false,false,false,,104,44,15,0,0,0,0,0,10,5,0,0,0,29,11,estimated from season exits versus eligible schedule | 29 eligible events not entered,Amateur,normal,,,false,false,false,false,0,0,0,,0,false,,amateur,amateur,,,true,true,
2048/49,wp-ilyas-forster,Ilyas Forster,44,FRA,Veteran,Amateur,false,false,false,,0,0,,Amateur,,,,,,,,,,,,,72,72,72,70,67,87,76,7,18,0,0,0,,0,,,,,,,0,0,10,10,0,100,0,0,0,"{""matches"":10,""wins"":10,""losses"":0,""draws"":0,""winPercentage"":100,""eventsEntered"":0,""titles"":0,""finals"":0,""prizeMoney"":0,""points"":0}",,,,,,,,,,,,,,,,false,false,false,,104,44,15,0,0,0,0,0,10,5,0,0,0,29,11,estimated from season exits versus eligible schedule | 29 eligible events not entered,Amateur,normal,,,false,false,false,false,0,0,0,,0,false,,amateur,amateur,,,true,true,
2048/49,wp-ilyas-harrington,Ilyas Harrington,45,NED,Veteran,Amateur,false,false,false,,0,0,,Amateur,,,,,,,,,,,,,72,72,72,70,66,87,75,9,18,0,0,0,,0,,,,,,,0,0,12,12,0,100,0,0,0,"{""matches"":12,""wins"":12,""losses"":0,""draws"":0,""winPercentage"":100,""eventsEntered"":0,""titles"":0,""finals"":0,""prizeMoney"":0,""points"":0}",,,,,,,,,,,,,,,,false,false,false,,104,44,15,0,0,0,0,0,10,5,0,0,0,29,11,estimated from season exits versus eligible schedule | 29 eligible events not entered,Amateur,normal,,,false,false,false,false,0,0,0,,0,false,,amateur,amateur,,,true,true,
2048/49,wp-ilyas-nakamura,Ilyas Nakamura,47,BEL,Veteran,Amateur,false,false,false,,0,0,,Amateur,,,,,,,,,,,,,71,73,70,69,64,82,60,13,31,0,0,0,,0,,,,,,,0,0,67,45,22,67.16417910447761,0,0,718032,"{""matches"":67,""wins"":45,""losses"":22,""draws"":0,""winPercentage"":67.16417910447761,""eventsEntered"":0,""titles"":0,""finals"":0,""prizeMoney"":718032,""points"":0}",,,,,,,,,,,,,,80,,false,false,false,,104,44,15,0,0,0,0,0,10,5,0,0,0,29,11,estimated from season exits versus eligible schedule | 29 eligible events not entered,Amateur,normal,,,false,false,false,false,0,0,0,,0,false,,amateur,amateur,,,true,true,
2048/49,wp-ilyas-quinnell,Ilyas Quinnell,46,FRA,Veteran,Amateur,false,false,false,,0,0,,Amateur,,,,,,,,,,,,,78,84,78,80,71,89,58,12,56,0,0,0,,0,,,,,,,0,0,194,116,78,59.79381443298969,0,0,2887057,"{""matches"":194,""wins"":116,""losses"":78,""draws"":0,""winPercentage"":59.79381443298969,""eventsEntered"":0,""titles"":0,""finals"":0,""prizeMoney"":2887057,""points"":0}",,,,,,,,,,,,,,7,,false,false,false,,104,44,15,0,0,0,0,0,10,5,0,0,0,29,11,estimated from season exits versus eligible schedule | 29 eligible events not entered,Amateur,normal,,,false,false,false,false,0,0,0,,0,false,,senior,amateur,,,true,true,
2048/49,wp-ilyas-tremblay,Ilyas Tremblay,37,IRL,Amateur,Amateur,false,false,false,,0,0,,Amateur,,,,,,,57,,,,,,71,74,72,71,69,86,67,0,36,0,0,0,,0,,,,,,,0,0,245,149,96,60.816326530612244,1,0,989752,"{""matches"":245,""wins"":149,""losses"":96,""draws"":0,""winPercentage"":60.816326530612244,""eventsEntered"":0,""titles"":1,""finals"":0,""prizeMoney"":989752,""points"":0}",,,,,,,,,,,,,,69,,false,false,false,,104,42,15,0,0,0,0,0,10,5,0,0,0,27,11,estimated from season exits versus eligible schedule | 27 eligible events not entered,Amateur,normal,,,false,false,false,false,0,0,0,,0,false,,amateur,amateur,,,true,true,
2048/49,wp-ilyas-urban,Ilyas Urban,53,NED,Veteran,Amateur,false,false,false,,0,0,,Amateur,,,,,,,,,,,,,72,72,70,69,62,83,67,22,18,0,0,0,,0,,,,,,,0,0,14,14,0,100,0,0,0,"{""matches"":14,""wins"":14,""losses"":0,""draws"":0,""winPercentage"":100,""eventsEntered"":0,""titles"":0,""finals"":0,""prizeMoney"":0,""points"":0}",,,,,,,,,,,,,,,,false,false,false,,104,44,15,0,0,0,0,0,10,5,0,0,0,29,11,estimated from season exits versus eligible schedule | 29 eligible events not entered,Amateur,normal,,,false,false,false,false,0,0,0,,0,false,,amateur,amateur,,,true,true,
2048/49,wp-ilyas-verma,Ilyas Verma,44,CHN,Veteran,Amateur,false,false,false,,0,0,,Amateur,,,,,,,,,,,,,72,72,72,70,67,87,76,7,18,0,0,0,,0,,,,,,,0,0,14,14,0,100,0,0,0,"{""matches"":14,""wins"":14,""losses"":0,""draws"":0,""winPercentage"":100,""eventsEntered"":0,""titles"":0,""finals"":0,""prizeMoney"":0,""points"":0}",,,,,,,,,,,,,,,,false,false,false,,104,44,15,0,0,0,0,0,10,5,0,0,0,29,11,estimated from season exits versus eligible schedule | 29 eligible events not entered,Amateur,normal,,,false,false,false,false,0,0,0,,0,false,,amateur,amateur,,,true,true,
2048/49,wp-ilyas-yates,Ilyas Yates,45,PAK,Veteran,Amateur,false,false,false,,0,0,,Amateur,,,,,,,,,,,,,74,76,74,73,68,88,70,9,27,0,0,0,,0,,,,,,,0,0,16,14,2,87.5,0,0,287374,"{""matches"":16,""wins"":14,""losses"":2,""draws"":0,""winPercentage"":87.5,""eventsEntered"":0,""titles"":0,""finals"":0,""prizeMoney"":287374,""points"":0}",,,,,,,,,,,,,,87,,false,false,false,,104,44,15,0,0,0,0,0,10,5,0,0,0,29,11,estimated from season exits versus eligible schedule | 29 eligible events not entered,Amateur,normal,,,false,false,false,false,0,0,0,,0,false,,amateur,amateur,,,true,true,
2048/49,wp-ivan-ashford,Ivan Ashford,50,ESP,Veteran,Amateur,false,false,false,,0,0,,Amateur,,,,,,,,,,,,,72,72,71,69,64,84,70,17,18,0,0,0,,0,,,,,,,0,0,14,14,0,100,0,0,0,"{""matches"":14,""wins"":14,""losses"":0,""draws"":0,""winPercentage"":100,""eventsEntered"":0,""titles"":0,""finals"":0,""prizeMoney"":0,""points"":0}",,,,,,,,,,,,,,,,false,false,false,,104,44,15,0,0,0,0,0,10,5,0,0,0,29,11,estimated from season exits versus eligible schedule | 29 eligible events not entered,Amateur,normal,,,false,false,false,false,0,0,0,,0,false,,amateur,amateur,,,true,true,
2048/49,wp-ivan-barker,Ivan Barker,48,WAL,Veteran,Amateur,false,false,false,,0,0,,Amateur,,,,,,,,,,,,,72,72,71,69,65,85,72,14,18,0,0,0,,0,,,,,,,0,0,10,10,0,100,0,0,0,"{""matches"":10,""wins"":10,""losses"":0,""draws"":0,""winPercentage"":100,""eventsEntered"":0,""titles"":0,""finals"":0,""prizeMoney"":0,""points"":0}",,,,,,,,,,,,,,,,false,false,false,,104,44,15,0,0,0,0,0,10,5,0,0,0,29,11,estimated from season exits versus eligible schedule | 29 eligible events not entered,Amateur,normal,,,false,false,false,false,0,0,0,,0,false,,amateur,amateur,,,true,true,
2048/49,wp-ivan-drayton,Ivan Drayton,44,THA,Veteran,Amateur,false,false,false,,0,0,,Amateur,,,,,,,,,,,,,70,72,70,69,64,83,65,8,30,0,0,0,,0,,,,,,,0,0,104,70,34,67.3076923076923,2,0,247727,"{""matches"":104,""wins"":70,""losses"":34,""draws"":0,""winPercentage"":67.3076923076923,""eventsEntered"":0,""titles"":2,""finals"":0,""prizeMoney"":247727,""points"":0}",,,,,,,,,,,,,,93,,false,false,false,,104,44,15,0,0,0,0,0,10,5,0,0,0,29,11,estimated from season exits versus eligible schedule | 29 eligible events not entered,Amateur,normal,,,false,false,false,false,0,0,0,,0,false,,amateur,amateur,,,true,true,
2048/49,wp-ivan-kovacs,Ivan Kovacs,48,JPN,Veteran,Amateur,false,false,false,,0,0,,Amateur,,,,,,,,,,,,,72,72,71,69,65,85,72,14,18,0,0,0,,0,,,,,,,0,0,12,12,0,100,0,0,0,"{""matches"":12,""wins"":12,""losses"":0,""draws"":0,""winPercentage"":100,""eventsEntered"":0,""titles"":0,""finals"":0,""prizeMoney"":0,""points"":0}",,,,,,,,,,,,,,,,false,false,false,,104,44,15,0,0,0,0,0,10,5,0,0,0,29,11,estimated from season exits versus eligible schedule | 29 eligible events not entered,Amateur,normal,,,false,false,false,false,0,0,0,,0,false,,amateur,amateur,,,true,true,
2048/49,wp-ivan-madsen,Ivan Madsen,46,WAL,Veteran,Amateur,false,false,false,,0,0,,Amateur,,,,,,,,,,,,,77,83,77,79,70,88,58,12,55,0,0,0,,0,,,,,,,0,0,190,112,78,58.94736842105262,0,0,2801504,"{""matches"":190,""wins"":112,""losses"":78,""draws"":0,""winPercentage"":58.94736842105262,""eventsEntered"":0,""titles"":0,""finals"":0,""prizeMoney"":2801504,""points"":0}",,,,,,,,,,,,,,8,,false,false,false,,104,44,15,0,0,0,0,0,10,5,0,0,0,29,11,estimated from season exits versus eligible schedule | 29 eligible events not entered,Amateur,normal,,,false,false,false,false,0,0,0,,0,false,,senior,amateur,,,true,true,
2048/49,wp-ivan-petrov,Ivan Petrov,45,THA,Veteran,Amateur,false,false,false,,0,0,,Amateur,,,,,,,,,,,,,70,72,70,68,64,82,61,10,32,0,0,0,,0,,,,,,,0,0,88,58,30,65.9090909090909,0,0,994666,"{""matches"":88,""wins"":58,""losses"":30,""draws"":0,""winPercentage"":65.9090909090909,""eventsEntered"":0,""titles"":0,""finals"":0,""prizeMoney"":994666,""points"":0}",,,,,,,,,,,,,,81,,false,false,false,,104,44,15,0,0,0,0,0,10,5,0,0,0,29,11,estimated from season exits versus eligible schedule | 29 eligible events not entered,Amateur,normal,,,false,false,false,false,0,0,0,,0,false,,amateur,amateur,,,true,true,
2048/49,wp-ivan-rahman,Ivan Rahman,50,CAN,Veteran,Amateur,false,false,false,,0,0,,Amateur,,,,,,,,,,,,,70,72,69,67,62,80,58,18,26,0,0,0,,0,,,,,,,0,0,74,52,22,70.27027027027027,0,0,247438,"{""matches"":74,""wins"":52,""losses"":22,""draws"":0,""winPercentage"":70.27027027027027,""eventsEntered"":0,""titles"":0,""finals"":0,""prizeMoney"":247438,""points"":0}",,,,,,,,,,,,,,92,,false,false,false,,104,44,15,0,0,0,0,0,10,5,0,0,0,29,11,estimated from season exits versus eligible schedule | 29 eligible events not entered,Amateur,normal,,,false,false,false,false,0,0,0,,0,false,,amateur,amateur,,,true,true,
2048/49,wp-ivan-tremblay,Ivan Tremblay,66,JPN,Veteran,Amateur,false,false,false,,0,0,,Amateur,,,,,,,,,,,,,77,79,73,74,61,81,54,42,28,0,0,0,,0,,,,,,,0,0,12,12,0,100,0,0,320072,"{""matches"":12,""wins"":12,""losses"":0,""draws"":0,""winPercentage"":100,""eventsEntered"":0,""titles"":0,""finals"":0,""prizeMoney"":320072,""points"":0}",,,,,,,,,,,,,,85,,false,false,false,,104,44,15,0,0,0,0,0,10,5,0,0,0,29,11,estimated from season exits versus eligible schedule | 29 eligible events not entered,Amateur,normal,,,false,false,false,false,0,0,0,,0,false,,amateur,amateur,,,true,true,
2048/49,wp-ivan-verma,Ivan Verma,69,POL,Veteran,Amateur,false,false,false,,0,0,,Amateur,,,,,,,,,,,,,70,72,65,65,53,70,37,48,27,0,0,0,,0,,,,,,,0,0,25,16,9,64,0,0,198007,"{""matches"":25,""wins"":16,""losses"":9,""draws"":0,""winPercentage"":64,""eventsEntered"":0,""titles"":0,""finals"":0,""prizeMoney"":198007,""points"":0}",,,,,,,,,,,,,,82,,false,false,false,,104,44,15,0,0,0,0,0,10,5,0,0,0,29,11,estimated from season exits versus eligible schedule | 29 eligible events not entered,Amateur,normal,,,false,false,false,false,0,0,0,,0,false,,amateur,amateur,,,true,true,
2048/49,wp-ivan-whitaker,Ivan Whitaker,42,IND,Veteran,Amateur,false,false,false,,0,0,,Amateur,,,,,,,,,,,,,69,71,69,67,64,82,62,6,30,0,0,0,,0,,,,,,,0,0,79,48,31,60.75949367088608,0,0,764282,"{""matches"":79,""wins"":48,""losses"":31,""draws"":0,""winPercentage"":60.75949367088608,""eventsEntered"":0,""titles"":0,""finals"":0,""prizeMoney"":764282,""points"":0}",,,,,,,,,,,,,,83,,false,false,false,,104,44,15,0,0,0,0,0,10,5,0,0,0,29,11,estimated from season exits versus eligible schedule | 29 eligible events not entered,Amateur,normal,,,false,false,false,false,0,0,0,,0,false,,amateur,amateur,,,true,true,
2048/49,wp-ivan-yates,Ivan Yates,51,JPN,Veteran,Amateur,false,false,false,,0,0,,Amateur,,,,,,,,,,,,,72,72,71,69,63,84,69,18,18,0,0,0,,0,,,,,,,0,0,12,12,0,100,0,0,0,"{""matches"":12,""wins"":12,""losses"":0,""draws"":0,""winPercentage"":100,""eventsEntered"":0,""titles"":0,""finals"":0,""prizeMoney"":0,""points"":0}",,,,,,,,,,,,,,,,false,false,false,,104,44,15,0,0,0,0,0,10,5,0,0,0,29,11,estimated from season exits versus eligible schedule | 29 eligible events not entered,Amateur,normal,,,false,false,false,false,0,0,0,,0,false,,amateur,amateur,,,true,true,
2048/49,wp-jasper-ashford,Jasper Ashford,45,FRA,Veteran,Amateur,false,false,false,,0,0,,Amateur,,,,,,,,,,,,,72,72,72,70,66,87,75,9,18,0,0,0,,0,,,,,,,0,0,12,12,0,100,0,0,0,"{""matches"":12,""wins"":12,""losses"":0,""draws"":0,""winPercentage"":100,""eventsEntered"":0,""titles"":0,""finals"":0,""prizeMoney"":0,""points"":0}",,,,,,,,,,,,,,,,false,false,false,,104,44,15,0,0,0,0,0,10,5,0,0,0,29,11,estimated from season exits versus eligible schedule | 29 eligible events not entered,Amateur,normal,,,false,false,false,false,0,0,0,,0,false,,amateur,amateur,,,true,true,
2048/49,wp-jasper-barker,Jasper Barker,56,IRL,Veteran,Amateur,false,false,false,,0,0,,Amateur,,,,,,,,,,,,,78,84,76,78,67,84,49,28,51,0,0,0,,0,,,,,,,0,0,114,70,44,61.40350877192983,0,0,1946471,"{""matches"":114,""wins"":70,""losses"":44,""draws"":0,""winPercentage"":61.40350877192983,""eventsEntered"":0,""titles"":0,""finals"":0,""prizeMoney"":1946471,""points"":0}",,,,,,,,,,,,,,7,,false,false,false,,104,44,15,0,0,0,0,0,10,5,0,0,0,29,11,estimated from season exits versus eligible schedule | 29 eligible events not entered,Amateur,normal,,,false,false,false,false,0,0,0,,0,false,,senior,amateur,,,true,true,
2048/49,wp-jasper-caldwell,Jasper Caldwell,44,NED,Veteran,Amateur,false,false,false,,0,0,,Amateur,,,,,,,,,,,,,68,68,68,65,62,82,69,8,18,0,0,0,,0,,,,,,,0,0,16,13,3,81.25,0,0,0,"{""matches"":16,""wins"":13,""losses"":3,""draws"":0,""winPercentage"":81.25,""eventsEntered"":0,""titles"":0,""finals"":0,""prizeMoney"":0,""points"":0}",,,,,,,,,,,,,,,,false,false,false,,104,44,15,0,0,0,0,0,10,5,0,0,0,29,11,estimated from season exits versus eligible schedule | 29 eligible events not entered,Amateur,normal,,,false,false,false,false,0,0,0,,0,false,,amateur,amateur,,,true,true,
2048/49,wp-jasper-easton,Jasper Easton,75,BRA,Veteran,Senior Tour / Legend Circuit,false,false,false,,0,0,,Amateur,,,,,,,,,,5,,,71,71,65,68,49,67,45,77,30,7,6,1,85.71428571428571,0,,,,,,,0,221,108,83,25,76.85185185185185,6,0,0,"{""matches"":108,""wins"":83,""losses"":25,""draws"":0,""winPercentage"":76.85185185185185,""eventsEntered"":0,""titles"":6,""finals"":0,""prizeMoney"":0,""points"":0}",,,,,,,,,,,,,,,,false,false,false,,104,14,11,0,0,0,0,0,0,0,0,0,11,3,0,estimated from season exits versus eligible schedule | 3 eligible events not entered,Senior/Legend,normal,,,false,false,false,false,0,0,0,,2,false,,amateur,senior,,,true,true,
2048/49,wp-jasper-gallagher,Jasper Gallagher,47,NOR,Veteran,Amateur,false,false,false,,0,0,,Amateur,,,,,,,,,,,,,77,80,76,76,70,90,68,13,32,0,0,0,,0,,,,,,,0,0,15,13,2,86.66666666666667,0,0,416132,"{""matches"":15,""wins"":13,""losses"":2,""draws"":0,""winPercentage"":86.66666666666667,""eventsEntered"":0,""titles"":0,""finals"":0,""prizeMoney"":416132,""points"":0}",,,,,,,,,,,,,,65,,false,false,false,,104,44,15,0,0,0,0,0,10,5,0,0,0,29,11,estimated from season exits versus eligible schedule | 29 eligible events not entered,Amateur,normal,,,false,false,false,false,0,0,0,,0,false,,amateur,amateur,,,true,true,
2048/49,wp-jasper-patel,Jasper Patel,50,AUS,Veteran,Amateur,false,false,false,,0,0,,Amateur,,,,,,,,,,,,,74,75,73,72,66,86,70,17,22,0,0,0,,0,,,,,,,0,0,12,12,0,100,0,0,166244,"{""matches"":12,""wins"":12,""losses"":0,""draws"":0,""winPercentage"":100,""eventsEntered"":0,""titles"":0,""finals"":0,""prizeMoney"":166244,""points"":0}",,,,,,,,,,,,,,113,,false,false,false,,104,44,15,0,0,0,0,0,10,5,0,0,0,29,11,estimated from season exits versus eligible schedule | 29 eligible events not entered,Amateur,normal,,,false,false,false,false,0,0,0,,0,false,,amateur,amateur,,,true,true,
2048/49,wp-jasper-petrov,Jasper Petrov,48,CHN,Veteran,Amateur,false,false,false,,0,0,,Amateur,,,,,,,,,,,,,71,73,70,69,64,82,60,15,32,0,0,0,,0,,,,,,,0,0,58,38,20,65.51724137931035,2,0,460477,"{""matches"":58,""wins"":38,""losses"":20,""draws"":0,""winPercentage"":65.51724137931035,""eventsEntered"":0,""titles"":2,""finals"":0,""prizeMoney"":460477,""points"":0}",,,,,,,,,,,,,,84,,false,false,false,,104,44,15,0,0,0,0,0,10,5,0,0,0,29,11,estimated from season exits versus eligible schedule | 29 eligible events not entered,Amateur,normal,,,false,false,false,false,0,0,0,,0,false,,amateur,amateur,,,true,true,
2048/49,wp-jasper-rahman,Jasper Rahman,51,BRA,Veteran,Amateur,false,false,false,,0,0,,Amateur,,,,,,,,,,,,,70,72,69,67,61,79,55,20,28,0,0,0,,0,,,,,,,0,0,46,30,16,65.21739130434783,0,0,422320,"{""matches"":46,""wins"":30,""losses"":16,""draws"":0,""winPercentage"":65.21739130434783,""eventsEntered"":0,""titles"":0,""finals"":0,""prizeMoney"":422320,""points"":0}",,,,,,,,,,,,,,85,,false,false,false,,104,44,15,0,0,0,0,0,10,5,0,0,0,29,11,estimated from season exits versus eligible schedule | 29 eligible events not entered,Amateur,normal,,,false,false,false,false,0,0,0,,0,false,,amateur,amateur,,,true,true,
2048/49,wp-jasper-sorensen,Jasper Sorensen,47,ITA,Veteran,Amateur,false,false,false,,0,0,,Amateur,,,,,,,,,,,,,69,71,68,66,62,80,60,13,25,0,0,0,,0,,,,,,,0,0,75,51,24,68,0,0,226047,"{""matches"":75,""wins"":51,""losses"":24,""draws"":0,""winPercentage"":68,""eventsEntered"":0,""titles"":0,""finals"":0,""prizeMoney"":226047,""points"":0}",,,,,,,,,,,,,,96,,false,false,false,,104,44,15,0,0,0,0,0,10,5,0,0,0,29,11,estimated from season exits versus eligible schedule | 29 eligible events not entered,Amateur,normal,,,false,false,false,false,0,0,0,,0,false,,amateur,amateur,,,true,true,
2048/49,wp-jasper-yates,Jasper Yates,54,NOR,Veteran,Amateur,false,false,false,,0,0,,Amateur,,,,,,,,,,,,,68,68,66,64,58,77,59,24,18,0,0,0,,0,,,,,,,0,0,12,10,2,83.33333333333334,0,0,0,"{""matches"":12,""wins"":10,""losses"":2,""draws"":0,""winPercentage"":83.33333333333334,""eventsEntered"":0,""titles"":0,""finals"":0,""prizeMoney"":0,""points"":0}",,,,,,,,,,,,,,,,false,false,false,,104,44,15,0,0,0,0,0,10,5,0,0,0,29,11,estimated from season exits versus eligible schedule | 29 eligible events not entered,Amateur,normal,,,false,false,false,false,0,0,0,,0,false,,amateur,amateur,,,true,true,
2048/49,wp-joel-forster,Joel Forster,49,ENG,Veteran,Amateur,false,false,false,,0,0,,Amateur,,,,,,,,,,,,,77,83,76,78,69,86,54,17,53,0,0,0,,0,,,,,,,0,0,162,92,70,56.79012345679012,0,0,2405165,"{""matches"":162,""wins"":92,""losses"":70,""draws"":0,""winPercentage"":56.79012345679012,""eventsEntered"":0,""titles"":0,""finals"":0,""prizeMoney"":2405165,""points"":0}",,,,,,,,,,,,,,8,,false,false,false,,104,44,15,0,0,0,0,0,10,5,0,0,0,29,11,estimated from season exits versus eligible schedule | 29 eligible events not entered,Amateur,normal,,,false,false,false,false,0,0,0,,0,false,,senior,amateur,,,true,true,
2048/49,wp-joel-iqbal,Joel Iqbal,48,IND,Veteran,Amateur,false,false,false,,0,0,,Amateur,,,,,,,,,,,,,72,72,71,69,65,85,72,14,18,0,0,0,,0,,,,,,,0,0,12,12,0,100,0,0,0,"{""matches"":12,""wins"":12,""losses"":0,""draws"":0,""winPercentage"":100,""eventsEntered"":0,""titles"":0,""finals"":0,""prizeMoney"":0,""points"":0}",,,,,,,,,,,,,,,,false,false,false,,104,44,15,0,0,0,0,0,10,5,0,0,0,29,11,estimated from season exits versus eligible schedule | 29 eligible events not entered,Amateur,normal,,,false,false,false,false,0,0,0,,0,false,,amateur,amateur,,,true,true,
2048/49,wp-joel-lombardi,Joel Lombardi,53,CAN,Veteran,Amateur,false,false,false,,0,0,,Amateur,,,,,,,,,,,,,79,82,77,78,69,90,67,22,30,0,0,0,,0,,,,,,,0,0,12,12,0,100,0,0,355312,"{""matches"":12,""wins"":12,""losses"":0,""draws"":0,""winPercentage"":100,""eventsEntered"":0,""titles"":0,""finals"":0,""prizeMoney"":355312,""points"":0}",,,,,,,,,,,,,,72,,false,false,false,,104,44,15,0,0,0,0,0,10,5,0,0,0,29,11,estimated from season exits versus eligible schedule | 29 eligible events not entered,Amateur,normal,,,false,false,false,false,0,0,0,,0,false,,amateur,amateur,,,true,true,
2048/49,wp-joel-otero,Joel Otero,38,THA,Amateur,Q Tour,false,false,false,,0,0,,Amateur,,,,,,,,32,,,,,71,74,72,70,68,86,67,0,34,0,0,0,,0,,,,,,,0,0,263,165,98,62.737642585551335,0,0,995819,"{""matches"":263,""wins"":165,""losses"":98,""draws"":0,""winPercentage"":62.737642585551335,""eventsEntered"":0,""titles"":0,""finals"":0,""prizeMoney"":995819,""points"":0}",,,,,,,,,,,,,,71,,false,false,false,,104,42,7,0,0,0,0,0,2,5,0,0,0,35,19,estimated from season exits versus eligible schedule | 35 eligible events not entered,Q Tour,normal,,,false,false,false,false,0,0,0,,0,false,,amateur,qTour,,,true,true,
2048/49,wp-joel-tanaka,Joel Tanaka,45,GER,Veteran,Amateur,false,false,false,,0,0,,Amateur,,,,,,,,,,,,,73,73,73,71,67,88,75,9,20,0,0,0,,0,,,,,,,0,0,12,12,0,100,0,0,130856,"{""matches"":12,""wins"":12,""losses"":0,""draws"":0,""winPercentage"":100,""eventsEntered"":0,""titles"":0,""finals"":0,""prizeMoney"":130856,""points"":0}",,,,,,,,,,,,,,122,,false,false,false,,104,44,15,0,0,0,0,0,10,5,0,0,0,29,11,estimated from season exits versus eligible schedule | 29 eligible events not entered,Amateur,normal,,,false,false,false,false,0,0,0,,0,false,,amateur,amateur,,,true,true,
2048/49,wp-joel-urban,Joel Urban,45,POL,Veteran,Amateur,false,false,false,,0,0,,Amateur,,,,,,,,,,,,,69,71,69,67,63,81,61,10,28,0,0,0,,0,,,,,,,0,0,152,98,54,64.47368421052632,0,0,487937,"{""matches"":152,""wins"":98,""losses"":54,""draws"":0,""winPercentage"":64.47368421052632,""eventsEntered"":0,""titles"":0,""finals"":0,""prizeMoney"":487937,""points"":0}",,,,,,,,,,,,,,88,,false,false,false,,104,44,15,0,0,0,0,0,10,5,0,0,0,29,11,estimated from season exits versus eligible schedule | 29 eligible events not entered,Amateur,normal,,,false,false,false,false,0,0,0,,0,false,,amateur,amateur,,,true,true,
2048/49,wp-joel-verma,Joel Verma,54,IND,Veteran,Amateur,false,false,false,,0,0,,Amateur,,,,,,,,,,,,,64,64,62,59,54,71,52,24,18,0,0,0,,0,,,,,,,0,0,41,27,14,65.85365853658537,0,0,0,"{""matches"":41,""wins"":27,""losses"":14,""draws"":0,""winPercentage"":65.85365853658537,""eventsEntered"":0,""titles"":0,""finals"":0,""prizeMoney"":0,""points"":0}",,,,,,,,,,,,,,,,false,false,false,,104,44,15,0,0,0,0,0,10,5,0,0,0,29,11,estimated from season exits versus eligible schedule | 29 eligible events not entered,Amateur,normal,,,false,false,false,false,0,0,0,,0,false,,amateur,amateur,,,true,true,
2048/49,wp-joel-whitaker,Joel Whitaker,44,JPN,Veteran,Amateur,false,false,false,,0,0,,Amateur,,,,,,,,,,,,,72,72,72,70,67,87,76,7,18,0,0,0,,0,,,,,,,0,0,14,14,0,100,0,0,0,"{""matches"":14,""wins"":14,""losses"":0,""draws"":0,""winPercentage"":100,""eventsEntered"":0,""titles"":0,""finals"":0,""prizeMoney"":0,""points"":0}",,,,,,,,,,,,,,,,false,false,false,,104,44,15,0,0,0,0,0,10,5,0,0,0,29,11,estimated from season exits versus eligible schedule | 29 eligible events not entered,Amateur,normal,,,false,false,false,false,0,0,0,,0,false,,amateur,amateur,,,true,true,
2048/49,wp-joel-yates,Joel Yates,53,ESP,Veteran,Amateur,false,false,false,,0,0,,Amateur,,,,,,,,,,,,,67,67,65,63,57,76,57,22,18,0,0,0,,0,,,,,,,0,0,16,12,4,75,0,0,0,"{""matches"":16,""wins"":12,""losses"":4,""draws"":0,""winPercentage"":75,""eventsEntered"":0,""titles"":0,""finals"":0,""prizeMoney"":0,""points"":0}",,,,,,,,,,,,,,,,false,false,false,,104,44,15,0,0,0,0,0,10,5,0,0,0,29,11,estimated from season exits versus eligible schedule | 29 eligible events not entered,Amateur,normal,,,false,false,false,false,0,0,0,,0,false,,amateur,amateur,,,true,true,
2048/49,wp-jude-sloan,Jude Sloan,37,WAL,Amateur,Amateur,false,false,false,,0,0,,Amateur,,,,,,,52,,,,,,71,74,72,70,67,80,58,22,36,8,3,5,37.5,0,,,,,,,0,147,224,134,90,59.82142857142857,1,0,991483,"{""matches"":224,""wins"":134,""losses"":90,""draws"":0,""winPercentage"":59.82142857142857,""eventsEntered"":0,""titles"":1,""finals"":0,""prizeMoney"":991483,""points"":0}",,,,,,,,,,,,,,67,,false,false,false,,104,42,15,0,0,0,0,0,10,5,0,0,0,27,11,estimated from season exits versus eligible schedule | 27 eligible events not entered,Amateur,normal,,,false,false,false,false,0,0,0,,0,false,,amateur,amateur,,,true,true,
2048/49,wp-jude-sloan-a,Jude Sloan A,34,WAL,Amateur,Amateur,false,false,false,,0,0,,Amateur,66,66,,66,,,49,,,,66,,71,78,73,70,68,81,64,22,36,9,5,4,55.55555555555556,0,,,,,,,111578,694,222,141,81,63.51351351351351,0,0,1196138,"{""matches"":222,""wins"":141,""losses"":81,""draws"":0,""winPercentage"":63.51351351351351,""eventsEntered"":0,""titles"":0,""finals"":0,""prizeMoney"":1196138,""points"":0}",,,,,,,,,,,,,,66,,false,false,false,,104,42,15,0,0,0,0,0,10,5,0,0,0,27,11,estimated from season exits versus eligible schedule | 27 eligible events not entered,Amateur,normal,,,false,false,false,false,5,11,242234,,0,false,,amateur,amateur,,,true,true,
2048/49,wp-jude-sloan-c,Jude Sloan C,32,IRL,Amateur,Amateur,false,false,false,,0,0,,Amateur,68,68,,68,,,47,,,,68,,72,78,74,71,70,83,62,13,34,6,3,3,50,0,,,,,,,74000,460,188,122,66,64.8936170212766,0,0,857358,"{""matches"":188,""wins"":122,""losses"":66,""draws"":0,""winPercentage"":64.8936170212766,""eventsEntered"":0,""titles"":0,""finals"":0,""prizeMoney"":857358,""points"":0}",,,,,,,,,,,,,,67,,false,false,false,,104,42,15,0,0,0,0,0,10,5,0,0,0,27,11,estimated from season exits versus eligible schedule | 27 eligible events not entered,Amateur,normal,,,false,false,false,false,3,9,204367,,0,false,,amateur,amateur,,,true,true,
2048/49,wp-jude-sloan-f,Jude Sloan F,29,IRL,Amateur,Amateur,false,false,false,,0,0,,Amateur,71,71,,71,,,40,,,,71,,72,77,74,71,71,84,63,13,34,6,3,3,50,0,,,,,,,73133,455,172,114,58,66.27906976744185,1,0,609633,"{""matches"":172,""wins"":114,""losses"":58,""draws"":0,""winPercentage"":66.27906976744185,""eventsEntered"":0,""titles"":1,""finals"":0,""prizeMoney"":609633,""points"":0}",,,,,,,,,,,,,,68,,false,false,false,,104,42,15,0,0,0,0,0,10,5,0,0,0,27,11,estimated from season exits versus eligible schedule | 27 eligible events not entered,Amateur,normal,,,false,false,false,false,3,9,203211,,0,false,,amateur,amateur,,,true,true,
2048/49,wp-jude-sloan-l,Jude Sloan L,21,AUS,Amateur,Q School,false,false,false,,0,0,,Amateur,74,74,,74,,,6,4,4,,74,,73,81,75,72,72,86,69,12,29,6,4,2,66.66666666666666,0,,,,,,,90766,564,75,56,19,74.66666666666667,0,0,200899,"{""matches"":75,""wins"":56,""losses"":19,""draws"":0,""winPercentage"":74.66666666666667,""eventsEntered"":0,""titles"":0,""finals"":0,""prizeMoney"":200899,""points"":0}",,,,,,,,,,,,,,73,,false,false,false,,104,42,4,0,0,0,0,0,0,4,0,0,0,38,22,estimated from season exits versus eligible schedule | 38 eligible events not entered,Q School,normal,,,false,false,false,false,4,9,200899,,0,false,,qSchool,qSchool,,,true,true,
2048/49,wp-jude-sloan-m,Jude Sloan M,20,WAL,Amateur,Q School,false,false,false,,0,0,,Amateur,75,75,,75,,,3,3,3,,75,,72,80,74,71,71,85,69,12,29,6,4,2,66.66666666666666,0,,,,,,,90477,562,37,26,11,70.27027027027027,0,0,200321,"{""matches"":37,""wins"":26,""losses"":11,""draws"":0,""winPercentage"":70.27027027027027,""eventsEntered"":0,""titles"":0,""finals"":0,""prizeMoney"":200321,""points"":0}",,,,,,,,,,,,,,74,,false,false,false,,104,42,4,0,0,0,0,0,0,4,0,0,0,38,22,estimated from season exits versus eligible schedule | 38 eligible events not entered,Q School,normal,,,false,false,false,false,4,9,200321,,0,false,,qSchool,qSchool,,,true,true,
2048/49,wp-jude-sloan-n,Jude Sloan N,20,WAL,Amateur,Q School,false,false,false,,0,0,,Amateur,76,76,,76,,,2,2,2,,76,,71,83,73,70,70,84,69,12,29,6,4,2,66.66666666666666,0,,,,,,,90188,561,30,20,10,66.66666666666666,0,0,181243,"{""matches"":30,""wins"":20,""losses"":10,""draws"":0,""winPercentage"":66.66666666666666,""eventsEntered"":0,""titles"":0,""finals"":0,""prizeMoney"":181243,""points"":0}",,,,,,,,,,,,,,75,,false,false,false,,104,42,4,0,0,0,0,0,0,4,0,0,0,38,22,estimated from season exits versus eligible schedule | 38 eligible events not entered,Q School,normal,,,false,false,false,false,4,8,181243,,0,false,,qSchool,qSchool,,,true,true,
2048/49,wp-jude-sloan-o,Jude Sloan O,17,WAL,Youth,Amateur,false,false,false,,0,0,,Amateur,,,,,,,,,,,,,69,91,71,66,68,82,71,15,18,7,5,2,71.42857142857143,0,,,,,,,0,125,24,18,6,75,0,0,0,"{""matches"":24,""wins"":18,""losses"":6,""draws"":0,""winPercentage"":75,""eventsEntered"":0,""titles"":0,""finals"":0,""prizeMoney"":0,""points"":0}",,,,,,,,,,,,,,,,false,false,false,,104,61,10,0,0,0,0,0,5,5,0,0,0,51,16,estimated from season exits versus eligible schedule | 51 eligible events not entered,Youth,normal,,,false,false,false,false,0,0,0,,0,false,,youth,youth,,,true,true,
2048/49,wp-jude-sloan-p,Jude Sloan P,17,WAL,Youth,Amateur,false,false,false,,0,0,,Amateur,,,,,,,,,,,,,71,98,73,68,70,84,71,15,18,7,5,2,71.42857142857143,0,,,,,,,0,123,15,11,4,73.33333333333333,0,0,0,"{""matches"":15,""wins"":11,""losses"":4,""draws"":0,""winPercentage"":73.33333333333333,""eventsEntered"":0,""titles"":0,""finals"":0,""prizeMoney"":0,""points"":0}",,,,,,,,,,,,,,,,false,false,false,,104,61,10,0,0,0,0,0,5,5,0,0,0,51,16,estimated from season exits versus eligible schedule | 51 eligible events not entered,Youth,normal,,,false,false,false,false,0,0,0,,0,false,,youth,youth,,,true,true,
2048/49,wp-jude-sloan-q,Jude Sloan Q,17,WAL,Youth,Amateur,false,false,false,,0,0,,Amateur,,,,,,,,,,,,,63,83,65,60,62,74,65,16,18,7,4,3,57.14285714285714,0,,,,,,,0,94,7,4,3,57.14285714285714,0,0,0,"{""matches"":7,""wins"":4,""losses"":3,""draws"":0,""winPercentage"":57.14285714285714,""eventsEntered"":0,""titles"":0,""finals"":0,""prizeMoney"":0,""points"":0}",,,,,,,,,,,,,,,,false,false,false,,104,61,10,0,0,0,0,0,5,5,0,0,0,51,16,estimated from season exits versus eligible schedule | 51 eligible events not entered,Youth,normal,,,false,false,false,false,0,0,0,,0,false,,youth,youth,,,true,true,
2048/49,wp-jude-sloan-r,Jude Sloan R,14,WAL,Youth,Amateur,false,false,false,,0,0,,Amateur,,,,,,,,,,,,,50,79,52,44,50,59,42,0,18,,,,,,,,,,,,,,0,0,0,0,0,0,0,"{""matches"":0,""wins"":0,""losses"":0,""draws"":0,""winPercentage"":0,""eventsEntered"":0,""titles"":0,""finals"":0,""prizeMoney"":0,""points"":0}",,,,,,,,,,,,,,,,,false,false,,104,61,10,0,0,0,0,0,5,5,0,0,0,51,16,estimated from season exits versus eligible schedule | 51 eligible events not entered,Youth,normal,,,false,false,false,false,0,0,0,,0,false,,youth,youth,,,true,true,
2048/49,wp-kai-pryce,Kai Pryce,37,AUS,Amateur,Amateur,false,false,false,,0,0,,Amateur,,,,,,,35,,,,,,69,93,70,68,64,78,62,28,35,10,5,5,50,0,,,,,,,0,227,203,119,84,58.620689655172406,0,0,1389812,"{""matches"":203,""wins"":119,""losses"":84,""draws"":0,""winPercentage"":58.620689655172406,""eventsEntered"":0,""titles"":0,""finals"":0,""prizeMoney"":1389812,""points"":0}",,,,,,,,,,,,,,76,,false,false,false,,104,42,15,0,0,0,0,0,10,5,0,0,0,27,11,estimated from season exits versus eligible schedule | 27 eligible events not entered,Amateur,normal,,,false,false,false,false,0,4,90766,,0,false,,amateur,amateur,,,true,true,
2048/49,wp-kai-pryce-a,Kai Pryce A,37,AUS,Amateur,Q School,false,false,false,,0,0,,Amateur,,,,,,,23,10,17,,,,69,71,70,68,65,80,65,19,30,7,4,3,57.14285714285714,0,,,,,,,0,169,230,135,95,58.69565217391305,0,0,668601,"{""matches"":230,""wins"":135,""losses"":95,""draws"":0,""winPercentage"":58.69565217391305,""eventsEntered"":0,""titles"":0,""finals"":0,""prizeMoney"":668601,""points"":0}",,,,,,,,,,,,,,80,,false,false,false,,104,42,4,0,0,0,0,0,0,4,0,0,0,38,22,estimated from season exits versus eligible schedule | 38 eligible events not entered,Q School,normal,,,false,false,false,false,0,0,0,,0,false,,qSchool,qSchool,,,true,true,
2048/49,wp-kai-pryce-b,Kai Pryce B,34,AUS,Amateur,Amateur,false,false,false,,0,0,,Amateur,,,,,,,42,,,,,,71,89,73,70,68,80,61,22,35,9,4,5,44.44444444444444,0,,,,,,,0,182,212,132,80,62.264150943396224,1,0,994954,"{""matches"":212,""wins"":132,""losses"":80,""draws"":0,""winPercentage"":62.264150943396224,""eventsEntered"":0,""titles"":1,""finals"":0,""prizeMoney"":994954,""points"":0}",,,,,,,,,,,,,,75,,false,false,false,,104,42,15,0,0,0,0,0,10,5,0,0,0,27,11,estimated from season exits versus eligible schedule | 27 eligible events not entered,Amateur,normal,,,false,false,false,false,0,3,71977,,0,false,no tour access,amateur,amateur,,,true,true,
2048/49,wp-kai-pryce-f,Kai Pryce F,29,CHN,Amateur,Amateur,false,false,false,,0,0,,Amateur,78,78,,78,,,39,,,,78,,70,78,72,69,69,81,65,16,30,7,4,3,57.14285714285714,0,,,,,,,89609,557,167,109,58,65.26946107784431,0,0,485915,"{""matches"":167,""wins"":109,""losses"":58,""draws"":0,""winPercentage"":65.26946107784431,""eventsEntered"":0,""titles"":0,""finals"":0,""prizeMoney"":485915,""points"":0}",,,,,,,,,,,,,,78,,false,false,false,,104,42,15,0,0,0,0,0,10,5,0,0,0,27,11,estimated from season exits versus eligible schedule | 27 eligible events not entered,Amateur,normal,,,false,false,false,false,4,7,161297,,0,false,,amateur,amateur,,,true,true,
2048/49,wp-kai-pryce-h,Kai Pryce H,27,WAL,Amateur,Q School,false,false,false,,0,0,,Amateur,80,80,,80,,,24,24,24,,80,,71,80,73,70,70,82,65,16,30,7,4,3,57.14285714285714,0,,,,,,,89031,553,135,90,45,66.66666666666666,0,0,505571,"{""matches"":135,""wins"":90,""losses"":45,""draws"":0,""winPercentage"":66.66666666666666,""eventsEntered"":0,""titles"":0,""finals"":0,""prizeMoney"":505571,""points"":0}",,,,,,,,,,,,,,78,,false,false,false,,104,42,4,0,0,0,0,0,0,4,0,0,0,38,22,estimated from season exits versus eligible schedule | 38 eligible events not entered,Q School,normal,,,false,false,false,false,4,7,160429,,0,false,,qSchool,qSchool,,,true,true,
2048/49,wp-kai-pryce-j,Kai Pryce J,24,WAL,Amateur,Q School,false,false,false,,0,0,,Amateur,82,82,,82,,,20,21,21,,82,,70,78,72,68,69,81,65,16,29,7,4,3,57.14285714285714,0,,,,,,,88453,550,94,61,33,64.8936170212766,0,0,321726,"{""matches"":94,""wins"":61,""losses"":33,""draws"":0,""winPercentage"":64.8936170212766,""eventsEntered"":0,""titles"":0,""finals"":0,""prizeMoney"":321726,""points"":0}",,,,,,,,,,,,,,79,,false,false,false,,104,42,4,0,0,0,0,0,0,4,0,0,0,38,22,estimated from season exits versus eligible schedule | 38 eligible events not entered,Q School,normal,,,false,false,false,false,4,7,159562,,0,false,,qSchool,qSchool,,,true,true,
2048/49,wp-kai-pryce-l,Kai Pryce L,24,WAL,Amateur,Q School,false,false,false,,0,0,,Amateur,84,84,,84,,,16,16,15,,84,,70,79,72,68,69,81,65,16,28,7,4,3,57.14285714285714,0,,,,,,,87875,546,97,65,32,67.0103092783505,0,0,319703,"{""matches"":97,""wins"":65,""losses"":32,""draws"":0,""winPercentage"":67.0103092783505,""eventsEntered"":0,""titles"":0,""finals"":0,""prizeMoney"":319703,""points"":0}",,,,,,,,,,,,,,81,,false,false,false,,104,42,4,0,0,0,0,0,0,4,0,0,0,38,22,estimated from season exits versus eligible schedule | 38 eligible events not entered,Q School,normal,,,false,false,false,false,4,7,158406,,0,false,,qSchool,qSchool,,,true,true,
2048/49,wp-kai-pryce-q,Kai Pryce Q,16,WAL,Youth,Amateur,false,false,false,,0,0,,Amateur,,,,,,,,,,,,,50,75,52,44,50,59,42,0,18,,,,,,,,,,,,,,0,0,0,0,0,0,0,"{""matches"":0,""wins"":0,""losses"":0,""draws"":0,""winPercentage"":0,""eventsEntered"":0,""titles"":0,""finals"":0,""prizeMoney"":0,""points"":0}",,,,,,,,,,,,,,,,,false,false,,104,61,10,0,0,0,0,0,5,5,0,0,0,51,16,estimated from season exits versus eligible schedule | 51 eligible events not entered,Youth,normal,,,false,false,false,false,0,0,0,,0,false,,youth,youth,,,true,true,
2048/49,wp-kaito-ashford,Kaito Ashford,48,ENG,Veteran,Amateur,false,false,false,,0,0,,Amateur,,,,,,,,,,,,,72,72,71,69,65,85,72,14,18,0,0,0,,0,,,,,,,0,0,8,8,0,100,0,0,0,"{""matches"":8,""wins"":8,""losses"":0,""draws"":0,""winPercentage"":100,""eventsEntered"":0,""titles"":0,""finals"":0,""prizeMoney"":0,""points"":0}",,,,,,,,,,,,,,,,false,false,false,,104,44,15,0,0,0,0,0,10,5,0,0,0,29,11,estimated from season exits versus eligible schedule | 29 eligible events not entered,Amateur,normal,,,false,false,false,false,0,0,0,,0,false,,amateur,amateur,,,true,true,
2048/49,wp-kaito-barker,Kaito Barker,44,NIR,Veteran,Amateur,false,false,false,,0,0,,Amateur,,,,,,,,,,,,,72,72,72,70,67,87,76,7,18,0,0,0,,0,,,,,,,0,0,14,14,0,100,0,0,0,"{""matches"":14,""wins"":14,""losses"":0,""draws"":0,""winPercentage"":100,""eventsEntered"":0,""titles"":0,""finals"":0,""prizeMoney"":0,""points"":0}",,,,,,,,,,,,,,,,false,false,false,,104,44,15,0,0,0,0,0,10,5,0,0,0,29,11,estimated from season exits versus eligible schedule | 29 eligible events not entered,Amateur,normal,,,false,false,false,false,0,0,0,,0,false,,amateur,amateur,,,true,true,
2048/49,wp-kaito-caldwell,Kaito Caldwell,53,POL,Veteran,Amateur,false,false,false,,0,0,,Amateur,,,,,,,,,,,,,72,72,70,69,62,83,67,22,18,0,0,0,,0,,,,,,,0,0,14,14,0,100,0,0,0,"{""matches"":14,""wins"":14,""losses"":0,""draws"":0,""winPercentage"":100,""eventsEntered"":0,""titles"":0,""finals"":0,""prizeMoney"":0,""points"":0}",,,,,,,,,,,,,,,,false,false,false,,104,44,15,0,0,0,0,0,10,5,0,0,0,29,11,estimated from season exits versus eligible schedule | 29 eligible events not entered,Amateur,normal,,,false,false,false,false,0,0,0,,0,false,,amateur,amateur,,,true,true,
2048/49,wp-kaito-drayton,Kaito Drayton,71,IND,Veteran,Senior Tour / Legend Circuit,false,false,false,,0,0,,Amateur,,,,,,,,,,14,,,71,71,66,65,52,64,16,56,32,1,0,1,0,0,,,,,,,0,13,87,62,25,71.26436781609196,7,0,0,"{""matches"":87,""wins"":62,""losses"":25,""draws"":0,""winPercentage"":71.26436781609196,""eventsEntered"":0,""titles"":7,""finals"":0,""prizeMoney"":0,""points"":0}",,,,,,,,,,,,,,,,false,false,false,,104,14,11,0,0,0,0,0,0,0,0,0,11,3,0,estimated from season exits versus eligible schedule | 3 eligible events not entered,Senior/Legend,normal,,,false,false,false,false,0,0,0,,0,false,,amateur,senior,,,true,true,
2048/49,wp-kaito-easton,Kaito Easton,45,THA,Veteran,Amateur,false,false,false,,0,0,,Amateur,,,,,,,,,,,,,76,78,76,75,70,91,75,9,25,0,0,0,,0,,,,,,,0,0,12,12,0,100,0,0,251362,"{""matches"":12,""wins"":12,""losses"":0,""draws"":0,""winPercentage"":100,""eventsEntered"":0,""titles"":0,""finals"":0,""prizeMoney"":251362,""points"":0}",,,,,,,,,,,,,,98,,false,false,false,,104,44,15,0,0,0,0,0,10,5,0,0,0,29,11,estimated from season exits versus eligible schedule | 29 eligible events not entered,Amateur,normal,,,false,false,false,false,0,0,0,,0,false,,amateur,amateur,,,true,true,
2048/49,wp-kaito-forster,Kaito Forster,48,ESP,Veteran,Amateur,false,false,false,,0,0,,Amateur,,,,,,,,,,,,,72,72,71,69,65,85,72,14,18,0,0,0,,0,,,,,,,0,0,12,12,0,100,0,0,0,"{""matches"":12,""wins"":12,""losses"":0,""draws"":0,""winPercentage"":100,""eventsEntered"":0,""titles"":0,""finals"":0,""prizeMoney"":0,""points"":0}",,,,,,,,,,,,,,,,false,false,false,,104,44,15,0,0,0,0,0,10,5,0,0,0,29,11,estimated from season exits versus eligible schedule | 29 eligible events not entered,Amateur,normal,,,false,false,false,false,0,0,0,,0,false,,amateur,amateur,,,true,true,
2048/49,wp-kaito-nakamura,Kaito Nakamura,54,NIR,Veteran,Amateur,false,false,false,,0,0,,Amateur,,,,,,,,,,,,,79,85,77,80,69,86,51,24,55,0,0,0,,0,,,,,,,0,0,121,70,51,57.85123966942148,2,0,1909343,"{""matches"":121,""wins"":70,""losses"":51,""draws"":0,""winPercentage"":57.85123966942148,""eventsEntered"":0,""titles"":2,""finals"":0,""prizeMoney"":1909343,""points"":0}",,,,,,,,,,,,,,2,,false,false,false,,104,44,15,0,0,0,0,0,10,5,0,0,0,29,11,estimated from season exits versus eligible schedule | 29 eligible events not entered,Amateur,normal,,,false,false,false,false,0,0,0,,0,false,,senior,amateur,,,true,true,
2048/49,wp-kaito-sorensen,Kaito Sorensen,63,ESP,Veteran,Amateur,false,false,false,,0,0,,Amateur,,,,,,,,,,,,,71,73,67,67,56,74,46,38,27,0,0,0,,0,,,,,,,0,0,29,21,8,72.41379310344827,0,0,212461,"{""matches"":29,""wins"":21,""losses"":8,""draws"":0,""winPercentage"":72.41379310344827,""eventsEntered"":0,""titles"":0,""finals"":0,""prizeMoney"":212461,""points"":0}",,,,,,,,,,,,,,86,,false,false,false,,104,44,15,0,0,0,0,0,10,5,0,0,0,29,11,estimated from season exits versus eligible schedule | 29 eligible events not entered,Amateur,normal,,,false,false,false,false,0,0,0,,0,false,,amateur,amateur,,,true,true,
2048/49,wp-kaito-tremblay,Kaito Tremblay,43,WAL,Veteran,Amateur,false,false,false,,0,0,,Amateur,,,,,,,,,,,,,63,63,63,59,58,75,61,7,18,0,0,0,,0,,,,,,,0,0,47,28,19,59.57446808510638,0,0,0,"{""matches"":47,""wins"":28,""losses"":19,""draws"":0,""winPercentage"":59.57446808510638,""eventsEntered"":0,""titles"":0,""finals"":0,""prizeMoney"":0,""points"":0}",,,,,,,,,,,,,,,,false,false,false,,104,44,15,0,0,0,0,0,10,5,0,0,0,29,11,estimated from season exits versus eligible schedule | 29 eligible events not entered,Amateur,normal,,,false,false,false,false,0,0,0,,0,false,,amateur,amateur,,,true,true,
2048/49,wp-kaito-vos,Kaito Vos,54,SWE,Veteran,Amateur,false,false,false,,0,0,,Amateur,,,,,,,,,,,,,73,77,71,72,63,80,50,25,40,0,0,0,,0,,,,,,,0,0,84,51,33,60.71428571428571,0,0,1403473,"{""matches"":84,""wins"":51,""losses"":33,""draws"":0,""winPercentage"":60.71428571428571,""eventsEntered"":0,""titles"":0,""finals"":0,""prizeMoney"":1403473,""points"":0}",,,,,,,,,,,,,,51,,false,false,false,,104,44,15,0,0,0,0,0,10,5,0,0,0,29,11,estimated from season exits versus eligible schedule | 29 eligible events not entered,Amateur,normal,,,false,false,false,false,0,0,0,,0,false,,senior,amateur,,,true,true,
2048/49,wp-kieran-ashford,Kieran Ashford,48,IRL,Veteran,Amateur,false,false,false,,0,0,,Amateur,,,,,,,,,,,,,72,72,71,69,65,85,72,14,18,0,0,0,,0,,,,,,,0,0,10,10,0,100,0,0,0,"{""matches"":10,""wins"":10,""losses"":0,""draws"":0,""winPercentage"":100,""eventsEntered"":0,""titles"":0,""finals"":0,""prizeMoney"":0,""points"":0}",,,,,,,,,,,,,,,,false,false,false,,104,44,15,0,0,0,0,0,10,5,0,0,0,29,11,estimated from season exits versus eligible schedule | 29 eligible events not entered,Amateur,normal,,,false,false,false,false,0,0,0,,0,false,,amateur,amateur,,,true,true,
2048/49,wp-kieran-iqbal,Kieran Iqbal,42,NED,Veteran,Amateur,false,false,false,,0,0,,Amateur,,,,,,,,,,,,,67,69,67,65,62,80,63,5,26,0,0,0,,0,,,,,,,0,0,121,75,46,61.98347107438017,0,0,387716,"{""matches"":121,""wins"":75,""losses"":46,""draws"":0,""winPercentage"":61.98347107438017,""eventsEntered"":0,""titles"":0,""finals"":0,""prizeMoney"":387716,""points"":0}",,,,,,,,,,,,,,97,,false,false,false,,104,44,15,0,0,0,0,0,10,5,0,0,0,29,11,estimated from season exits versus eligible schedule | 29 eligible events not entered,Amateur,normal,,,false,false,false,false,0,0,0,,0,false,,amateur,amateur,,,true,true,
2048/49,wp-kieran-janssen,Kieran Janssen,49,NOR,Veteran,Amateur,false,false,false,,0,0,,Amateur,,,,,,,,,,,,,72,72,71,69,64,85,71,15,18,0,0,0,,0,,,,,,,0,0,12,12,0,100,0,0,0,"{""matches"":12,""wins"":12,""losses"":0,""draws"":0,""winPercentage"":100,""eventsEntered"":0,""titles"":0,""finals"":0,""prizeMoney"":0,""points"":0}",,,,,,,,,,,,,,,,false,false,false,,104,44,15,0,0,0,0,0,10,5,0,0,0,29,11,estimated from season exits versus eligible schedule | 29 eligible events not entered,Amateur,normal,,,false,false,false,false,0,0,0,,0,false,,amateur,amateur,,,true,true,
2048/49,wp-kieran-petrov,Kieran Petrov,43,BRA,Veteran,Amateur,false,false,false,,0,0,,Amateur,,,,,,,,,,,,,69,71,69,67,64,81,62,7,29,0,0,0,,0,,,,,,,0,0,135,85,50,62.96296296296296,0,0,673516,"{""matches"":135,""wins"":85,""losses"":50,""draws"":0,""winPercentage"":62.96296296296296,""eventsEntered"":0,""titles"":0,""finals"":0,""prizeMoney"":673516,""points"":0}",,,,,,,,,,,,,,87,,false,false,false,,104,44,15,0,0,0,0,0,10,5,0,0,0,29,11,estimated from season exits versus eligible schedule | 29 eligible events not entered,Amateur,normal,,,false,false,false,false,0,0,0,,0,false,,amateur,amateur,,,true,true,
2048/49,wp-kieran-sorensen,Kieran Sorensen,55,SCO,Veteran,Amateur,false,false,false,,0,0,,Amateur,,,,,,,,,,,,,77,83,75,77,66,83,48,26,49,0,0,0,,0,,,,,,,0,0,86,49,37,56.97674418604651,0,0,1584438,"{""matches"":86,""wins"":49,""losses"":37,""draws"":0,""winPercentage"":56.97674418604651,""eventsEntered"":0,""titles"":0,""finals"":0,""prizeMoney"":1584438,""points"":0}",,,,,,,,,,,,,,5,,false,false,false,,104,44,15,0,0,0,0,0,10,5,0,0,0,29,11,estimated from season exits versus eligible schedule | 29 eligible events not entered,Amateur,normal,,,false,false,false,false,0,0,0,,0,false,,senior,amateur,,,true,true,
2048/49,wp-kieran-urban,Kieran Urban,47,AUS,Veteran,Amateur,false,false,false,,0,0,,Amateur,,,,,,,,,,,,,68,70,67,65,61,78,58,13,27,0,0,0,,0,,,,,,,0,0,37,23,14,62.16216216216216,0,0,357282,"{""matches"":37,""wins"":23,""losses"":14,""draws"":0,""winPercentage"":62.16216216216216,""eventsEntered"":0,""titles"":0,""finals"":0,""prizeMoney"":357282,""points"":0}",,,,,,,,,,,,,,88,,false,false,false,,104,44,15,0,0,0,0,0,10,5,0,0,0,29,11,estimated from season exits versus eligible schedule | 29 eligible events not entered,Amateur,normal,,,false,false,false,false,0,0,0,,0,false,,amateur,amateur,,,true,true,
2048/49,wp-kieran-verma,Kieran Verma,50,PAK,Veteran,Amateur,false,false,false,,0,0,,Amateur,,,,,,,,,,,,,70,72,69,67,62,79,57,18,26,0,0,0,,0,,,,,,,0,0,25,17,8,68,0,0,209571,"{""matches"":25,""wins"":17,""losses"":8,""draws"":0,""winPercentage"":68,""eventsEntered"":0,""titles"":0,""finals"":0,""prizeMoney"":209571,""points"":0}",,,,,,,,,,,,,,89,,false,false,false,,104,44,15,0,0,0,0,0,10,5,0,0,0,29,11,estimated from season exits versus eligible schedule | 29 eligible events not entered,Amateur,normal,,,false,false,false,false,0,0,0,,0,false,,amateur,amateur,,,true,true,
2048/49,wp-kieran-whitaker,Kieran Whitaker,42,NOR,Veteran,Amateur,false,false,false,,0,0,,Amateur,,,,,,,,,,,,,68,70,68,66,63,80,61,6,27,0,0,0,,0,,,,,,,0,0,203,117,86,57.635467980295566,0,0,326641,"{""matches"":203,""wins"":117,""losses"":86,""draws"":0,""winPercentage"":57.635467980295566,""eventsEntered"":0,""titles"":0,""finals"":0,""prizeMoney"":326641,""points"":0}",,,,,,,,,,,,,,86,,false,false,false,,104,44,15,0,0,0,0,0,10,5,0,0,0,29,11,estimated from season exits versus eligible schedule | 29 eligible events not entered,Amateur,normal,,,false,false,false,false,0,0,0,,0,false,,amateur,amateur,,,true,true,
2048/49,wp-kieran-yates,Kieran Yates,39,FRA,Amateur,Q School,false,false,false,,0,0,,Amateur,,,,,,,18,6,12,,,,68,70,69,66,63,78,64,22,26,7,4,3,57.14285714285714,0,,,,,,,0,171,214,133,81,62.149532710280376,0,0,406711,"{""matches"":214,""wins"":133,""losses"":81,""draws"":0,""winPercentage"":62.149532710280376,""eventsEntered"":0,""titles"":0,""finals"":0,""prizeMoney"":406711,""points"":0}",,,,,,,,,,,,,,94,,false,false,false,,104,42,4,0,0,0,0,0,0,4,0,0,0,38,22,estimated from season exits versus eligible schedule | 38 eligible events not entered,Q School,normal,,,false,false,false,false,0,0,0,,0,false,,qSchool,qSchool,,,true,true,
2048/49,wp-kieran-zimmer,Kieran Zimmer,46,BRA,Veteran,Amateur,false,false,false,,0,0,,Amateur,,,,,,,,,,,,,76,82,76,77,69,86,57,12,51,0,0,0,,0,,,,,,,0,0,144,81,63,56.25,0,0,2066706,"{""matches"":144,""wins"":81,""losses"":63,""draws"":0,""winPercentage"":56.25,""eventsEntered"":0,""titles"":0,""finals"":0,""prizeMoney"":2066706,""points"":0}",,,,,,,,,,,,,,11,,false,false,false,,104,44,15,0,0,0,0,0,10,5,0,0,0,29,11,estimated from season exits versus eligible schedule | 29 eligible events not entered,Amateur,normal,,,false,false,false,false,0,0,0,,0,false,,senior,amateur,,,true,true,
2048/49,wp-lennon-barker,Lennon Barker,50,BEL,Veteran,Amateur,false,false,false,,0,0,,Amateur,,,,,,,,,,,,,68,70,67,65,60,77,55,18,25,0,0,0,,0,,,,,,,0,0,74,47,27,63.51351351351351,0,0,145399,"{""matches"":74,""wins"":47,""losses"":27,""draws"":0,""winPercentage"":63.51351351351351,""eventsEntered"":0,""titles"":0,""finals"":0,""prizeMoney"":145399,""points"":0}",,,,,,,,,,,,,,95,,false,false,false,,104,44,15,0,0,0,0,0,10,5,0,0,0,29,11,estimated from season exits versus eligible schedule | 29 eligible events not entered,Amateur,normal,,,false,false,false,false,0,0,0,,0,false,,amateur,amateur,,,true,true,
2048/49,wp-lennon-caldwell,Lennon Caldwell,47,AUS,Veteran,Amateur,false,false,false,,0,0,,Amateur,,,,,,,,,,,,,68,68,67,65,61,80,66,13,18,0,0,0,,0,,,,,,,0,0,18,15,3,83.33333333333334,0,0,0,"{""matches"":18,""wins"":15,""losses"":3,""draws"":0,""winPercentage"":83.33333333333334,""eventsEntered"":0,""titles"":0,""finals"":0,""prizeMoney"":0,""points"":0}",,,,,,,,,,,,,,,,false,false,false,,104,44,15,0,0,0,0,0,10,5,0,0,0,29,11,estimated from season exits versus eligible schedule | 29 eligible events not entered,Amateur,normal,,,false,false,false,false,0,0,0,,0,false,,amateur,amateur,,,true,true,
2048/49,wp-lennon-drayton,Lennon Drayton,50,PAK,Veteran,Amateur,false,false,false,,0,0,,Amateur,,,,,,,,,,,,,72,72,71,69,64,84,70,17,18,0,0,0,,0,,,,,,,0,0,8,8,0,100,0,0,0,"{""matches"":8,""wins"":8,""losses"":0,""draws"":0,""winPercentage"":100,""eventsEntered"":0,""titles"":0,""finals"":0,""prizeMoney"":0,""points"":0}",,,,,,,,,,,,,,,,false,false,false,,104,44,15,0,0,0,0,0,10,5,0,0,0,29,11,estimated from season exits versus eligible schedule | 29 eligible events not entered,Amateur,normal,,,false,false,false,false,0,0,0,,0,false,,amateur,amateur,,,true,true,
2048/49,wp-lennon-easton,Lennon Easton,49,NOR,Veteran,Amateur,false,false,false,,0,0,,Amateur,,,,,,,,,,,,,72,72,71,69,64,85,71,15,18,0,0,0,,0,,,,,,,0,0,10,10,0,100,0,0,0,"{""matches"":10,""wins"":10,""losses"":0,""draws"":0,""winPercentage"":100,""eventsEntered"":0,""titles"":0,""finals"":0,""prizeMoney"":0,""points"":0}",,,,,,,,,,,,,,,,false,false,false,,104,44,15,0,0,0,0,0,10,5,0,0,0,29,11,estimated from season exits versus eligible schedule | 29 eligible events not entered,Amateur,normal,,,false,false,false,false,0,0,0,,0,false,,amateur,amateur,,,true,true,
2048/49,wp-lennon-grimaldi,Lennon Grimaldi,48,IRL,Veteran,Amateur,false,false,false,,0,0,,Amateur,,,,,,,,,,,,,65,65,64,61,58,75,59,15,18,0,0,0,,0,,,,,,,0,0,30,20,10,66.66666666666666,0,0,0,"{""matches"":30,""wins"":20,""losses"":10,""draws"":0,""winPercentage"":66.66666666666666,""eventsEntered"":0,""titles"":0,""finals"":0,""prizeMoney"":0,""points"":0}",,,,,,,,,,,,,,,,false,false,false,,104,44,15,0,0,0,0,0,10,5,0,0,0,29,11,estimated from season exits versus eligible schedule | 29 eligible events not entered,Amateur,normal,,,false,false,false,false,0,0,0,,0,false,,amateur,amateur,,,true,true,
2048/49,wp-lennon-kovacs,Lennon Kovacs,56,ITA,Veteran,Amateur,false,false,false,,0,0,,Amateur,,,,,,,,,,,,,74,79,72,72,63,80,48,28,40,0,0,0,,0,,,,,,,0,0,57,34,23,59.64912280701754,0,0,1124494,"{""matches"":57,""wins"":34,""losses"":23,""draws"":0,""winPercentage"":59.64912280701754,""eventsEntered"":0,""titles"":0,""finals"":0,""prizeMoney"":1124494,""points"":0}",,,,,,,,,,,,,,38,,false,false,false,,104,44,15,0,0,0,0,0,10,5,0,0,0,29,11,estimated from season exits versus eligible schedule | 29 eligible events not entered,Amateur,normal,,,false,false,false,false,0,0,0,,0,false,,senior,amateur,,,true,true,
2048/49,wp-lennon-mendoza,Lennon Mendoza,67,SCO,Veteran,Amateur,false,false,false,,0,0,,Amateur,,,,,,,,,,,,,68,70,63,63,51,68,37,45,26,0,0,0,,0,,,,,,,0,0,35,21,14,60,0,0,170836,"{""matches"":35,""wins"":21,""losses"":14,""draws"":0,""winPercentage"":60,""eventsEntered"":0,""titles"":0,""finals"":0,""prizeMoney"":170836,""points"":0}",,,,,,,,,,,,,,90,,false,false,false,,104,44,15,0,0,0,0,0,10,5,0,0,0,29,11,estimated from season exits versus eligible schedule | 29 eligible events not entered,Amateur,normal,,,false,false,false,false,0,0,0,,0,false,,amateur,amateur,,,true,true,
2048/49,wp-lennon-rahman,Lennon Rahman,50,CHN,Veteran,Amateur,false,false,false,,0,0,,Amateur,,,,,,,,,,,,,78,81,77,77,70,90,70,17,29,0,0,0,,0,,,,,,,0,0,12,12,0,100,0,0,304278,"{""matches"":12,""wins"":12,""losses"":0,""draws"":0,""winPercentage"":100,""eventsEntered"":0,""titles"":0,""finals"":0,""prizeMoney"":304278,""points"":0}",,,,,,,,,,,,,,78,,false,false,false,,104,44,15,0,0,0,0,0,10,5,0,0,0,29,11,estimated from season exits versus eligible schedule | 29 eligible events not entered,Amateur,normal,,,false,false,false,false,0,0,0,,0,false,,amateur,amateur,,,true,true,
2048/49,wp-lennon-tremblay,Lennon Tremblay,51,IRL,Veteran,Amateur,false,false,false,,0,0,,Amateur,,,,,,,,,,,,,69,70,68,66,60,78,57,19,23,0,0,0,,0,,,,,,,0,0,65,46,19,70.76923076923077,0,0,145399,"{""matches"":65,""wins"":46,""losses"":19,""draws"":0,""winPercentage"":70.76923076923077,""eventsEntered"":0,""titles"":0,""finals"":0,""prizeMoney"":145399,""points"":0}",,,,,,,,,,,,,,102,,false,false,false,,104,44,15,0,0,0,0,0,10,5,0,0,0,29,11,estimated from season exits versus eligible schedule | 29 eligible events not entered,Amateur,normal,,,false,false,false,false,0,0,0,,0,false,,amateur,amateur,,,true,true,
2048/49,wp-lennon-urban,Lennon Urban,47,NED,Veteran,Amateur,false,false,false,,0,0,,Amateur,,,,,,,,,,,,,72,72,71,70,65,86,73,12,18,0,0,0,,0,,,,,,,0,0,14,14,0,100,0,0,0,"{""matches"":14,""wins"":14,""losses"":0,""draws"":0,""winPercentage"":100,""eventsEntered"":0,""titles"":0,""finals"":0,""prizeMoney"":0,""points"":0}",,,,,,,,,,,,,,,,false,false,false,,104,44,15,0,0,0,0,0,10,5,0,0,0,29,11,estimated from season exits versus eligible schedule | 29 eligible events not entered,Amateur,normal,,,false,false,false,false,0,0,0,,0,false,,amateur,amateur,,,true,true,
2048/49,wp-lorenzo-ashford,Lorenzo Ashford,39,NIR,Amateur,Amateur,false,false,false,,0,0,,Amateur,,,,,,,,,,,,,67,69,68,65,64,81,66,1,25,0,0,0,,0,,,,,,,0,0,190,117,73,61.578947368421055,0,0,292243,"{""matches"":190,""wins"":117,""losses"":73,""draws"":0,""winPercentage"":61.578947368421055,""eventsEntered"":0,""titles"":0,""finals"":0,""prizeMoney"":292243,""points"":0}",,,,,,,,,,,,,,96,,false,false,false,,104,42,15,0,0,0,0,0,10,5,0,0,0,27,11,estimated from season exits versus eligible schedule | 27 eligible events not entered,Amateur,normal,,,false,false,false,false,0,0,0,,0,false,,amateur,amateur,,,true,true,
2048/49,wp-lorenzo-barker,Lorenzo Barker,37,POL,Amateur,Amateur,false,false,false,,0,0,,Amateur,,,,,,,58,,,,,,69,71,70,68,67,84,68,0,30,0,0,0,,0,,,,,,,0,0,241,148,93,61.41078838174274,1,0,451228,"{""matches"":241,""wins"":148,""losses"":93,""draws"":0,""winPercentage"":61.41078838174274,""eventsEntered"":0,""titles"":1,""finals"":0,""prizeMoney"":451228,""points"":0}",,,,,,,,,,,,,,87,,false,false,false,,104,42,15,0,0,0,0,0,10,5,0,0,0,27,11,estimated from season exits versus eligible schedule | 27 eligible events not entered,Amateur,normal,,,false,false,false,false,0,0,0,,0,false,,amateur,amateur,,,true,true,
2048/49,wp-lorenzo-drayton,Lorenzo Drayton,45,JPN,Veteran,Amateur,false,false,false,,0,0,,Amateur,,,,,,,,,,,,,67,68,67,64,61,78,59,10,24,0,0,0,,0,,,,,,,0,0,133,81,52,60.902255639097746,0,0,145110,"{""matches"":133,""wins"":81,""losses"":52,""draws"":0,""winPercentage"":60.902255639097746,""eventsEntered"":0,""titles"":0,""finals"":0,""prizeMoney"":145110,""points"":0}",,,,,,,,,,,,,,101,,false,false,false,,104,44,15,0,0,0,0,0,10,5,0,0,0,29,11,estimated from season exits versus eligible schedule | 29 eligible events not entered,Amateur,normal,,,false,false,false,false,0,0,0,,0,false,,amateur,amateur,,,true,true,
2048/49,wp-lorenzo-kovacs,Lorenzo Kovacs,47,ENG,Veteran,Amateur,false,false,false,,0,0,,Amateur,,,,,,,,,,,,,72,72,71,70,65,86,73,12,18,0,0,0,,0,,,,,,,0,0,12,12,0,100,0,0,0,"{""matches"":12,""wins"":12,""losses"":0,""draws"":0,""winPercentage"":100,""eventsEntered"":0,""titles"":0,""finals"":0,""prizeMoney"":0,""points"":0}",,,,,,,,,,,,,,,,false,false,false,,104,44,15,0,0,0,0,0,10,5,0,0,0,29,11,estimated from season exits versus eligible schedule | 29 eligible events not entered,Amateur,normal,,,false,false,false,false,0,0,0,,0,false,,amateur,amateur,,,true,true,
2048/49,wp-lorenzo-olsen,Lorenzo Olsen,46,JPN,Veteran,Amateur,false,false,false,,0,0,,Amateur,,,,,,,,,,,,,77,83,77,78,70,87,56,12,51,0,0,0,,0,,,,,,,0,0,141,79,62,56.02836879432624,0,0,2067052,"{""matches"":141,""wins"":79,""losses"":62,""draws"":0,""winPercentage"":56.02836879432624,""eventsEntered"":0,""titles"":0,""finals"":0,""prizeMoney"":2067052,""points"":0}",,,,,,,,,,,,,,6,,false,false,false,,104,44,15,0,0,0,0,0,10,5,0,0,0,29,11,estimated from season exits versus eligible schedule | 29 eligible events not entered,Amateur,normal,,,false,false,false,false,0,0,0,,0,false,,senior,amateur,,,true,true,
2048/49,wp-lorenzo-petrov,Lorenzo Petrov,44,JPN,Veteran,Amateur,false,false,false,,0,0,,Amateur,,,,,,,,,,,,,68,70,68,66,62,80,61,9,28,0,0,0,,0,,,,,,,0,0,127,78,49,61.417322834645674,0,0,531876,"{""matches"":127,""wins"":78,""losses"":49,""draws"":0,""winPercentage"":61.417322834645674,""eventsEntered"":0,""titles"":0,""finals"":0,""prizeMoney"":531876,""points"":0}",,,,,,,,,,,,,,91,,false,false,false,,104,44,15,0,0,0,0,0,10,5,0,0,0,29,11,estimated from season exits versus eligible schedule | 29 eligible events not entered,Amateur,normal,,,false,false,false,false,0,0,0,,0,false,,amateur,amateur,,,true,true,
2048/49,wp-lorenzo-rahman,Lorenzo Rahman,68,ESP,Veteran,Amateur,false,false,false,,0,0,,Amateur,,,,,,,,,,,,,72,72,67,67,55,75,52,45,18,0,0,0,,0,,,,,,,0,0,14,14,0,100,0,0,0,"{""matches"":14,""wins"":14,""losses"":0,""draws"":0,""winPercentage"":100,""eventsEntered"":0,""titles"":0,""finals"":0,""prizeMoney"":0,""points"":0}",,,,,,,,,,,,,,,,false,false,false,,104,44,15,0,0,0,0,0,10,5,0,0,0,29,11,estimated from season exits versus eligible schedule | 29 eligible events not entered,Amateur,normal,,,false,false,false,false,0,0,0,,0,false,,amateur,amateur,,,true,true,
2048/49,wp-lorenzo-verma,Lorenzo Verma,45,POL,Veteran,Amateur,false,false,false,,0,0,,Amateur,,,,,,,,,,,,,77,79,77,76,71,92,75,9,27,0,0,0,,0,,,,,,,0,0,12,12,0,100,0,0,282686,"{""matches"":12,""wins"":12,""losses"":0,""draws"":0,""winPercentage"":100,""eventsEntered"":0,""titles"":0,""finals"":0,""prizeMoney"":282686,""points"":0}",,,,,,,,,,,,,,86,,false,false,false,,104,44,15,0,0,0,0,0,10,5,0,0,0,29,11,estimated from season exits versus eligible schedule | 29 eligible events not entered,Amateur,normal,,,false,false,false,false,0,0,0,,0,false,,amateur,amateur,,,true,true,
2048/49,wp-lorenzo-whitaker,Lorenzo Whitaker,45,SWE,Veteran,Amateur,false,false,false,,0,0,,Amateur,,,,,,,,,,,,,69,71,69,67,63,81,61,10,27,0,0,0,,0,,,,,,,0,0,46,30,16,65.21739130434783,0,0,423766,"{""matches"":46,""wins"":30,""losses"":16,""draws"":0,""winPercentage"":65.21739130434783,""eventsEntered"":0,""titles"":0,""finals"":0,""prizeMoney"":423766,""points"":0}",,,,,,,,,,,,,,92,,false,false,false,,104,44,15,0,0,0,0,0,10,5,0,0,0,29,11,estimated from season exits versus eligible schedule | 29 eligible events not entered,Amateur,normal,,,false,false,false,false,0,0,0,,0,false,,amateur,amateur,,,true,true,
2048/49,wp-lorenzo-yates,Lorenzo Yates,44,ENG,Veteran,Amateur,false,false,false,,0,0,,Amateur,,,,,,,,,,,,,72,72,72,70,67,87,76,7,18,0,0,0,,0,,,,,,,0,0,12,12,0,100,0,0,0,"{""matches"":12,""wins"":12,""losses"":0,""draws"":0,""winPercentage"":100,""eventsEntered"":0,""titles"":0,""finals"":0,""prizeMoney"":0,""points"":0}",,,,,,,,,,,,,,,,false,false,false,,104,44,15,0,0,0,0,0,10,5,0,0,0,29,11,estimated from season exits versus eligible schedule | 29 eligible events not entered,Amateur,normal,,,false,false,false,false,0,0,0,,0,false,,amateur,amateur,,,true,true,
2048/49,wp-luca-mercer,Luca Mercer,36,THA,Amateur,Amateur,false,false,false,,0,0,,Amateur,,,,,,,53,,,,,,70,76,72,68,66,78,59,27,31,10,4,6,40,0,,,,,,,0,179,233,145,88,62.231759656652365,1,0,570031,"{""matches"":233,""wins"":145,""losses"":88,""draws"":0,""winPercentage"":62.231759656652365,""eventsEntered"":0,""titles"":1,""finals"":0,""prizeMoney"":570031,""points"":0}",,,,,,,,,,,,,,85,,false,false,false,,104,42,15,0,0,0,0,0,10,5,0,0,0,27,11,estimated from season exits versus eligible schedule | 27 eligible events not entered,Amateur,normal,,,false,false,false,false,0,0,0,,0,false,,amateur,amateur,,,true,true,
2048/49,wp-luca-mercer-a,Luca Mercer A,34,ENG,Amateur,Q School,false,false,false,,0,0,,Amateur,,,,,,,8,14,13,,,,68,82,70,66,65,78,64,22,29,9,5,4,55.55555555555556,0,,,,,,,0,245,197,120,77,60.913705583756354,0,0,586510,"{""matches"":197,""wins"":120,""losses"":77,""draws"":0,""winPercentage"":60.913705583756354,""eventsEntered"":0,""titles"":0,""finals"":0,""prizeMoney"":586510,""points"":0}",,,,,,,,,,,,,,86,,false,false,false,,104,42,4,0,0,0,0,0,0,4,0,0,0,38,22,estimated from season exits versus eligible schedule | 38 eligible events not entered,Q School,normal,,,false,false,false,false,0,0,0,,0,false,,qSchool,qSchool,,,true,true,
2048/49,wp-luca-mercer-b,Luca Mercer B,34,ENG,Amateur,Amateur,false,false,false,,0,0,,Amateur,,,,,,,36,,,,,,68,92,70,66,65,77,60,22,30,9,4,5,44.44444444444444,0,,,,,,,0,188,182,108,74,59.34065934065934,0,0,742022,"{""matches"":182,""wins"":108,""losses"":74,""draws"":0,""winPercentage"":59.34065934065934,""eventsEntered"":0,""titles"":0,""finals"":0,""prizeMoney"":742022,""points"":0}",,,,,,,,,,,,,,84,,false,false,false,,104,42,15,0,0,0,0,0,10,5,0,0,0,27,11,estimated from season exits versus eligible schedule | 27 eligible events not entered,Amateur,normal,,,false,false,false,false,0,4,88453,,0,false,no tour access,amateur,amateur,,,true,true,
2048/49,wp-luca-mercer-c,Luca Mercer C,34,ENG,Amateur,Q School,false,false,false,,0,0,,Amateur,85,85,,85,,,29,28,27,,85,,70,98,72,68,68,81,59,10,33,5,2,3,40,0,,,,,,,50586,314,174,107,67,61.49425287356321,1,0,900139,"{""matches"":174,""wins"":107,""losses"":67,""draws"":0,""winPercentage"":61.49425287356321,""eventsEntered"":0,""titles"":1,""finals"":0,""prizeMoney"":900139,""points"":0}",,,,,,,,,,,,,,82,,false,false,false,,104,42,4,0,0,0,0,0,0,4,0,0,0,38,22,estimated from season exits versus eligible schedule | 38 eligible events not entered,Q School,normal,,,false,false,false,false,2,6,138750,,0,false,failed Q School campaigns,amateur,qSchool,,,true,true,
2048/49,wp-luca-mercer-d,Luca Mercer D,32,SCO,Amateur,Q School,false,false,false,,0,0,,Amateur,86,86,,86,,,33,30,29,,86,,69,89,71,67,68,80,58,10,30,5,2,3,40,0,,,,,,,50297,313,151,90,61,59.60264900662252,0,0,756475,"{""matches"":151,""wins"":90,""losses"":61,""draws"":0,""winPercentage"":59.60264900662252,""eventsEntered"":0,""titles"":0,""finals"":0,""prizeMoney"":756475,""points"":0}",,,,,,,,,,,,,,83,,false,false,false,,104,42,4,0,0,0,0,0,0,4,0,0,0,38,22,estimated from season exits versus eligible schedule | 38 eligible events not entered,Q School,normal,,,false,false,false,false,2,6,138172,,0,false,failed Q School campaigns,amateur,qSchool,,,true,true,
2048/49,wp-luca-mercer-g,Luca Mercer G,29,SCO,Amateur,Q School,false,false,false,,0,0,,Amateur,,,,,,,7,9,7,,,,69,96,71,67,67,78,60,22,29,9,4,5,44.44444444444444,0,,,,,,,0,201,109,62,47,56.88073394495413,0,0,593445,"{""matches"":109,""wins"":62,""losses"":47,""draws"":0,""winPercentage"":56.88073394495413,""eventsEntered"":0,""titles"":0,""finals"":0,""prizeMoney"":593445,""points"":0}",,,,,,,,,,,,,,84,,false,false,false,,104,42,5,0,0,0,0,0,1,4,0,0,0,37,21,estimated from season exits versus eligible schedule | 37 eligible events not entered,Q School,too high,,,false,false,false,false,0,4,87586,,0,false,failed Q School campaigns,qSchool,qSchool,,,true,true,
2048/49,wp-luca-mercer-h,Luca Mercer H,26,SCO,Amateur,Amateur,false,false,false,,0,0,,Amateur,87,87,,87,,,30,,,,87,,69,75,71,67,68,80,58,10,28,5,2,3,40,0,,,,,,,50008,311,114,74,40,64.91228070175438,0,0,451516,"{""matches"":114,""wins"":74,""losses"":40,""draws"":0,""winPercentage"":64.91228070175438,""eventsEntered"":0,""titles"":0,""finals"":0,""prizeMoney"":451516,""points"":0}",,,,,,,,,,,,,,85,,false,false,false,,104,42,15,0,0,0,0,0,10,5,0,0,0,27,11,estimated from season exits versus eligible schedule | 27 eligible events not entered,Amateur,normal,,,false,false,false,false,2,6,137305,,0,false,,qTour,amateur,,,true,true,
2048/49,wp-luca-mercer-i,Luca Mercer I,26,SCO,Amateur,Q School,false,false,false,,0,0,,Amateur,88,88,,88,,,9,8,6,,88,,70,88,72,68,69,81,58,10,28,5,2,3,40,0,,,,,,,49719,309,106,68,38,64.15094339622641,0,0,449782,"{""matches"":106,""wins"":68,""losses"":38,""draws"":0,""winPercentage"":64.15094339622641,""eventsEntered"":0,""titles"":0,""finals"":0,""prizeMoney"":449782,""points"":0}",,,,,,,,,,,,,,86,,false,false,false,,104,42,4,0,0,0,0,0,0,4,0,0,0,38,22,estimated from season exits versus eligible schedule | 38 eligible events not entered,Q School,normal,,,false,false,false,false,2,6,136727,,0,false,failed Q School campaigns,qSchool,qSchool,,,true,true,
2048/49,wp-luca-mercer-n,Luca Mercer N,20,ENG,Amateur,Q School,false,false,false,,0,0,,Amateur,91,91,,91,,,1,1,1,,91,,71,88,73,69,70,84,66,10,26,5,3,2,60,0,,,,,,,67352,419,27,18,9,66.66666666666666,0,0,153782,"{""matches"":27,""wins"":18,""losses"":9,""draws"":0,""winPercentage"":66.66666666666666,""eventsEntered"":0,""titles"":0,""finals"":0,""prizeMoney"":153782,""points"":0}",,,,,,,,,,,,,,91,,false,false,false,,104,42,4,0,0,0,0,0,0,4,0,0,0,38,22,estimated from season exits versus eligible schedule | 38 eligible events not entered,Q School,normal,,,false,false,false,false,3,7,153782,,0,false,,qSchool,qSchool,,,true,true,
2048/49,wp-luca-mercer-o,Luca Mercer O,17,ENG,Youth,Amateur,false,false,false,,0,0,,Amateur,,,,,,,,,,,,,65,73,67,62,64,78,72,18,18,8,6,2,75,0,,,,,,,0,137,23,16,7,69.56521739130434,0,0,0,"{""matches"":23,""wins"":16,""losses"":7,""draws"":0,""winPercentage"":69.56521739130434,""eventsEntered"":0,""titles"":0,""finals"":0,""prizeMoney"":0,""points"":0}",,,,,,,,,,,,,,,,false,false,false,,104,61,10,0,0,0,0,0,5,5,0,0,0,51,16,estimated from season exits versus eligible schedule | 51 eligible events not entered,Youth,normal,,,false,false,false,false,0,0,0,,0,false,,youth,youth,,,true,true,
2048/49,wp-luca-mercer-p,Luca Mercer P,17,ENG,Youth,Amateur,false,false,false,,0,0,,Amateur,,,,,,,,,,,,,65,82,67,62,64,78,72,18,18,8,6,2,75,0,,,,,,,0,134,15,10,5,66.66666666666666,0,0,0,"{""matches"":15,""wins"":10,""losses"":5,""draws"":0,""winPercentage"":66.66666666666666,""eventsEntered"":0,""titles"":0,""finals"":0,""prizeMoney"":0,""points"":0}",,,,,,,,,,,,,,,,false,false,false,,104,61,10,0,0,0,0,0,5,5,0,0,0,51,16,estimated from season exits versus eligible schedule | 51 eligible events not entered,Youth,normal,,,false,false,false,false,0,0,0,,0,false,,youth,youth,,,true,true,
2048/49,wp-luca-mercer-q,Luca Mercer Q,17,ENG,Youth,Amateur,false,false,false,,0,0,,Amateur,,,,,,,,,,,,,67,94,69,64,65,78,67,19,18,8,5,3,62.5,0,,,,,,,0,114,8,5,3,62.5,0,0,0,"{""matches"":8,""wins"":5,""losses"":3,""draws"":0,""winPercentage"":62.5,""eventsEntered"":0,""titles"":0,""finals"":0,""prizeMoney"":0,""points"":0}",,,,,,,,,,,,,,,,false,false,false,,104,61,10,0,0,0,0,0,5,5,0,0,0,51,16,estimated from season exits versus eligible schedule | 51 eligible events not entered,Youth,normal,,,false,false,false,false,0,0,0,,0,false,,youth,youth,,,true,true,
2048/49,wp-luca-mercer-r,Luca Mercer R,14,ENG,Youth,Amateur,false,false,false,,0,0,,Amateur,,,,,,,,,,,,,50,70,52,44,50,59,42,0,18,,,,,,,,,,,,,,0,0,0,0,0,0,0,"{""matches"":0,""wins"":0,""losses"":0,""draws"":0,""winPercentage"":0,""eventsEntered"":0,""titles"":0,""finals"":0,""prizeMoney"":0,""points"":0}",,,,,,,,,,,,,,,,,false,false,,104,61,10,0,0,0,0,0,5,5,0,0,0,51,16,estimated from season exits versus eligible schedule | 51 eligible events not entered,Youth,normal,,,false,false,false,false,0,0,0,,0,false,,youth,youth,,,true,true,
2048/49,wp-malik-ashford,Malik Ashford,48,BEL,Veteran,Amateur,false,false,false,,0,0,,Amateur,,,,,,,,,,,,,69,69,68,66,62,81,67,14,18,0,0,0,,0,,,,,,,0,0,16,14,2,87.5,0,0,0,"{""matches"":16,""wins"":14,""losses"":2,""draws"":0,""winPercentage"":87.5,""eventsEntered"":0,""titles"":0,""finals"":0,""prizeMoney"":0,""points"":0}",,,,,,,,,,,,,,,,false,false,false,,104,44,15,0,0,0,0,0,10,5,0,0,0,29,11,estimated from season exits versus eligible schedule | 29 eligible events not entered,Amateur,normal,,,false,false,false,false,0,0,0,,0,false,,amateur,amateur,,,true,true,
2048/49,wp-malik-barker,Malik Barker,44,AUS,Veteran,Amateur,false,false,false,,0,0,,Amateur,,,,,,,,,,,,,69,71,69,67,63,81,63,8,25,0,0,0,,0,,,,,,,0,0,76,52,24,68.42105263157895,0,0,137305,"{""matches"":76,""wins"":52,""losses"":24,""draws"":0,""winPercentage"":68.42105263157895,""eventsEntered"":0,""titles"":0,""finals"":0,""prizeMoney"":137305,""points"":0}",,,,,,,,,,,,,,94,,false,false,false,,104,44,15,0,0,0,0,0,10,5,0,0,0,29,11,estimated from season exits versus eligible schedule | 29 eligible events not entered,Amateur,normal,,,false,false,false,false,0,0,0,,0,false,,amateur,amateur,,,true,true,
2048/49,wp-malik-caldwell,Malik Caldwell,39,PAK,Amateur,Amateur,false,false,false,,0,0,,Amateur,,,,,,,,,,,,,67,69,68,65,64,81,65,1,27,0,0,0,,0,,,,,,,0,0,222,134,88,60.36036036036037,0,0,479555,"{""matches"":222,""wins"":134,""losses"":88,""draws"":0,""winPercentage"":60.36036036036037,""eventsEntered"":0,""titles"":0,""finals"":0,""prizeMoney"":479555,""points"":0}",,,,,,,,,,,,,,95,,false,false,false,,104,42,15,0,0,0,0,0,10,5,0,0,0,27,11,estimated from season exits versus eligible schedule | 27 eligible events not entered,Amateur,normal,,,false,false,false,false,0,0,0,,0,false,,amateur,amateur,,,true,true,
2048/49,wp-malik-drayton,Malik Drayton,51,NOR,Veteran,Amateur,false,false,false,,0,0,,Amateur,,,,,,,,,,,,,77,83,76,77,68,85,51,20,49,0,0,0,,0,,,,,,,0,0,108,60,48,55.55555555555556,0,0,1733001,"{""matches"":108,""wins"":60,""losses"":48,""draws"":0,""winPercentage"":55.55555555555556,""eventsEntered"":0,""titles"":0,""finals"":0,""prizeMoney"":1733001,""points"":0}",,,,,,,,,,,,,,7,,false,false,false,,104,44,15,0,0,0,0,0,10,5,0,0,0,29,11,estimated from season exits versus eligible schedule | 29 eligible events not entered,Amateur,normal,,,false,false,false,false,0,0,0,,0,false,,senior,amateur,,,true,true,
2048/49,wp-malik-easton,Malik Easton,53,FRA,Veteran,Amateur,false,false,false,,0,0,,Amateur,,,,,,,,,,,,,72,72,70,69,62,83,67,22,18,0,0,0,,0,,,,,,,0,0,12,12,0,100,0,0,0,"{""matches"":12,""wins"":12,""losses"":0,""draws"":0,""winPercentage"":100,""eventsEntered"":0,""titles"":0,""finals"":0,""prizeMoney"":0,""points"":0}",,,,,,,,,,,,,,,,false,false,false,,104,44,15,0,0,0,0,0,10,5,0,0,0,29,11,estimated from season exits versus eligible schedule | 29 eligible events not entered,Amateur,normal,,,false,false,false,false,0,0,0,,0,false,,amateur,amateur,,,true,true,
2048/49,wp-malik-iversen,Malik Iversen,47,AUS,Veteran,Amateur,false,false,false,,0,0,,Amateur,,,,,,,,,,,,,79,82,78,78,72,93,73,12,30,0,0,0,,0,,,,,,,0,0,12,12,0,100,0,0,349256,"{""matches"":12,""wins"":12,""losses"":0,""draws"":0,""winPercentage"":100,""eventsEntered"":0,""titles"":0,""finals"":0,""prizeMoney"":349256,""points"":0}",,,,,,,,,,,,,,71,,false,false,false,,104,44,15,0,0,0,0,0,10,5,0,0,0,29,11,estimated from season exits versus eligible schedule | 29 eligible events not entered,Amateur,normal,,,false,false,false,false,0,0,0,,0,false,,amateur,amateur,,,true,true,
2048/49,wp-malik-langford,Malik Langford,44,BEL,Veteran,Amateur,false,false,false,,0,0,,Amateur,,,,,,,,,,,,,72,72,72,70,67,87,76,7,18,0,0,0,,0,,,,,,,0,0,12,12,0,100,0,0,0,"{""matches"":12,""wins"":12,""losses"":0,""draws"":0,""winPercentage"":100,""eventsEntered"":0,""titles"":0,""finals"":0,""prizeMoney"":0,""points"":0}",,,,,,,,,,,,,,,,false,false,false,,104,44,15,0,0,0,0,0,10,5,0,0,0,29,11,estimated from season exits versus eligible schedule | 29 eligible events not entered,Amateur,normal,,,false,false,false,false,0,0,0,,0,false,,amateur,amateur,,,true,true,
2048/49,wp-malik-rahman,Malik Rahman,44,FRA,Veteran,Amateur,false,false,false,,0,0,,Amateur,,,,,,,,,,,,,68,70,68,66,62,80,61,9,26,0,0,0,,0,,,,,,,0,0,60,37,23,61.66666666666667,0,0,384452,"{""matches"":60,""wins"":37,""losses"":23,""draws"":0,""winPercentage"":61.66666666666667,""eventsEntered"":0,""titles"":0,""finals"":0,""prizeMoney"":384452,""points"":0}",,,,,,,,,,,,,,93,,false,false,false,,104,44,15,0,0,0,0,0,10,5,0,0,0,29,11,estimated from season exits versus eligible schedule | 29 eligible events not entered,Amateur,normal,,,false,false,false,false,0,0,0,,0,false,,amateur,amateur,,,true,true,
2048/49,wp-malik-rossi,Malik Rossi,53,SCO,Veteran,Amateur,false,false,false,,0,0,,Amateur,,,,,,,,,,,,,67,67,65,63,57,76,57,22,20,0,0,0,,0,,,,,,,0,0,23,17,6,73.91304347826086,0,0,156190,"{""matches"":23,""wins"":17,""losses"":6,""draws"":0,""winPercentage"":73.91304347826086,""eventsEntered"":0,""titles"":0,""finals"":0,""prizeMoney"":156190,""points"":0}",,,,,,,,,,,,,,120,,false,false,false,,104,44,15,0,0,0,0,0,10,5,0,0,0,29,11,estimated from season exits versus eligible schedule | 29 eligible events not entered,Amateur,normal,,,false,false,false,false,0,0,0,,0,false,,amateur,amateur,,,true,true,
2048/49,wp-malik-sorensen,Malik Sorensen,48,IRL,Veteran,Amateur,false,false,false,,0,0,,Amateur,,,,,,,,,,,,,67,68,66,64,60,77,59,15,23,0,0,0,,0,,,,,,,0,0,61,41,20,67.21311475409836,0,0,160429,"{""matches"":61,""wins"":41,""losses"":20,""draws"":0,""winPercentage"":67.21311475409836,""eventsEntered"":0,""titles"":0,""finals"":0,""prizeMoney"":160429,""points"":0}",,,,,,,,,,,,,,106,,false,false,false,,104,44,15,0,0,0,0,0,10,5,0,0,0,29,11,estimated from season exits versus eligible schedule | 29 eligible events not entered,Amateur,normal,,,false,false,false,false,0,0,0,,0,false,,amateur,amateur,,,true,true,
2048/49,wp-malik-yates,Malik Yates,51,SCO,Veteran,Amateur,false,false,false,,0,0,,Amateur,,,,,,,,,,,,,72,72,71,69,63,84,69,18,18,0,0,0,,0,,,,,,,0,0,8,8,0,100,0,0,0,"{""matches"":8,""wins"":8,""losses"":0,""draws"":0,""winPercentage"":100,""eventsEntered"":0,""titles"":0,""finals"":0,""prizeMoney"":0,""points"":0}",,,,,,,,,,,,,,,,false,false,false,,104,44,15,0,0,0,0,0,10,5,0,0,0,29,11,estimated from season exits versus eligible schedule | 29 eligible events not entered,Amateur,normal,,,false,false,false,false,0,0,0,,0,false,,amateur,amateur,,,true,true,
2048/49,wp-mateo-barker,Mateo Barker,75,GER,Veteran,Senior Tour / Legend Circuit,false,false,false,,0,0,,Amateur,,,,,,,,,,4,,,74,74,68,72,54,75,54,59,36,1,1,0,100,1,,,,,,,0,22,80,65,15,81.25,9,0,0,"{""matches"":80,""wins"":65,""losses"":15,""draws"":0,""winPercentage"":81.25,""eventsEntered"":0,""titles"":9,""finals"":0,""prizeMoney"":0,""points"":0}",,,,,,,,,,,,,,,,false,false,false,,104,14,11,0,0,0,0,0,0,0,0,0,11,3,0,estimated from season exits versus eligible schedule | 3 eligible events not entered,Senior/Legend,normal,,,false,false,false,false,0,0,0,,1,false,,amateur,senior,,,true,true,
2048/49,wp-mateo-caldwell,Mateo Caldwell,45,THA,Veteran,Amateur,false,false,false,,0,0,,Amateur,,,,,,,,,,,,,72,72,72,70,66,87,75,9,18,0,0,0,,0,,,,,,,0,0,8,8,0,100,0,0,0,"{""matches"":8,""wins"":8,""losses"":0,""draws"":0,""winPercentage"":100,""eventsEntered"":0,""titles"":0,""finals"":0,""prizeMoney"":0,""points"":0}",,,,,,,,,,,,,,,,false,false,false,,104,44,15,0,0,0,0,0,10,5,0,0,0,29,11,estimated from season exits versus eligible schedule | 29 eligible events not entered,Amateur,normal,,,false,false,false,false,0,0,0,,0,false,,amateur,amateur,,,true,true,
2048/49,wp-mateo-easton,Mateo Easton,53,SWE,Veteran,Amateur,false,false,false,,0,0,,Amateur,,,,,,,,,,,,,72,72,70,69,62,83,67,22,18,0,0,0,,0,,,,,,,0,0,8,8,0,100,0,0,0,"{""matches"":8,""wins"":8,""losses"":0,""draws"":0,""winPercentage"":100,""eventsEntered"":0,""titles"":0,""finals"":0,""prizeMoney"":0,""points"":0}",,,,,,,,,,,,,,,,false,false,false,,104,44,15,0,0,0,0,0,10,5,0,0,0,29,11,estimated from season exits versus eligible schedule | 29 eligible events not entered,Amateur,normal,,,false,false,false,false,0,0,0,,0,false,,amateur,amateur,,,true,true,
2048/49,wp-mateo-el-sayed,Mateo El-Sayed,51,IND,Veteran,Amateur,false,false,false,,0,0,,Amateur,,,,,,,,,,,,,73,77,72,72,64,81,52,20,41,0,0,0,,0,,,,,,,0,0,89,51,38,57.30337078651685,0,0,1295261,"{""matches"":89,""wins"":51,""losses"":38,""draws"":0,""winPercentage"":57.30337078651685,""eventsEntered"":0,""titles"":0,""finals"":0,""prizeMoney"":1295261,""points"":0}",,,,,,,,,,,,,,41,,false,false,false,,104,44,15,0,0,0,0,0,10,5,0,0,0,29,11,estimated from season exits versus eligible schedule | 29 eligible events not entered,Amateur,normal,,,false,false,false,false,0,0,0,,0,false,,senior,amateur,,,true,true,
2048/49,wp-mateo-forster,Mateo Forster,48,ENG,Veteran,Amateur,false,false,false,,0,0,,Amateur,,,,,,,,,,,,,72,72,71,69,65,85,72,14,18,0,0,0,,0,,,,,,,0,0,10,10,0,100,0,0,0,"{""matches"":10,""wins"":10,""losses"":0,""draws"":0,""winPercentage"":100,""eventsEntered"":0,""titles"":0,""finals"":0,""prizeMoney"":0,""points"":0}",,,,,,,,,,,,,,,,false,false,false,,104,44,15,0,0,0,0,0,10,5,0,0,0,29,11,estimated from season exits versus eligible schedule | 29 eligible events not entered,Amateur,normal,,,false,false,false,false,0,0,0,,0,false,,amateur,amateur,,,true,true,
2048/49,wp-mateo-harrington,Mateo Harrington,37,POL,Amateur,Amateur,false,false,false,,0,0,,Amateur,,,,,,,61,,,,,,67,69,68,65,65,82,66,0,26,0,0,0,,0,,,,,,,0,0,231,140,91,60.60606060606061,0,0,420008,"{""matches"":231,""wins"":140,""losses"":91,""draws"":0,""winPercentage"":60.60606060606061,""eventsEntered"":0,""titles"":0,""finals"":0,""prizeMoney"":420008,""points"":0}",,,,,,,,,,,,,,96,,false,false,false,,104,42,15,0,0,0,0,0,10,5,0,0,0,27,11,estimated from season exits versus eligible schedule | 27 eligible events not entered,Amateur,normal,,,false,false,false,false,0,0,0,,0,false,,amateur,amateur,,,true,true,
2048/49,wp-mateo-nakamura,Mateo Nakamura,45,GER,Veteran,Amateur,false,false,false,,0,0,,Amateur,,,,,,,,,,,,,70,72,70,68,64,82,64,10,26,0,0,0,,0,,,,,,,0,0,41,30,11,73.17073170731707,0,0,363062,"{""matches"":41,""wins"":30,""losses"":11,""draws"":0,""winPercentage"":73.17073170731707,""eventsEntered"":0,""titles"":0,""finals"":0,""prizeMoney"":363062,""points"":0}",,,,,,,,,,,,,,94,,false,false,false,,104,44,15,0,0,0,0,0,10,5,0,0,0,29,11,estimated from season exits versus eligible schedule | 29 eligible events not entered,Amateur,normal,,,false,false,false,false,0,0,0,,0,false,,amateur,amateur,,,true,true,
2048/49,wp-mateo-novak,Mateo Novak,54,NIR,Veteran,Amateur,false,false,false,,0,0,,Amateur,,,,,,,,,,,,,74,75,72,71,64,84,66,23,21,0,0,0,,0,,,,,,,0,0,12,12,0,100,0,0,167604,"{""matches"":12,""wins"":12,""losses"":0,""draws"":0,""winPercentage"":100,""eventsEntered"":0,""titles"":0,""finals"":0,""prizeMoney"":167604,""points"":0}",,,,,,,,,,,,,,114,,false,false,false,,104,44,15,0,0,0,0,0,10,5,0,0,0,29,11,estimated from season exits versus eligible schedule | 29 eligible events not entered,Amateur,normal,,,false,false,false,false,0,0,0,,0,false,,amateur,amateur,,,true,true,
2048/49,wp-mateo-urban,Mateo Urban,49,POL,Veteran,Amateur,false,false,false,,0,0,,Amateur,,,,,,,,,,,,,66,67,65,62,58,75,55,17,22,0,0,0,,0,,,,,,,0,0,80,48,32,60,0,0,121695,"{""matches"":80,""wins"":48,""losses"":32,""draws"":0,""winPercentage"":60,""eventsEntered"":0,""titles"":0,""finals"":0,""prizeMoney"":121695,""points"":0}",,,,,,,,,,,,,,108,,false,false,false,,104,44,15,0,0,0,0,0,10,5,0,0,0,29,11,estimated from season exits versus eligible schedule | 29 eligible events not entered,Amateur,normal,,,false,false,false,false,0,0,0,,0,false,,amateur,amateur,,,true,true,
2048/49,wp-mateo-verma,Mateo Verma,44,IND,Veteran,Amateur,false,false,false,,0,0,,Amateur,,,,,,,,,,,,,72,72,72,70,67,87,76,7,18,0,0,0,,0,,,,,,,0,0,14,14,0,100,0,0,0,"{""matches"":14,""wins"":14,""losses"":0,""draws"":0,""winPercentage"":100,""eventsEntered"":0,""titles"":0,""finals"":0,""prizeMoney"":0,""points"":0}",,,,,,,,,,,,,,,,false,false,false,,104,44,15,0,0,0,0,0,10,5,0,0,0,29,11,estimated from season exits versus eligible schedule | 29 eligible events not entered,Amateur,normal,,,false,false,false,false,0,0,0,,0,false,,amateur,amateur,,,true,true,
2048/49,wp-mateo-yates,Mateo Yates,47,ESP,Veteran,Amateur,false,false,false,,0,0,,Amateur,,,,,,,,,,,,,76,82,75,77,69,85,54,14,51,0,0,0,,0,,,,,,,0,0,127,67,60,52.75590551181102,0,0,1885383,"{""matches"":127,""wins"":67,""losses"":60,""draws"":0,""winPercentage"":52.75590551181102,""eventsEntered"":0,""titles"":0,""finals"":0,""prizeMoney"":1885383,""points"":0}",,,,,,,,,,,,,,4,,false,false,false,,104,44,15,0,0,0,0,0,10,5,0,0,0,29,11,estimated from season exits versus eligible schedule | 29 eligible events not entered,Amateur,normal,,,false,false,false,false,0,0,0,,0,false,,senior,amateur,,,true,true,
2048/49,wp-mika-keane,Mika Keane,36,WAL,Amateur,Q School,false,false,false,,0,0,,Amateur,,,,,,,11,17,16,,,,68,72,70,66,64,77,60,24,29,9,4,5,44.44444444444444,0,,,,,,,0,202,214,130,84,60.747663551401864,0,0,572054,"{""matches"":214,""wins"":130,""losses"":84,""draws"":0,""winPercentage"":60.747663551401864,""eventsEntered"":0,""titles"":0,""finals"":0,""prizeMoney"":572054,""points"":0}",,,,,,,,,,,,,,87,,false,false,false,,104,42,5,0,0,0,0,0,1,4,0,0,0,37,21,estimated from season exits versus eligible schedule | 37 eligible events not entered,Q School,too high,,,false,false,false,false,0,0,0,,0,false,,qSchool,qSchool,,,true,true,
2048/49,wp-mika-keane-b,Mika Keane B,34,IRL,Amateur,Amateur,false,false,false,,0,0,,Amateur,,,,,,,38,,,,,,68,91,70,65,65,77,57,19,28,8,3,5,37.5,0,,,,,,,0,144,193,116,77,60.10362694300518,0,0,700110,"{""matches"":193,""wins"":116,""losses"":77,""draws"":0,""winPercentage"":60.10362694300518,""eventsEntered"":0,""titles"":0,""finals"":0,""prizeMoney"":700110,""points"":0}",,,,,,,,,,,,,,92,,false,false,false,,104,42,15,0,0,0,0,0,10,5,0,0,0,27,11,estimated from season exits versus eligible schedule | 27 eligible events not entered,Amateur,normal,,,false,false,false,false,0,4,86141,,0,false,no tour access,amateur,amateur,,,true,true,
2048/49,wp-mika-keane-c,Mika Keane C,34,IRL,Amateur,Q School,false,false,false,,0,0,,Amateur,92,92,,92,,,31,,30,,92,,68,97,70,66,66,79,62,13,30,6,3,3,50,0,,,,,,,67063,417,160,95,65,59.375,0,0,814868,"{""matches"":160,""wins"":95,""losses"":65,""draws"":0,""winPercentage"":59.375,""eventsEntered"":0,""titles"":0,""finals"":0,""prizeMoney"":814868,""points"":0}",,,,,,,,,,,,,,88,,false,false,false,,104,42,4,0,0,0,0,0,0,4,0,0,0,38,22,estimated from season exits versus eligible schedule | 38 eligible events not entered,Q School,normal,,,false,false,false,false,3,6,134415,,0,false,failed Q School campaigns,amateur,qSchool,,,true,true,
2048/49,wp-mika-keane-e,Mika Keane E,30,CHN,Amateur,Amateur,false,false,false,,0,0,,Amateur,93,93,,93,,,34,,,,93,,68,83,70,66,67,79,62,13,28,6,3,3,50,0,,,,,,,66773,415,156,96,60,61.53846153846154,0,0,542861,"{""matches"":156,""wins"":96,""losses"":60,""draws"":0,""winPercentage"":61.53846153846154,""eventsEntered"":0,""titles"":0,""finals"":0,""prizeMoney"":542861,""points"":0}",,,,,,,,,,,,,,89,,false,false,false,,104,42,15,0,0,0,0,0,10,5,0,0,0,27,11,estimated from season exits versus eligible schedule | 27 eligible events not entered,Amateur,normal,,,false,false,false,false,3,6,133836,,0,false,,amateur,amateur,,,true,true,
2048/49,wp-mika-keane-f,Mika Keane F,30,CHN,Amateur,Q Tour,false,false,false,,0,0,,Amateur,,,,,,,27,27,,,,,69,89,71,66,67,78,57,19,28,8,3,5,37.5,0,,,,,,,0,150,142,86,56,60.56338028169014,0,0,521469,"{""matches"":142,""wins"":86,""losses"":56,""draws"":0,""winPercentage"":60.56338028169014,""eventsEntered"":0,""titles"":0,""finals"":0,""prizeMoney"":521469,""points"":0}",,,,,,,,,,,,,,90,,false,false,false,,104,42,7,0,0,0,0,0,2,5,0,0,0,35,19,estimated from season exits versus eligible schedule | 35 eligible events not entered,Q Tour,normal,,,false,false,false,false,0,3,66773,,0,false,no tour access,amateur,qTour,,,true,true,
2048/49,wp-mika-keane-i,Mika Keane I,27,CHN,Amateur,Q School,false,false,false,,0,0,,Amateur,95,95,,95,,,28,29,28,,95,,68,79,70,66,67,79,62,13,27,6,3,3,50,0,,,,,,,66195,411,127,81,46,63.77952755905512,0,0,433593,"{""matches"":127,""wins"":81,""losses"":46,""draws"":0,""winPercentage"":63.77952755905512,""eventsEntered"":0,""titles"":0,""finals"":0,""prizeMoney"":433593,""points"":0}",,,,,,,,,,,,,,91,,false,false,false,,104,42,4,0,0,0,0,0,0,4,0,0,0,38,22,estimated from season exits versus eligible schedule | 38 eligible events not entered,Q School,normal,,,false,false,false,false,3,6,132679,,0,false,,qTour,qSchool,,,true,true,
2048/49,wp-mika-keane-o,Mika Keane O,17,IRL,Youth,Amateur,false,false,false,,0,0,,Amateur,,,,,,,,,,,,,72,97,74,70,71,86,77,18,18,8,7,1,87.5,0,,,,,,,0,162,25,20,5,80,0,0,0,"{""matches"":25,""wins"":20,""losses"":5,""draws"":0,""winPercentage"":80,""eventsEntered"":0,""titles"":0,""finals"":0,""prizeMoney"":0,""points"":0}",,,,,,,,,,,,,,,,false,false,false,,104,61,10,0,0,0,0,0,5,5,0,0,0,51,16,estimated from season exits versus eligible schedule | 51 eligible events not entered,Youth,normal,,,false,false,false,false,0,0,0,,0,false,,youth,youth,,,true,true,
2048/49,wp-mika-keane-p,Mika Keane P,17,IRL,Youth,Amateur,false,false,false,,0,0,,Amateur,,,,,,,,,,,,,65,82,67,62,64,78,72,18,18,8,6,2,75,0,,,,,,,0,134,16,11,5,68.75,0,0,0,"{""matches"":16,""wins"":11,""losses"":5,""draws"":0,""winPercentage"":68.75,""eventsEntered"":0,""titles"":0,""finals"":0,""prizeMoney"":0,""points"":0}",,,,,,,,,,,,,,,,false,false,false,,104,61,10,0,0,0,0,0,5,5,0,0,0,51,16,estimated from season exits versus eligible schedule | 51 eligible events not entered,Youth,normal,,,false,false,false,false,0,0,0,,0,false,,youth,youth,,,true,true,
2048/49,wp-mika-keane-q,Mika Keane Q,17,IRL,Youth,Amateur,false,false,false,,0,0,,Amateur,,,,,,,,,,,,,64,78,66,61,62,75,67,19,18,8,5,3,62.5,0,,,,,,,0,110,8,5,3,62.5,0,0,0,"{""matches"":8,""wins"":5,""losses"":3,""draws"":0,""winPercentage"":62.5,""eventsEntered"":0,""titles"":0,""finals"":0,""prizeMoney"":0,""points"":0}",,,,,,,,,,,,,,,,false,false,false,,104,61,10,0,0,0,0,0,5,5,0,0,0,51,16,estimated from season exits versus eligible schedule | 51 eligible events not entered,Youth,normal,,,false,false,false,false,0,0,0,,0,false,,youth,youth,,,true,true,
2048/49,wp-mika-keane-r,Mika Keane R,14,IRL,Youth,Amateur,false,false,false,,0,0,,Amateur,,,,,,,,,,,,,51,86,53,45,51,60,42,0,18,,,,,,,,,,,,,,0,0,0,0,0,0,0,"{""matches"":0,""wins"":0,""losses"":0,""draws"":0,""winPercentage"":0,""eventsEntered"":0,""titles"":0,""finals"":0,""prizeMoney"":0,""points"":0}",,,,,,,,,,,,,,,,,false,false,,104,61,10,0,0,0,0,0,5,5,0,0,0,51,16,estimated from season exits versus eligible schedule | 51 eligible events not entered,Youth,normal,,,false,false,false,false,0,0,0,,0,false,,youth,youth,,,true,true,
2048/49,wp-nathan-caldwell,Nathan Caldwell,76,BEL,Veteran,Senior Tour / Legend Circuit,false,false,false,,0,0,,Amateur,,,,,,,,,,10,,,74,76,68,70,52,69,40,76,31,6,5,1,83.33333333333334,0,,,,,,,0,187,119,97,22,81.5126050420168,3,0,259108,"{""matches"":119,""wins"":97,""losses"":22,""draws"":0,""winPercentage"":81.5126050420168,""eventsEntered"":0,""titles"":3,""finals"":0,""prizeMoney"":259108,""points"":0}",,,,,,,,,,,,,,96,,false,false,false,,104,14,11,0,0,0,0,0,0,0,0,0,11,3,0,estimated from season exits versus eligible schedule | 3 eligible events not entered,Senior/Legend,normal,,,false,false,false,false,0,0,0,,1,false,,amateur,senior,,,true,true,
2048/49,wp-nathan-iqbal,Nathan Iqbal,76,PAK,Veteran,Senior Tour / Legend Circuit,false,false,false,,0,0,,Amateur,,,,,,,,,,9,,,73,73,67,70,51,69,45,76,34,6,5,1,83.33333333333334,0,,,,,,,0,189,105,81,24,77.14285714285715,8,0,0,"{""matches"":105,""wins"":81,""losses"":24,""draws"":0,""winPercentage"":77.14285714285715,""eventsEntered"":0,""titles"":8,""finals"":0,""prizeMoney"":0,""points"":0}",,,,,,,,,,,,,,,,false,false,false,,104,14,11,0,0,0,0,0,0,0,0,0,11,3,0,estimated from season exits versus eligible schedule | 3 eligible events not entered,Senior/Legend,normal,,,false,false,false,false,0,0,0,,1,false,,amateur,senior,,,true,true,
2048/49,wp-nathan-otero,Nathan Otero,38,CHN,Amateur,Amateur,false,false,false,,0,0,,Amateur,,,,,,,,,,,,,68,70,69,65,63,76,57,24,27,8,3,5,37.5,0,,,,,,,0,133,231,142,89,61.471861471861466,0,0,548352,"{""matches"":231,""wins"":142,""losses"":89,""draws"":0,""winPercentage"":61.471861471861466,""eventsEntered"":0,""titles"":0,""finals"":0,""prizeMoney"":548352,""points"":0}",,,,,,,,,,,,,,94,,false,false,false,,104,42,15,0,0,0,0,0,10,5,0,0,0,27,11,estimated from season exits versus eligible schedule | 27 eligible events not entered,Amateur,normal,,,false,false,false,false,0,0,0,,0,false,,amateur,amateur,,,true,true,
2048/49,wp-nathan-tanaka,Nathan Tanaka,74,PAK,Veteran,Amateur,false,false,false,,0,0,,Amateur,,,,,,,,,,,,,81,85,75,78,61,81,46,55,34,0,0,0,,0,,,,,,,0,0,12,12,0,100,0,0,511696,"{""matches"":12,""wins"":12,""losses"":0,""draws"":0,""winPercentage"":100,""eventsEntered"":0,""titles"":0,""finals"":0,""prizeMoney"":511696,""points"":0}",,,,,,,,,,,,,,56,,false,false,false,,104,44,15,0,0,0,0,0,10,5,0,0,0,29,11,estimated from season exits versus eligible schedule | 29 eligible events not entered,Amateur,normal,,,false,false,false,false,0,0,0,,0,false,,senior,amateur,,,true,true,
2048/49,wp-nathan-urban,Nathan Urban,53,AUS,Veteran,Amateur,false,false,false,,0,0,,Amateur,,,,,,,,,,,,,67,69,65,63,57,74,51,23,25,0,0,0,,0,,,,,,,0,0,25,15,10,60,0,0,165633,"{""matches"":25,""wins"":15,""losses"":10,""draws"":0,""winPercentage"":60,""eventsEntered"":0,""titles"":0,""finals"":0,""prizeMoney"":165633,""points"":0}",,,,,,,,,,,,,,95,,false,false,false,,104,44,15,0,0,0,0,0,10,5,0,0,0,29,11,estimated from season exits versus eligible schedule | 29 eligible events not entered,Amateur,normal,,,false,false,false,false,0,0,0,,0,false,,amateur,amateur,,,true,true,
2048/49,wp-nathan-verma,Nathan Verma,50,PAK,Veteran,Amateur,false,false,false,,0,0,,Amateur,,,,,,,,,,,,,66,67,65,62,58,75,54,18,23,0,0,0,,0,,,,,,,0,0,83,50,33,60.24096385542169,0,0,123140,"{""matches"":83,""wins"":50,""losses"":33,""draws"":0,""winPercentage"":60.24096385542169,""eventsEntered"":0,""titles"":0,""finals"":0,""prizeMoney"":123140,""points"":0}",,,,,,,,,,,,,,105,,false,false,false,,104,44,15,0,0,0,0,0,10,5,0,0,0,29,11,estimated from season exits versus eligible schedule | 29 eligible events not entered,Amateur,normal,,,false,false,false,false,0,0,0,,0,false,,amateur,amateur,,,true,true,
2048/49,wp-nathan-whitaker,Nathan Whitaker,44,NOR,Veteran,Amateur,false,false,false,,0,0,,Amateur,,,,,,,,,,,,,72,72,72,70,67,87,76,7,18,0,0,0,,0,,,,,,,0,0,14,14,0,100,0,0,0,"{""matches"":14,""wins"":14,""losses"":0,""draws"":0,""winPercentage"":100,""eventsEntered"":0,""titles"":0,""finals"":0,""prizeMoney"":0,""points"":0}",,,,,,,,,,,,,,,,false,false,false,,104,44,15,0,0,0,0,0,10,5,0,0,0,29,11,estimated from season exits versus eligible schedule | 29 eligible events not entered,Amateur,normal,,,false,false,false,false,0,0,0,,0,false,,amateur,amateur,,,true,true,
2048/49,wp-nathan-yates,Nathan Yates,43,FRA,Veteran,Amateur,false,false,false,,0,0,,Amateur,,,,,,,,,,,,,64,64,64,61,59,76,62,7,22,0,0,0,,0,,,,,,,0,0,67,39,28,58.2089552238806,2,0,0,"{""matches"":67,""wins"":39,""losses"":28,""draws"":0,""winPercentage"":58.2089552238806,""eventsEntered"":0,""titles"":2,""finals"":0,""prizeMoney"":0,""points"":0}",,,,,,,,,,,,,,,,false,false,false,,104,44,15,0,0,0,0,0,10,5,0,0,0,29,11,estimated from season exits versus eligible schedule | 29 eligible events not entered,Amateur,normal,,,false,false,false,false,0,0,0,,0,false,,amateur,amateur,,,true,true,
2048/49,wp-niall-ashford,Niall Ashford,50,GER,Veteran,Amateur,false,false,false,,0,0,,Amateur,,,,,,,,,,,,,72,72,71,69,64,84,70,17,18,0,0,0,,0,,,,,,,0,0,8,8,0,100,0,0,0,"{""matches"":8,""wins"":8,""losses"":0,""draws"":0,""winPercentage"":100,""eventsEntered"":0,""titles"":0,""finals"":0,""prizeMoney"":0,""points"":0}",,,,,,,,,,,,,,,,false,false,false,,104,44,15,0,0,0,0,0,10,5,0,0,0,29,11,estimated from season exits versus eligible schedule | 29 eligible events not entered,Amateur,normal,,,false,false,false,false,0,0,0,,0,false,,amateur,amateur,,,true,true,
2048/49,wp-niall-barker,Niall Barker,44,THA,Veteran,Amateur,false,false,false,,0,0,,Amateur,,,,,,,,,,,,,72,72,72,70,67,87,76,7,18,0,0,0,,0,,,,,,,0,0,12,12,0,100,0,0,0,"{""matches"":12,""wins"":12,""losses"":0,""draws"":0,""winPercentage"":100,""eventsEntered"":0,""titles"":0,""finals"":0,""prizeMoney"":0,""points"":0}",,,,,,,,,,,,,,,,false,false,false,,104,44,15,0,0,0,0,0,10,5,0,0,0,29,11,estimated from season exits versus eligible schedule | 29 eligible events not entered,Amateur,normal,,,false,false,false,false,0,0,0,,0,false,,amateur,amateur,,,true,true,
2048/49,wp-niall-caldwell,Niall Caldwell,39,CAN,Amateur,Amateur,false,false,false,,0,0,,Amateur,,,,,,,,,,,,,67,69,68,64,62,75,56,26,26,8,3,5,37.5,0,,,,,,,0,130,226,129,97,57.07964601769911,0,0,391680,"{""matches"":226,""wins"":129,""losses"":97,""draws"":0,""winPercentage"":57.07964601769911,""eventsEntered"":0,""titles"":0,""finals"":0,""prizeMoney"":391680,""points"":0}",,,,,,,,,,,,,,95,,false,false,false,,104,42,15,0,0,0,0,0,10,5,0,0,0,27,11,estimated from season exits versus eligible schedule | 27 eligible events not entered,Amateur,normal,,,false,false,false,false,0,0,0,,0,false,,amateur,amateur,,,true,true,
2048/49,wp-niall-drayton,Niall Drayton,64,SWE,Veteran,Senior Tour / Legend Circuit,false,false,false,,0,0,,Amateur,,,,,,,,,,24,,,66,66,62,61,49,65,44,58,20,6,4,2,66.66666666666666,0,,,,,,,0,148,133,91,42,68.42105263157895,1,0,0,"{""matches"":133,""wins"":91,""losses"":42,""draws"":0,""winPercentage"":68.42105263157895,""eventsEntered"":0,""titles"":1,""finals"":0,""prizeMoney"":0,""points"":0}",,,,,,,,,,,,,,,,false,false,false,,104,14,11,0,0,0,0,0,0,0,0,0,11,3,0,estimated from season exits versus eligible schedule | 3 eligible events not entered,Senior/Legend,normal,,,false,false,false,false,0,0,0,,0,false,,amateur,senior,,,true,true,
2048/49,wp-niall-forster,Niall Forster,44,NIR,Veteran,Amateur,false,false,false,,0,0,,Amateur,,,,,,,,,,,,,72,72,72,70,67,87,76,7,18,0,0,0,,0,,,,,,,0,0,12,12,0,100,0,0,0,"{""matches"":12,""wins"":12,""losses"":0,""draws"":0,""winPercentage"":100,""eventsEntered"":0,""titles"":0,""finals"":0,""prizeMoney"":0,""points"":0}",,,,,,,,,,,,,,,,false,false,false,,104,44,15,0,0,0,0,0,10,5,0,0,0,29,11,estimated from season exits versus eligible schedule | 29 eligible events not entered,Amateur,normal,,,false,false,false,false,0,0,0,,0,false,,amateur,amateur,,,true,true,
2048/49,wp-niall-grimaldi,Niall Grimaldi,48,WAL,Veteran,Amateur,false,false,false,,0,0,,Amateur,,,,,,,,,,,,,75,76,74,73,68,88,72,14,24,0,0,0,,0,,,,,,,0,0,12,12,0,100,0,0,231822,"{""matches"":12,""wins"":12,""losses"":0,""draws"":0,""winPercentage"":100,""eventsEntered"":0,""titles"":0,""finals"":0,""prizeMoney"":231822,""points"":0}",,,,,,,,,,,,,,103,,false,false,false,,104,44,15,0,0,0,0,0,10,5,0,0,0,29,11,estimated from season exits versus eligible schedule | 29 eligible events not entered,Amateur,normal,,,false,false,false,false,0,0,0,,0,false,,amateur,amateur,,,true,true,
2048/49,wp-niall-lombardi,Niall Lombardi,51,WAL,Veteran,Amateur,false,false,false,,0,0,,Amateur,,,,,,,,,,,,,71,73,70,69,62,81,60,19,29,0,0,0,,0,,,,,,,0,0,37,27,10,72.97297297297297,2,0,165055,"{""matches"":37,""wins"":27,""losses"":10,""draws"":0,""winPercentage"":72.97297297297297,""eventsEntered"":0,""titles"":2,""finals"":0,""prizeMoney"":165055,""points"":0}",,,,,,,,,,,,,,96,,false,false,false,,104,44,15,0,0,0,0,0,10,5,0,0,0,29,11,estimated from season exits versus eligible schedule | 29 eligible events not entered,Amateur,normal,,,false,false,false,false,0,0,0,,0,false,,amateur,amateur,,,true,true,
2048/49,wp-niall-petrov,Niall Petrov,48,SWE,Veteran,Amateur,false,false,false,,0,0,,Amateur,,,,,,,,,,,,,76,82,75,76,69,85,52,15,51,0,0,0,,0,,,,,,,0,0,121,61,60,50.413223140495866,0,0,1857020,"{""matches"":121,""wins"":61,""losses"":60,""draws"":0,""winPercentage"":50.413223140495866,""eventsEntered"":0,""titles"":0,""finals"":0,""prizeMoney"":1857020,""points"":0}",,,,,,,,,,,,,,1,,false,false,false,,104,44,15,0,0,0,0,0,10,5,0,0,0,29,11,estimated from season exits versus eligible schedule | 29 eligible events not entered,Amateur,normal,,,false,false,false,false,0,0,0,,0,false,,senior,amateur,,,true,true,
2048/49,wp-niall-sorensen,Niall Sorensen,70,NIR,Veteran,Amateur,false,false,false,,0,0,,Amateur,,,,,,,,,,,,,69,71,64,64,51,68,37,50,24,0,0,0,,0,,,,,,,0,0,25,17,8,68,0,0,126899,"{""matches"":25,""wins"":17,""losses"":8,""draws"":0,""winPercentage"":68,""eventsEntered"":0,""titles"":0,""finals"":0,""prizeMoney"":126899,""points"":0}",,,,,,,,,,,,,,97,,false,false,false,,104,44,15,0,0,0,0,0,10,5,0,0,0,29,11,estimated from season exits versus eligible schedule | 29 eligible events not entered,Amateur,normal,,,false,false,false,false,0,0,0,,0,false,,amateur,amateur,,,true,true,
2048/49,wp-niall-tremblay,Niall Tremblay,45,POL,Veteran,Amateur,false,false,false,,0,0,,Amateur,,,,,,,,,,,,,72,72,72,70,66,87,75,9,18,0,0,0,,0,,,,,,,0,0,14,14,0,100,0,0,0,"{""matches"":14,""wins"":14,""losses"":0,""draws"":0,""winPercentage"":100,""eventsEntered"":0,""titles"":0,""finals"":0,""prizeMoney"":0,""points"":0}",,,,,,,,,,,,,,,,false,false,false,,104,44,15,0,0,0,0,0,10,5,0,0,0,29,11,estimated from season exits versus eligible schedule | 29 eligible events not entered,Amateur,normal,,,false,false,false,false,0,0,0,,0,false,,amateur,amateur,,,true,true,
2048/49,wp-niall-xu,Niall Xu,44,THA,Veteran,Amateur,false,false,false,,0,0,,Top 16,4,4,,4,,,,,,,4,,77,83,77,77,70,83,53,30,51,7,3,4,42.857142857142854,0,,,,,,,65328,406,146,78,68,53.42465753424658,0,0,1910045,"{""matches"":146,""wins"":78,""losses"":68,""draws"":0,""winPercentage"":53.42465753424658,""eventsEntered"":0,""titles"":0,""finals"":0,""prizeMoney"":1910045,""points"":0}",,,,,,,,,,,,,,4,,true,false,false,,104,44,15,0,0,0,0,0,10,5,0,0,0,29,11,estimated from season exits versus eligible schedule | 29 eligible events not entered,Amateur,normal,,,true,false,false,false,3,5,112445,,0,false,,senior,amateur,,,true,true,
2048/49,wp-noah-bennett-a,Noah Bennett A,36,AUS,Amateur,Amateur,false,false,false,,0,0,,Amateur,98,98,,98,,,37,,,,98,,67,91,69,65,63,77,59,18,28,7,3,4,42.857142857142854,0,,,,,,,65039,404,196,116,80,59.183673469387756,0,0,800703,"{""matches"":196,""wins"":116,""losses"":80,""draws"":0,""winPercentage"":59.183673469387756,""eventsEntered"":0,""titles"":0,""finals"":0,""prizeMoney"":800703,""points"":0}",,,,,,,,,,,,,,98,,false,false,false,,104,42,15,0,0,0,0,0,10,5,0,0,0,27,11,estimated from season exits versus eligible schedule | 27 eligible events not entered,Amateur,normal,,,false,false,false,false,3,6,130367,,0,false,,amateur,amateur,,,true,true,
2048/49,wp-noah-bennett-b,Noah Bennett B,33,AUS,Amateur,Amateur,false,false,false,,0,0,,Amateur,99,99,,99,,,48,,,,99,,67,78,69,64,65,77,59,16,26,7,3,4,42.857142857142854,0,,,,,,,64750,403,186,113,73,60.752688172043015,0,0,508750,"{""matches"":186,""wins"":113,""losses"":73,""draws"":0,""winPercentage"":60.752688172043015,""eventsEntered"":0,""titles"":0,""finals"":0,""prizeMoney"":508750,""points"":0}",,,,,,,,,,,,,,97,,false,false,false,,104,42,15,0,0,0,0,0,10,5,0,0,0,27,11,estimated from season exits versus eligible schedule | 27 eligible events not entered,Amateur,normal,,,false,false,false,false,3,6,129789,,0,false,,amateur,amateur,,,true,true,
2048/49,wp-noah-bennett-c,Noah Bennett C,33,AUS,Amateur,Amateur,false,false,false,,0,0,,Amateur,100,100,,100,,,46,,,,100,,67,82,69,64,65,77,59,16,26,7,3,4,42.857142857142854,0,,,,,,,64461,401,207,129,78,62.31884057971014,0,0,506438,"{""matches"":207,""wins"":129,""losses"":78,""draws"":0,""winPercentage"":62.31884057971014,""eventsEntered"":0,""titles"":0,""finals"":0,""prizeMoney"":506438,""points"":0}",,,,,,,,,,,,,,98,,false,false,false,,104,42,15,0,0,0,0,0,10,5,0,0,0,27,11,estimated from season exits versus eligible schedule | 27 eligible events not entered,Amateur,normal,,,false,false,false,false,3,6,129211,,0,false,,amateur,amateur,,,true,true,
2048/49,wp-noah-bennett-e,Noah Bennett E,30,AUS,Amateur,Q School,false,false,false,,0,0,,Amateur,,,,,,,13,15,14,,,,69,94,71,67,67,78,58,19,28,8,3,5,37.5,0,,,,,,,0,154,159,99,60,62.264150943396224,1,0,538235,"{""matches"":159,""wins"":99,""losses"":60,""draws"":0,""winPercentage"":62.264150943396224,""eventsEntered"":0,""titles"":1,""finals"":0,""prizeMoney"":538235,""points"":0}",,,,,,,,,,,,,,99,,false,false,false,,104,42,5,0,0,0,0,0,1,4,0,0,0,37,21,estimated from season exits versus eligible schedule | 37 eligible events not entered,Q School,too high,,,false,false,false,false,0,3,64461,,0,false,failed Q School campaigns,qSchool,qSchool,,,true,true,
2048/49,wp-noah-bennett-f,Noah Bennett F,30,AUS,Amateur,Q School,false,false,false,,0,0,,Amateur,,,,,,,19,20,20,,,,68,91,70,66,66,77,58,19,28,8,3,5,37.5,0,,,,,,,0,151,150,91,59,60.66666666666667,1,0,535922,"{""matches"":150,""wins"":91,""losses"":59,""draws"":0,""winPercentage"":60.66666666666667,""eventsEntered"":0,""titles"":1,""finals"":0,""prizeMoney"":535922,""points"":0}",,,,,,,,,,,,,,100,,false,false,false,,104,42,5,0,0,0,0,0,1,4,0,0,0,37,21,estimated from season exits versus eligible schedule | 37 eligible events not entered,Q School,too high,,,false,false,false,false,0,3,64172,,0,false,failed Q School campaigns,qSchool,qSchool,,,true,true,
2048/49,wp-noah-bennett-j,Noah Bennett J,24,IRL,Amateur,Q School,false,false,false,,0,0,,Amateur,103,103,,103,,,21,22,23,,103,,67,74,69,64,66,78,58,10,24,5,2,3,40,0,,,,,,,45094,280,101,66,35,65.34653465346535,0,0,217087,"{""matches"":101,""wins"":66,""losses"":35,""draws"":0,""winPercentage"":65.34653465346535,""eventsEntered"":0,""titles"":0,""finals"":0,""prizeMoney"":217087,""points"":0}",,,,,,,,,,,,,,102,,false,false,false,,104,42,4,0,0,0,0,0,0,4,0,0,0,38,22,estimated from season exits versus eligible schedule | 38 eligible events not entered,Q School,normal,,,false,false,false,false,2,5,108688,,0,false,,qSchool,qSchool,,,true,true,
2048/49,wp-noah-bennett-p,Noah Bennett P,16,AUS,Youth,Amateur,false,false,false,,0,0,,Amateur,,,,,,,,,,,,,69,94,71,67,67,81,73,21,18,9,7,2,77.77777777777779,0,,,,,,,0,158,17,12,5,70.58823529411765,0,0,0,"{""matches"":17,""wins"":12,""losses"":5,""draws"":0,""winPercentage"":70.58823529411765,""eventsEntered"":0,""titles"":0,""finals"":0,""prizeMoney"":0,""points"":0}",,,,,,,,,,,,,,,,false,false,false,,104,61,10,0,0,0,0,0,5,5,0,0,0,51,16,estimated from season exits versus eligible schedule | 51 eligible events not entered,Youth,normal,,,false,false,false,false,0,0,0,,0,false,,youth,youth,,,true,true,
2048/49,wp-noah-bennett-q,Noah Bennett Q,16,AUS,Youth,Amateur,false,false,false,,0,0,,Amateur,,,,,,,,,,,,,72,97,74,70,70,84,73,21,18,9,7,2,77.77777777777779,0,,,,,,,0,151,9,7,2,77.77777777777779,0,0,0,"{""matches"":9,""wins"":7,""losses"":2,""draws"":0,""winPercentage"":77.77777777777779,""eventsEntered"":0,""titles"":0,""finals"":0,""prizeMoney"":0,""points"":0}",,,,,,,,,,,,,,,,false,false,false,,104,61,10,0,0,0,0,0,5,5,0,0,0,51,16,estimated from season exits versus eligible schedule | 51 eligible events not entered,Youth,normal,,,false,false,false,false,0,0,0,,0,false,,youth,youth,,,true,true,
2048/49,wp-oskar-ashford,Oskar Ashford,38,NIR,Amateur,Amateur,false,false,false,,0,0,,Amateur,,,,,,,,,,,,,67,68,68,64,62,75,58,24,27,8,3,5,37.5,0,,,,,,,0,134,269,166,103,61.71003717472119,1,0,378672,"{""matches"":269,""wins"":166,""losses"":103,""draws"":0,""winPercentage"":61.71003717472119,""eventsEntered"":0,""titles"":1,""finals"":0,""prizeMoney"":378672,""points"":0}",,,,,,,,,,,,,,103,,false,false,false,,104,42,15,0,0,0,0,0,10,5,0,0,0,27,11,estimated from season exits versus eligible schedule | 27 eligible events not entered,Amateur,normal,,,false,false,false,false,0,0,0,,0,false,,amateur,amateur,,,true,true,
2048/49,wp-oskar-iqbal,Oskar Iqbal,49,CAN,Veteran,Amateur,false,false,false,,0,0,,Amateur,,,,,,,,,,,,,76,82,75,76,68,84,52,17,49,0,0,0,,0,,,,,,,0,0,117,60,57,51.28205128205128,0,0,1701630,"{""matches"":117,""wins"":60,""losses"":57,""draws"":0,""winPercentage"":51.28205128205128,""eventsEntered"":0,""titles"":0,""finals"":0,""prizeMoney"":1701630,""points"":0}",,,,,,,,,,,,,,9,,false,false,false,,104,44,15,0,0,0,0,0,10,5,0,0,0,29,11,estimated from season exits versus eligible schedule | 29 eligible events not entered,Amateur,normal,,,false,false,false,false,0,0,0,,0,false,,senior,amateur,,,true,true,
2048/49,wp-oskar-janssen,Oskar Janssen,47,SWE,Veteran,Amateur,false,false,false,,0,0,,Amateur,,,,,,,,,,,,,72,72,71,70,65,86,73,12,18,0,0,0,,0,,,,,,,0,0,12,12,0,100,0,0,0,"{""matches"":12,""wins"":12,""losses"":0,""draws"":0,""winPercentage"":100,""eventsEntered"":0,""titles"":0,""finals"":0,""prizeMoney"":0,""points"":0}",,,,,,,,,,,,,,,,false,false,false,,104,44,15,0,0,0,0,0,10,5,0,0,0,29,11,estimated from season exits versus eligible schedule | 29 eligible events not entered,Amateur,normal,,,false,false,false,false,0,0,0,,0,false,,amateur,amateur,,,true,true,
2048/49,wp-oskar-otero,Oskar Otero,40,GER,Veteran,Amateur,false,false,false,,0,0,,Amateur,,,,,,,,,,,,,68,70,69,66,64,81,62,3,31,0,0,0,,0,,,,,,,0,0,200,109,91,54.50000000000001,0,0,778408,"{""matches"":200,""wins"":109,""losses"":91,""draws"":0,""winPercentage"":54.50000000000001,""eventsEntered"":0,""titles"":0,""finals"":0,""prizeMoney"":778408,""points"":0}",,,,,,,,,,,,,,80,,false,false,false,,104,44,15,0,0,0,0,0,10,5,0,0,0,29,11,estimated from season exits versus eligible schedule | 29 eligible events not entered,Amateur,normal,,,false,false,false,false,0,0,0,,0,false,,amateur,amateur,,,true,true,
2048/49,wp-oskar-petrov,Oskar Petrov,63,JPN,Veteran,Amateur,false,false,false,,0,0,,Amateur,,,,,,,,,,,,,70,71,66,66,55,74,48,38,24,0,0,0,,0,,,,,,,0,0,26,20,6,76.92307692307693,0,0,143376,"{""matches"":26,""wins"":20,""losses"":6,""draws"":0,""winPercentage"":76.92307692307693,""eventsEntered"":0,""titles"":0,""finals"":0,""prizeMoney"":143376,""points"":0}",,,,,,,,,,,,,,99,,false,false,false,,104,44,15,0,0,0,0,0,10,5,0,0,0,29,11,estimated from season exits versus eligible schedule | 29 eligible events not entered,Amateur,normal,,,false,false,false,false,0,0,0,,0,false,,amateur,amateur,,,true,true,
2048/49,wp-oskar-verma,Oskar Verma,44,CAN,Veteran,Amateur,false,false,false,,0,0,,Amateur,,,,,,,,,,,,,66,67,66,63,60,77,59,9,24,0,0,0,,0,,,,,,,0,0,48,27,21,56.25,0,0,161296,"{""matches"":48,""wins"":27,""losses"":21,""draws"":0,""winPercentage"":56.25,""eventsEntered"":0,""titles"":0,""finals"":0,""prizeMoney"":161296,""points"":0}",,,,,,,,,,,,,,100,,false,false,false,,104,44,15,0,0,0,0,0,10,5,0,0,0,29,11,estimated from season exits versus eligible schedule | 29 eligible events not entered,Amateur,normal,,,false,false,false,false,0,0,0,,0,false,,amateur,amateur,,,true,true,
2048/49,wp-oskar-westbrook,Oskar Westbrook,41,ESP,Veteran,Amateur,false,false,false,,0,0,,Amateur,,,,,,,,,,,,,64,65,65,61,60,77,61,4,23,0,0,0,,0,,,,,,,0,0,186,101,85,54.3010752688172,0,0,353375,"{""matches"":186,""wins"":101,""losses"":85,""draws"":0,""winPercentage"":54.3010752688172,""eventsEntered"":0,""titles"":0,""finals"":0,""prizeMoney"":353375,""points"":0}",,,,,,,,,,,,,,109,,false,false,false,,104,44,15,0,0,0,0,0,10,5,0,0,0,29,11,estimated from season exits versus eligible schedule | 29 eligible events not entered,Amateur,normal,,,false,false,false,false,0,0,0,,0,false,,amateur,amateur,,,true,true,
2048/49,wp-oskar-whitaker,Oskar Whitaker,50,SWE,Veteran,Amateur,false,false,false,,0,0,,Amateur,,,,,,,,,,,,,64,64,63,60,56,73,56,18,18,0,0,0,,0,,,,,,,0,0,40,26,14,65,0,0,0,"{""matches"":40,""wins"":26,""losses"":14,""draws"":0,""winPercentage"":65,""eventsEntered"":0,""titles"":0,""finals"":0,""prizeMoney"":0,""points"":0}",,,,,,,,,,,,,,,,false,false,false,,104,44,15,0,0,0,0,0,10,5,0,0,0,29,11,estimated from season exits versus eligible schedule | 29 eligible events not entered,Amateur,normal,,,false,false,false,false,0,0,0,,0,false,,amateur,amateur,,,true,true,
2048/49,wp-oskar-yates,Oskar Yates,45,ENG,Veteran,Amateur,false,false,false,,0,0,,Amateur,,,,,,,,,,,,,70,70,70,67,64,84,71,9,18,0,0,0,,0,,,,,,,0,0,18,16,2,88.88888888888889,0,0,0,"{""matches"":18,""wins"":16,""losses"":2,""draws"":0,""winPercentage"":88.88888888888889,""eventsEntered"":0,""titles"":0,""finals"":0,""prizeMoney"":0,""points"":0}",,,,,,,,,,,,,,,,false,false,false,,104,44,15,0,0,0,0,0,10,5,0,0,0,29,11,estimated from season exits versus eligible schedule | 29 eligible events not entered,Amateur,normal,,,false,false,false,false,0,0,0,,0,false,,amateur,amateur,,,true,true,
2048/49,wp-otis-barker,Otis Barker,45,CHN,Veteran,Amateur,false,false,false,,0,0,,Amateur,,,,,,,,,,,,,67,67,67,64,61,80,65,10,18,0,0,0,,0,,,,,,,0,0,21,16,5,76.19047619047619,0,0,0,"{""matches"":21,""wins"":16,""losses"":5,""draws"":0,""winPercentage"":76.19047619047619,""eventsEntered"":0,""titles"":0,""finals"":0,""prizeMoney"":0,""points"":0}",,,,,,,,,,,,,,,,false,false,false,,104,44,15,0,0,0,0,0,10,5,0,0,0,29,11,estimated from season exits versus eligible schedule | 29 eligible events not entered,Amateur,normal,,,false,false,false,false,0,0,0,,0,false,,amateur,amateur,,,true,true,
2048/49,wp-otis-drayton,Otis Drayton,51,ITA,Veteran,Amateur,false,false,false,,0,0,,Amateur,,,,,,,,,,,,,72,72,71,69,63,84,69,18,18,0,0,0,,0,,,,,,,0,0,8,8,0,100,0,0,0,"{""matches"":8,""wins"":8,""losses"":0,""draws"":0,""winPercentage"":100,""eventsEntered"":0,""titles"":0,""finals"":0,""prizeMoney"":0,""points"":0}",,,,,,,,,,,,,,,,false,false,false,,104,44,15,0,0,0,0,0,10,5,0,0,0,29,11,estimated from season exits versus eligible schedule | 29 eligible events not entered,Amateur,normal,,,false,false,false,false,0,0,0,,0,false,,amateur,amateur,,,true,true,
2048/49,wp-otis-easton,Otis Easton,44,SCO,Veteran,Amateur,false,false,false,,0,0,,Amateur,,,,,,,,,,,,,69,69,69,66,63,83,71,8,18,0,0,0,,0,,,,,,,0,0,15,13,2,86.66666666666667,0,0,0,"{""matches"":15,""wins"":13,""losses"":2,""draws"":0,""winPercentage"":86.66666666666667,""eventsEntered"":0,""titles"":0,""finals"":0,""prizeMoney"":0,""points"":0}",,,,,,,,,,,,,,,,false,false,false,,104,44,15,0,0,0,0,0,10,5,0,0,0,29,11,estimated from season exits versus eligible schedule | 29 eligible events not entered,Amateur,normal,,,false,false,false,false,0,0,0,,0,false,,amateur,amateur,,,true,true,
2048/49,wp-otis-grimaldi,Otis Grimaldi,51,AUS,Veteran,Amateur,false,false,false,,0,0,,Amateur,,,,,,,,,,,,,72,72,71,69,63,84,69,18,18,0,0,0,,0,,,,,,,0,0,12,12,0,100,0,0,0,"{""matches"":12,""wins"":12,""losses"":0,""draws"":0,""winPercentage"":100,""eventsEntered"":0,""titles"":0,""finals"":0,""prizeMoney"":0,""points"":0}",,,,,,,,,,,,,,,,false,false,false,,104,44,15,0,0,0,0,0,10,5,0,0,0,29,11,estimated from season exits versus eligible schedule | 29 eligible events not entered,Amateur,normal,,,false,false,false,false,0,0,0,,0,false,,amateur,amateur,,,true,true,
2048/49,wp-otis-madsen,Otis Madsen,56,CHN,Veteran,Amateur,false,false,false,,0,0,,Amateur,,,,,,,,,,,,,74,79,72,72,63,80,48,28,41,0,0,0,,0,,,,,,,0,0,54,32,22,59.25925925925925,0,0,1007568,"{""matches"":54,""wins"":32,""losses"":22,""draws"":0,""winPercentage"":59.25925925925925,""eventsEntered"":0,""titles"":0,""finals"":0,""prizeMoney"":1007568,""points"":0}",,,,,,,,,,,,,,33,,false,false,false,,104,44,15,0,0,0,0,0,10,5,0,0,0,29,11,estimated from season exits versus eligible schedule | 29 eligible events not entered,Amateur,normal,,,false,false,false,false,0,0,0,,0,false,,senior,amateur,,,true,true,
2048/49,wp-otis-mendoza,Otis Mendoza,44,NED,Veteran,Amateur,false,false,false,,0,0,,Amateur,,,,,,,,,,,,,66,67,66,63,60,78,60,9,24,0,0,0,,0,,,,,,,0,0,57,34,23,59.64912280701754,0,0,160140,"{""matches"":57,""wins"":34,""losses"":23,""draws"":0,""winPercentage"":59.64912280701754,""eventsEntered"":0,""titles"":0,""finals"":0,""prizeMoney"":160140,""points"":0}",,,,,,,,,,,,,,101,,false,false,false,,104,44,15,0,0,0,0,0,10,5,0,0,0,29,11,estimated from season exits versus eligible schedule | 29 eligible events not entered,Amateur,normal,,,false,false,false,false,0,0,0,,0,false,,amateur,amateur,,,true,true,
2048/49,wp-otis-tremblay,Otis Tremblay,54,IRL,Veteran,Amateur,false,false,false,,0,0,,Amateur,,,,,,,,,,,,,77,79,75,75,67,87,66,23,27,0,0,0,,0,,,,,,,0,0,12,12,0,100,0,0,317492,"{""matches"":12,""wins"":12,""losses"":0,""draws"":0,""winPercentage"":100,""eventsEntered"":0,""titles"":0,""finals"":0,""prizeMoney"":317492,""points"":0}",,,,,,,,,,,,,,90,,false,false,false,,104,44,15,0,0,0,0,0,10,5,0,0,0,29,11,estimated from season exits versus eligible schedule | 29 eligible events not entered,Amateur,normal,,,false,false,false,false,0,0,0,,0,false,,amateur,amateur,,,true,true,
2048/49,wp-otis-urban,Otis Urban,77,PAK,Veteran,Senior Tour / Legend Circuit,false,false,false,,0,0,,Amateur,,,,,,,,,,7,,,74,74,67,71,51,70,44,77,34,6,5,1,83.33333333333334,0,,,,,,,0,191,111,94,17,84.68468468468468,8,0,0,"{""matches"":111,""wins"":94,""losses"":17,""draws"":0,""winPercentage"":84.68468468468468,""eventsEntered"":0,""titles"":8,""finals"":0,""prizeMoney"":0,""points"":0}",,,,,,,,,,,,,,,,false,false,false,,104,14,11,0,0,0,0,0,0,0,0,0,11,3,0,estimated from season exits versus eligible schedule | 3 eligible events not entered,Senior/Legend,normal,,,false,false,false,false,0,0,0,,0,false,,amateur,senior,,,true,true,
2048/49,wp-patrick-barker,Patrick Barker,50,IND,Veteran,Amateur,false,false,false,,0,0,,Amateur,,,,,,,,,,,,,76,82,75,76,68,84,51,18,48,0,0,0,,0,,,,,,,0,0,109,57,52,52.293577981651374,0,0,1630058,"{""matches"":109,""wins"":57,""losses"":52,""draws"":0,""winPercentage"":52.293577981651374,""eventsEntered"":0,""titles"":0,""finals"":0,""prizeMoney"":1630058,""points"":0}",,,,,,,,,,,,,,10,,false,false,false,,104,44,15,0,0,0,0,0,10,5,0,0,0,29,11,estimated from season exits versus eligible schedule | 29 eligible events not entered,Amateur,normal,,,false,false,false,false,0,0,0,,0,false,,senior,amateur,,,true,true,
2048/49,wp-patrick-forster,Patrick Forster,54,GER,Veteran,Amateur,false,false,false,,0,0,,Amateur,,,,,,,,,,,,,72,72,70,69,62,82,66,23,18,0,0,0,,0,,,,,,,0,0,10,10,0,100,0,0,0,"{""matches"":10,""wins"":10,""losses"":0,""draws"":0,""winPercentage"":100,""eventsEntered"":0,""titles"":0,""finals"":0,""prizeMoney"":0,""points"":0}",,,,,,,,,,,,,,,,false,false,false,,104,44,15,0,0,0,0,0,10,5,0,0,0,29,11,estimated from season exits versus eligible schedule | 29 eligible events not entered,Amateur,normal,,,false,false,false,false,0,0,0,,0,false,,amateur,amateur,,,true,true,
2048/49,wp-patrick-gallagher,Patrick Gallagher,65,NIR,Veteran,Amateur,false,false,false,,0,0,,Amateur,,,,,,,,,,,,,79,82,75,77,63,84,55,41,31,0,0,0,,0,,,,,,,0,0,12,12,0,100,0,0,368140,"{""matches"":12,""wins"":12,""losses"":0,""draws"":0,""winPercentage"":100,""eventsEntered"":0,""titles"":0,""finals"":0,""prizeMoney"":368140,""points"":0}",,,,,,,,,,,,,,67,,false,false,false,,104,44,15,0,0,0,0,0,10,5,0,0,0,29,11,estimated from season exits versus eligible schedule | 29 eligible events not entered,Amateur,normal,,,false,false,false,false,0,0,0,,0,false,,amateur,amateur,,,true,true,
2048/49,wp-patrick-harrington,Patrick Harrington,47,CAN,Veteran,Amateur,false,false,false,,0,0,,Amateur,,,,,,,,,,,,,69,69,68,66,62,81,67,13,18,0,0,0,,0,,,,,,,0,0,20,17,3,85,0,0,0,"{""matches"":20,""wins"":17,""losses"":3,""draws"":0,""winPercentage"":85,""eventsEntered"":0,""titles"":0,""finals"":0,""prizeMoney"":0,""points"":0}",,,,,,,,,,,,,,,,false,false,false,,104,44,15,0,0,0,0,0,10,5,0,0,0,29,11,estimated from season exits versus eligible schedule | 29 eligible events not entered,Amateur,normal,,,false,false,false,false,0,0,0,,0,false,,amateur,amateur,,,true,true,
2048/49,wp-patrick-nakamura,Patrick Nakamura,45,IND,Veteran,Amateur,false,false,false,,0,0,,Amateur,,,,,,,,,,,,,70,71,70,68,64,83,66,10,24,0,0,0,,0,,,,,,,0,0,28,22,6,78.57142857142857,0,0,177484,"{""matches"":28,""wins"":22,""losses"":6,""draws"":0,""winPercentage"":78.57142857142857,""eventsEntered"":0,""titles"":0,""finals"":0,""prizeMoney"":177484,""points"":0}",,,,,,,,,,,,,,102,,false,false,false,,104,44,15,0,0,0,0,0,10,5,0,0,0,29,11,estimated from season exits versus eligible schedule | 29 eligible events not entered,Amateur,normal,,,false,false,false,false,0,0,0,,0,false,,amateur,amateur,,,true,true,
2048/49,wp-patrick-patel,Patrick Patel,49,SWE,Veteran,Amateur,false,false,false,,0,0,,Amateur,,,,,,,,,,,,,73,73,72,71,65,86,71,15,21,0,0,0,,0,,,,,,,0,0,12,12,0,100,0,0,169390,"{""matches"":12,""wins"":12,""losses"":0,""draws"":0,""winPercentage"":100,""eventsEntered"":0,""titles"":0,""finals"":0,""prizeMoney"":169390,""points"":0}",,,,,,,,,,,,,,119,,false,false,false,,104,44,15,0,0,0,0,0,10,5,0,0,0,29,11,estimated from season exits versus eligible schedule | 29 eligible events not entered,Amateur,normal,,,false,false,false,false,0,0,0,,0,false,,amateur,amateur,,,true,true,
2048/49,wp-patrick-tremblay,Patrick Tremblay,53,THA,Veteran,Amateur,false,false,false,,0,0,,Amateur,,,,,,,,,,,,,66,67,64,62,56,73,52,23,22,0,0,0,,0,,,,,,,0,0,62,39,23,62.903225806451616,0,0,115915,"{""matches"":62,""wins"":39,""losses"":23,""draws"":0,""winPercentage"":62.903225806451616,""eventsEntered"":0,""titles"":0,""finals"":0,""prizeMoney"":115915,""points"":0}",,,,,,,,,,,,,,112,,false,false,false,,104,44,15,0,0,0,0,0,10,5,0,0,0,29,11,estimated from season exits versus eligible schedule | 29 eligible events not entered,Amateur,normal,,,false,false,false,false,0,0,0,,0,false,,amateur,amateur,,,true,true,
2048/49,wp-patrick-urban,Patrick Urban,41,CAN,Veteran,Amateur,false,false,false,,0,0,,Amateur,,,,,,,,,,,,,65,66,66,62,61,78,63,4,22,0,0,0,,0,,,,,,,0,0,164,99,65,60.36585365853659,0,0,268251,"{""matches"":164,""wins"":99,""losses"":65,""draws"":0,""winPercentage"":60.36585365853659,""eventsEntered"":0,""titles"":0,""finals"":0,""prizeMoney"":268251,""points"":0}",,,,,,,,,,,,,,112,,false,false,false,,104,44,15,0,0,0,0,0,10,5,0,0,0,29,11,estimated from season exits versus eligible schedule | 29 eligible events not entered,Amateur,normal,,,false,false,false,false,0,0,0,,0,false,,amateur,amateur,,,true,true,
2048/49,wp-patrick-verma,Patrick Verma,48,SWE,Veteran,Amateur,false,false,false,,0,0,,Amateur,,,,,,,,,,,,,66,67,65,63,59,76,57,15,22,0,0,0,,0,,,,,,,0,0,89,55,34,61.79775280898876,0,0,106086,"{""matches"":89,""wins"":55,""losses"":34,""draws"":0,""winPercentage"":61.79775280898876,""eventsEntered"":0,""titles"":0,""finals"":0,""prizeMoney"":106086,""points"":0}",,,,,,,,,,,,,,111,,false,false,false,,104,44,15,0,0,0,0,0,10,5,0,0,0,29,11,estimated from season exits versus eligible schedule | 29 eligible events not entered,Amateur,normal,,,false,false,false,false,0,0,0,,0,false,,amateur,amateur,,,true,true,
2048/49,wp-pavel-ashford,Pavel Ashford,44,BEL,Veteran,Amateur,false,false,false,,0,0,,Amateur,,,,,,,,,,,,,72,72,72,70,67,87,76,7,18,0,0,0,,0,,,,,,,0,0,14,14,0,100,0,0,0,"{""matches"":14,""wins"":14,""losses"":0,""draws"":0,""winPercentage"":100,""eventsEntered"":0,""titles"":0,""finals"":0,""prizeMoney"":0,""points"":0}",,,,,,,,,,,,,,,,false,false,false,,104,44,15,0,0,0,0,0,10,5,0,0,0,29,11,estimated from season exits versus eligible schedule | 29 eligible events not entered,Amateur,normal,,,false,false,false,false,0,0,0,,0,false,,amateur,amateur,,,true,true,
2048/49,wp-pavel-barker,Pavel Barker,44,AUS,Veteran,Amateur,false,false,false,,0,0,,Amateur,,,,,,,,,,,,,69,69,69,66,63,83,70,8,18,0,0,0,,0,,,,,,,0,0,14,12,2,85.71428571428571,0,0,0,"{""matches"":14,""wins"":12,""losses"":2,""draws"":0,""winPercentage"":85.71428571428571,""eventsEntered"":0,""titles"":0,""finals"":0,""prizeMoney"":0,""points"":0}",,,,,,,,,,,,,,,,false,false,false,,104,44,15,0,0,0,0,0,10,5,0,0,0,29,11,estimated from season exits versus eligible schedule | 29 eligible events not entered,Amateur,normal,,,false,false,false,false,0,0,0,,0,false,,amateur,amateur,,,true,true,
2048/49,wp-pavel-costa,Pavel Costa,54,NED,Veteran,Amateur,false,false,false,,0,0,,Amateur,,,,,,,,,,,,,72,76,70,70,62,78,49,25,37,0,0,0,,0,,,,,,,0,0,65,38,27,58.46153846153847,0,0,1048360,"{""matches"":65,""wins"":38,""losses"":27,""draws"":0,""winPercentage"":58.46153846153847,""eventsEntered"":0,""titles"":0,""finals"":0,""prizeMoney"":1048360,""points"":0}",,,,,,,,,,,,,,54,,false,false,false,,104,44,15,0,0,0,0,0,10,5,0,0,0,29,11,estimated from season exits versus eligible schedule | 29 eligible events not entered,Amateur,normal,,,false,false,false,false,0,0,0,,0,false,,senior,amateur,,,true,true,
2048/49,wp-pavel-drayton,Pavel Drayton,70,NOR,Veteran,Senior Tour / Legend Circuit,false,false,false,,0,0,,Amateur,,,,,,,,,,17,,,67,67,62,63,48,65,45,64,24,5,4,1,80,1,,,,,,,0,238,153,107,46,69.93464052287581,3,0,0,"{""matches"":153,""wins"":107,""losses"":46,""draws"":0,""winPercentage"":69.93464052287581,""eventsEntered"":0,""titles"":3,""finals"":0,""prizeMoney"":0,""points"":0}",,,,,,,,,,,,,,,,false,false,false,,104,14,11,0,0,0,0,0,0,0,0,0,11,3,0,estimated from season exits versus eligible schedule | 3 eligible events not entered,Senior/Legend,normal,,,false,false,false,false,0,0,0,,1,false,,amateur,senior,,,true,true,
2048/49,wp-pavel-kovacs,Pavel Kovacs,48,SCO,Veteran,Amateur,false,false,false,,0,0,,Amateur,,,,,,,,,,,,,72,72,71,69,65,85,72,14,18,0,0,0,,0,,,,,,,0,0,12,12,0,100,0,0,0,"{""matches"":12,""wins"":12,""losses"":0,""draws"":0,""winPercentage"":100,""eventsEntered"":0,""titles"":0,""finals"":0,""prizeMoney"":0,""points"":0}",,,,,,,,,,,,,,,,false,false,false,,104,44,15,0,0,0,0,0,10,5,0,0,0,29,11,estimated from season exits versus eligible schedule | 29 eligible events not entered,Amateur,normal,,,false,false,false,false,0,0,0,,0,false,,amateur,amateur,,,true,true,
2048/49,wp-pavel-langford,Pavel Langford,48,FRA,Veteran,Amateur,false,false,false,,0,0,,Amateur,,,,,,,,,,,,,74,75,73,72,67,87,72,14,22,0,0,0,,0,,,,,,,0,0,12,12,0,100,0,0,180828,"{""matches"":12,""wins"":12,""losses"":0,""draws"":0,""winPercentage"":100,""eventsEntered"":0,""titles"":0,""finals"":0,""prizeMoney"":180828,""points"":0}",,,,,,,,,,,,,,110,,false,false,false,,104,44,15,0,0,0,0,0,10,5,0,0,0,29,11,estimated from season exits versus eligible schedule | 29 eligible events not entered,Amateur,normal,,,false,false,false,false,0,0,0,,0,false,,amateur,amateur,,,true,true,
2048/49,wp-pavel-petrov,Pavel Petrov,53,NOR,Veteran,Amateur,false,false,false,,0,0,,Amateur,,,,,,,,,,,,,70,71,68,67,60,79,57,22,27,0,0,0,,0,,,,,,,0,0,32,22,10,68.75,2,0,139328,"{""matches"":32,""wins"":22,""losses"":10,""draws"":0,""winPercentage"":68.75,""eventsEntered"":0,""titles"":2,""finals"":0,""prizeMoney"":139328,""points"":0}",,,,,,,,,,,,,,103,,false,false,false,,104,44,15,0,0,0,0,0,10,5,0,0,0,29,11,estimated from season exits versus eligible schedule | 29 eligible events not entered,Amateur,normal,,,false,false,false,false,0,0,0,,0,false,,amateur,amateur,,,true,true,
2048/49,wp-pavel-rahman,Pavel Rahman,40,FRA,Veteran,Amateur,false,false,false,,0,0,,Amateur,,,,,,,,,,,,,65,66,66,62,61,79,65,2,22,0,0,0,,0,,,,,,,0,0,205,126,79,61.46341463414634,0,0,265936,"{""matches"":205,""wins"":126,""losses"":79,""draws"":0,""winPercentage"":61.46341463414634,""eventsEntered"":0,""titles"":0,""finals"":0,""prizeMoney"":265936,""points"":0}",,,,,,,,,,,,,,113,,false,false,false,,104,44,15,0,0,0,0,0,10,5,0,0,0,29,11,estimated from season exits versus eligible schedule | 29 eligible events not entered,Amateur,normal,,,false,false,false,false,0,0,0,,0,false,,amateur,amateur,,,true,true,
2048/49,wp-pavel-verma,Pavel Verma,51,BRA,Veteran,Amateur,false,false,false,,0,0,,Amateur,,,,,,,,,,,,,76,82,75,76,67,83,49,20,48,0,0,0,,0,,,,,,,0,0,94,47,47,50,0,0,1474624,"{""matches"":94,""wins"":47,""losses"":47,""draws"":0,""winPercentage"":50,""eventsEntered"":0,""titles"":0,""finals"":0,""prizeMoney"":1474624,""points"":0}",,,,,,,,,,,,,,5,,false,false,false,,104,44,15,0,0,0,0,0,10,5,0,0,0,29,11,estimated from season exits versus eligible schedule | 29 eligible events not entered,Amateur,normal,,,false,false,false,false,0,0,0,,0,false,,senior,amateur,,,true,true,
2048/49,wp-pavel-whitaker,Pavel Whitaker,44,ITA,Veteran,Amateur,false,false,false,,0,0,,Amateur,,,,,,,,,,,,,65,66,65,62,59,76,58,9,24,0,0,0,,0,,,,,,,0,0,111,61,50,54.95495495495496,0,0,267383,"{""matches"":111,""wins"":61,""losses"":50,""draws"":0,""winPercentage"":54.95495495495496,""eventsEntered"":0,""titles"":0,""finals"":0,""prizeMoney"":267383,""points"":0}",,,,,,,,,,,,,,104,,false,false,false,,104,44,15,0,0,0,0,0,10,5,0,0,0,29,11,estimated from season exits versus eligible schedule | 29 eligible events not entered,Amateur,normal,,,false,false,false,false,0,0,0,,0,false,,amateur,amateur,,,true,true,
2048/49,wp-pavel-yates,Pavel Yates,53,SCO,Veteran,Amateur,false,false,false,,0,0,,Amateur,,,,,,,,,,,,,72,72,70,69,62,83,67,22,18,0,0,0,,0,,,,,,,0,0,12,12,0,100,0,0,0,"{""matches"":12,""wins"":12,""losses"":0,""draws"":0,""winPercentage"":100,""eventsEntered"":0,""titles"":0,""finals"":0,""prizeMoney"":0,""points"":0}",,,,,,,,,,,,,,,,false,false,false,,104,44,15,0,0,0,0,0,10,5,0,0,0,29,11,estimated from season exits versus eligible schedule | 29 eligible events not entered,Amateur,normal,,,false,false,false,false,0,0,0,,0,false,,amateur,amateur,,,true,true,
2048/49,wp-quentin-ashford,Quentin Ashford,40,ENG,Veteran,Amateur,false,false,false,,0,0,,Amateur,,,,,,,,,,,,,67,69,68,65,63,81,63,2,28,0,0,0,,0,,,,,,,0,0,191,109,82,57.06806282722513,0,0,522990,"{""matches"":191,""wins"":109,""losses"":82,""draws"":0,""winPercentage"":57.06806282722513,""eventsEntered"":0,""titles"":0,""finals"":0,""prizeMoney"":522990,""points"":0}",,,,,,,,,,,,,,89,,false,false,false,,104,44,15,0,0,0,0,0,10,5,0,0,0,29,11,estimated from season exits versus eligible schedule | 29 eligible events not entered,Amateur,normal,,,false,false,false,false,0,0,0,,0,false,,amateur,amateur,,,true,true,
2048/49,wp-quentin-barker,Quentin Barker,54,THA,Veteran,Amateur,false,false,false,,0,0,,Amateur,,,,,,,,,,,,,72,72,70,69,62,82,66,23,18,0,0,0,,0,,,,,,,0,0,14,14,0,100,0,0,0,"{""matches"":14,""wins"":14,""losses"":0,""draws"":0,""winPercentage"":100,""eventsEntered"":0,""titles"":0,""finals"":0,""prizeMoney"":0,""points"":0}",,,,,,,,,,,,,,,,false,false,false,,104,44,15,0,0,0,0,0,10,5,0,0,0,29,11,estimated from season exits versus eligible schedule | 29 eligible events not entered,Amateur,normal,,,false,false,false,false,0,0,0,,0,false,,amateur,amateur,,,true,true,
2048/49,wp-quentin-caldwell,Quentin Caldwell,51,CAN,Veteran,Amateur,false,false,false,,0,0,,Amateur,,,,,,,,,,,,,72,72,71,69,63,84,69,18,18,0,0,0,,0,,,,,,,0,0,10,10,0,100,0,0,0,"{""matches"":10,""wins"":10,""losses"":0,""draws"":0,""winPercentage"":100,""eventsEntered"":0,""titles"":0,""finals"":0,""prizeMoney"":0,""points"":0}",,,,,,,,,,,,,,,,false,false,false,,104,44,15,0,0,0,0,0,10,5,0,0,0,29,11,estimated from season exits versus eligible schedule | 29 eligible events not entered,Amateur,normal,,,false,false,false,false,0,0,0,,0,false,,amateur,amateur,,,true,true,
2048/49,wp-quentin-easton,Quentin Easton,47,ENG,Veteran,Amateur,false,false,false,,0,0,,Amateur,,,,,,,,,,,,,72,72,71,70,65,86,73,12,18,0,0,0,,0,,,,,,,0,0,12,12,0,100,0,0,0,"{""matches"":12,""wins"":12,""losses"":0,""draws"":0,""winPercentage"":100,""eventsEntered"":0,""titles"":0,""finals"":0,""prizeMoney"":0,""points"":0}",,,,,,,,,,,,,,,,false,false,false,,104,44,15,0,0,0,0,0,10,5,0,0,0,29,11,estimated from season exits versus eligible schedule | 29 eligible events not entered,Amateur,normal,,,false,false,false,false,0,0,0,,0,false,,amateur,amateur,,,true,true,
2048/49,wp-quentin-langford,Quentin Langford,50,GER,Veteran,Amateur,false,false,false,,0,0,,Amateur,,,,,,,,,,,,,72,72,71,69,64,84,70,17,18,0,0,0,,0,,,,,,,0,0,12,12,0,100,0,0,0,"{""matches"":12,""wins"":12,""losses"":0,""draws"":0,""winPercentage"":100,""eventsEntered"":0,""titles"":0,""finals"":0,""prizeMoney"":0,""points"":0}",,,,,,,,,,,,,,,,false,false,false,,104,44,15,0,0,0,0,0,10,5,0,0,0,29,11,estimated from season exits versus eligible schedule | 29 eligible events not entered,Amateur,normal,,,false,false,false,false,0,0,0,,0,false,,amateur,amateur,,,true,true,
2048/49,wp-quentin-rahman,Quentin Rahman,54,ENG,Veteran,Amateur,false,false,false,,0,0,,Amateur,,,,,,,,,,,,,69,70,67,66,59,77,56,24,23,0,0,0,,0,,,,,,,0,0,23,17,6,73.91304347826086,0,0,119094,"{""matches"":23,""wins"":17,""losses"":6,""draws"":0,""winPercentage"":73.91304347826086,""eventsEntered"":0,""titles"":0,""finals"":0,""prizeMoney"":119094,""points"":0}",,,,,,,,,,,,,,105,,false,false,false,,104,44,15,0,0,0,0,0,10,5,0,0,0,29,11,estimated from season exits versus eligible schedule | 29 eligible events not entered,Amateur,normal,,,false,false,false,false,0,0,0,,0,false,,amateur,amateur,,,true,true,
2048/49,wp-quentin-rossi,Quentin Rossi,54,POL,Veteran,Amateur,false,false,false,,0,0,,Amateur,,,,,,,,,,,,,72,76,70,70,62,78,48,25,39,0,0,0,,0,,,,,,,0,0,61,33,28,54.09836065573771,0,0,974317,"{""matches"":61,""wins"":33,""losses"":28,""draws"":0,""winPercentage"":54.09836065573771,""eventsEntered"":0,""titles"":0,""finals"":0,""prizeMoney"":974317,""points"":0}",,,,,,,,,,,,,,41,,false,false,false,,104,44,15,0,0,0,0,0,10,5,0,0,0,29,11,estimated from season exits versus eligible schedule | 29 eligible events not entered,Amateur,normal,,,false,false,false,false,0,0,0,,0,false,,senior,amateur,,,true,true,
2048/49,wp-quentin-sorensen,Quentin Sorensen,42,NIR,Veteran,Amateur,false,false,false,,0,0,,Amateur,108,108,,108,,,,,,,108,,66,67,66,62,60,73,51,24,24,6,2,4,33.33333333333333,0,,,,,,,43648,271,175,110,65,62.857142857142854,0,0,330976,"{""matches"":175,""wins"":110,""losses"":65,""draws"":0,""winPercentage"":62.857142857142854,""eventsEntered"":0,""titles"":0,""finals"":0,""prizeMoney"":330976,""points"":0}",,,,,,,,,,,,,,107,,false,false,false,,104,44,15,0,0,0,0,0,10,5,0,0,0,29,11,estimated from season exits versus eligible schedule | 29 eligible events not entered,Amateur,normal,,,false,false,false,false,2,4,88164,,0,false,,amateur,amateur,,,true,true,
2048/49,wp-quentin-yates,Quentin Yates,43,WAL,Veteran,Amateur,false,false,false,,0,0,,Amateur,,,,,,,,,,,,,62,62,62,58,57,74,59,7,18,0,0,0,,0,,,,,,,0,0,66,36,30,54.54545454545454,0,0,0,"{""matches"":66,""wins"":36,""losses"":30,""draws"":0,""winPercentage"":54.54545454545454,""eventsEntered"":0,""titles"":0,""finals"":0,""prizeMoney"":0,""points"":0}",,,,,,,,,,,,,,,,false,false,false,,104,44,15,0,0,0,0,0,10,5,0,0,0,29,11,estimated from season exits versus eligible schedule | 29 eligible events not entered,Amateur,normal,,,false,false,false,false,0,0,0,,0,false,,amateur,amateur,,,true,true,
2048/49,wp-rafael-ashford,Rafael Ashford,39,NED,Amateur,Q School,false,false,false,,0,0,,Amateur,109,109,,109,,,51,,31,,109,,65,66,66,61,60,73,54,20,23,6,2,4,33.33333333333333,0,,,,,,,43359,270,242,143,99,59.09090909090909,0,0,329244,"{""matches"":242,""wins"":143,""losses"":99,""draws"":0,""winPercentage"":59.09090909090909,""eventsEntered"":0,""titles"":0,""finals"":0,""prizeMoney"":329244,""points"":0}",,,,,,,,,,,,,,108,,false,false,false,,104,42,4,0,0,0,0,0,0,4,0,0,0,38,22,estimated from season exits versus eligible schedule | 38 eligible events not entered,Q School,normal,,,false,false,false,false,2,4,87586,,0,false,,amateur,qSchool,,,true,true,
2048/49,wp-rafael-barker,Rafael Barker,63,CHN,Veteran,Amateur,false,false,false,,0,0,,Amateur,,,,,,,,,,,,,72,72,68,68,57,78,57,37,18,0,0,0,,0,,,,,,,0,0,12,12,0,100,0,0,0,"{""matches"":12,""wins"":12,""losses"":0,""draws"":0,""winPercentage"":100,""eventsEntered"":0,""titles"":0,""finals"":0,""prizeMoney"":0,""points"":0}",,,,,,,,,,,,,,,,false,false,false,,104,44,15,0,0,0,0,0,10,5,0,0,0,29,11,estimated from season exits versus eligible schedule | 29 eligible events not entered,Amateur,normal,,,false,false,false,false,0,0,0,,0,false,,amateur,amateur,,,true,true,
2048/49,wp-rafael-caldwell,Rafael Caldwell,48,BRA,Veteran,Amateur,false,false,false,,0,0,,Amateur,,,,,,,,,,,,,72,72,71,69,65,85,72,14,18,0,0,0,,0,,,,,,,0,0,14,14,0,100,0,0,0,"{""matches"":14,""wins"":14,""losses"":0,""draws"":0,""winPercentage"":100,""eventsEntered"":0,""titles"":0,""finals"":0,""prizeMoney"":0,""points"":0}",,,,,,,,,,,,,,,,false,false,false,,104,44,15,0,0,0,0,0,10,5,0,0,0,29,11,estimated from season exits versus eligible schedule | 29 eligible events not entered,Amateur,normal,,,false,false,false,false,0,0,0,,0,false,,amateur,amateur,,,true,true,
2048/49,wp-rafael-drayton,Rafael Drayton,39,ITA,Amateur,Amateur,false,false,false,,0,0,,Amateur,,,,,,,,,,,,,65,66,66,62,59,70,54,38,24,12,4,8,33.33333333333333,0,,,,,,,0,136,238,133,105,55.88235294117647,0,0,332710,"{""matches"":238,""wins"":133,""losses"":105,""draws"":0,""winPercentage"":55.88235294117647,""eventsEntered"":0,""titles"":0,""finals"":0,""prizeMoney"":332710,""points"":0}",,,,,,,,,,,,,,104,,false,false,false,,104,42,15,0,0,0,0,0,10,5,0,0,0,27,11,estimated from season exits versus eligible schedule | 27 eligible events not entered,Amateur,normal,,,false,false,false,false,0,0,0,,0,false,,amateur,amateur,,,true,true,
2048/49,wp-rafael-forster,Rafael Forster,47,BEL,Veteran,Amateur,false,false,false,,0,0,,Amateur,,,,,,,,,,,,,72,72,71,70,65,86,73,12,18,0,0,0,,0,,,,,,,0,0,12,12,0,100,0,0,0,"{""matches"":12,""wins"":12,""losses"":0,""draws"":0,""winPercentage"":100,""eventsEntered"":0,""titles"":0,""finals"":0,""prizeMoney"":0,""points"":0}",,,,,,,,,,,,,,,,false,false,false,,104,44,15,0,0,0,0,0,10,5,0,0,0,29,11,estimated from season exits versus eligible schedule | 29 eligible events not entered,Amateur,normal,,,false,false,false,false,0,0,0,,0,false,,amateur,amateur,,,true,true,
2048/49,wp-rafael-grimaldi,Rafael Grimaldi,55,AUS,Veteran,Amateur,false,false,false,,0,0,,Amateur,,,,,,,,,,,,,75,80,73,74,64,80,46,26,44,0,0,0,,0,,,,,,,0,0,75,39,36,52,0,0,1226492,"{""matches"":75,""wins"":39,""losses"":36,""draws"":0,""winPercentage"":52,""eventsEntered"":0,""titles"":0,""finals"":0,""prizeMoney"":1226492,""points"":0}",,,,,,,,,,,,,,19,,false,false,false,,104,44,15,0,0,0,0,0,10,5,0,0,0,29,11,estimated from season exits versus eligible schedule | 29 eligible events not entered,Amateur,normal,,,false,false,false,false,0,0,0,,0,false,,senior,amateur,,,true,true,
2048/49,wp-rafael-mendoza,Rafael Mendoza,42,SCO,Veteran,Amateur,false,false,false,,0,0,,Amateur,,,,,,,,,,,,,70,73,70,68,65,83,63,5,30,0,0,0,,0,,,,,,,0,0,102,63,39,61.76470588235294,0,0,465693,"{""matches"":102,""wins"":63,""losses"":39,""draws"":0,""winPercentage"":61.76470588235294,""eventsEntered"":0,""titles"":0,""finals"":0,""prizeMoney"":465693,""points"":0}",,,,,,,,,,,,,,75,,false,false,false,,104,44,15,0,0,0,0,0,10,5,0,0,0,29,11,estimated from season exits versus eligible schedule | 29 eligible events not entered,Amateur,normal,,,false,false,false,false,0,0,0,,0,false,,amateur,amateur,,,true,true,
2048/49,wp-rafael-sorensen,Rafael Sorensen,51,BEL,Veteran,Amateur,false,false,false,,0,0,,Amateur,,,,,,,,,,,,,68,69,67,65,59,77,57,19,23,0,0,0,,0,,,,,,,0,0,24,17,7,70.83333333333334,0,0,117360,"{""matches"":24,""wins"":17,""losses"":7,""draws"":0,""winPercentage"":70.83333333333334,""eventsEntered"":0,""titles"":0,""finals"":0,""prizeMoney"":117360,""points"":0}",,,,,,,,,,,,,,106,,false,false,false,,104,44,15,0,0,0,0,0,10,5,0,0,0,29,11,estimated from season exits versus eligible schedule | 29 eligible events not entered,Amateur,normal,,,false,false,false,false,0,0,0,,0,false,,amateur,amateur,,,true,true,
2048/49,wp-rafael-tremblay,Rafael Tremblay,42,AUS,Veteran,Amateur,false,false,false,,0,0,,Amateur,,,,,,,,,,,,,65,66,65,62,60,78,62,6,21,0,0,0,,0,,,,,,,0,0,121,72,49,59.50413223140496,0,0,131234,"{""matches"":121,""wins"":72,""losses"":49,""draws"":0,""winPercentage"":59.50413223140496,""eventsEntered"":0,""titles"":0,""finals"":0,""prizeMoney"":131234,""points"":0}",,,,,,,,,,,,,,113,,false,false,false,,104,44,15,0,0,0,0,0,10,5,0,0,0,29,11,estimated from season exits versus eligible schedule | 29 eligible events not entered,Amateur,normal,,,false,false,false,false,0,0,0,,0,false,,amateur,amateur,,,true,true,
2048/49,wp-rafael-upton,Rafael Upton,50,BRA,Veteran,Amateur,false,false,false,,0,0,,Amateur,,,,,,,,,,,,,73,73,72,71,65,85,70,17,20,0,0,0,,0,,,,,,,0,0,12,12,0,100,0,0,122270,"{""matches"":12,""wins"":12,""losses"":0,""draws"":0,""winPercentage"":100,""eventsEntered"":0,""titles"":0,""finals"":0,""prizeMoney"":122270,""points"":0}",,,,,,,,,,,,,,123,,false,false,false,,104,44,15,0,0,0,0,0,10,5,0,0,0,29,11,estimated from season exits versus eligible schedule | 29 eligible events not entered,Amateur,normal,,,false,false,false,false,0,0,0,,0,false,,amateur,amateur,,,true,true,
2048/49,wp-reuben-easton,Reuben Easton,50,ITA,Veteran,Amateur,false,false,false,,0,0,,Amateur,,,,,,,,,,,,,75,76,74,73,67,87,70,17,24,0,0,0,,0,,,,,,,0,0,12,12,0,100,0,0,257424,"{""matches"":12,""wins"":12,""losses"":0,""draws"":0,""winPercentage"":100,""eventsEntered"":0,""titles"":0,""finals"":0,""prizeMoney"":257424,""points"":0}",,,,,,,,,,,,,,100,,false,false,false,,104,44,15,0,0,0,0,0,10,5,0,0,0,29,11,estimated from season exits versus eligible schedule | 29 eligible events not entered,Amateur,normal,,,false,false,false,false,0,0,0,,0,false,,amateur,amateur,,,true,true,
2048/49,wp-reuben-iqbal,Reuben Iqbal,53,ITA,Veteran,Amateur,false,false,false,,0,0,,Amateur,,,,,,,,,,,,,72,72,70,69,62,83,67,22,18,0,0,0,,0,,,,,,,0,0,12,12,0,100,0,0,0,"{""matches"":12,""wins"":12,""losses"":0,""draws"":0,""winPercentage"":100,""eventsEntered"":0,""titles"":0,""finals"":0,""prizeMoney"":0,""points"":0}",,,,,,,,,,,,,,,,false,false,false,,104,44,15,0,0,0,0,0,10,5,0,0,0,29,11,estimated from season exits versus eligible schedule | 29 eligible events not entered,Amateur,normal,,,false,false,false,false,0,0,0,,0,false,,amateur,amateur,,,true,true,
2048/49,wp-reuben-nakamura,Reuben Nakamura,53,PAK,Veteran,Amateur,false,false,false,,0,0,,Amateur,,,,,,,,,,,,,78,84,76,78,68,85,49,23,53,0,0,0,,0,,,,,,,0,0,100,50,50,50,2,0,1492507,"{""matches"":100,""wins"":50,""losses"":50,""draws"":0,""winPercentage"":50,""eventsEntered"":0,""titles"":2,""finals"":0,""prizeMoney"":1492507,""points"":0}",,,,,,,,,,,,,,2,,false,false,false,,104,44,15,0,0,0,0,0,10,5,0,0,0,29,11,estimated from season exits versus eligible schedule | 29 eligible events not entered,Amateur,normal,,,false,false,false,false,0,0,0,,0,false,,senior,amateur,,,true,true,
2048/49,wp-reuben-otero,Reuben Otero,39,NOR,Amateur,Amateur,false,false,false,,0,0,,Amateur,,,,,,,59,,,,,,65,66,66,62,60,72,54,29,24,9,3,6,33.33333333333333,0,,,,,,,0,131,245,143,102,58.36734693877551,0,0,468570,"{""matches"":245,""wins"":143,""losses"":102,""draws"":0,""winPercentage"":58.36734693877551,""eventsEntered"":0,""titles"":0,""finals"":0,""prizeMoney"":468570,""points"":0}",,,,,,,,,,,,,,111,,false,false,false,,104,42,15,0,0,0,0,0,10,5,0,0,0,27,11,estimated from season exits versus eligible schedule | 27 eligible events not entered,Amateur,normal,,,false,false,false,false,0,0,0,,0,false,,amateur,amateur,,,true,true,
2048/49,wp-reuben-tremblay,Reuben Tremblay,44,CHN,Veteran,Amateur,false,false,false,,0,0,,Amateur,,,,,,,,,,,,,65,66,65,62,59,76,59,9,25,0,0,0,,0,,,,,,,0,0,60,33,27,55.00000000000001,1,0,153204,"{""matches"":60,""wins"":33,""losses"":27,""draws"":0,""winPercentage"":55.00000000000001,""eventsEntered"":0,""titles"":1,""finals"":0,""prizeMoney"":153204,""points"":0}",,,,,,,,,,,,,,107,,false,false,false,,104,44,15,0,0,0,0,0,10,5,0,0,0,29,11,estimated from season exits versus eligible schedule | 29 eligible events not entered,Amateur,normal,,,false,false,false,false,0,0,0,,0,false,,amateur,amateur,,,true,true,
2048/49,wp-reuben-urban,Reuben Urban,44,BRA,Veteran,Amateur,false,false,false,,0,0,,Amateur,,,,,,,,,,,,,64,65,64,61,58,75,58,9,22,0,0,0,,0,,,,,,,0,0,44,24,20,54.54545454545454,0,0,134126,"{""matches"":44,""wins"":24,""losses"":20,""draws"":0,""winPercentage"":54.54545454545454,""eventsEntered"":0,""titles"":0,""finals"":0,""prizeMoney"":134126,""points"":0}",,,,,,,,,,,,,,108,,false,false,false,,104,44,15,0,0,0,0,0,10,5,0,0,0,29,11,estimated from season exits versus eligible schedule | 29 eligible events not entered,Amateur,normal,,,false,false,false,false,0,0,0,,0,false,,amateur,amateur,,,true,true,
2048/49,wp-reuben-verma,Reuben Verma,47,ITA,Veteran,Amateur,false,false,false,,0,0,,Amateur,,,,,,,,,,,,,65,66,64,61,58,75,56,14,22,0,0,0,,0,,,,,,,0,0,89,51,38,57.30337078651685,0,0,131812,"{""matches"":89,""wins"":51,""losses"":38,""draws"":0,""winPercentage"":57.30337078651685,""eventsEntered"":0,""titles"":0,""finals"":0,""prizeMoney"":131812,""points"":0}",,,,,,,,,,,,,,112,,false,false,false,,104,44,15,0,0,0,0,0,10,5,0,0,0,29,11,estimated from season exits versus eligible schedule | 29 eligible events not entered,Amateur,normal,,,false,false,false,false,0,0,0,,0,false,,amateur,amateur,,,true,true,
2048/49,wp-reuben-vos,Reuben Vos,49,BEL,Veteran,Amateur,false,false,false,,0,0,,Amateur,,,,,,,,,,,,,74,79,73,73,66,82,51,17,45,0,0,0,,0,,,,,,,0,0,113,56,57,49.557522123893804,0,0,1410604,"{""matches"":113,""wins"":56,""losses"":57,""draws"":0,""winPercentage"":49.557522123893804,""eventsEntered"":0,""titles"":0,""finals"":0,""prizeMoney"":1410604,""points"":0}",,,,,,,,,,,,,,19,,false,false,false,,104,44,15,0,0,0,0,0,10,5,0,0,0,29,11,estimated from season exits versus eligible schedule | 29 eligible events not entered,Amateur,normal,,,false,false,false,false,0,0,0,,0,false,,senior,amateur,,,true,true,
2048/49,wp-reuben-whitaker,Reuben Whitaker,45,SCO,Veteran,Amateur,false,false,false,,0,0,,Amateur,,,,,,,,,,,,,72,72,72,70,66,87,75,9,18,0,0,0,,0,,,,,,,0,0,14,14,0,100,0,0,0,"{""matches"":14,""wins"":14,""losses"":0,""draws"":0,""winPercentage"":100,""eventsEntered"":0,""titles"":0,""finals"":0,""prizeMoney"":0,""points"":0}",,,,,,,,,,,,,,,,false,false,false,,104,44,15,0,0,0,0,0,10,5,0,0,0,29,11,estimated from season exits versus eligible schedule | 29 eligible events not entered,Amateur,normal,,,false,false,false,false,0,0,0,,0,false,,amateur,amateur,,,true,true,
2048/49,wp-reuben-yates,Reuben Yates,48,BEL,Veteran,Amateur,false,false,false,,0,0,,Amateur,,,,,,,,,,,,,66,66,65,62,59,77,61,15,18,0,0,0,,0,,,,,,,0,0,14,10,4,71.42857142857143,0,0,0,"{""matches"":14,""wins"":10,""losses"":4,""draws"":0,""winPercentage"":71.42857142857143,""eventsEntered"":0,""titles"":0,""finals"":0,""prizeMoney"":0,""points"":0}",,,,,,,,,,,,,,,,false,false,false,,104,44,15,0,0,0,0,0,10,5,0,0,0,29,11,estimated from season exits versus eligible schedule | 29 eligible events not entered,Amateur,normal,,,false,false,false,false,0,0,0,,0,false,,amateur,amateur,,,true,true,
2048/49,wp-rory-vale-a,Rory Vale A,36,ENG,Amateur,Amateur,false,false,false,,0,0,,Amateur,111,111,,111,,,45,,,,111,,66,86,68,63,63,76,56,15,26,6,2,4,33.33333333333333,0,,,,,,,42781,266,206,118,88,57.28155339805825,1,0,519157,"{""matches"":206,""wins"":118,""losses"":88,""draws"":0,""winPercentage"":57.28155339805825,""eventsEntered"":0,""titles"":1,""finals"":0,""prizeMoney"":519157,""points"":0}",,,,,,,,,,,,,,109,,false,false,false,,104,42,15,0,0,0,0,0,10,5,0,0,0,27,11,estimated from season exits versus eligible schedule | 27 eligible events not entered,Amateur,normal,,,false,false,false,false,2,4,86719,,0,false,,amateur,amateur,,,true,true,
2048/49,wp-rory-vale-b,Rory Vale B,36,ENG,Amateur,Q School,false,false,false,,0,0,,Amateur,,,,,,,14,5,9,,,,65,73,67,62,60,71,62,42,25,15,7,8,46.666666666666664,0,,,,,,,0,332,231,134,97,58.00865800865801,1,0,404977,"{""matches"":231,""wins"":134,""losses"":97,""draws"":0,""winPercentage"":58.00865800865801,""eventsEntered"":0,""titles"":1,""finals"":0,""prizeMoney"":404977,""points"":0}",,,,,,,,,,,,,,113,,false,false,false,,104,42,8,0,0,0,0,0,3,5,0,0,0,34,18,estimated from season exits versus eligible schedule | 34 eligible events not entered,Q School,too high,,,false,false,false,false,0,0,0,,0,false,,qSchool,qSchool,,,true,true,
2048/49,wp-rory-vale-c,Rory Vale C,32,BEL,Amateur,Q School,false,false,false,,0,0,,Amateur,112,112,,112,,,22,23,22,,112,,66,97,68,63,64,76,55,14,25,6,2,4,33.33333333333333,0,,,,,,,42492,264,177,108,69,61.016949152542374,0,0,531007,"{""matches"":177,""wins"":108,""losses"":69,""draws"":0,""winPercentage"":61.016949152542374,""eventsEntered"":0,""titles"":0,""finals"":0,""prizeMoney"":531007,""points"":0}",,,,,,,,,,,,,,106,,false,false,false,,104,42,4,0,0,0,0,0,0,4,0,0,0,38,22,estimated from season exits versus eligible schedule | 38 eligible events not entered,Q School,normal,,,false,false,false,false,2,4,86140,,0,false,failed Q School campaigns,qSchool,qSchool,,,true,true,
2048/49,wp-rory-vale-d,Rory Vale D,32,BEL,Amateur,Amateur,false,false,false,,0,0,,Amateur,113,113,,113,,,43,,,,113,,66,82,68,63,64,76,55,14,24,6,2,4,33.33333333333333,0,,,,,,,42203,262,179,110,69,61.452513966480446,0,0,424343,"{""matches"":179,""wins"":110,""losses"":69,""draws"":0,""winPercentage"":61.452513966480446,""eventsEntered"":0,""titles"":0,""finals"":0,""prizeMoney"":424343,""points"":0}",,,,,,,,,,,,,,107,,false,false,false,,104,42,15,0,0,0,0,0,10,5,0,0,0,27,11,estimated from season exits versus eligible schedule | 27 eligible events not entered,Amateur,normal,,,false,false,false,false,2,4,85562,,0,false,,amateur,amateur,,,true,true,
2048/49,wp-rory-vale-e,Rory Vale E,32,BEL,Amateur,Q School,false,false,false,,0,0,,Amateur,114,114,,114,,,26,26,26,,114,,66,95,68,63,64,76,55,14,25,6,2,4,33.33333333333333,0,,,,,,,41914,261,163,98,65,60.122699386503065,0,0,526383,"{""matches"":163,""wins"":98,""losses"":65,""draws"":0,""winPercentage"":60.122699386503065,""eventsEntered"":0,""titles"":0,""finals"":0,""prizeMoney"":526383,""points"":0}",,,,,,,,,,,,,,108,,false,false,false,,104,42,4,0,0,0,0,0,0,4,0,0,0,38,22,estimated from season exits versus eligible schedule | 38 eligible events not entered,Q School,normal,,,false,false,false,false,2,4,84984,,0,false,failed Q School campaigns,amateur,qSchool,,,true,true,
2048/49,wp-rory-vale-f,Rory Vale F,30,THA,Amateur,Amateur,false,false,false,,0,0,,Amateur,,,,,,,32,,,,,,65,87,67,62,62,72,60,34,24,13,6,7,46.15384615384615,0,,,,,,,0,239,142,81,61,57.04225352112676,0,0,418273,"{""matches"":142,""wins"":81,""losses"":61,""draws"":0,""winPercentage"":57.04225352112676,""eventsEntered"":0,""titles"":0,""finals"":0,""prizeMoney"":418273,""points"":0}",,,,,,,,,,,,,,109,,false,false,false,,104,42,15,0,0,0,0,0,10,5,0,0,0,27,11,estimated from season exits versus eligible schedule | 27 eligible events not entered,Amateur,normal,,,false,false,false,false,0,2,42781,,0,false,low match volume,amateur,amateur,,,true,true,
2048/49,wp-rory-vale-k,Rory Vale K,24,THA,Amateur,Q School,false,false,false,,0,0,,Amateur,116,116,,116,,,17,18,18,,116,,67,79,69,64,66,78,62,13,22,6,3,3,50,0,,,,,,,59836,372,103,70,33,67.96116504854369,0,0,204078,"{""matches"":103,""wins"":70,""losses"":33,""draws"":0,""winPercentage"":67.96116504854369,""eventsEntered"":0,""titles"":0,""finals"":0,""prizeMoney"":204078,""points"":0}",,,,,,,,,,,,,,113,,false,false,false,,104,42,4,0,0,0,0,0,0,4,0,0,0,38,22,estimated from season exits versus eligible schedule | 38 eligible events not entered,Q School,normal,,,false,false,false,false,3,5,101461,,0,false,,qSchool,qSchool,,,true,true,
2048/49,wp-rory-vale-p,Rory Vale P,16,THA,Youth,Amateur,false,false,false,,0,0,,Amateur,,,,,,,,,,,,,64,84,66,61,62,75,67,19,18,8,5,3,62.5,0,,,,,,,0,113,8,5,3,62.5,0,0,0,"{""matches"":8,""wins"":5,""losses"":3,""draws"":0,""winPercentage"":62.5,""eventsEntered"":0,""titles"":0,""finals"":0,""prizeMoney"":0,""points"":0}",,,,,,,,,,,,,,,,false,false,false,,104,61,10,0,0,0,0,0,5,5,0,0,0,51,16,estimated from season exits versus eligible schedule | 51 eligible events not entered,Youth,normal,,,false,false,false,false,0,0,0,,0,false,,youth,youth,,,true,true,
2048/49,wp-rory-vale-q,Rory Vale Q,16,THA,Youth,Amateur,false,false,false,,0,0,,Amateur,,,,,,,,,,,,,52,89,54,46,52,61,42,0,18,,,,,,,,,,,,,,0,0,0,0,0,0,0,"{""matches"":0,""wins"":0,""losses"":0,""draws"":0,""winPercentage"":0,""eventsEntered"":0,""titles"":0,""finals"":0,""prizeMoney"":0,""points"":0}",,,,,,,,,,,,,,,,,false,false,,104,61,10,0,0,0,0,0,5,5,0,0,0,51,16,estimated from season exits versus eligible schedule | 51 eligible events not entered,Youth,normal,,,false,false,false,false,0,0,0,,0,false,,youth,youth,,,true,true,
2048/49,wp-samir-ashford,Samir Ashford,44,THA,Veteran,Amateur,false,false,false,,0,0,,Amateur,,,,,,,,,,,,,72,72,72,70,67,87,76,7,18,0,0,0,,0,,,,,,,0,0,10,10,0,100,0,0,0,"{""matches"":10,""wins"":10,""losses"":0,""draws"":0,""winPercentage"":100,""eventsEntered"":0,""titles"":0,""finals"":0,""prizeMoney"":0,""points"":0}",,,,,,,,,,,,,,,,false,false,false,,104,44,15,0,0,0,0,0,10,5,0,0,0,29,11,estimated from season exits versus eligible schedule | 29 eligible events not entered,Amateur,normal,,,false,false,false,false,0,0,0,,0,false,,amateur,amateur,,,true,true,
2048/49,wp-samir-caldwell,Samir Caldwell,63,SWE,Veteran,Amateur,false,false,false,,0,0,,Amateur,,,,,,,,,,,,,70,70,66,66,55,75,53,38,22,0,0,0,,0,,,,,,,0,0,26,22,4,84.61538461538461,2,0,0,"{""matches"":26,""wins"":22,""losses"":4,""draws"":0,""winPercentage"":84.61538461538461,""eventsEntered"":0,""titles"":2,""finals"":0,""prizeMoney"":0,""points"":0}",,,,,,,,,,,,,,,,false,false,false,,104,44,15,0,0,0,0,0,10,5,0,0,0,29,11,estimated from season exits versus eligible schedule | 29 eligible events not entered,Amateur,normal,,,false,false,false,false,0,0,0,,0,false,,amateur,amateur,,,true,true,
2048/49,wp-samir-janssen,Samir Janssen,51,WAL,Veteran,Amateur,false,false,false,,0,0,,Amateur,,,,,,,,,,,,,72,72,71,69,63,84,69,18,18,0,0,0,,0,,,,,,,0,0,12,12,0,100,0,0,0,"{""matches"":12,""wins"":12,""losses"":0,""draws"":0,""winPercentage"":100,""eventsEntered"":0,""titles"":0,""finals"":0,""prizeMoney"":0,""points"":0}",,,,,,,,,,,,,,,,false,false,false,,104,44,15,0,0,0,0,0,10,5,0,0,0,29,11,estimated from season exits versus eligible schedule | 29 eligible events not entered,Amateur,normal,,,false,false,false,false,0,0,0,,0,false,,amateur,amateur,,,true,true,
2048/49,wp-samir-kovacs,Samir Kovacs,45,GER,Veteran,Amateur,false,false,false,,0,0,,Amateur,,,,,,,,,,,,,75,81,75,75,69,85,53,11,49,0,0,0,,0,,,,,,,0,0,135,62,73,45.925925925925924,0,0,1613233,"{""matches"":135,""wins"":62,""losses"":73,""draws"":0,""winPercentage"":45.925925925925924,""eventsEntered"":0,""titles"":0,""finals"":0,""prizeMoney"":1613233,""points"":0}",,,,,,,,,,,,,,4,,false,false,false,,104,44,15,0,0,0,0,0,10,5,0,0,0,29,11,estimated from season exits versus eligible schedule | 29 eligible events not entered,Amateur,normal,,,false,false,false,false,0,2,41047,,0,false,,senior,amateur,,,true,true,
2048/49,wp-samir-otero,Samir Otero,44,SWE,Veteran,Amateur,false,false,false,,0,0,,Amateur,,,,,,,,,,,,,68,69,68,66,62,81,64,8,26,0,0,0,,0,,,,,,,0,0,46,30,16,65.21739130434783,2,0,132390,"{""matches"":46,""wins"":30,""losses"":16,""draws"":0,""winPercentage"":65.21739130434783,""eventsEntered"":0,""titles"":2,""finals"":0,""prizeMoney"":132390,""points"":0}",,,,,,,,,,,,,,109,,false,false,false,,104,44,15,0,0,0,0,0,10,5,0,0,0,29,11,estimated from season exits versus eligible schedule | 29 eligible events not entered,Amateur,normal,,,false,false,false,false,0,0,0,,0,false,,amateur,amateur,,,true,true,
2048/49,wp-samir-petrov,Samir Petrov,39,ENG,Amateur,Amateur,false,false,false,,0,0,,Amateur,119,119,,119,,,50,,,,119,,64,65,65,61,59,73,58,22,22,7,3,4,42.857142857142854,0,,,,,,,58969,367,248,145,103,58.46774193548387,0,0,436197,"{""matches"":248,""wins"":145,""losses"":103,""draws"":0,""winPercentage"":58.46774193548387,""eventsEntered"":0,""titles"":0,""finals"":0,""prizeMoney"":436197,""points"":0}",,,,,,,,,,,,,,118,,false,false,false,,104,42,15,0,0,0,0,0,10,5,0,0,0,27,11,estimated from season exits versus eligible schedule | 27 eligible events not entered,Amateur,normal,,,false,false,false,false,3,5,99727,,0,false,,amateur,amateur,,,true,true,
2048/49,wp-samir-rahman,Samir Rahman,48,ESP,Veteran,Amateur,false,false,false,,0,0,,Amateur,,,,,,,,,,,,,78,80,77,77,71,91,72,14,28,0,0,0,,0,,,,,,,0,0,12,12,0,100,0,0,324280,"{""matches"":12,""wins"":12,""losses"":0,""draws"":0,""winPercentage"":100,""eventsEntered"":0,""titles"":0,""finals"":0,""prizeMoney"":324280,""points"":0}",,,,,,,,,,,,,,82,,false,false,false,,104,44,15,0,0,0,0,0,10,5,0,0,0,29,11,estimated from season exits versus eligible schedule | 29 eligible events not entered,Amateur,normal,,,false,false,false,false,0,0,0,,0,false,,amateur,amateur,,,true,true,
2048/49,wp-samir-verma,Samir Verma,54,ESP,Veteran,Amateur,false,false,false,,0,0,,Amateur,,,,,,,,,,,,,66,67,64,62,56,73,52,24,22,0,0,0,,0,,,,,,,0,0,20,13,7,65,0,0,113312,"{""matches"":20,""wins"":13,""losses"":7,""draws"":0,""winPercentage"":65,""eventsEntered"":0,""titles"":0,""finals"":0,""prizeMoney"":113312,""points"":0}",,,,,,,,,,,,,,110,,false,false,false,,104,44,15,0,0,0,0,0,10,5,0,0,0,29,11,estimated from season exits versus eligible schedule | 29 eligible events not entered,Amateur,normal,,,false,false,false,false,0,0,0,,0,false,,amateur,amateur,,,true,true,
2048/49,wp-samir-whitaker,Samir Whitaker,48,WAL,Veteran,Amateur,false,false,false,,0,0,,Amateur,,,,,,,,,,,,,72,72,71,69,65,85,72,14,18,0,0,0,,0,,,,,,,0,0,12,12,0,100,0,0,0,"{""matches"":12,""wins"":12,""losses"":0,""draws"":0,""winPercentage"":100,""eventsEntered"":0,""titles"":0,""finals"":0,""prizeMoney"":0,""points"":0}",,,,,,,,,,,,,,,,false,false,false,,104,44,15,0,0,0,0,0,10,5,0,0,0,29,11,estimated from season exits versus eligible schedule | 29 eligible events not entered,Amateur,normal,,,false,false,false,false,0,0,0,,0,false,,amateur,amateur,,,true,true,
2048/49,wp-samir-yates,Samir Yates,53,GER,Veteran,Amateur,false,false,false,,0,0,,Amateur,,,,,,,,,,,,,72,72,70,69,62,83,67,22,18,0,0,0,,0,,,,,,,0,0,14,14,0,100,0,0,0,"{""matches"":14,""wins"":14,""losses"":0,""draws"":0,""winPercentage"":100,""eventsEntered"":0,""titles"":0,""finals"":0,""prizeMoney"":0,""points"":0}",,,,,,,,,,,,,,,,false,false,false,,104,44,15,0,0,0,0,0,10,5,0,0,0,29,11,estimated from season exits versus eligible schedule | 29 eligible events not entered,Amateur,normal,,,false,false,false,false,0,0,0,,0,false,,amateur,amateur,,,true,true,
2048/49,wp-sebastian-ainsley,Sebastian Ainsley,73,WAL,Veteran,Amateur,false,false,false,,0,0,,Amateur,,,,,,,,,,,,,81,85,75,78,62,82,47,53,34,0,0,0,,0,,,,,,,0,0,12,12,0,100,0,0,451914,"{""matches"":12,""wins"":12,""losses"":0,""draws"":0,""winPercentage"":100,""eventsEntered"":0,""titles"":0,""finals"":0,""prizeMoney"":451914,""points"":0}",,,,,,,,,,,,,,54,,false,false,false,,104,44,15,0,0,0,0,0,10,5,0,0,0,29,11,estimated from season exits versus eligible schedule | 29 eligible events not entered,Amateur,normal,,,false,false,false,false,0,0,0,,0,false,,senior,amateur,,,true,true,
2048/49,wp-sebastian-ashford,Sebastian Ashford,48,POL,Veteran,Amateur,false,false,false,,0,0,,Amateur,,,,,,,,,,,,,72,72,71,69,65,85,72,14,18,0,0,0,,0,,,,,,,0,0,8,8,0,100,0,0,0,"{""matches"":8,""wins"":8,""losses"":0,""draws"":0,""winPercentage"":100,""eventsEntered"":0,""titles"":0,""finals"":0,""prizeMoney"":0,""points"":0}",,,,,,,,,,,,,,,,false,false,false,,104,44,15,0,0,0,0,0,10,5,0,0,0,29,11,estimated from season exits versus eligible schedule | 29 eligible events not entered,Amateur,normal,,,false,false,false,false,0,0,0,,0,false,,amateur,amateur,,,true,true,
2048/49,wp-sebastian-barker,Sebastian Barker,48,IND,Veteran,Amateur,false,false,false,,0,0,,Amateur,,,,,,,,,,,,,72,72,71,69,65,85,72,14,18,0,0,0,,0,,,,,,,0,0,8,8,0,100,0,0,0,"{""matches"":8,""wins"":8,""losses"":0,""draws"":0,""winPercentage"":100,""eventsEntered"":0,""titles"":0,""finals"":0,""prizeMoney"":0,""points"":0}",,,,,,,,,,,,,,,,false,false,false,,104,44,15,0,0,0,0,0,10,5,0,0,0,29,11,estimated from season exits versus eligible schedule | 29 eligible events not entered,Amateur,normal,,,false,false,false,false,0,0,0,,0,false,,amateur,amateur,,,true,true,
2048/49,wp-sebastian-caldwell,Sebastian Caldwell,47,JPN,Veteran,Amateur,false,false,false,,0,0,,Amateur,,,,,,,,,,,,,69,69,68,66,62,81,67,13,18,0,0,0,,0,,,,,,,0,0,13,11,2,84.61538461538461,0,0,0,"{""matches"":13,""wins"":11,""losses"":2,""draws"":0,""winPercentage"":84.61538461538461,""eventsEntered"":0,""titles"":0,""finals"":0,""prizeMoney"":0,""points"":0}",,,,,,,,,,,,,,,,false,false,false,,104,44,15,0,0,0,0,0,10,5,0,0,0,29,11,estimated from season exits versus eligible schedule | 29 eligible events not entered,Amateur,normal,,,false,false,false,false,0,0,0,,0,false,,amateur,amateur,,,true,true,
2048/49,wp-sebastian-drayton,Sebastian Drayton,50,ESP,Veteran,Amateur,false,false,false,,0,0,,Amateur,,,,,,,,,,,,,72,72,71,69,64,84,70,17,18,0,0,0,,0,,,,,,,0,0,8,8,0,100,0,0,0,"{""matches"":8,""wins"":8,""losses"":0,""draws"":0,""winPercentage"":100,""eventsEntered"":0,""titles"":0,""finals"":0,""prizeMoney"":0,""points"":0}",,,,,,,,,,,,,,,,false,false,false,,104,44,15,0,0,0,0,0,10,5,0,0,0,29,11,estimated from season exits versus eligible schedule | 29 eligible events not entered,Amateur,normal,,,false,false,false,false,0,0,0,,0,false,,amateur,amateur,,,true,true,
2048/49,wp-sebastian-easton,Sebastian Easton,47,WAL,Veteran,Amateur,false,false,false,,0,0,,Amateur,,,,,,,,,,,,,64,64,63,60,57,74,57,13,20,0,0,0,,0,,,,,,,0,0,82,50,32,60.97560975609756,0,0,104929,"{""matches"":82,""wins"":50,""losses"":32,""draws"":0,""winPercentage"":60.97560975609756,""eventsEntered"":0,""titles"":0,""finals"":0,""prizeMoney"":104929,""points"":0}",,,,,,,,,,,,,,120,,false,false,false,,104,44,15,0,0,0,0,0,10,5,0,0,0,29,11,estimated from season exits versus eligible schedule | 29 eligible events not entered,Amateur,normal,,,false,false,false,false,0,0,0,,0,false,,amateur,amateur,,,true,true,
2048/49,wp-sebastian-grimaldi,Sebastian Grimaldi,48,THA,Veteran,Amateur,false,false,false,,0,0,,Amateur,,,,,,,,,,,,,72,72,71,69,65,85,72,14,18,0,0,0,,0,,,,,,,0,0,12,12,0,100,0,0,0,"{""matches"":12,""wins"":12,""losses"":0,""draws"":0,""winPercentage"":100,""eventsEntered"":0,""titles"":0,""finals"":0,""prizeMoney"":0,""points"":0}",,,,,,,,,,,,,,,,false,false,false,,104,44,15,0,0,0,0,0,10,5,0,0,0,29,11,estimated from season exits versus eligible schedule | 29 eligible events not entered,Amateur,normal,,,false,false,false,false,0,0,0,,0,false,,amateur,amateur,,,true,true,
2048/49,wp-sebastian-janssen,Sebastian Janssen,41,JPN,Veteran,Amateur,false,false,false,,0,0,,Amateur,,,,,,,,,,,,,64,65,65,61,60,76,60,4,24,0,0,0,,0,,,,,,,0,0,136,73,63,53.67647058823529,0,0,341206,"{""matches"":136,""wins"":73,""losses"":63,""draws"":0,""winPercentage"":53.67647058823529,""eventsEntered"":0,""titles"":0,""finals"":0,""prizeMoney"":341206,""points"":0}",,,,,,,,,,,,,,106,,false,false,false,,104,44,15,0,0,0,0,0,10,5,0,0,0,29,11,estimated from season exits versus eligible schedule | 29 eligible events not entered,Amateur,normal,,,false,false,false,false,0,0,0,,0,false,,amateur,amateur,,,true,true,
2048/49,wp-sebastian-mendoza,Sebastian Mendoza,41,POL,Veteran,Amateur,false,false,false,,0,0,,Amateur,,,,,,,,,,,,,65,66,66,62,61,78,63,4,24,0,0,0,,0,,,,,,,0,0,160,92,68,57.49999999999999,1,0,219399,"{""matches"":160,""wins"":92,""losses"":68,""draws"":0,""winPercentage"":57.49999999999999,""eventsEntered"":0,""titles"":1,""finals"":0,""prizeMoney"":219399,""points"":0}",,,,,,,,,,,,,,111,,false,false,false,,104,44,15,0,0,0,0,0,10,5,0,0,0,29,11,estimated from season exits versus eligible schedule | 29 eligible events not entered,Amateur,normal,,,false,false,false,false,0,0,0,,0,false,,amateur,amateur,,,true,true,
2048/49,wp-sebastian-tremblay,Sebastian Tremblay,52,THA,Veteran,Amateur,false,false,false,,0,0,,Amateur,,,,,,,,,,,,,75,81,73,74,66,81,47,22,48,0,0,0,,0,,,,,,,0,0,98,46,52,46.93877551020408,0,0,1421738,"{""matches"":98,""wins"":46,""losses"":52,""draws"":0,""winPercentage"":46.93877551020408,""eventsEntered"":0,""titles"":0,""finals"":0,""prizeMoney"":1421738,""points"":0}",,,,,,,,,,,,,,5,,false,false,false,,104,44,15,0,0,0,0,0,10,5,0,0,0,29,11,estimated from season exits versus eligible schedule | 29 eligible events not entered,Amateur,normal,,,false,false,false,false,0,0,0,,0,false,,senior,amateur,,,true,true,
2048/49,wp-sebastian-urban,Sebastian Urban,65,CAN,Veteran,Amateur,false,false,false,,0,0,,Amateur,,,,,,,,,,,,,72,72,68,68,56,77,55,41,18,0,0,0,,0,,,,,,,0,0,14,14,0,100,0,0,0,"{""matches"":14,""wins"":14,""losses"":0,""draws"":0,""winPercentage"":100,""eventsEntered"":0,""titles"":0,""finals"":0,""prizeMoney"":0,""points"":0}",,,,,,,,,,,,,,,,false,false,false,,104,44,15,0,0,0,0,0,10,5,0,0,0,29,11,estimated from season exits versus eligible schedule | 29 eligible events not entered,Amateur,normal,,,false,false,false,false,0,0,0,,0,false,,amateur,amateur,,,true,true,
2048/49,wp-tariq-easton,Tariq Easton,54,IRL,Veteran,Amateur,false,false,false,,0,0,,Amateur,,,,,,,,,,,,,72,72,70,69,62,82,66,23,18,0,0,0,,0,,,,,,,0,0,8,8,0,100,0,0,0,"{""matches"":8,""wins"":8,""losses"":0,""draws"":0,""winPercentage"":100,""eventsEntered"":0,""titles"":0,""finals"":0,""prizeMoney"":0,""points"":0}",,,,,,,,,,,,,,,,false,false,false,,104,44,15,0,0,0,0,0,10,5,0,0,0,29,11,estimated from season exits versus eligible schedule | 29 eligible events not entered,Amateur,normal,,,false,false,false,false,0,0,0,,0,false,,amateur,amateur,,,true,true,
2048/49,wp-tariq-forster,Tariq Forster,51,NED,Veteran,Amateur,false,false,false,,0,0,,Amateur,,,,,,,,,,,,,72,72,71,69,63,84,69,18,18,0,0,0,,0,,,,,,,0,0,10,10,0,100,0,0,0,"{""matches"":10,""wins"":10,""losses"":0,""draws"":0,""winPercentage"":100,""eventsEntered"":0,""titles"":0,""finals"":0,""prizeMoney"":0,""points"":0}",,,,,,,,,,,,,,,,false,false,false,,104,44,15,0,0,0,0,0,10,5,0,0,0,29,11,estimated from season exits versus eligible schedule | 29 eligible events not entered,Amateur,normal,,,false,false,false,false,0,0,0,,0,false,,amateur,amateur,,,true,true,
2048/49,wp-tariq-harrington,Tariq Harrington,50,BRA,Veteran,Amateur,false,false,false,,0,0,,Amateur,,,,,,,,,,,,,72,72,71,69,64,84,70,17,18,0,0,0,,0,,,,,,,0,0,12,12,0,100,0,0,0,"{""matches"":12,""wins"":12,""losses"":0,""draws"":0,""winPercentage"":100,""eventsEntered"":0,""titles"":0,""finals"":0,""prizeMoney"":0,""points"":0}",,,,,,,,,,,,,,,,false,false,false,,104,44,15,0,0,0,0,0,10,5,0,0,0,29,11,estimated from season exits versus eligible schedule | 29 eligible events not entered,Amateur,normal,,,false,false,false,false,0,0,0,,0,false,,amateur,amateur,,,true,true,
2048/49,wp-tariq-nakamura,Tariq Nakamura,66,PAK,Veteran,Amateur,false,false,false,,0,0,,Amateur,,,,,,,,,,,,,68,69,64,63,52,70,43,43,21,0,0,0,,0,,,,,,,0,0,25,18,7,72,0,0,93078,"{""matches"":25,""wins"":18,""losses"":7,""draws"":0,""winPercentage"":72,""eventsEntered"":0,""titles"":0,""finals"":0,""prizeMoney"":93078,""points"":0}",,,,,,,,,,,,,,112,,false,false,false,,104,44,15,0,0,0,0,0,10,5,0,0,0,29,11,estimated from season exits versus eligible schedule | 29 eligible events not entered,Amateur,normal,,,false,false,false,false,0,0,0,,0,false,,amateur,amateur,,,true,true,
2048/49,wp-tariq-patel,Tariq Patel,53,IRL,Veteran,Amateur,false,false,false,,0,0,,Amateur,,,,,,,,,,,,,73,78,71,71,63,79,48,23,41,0,0,0,,0,,,,,,,0,0,71,37,34,52.112676056338024,0,0,1020774,"{""matches"":71,""wins"":37,""losses"":34,""draws"":0,""winPercentage"":52.112676056338024,""eventsEntered"":0,""titles"":0,""finals"":0,""prizeMoney"":1020774,""points"":0}",,,,,,,,,,,,,,34,,false,false,false,,104,44,15,0,0,0,0,0,10,5,0,0,0,29,11,estimated from season exits versus eligible schedule | 29 eligible events not entered,Amateur,normal,,,false,false,false,false,0,0,0,,0,false,,senior,amateur,,,true,true,
2048/49,wp-tariq-tremblay,Tariq Tremblay,48,CHN,Veteran,Amateur,false,false,false,,0,0,,Amateur,,,,,,,,,,,,,66,66,65,63,59,77,60,15,20,0,0,0,,0,,,,,,,0,0,63,44,19,69.84126984126983,0,0,124876,"{""matches"":63,""wins"":44,""losses"":19,""draws"":0,""winPercentage"":69.84126984126983,""eventsEntered"":0,""titles"":0,""finals"":0,""prizeMoney"":124876,""points"":0}",,,,,,,,,,,,,,120,,false,false,false,,104,44,15,0,0,0,0,0,10,5,0,0,0,29,11,estimated from season exits versus eligible schedule | 29 eligible events not entered,Amateur,normal,,,false,false,false,false,0,0,0,,0,false,,amateur,amateur,,,true,true,
2048/49,wp-tariq-urban,Tariq Urban,44,BRA,Veteran,Amateur,false,false,false,,0,0,,Amateur,,,,,,,,,,,,,65,65,65,62,59,77,61,9,21,0,0,0,,0,,,,,,,0,0,120,75,45,62.5,0,0,204656,"{""matches"":120,""wins"":75,""losses"":45,""draws"":0,""winPercentage"":62.5,""eventsEntered"":0,""titles"":0,""finals"":0,""prizeMoney"":204656,""points"":0}",,,,,,,,,,,,,,120,,false,false,false,,104,44,15,0,0,0,0,0,10,5,0,0,0,29,11,estimated from season exits versus eligible schedule | 29 eligible events not entered,Amateur,normal,,,false,false,false,false,0,0,0,,0,false,,amateur,amateur,,,true,true,
2048/49,wp-tariq-verma,Tariq Verma,41,ITA,Veteran,Amateur,false,false,false,,0,0,,Amateur,,,,,,,,,,,,,64,64,65,61,60,77,62,4,20,0,0,0,,0,,,,,,,0,0,173,101,72,58.38150289017341,0,0,104929,"{""matches"":173,""wins"":101,""losses"":72,""draws"":0,""winPercentage"":58.38150289017341,""eventsEntered"":0,""titles"":0,""finals"":0,""prizeMoney"":104929,""points"":0}",,,,,,,,,,,,,,122,,false,false,false,,104,44,15,0,0,0,0,0,10,5,0,0,0,29,11,estimated from season exits versus eligible schedule | 29 eligible events not entered,Amateur,normal,,,false,false,false,false,0,0,0,,0,false,,amateur,amateur,,,true,true,
2048/49,wp-tariq-whitaker,Tariq Whitaker,65,NOR,Veteran,Amateur,false,false,false,,0,0,,Amateur,,,,,,,,,,,,,76,78,72,73,60,81,55,41,26,0,0,0,,0,,,,,,,0,0,12,12,0,100,0,0,278484,"{""matches"":12,""wins"":12,""losses"":0,""draws"":0,""winPercentage"":100,""eventsEntered"":0,""titles"":0,""finals"":0,""prizeMoney"":278484,""points"":0}",,,,,,,,,,,,,,93,,false,false,false,,104,44,15,0,0,0,0,0,10,5,0,0,0,29,11,estimated from season exits versus eligible schedule | 29 eligible events not entered,Amateur,normal,,,false,false,false,false,0,0,0,,0,false,,amateur,amateur,,,true,true,
2048/49,wp-tobias-ashford,Tobias Ashford,40,CHN,Veteran,Amateur,false,false,false,,0,0,,Amateur,,,,,,,,,,,,,65,66,66,63,59,75,66,26,23,8,5,3,62.5,0,,,,,,,0,204,192,111,81,57.8125,1,0,108977,"{""matches"":192,""wins"":111,""losses"":81,""draws"":0,""winPercentage"":57.8125,""eventsEntered"":0,""titles"":1,""finals"":0,""prizeMoney"":108977,""points"":0}",,,,,,,,,,,,,,115,,false,false,false,,104,44,15,0,0,0,0,0,10,5,0,0,0,29,11,estimated from season exits versus eligible schedule | 29 eligible events not entered,Amateur,normal,,,false,false,false,false,0,0,0,,0,false,,amateur,amateur,,,true,true,
2048/49,wp-tobias-barker,Tobias Barker,50,BRA,Veteran,Amateur,false,false,false,,0,0,,Amateur,,,,,,,,,,,,,72,72,71,69,64,84,70,17,18,0,0,0,,0,,,,,,,0,0,10,10,0,100,0,0,0,"{""matches"":10,""wins"":10,""losses"":0,""draws"":0,""winPercentage"":100,""eventsEntered"":0,""titles"":0,""finals"":0,""prizeMoney"":0,""points"":0}",,,,,,,,,,,,,,,,false,false,false,,104,44,15,0,0,0,0,0,10,5,0,0,0,29,11,estimated from season exits versus eligible schedule | 29 eligible events not entered,Amateur,normal,,,false,false,false,false,0,0,0,,0,false,,amateur,amateur,,,true,true,
2048/49,wp-tobias-drayton,Tobias Drayton,44,SCO,Veteran,Amateur,false,false,false,,0,0,,Amateur,,,,,,,,,,,,,65,66,65,62,59,77,60,9,21,0,0,0,,0,,,,,,,0,0,153,93,60,60.78431372549019,0,0,230672,"{""matches"":153,""wins"":93,""losses"":60,""draws"":0,""winPercentage"":60.78431372549019,""eventsEntered"":0,""titles"":0,""finals"":0,""prizeMoney"":230672,""points"":0}",,,,,,,,,,,,,,116,,false,false,false,,104,44,15,0,0,0,0,0,10,5,0,0,0,29,11,estimated from season exits versus eligible schedule | 29 eligible events not entered,Amateur,normal,,,false,false,false,false,0,0,0,,0,false,,amateur,amateur,,,true,true,
2048/49,wp-tobias-el-sayed,Tobias El-Sayed,47,FRA,Veteran,Amateur,false,false,false,,0,0,,Amateur,,,,,,,,,,,,,73,76,72,71,66,84,62,13,31,0,0,0,,0,,,,,,,0,0,28,20,8,71.42857142857143,0,0,433160,"{""matches"":28,""wins"":20,""losses"":8,""draws"":0,""winPercentage"":71.42857142857143,""eventsEntered"":0,""titles"":0,""finals"":0,""prizeMoney"":433160,""points"":0}",,,,,,,,,,,,,,68,,false,false,false,,104,44,15,0,0,0,0,0,10,5,0,0,0,29,11,estimated from season exits versus eligible schedule | 29 eligible events not entered,Amateur,normal,,,false,false,false,false,0,0,0,,0,false,,amateur,amateur,,,true,true,
2048/49,wp-tobias-kovacs,Tobias Kovacs,42,NED,Veteran,Amateur,false,false,false,,0,0,,Amateur,,,,,,,,,,,,,63,64,63,60,58,75,60,6,20,0,0,0,,0,,,,,,,0,0,112,62,50,55.35714285714286,0,0,88454,"{""matches"":112,""wins"":62,""losses"":50,""draws"":0,""winPercentage"":55.35714285714286,""eventsEntered"":0,""titles"":0,""finals"":0,""prizeMoney"":88454,""points"":0}",,,,,,,,,,,,,,117,,false,false,false,,104,44,15,0,0,0,0,0,10,5,0,0,0,29,11,estimated from season exits versus eligible schedule | 29 eligible events not entered,Amateur,normal,,,false,false,false,false,0,0,0,,0,false,,amateur,amateur,,,true,true,
2048/49,wp-tobias-novak,Tobias Novak,42,PAK,Veteran,Amateur,false,false,false,,0,0,,Amateur,,,,,,,,,,,,,64,65,64,61,59,76,61,6,22,0,0,0,,0,,,,,,,0,0,118,67,51,56.779661016949156,0,0,276097,"{""matches"":118,""wins"":67,""losses"":51,""draws"":0,""winPercentage"":56.779661016949156,""eventsEntered"":0,""titles"":0,""finals"":0,""prizeMoney"":276097,""points"":0}",,,,,,,,,,,,,,115,,false,false,false,,104,44,15,0,0,0,0,0,10,5,0,0,0,29,11,estimated from season exits versus eligible schedule | 29 eligible events not entered,Amateur,normal,,,false,false,false,false,0,0,0,,0,false,,amateur,amateur,,,true,true,
2048/49,wp-tobias-rahman,Tobias Rahman,64,BEL,Veteran,Amateur,false,false,false,,0,0,,Amateur,,,,,,,,,,,,,72,72,68,68,57,77,56,39,18,0,0,0,,0,,,,,,,0,0,14,14,0,100,0,0,0,"{""matches"":14,""wins"":14,""losses"":0,""draws"":0,""winPercentage"":100,""eventsEntered"":0,""titles"":0,""finals"":0,""prizeMoney"":0,""points"":0}",,,,,,,,,,,,,,,,false,false,false,,104,44,15,0,0,0,0,0,10,5,0,0,0,29,11,estimated from season exits versus eligible schedule | 29 eligible events not entered,Amateur,normal,,,false,false,false,false,0,0,0,,0,false,,amateur,amateur,,,true,true,
2048/49,wp-tobias-whitaker,Tobias Whitaker,54,IRL,Veteran,Amateur,false,false,false,,0,0,,Amateur,,,,,,,,,,,,,66,67,64,62,56,73,52,24,21,0,0,0,,0,,,,,,,0,0,25,16,9,64,0,0,128922,"{""matches"":25,""wins"":16,""losses"":9,""draws"":0,""winPercentage"":64,""eventsEntered"":0,""titles"":0,""finals"":0,""prizeMoney"":128922,""points"":0}",,,,,,,,,,,,,,113,,false,false,false,,104,44,15,0,0,0,0,0,10,5,0,0,0,29,11,estimated from season exits versus eligible schedule | 29 eligible events not entered,Amateur,normal,,,false,false,false,false,0,0,0,,0,false,,amateur,amateur,,,true,true,
2048/49,wp-tobias-yates,Tobias Yates,45,NED,Veteran,Amateur,false,false,false,,0,0,,Amateur,,,,,,,,,,,,,75,81,75,75,69,85,53,11,50,0,0,0,,0,,,,,,,0,0,134,60,74,44.776119402985074,0,0,1678828,"{""matches"":134,""wins"":60,""losses"":74,""draws"":0,""winPercentage"":44.776119402985074,""eventsEntered"":0,""titles"":0,""finals"":0,""prizeMoney"":1678828,""points"":0}",,,,,,,,,,,,,,2,,false,false,false,,104,44,15,0,0,0,0,0,10,5,0,0,0,29,11,estimated from season exits versus eligible schedule | 29 eligible events not entered,Amateur,normal,,,false,false,false,false,0,1,21969,,0,false,,senior,amateur,,,true,true,
2048/49,wp-toby-hale-a,Toby Hale A,35,SCO,Amateur,Q School,false,false,false,,0,0,,Amateur,,,,,,,15,19,19,,,,64,84,66,61,60,73,62,25,21,10,5,5,50,0,,,,,,,0,242,221,134,87,60.633484162895925,0,0,366532,"{""matches"":221,""wins"":134,""losses"":87,""draws"":0,""winPercentage"":60.633484162895925,""eventsEntered"":0,""titles"":0,""finals"":0,""prizeMoney"":366532,""points"":0}",,,,,,,,,,,,,,120,,false,false,false,,104,42,5,0,0,0,0,0,1,4,0,0,0,37,21,estimated from season exits versus eligible schedule | 37 eligible events not entered,Q School,too high,,,false,false,false,false,0,0,0,,0,false,,qSchool,qSchool,,,true,true,
2048/49,wp-toby-hale-b,Toby Hale B,32,ENG,Amateur,Amateur,false,false,false,,0,0,,Amateur,120,120,,120,,,44,,,,120,,65,82,67,62,64,76,58,10,22,5,2,3,40,0,,,,,,,40180,250,185,118,67,63.78378378378379,0,0,404399,"{""matches"":185,""wins"":118,""losses"":67,""draws"":0,""winPercentage"":63.78378378378379,""eventsEntered"":0,""titles"":0,""finals"":0,""prizeMoney"":404399,""points"":0}",,,,,,,,,,,,,,120,,false,false,false,,104,42,15,0,0,0,0,0,10,5,0,0,0,27,11,estimated from season exits versus eligible schedule | 27 eligible events not entered,Amateur,normal,,,false,false,false,false,2,5,98860,,0,false,,amateur,amateur,,,true,true,
2048/49,wp-toby-hale-f,Toby Hale F,29,ENG,Amateur,Q School,false,false,false,,0,0,,Amateur,124,124,,124,,,25,25,25,,124,,65,88,67,62,64,76,58,10,22,5,2,3,40,0,,,,,,,39023,243,138,82,56,59.42028985507246,0,0,392258,"{""matches"":138,""wins"":82,""losses"":56,""draws"":0,""winPercentage"":59.42028985507246,""eventsEntered"":0,""titles"":0,""finals"":0,""prizeMoney"":392258,""points"":0}",,,,,,,,,,,,,,119,,false,false,false,,104,42,4,0,0,0,0,0,0,4,0,0,0,38,22,estimated from season exits versus eligible schedule | 38 eligible events not entered,Q School,normal,,,false,false,false,false,2,5,97414,,0,false,failed Q School campaigns,amateur,qSchool,,,true,true,
2048/49,wp-toby-hale-g,Toby Hale G,29,ENG,Amateur,Amateur,false,false,false,,0,0,,Amateur,125,125,,125,,,41,,,,125,,66,71,68,63,65,77,60,10,25,5,2,3,40,0,,,,,,,38734,241,148,92,56,62.16216216216216,2,0,293400,"{""matches"":148,""wins"":92,""losses"":56,""draws"":0,""winPercentage"":62.16216216216216,""eventsEntered"":0,""titles"":2,""finals"":0,""prizeMoney"":293400,""points"":0}",,,,,,,,,,,,,,120,,false,false,false,,104,42,15,0,0,0,0,0,10,5,0,0,0,27,11,estimated from season exits versus eligible schedule | 27 eligible events not entered,Amateur,normal,,,false,false,false,false,2,5,96836,,0,false,,amateur,amateur,,,true,true,
2048/49,wp-toby-hale-h,Toby Hale H,26,ENG,Amateur,Q School,false,false,false,,0,0,,Amateur,126,126,,126,,,12,11,8,,126,,66,86,68,62,65,77,58,10,21,5,2,3,40,0,,,,,,,38445,239,114,72,42,63.1578947368421,0,0,289641,"{""matches"":114,""wins"":72,""losses"":42,""draws"":0,""winPercentage"":63.1578947368421,""eventsEntered"":0,""titles"":0,""finals"":0,""prizeMoney"":289641,""points"":0}",,,,,,,,,,,,,,121,,false,false,false,,104,42,4,0,0,0,0,0,0,4,0,0,0,38,22,estimated from season exits versus eligible schedule | 38 eligible events not entered,Q School,normal,,,false,false,false,false,2,5,96258,,0,false,failed Q School campaigns,qSchool,qSchool,,,true,true,
2048/49,wp-toby-hale-i,Toby Hale I,24,SCO,Amateur,Q School,false,false,false,,0,0,,Amateur,,,,,,,5,7,5,,,,65,83,67,62,63,75,66,25,20,10,6,4,60,0,,,,,,,0,289,92,58,34,63.04347826086957,0,0,193672,"{""matches"":92,""wins"":58,""losses"":34,""draws"":0,""winPercentage"":63.04347826086957,""eventsEntered"":0,""titles"":0,""finals"":0,""prizeMoney"":193672,""points"":0}",,,,,,,,,,,,,,122,,false,false,false,,104,42,4,0,0,0,0,0,0,4,0,0,0,38,22,estimated from season exits versus eligible schedule | 38 eligible events not entered,Q School,normal,,,false,false,false,false,0,3,57523,,0,false,,qSchool,qSchool,,,true,true,
2048/49,wp-toby-hale-p,Toby Hale P,16,BEL,Youth,Amateur,false,false,false,,0,0,,Amateur,,,,,,,,,,,,,66,89,68,63,65,79,71,15,18,7,5,2,71.42857142857143,0,,,,,,,0,121,14,9,5,64.28571428571429,0,0,0,"{""matches"":14,""wins"":9,""losses"":5,""draws"":0,""winPercentage"":64.28571428571429,""eventsEntered"":0,""titles"":0,""finals"":0,""prizeMoney"":0,""points"":0}",,,,,,,,,,,,,,,,false,false,false,,104,61,10,0,0,0,0,0,5,5,0,0,0,51,16,estimated from season exits versus eligible schedule | 51 eligible events not entered,Youth,normal,,,false,false,false,false,0,0,0,,0,false,,youth,youth,,,true,true,
2048/49,wp-toby-hale-q,Toby Hale Q,16,BEL,Youth,Amateur,false,false,false,,0,0,,Amateur,,,,,,,,,,,,,63,71,65,60,62,74,65,16,18,7,4,3,57.14285714285714,0,,,,,,,0,93,7,4,3,57.14285714285714,0,0,0,"{""matches"":7,""wins"":4,""losses"":3,""draws"":0,""winPercentage"":57.14285714285714,""eventsEntered"":0,""titles"":0,""finals"":0,""prizeMoney"":0,""points"":0}",,,,,,,,,,,,,,,,false,false,false,,104,61,10,0,0,0,0,0,5,5,0,0,0,51,16,estimated from season exits versus eligible schedule | 51 eligible events not entered,Youth,normal,,,false,false,false,false,0,0,0,,0,false,,youth,youth,,,true,true,
2048/49,wp-toby-hale-r,Toby Hale R,16,BEL,Youth,Amateur,false,false,false,,0,0,,Amateur,,,,,,,,,,,,,52,87,54,46,52,61,42,0,18,,,,,,,,,,,,,,0,0,0,0,0,0,0,"{""matches"":0,""wins"":0,""losses"":0,""draws"":0,""winPercentage"":0,""eventsEntered"":0,""titles"":0,""finals"":0,""prizeMoney"":0,""points"":0}",,,,,,,,,,,,,,,,,false,false,,104,61,10,0,0,0,0,0,5,5,0,0,0,51,16,estimated from season exits versus eligible schedule | 51 eligible events not entered,Youth,normal,,,false,false,false,false,0,0,0,,0,false,,youth,youth,,,true,true,
2048/49,wp-ulrich-easton,Ulrich Easton,56,NIR,Veteran,Amateur,false,false,false,,0,0,,Amateur,,,,,,,,,,,,,74,79,72,73,63,79,44,28,44,0,0,0,,0,,,,,,,0,0,69,34,35,49.275362318840585,0,0,1084402,"{""matches"":69,""wins"":34,""losses"":35,""draws"":0,""winPercentage"":49.275362318840585,""eventsEntered"":0,""titles"":0,""finals"":0,""prizeMoney"":1084402,""points"":0}",,,,,,,,,,,,,,19,,false,false,false,,104,44,15,0,0,0,0,0,10,5,0,0,0,29,11,estimated from season exits versus eligible schedule | 29 eligible events not entered,Amateur,normal,,,false,false,false,false,0,0,0,,0,false,,senior,amateur,,,true,true,
2048/49,wp-ulrich-iqbal,Ulrich Iqbal,51,ESP,Veteran,Amateur,false,false,false,,0,0,,Amateur,,,,,,,,,,,,,72,72,71,69,63,84,69,18,18,0,0,0,,0,,,,,,,0,0,12,12,0,100,0,0,0,"{""matches"":12,""wins"":12,""losses"":0,""draws"":0,""winPercentage"":100,""eventsEntered"":0,""titles"":0,""finals"":0,""prizeMoney"":0,""points"":0}",,,,,,,,,,,,,,,,false,false,false,,104,44,15,0,0,0,0,0,10,5,0,0,0,29,11,estimated from season exits versus eligible schedule | 29 eligible events not entered,Amateur,normal,,,false,false,false,false,0,0,0,,0,false,,amateur,amateur,,,true,true,
2048/49,wp-ulrich-kowalski,Ulrich Kowalski,37,SWE,Amateur,Amateur,false,false,false,,0,0,,Amateur,,,,,,,60,,,,,,69,72,70,67,64,77,58,28,32,10,4,6,40,0,,,,,,,0,177,210,120,90,57.14285714285714,0,0,774845,"{""matches"":210,""wins"":120,""losses"":90,""draws"":0,""winPercentage"":57.14285714285714,""eventsEntered"":0,""titles"":0,""finals"":0,""prizeMoney"":774845,""points"":0}",,,,,,,,,,,,,,74,,false,false,false,,104,42,15,0,0,0,0,0,10,5,0,0,0,27,11,estimated from season exits versus eligible schedule | 27 eligible events not entered,Amateur,normal,,,false,false,false,false,0,0,0,,0,false,,amateur,amateur,,,true,true,
2048/49,wp-ulrich-otero,Ulrich Otero,37,SWE,Amateur,Amateur,false,false,false,,0,0,,Amateur,,,,,,,62,,,,,,64,64,65,61,62,79,66,0,21,0,0,0,,0,,,,,,,0,0,230,139,91,60.43478260869565,0,0,321726,"{""matches"":230,""wins"":139,""losses"":91,""draws"":0,""winPercentage"":60.43478260869565,""eventsEntered"":0,""titles"":0,""finals"":0,""prizeMoney"":321726,""points"":0}",,,,,,,,,,,,,,120,,false,false,false,,104,42,15,0,0,0,0,0,10,5,0,0,0,27,11,estimated from season exits versus eligible schedule | 27 eligible events not entered,Amateur,normal,,,false,false,false,false,0,0,0,,0,false,,amateur,amateur,,,true,true,
2048/49,wp-ulrich-sinclair,Ulrich Sinclair,47,THA,Veteran,Amateur,false,false,false,,0,0,,Amateur,,,,,,,,,,,,,72,72,71,70,65,86,73,12,20,0,0,0,,0,,,,,,,0,0,12,12,0,100,0,0,151996,"{""matches"":12,""wins"":12,""losses"":0,""draws"":0,""winPercentage"":100,""eventsEntered"":0,""titles"":0,""finals"":0,""prizeMoney"":151996,""points"":0}",,,,,,,,,,,,,,124,,false,false,false,,104,44,15,0,0,0,0,0,10,5,0,0,0,29,11,estimated from season exits versus eligible schedule | 29 eligible events not entered,Amateur,normal,,,false,false,false,false,0,0,0,,0,false,,amateur,amateur,,,true,true,
2048/49,wp-ulrich-urban,Ulrich Urban,54,JPN,Veteran,Amateur,false,false,false,,0,0,,Amateur,,,,,,,,,,,,,64,65,62,60,54,70,49,25,21,0,0,0,,0,,,,,,,0,0,21,12,9,57.14285714285714,0,0,90188,"{""matches"":21,""wins"":12,""losses"":9,""draws"":0,""winPercentage"":57.14285714285714,""eventsEntered"":0,""titles"":0,""finals"":0,""prizeMoney"":90188,""points"":0}",,,,,,,,,,,,,,114,,false,false,false,,104,44,15,0,0,0,0,0,10,5,0,0,0,29,11,estimated from season exits versus eligible schedule | 29 eligible events not entered,Amateur,normal,,,false,false,false,false,0,0,0,,0,false,,amateur,amateur,,,true,true,
2048/49,wp-ulrich-verma,Ulrich Verma,45,ESP,Veteran,Amateur,false,false,false,,0,0,,Amateur,,,,,,,,,,,,,66,66,66,63,60,78,62,10,20,0,0,0,,0,,,,,,,0,0,60,41,19,68.33333333333333,0,0,121984,"{""matches"":60,""wins"":41,""losses"":19,""draws"":0,""winPercentage"":68.33333333333333,""eventsEntered"":0,""titles"":0,""finals"":0,""prizeMoney"":121984,""points"":0}",,,,,,,,,,,,,,123,,false,false,false,,104,44,15,0,0,0,0,0,10,5,0,0,0,29,11,estimated from season exits versus eligible schedule | 29 eligible events not entered,Amateur,normal,,,false,false,false,false,0,0,0,,0,false,,amateur,amateur,,,true,true,
2048/49,wp-ulrich-whitaker,Ulrich Whitaker,45,WAL,Veteran,Amateur,false,false,false,,0,0,,Amateur,,,,,,,,,,,,,72,72,72,70,66,87,75,9,18,0,0,0,,0,,,,,,,0,0,14,14,0,100,0,0,0,"{""matches"":14,""wins"":14,""losses"":0,""draws"":0,""winPercentage"":100,""eventsEntered"":0,""titles"":0,""finals"":0,""prizeMoney"":0,""points"":0}",,,,,,,,,,,,,,,,false,false,false,,104,44,15,0,0,0,0,0,10,5,0,0,0,29,11,estimated from season exits versus eligible schedule | 29 eligible events not entered,Amateur,normal,,,false,false,false,false,0,0,0,,0,false,,amateur,amateur,,,true,true,
2048/49,wp-ulrich-yates,Ulrich Yates,44,GER,Veteran,Amateur,false,false,false,,0,0,,Amateur,,,,,,,,,,,,,69,69,69,67,63,83,69,8,22,0,0,0,,0,,,,,,,0,0,23,18,5,78.26086956521739,2,0,0,"{""matches"":23,""wins"":18,""losses"":5,""draws"":0,""winPercentage"":78.26086956521739,""eventsEntered"":0,""titles"":2,""finals"":0,""prizeMoney"":0,""points"":0}",,,,,,,,,,,,,,,,false,false,false,,104,44,15,0,0,0,0,0,10,5,0,0,0,29,11,estimated from season exits versus eligible schedule | 29 eligible events not entered,Amateur,normal,,,false,false,false,false,0,0,0,,0,false,,amateur,amateur,,,true,true,
2048/49,wp-viktor-ashford,Viktor Ashford,45,CHN,Veteran,Amateur,false,false,false,,0,0,,Amateur,,,,,,,,,,,,,72,72,72,70,66,87,75,9,18,0,0,0,,0,,,,,,,0,0,10,10,0,100,0,0,0,"{""matches"":10,""wins"":10,""losses"":0,""draws"":0,""winPercentage"":100,""eventsEntered"":0,""titles"":0,""finals"":0,""prizeMoney"":0,""points"":0}",,,,,,,,,,,,,,,,false,false,false,,104,44,15,0,0,0,0,0,10,5,0,0,0,29,11,estimated from season exits versus eligible schedule | 29 eligible events not entered,Amateur,normal,,,false,false,false,false,0,0,0,,0,false,,amateur,amateur,,,true,true,
2048/49,wp-viktor-harrington,Viktor Harrington,54,CHN,Veteran,Amateur,false,false,false,,0,0,,Amateur,,,,,,,,,,,,,75,76,73,73,65,85,66,23,23,0,0,0,,0,,,,,,,0,0,12,12,0,100,0,0,223034,"{""matches"":12,""wins"":12,""losses"":0,""draws"":0,""winPercentage"":100,""eventsEntered"":0,""titles"":0,""finals"":0,""prizeMoney"":223034,""points"":0}",,,,,,,,,,,,,,105,,false,false,false,,104,44,15,0,0,0,0,0,10,5,0,0,0,29,11,estimated from season exits versus eligible schedule | 29 eligible events not entered,Amateur,normal,,,false,false,false,false,0,0,0,,0,false,,amateur,amateur,,,true,true,
2048/49,wp-viktor-janssen,Viktor Janssen,50,IRL,Veteran,Amateur,false,false,false,,0,0,,Amateur,,,,,,,,,,,,,72,72,71,69,64,84,70,17,18,0,0,0,,0,,,,,,,0,0,12,12,0,100,0,0,0,"{""matches"":12,""wins"":12,""losses"":0,""draws"":0,""winPercentage"":100,""eventsEntered"":0,""titles"":0,""finals"":0,""prizeMoney"":0,""points"":0}",,,,,,,,,,,,,,,,false,false,false,,104,44,15,0,0,0,0,0,10,5,0,0,0,29,11,estimated from season exits versus eligible schedule | 29 eligible events not entered,Amateur,normal,,,false,false,false,false,0,0,0,,0,false,,amateur,amateur,,,true,true,
2048/49,wp-viktor-petrov,Viktor Petrov,42,SCO,Veteran,Amateur,false,false,false,,0,0,,Amateur,,,,,,,,,,,,,66,67,66,63,61,79,64,5,22,0,0,0,,0,,,,,,,0,0,98,63,35,64.28571428571429,0,0,247438,"{""matches"":98,""wins"":63,""losses"":35,""draws"":0,""winPercentage"":64.28571428571429,""eventsEntered"":0,""titles"":0,""finals"":0,""prizeMoney"":247438,""points"":0}",,,,,,,,,,,,,,115,,false,false,false,,104,44,15,0,0,0,0,0,10,5,0,0,0,29,11,estimated from season exits versus eligible schedule | 29 eligible events not entered,Amateur,normal,,,false,false,false,false,0,0,0,,0,false,,amateur,amateur,,,true,true,
2048/49,wp-viktor-rahman,Viktor Rahman,54,BEL,Veteran,Amateur,false,false,false,,0,0,,Amateur,,,,,,,,,,,,,74,80,72,73,64,79,44,25,47,0,0,0,,0,,,,,,,0,0,83,37,46,44.57831325301205,0,0,1243017,"{""matches"":83,""wins"":37,""losses"":46,""draws"":0,""winPercentage"":44.57831325301205,""eventsEntered"":0,""titles"":0,""finals"":0,""prizeMoney"":1243017,""points"":0}",,,,,,,,,,,,,,6,,false,false,false,,104,44,15,0,0,0,0,0,10,5,0,0,0,29,11,estimated from season exits versus eligible schedule | 29 eligible events not entered,Amateur,normal,,,false,false,false,false,0,0,0,,0,false,,senior,amateur,,,true,true,
2048/49,wp-viktor-verma,Viktor Verma,39,FRA,Amateur,Amateur,false,false,false,,0,0,,Amateur,,,,,,,,,,,,,63,63,64,59,58,71,56,26,21,8,3,5,37.5,0,,,,,,,0,127,228,121,107,53.07017543859649,0,0,335890,"{""matches"":228,""wins"":121,""losses"":107,""draws"":0,""winPercentage"":53.07017543859649,""eventsEntered"":0,""titles"":0,""finals"":0,""prizeMoney"":335890,""points"":0}",,,,,,,,,,,,,,121,,false,false,false,,104,42,15,0,0,0,0,0,10,5,0,0,0,27,11,estimated from season exits versus eligible schedule | 27 eligible events not entered,Amateur,normal,,,false,false,false,false,0,0,0,,0,false,,amateur,amateur,,,true,true,
2048/49,wp-viktor-whitaker,Viktor Whitaker,51,IRL,Veteran,Amateur,false,false,false,,0,0,,Amateur,,,,,,,,,,,,,72,72,71,69,63,84,69,18,18,0,0,0,,0,,,,,,,0,0,12,12,0,100,0,0,0,"{""matches"":12,""wins"":12,""losses"":0,""draws"":0,""winPercentage"":100,""eventsEntered"":0,""titles"":0,""finals"":0,""prizeMoney"":0,""points"":0}",,,,,,,,,,,,,,,,false,false,false,,104,44,15,0,0,0,0,0,10,5,0,0,0,29,11,estimated from season exits versus eligible schedule | 29 eligible events not entered,Amateur,normal,,,false,false,false,false,0,0,0,,0,false,,amateur,amateur,,,true,true,
2048/49,wp-viktor-yates,Viktor Yates,50,NED,Veteran,Amateur,false,false,false,,0,0,,Amateur,,,,,,,,,,,,,72,72,71,69,64,84,70,17,18,0,0,0,,0,,,,,,,0,0,14,14,0,100,0,0,0,"{""matches"":14,""wins"":14,""losses"":0,""draws"":0,""winPercentage"":100,""eventsEntered"":0,""titles"":0,""finals"":0,""prizeMoney"":0,""points"":0}",,,,,,,,,,,,,,,,false,false,false,,104,44,15,0,0,0,0,0,10,5,0,0,0,29,11,estimated from season exits versus eligible schedule | 29 eligible events not entered,Amateur,normal,,,false,false,false,false,0,0,0,,0,false,,amateur,amateur,,,true,true,
2048/49,wp-viktor-yilmaz,Viktor Yilmaz,55,ITA,Veteran,Amateur,false,false,false,,0,0,,Amateur,,,,,,,,,,,,,70,74,68,68,59,75,46,26,36,0,0,0,,0,,,,,,,0,0,62,32,30,51.61290322580645,0,0,863852,"{""matches"":62,""wins"":32,""losses"":30,""draws"":0,""winPercentage"":51.61290322580645,""eventsEntered"":0,""titles"":0,""finals"":0,""prizeMoney"":863852,""points"":0}",,,,,,,,,,,,,,56,,false,false,false,,104,44,15,0,0,0,0,0,10,5,0,0,0,29,11,estimated from season exits versus eligible schedule | 29 eligible events not entered,Amateur,normal,,,false,false,false,false,0,0,0,,0,false,,senior,amateur,,,true,true,
2048/49,wp-vincent-ashford,Vincent Ashford,41,IND,Veteran,Amateur,false,false,false,,0,0,,Amateur,,,,,,,,,,,,,63,63,64,60,59,76,62,4,19,0,0,0,,0,,,,,,,0,0,167,97,70,58.08383233532935,0,0,100594,"{""matches"":167,""wins"":97,""losses"":70,""draws"":0,""winPercentage"":58.08383233532935,""eventsEntered"":0,""titles"":0,""finals"":0,""prizeMoney"":100594,""points"":0}",,,,,,,,,,,,,,126,,false,false,false,,104,44,15,0,0,0,0,0,10,5,0,0,0,29,11,estimated from season exits versus eligible schedule | 29 eligible events not entered,Amateur,normal,,,false,false,false,false,0,0,0,,0,false,,amateur,amateur,,,true,true,
2048/49,wp-vincent-barker,Vincent Barker,53,JPN,Veteran,Amateur,false,false,false,,0,0,,Amateur,,,,,,,,,,,,,72,72,70,69,62,83,67,22,18,0,0,0,,0,,,,,,,0,0,14,14,0,100,0,0,0,"{""matches"":14,""wins"":14,""losses"":0,""draws"":0,""winPercentage"":100,""eventsEntered"":0,""titles"":0,""finals"":0,""prizeMoney"":0,""points"":0}",,,,,,,,,,,,,,,,false,false,false,,104,44,15,0,0,0,0,0,10,5,0,0,0,29,11,estimated from season exits versus eligible schedule | 29 eligible events not entered,Amateur,normal,,,false,false,false,false,0,0,0,,0,false,,amateur,amateur,,,true,true,
2048/49,wp-vincent-caldwell,Vincent Caldwell,44,CAN,Veteran,Amateur,false,false,false,,0,0,,Amateur,,,,,,,,,,,,,75,76,75,74,70,90,76,7,24,0,0,0,,0,,,,,,,0,0,12,12,0,100,0,0,240092,"{""matches"":12,""wins"":12,""losses"":0,""draws"":0,""winPercentage"":100,""eventsEntered"":0,""titles"":0,""finals"":0,""prizeMoney"":240092,""points"":0}",,,,,,,,,,,,,,102,,false,false,false,,104,44,15,0,0,0,0,0,10,5,0,0,0,29,11,estimated from season exits versus eligible schedule | 29 eligible events not entered,Amateur,normal,,,false,false,false,false,0,0,0,,0,false,,amateur,amateur,,,true,true,
2048/49,wp-vincent-easton,Vincent Easton,50,GER,Veteran,Amateur,false,false,false,,0,0,,Amateur,,,,,,,,,,,,,72,72,71,69,64,84,70,17,18,0,0,0,,0,,,,,,,0,0,12,12,0,100,0,0,0,"{""matches"":12,""wins"":12,""losses"":0,""draws"":0,""winPercentage"":100,""eventsEntered"":0,""titles"":0,""finals"":0,""prizeMoney"":0,""points"":0}",,,,,,,,,,,,,,,,false,false,false,,104,44,15,0,0,0,0,0,10,5,0,0,0,29,11,estimated from season exits versus eligible schedule | 29 eligible events not entered,Amateur,normal,,,false,false,false,false,0,0,0,,0,false,,amateur,amateur,,,true,true,
2048/49,wp-vincent-langford,Vincent Langford,70,IND,Veteran,Senior Tour / Legend Circuit,false,false,false,,0,0,,Amateur,,,,,,,,,,18,,,66,66,61,61,47,64,43,64,20,5,4,1,80,1,,,,,,,0,237,146,103,43,70.54794520547945,1,0,0,"{""matches"":146,""wins"":103,""losses"":43,""draws"":0,""winPercentage"":70.54794520547945,""eventsEntered"":0,""titles"":1,""finals"":0,""prizeMoney"":0,""points"":0}",,,,,,,,,,,,,,,,false,false,false,,104,14,11,0,0,0,0,0,0,0,0,0,11,3,0,estimated from season exits versus eligible schedule | 3 eligible events not entered,Senior/Legend,normal,,,false,false,false,false,0,0,0,,1,false,,amateur,senior,,,true,true,
2048/49,wp-vincent-lombardi,Vincent Lombardi,51,POL,Veteran,Amateur,false,false,false,,0,0,,Amateur,,,,,,,,,,,,,77,83,76,77,68,84,50,20,53,0,0,0,,0,,,,,,,0,0,117,56,61,47.863247863247864,2,0,1452385,"{""matches"":117,""wins"":56,""losses"":61,""draws"":0,""winPercentage"":47.863247863247864,""eventsEntered"":0,""titles"":2,""finals"":0,""prizeMoney"":1452385,""points"":0}",,,,,,,,,,,,,,1,,false,false,false,,104,44,15,0,0,0,0,0,10,5,0,0,0,29,11,estimated from season exits versus eligible schedule | 29 eligible events not entered,Amateur,normal,,,false,false,false,false,0,0,0,,0,false,,senior,amateur,,,true,true,
2048/49,wp-vincent-rahman,Vincent Rahman,53,GER,Veteran,Amateur,false,false,false,,0,0,,Amateur,,,,,,,,,,,,,67,68,65,63,57,75,55,23,21,0,0,0,,0,,,,,,,0,0,24,17,7,70.83333333333334,0,0,105796,"{""matches"":24,""wins"":17,""losses"":7,""draws"":0,""winPercentage"":70.83333333333334,""eventsEntered"":0,""titles"":0,""finals"":0,""prizeMoney"":105796,""points"":0}",,,,,,,,,,,,,,116,,false,false,false,,104,44,15,0,0,0,0,0,10,5,0,0,0,29,11,estimated from season exits versus eligible schedule | 29 eligible events not entered,Amateur,normal,,,false,false,false,false,0,0,0,,0,false,,amateur,amateur,,,true,true,
2048/49,wp-vincent-sorensen,Vincent Sorensen,45,THA,Veteran,Amateur,false,false,false,,0,0,,Amateur,,,,,,,,,,,,,65,65,65,62,59,77,62,10,19,0,0,0,,0,,,,,,,0,0,58,39,19,67.24137931034483,0,0,82672,"{""matches"":58,""wins"":39,""losses"":19,""draws"":0,""winPercentage"":67.24137931034483,""eventsEntered"":0,""titles"":0,""finals"":0,""prizeMoney"":82672,""points"":0}",,,,,,,,,,,,,,124,,false,false,false,,104,44,15,0,0,0,0,0,10,5,0,0,0,29,11,estimated from season exits versus eligible schedule | 29 eligible events not entered,Amateur,normal,,,false,false,false,false,0,0,0,,0,false,,amateur,amateur,,,true,true,
2048/49,wp-vincent-tanaka,Vincent Tanaka,51,ENG,Veteran,Amateur,false,false,false,,0,0,,Amateur,,,,,,,,,,,,,71,75,70,69,62,78,48,20,40,0,0,0,,0,,,,,,,0,0,84,39,45,46.42857142857143,0,0,1001489,"{""matches"":84,""wins"":39,""losses"":45,""draws"":0,""winPercentage"":46.42857142857143,""eventsEntered"":0,""titles"":0,""finals"":0,""prizeMoney"":1001489,""points"":0}",,,,,,,,,,,,,,39,,false,false,false,,104,44,15,0,0,0,0,0,10,5,0,0,0,29,11,estimated from season exits versus eligible schedule | 29 eligible events not entered,Amateur,normal,,,false,false,false,false,0,0,0,,0,false,,senior,amateur,,,true,true,
2048/49,wp-vincent-yates,Vincent Yates,44,POL,Veteran,Amateur,false,false,false,,0,0,,Amateur,,,,,,,,,,,,,72,72,72,70,67,87,76,7,18,0,0,0,,0,,,,,,,0,0,12,12,0,100,0,0,0,"{""matches"":12,""wins"":12,""losses"":0,""draws"":0,""winPercentage"":100,""eventsEntered"":0,""titles"":0,""finals"":0,""prizeMoney"":0,""points"":0}",,,,,,,,,,,,,,,,false,false,false,,104,44,15,0,0,0,0,0,10,5,0,0,0,29,11,estimated from season exits versus eligible schedule | 29 eligible events not entered,Amateur,normal,,,false,false,false,false,0,0,0,,0,false,,amateur,amateur,,,true,true,
2048/49,wp-warren-ashford,Warren Ashford,70,PAK,Veteran,Senior Tour / Legend Circuit,false,false,false,,0,0,,Amateur,,,,,,,,,,19,,,65,65,60,59,46,61,37,68,18,6,4,2,66.66666666666666,0,,,,,,,0,152,138,94,44,68.11594202898551,0,0,0,"{""matches"":138,""wins"":94,""losses"":44,""draws"":0,""winPercentage"":68.11594202898551,""eventsEntered"":0,""titles"":0,""finals"":0,""prizeMoney"":0,""points"":0}",,,,,,,,,,,,,,,,false,false,false,,104,14,11,0,0,0,0,0,0,0,0,0,11,3,0,estimated from season exits versus eligible schedule | 3 eligible events not entered,Senior/Legend,normal,,,false,false,false,false,0,0,0,,0,false,,amateur,senior,,,true,true,
2048/49,wp-warren-barker,Warren Barker,45,NOR,Veteran,Amateur,false,false,false,,0,0,,Amateur,,,,,,,,,,,,,72,72,72,70,66,87,75,9,18,0,0,0,,0,,,,,,,0,0,12,12,0,100,0,0,0,"{""matches"":12,""wins"":12,""losses"":0,""draws"":0,""winPercentage"":100,""eventsEntered"":0,""titles"":0,""finals"":0,""prizeMoney"":0,""points"":0}",,,,,,,,,,,,,,,,false,false,false,,104,44,15,0,0,0,0,0,10,5,0,0,0,29,11,estimated from season exits versus eligible schedule | 29 eligible events not entered,Amateur,normal,,,false,false,false,false,0,0,0,,0,false,,amateur,amateur,,,true,true,
2048/49,wp-warren-caldwell,Warren Caldwell,44,FRA,Veteran,Amateur,false,false,false,,0,0,,Amateur,,,,,,,,,,,,,72,72,72,70,67,87,76,7,18,0,0,0,,0,,,,,,,0,0,8,8,0,100,0,0,0,"{""matches"":8,""wins"":8,""losses"":0,""draws"":0,""winPercentage"":100,""eventsEntered"":0,""titles"":0,""finals"":0,""prizeMoney"":0,""points"":0}",,,,,,,,,,,,,,,,false,false,false,,104,44,15,0,0,0,0,0,10,5,0,0,0,29,11,estimated from season exits versus eligible schedule | 29 eligible events not entered,Amateur,normal,,,false,false,false,false,0,0,0,,0,false,,amateur,amateur,,,true,true,
2048/49,wp-warren-drayton,Warren Drayton,47,IRL,Veteran,Amateur,false,false,false,,0,0,,Amateur,,,,,,,,,,,,,72,72,71,70,65,86,73,12,18,0,0,0,,0,,,,,,,0,0,10,10,0,100,0,0,0,"{""matches"":10,""wins"":10,""losses"":0,""draws"":0,""winPercentage"":100,""eventsEntered"":0,""titles"":0,""finals"":0,""prizeMoney"":0,""points"":0}",,,,,,,,,,,,,,,,false,false,false,,104,44,15,0,0,0,0,0,10,5,0,0,0,29,11,estimated from season exits versus eligible schedule | 29 eligible events not entered,Amateur,normal,,,false,false,false,false,0,0,0,,0,false,,amateur,amateur,,,true,true,
2048/49,wp-warren-forster,Warren Forster,47,CHN,Veteran,Amateur,false,false,false,,0,0,,Amateur,,,,,,,,,,,,,64,64,63,60,57,75,59,13,19,0,0,0,,0,,,,,,,0,0,89,57,32,64.04494382022472,0,0,95390,"{""matches"":89,""wins"":57,""losses"":32,""draws"":0,""winPercentage"":64.04494382022472,""eventsEntered"":0,""titles"":0,""finals"":0,""prizeMoney"":95390,""points"":0}",,,,,,,,,,,,,,127,,false,false,false,,104,44,15,0,0,0,0,0,10,5,0,0,0,29,11,estimated from season exits versus eligible schedule | 29 eligible events not entered,Amateur,normal,,,false,false,false,false,0,0,0,,0,false,,amateur,amateur,,,true,true,
2048/49,wp-warren-iqbal,Warren Iqbal,51,SCO,Veteran,Amateur,false,false,false,,0,0,,Amateur,,,,,,,,,,,,,73,79,72,72,64,80,46,20,44,0,0,0,,0,,,,,,,0,0,103,44,59,42.71844660194174,0,0,1192597,"{""matches"":103,""wins"":44,""losses"":59,""draws"":0,""winPercentage"":42.71844660194174,""eventsEntered"":0,""titles"":0,""finals"":0,""prizeMoney"":1192597,""points"":0}",,,,,,,,,,,,,,18,,false,false,false,,104,44,15,0,0,0,0,0,10,5,0,0,0,29,11,estimated from season exits versus eligible schedule | 29 eligible events not entered,Amateur,normal,,,false,false,false,false,0,0,0,,0,false,,senior,amateur,,,true,true,
2048/49,wp-warren-lombardi,Warren Lombardi,48,AUS,Veteran,Amateur,false,false,false,,0,0,,Amateur,,,,,,,,,,,,,67,68,66,64,60,78,60,15,24,0,0,0,,0,,,,,,,0,0,34,22,12,64.70588235294117,2,0,85562,"{""matches"":34,""wins"":22,""losses"":12,""draws"":0,""winPercentage"":64.70588235294117,""eventsEntered"":0,""titles"":2,""finals"":0,""prizeMoney"":85562,""points"":0}",,,,,,,,,,,,,,117,,false,false,false,,104,44,15,0,0,0,0,0,10,5,0,0,0,29,11,estimated from season exits versus eligible schedule | 29 eligible events not entered,Amateur,normal,,,false,false,false,false,0,0,0,,0,false,,amateur,amateur,,,true,true,
2048/49,wp-warren-otero,Warren Otero,51,BRA,Veteran,Amateur,false,false,false,,0,0,,Amateur,,,,,,,,,,,,,77,79,76,76,68,89,69,18,28,0,0,0,,0,,,,,,,0,0,12,12,0,100,0,0,365632,"{""matches"":12,""wins"":12,""losses"":0,""draws"":0,""winPercentage"":100,""eventsEntered"":0,""titles"":0,""finals"":0,""prizeMoney"":365632,""points"":0}",,,,,,,,,,,,,,84,,false,false,false,,104,44,15,0,0,0,0,0,10,5,0,0,0,29,11,estimated from season exits versus eligible schedule | 29 eligible events not entered,Amateur,normal,,,false,false,false,false,0,0,0,,0,false,,amateur,amateur,,,true,true,
2048/49,wp-warren-sorensen,Warren Sorensen,53,CHN,Veteran,Amateur,false,false,false,,0,0,,Amateur,,,,,,,,,,,,,67,68,65,63,57,75,55,23,20,0,0,0,,0,,,,,,,0,0,23,16,7,69.56521739130434,0,0,84984,"{""matches"":23,""wins"":16,""losses"":7,""draws"":0,""winPercentage"":69.56521739130434,""eventsEntered"":0,""titles"":0,""finals"":0,""prizeMoney"":84984,""points"":0}",,,,,,,,,,,,,,118,,false,false,false,,104,44,15,0,0,0,0,0,10,5,0,0,0,29,11,estimated from season exits versus eligible schedule | 29 eligible events not entered,Amateur,normal,,,false,false,false,false,0,0,0,,0,false,,amateur,amateur,,,true,true,
2048/49,wp-warren-tremblay,Warren Tremblay,65,BRA,Veteran,Amateur,false,false,false,,0,0,,Amateur,,,,,,,,,,,,,72,72,68,68,56,77,55,41,18,0,0,0,,0,,,,,,,0,0,14,14,0,100,0,0,0,"{""matches"":14,""wins"":14,""losses"":0,""draws"":0,""winPercentage"":100,""eventsEntered"":0,""titles"":0,""finals"":0,""prizeMoney"":0,""points"":0}",,,,,,,,,,,,,,,,false,false,false,,104,44,15,0,0,0,0,0,10,5,0,0,0,29,11,estimated from season exits versus eligible schedule | 29 eligible events not entered,Amateur,normal,,,false,false,false,false,0,0,0,,0,false,,amateur,amateur,,,true,true,
2048/49,wp-warren-westbrook,Warren Westbrook,42,NED,Veteran,Amateur,false,false,false,,0,0,,Amateur,,,,,,,,,,,,,63,63,63,60,58,75,61,6,20,0,0,0,,0,,,,,,,0,0,115,65,50,56.52173913043478,0,0,207990,"{""matches"":115,""wins"":65,""losses"":50,""draws"":0,""winPercentage"":56.52173913043478,""eventsEntered"":0,""titles"":0,""finals"":0,""prizeMoney"":207990,""points"":0}",,,,,,,,,,,,,,126,,false,false,false,,104,44,15,0,0,0,0,0,10,5,0,0,0,29,11,estimated from season exits versus eligible schedule | 29 eligible events not entered,Amateur,normal,,,false,false,false,false,0,0,0,,0,false,,amateur,amateur,,,true,true,
2048/49,wp-warren-yates,Warren Yates,40,AUS,Veteran,Amateur,false,false,false,,0,0,,Amateur,128,128,,128,,,,,,,128,,62,62,63,58,57,70,53,21,20,6,2,4,33.33333333333333,0,,,,,,,37867,235,205,108,97,52.6829268292683,0,0,213906,"{""matches"":205,""wins"":108,""losses"":97,""draws"":0,""winPercentage"":52.6829268292683,""eventsEntered"":0,""titles"":0,""finals"":0,""prizeMoney"":213906,""points"":0}",,,,,,,,,,,,,,122,,false,false,false,,104,44,15,0,0,0,0,0,10,5,0,0,0,29,11,estimated from season exits versus eligible schedule | 29 eligible events not entered,Amateur,normal,,,false,false,false,false,2,5,94234,,0,false,,amateur,amateur,,,true,true,
2048/49,wp-wesley-ashford,Wesley Ashford,47,IND,Veteran,Amateur,false,false,false,,0,0,,Amateur,,,,,,,,,,,,,72,72,71,70,65,86,73,12,18,0,0,0,,0,,,,,,,0,0,14,14,0,100,0,0,0,"{""matches"":14,""wins"":14,""losses"":0,""draws"":0,""winPercentage"":100,""eventsEntered"":0,""titles"":0,""finals"":0,""prizeMoney"":0,""points"":0}",,,,,,,,,,,,,,,,false,false,false,,104,44,15,0,0,0,0,0,10,5,0,0,0,29,11,estimated from season exits versus eligible schedule | 29 eligible events not entered,Amateur,normal,,,false,false,false,false,0,0,0,,0,false,,amateur,amateur,,,true,true,
2048/49,wp-wesley-barker,Wesley Barker,43,JPN,Veteran,Amateur,false,false,false,,0,0,,Amateur,,,,,,,,,,,,,63,63,63,59,58,75,60,7,19,0,0,0,,0,,,,,,,0,0,106,61,45,57.54716981132076,0,0,94523,"{""matches"":106,""wins"":61,""losses"":45,""draws"":0,""winPercentage"":57.54716981132076,""eventsEntered"":0,""titles"":0,""finals"":0,""prizeMoney"":94523,""points"":0}",,,,,,,,,,,,,,127,,false,false,false,,104,44,15,0,0,0,0,0,10,5,0,0,0,29,11,estimated from season exits versus eligible schedule | 29 eligible events not entered,Amateur,normal,,,false,false,false,false,0,0,0,,0,false,,amateur,amateur,,,true,true,
2048/49,wp-wesley-drayton,Wesley Drayton,47,WAL,Veteran,Amateur,false,false,false,,0,0,,Amateur,,,,,,,,,,,,,65,65,64,61,58,76,60,13,18,0,0,0,,0,,,,,,,0,0,25,17,8,68,0,0,0,"{""matches"":25,""wins"":17,""losses"":8,""draws"":0,""winPercentage"":68,""eventsEntered"":0,""titles"":0,""finals"":0,""prizeMoney"":0,""points"":0}",,,,,,,,,,,,,,,,false,false,false,,104,44,15,0,0,0,0,0,10,5,0,0,0,29,11,estimated from season exits versus eligible schedule | 29 eligible events not entered,Amateur,normal,,,false,false,false,false,0,0,0,,0,false,,amateur,amateur,,,true,true,
2048/49,wp-wesley-kovacs,Wesley Kovacs,47,POL,Veteran,Amateur,false,false,false,,0,0,,Amateur,,,,,,,,,,,,,72,72,71,70,65,86,73,12,18,0,0,0,,0,,,,,,,0,0,12,12,0,100,0,0,0,"{""matches"":12,""wins"":12,""losses"":0,""draws"":0,""winPercentage"":100,""eventsEntered"":0,""titles"":0,""finals"":0,""prizeMoney"":0,""points"":0}",,,,,,,,,,,,,,,,false,false,false,,104,44,15,0,0,0,0,0,10,5,0,0,0,29,11,estimated from season exits versus eligible schedule | 29 eligible events not entered,Amateur,normal,,,false,false,false,false,0,0,0,,0,false,,amateur,amateur,,,true,true,
2048/49,wp-wesley-novak,Wesley Novak,53,ESP,Veteran,Amateur,false,false,false,,0,0,,Amateur,,,,,,,,,,,,,72,77,70,70,62,78,45,23,43,0,0,0,,0,,,,,,,0,0,90,40,50,44.44444444444444,0,0,1130304,"{""matches"":90,""wins"":40,""losses"":50,""draws"":0,""winPercentage"":44.44444444444444,""eventsEntered"":0,""titles"":0,""finals"":0,""prizeMoney"":1130304,""points"":0}",,,,,,,,,,,,,,24,,false,false,false,,104,44,15,0,0,0,0,0,10,5,0,0,0,29,11,estimated from season exits versus eligible schedule | 29 eligible events not entered,Amateur,normal,,,false,false,false,false,0,0,0,,0,false,,senior,amateur,,,true,true,
2048/49,wp-wesley-petrov,Wesley Petrov,50,WAL,Veteran,Amateur,false,false,false,,0,0,,Amateur,,,,,,,,,,,,,65,65,64,61,57,74,55,18,20,0,0,0,,0,,,,,,,0,0,31,19,12,61.29032258064516,0,0,102328,"{""matches"":31,""wins"":19,""losses"":12,""draws"":0,""winPercentage"":61.29032258064516,""eventsEntered"":0,""titles"":0,""finals"":0,""prizeMoney"":102328,""points"":0}",,,,,,,,,,,,,,119,,false,false,false,,104,44,15,0,0,0,0,0,10,5,0,0,0,29,11,estimated from season exits versus eligible schedule | 29 eligible events not entered,Amateur,normal,,,false,false,false,false,0,0,0,,0,false,,amateur,amateur,,,true,true,
2048/49,wp-wesley-rahman,Wesley Rahman,68,GER,Veteran,Amateur,false,false,false,,0,0,,Amateur,,,,,,,,,,,,,72,72,67,67,55,75,52,45,18,0,0,0,,0,,,,,,,0,0,14,14,0,100,0,0,0,"{""matches"":14,""wins"":14,""losses"":0,""draws"":0,""winPercentage"":100,""eventsEntered"":0,""titles"":0,""finals"":0,""prizeMoney"":0,""points"":0}",,,,,,,,,,,,,,,,false,false,false,,104,44,15,0,0,0,0,0,10,5,0,0,0,29,11,estimated from season exits versus eligible schedule | 29 eligible events not entered,Amateur,normal,,,false,false,false,false,0,0,0,,0,false,,amateur,amateur,,,true,true,
2048/49,wp-wesley-urban,Wesley Urban,54,IND,Veteran,Amateur,false,false,false,,0,0,,Amateur,,,,,,,,,,,,,77,79,75,75,67,87,66,23,27,0,0,0,,0,,,,,,,0,0,12,12,0,100,0,0,314296,"{""matches"":12,""wins"":12,""losses"":0,""draws"":0,""winPercentage"":100,""eventsEntered"":0,""titles"":0,""finals"":0,""prizeMoney"":314296,""points"":0}",,,,,,,,,,,,,,88,,false,false,false,,104,44,15,0,0,0,0,0,10,5,0,0,0,29,11,estimated from season exits versus eligible schedule | 29 eligible events not entered,Amateur,normal,,,false,false,false,false,0,0,0,,0,false,,amateur,amateur,,,true,true,
2048/49,wp-wesley-whitaker,Wesley Whitaker,51,NIR,Veteran,Amateur,false,false,false,,0,0,,Amateur,,,,,,,,,,,,,65,65,64,61,56,73,54,20,20,0,0,0,,0,,,,,,,0,0,21,13,8,61.904761904761905,0,0,101750,"{""matches"":21,""wins"":13,""losses"":8,""draws"":0,""winPercentage"":61.904761904761905,""eventsEntered"":0,""titles"":0,""finals"":0,""prizeMoney"":101750,""points"":0}",,,,,,,,,,,,,,120,,false,false,false,,104,44,15,0,0,0,0,0,10,5,0,0,0,29,11,estimated from season exits versus eligible schedule | 29 eligible events not entered,Amateur,normal,,,false,false,false,false,0,0,0,,0,false,,amateur,amateur,,,true,true,
2048/49,wp-wesley-yates,Wesley Yates,40,POL,Veteran,Amateur,false,false,false,,0,0,,Amateur,,,,,,,,,,,,,63,63,64,59,55,67,60,51,19,16,8,8,50,0,,,,,,,0,365,199,108,91,54.2713567839196,0,0,100016,"{""matches"":199,""wins"":108,""losses"":91,""draws"":0,""winPercentage"":54.2713567839196,""eventsEntered"":0,""titles"":0,""finals"":0,""prizeMoney"":100016,""points"":0}",,,,,,,,,,,,,,123,,false,false,false,,104,44,15,0,0,0,0,0,10,5,0,0,0,29,11,estimated from season exits versus eligible schedule | 29 eligible events not entered,Amateur,normal,,,false,false,false,false,0,0,0,,0,false,,amateur,amateur,,,true,true,
2048/49,wp-xander-ashford,Xander Ashford,69,PAK,Veteran,Senior Tour / Legend Circuit,false,false,false,,0,0,,Amateur,,,,,,,,,,22,,,65,65,60,59,46,61,35,63,18,5,3,2,60,0,,,,,,,0,122,143,99,44,69.23076923076923,0,0,0,"{""matches"":143,""wins"":99,""losses"":44,""draws"":0,""winPercentage"":69.23076923076923,""eventsEntered"":0,""titles"":0,""finals"":0,""prizeMoney"":0,""points"":0}",,,,,,,,,,,,,,,,false,false,false,,104,14,11,0,0,0,0,0,0,0,0,0,11,3,0,estimated from season exits versus eligible schedule | 3 eligible events not entered,Senior/Legend,normal,,,false,false,false,false,0,0,0,,0,false,,amateur,senior,,,true,true,
2048/49,wp-xander-barker,Xander Barker,44,NOR,Veteran,Amateur,false,false,false,,0,0,,Amateur,,,,,,,,,,,,,72,72,72,70,67,87,76,7,18,0,0,0,,0,,,,,,,0,0,14,14,0,100,0,0,0,"{""matches"":14,""wins"":14,""losses"":0,""draws"":0,""winPercentage"":100,""eventsEntered"":0,""titles"":0,""finals"":0,""prizeMoney"":0,""points"":0}",,,,,,,,,,,,,,,,false,false,false,,104,44,15,0,0,0,0,0,10,5,0,0,0,29,11,estimated from season exits versus eligible schedule | 29 eligible events not entered,Amateur,normal,,,false,false,false,false,0,0,0,,0,false,,amateur,amateur,,,true,true,
2048/49,wp-xander-caldwell,Xander Caldwell,54,FRA,Veteran,Amateur,false,false,false,,0,0,,Amateur,,,,,,,,,,,,,72,77,70,70,62,77,44,25,42,0,0,0,,0,,,,,,,0,0,80,36,44,45,0,0,1099672,"{""matches"":80,""wins"":36,""losses"":44,""draws"":0,""winPercentage"":45,""eventsEntered"":0,""titles"":0,""finals"":0,""prizeMoney"":1099672,""points"":0}",,,,,,,,,,,,,,29,,false,false,false,,104,44,15,0,0,0,0,0,10,5,0,0,0,29,11,estimated from season exits versus eligible schedule | 29 eligible events not entered,Amateur,normal,,,false,false,false,false,0,0,0,,0,false,,senior,amateur,,,true,true,
2048/49,wp-xander-easton,Xander Easton,47,NED,Veteran,Amateur,false,false,false,,0,0,,Amateur,,,,,,,,,,,,,72,72,71,70,65,86,73,12,18,0,0,0,,0,,,,,,,0,0,12,12,0,100,0,0,0,"{""matches"":12,""wins"":12,""losses"":0,""draws"":0,""winPercentage"":100,""eventsEntered"":0,""titles"":0,""finals"":0,""prizeMoney"":0,""points"":0}",,,,,,,,,,,,,,,,false,false,false,,104,44,15,0,0,0,0,0,10,5,0,0,0,29,11,estimated from season exits versus eligible schedule | 29 eligible events not entered,Amateur,normal,,,false,false,false,false,0,0,0,,0,false,,amateur,amateur,,,true,true,
2048/49,wp-xander-hayashi,Xander Hayashi,44,PAK,Veteran,Amateur,false,false,false,,0,0,,Amateur,,,,,,,,,,,,,71,74,71,69,65,83,62,9,30,0,0,0,,0,,,,,,,0,0,69,45,24,65.21739130434783,0,0,451080,"{""matches"":69,""wins"":45,""losses"":24,""draws"":0,""winPercentage"":65.21739130434783,""eventsEntered"":0,""titles"":0,""finals"":0,""prizeMoney"":451080,""points"":0}",,,,,,,,,,,,,,76,,false,false,false,,104,44,15,0,0,0,0,0,10,5,0,0,0,29,11,estimated from season exits versus eligible schedule | 29 eligible events not entered,Amateur,normal,,,false,false,false,false,0,0,0,,0,false,,amateur,amateur,,,true,true,
2048/49,wp-xander-langford,Xander Langford,50,PAK,Veteran,Amateur,false,false,false,,0,0,,Amateur,,,,,,,,,,,,,72,72,71,69,64,84,70,17,18,0,0,0,,0,,,,,,,0,0,12,12,0,100,0,0,0,"{""matches"":12,""wins"":12,""losses"":0,""draws"":0,""winPercentage"":100,""eventsEntered"":0,""titles"":0,""finals"":0,""prizeMoney"":0,""points"":0}",,,,,,,,,,,,,,,,false,false,false,,104,44,15,0,0,0,0,0,10,5,0,0,0,29,11,estimated from season exits versus eligible schedule | 29 eligible events not entered,Amateur,normal,,,false,false,false,false,0,0,0,,0,false,,amateur,amateur,,,true,true,
2048/49,wp-xander-quinnell,Xander Quinnell,64,BEL,Veteran,Amateur,false,false,false,,0,0,,Amateur,,,,,,,,,,,,,73,74,69,69,58,78,56,39,21,0,0,0,,0,,,,,,,0,0,12,12,0,100,0,0,153722,"{""matches"":12,""wins"":12,""losses"":0,""draws"":0,""winPercentage"":100,""eventsEntered"":0,""titles"":0,""finals"":0,""prizeMoney"":153722,""points"":0}",,,,,,,,,,,,,,116,,false,false,false,,104,44,15,0,0,0,0,0,10,5,0,0,0,29,11,estimated from season exits versus eligible schedule | 29 eligible events not entered,Amateur,normal,,,false,false,false,false,0,0,0,,0,false,,amateur,amateur,,,true,true,
2048/49,wp-xander-rahman,Xander Rahman,44,NED,Veteran,Amateur,false,false,false,,0,0,,Amateur,,,,,,,,,,,,,64,64,64,61,58,76,60,9,20,0,0,0,,0,,,,,,,0,0,117,70,47,59.82905982905983,0,0,196273,"{""matches"":117,""wins"":70,""losses"":47,""draws"":0,""winPercentage"":59.82905982905983,""eventsEntered"":0,""titles"":0,""finals"":0,""prizeMoney"":196273,""points"":0}",,,,,,,,,,,,,,121,,false,false,false,,104,44,15,0,0,0,0,0,10,5,0,0,0,29,11,estimated from season exits versus eligible schedule | 29 eligible events not entered,Amateur,normal,,,false,false,false,false,0,0,0,,0,false,,amateur,amateur,,,true,true,
2048/49,wp-xander-sorensen,Xander Sorensen,48,CHN,Veteran,Amateur,false,false,false,,0,0,,Amateur,,,,,,,,,,,,,65,65,64,61,58,75,58,15,19,0,0,0,,0,,,,,,,0,0,58,38,20,65.51724137931035,0,0,79782,"{""matches"":58,""wins"":38,""losses"":20,""draws"":0,""winPercentage"":65.51724137931035,""eventsEntered"":0,""titles"":0,""finals"":0,""prizeMoney"":79782,""points"":0}",,,,,,,,,,,,,,125,,false,false,false,,104,44,15,0,0,0,0,0,10,5,0,0,0,29,11,estimated from season exits versus eligible schedule | 29 eligible events not entered,Amateur,normal,,,false,false,false,false,0,0,0,,0,false,,amateur,amateur,,,true,true,
2048/49,wp-xander-yates,Xander Yates,43,AUS,Veteran,Amateur,false,false,false,,0,0,,Amateur,,,,,,,,,,,,,62,62,62,58,57,74,58,7,18,0,0,0,,0,,,,,,,0,0,34,18,16,52.94117647058824,0,0,0,"{""matches"":34,""wins"":18,""losses"":16,""draws"":0,""winPercentage"":52.94117647058824,""eventsEntered"":0,""titles"":0,""finals"":0,""prizeMoney"":0,""points"":0}",,,,,,,,,,,,,,,,false,false,false,,104,44,15,0,0,0,0,0,10,5,0,0,0,29,11,estimated from season exits versus eligible schedule | 29 eligible events not entered,Amateur,normal,,,false,false,false,false,0,0,0,,0,false,,amateur,amateur,,,true,true,
2048/49,wp-yannick-ashford,Yannick Ashford,45,CAN,Veteran,Amateur,false,false,false,,0,0,,Amateur,,,,,,,,,,,,,72,72,72,70,66,87,75,9,18,0,0,0,,0,,,,,,,0,0,8,8,0,100,0,0,0,"{""matches"":8,""wins"":8,""losses"":0,""draws"":0,""winPercentage"":100,""eventsEntered"":0,""titles"":0,""finals"":0,""prizeMoney"":0,""points"":0}",,,,,,,,,,,,,,,,false,false,false,,104,44,15,0,0,0,0,0,10,5,0,0,0,29,11,estimated from season exits versus eligible schedule | 29 eligible events not entered,Amateur,normal,,,false,false,false,false,0,0,0,,0,false,,amateur,amateur,,,true,true,
2048/49,wp-yannick-barker,Yannick Barker,47,SWE,Veteran,Amateur,false,false,false,,0,0,,Amateur,,,,,,,,,,,,,72,72,71,70,65,86,73,12,18,0,0,0,,0,,,,,,,0,0,12,12,0,100,0,0,0,"{""matches"":12,""wins"":12,""losses"":0,""draws"":0,""winPercentage"":100,""eventsEntered"":0,""titles"":0,""finals"":0,""prizeMoney"":0,""points"":0}",,,,,,,,,,,,,,,,false,false,false,,104,44,15,0,0,0,0,0,10,5,0,0,0,29,11,estimated from season exits versus eligible schedule | 29 eligible events not entered,Amateur,normal,,,false,false,false,false,0,0,0,,0,false,,amateur,amateur,,,true,true,
2048/49,wp-yannick-caldwell,Yannick Caldwell,40,ENG,Veteran,Amateur,false,false,false,,0,0,,Amateur,,,,,,,,,,,,,62,62,63,58,58,75,61,3,19,0,0,0,,0,,,,,,,0,0,168,90,78,53.57142857142857,0,0,80360,"{""matches"":168,""wins"":90,""losses"":78,""draws"":0,""winPercentage"":53.57142857142857,""eventsEntered"":0,""titles"":0,""finals"":0,""prizeMoney"":80360,""points"":0}",,,,,,,,,,,,,,124,,false,false,false,,104,44,15,0,0,0,0,0,10,5,0,0,0,29,11,estimated from season exits versus eligible schedule | 29 eligible events not entered,Amateur,normal,,,false,false,false,false,0,0,0,,0,false,,amateur,amateur,,,true,true,
2048/49,wp-yannick-drayton,Yannick Drayton,49,NIR,Veteran,Amateur,false,false,false,,0,0,,Amateur,,,,,,,,,,,,,72,72,71,69,64,85,71,15,18,0,0,0,,0,,,,,,,0,0,10,10,0,100,0,0,0,"{""matches"":10,""wins"":10,""losses"":0,""draws"":0,""winPercentage"":100,""eventsEntered"":0,""titles"":0,""finals"":0,""prizeMoney"":0,""points"":0}",,,,,,,,,,,,,,,,false,false,false,,104,44,15,0,0,0,0,0,10,5,0,0,0,29,11,estimated from season exits versus eligible schedule | 29 eligible events not entered,Amateur,normal,,,false,false,false,false,0,0,0,,0,false,,amateur,amateur,,,true,true,
2048/49,wp-yannick-forster,Yannick Forster,47,GER,Veteran,Amateur,false,false,false,,0,0,,Amateur,,,,,,,,,,,,,67,68,66,64,60,77,58,13,25,0,0,0,,0,,,,,,,0,0,86,53,33,61.627906976744185,0,0,326582,"{""matches"":86,""wins"":53,""losses"":33,""draws"":0,""winPercentage"":61.627906976744185,""eventsEntered"":0,""titles"":0,""finals"":0,""prizeMoney"":326582,""points"":0}",,,,,,,,,,,,,,99,,false,false,false,,104,44,15,0,0,0,0,0,10,5,0,0,0,29,11,estimated from season exits versus eligible schedule | 29 eligible events not entered,Amateur,normal,,,false,false,false,false,0,0,0,,0,false,,amateur,amateur,,,true,true,
2048/49,wp-yannick-lombardi,Yannick Lombardi,50,THA,Veteran,Amateur,false,false,false,,0,0,,Amateur,,,,,,,,,,,,,68,68,67,65,60,78,61,18,24,0,0,0,,0,,,,,,,0,0,39,28,11,71.7948717948718,2,0,81516,"{""matches"":39,""wins"":28,""losses"":11,""draws"":0,""winPercentage"":71.7948717948718,""eventsEntered"":0,""titles"":2,""finals"":0,""prizeMoney"":81516,""points"":0}",,,,,,,,,,,,,,122,,false,false,false,,104,44,15,0,0,0,0,0,10,5,0,0,0,29,11,estimated from season exits versus eligible schedule | 29 eligible events not entered,Amateur,normal,,,false,false,false,false,0,0,0,,0,false,,amateur,amateur,,,true,true,
2048/49,wp-yannick-otero,Yannick Otero,54,ENG,Veteran,Amateur,false,false,false,,0,0,,Amateur,,,,,,,,,,,,,75,81,73,74,65,80,44,25,47,0,0,0,,0,,,,,,,0,0,90,40,50,44.44444444444444,0,0,1227813,"{""matches"":90,""wins"":40,""losses"":50,""draws"":0,""winPercentage"":44.44444444444444,""eventsEntered"":0,""titles"":0,""finals"":0,""prizeMoney"":1227813,""points"":0}",,,,,,,,,,,,,,4,,false,false,false,,104,44,15,0,0,0,0,0,10,5,0,0,0,29,11,estimated from season exits versus eligible schedule | 29 eligible events not entered,Amateur,normal,,,false,false,false,false,0,0,0,,0,false,,senior,amateur,,,true,true,
2048/49,wp-yannick-sorensen,Yannick Sorensen,47,IND,Veteran,Amateur,false,false,false,,0,0,,Amateur,,,,,,,,,,,,,65,65,64,61,58,76,59,13,19,0,0,0,,0,,,,,,,0,0,29,19,10,65.51724137931035,0,0,98860,"{""matches"":29,""wins"":19,""losses"":10,""draws"":0,""winPercentage"":65.51724137931035,""eventsEntered"":0,""titles"":0,""finals"":0,""prizeMoney"":98860,""points"":0}",,,,,,,,,,,,,,123,,false,false,false,,104,44,15,0,0,0,0,0,10,5,0,0,0,29,11,estimated from season exits versus eligible schedule | 29 eligible events not entered,Amateur,normal,,,false,false,false,false,0,0,0,,0,false,,amateur,amateur,,,true,true,
2048/49,wp-yannick-tremblay,Yannick Tremblay,50,JPN,Veteran,Amateur,false,false,false,,0,0,,Amateur,,,,,,,,,,,,,72,72,71,69,64,84,70,17,18,0,0,0,,0,,,,,,,0,0,14,14,0,100,0,0,0,"{""matches"":14,""wins"":14,""losses"":0,""draws"":0,""winPercentage"":100,""eventsEntered"":0,""titles"":0,""finals"":0,""prizeMoney"":0,""points"":0}",,,,,,,,,,,,,,,,false,false,false,,104,44,15,0,0,0,0,0,10,5,0,0,0,29,11,estimated from season exits versus eligible schedule | 29 eligible events not entered,Amateur,normal,,,false,false,false,false,0,0,0,,0,false,,amateur,amateur,,,true,true,
2048/49,wp-yannick-westbrook,Yannick Westbrook,50,CAN,Veteran,Amateur,false,false,false,,0,0,,Amateur,,,,,,,,,,,,,71,76,70,69,62,78,48,19,41,0,0,0,,0,,,,,,,0,0,90,40,50,44.44444444444444,0,0,1049428,"{""matches"":90,""wins"":40,""losses"":50,""draws"":0,""winPercentage"":44.44444444444444,""eventsEntered"":0,""titles"":0,""finals"":0,""prizeMoney"":1049428,""points"":0}",,,,,,,,,,,,,,33,,false,false,false,,104,44,15,0,0,0,0,0,10,5,0,0,0,29,11,estimated from season exits versus eligible schedule | 29 eligible events not entered,Amateur,normal,,,false,false,false,false,0,0,0,,0,false,,senior,amateur,,,true,true,
2048/49,wp-yusuf-barker,Yusuf Barker,40,SWE,Veteran,Amateur,false,false,false,,0,0,,Amateur,,,,,,,,,,,,,63,63,64,60,59,77,63,2,20,0,0,0,,0,,,,,,,0,0,205,117,88,57.073170731707314,0,0,173438,"{""matches"":205,""wins"":117,""losses"":88,""draws"":0,""winPercentage"":57.073170731707314,""eventsEntered"":0,""titles"":0,""finals"":0,""prizeMoney"":173438,""points"":0}",,,,,,,,,,,,,,125,,false,false,false,,104,44,15,0,0,0,0,0,10,5,0,0,0,29,11,estimated from season exits versus eligible schedule | 29 eligible events not entered,Amateur,normal,,,false,false,false,false,0,0,0,,0,false,,amateur,amateur,,,true,true,
2048/49,wp-yusuf-caldwell,Yusuf Caldwell,51,ENG,Veteran,Amateur,false,false,false,,0,0,,Amateur,,,,,,,,,,,,,72,72,71,69,63,84,69,18,18,0,0,0,,0,,,,,,,0,0,10,10,0,100,0,0,0,"{""matches"":10,""wins"":10,""losses"":0,""draws"":0,""winPercentage"":100,""eventsEntered"":0,""titles"":0,""finals"":0,""prizeMoney"":0,""points"":0}",,,,,,,,,,,,,,,,false,false,false,,104,44,15,0,0,0,0,0,10,5,0,0,0,29,11,estimated from season exits versus eligible schedule | 29 eligible events not entered,Amateur,normal,,,false,false,false,false,0,0,0,,0,false,,amateur,amateur,,,true,true,
2048/49,wp-yusuf-costa,Yusuf Costa,44,JPN,Veteran,Amateur,false,false,false,,0,0,,Top 16,5,5,,5,,,,,,,5,,74,80,74,74,67,80,49,28,48,6,2,4,33.33333333333333,0,,,,,,,37578,234,145,61,84,42.06896551724138,0,0,1360978,"{""matches"":145,""wins"":61,""losses"":84,""draws"":0,""winPercentage"":42.06896551724138,""eventsEntered"":0,""titles"":0,""finals"":0,""prizeMoney"":1360978,""points"":0}",,,,,,,,,,,,,,5,,true,false,false,,104,44,15,0,0,0,0,0,10,5,0,0,0,29,11,estimated from season exits versus eligible schedule | 29 eligible events not entered,Amateur,normal,,,true,false,false,false,2,4,75156,,0,false,,senior,amateur,,,true,true,
2048/49,wp-yusuf-drayton,Yusuf Drayton,44,NIR,Veteran,Amateur,false,false,false,,0,0,,Amateur,,,,,,,,,,,,,72,72,72,70,67,87,76,7,18,0,0,0,,0,,,,,,,0,0,8,8,0,100,0,0,0,"{""matches"":8,""wins"":8,""losses"":0,""draws"":0,""winPercentage"":100,""eventsEntered"":0,""titles"":0,""finals"":0,""prizeMoney"":0,""points"":0}",,,,,,,,,,,,,,,,false,false,false,,104,44,15,0,0,0,0,0,10,5,0,0,0,29,11,estimated from season exits versus eligible schedule | 29 eligible events not entered,Amateur,normal,,,false,false,false,false,0,0,0,,0,false,,amateur,amateur,,,true,true,
2048/49,wp-yusuf-easton,Yusuf Easton,51,POL,Veteran,Amateur,false,false,false,,0,0,,Amateur,,,,,,,,,,,,,72,72,71,69,63,84,69,18,18,0,0,0,,0,,,,,,,0,0,10,10,0,100,0,0,0,"{""matches"":10,""wins"":10,""losses"":0,""draws"":0,""winPercentage"":100,""eventsEntered"":0,""titles"":0,""finals"":0,""prizeMoney"":0,""points"":0}",,,,,,,,,,,,,,,,false,false,false,,104,44,15,0,0,0,0,0,10,5,0,0,0,29,11,estimated from season exits versus eligible schedule | 29 eligible events not entered,Amateur,normal,,,false,false,false,false,0,0,0,,0,false,,amateur,amateur,,,true,true,
2048/49,wp-yusuf-grimaldi,Yusuf Grimaldi,42,JPN,Veteran,Amateur,false,false,false,,0,0,,Amateur,,,,,,,,,,,,,64,64,64,61,59,77,63,5,20,0,0,0,,0,,,,,,,0,0,105,65,40,61.904761904761905,0,0,192516,"{""matches"":105,""wins"":65,""losses"":40,""draws"":0,""winPercentage"":61.904761904761905,""eventsEntered"":0,""titles"":0,""finals"":0,""prizeMoney"":192516,""points"":0}",,,,,,,,,,,,,,124,,false,false,false,,104,44,15,0,0,0,0,0,10,5,0,0,0,29,11,estimated from season exits versus eligible schedule | 29 eligible events not entered,Amateur,normal,,,false,false,false,false,0,0,0,,0,false,,amateur,amateur,,,true,true,
2048/49,wp-yusuf-langford,Yusuf Langford,50,POL,Veteran,Amateur,false,false,false,,0,0,,Amateur,,,,,,,,,,,,,74,75,73,72,66,86,70,17,22,0,0,0,,0,,,,,,,0,0,12,12,0,100,0,0,186346,"{""matches"":12,""wins"":12,""losses"":0,""draws"":0,""winPercentage"":100,""eventsEntered"":0,""titles"":0,""finals"":0,""prizeMoney"":186346,""points"":0}",,,,,,,,,,,,,,111,,false,false,false,,104,44,15,0,0,0,0,0,10,5,0,0,0,29,11,estimated from season exits versus eligible schedule | 29 eligible events not entered,Amateur,normal,,,false,false,false,false,0,0,0,,0,false,,amateur,amateur,,,true,true,
2048/49,wp-yusuf-mendoza,Yusuf Mendoza,72,CAN,Veteran,Amateur,false,false,false,,0,0,,Amateur,,,,,,,,,,,,,65,65,59,59,46,63,34,53,19,0,0,0,,0,,,,,,,0,0,28,18,10,64.28571428571429,0,0,78046,"{""matches"":28,""wins"":18,""losses"":10,""draws"":0,""winPercentage"":64.28571428571429,""eventsEntered"":0,""titles"":0,""finals"":0,""prizeMoney"":78046,""points"":0}",,,,,,,,,,,,,,125,,false,false,false,,104,44,15,0,0,0,0,0,10,5,0,0,0,29,11,estimated from season exits versus eligible schedule | 29 eligible events not entered,Amateur,normal,,,false,false,false,false,0,0,0,,0,false,,amateur,amateur,,,true,true,
2048/49,wp-yusuf-tremblay,Yusuf Tremblay,45,JPN,Veteran,Amateur,false,false,false,,0,0,,Amateur,,,,,,,,,,,,,66,66,66,63,60,78,63,10,19,0,0,0,,0,,,,,,,0,0,63,44,19,69.84126984126983,0,0,77468,"{""matches"":63,""wins"":44,""losses"":19,""draws"":0,""winPercentage"":69.84126984126983,""eventsEntered"":0,""titles"":0,""finals"":0,""prizeMoney"":77468,""points"":0}",,,,,,,,,,,,,,126,,false,false,false,,104,44,15,0,0,0,0,0,10,5,0,0,0,29,11,estimated from season exits versus eligible schedule | 29 eligible events not entered,Amateur,normal,,,false,false,false,false,0,0,0,,0,false,,amateur,amateur,,,true,true,
2048/49,wp-yusuf-urban,Yusuf Urban,45,ESP,Veteran,Amateur,false,false,false,,0,0,,Amateur,,,,,,,,,,,,,72,72,72,70,66,87,75,9,18,0,0,0,,0,,,,,,,0,0,14,14,0,100,0,0,0,"{""matches"":14,""wins"":14,""losses"":0,""draws"":0,""winPercentage"":100,""eventsEntered"":0,""titles"":0,""finals"":0,""prizeMoney"":0,""points"":0}",,,,,,,,,,,,,,,,false,false,false,,104,44,15,0,0,0,0,0,10,5,0,0,0,29,11,estimated from season exits versus eligible schedule | 29 eligible events not entered,Amateur,normal,,,false,false,false,false,0,0,0,,0,false,,amateur,amateur,,,true,true,
2048/49,wp-yusuf-verma,Yusuf Verma,51,WAL,Veteran,Amateur,false,false,false,,0,0,,Amateur,,,,,,,,,,,,,74,80,73,73,65,81,46,20,47,0,0,0,,0,,,,,,,0,0,105,44,61,41.904761904761905,0,0,1216002,"{""matches"":105,""wins"":44,""losses"":61,""draws"":0,""winPercentage"":41.904761904761905,""eventsEntered"":0,""titles"":0,""finals"":0,""prizeMoney"":1216002,""points"":0}",,,,,,,,,,,,,,6,,false,false,false,,104,44,15,0,0,0,0,0,10,5,0,0,0,29,11,estimated from season exits versus eligible schedule | 29 eligible events not entered,Amateur,normal,,,false,false,false,false,0,0,0,,0,false,,senior,amateur,,,true,true,
2048/49,wp-zac-ashford,Zac Ashford,42,AUS,Veteran,Amateur,false,false,false,,0,0,,Amateur,,,,,,,,,,,,,67,69,67,65,62,80,62,6,26,0,0,0,,0,,,,,,,0,0,84,50,34,59.523809523809526,0,0,357006,"{""matches"":84,""wins"":50,""losses"":34,""draws"":0,""winPercentage"":59.523809523809526,""eventsEntered"":0,""titles"":0,""finals"":0,""prizeMoney"":357006,""points"":0}",,,,,,,,,,,,,,94,,false,false,false,,104,44,15,0,0,0,0,0,10,5,0,0,0,29,11,estimated from season exits versus eligible schedule | 29 eligible events not entered,Amateur,normal,,,false,false,false,false,0,0,0,,0,false,,amateur,amateur,,,true,true,
2048/49,wp-zac-forster,Zac Forster,40,PAK,Veteran,Amateur,false,false,false,,0,0,,Amateur,,,,,,,,,,,,,63,63,64,60,59,76,62,3,19,0,0,0,,0,,,,,,,0,0,164,92,72,56.09756097560976,0,0,95390,"{""matches"":164,""wins"":92,""losses"":72,""draws"":0,""winPercentage"":56.09756097560976,""eventsEntered"":0,""titles"":0,""finals"":0,""prizeMoney"":95390,""points"":0}",,,,,,,,,,,,,,126,,false,false,false,,104,44,15,0,0,0,0,0,10,5,0,0,0,29,11,estimated from season exits versus eligible schedule | 29 eligible events not entered,Amateur,normal,,,false,false,false,false,0,0,0,,0,false,,amateur,amateur,,,true,true,
2048/49,wp-zac-harrington,Zac Harrington,53,FRA,Veteran,Amateur,false,false,false,,0,0,,Amateur,,,,,,,,,,,,,69,69,67,65,59,79,62,22,18,0,0,0,,0,,,,,,,0,0,16,14,2,87.5,0,0,0,"{""matches"":16,""wins"":14,""losses"":2,""draws"":0,""winPercentage"":87.5,""eventsEntered"":0,""titles"":0,""finals"":0,""prizeMoney"":0,""points"":0}",,,,,,,,,,,,,,,,false,false,false,,104,44,15,0,0,0,0,0,10,5,0,0,0,29,11,estimated from season exits versus eligible schedule | 29 eligible events not entered,Amateur,normal,,,false,false,false,false,0,0,0,,0,false,,amateur,amateur,,,true,true,
2048/49,wp-zac-nakamura,Zac Nakamura,47,ITA,Veteran,Amateur,false,false,false,,0,0,,Amateur,,,,,,,,,,,,,65,65,64,61,58,76,61,13,19,0,0,0,,0,,,,,,,0,0,26,18,8,69.23076923076923,0,0,76890,"{""matches"":26,""wins"":18,""losses"":8,""draws"":0,""winPercentage"":69.23076923076923,""eventsEntered"":0,""titles"":0,""finals"":0,""prizeMoney"":76890,""points"":0}",,,,,,,,,,,,,,126,,false,false,false,,104,44,15,0,0,0,0,0,10,5,0,0,0,29,11,estimated from season exits versus eligible schedule | 29 eligible events not entered,Amateur,normal,,,false,false,false,false,0,0,0,,0,false,,amateur,amateur,,,true,true,
2048/49,wp-zac-rossi,Zac Rossi,44,NOR,Veteran,Amateur,false,false,false,,0,0,,Top 16,3,3,,3,,,,,,,3,,74,80,74,74,67,80,49,28,48,6,2,4,33.33333333333333,0,,,,,,,37289,232,143,58,85,40.55944055944056,0,0,1385263,"{""matches"":143,""wins"":58,""losses"":85,""draws"":0,""winPercentage"":40.55944055944056,""eventsEntered"":0,""titles"":0,""finals"":0,""prizeMoney"":1385263,""points"":0}",,,,,,,,,,,,,,3,,true,false,false,,104,44,15,0,0,0,0,0,10,5,0,0,0,29,11,estimated from season exits versus eligible schedule | 29 eligible events not entered,Amateur,normal,,,true,false,false,false,2,4,74578,,0,false,,senior,amateur,,,true,true,
2048/49,wp-zac-tremblay,Zac Tremblay,47,NOR,Veteran,Amateur,false,false,false,,0,0,,Amateur,,,,,,,,,,,,,63,63,62,59,56,73,56,14,20,0,0,0,,0,,,,,,,0,0,27,15,12,55.55555555555556,1,0,57234,"{""matches"":27,""wins"":15,""losses"":12,""draws"":0,""winPercentage"":55.55555555555556,""eventsEntered"":0,""titles"":1,""finals"":0,""prizeMoney"":57234,""points"":0}",,,,,,,,,,,,,,127,,false,false,false,,104,44,15,0,0,0,0,0,10,5,0,0,0,29,11,estimated from season exits versus eligible schedule | 29 eligible events not entered,Amateur,normal,,,false,false,false,false,0,0,0,,0,false,,amateur,amateur,,,true,true,
2048/49,wp-zac-urban,Zac Urban,45,FRA,Veteran,Amateur,false,false,false,,0,0,,Amateur,,,,,,,,,,,,,65,65,65,62,59,77,62,10,19,0,0,0,,0,,,,,,,0,0,67,45,22,67.16417910447761,0,0,75734,"{""matches"":67,""wins"":45,""losses"":22,""draws"":0,""winPercentage"":67.16417910447761,""eventsEntered"":0,""titles"":0,""finals"":0,""prizeMoney"":75734,""points"":0}",,,,,,,,,,,,,,127,,false,false,false,,104,44,15,0,0,0,0,0,10,5,0,0,0,29,11,estimated from season exits versus eligible schedule | 29 eligible events not entered,Amateur,normal,,,false,false,false,false,0,0,0,,0,false,,amateur,amateur,,,true,true,
2048/49,wp-zac-verma,Zac Verma,54,IRL,Veteran,Amateur,false,false,false,,0,0,,Amateur,,,,,,,,,,,,,72,72,70,69,62,82,66,23,18,0,0,0,,0,,,,,,,0,0,14,14,0,100,0,0,0,"{""matches"":14,""wins"":14,""losses"":0,""draws"":0,""winPercentage"":100,""eventsEntered"":0,""titles"":0,""finals"":0,""prizeMoney"":0,""points"":0}",,,,,,,,,,,,,,,,false,false,false,,104,44,15,0,0,0,0,0,10,5,0,0,0,29,11,estimated from season exits versus eligible schedule | 29 eligible events not entered,Amateur,normal,,,false,false,false,false,0,0,0,,0,false,,amateur,amateur,,,true,true,
2048/49,wp-zane-barker,Zane Barker,44,ITA,Veteran,Amateur,false,false,false,,0,0,,Amateur,,,,,,,,,,,,,72,72,72,70,67,87,76,7,18,0,0,0,,0,,,,,,,0,0,8,8,0,100,0,0,0,"{""matches"":8,""wins"":8,""losses"":0,""draws"":0,""winPercentage"":100,""eventsEntered"":0,""titles"":0,""finals"":0,""prizeMoney"":0,""points"":0}",,,,,,,,,,,,,,,,false,false,false,,104,44,15,0,0,0,0,0,10,5,0,0,0,29,11,estimated from season exits versus eligible schedule | 29 eligible events not entered,Amateur,normal,,,false,false,false,false,0,0,0,,0,false,,amateur,amateur,,,true,true,
2048/49,wp-zane-caldwell,Zane Caldwell,53,SCO,Veteran,Amateur,false,false,false,,0,0,,Amateur,,,,,,,,,,,,,72,72,70,69,62,83,67,22,18,0,0,0,,0,,,,,,,0,0,10,10,0,100,0,0,0,"{""matches"":10,""wins"":10,""losses"":0,""draws"":0,""winPercentage"":100,""eventsEntered"":0,""titles"":0,""finals"":0,""prizeMoney"":0,""points"":0}",,,,,,,,,,,,,,,,false,false,false,,104,44,15,0,0,0,0,0,10,5,0,0,0,29,11,estimated from season exits versus eligible schedule | 29 eligible events not entered,Amateur,normal,,,false,false,false,false,0,0,0,,0,false,,amateur,amateur,,,true,true,
2048/49,wp-zane-drayton,Zane Drayton,72,BEL,Veteran,Senior Tour / Legend Circuit,false,false,false,,0,0,,Amateur,,,,,,,,,,15,,,72,72,66,67,53,66,18,57,38,1,0,1,0,0,,,,,,,0,13,72,50,22,69.44444444444444,10,0,0,"{""matches"":72,""wins"":50,""losses"":22,""draws"":0,""winPercentage"":69.44444444444444,""eventsEntered"":0,""titles"":10,""finals"":0,""prizeMoney"":0,""points"":0}",,,,,,,,,,,,,,,,false,false,false,,104,14,11,0,0,0,0,0,0,0,0,0,11,3,0,estimated from season exits versus eligible schedule | 3 eligible events not entered,Senior/Legend,normal,,,false,false,false,false,0,0,0,,0,false,,amateur,senior,,,true,true,
2048/49,wp-zane-easton,Zane Easton,39,AUS,Amateur,Q School,false,false,false,,0,0,,Amateur,,,,,,,,31,32,,,,62,62,63,59,59,76,63,1,19,0,0,0,,0,,,,,,,0,0,175,95,80,54.285714285714285,0,0,187601,"{""matches"":175,""wins"":95,""losses"":80,""draws"":0,""winPercentage"":54.285714285714285,""eventsEntered"":0,""titles"":0,""finals"":0,""prizeMoney"":187601,""points"":0}",,,,,,,,,,,,,,127,,false,false,false,,104,42,4,0,0,0,0,0,0,4,0,0,0,38,22,estimated from season exits versus eligible schedule | 38 eligible events not entered,Q School,normal,,,false,false,false,false,0,0,0,,0,false,,amateur,qSchool,,,true,true,
2048/49,wp-zane-forster,Zane Forster,44,PAK,Veteran,Amateur,false,false,false,,0,0,,Amateur,,,,,,,,,,,,,72,72,72,70,67,87,76,7,18,0,0,0,,0,,,,,,,0,0,12,12,0,100,0,0,0,"{""matches"":12,""wins"":12,""losses"":0,""draws"":0,""winPercentage"":100,""eventsEntered"":0,""titles"":0,""finals"":0,""prizeMoney"":0,""points"":0}",,,,,,,,,,,,,,,,false,false,false,,104,44,15,0,0,0,0,0,10,5,0,0,0,29,11,estimated from season exits versus eligible schedule | 29 eligible events not entered,Amateur,normal,,,false,false,false,false,0,0,0,,0,false,,amateur,amateur,,,true,true,
2048/49,wp-zane-grimaldi,Zane Grimaldi,54,NOR,Veteran,Amateur,false,false,false,,0,0,,Amateur,,,,,,,,,,,,,72,72,70,69,62,82,66,23,18,0,0,0,,0,,,,,,,0,0,12,12,0,100,0,0,0,"{""matches"":12,""wins"":12,""losses"":0,""draws"":0,""winPercentage"":100,""eventsEntered"":0,""titles"":0,""finals"":0,""prizeMoney"":0,""points"":0}",,,,,,,,,,,,,,,,false,false,false,,104,44,15,0,0,0,0,0,10,5,0,0,0,29,11,estimated from season exits versus eligible schedule | 29 eligible events not entered,Amateur,normal,,,false,false,false,false,0,0,0,,0,false,,amateur,amateur,,,true,true,
2048/49,wp-zane-langford,Zane Langford,55,BRA,Veteran,Amateur,false,false,false,,0,0,,Amateur,,,,,,,,,,,,,71,76,69,69,60,75,42,27,41,0,0,0,,0,,,,,,,0,0,80,34,46,42.5,0,0,999697,"{""matches"":80,""wins"":34,""losses"":46,""draws"":0,""winPercentage"":42.5,""eventsEntered"":0,""titles"":0,""finals"":0,""prizeMoney"":999697,""points"":0}",,,,,,,,,,,,,,31,,false,false,false,,104,44,15,0,0,0,0,0,10,5,0,0,0,29,11,estimated from season exits versus eligible schedule | 29 eligible events not entered,Amateur,normal,,,false,false,false,false,0,0,0,,0,false,,senior,amateur,,,true,true,
2048/49,wp-zane-mendoza,Zane Mendoza,49,BRA,Veteran,Amateur,false,false,false,,0,0,,Amateur,,,,,,,,,,,,,65,65,64,61,57,75,59,16,18,0,0,0,,0,,,,,,,0,0,26,18,8,69.23076923076923,0,0,74578,"{""matches"":26,""wins"":18,""losses"":8,""draws"":0,""winPercentage"":69.23076923076923,""eventsEntered"":0,""titles"":0,""finals"":0,""prizeMoney"":74578,""points"":0}",,,,,,,,,,,,,,128,,false,false,false,,104,44,15,0,0,0,0,0,10,5,0,0,0,29,11,estimated from season exits versus eligible schedule | 29 eligible events not entered,Amateur,normal,,,false,false,false,false,0,0,0,,0,false,,amateur,amateur,,,true,true,
2048/49,wp-zane-sorensen,Zane Sorensen,50,NED,Veteran,Amateur,false,false,false,,0,0,,Amateur,,,,,,,,,,,,,77,79,76,76,69,89,70,17,28,0,0,0,,0,,,,,,,0,0,12,12,0,100,0,0,312646,"{""matches"":12,""wins"":12,""losses"":0,""draws"":0,""winPercentage"":100,""eventsEntered"":0,""titles"":0,""finals"":0,""prizeMoney"":312646,""points"":0}",,,,,,,,,,,,,,83,,false,false,false,,104,44,15,0,0,0,0,0,10,5,0,0,0,29,11,estimated from season exits versus eligible schedule | 29 eligible events not entered,Amateur,normal,,,false,false,false,false,0,0,0,,0,false,,amateur,amateur,,,true,true,
2048/49,wp-zane-tremblay,Zane Tremblay,45,NOR,Veteran,Amateur,false,false,false,,0,0,,Amateur,,,,,,,,,,,,,66,66,66,63,60,78,64,10,19,0,0,0,,0,,,,,,,0,0,65,47,18,72.3076923076923,0,0,111578,"{""matches"":65,""wins"":47,""losses"":18,""draws"":0,""winPercentage"":72.3076923076923,""eventsEntered"":0,""titles"":0,""finals"":0,""prizeMoney"":111578,""points"":0}",,,,,,,,,,,,,,128,,false,false,false,,104,44,15,0,0,0,0,0,10,5,0,0,0,29,11,estimated from season exits versus eligible schedule | 29 eligible events not entered,Amateur,normal,,,false,false,false,false,0,0,0,,0,false,,amateur,amateur,,,true,true,
2048/49,wp-zane-urban,Zane Urban,37,FRA,Amateur,Amateur,false,false,false,,0,0,,Amateur,,,,,,,63,,,,,,63,63,64,60,61,77,65,0,20,0,0,0,,0,,,,,,,0,0,216,125,91,57.870370370370374,0,0,279234,"{""matches"":216,""wins"":125,""losses"":91,""draws"":0,""winPercentage"":57.870370370370374,""eventsEntered"":0,""titles"":0,""finals"":0,""prizeMoney"":279234,""points"":0}",,,,,,,,,,,,,,128,,false,false,false,,104,42,15,0,0,0,0,0,10,5,0,0,0,27,11,estimated from season exits versus eligible schedule | 27 eligible events not entered,Amateur,normal,,,false,false,false,false,0,0,0,,0,false,,amateur,amateur,,,true,true,
