season,playerId,name,age,nationality,careerPhase,competitiveStatus,isHumanPlayer,isOnMainTour,isTourCardHolder,tourCardSource,tourCardYear,yearsRemaining,expiresAfterSeason,tourSurvivalStatus,seasonOpenWorldRank,seasonCloseWorldRank,normalizedWorldRank,rawWorldRankBeforeCap,worldRank,oneYearRank,amateurRank,qTourRank,qSchoolRank,seniorRank,previousWorldRank,rankChange,overall,potential,technicalAverage,mentalAverage,physicalAverage,effectiveMatchStrength,confidence,fatigue,reputation,seasonMatches,seasonWins,seasonLosses,seasonWinPercentage,seasonTitles,seasonMajorTitles,seasonWorldChampionshipEntries,seasonBestWorldChampionshipFinish,seasonMajorQuarterFinals,seasonMajorSemiFinals,seasonMajorFinals,seasonPrizeMoney,seasonRankingPoints,careerMatches,careerWins,careerLosses,careerWinPercentage,careerTitles,careerMajorTitles,careerPrizeMoney,totalRecord,youthRecord,amateurRecord,qTourRecord,qSchoolRecord,proQualifierRecord,rankingEventRecord,majorRecord,worldQualifyingRecord,worldMainDrawRecord,playersSeriesRecord,invitationalRecord,seniorRecord,exhibitionRecord,bestWorldRank,bestWorldChampionshipFinish,worldChampionshipMainDrawEligible,worldChampionshipMainDrawEntered,worldChampionshipQualifyingEntered,reasonSkippedWorldMainDraw,availableEventsCount,eligibleEventsCount,enteredEventsCount,rankingEventsEntered,qualifierEventsEntered,majorEventsEntered,invitationalsEntered,playersSeriesEntered,qTourEventsEntered,qSchoolEventsEntered,amateurEventsEntered,youthEventsEntered,seniorEventsEntered,skippedEligibleEventsCount,skippedCoreEventsCount,skippedReasonSummary,eventAccessBand,eventVolumeBandStatus,eventVolumeWarnings,calendarValidationWarnings,tourCardValidAtSeasonOpen,tourCardValidAtSeasonClose,lifecycleCorrectionApplied,rankCapApplied,recentSeasonWins,twoYearWins,twoYearPrizeMoney,majorFinalsLastTwoYears,titlesLastTwoYears,rankingDecayApplied,stalledReason,expectedCircuit,actualCircuit,warningFlags,invalidStateReasons,validTourStatus,validEventAccess,invalidAccessReason
2030/31,human-elliot-vance,Elliot Vance,19,England,Youth,Regional Youth Prospect,true,false,false,,0,0,,Amateur,999,999,999,999,999,,1,1,1,,999,0,76,94,81,64,73,98,99,0,100,29,19,10,65.51724137931035,1,0,0,No main draw win,0,0,0,5035,245,82,54,28,65.85365853658537,2,0,13483,"{""matches"":82,""wins"":54,""losses"":28,""draws"":0,""winPercentage"":65.85365853658537,""eventsEntered"":30,""titles"":2,""finals"":6,""prizeMoney"":13483,""points"":662}","{""matches"":77,""wins"":52,""losses"":25,""draws"":0,""winPercentage"":67.53246753246754,""eventsEntered"":27,""titles"":2,""finals"":6,""prizeMoney"":12063,""points"":611}","{""matches"":4,""wins"":2,""losses"":2,""draws"":0,""winPercentage"":50,""eventsEntered"":2,""titles"":0,""finals"":0,""prizeMoney"":820,""points"":35}","{""matches"":1,""wins"":0,""losses"":1,""draws"":0,""winPercentage"":0,""eventsEntered"":1,""titles"":0,""finals"":0,""prizeMoney"":600,""points"":16}","{""matches"":0,""wins"":0,""losses"":0,""draws"":0,""winPercentage"":0,""eventsEntered"":0,""titles"":0,""finals"":0,""prizeMoney"":0,""points"":0}","{""matches"":0,""wins"":0,""losses"":0,""draws"":0,""winPercentage"":0,""eventsEntered"":0,""titles"":0,""finals"":0,""prizeMoney"":0,""points"":0}","{""matches"":0,""wins"":0,""losses"":0,""draws"":0,""winPercentage"":0,""eventsEntered"":0,""titles"":0,""finals"":0,""prizeMoney"":0,""points"":0}","{""matches"":0,""wins"":0,""losses"":0,""draws"":0,""winPercentage"":0,""eventsEntered"":0,""titles"":0,""finals"":0,""prizeMoney"":0,""points"":0}","{""matches"":0,""wins"":0,""losses"":0,""draws"":0,""winPercentage"":0,""eventsEntered"":0,""titles"":0,""finals"":0,""prizeMoney"":0,""points"":0}","{""matches"":0,""wins"":0,""losses"":0,""draws"":0,""winPercentage"":0,""eventsEntered"":0,""titles"":0,""finals"":0,""prizeMoney"":0,""points"":0}","{""matches"":0,""wins"":0,""losses"":0,""draws"":0,""winPercentage"":0,""eventsEntered"":0,""titles"":0,""finals"":0,""prizeMoney"":0,""points"":0}","{""matches"":0,""wins"":0,""losses"":0,""draws"":0,""winPercentage"":0,""eventsEntered"":0,""titles"":0,""finals"":0,""prizeMoney"":0,""points"":0}","{""matches"":0,""wins"":0,""losses"":0,""draws"":0,""winPercentage"":0,""eventsEntered"":0,""titles"":0,""finals"":0,""prizeMoney"":0,""points"":0}","{""matches"":0,""wins"":0,""losses"":0,""draws"":0,""winPercentage"":0,""eventsEntered"":0,""titles"":0,""finals"":0,""prizeMoney"":0,""points"":0}",999,No main draw win,false,false,false,,71,18,11,0,0,0,0,0,1,0,2,8,0,7,10,7 eligible events not entered,Q School,too high,,,false,false,false,false,19,0,0,0,0,false,,qSchool,qSchool,,,true,true,
2030/31,wp-aaron-crane,Aaron Crane,34,BEL,Established,Top 16 Elite Player,false,true,true,Ranking Retained,0,0,,Top 16,1,1,1,1,1,1,,,,,1,0,87,87,89,87,86,99,63,0,43,0,0,0,,0,,,,,,,0,0,2,1,1,50,1,0,0,"{""matches"":2,""wins"":1,""losses"":1,""draws"":0,""winPercentage"":50,""eventsEntered"":0,""titles"":1,""finals"":0,""prizeMoney"":0,""points"":0}",,,,,,,,,,,,,,1,,true,true,false,,71,21,15,9,0,6,6,3,0,0,0,0,0,6,6,estimated from season exits versus eligible schedule | 6 eligible events not entered,Top 16,normal,,,true,true,false,false,0,0,0,,0,false,,mainTour,mainTour,top16-low-overall-no-results;top4-low-wins-no-results,,true,true,
2030/31,wp-aaron-holt,Aaron Holt,38,BEL,Established,Top 16 Elite Player,false,true,true,Ranking Retained,0,0,,Top 16,2,2,2,2,2,2,,,,,2,0,75,75,76,73,72,84,42,1,41,0,0,0,,0,,,,,,,0,0,1,0,1,0,0,0,0,"{""matches"":1,""wins"":0,""losses"":1,""draws"":0,""winPercentage"":0,""eventsEntered"":0,""titles"":0,""finals"":0,""prizeMoney"":0,""points"":0}",,,,,,,,,,,,,,2,,true,true,false,,71,21,15,9,0,6,6,3,0,0,0,0,0,6,6,estimated from season exits versus eligible schedule | 6 eligible events not entered,Top 16,normal,,,true,true,false,false,0,0,0,,0,false,,mainTour,mainTour,top16-low-overall-no-results;top4-low-wins-no-results,,true,true,
2030/31,wp-aaron-keane,Aaron Keane,32,BEL,Established,Top 16 Elite Player,false,true,true,Ranking Retained,0,0,,Top 16,3,3,3,3,3,3,,,,,3,0,94,94,96,96,93,99,83,0,43,0,0,0,,0,,,,,,,0,0,1,1,0,100,1,0,0,"{""matches"":1,""wins"":1,""losses"":0,""draws"":0,""winPercentage"":100,""eventsEntered"":0,""titles"":1,""finals"":0,""prizeMoney"":0,""points"":0}",,,,,,,,,,,,,,3,,true,true,false,,71,21,15,9,0,6,6,3,0,0,0,0,0,6,6,estimated from season exits versus eligible schedule | 6 eligible events not entered,Top 16,normal,,,true,true,false,false,0,0,0,,0,false,,mainTour,mainTour,top16-low-overall-no-results;top4-low-wins-no-results,,true,true,
2030/31,wp-aaron-mercer,Aaron Mercer,24,BEL,Rookie,Top 16 Elite Player,false,true,true,Ranking Retained,0,0,,Top 16,4,4,4,4,4,4,,,,,4,0,75,78,77,73,75,84,42,0,40,0,0,0,,0,,,,,,,0,0,0,0,0,0,0,0,0,"{""matches"":0,""wins"":0,""losses"":0,""draws"":0,""winPercentage"":0,""eventsEntered"":0,""titles"":0,""finals"":0,""prizeMoney"":0,""points"":0}",,,,,,,,,,,,,,4,,true,true,false,,71,21,15,9,0,6,6,3,0,0,0,0,0,6,6,estimated from season exits versus eligible schedule | 6 eligible events not entered,Top 16,normal,,,true,true,false,false,0,0,0,,0,false,,mainTour,mainTour,top16-low-overall-no-results;top4-low-wins-no-results,,true,true,
2030/31,wp-aaron-nash,Aaron Nash,50,BEL,Veteran,Top 16 Elite Player,false,true,true,Ranking Retained,0,0,,Top 16,5,5,5,5,5,5,,,,,5,0,75,75,74,72,66,78,30,20,40,0,0,0,,0,,,,,,,0,0,1,0,1,0,0,0,0,"{""matches"":1,""wins"":0,""losses"":1,""draws"":0,""winPercentage"":0,""eventsEntered"":0,""titles"":0,""finals"":0,""prizeMoney"":0,""points"":0}",,,,,,,,,,,,,,5,,true,true,false,,71,21,15,9,0,6,6,3,0,0,0,0,0,6,6,estimated from season exits versus eligible schedule | 6 eligible events not entered,Top 16,normal,,,true,true,false,false,0,0,0,,0,false,,mainTour,mainTour,top16-low-overall-no-results,,true,true,
2030/31,wp-aaron-sloan,Aaron Sloan,33,BEL,Established,Top 16 Elite Player,false,true,true,Ranking Retained,0,0,,Top 16,6,6,6,6,6,6,,,,,6,0,86,86,88,86,85,99,63,0,42,0,0,0,,0,,,,,,,0,0,2,1,1,50,1,0,0,"{""matches"":2,""wins"":1,""losses"":1,""draws"":0,""winPercentage"":50,""eventsEntered"":0,""titles"":1,""finals"":0,""prizeMoney"":0,""points"":0}",,,,,,,,,,,,,,6,,true,true,false,,71,21,15,9,0,6,6,3,0,0,0,0,0,6,6,estimated from season exits versus eligible schedule | 6 eligible events not entered,Top 16,normal,,,true,true,false,false,0,0,0,,0,false,,mainTour,mainTour,top16-low-overall-no-results,,true,true,
2030/31,wp-aaron-zhou,Aaron Zhou,36,BEL,Established,Top 16 Elite Player,false,true,true,Ranking Retained,0,0,,Top 16,7,7,7,7,7,7,,,,,7,0,86,86,88,86,84,99,63,0,42,0,0,0,,0,,,,,,,0,0,2,1,1,50,1,0,0,"{""matches"":2,""wins"":1,""losses"":1,""draws"":0,""winPercentage"":50,""eventsEntered"":0,""titles"":1,""finals"":0,""prizeMoney"":0,""points"":0}",,,,,,,,,,,,,,7,,true,true,false,,71,21,15,9,0,6,6,3,0,0,0,0,0,6,6,estimated from season exits versus eligible schedule | 6 eligible events not entered,Top 16,normal,,,true,true,false,false,0,0,0,,0,false,,mainTour,mainTour,top16-low-overall-no-results,,true,true,
2030/31,wp-aiden-pike,Aiden Pike,36,ENG,Established,Top 16 Elite Player,false,true,true,Ranking Retained,0,0,,Top 16,8,8,8,8,8,8,,,,,8,0,94,94,96,96,92,99,83,0,42,0,0,0,,0,,,,,,,0,0,1,1,0,100,1,0,0,"{""matches"":1,""wins"":1,""losses"":0,""draws"":0,""winPercentage"":100,""eventsEntered"":0,""titles"":1,""finals"":0,""prizeMoney"":0,""points"":0}",,,,,,,,,,,,,,8,,true,true,false,,71,21,15,9,0,6,6,3,0,0,0,0,0,6,6,estimated from season exits versus eligible schedule | 6 eligible events not entered,Top 16,normal,,,true,true,false,false,0,0,0,,0,false,,mainTour,mainTour,top16-low-overall-no-results,,true,true,
2030/31,wp-arlo-dawes,Arlo Dawes,19,BEL,Rookie,Top 16 Elite Player,false,true,true,Ranking Retained,0,0,,Top 16,9,9,9,9,9,9,,,,,9,0,74,80,76,72,74,83,42,0,39,0,0,0,,0,,,,,,,0,0,0,0,0,0,0,0,0,"{""matches"":0,""wins"":0,""losses"":0,""draws"":0,""winPercentage"":0,""eventsEntered"":0,""titles"":0,""finals"":0,""prizeMoney"":0,""points"":0}",,,,,,,,,,,,,,9,,true,true,false,,71,21,15,9,0,6,6,3,0,0,0,0,0,6,6,estimated from season exits versus eligible schedule | 6 eligible events not entered,Top 16,normal,,,true,true,false,false,0,0,0,,0,false,,mainTour,mainTour,top16-low-overall-no-results,,true,true,
2030/31,wp-arlo-dawes-a,Arlo Dawes A,19,BEL,Rookie,Top 16 Elite Player,false,true,true,Ranking Retained,0,0,,Top 16,10,10,10,10,10,10,,,,,10,0,85,91,87,85,85,99,63,0,41,0,0,0,,0,,,,,,,0,0,2,1,1,50,1,0,0,"{""matches"":2,""wins"":1,""losses"":1,""draws"":0,""winPercentage"":50,""eventsEntered"":0,""titles"":1,""finals"":0,""prizeMoney"":0,""points"":0}",,,,,,,,,,,,,,10,,true,true,false,,71,21,15,9,0,6,6,3,0,0,0,0,0,6,6,estimated from season exits versus eligible schedule | 6 eligible events not entered,Top 16,normal,,,true,true,false,false,0,0,0,,0,false,,mainTour,mainTour,top16-low-overall-no-results,,true,true,
2030/31,wp-arlo-dawes-b,Arlo Dawes B,16,BEL,Rookie,Top 16 Elite Player,false,true,true,Ranking Retained,0,0,,Top 16,11,11,11,11,11,11,,,,,11,0,73,81,75,71,73,82,42,0,39,0,0,0,,0,,,,,,,0,0,0,0,0,0,0,0,0,"{""matches"":0,""wins"":0,""losses"":0,""draws"":0,""winPercentage"":0,""eventsEntered"":0,""titles"":0,""finals"":0,""prizeMoney"":0,""points"":0}",,,,,,,,,,,,,,11,,true,true,false,,71,21,15,9,0,6,6,3,0,0,0,0,0,6,6,estimated from season exits versus eligible schedule | 6 eligible events not entered,Top 16,normal,,,true,true,false,false,0,0,0,,0,false,,mainTour,mainTour,under18-full-main-tour-access;top16-low-overall-no-results,,false,false,under18-full-main-tour-access
2030/31,wp-arlo-dawes-c,Arlo Dawes C,16,BEL,Rookie,Top 16 Elite Player,false,true,true,Federation Route,1,2,2032/33,At Risk,,12,12,12,12,12,,,,,,,82,90,84,81,82,99,83,0,20,1,1,0,100,1,,,,,,,0,17,1,1,0,100,1,0,0,"{""matches"":1,""wins"":1,""losses"":0,""draws"":0,""winPercentage"":100,""eventsEntered"":0,""titles"":1,""finals"":0,""prizeMoney"":0,""points"":0}",,,,,,,,,,,,,,,,false,true,false,,71,21,15,9,0,6,6,3,0,0,0,0,0,6,6,estimated from season exits versus eligible schedule | 6 eligible events not entered,Top 16,normal,,,true,true,false,false,0,0,0,,1,false,,mainTour,mainTour,,,true,true,
2030/31,wp-callum-reeve,Callum Reeve,39,ENG,Established,Top 16 Elite Player,false,true,true,Ranking Retained,0,0,,Top 16,12,12,13,12,13,13,,,,,12,-1,74,75,75,72,71,82,41,3,41,0,0,0,,0,,,,,,,0,0,1,0,1,0,0,0,0,"{""matches"":1,""wins"":0,""losses"":1,""draws"":0,""winPercentage"":0,""eventsEntered"":0,""titles"":0,""finals"":0,""prizeMoney"":0,""points"":0}",,,,,,,,,,,,,,3,,true,true,false,,71,20,15,9,0,5,6,2,0,0,0,0,0,5,5,estimated from season exits versus eligible schedule | 5 eligible events not entered,Top 16,normal,,,true,true,false,true,0,0,0,,0,true,,mainTour,mainTour,,,true,true,
2030/31,wp-cian-crane,Cian Crane,33,WAL,Established,Top 16 Elite Player,false,true,true,Ranking Retained,0,0,,Top 16,13,13,14,13,14,14,,,,,13,-1,73,73,75,71,72,82,42,0,39,0,0,0,,0,,,,,,,0,0,1,0,1,0,0,0,0,"{""matches"":1,""wins"":0,""losses"":1,""draws"":0,""winPercentage"":0,""eventsEntered"":0,""titles"":0,""finals"":0,""prizeMoney"":0,""points"":0}",,,,,,,,,,,,,,10,,true,true,false,,71,20,15,9,0,5,6,2,0,0,0,0,0,5,5,estimated from season exits versus eligible schedule | 5 eligible events not entered,Top 16,normal,,,true,true,false,true,0,0,0,,0,true,,mainTour,mainTour,,,true,true,
2030/31,wp-cian-holt,Cian Holt,31,WAL,Established,Top 16 Elite Player,false,true,true,Ranking Retained,0,0,,Top 16,14,14,15,14,15,15,,,,,14,-1,94,94,96,96,94,99,83,0,41,0,0,0,,0,,,,,,,0,0,1,1,0,100,1,0,0,"{""matches"":1,""wins"":1,""losses"":0,""draws"":0,""winPercentage"":100,""eventsEntered"":0,""titles"":1,""finals"":0,""prizeMoney"":0,""points"":0}",,,,,,,,,,,,,,11,,true,true,false,,71,20,15,9,0,5,6,2,0,0,0,0,0,5,5,estimated from season exits versus eligible schedule | 5 eligible events not entered,Top 16,normal,,,true,true,false,true,0,0,0,,0,true,,mainTour,mainTour,,,true,true,
2030/31,wp-cian-keane,Cian Keane,26,WAL,Established,Top 16 Elite Player,false,true,true,Ranking Retained,0,0,,Top 16,15,15,16,15,16,16,,,,,15,-1,85,87,87,85,85,99,63,0,41,0,0,0,,0,,,,,,,0,0,2,1,1,50,1,0,0,"{""matches"":2,""wins"":1,""losses"":1,""draws"":0,""winPercentage"":50,""eventsEntered"":0,""titles"":1,""finals"":0,""prizeMoney"":0,""points"":0}",,,,,,,,,,,,,,12,,true,true,false,,71,20,15,9,0,5,6,2,0,0,0,0,0,5,5,estimated from season exits versus eligible schedule | 5 eligible events not entered,Top 16,normal,,,true,true,false,true,0,0,0,,0,true,,mainTour,mainTour,,,true,true,
2030/31,wp-cian-mercer,Cian Mercer,32,WAL,Established,Top 32 Professional,false,true,true,Ranking Retained,0,0,,Top 16,16,16,17,16,17,17,,,,,16,-1,73,73,75,71,72,82,42,0,39,0,0,0,,0,,,,,,,0,0,1,0,1,0,0,0,0,"{""matches"":1,""wins"":0,""losses"":1,""draws"":0,""winPercentage"":0,""eventsEntered"":0,""titles"":0,""finals"":0,""prizeMoney"":0,""points"":0}",,,,,,,,,,,,,,13,,true,false,true,,71,22,13,8,2,1,3,1,0,0,0,0,0,9,9,estimated from season exits versus eligible schedule | 9 eligible events not entered,Top 32,normal,,,true,true,false,true,0,0,0,,0,true,,mainTour,mainTour,,,true,true,
2030/31,wp-cian-nash,Cian Nash,26,WAL,Established,Top 32 Professional,false,true,true,Ranking Retained,0,0,,Top 32,17,17,18,17,18,18,,,,,17,-1,81,83,83,80,81,93,56,0,41,0,0,0,,0,,,,,,,0,0,3,1,2,33.33333333333333,1,0,0,"{""matches"":3,""wins"":1,""losses"":2,""draws"":0,""winPercentage"":33.33333333333333,""eventsEntered"":0,""titles"":1,""finals"":0,""prizeMoney"":0,""points"":0}",,,,,,,,,,,,,,14,,false,false,true,,71,22,13,8,2,1,3,1,0,0,0,0,0,9,9,estimated from season exits versus eligible schedule | 9 eligible events not entered,Top 32,normal,,,true,true,false,true,0,0,0,,0,true,,mainTour,mainTour,,,true,true,
2030/31,wp-cian-sloan,Cian Sloan,27,WAL,Established,Top 32 Professional,false,true,true,Ranking Retained,0,0,,Top 32,18,18,19,18,19,19,,,,,18,-1,72,73,74,69,72,81,42,0,38,0,0,0,,0,,,,,,,0,0,2,0,2,0,0,0,0,"{""matches"":2,""wins"":0,""losses"":2,""draws"":0,""winPercentage"":0,""eventsEntered"":0,""titles"":0,""finals"":0,""prizeMoney"":0,""points"":0}",,,,,,,,,,,,,,15,,false,false,true,,71,22,13,8,2,1,3,1,0,0,0,0,0,9,9,estimated from season exits versus eligible schedule | 9 eligible events not entered,Top 32,normal,,,true,true,false,true,0,0,0,,0,true,,mainTour,mainTour,,,true,true,
2030/31,wp-cian-zhou,Cian Zhou,50,WAL,Veteran,Top 32 Professional,false,true,true,Ranking Retained,0,0,,Top 32,19,19,20,19,20,20,,,,,19,-1,72,72,71,68,63,75,30,20,38,0,0,0,,0,,,,,,,0,0,0,0,0,0,0,0,0,"{""matches"":0,""wins"":0,""losses"":0,""draws"":0,""winPercentage"":0,""eventsEntered"":0,""titles"":0,""finals"":0,""prizeMoney"":0,""points"":0}",,,,,,,,,,,,,,16,,false,false,true,,71,22,13,8,2,1,3,1,0,0,0,0,0,9,9,estimated from season exits versus eligible schedule | 9 eligible events not entered,Top 32,normal,,,true,true,false,true,0,0,0,,0,true,,mainTour,mainTour,,,true,true,
2030/31,wp-daniel-crane,Daniel Crane,58,AUS,Veteran,Top 32 Professional,false,true,true,Ranking Retained,0,0,,Top 32,20,20,21,20,21,21,,,,,20,-1,72,72,69,67,60,71,22,33,38,0,0,0,,0,,,,,,,0,0,0,0,0,0,0,0,0,"{""matches"":0,""wins"":0,""losses"":0,""draws"":0,""winPercentage"":0,""eventsEntered"":0,""titles"":0,""finals"":0,""prizeMoney"":0,""points"":0}",,,,,,,,,,,,,,17,,false,false,true,,71,22,13,8,2,1,3,1,0,0,0,0,0,9,9,estimated from season exits versus eligible schedule | 9 eligible events not entered,Top 32,normal,,,true,true,false,true,0,0,0,,0,true,,mainTour,mainTour,,,true,true,
2030/31,wp-daniel-holt,Daniel Holt,33,AUS,Established,Top 32 Professional,false,true,true,Ranking Retained,0,0,,Top 32,21,21,22,21,22,22,,,,,21,-1,72,72,74,69,71,81,42,0,38,0,0,0,,0,,,,,,,0,0,0,0,0,0,0,0,0,"{""matches"":0,""wins"":0,""losses"":0,""draws"":0,""winPercentage"":0,""eventsEntered"":0,""titles"":0,""finals"":0,""prizeMoney"":0,""points"":0}",,,,,,,,,,,,,,18,,false,false,true,,71,22,13,8,2,1,3,1,0,0,0,0,0,9,9,estimated from season exits versus eligible schedule | 9 eligible events not entered,Top 32,normal,,,true,true,false,true,0,0,0,,0,true,,mainTour,mainTour,,,true,true,
2030/31,wp-daniel-keane,Daniel Keane,26,AUS,Established,Top 32 Professional,false,true,true,Ranking Retained,0,0,,Top 32,22,22,23,22,23,23,,,,,22,-1,71,73,73,68,71,80,42,0,38,0,0,0,,0,,,,,,,0,0,0,0,0,0,0,0,0,"{""matches"":0,""wins"":0,""losses"":0,""draws"":0,""winPercentage"":0,""eventsEntered"":0,""titles"":0,""finals"":0,""prizeMoney"":0,""points"":0}",,,,,,,,,,,,,,19,,false,false,true,,71,22,13,8,2,1,3,1,0,0,0,0,0,9,9,estimated from season exits versus eligible schedule | 9 eligible events not entered,Top 32,normal,,,true,true,false,true,0,0,0,,0,true,,mainTour,mainTour,,,true,true,
2030/31,wp-daniel-mercer,Daniel Mercer,32,AUS,Established,Top 32 Professional,false,true,true,Ranking Retained,0,0,,Top 32,23,23,24,23,24,24,,,,,23,-1,71,71,73,68,70,80,42,0,37,0,0,0,,0,,,,,,,0,0,0,0,0,0,0,0,0,"{""matches"":0,""wins"":0,""losses"":0,""draws"":0,""winPercentage"":0,""eventsEntered"":0,""titles"":0,""finals"":0,""prizeMoney"":0,""points"":0}",,,,,,,,,,,,,,20,,false,false,true,,71,22,13,8,2,1,3,1,0,0,0,0,0,9,9,estimated from season exits versus eligible schedule | 9 eligible events not entered,Top 32,normal,,,true,true,false,true,0,0,0,,0,true,,mainTour,mainTour,,,true,true,
2030/31,wp-daniel-nash,Daniel Nash,26,AUS,Established,Top 32 Professional,false,true,true,Ranking Retained,0,0,,Top 32,24,24,25,24,25,25,,,,,24,-1,71,73,73,68,71,80,42,0,37,0,0,0,,0,,,,,,,0,0,0,0,0,0,0,0,0,"{""matches"":0,""wins"":0,""losses"":0,""draws"":0,""winPercentage"":0,""eventsEntered"":0,""titles"":0,""finals"":0,""prizeMoney"":0,""points"":0}",,,,,,,,,,,,,,21,,false,false,true,,71,22,13,8,2,1,3,1,0,0,0,0,0,9,9,estimated from season exits versus eligible schedule | 9 eligible events not entered,Top 32,normal,,,true,true,false,true,0,0,0,,0,true,,mainTour,mainTour,,,true,true,
2030/31,wp-daniel-sloan,Daniel Sloan,27,AUS,Established,Top 32 Professional,false,true,true,Ranking Retained,0,0,,Top 32,25,25,26,25,26,26,,,,,25,-1,71,72,73,68,71,80,42,0,37,0,0,0,,0,,,,,,,0,0,0,0,0,0,0,0,0,"{""matches"":0,""wins"":0,""losses"":0,""draws"":0,""winPercentage"":0,""eventsEntered"":0,""titles"":0,""finals"":0,""prizeMoney"":0,""points"":0}",,,,,,,,,,,,,,22,,false,false,true,,71,22,13,8,2,1,3,1,0,0,0,0,0,9,9,estimated from season exits versus eligible schedule | 9 eligible events not entered,Top 32,normal,,,true,true,false,true,0,0,0,,0,true,,mainTour,mainTour,,,true,true,
2030/31,wp-daniel-zhou,Daniel Zhou,31,AUS,Established,Top 32 Professional,false,true,true,Ranking Retained,0,0,,Top 32,26,26,27,26,27,27,,,,,26,-1,71,71,73,68,71,80,42,0,37,0,0,0,,0,,,,,,,0,0,0,0,0,0,0,0,0,"{""matches"":0,""wins"":0,""losses"":0,""draws"":0,""winPercentage"":0,""eventsEntered"":0,""titles"":0,""finals"":0,""prizeMoney"":0,""points"":0}",,,,,,,,,,,,,,23,,false,false,true,,71,22,13,8,2,1,3,1,0,0,0,0,0,9,9,estimated from season exits versus eligible schedule | 9 eligible events not entered,Top 32,normal,,,true,true,false,true,0,0,0,,0,true,,mainTour,mainTour,,,true,true,
2030/31,wp-ethan-crane,Ethan Crane,59,SCO,Veteran,Top 32 Professional,false,true,true,Ranking Retained,0,0,,Top 32,27,27,28,27,28,28,,,,,27,-1,72,73,69,67,59,71,21,34,38,0,0,0,,0,,,,,,,0,0,0,0,0,0,0,0,0,"{""matches"":0,""wins"":0,""losses"":0,""draws"":0,""winPercentage"":0,""eventsEntered"":0,""titles"":0,""finals"":0,""prizeMoney"":0,""points"":0}",,,,,,,,,,,,,,15,,false,false,true,,71,22,13,8,2,1,3,1,0,0,0,0,0,9,9,estimated from season exits versus eligible schedule | 9 eligible events not entered,Top 32,normal,,,true,true,false,true,0,0,0,,0,true,,mainTour,mainTour,,,true,true,
2030/31,wp-ethan-dawes,Ethan Dawes,25,SCO,Established,Top 32 Professional,false,true,true,Ranking Retained,0,0,,Top 32,28,28,29,28,29,29,,,,,28,-1,70,72,72,67,70,79,42,0,37,0,0,0,,0,,,,,,,0,0,0,0,0,0,0,0,0,"{""matches"":0,""wins"":0,""losses"":0,""draws"":0,""winPercentage"":0,""eventsEntered"":0,""titles"":0,""finals"":0,""prizeMoney"":0,""points"":0}",,,,,,,,,,,,,,25,,false,false,true,,71,22,13,8,2,1,3,1,0,0,0,0,0,9,9,estimated from season exits versus eligible schedule | 9 eligible events not entered,Top 32,normal,,,true,true,false,true,0,0,0,,0,true,,mainTour,mainTour,,,true,true,
2030/31,wp-ethan-holt,Ethan Holt,36,SCO,Established,Top 32 Professional,false,true,true,Ranking Retained,0,0,,Top 32,29,29,30,29,30,30,,,,,29,-1,70,70,72,67,68,79,42,0,36,0,0,0,,0,,,,,,,0,0,0,0,0,0,0,0,0,"{""matches"":0,""wins"":0,""losses"":0,""draws"":0,""winPercentage"":0,""eventsEntered"":0,""titles"":0,""finals"":0,""prizeMoney"":0,""points"":0}",,,,,,,,,,,,,,26,,false,false,true,,71,22,13,8,2,1,3,1,0,0,0,0,0,9,9,estimated from season exits versus eligible schedule | 9 eligible events not entered,Top 32,normal,,,true,true,false,true,0,0,0,,0,true,,mainTour,mainTour,,,true,true,
2030/31,wp-ethan-keane,Ethan Keane,27,SCO,Established,Top 32 Professional,false,true,true,Ranking Retained,0,0,,Top 32,30,30,31,30,31,31,,,,,30,-1,70,71,72,67,70,79,42,0,36,0,0,0,,0,,,,,,,0,0,0,0,0,0,0,0,0,"{""matches"":0,""wins"":0,""losses"":0,""draws"":0,""winPercentage"":0,""eventsEntered"":0,""titles"":0,""finals"":0,""prizeMoney"":0,""points"":0}",,,,,,,,,,,,,,27,,false,false,true,,71,22,13,8,2,1,3,1,0,0,0,0,0,9,9,estimated from season exits versus eligible schedule | 9 eligible events not entered,Top 32,normal,,,true,true,false,true,0,0,0,,0,true,,mainTour,mainTour,,,true,true,
2030/31,wp-ethan-mercer,Ethan Mercer,29,SCO,Established,Top 32 Professional,false,true,true,Ranking Retained,0,0,,Top 32,31,31,32,31,32,32,,,,,31,-1,70,70,72,67,70,79,42,0,36,0,0,0,,0,,,,,,,0,0,0,0,0,0,0,0,0,"{""matches"":0,""wins"":0,""losses"":0,""draws"":0,""winPercentage"":0,""eventsEntered"":0,""titles"":0,""finals"":0,""prizeMoney"":0,""points"":0}",,,,,,,,,,,,,,28,,false,false,true,,71,22,13,8,2,1,3,1,0,0,0,0,0,9,9,estimated from season exits versus eligible schedule | 9 eligible events not entered,Top 32,normal,,,true,true,false,true,0,0,0,,0,true,,mainTour,mainTour,,,true,true,
2030/31,wp-ethan-nash,Ethan Nash,27,SCO,Established,Tour Survivor / Top 64,false,true,true,Ranking Retained,0,0,,Top 32,32,32,33,32,33,33,,,,,32,-1,69,70,71,66,69,78,42,0,36,0,0,0,,0,,,,,,,0,0,0,0,0,0,0,0,0,"{""matches"":0,""wins"":0,""losses"":0,""draws"":0,""winPercentage"":0,""eventsEntered"":0,""titles"":0,""finals"":0,""prizeMoney"":0,""points"":0}",,,,,,,,,,,,,,29,,false,false,true,,71,18,11,8,3,1,0,0,0,0,0,0,0,7,7,estimated from season exits versus eligible schedule | 7 eligible events not entered,Top 64,normal,,,true,true,false,true,0,0,0,,0,true,,mainTour,mainTour,,,true,true,
2030/31,wp-ethan-sloan,Ethan Sloan,36,SCO,Established,Tour Survivor / Top 64,false,true,true,Ranking Retained,0,0,,Safe,33,33,34,33,34,34,,,,,33,-1,69,69,71,66,67,78,42,0,36,0,0,0,,0,,,,,,,0,0,0,0,0,0,0,0,0,"{""matches"":0,""wins"":0,""losses"":0,""draws"":0,""winPercentage"":0,""eventsEntered"":0,""titles"":0,""finals"":0,""prizeMoney"":0,""points"":0}",,,,,,,,,,,,,,30,,false,false,true,,71,18,11,8,3,1,0,0,0,0,0,0,0,7,7,estimated from season exits versus eligible schedule | 7 eligible events not entered,Top 64,normal,,,true,true,false,true,0,0,0,,0,true,,mainTour,mainTour,,,true,true,
2030/31,wp-ethan-zhou,Ethan Zhou,34,SCO,Established,Tour Survivor / Top 64,false,true,true,Ranking Retained,0,0,,Safe,34,34,35,34,35,35,,,,,34,-1,69,69,71,66,68,78,42,0,35,0,0,0,,0,,,,,,,0,0,0,0,0,0,0,0,0,"{""matches"":0,""wins"":0,""losses"":0,""draws"":0,""winPercentage"":0,""eventsEntered"":0,""titles"":0,""finals"":0,""prizeMoney"":0,""points"":0}",,,,,,,,,,,,,,31,,false,false,true,,71,18,11,8,3,1,0,0,0,0,0,0,0,7,7,estimated from season exits versus eligible schedule | 7 eligible events not entered,Top 64,normal,,,true,true,false,true,0,0,0,,0,true,,mainTour,mainTour,,,true,true,
2030/31,wp-evan-mori,Evan Mori,19,CHN,Rookie,Tour Survivor / Top 64,false,true,true,Ranking Retained,0,0,,Safe,35,35,36,35,36,36,,,,,35,-1,69,75,71,66,69,78,42,0,35,0,0,0,,0,,,,,,,0,0,0,0,0,0,0,0,0,"{""matches"":0,""wins"":0,""losses"":0,""draws"":0,""winPercentage"":0,""eventsEntered"":0,""titles"":0,""finals"":0,""prizeMoney"":0,""points"":0}",,,,,,,,,,,,,,33,,false,false,true,,71,18,11,8,3,1,0,0,0,0,0,0,0,7,7,estimated from season exits versus eligible schedule | 7 eligible events not entered,Top 64,normal,,,true,true,false,true,0,0,0,,0,true,,mainTour,mainTour,,,true,true,
2030/31,wp-evan-mori-a,Evan Mori A,19,CHN,Rookie,Tour Survivor / Top 64,false,true,true,Ranking Retained,0,0,,Safe,36,36,37,36,37,37,,,,,36,-1,92,98,94,94,92,99,84,0,39,0,0,0,,0,,,,,,,0,0,2,2,0,100,2,0,0,"{""matches"":2,""wins"":2,""losses"":0,""draws"":0,""winPercentage"":100,""eventsEntered"":0,""titles"":2,""finals"":0,""prizeMoney"":0,""points"":0}",,,,,,,,,,,,,,36,,false,false,true,,71,18,11,8,3,1,0,0,0,0,0,0,0,7,7,estimated from season exits versus eligible schedule | 7 eligible events not entered,Top 64,normal,,,true,true,false,true,0,0,0,,0,true,,mainTour,mainTour,,,true,true,
2030/31,wp-evan-mori-b,Evan Mori B,16,CHN,Rookie,Tour Survivor / Top 64,false,true,true,Ranking Retained,0,0,,Safe,37,37,38,37,38,38,,,,,37,-1,68,76,70,65,68,77,42,0,34,0,0,0,,0,,,,,,,0,0,0,0,0,0,0,0,0,"{""matches"":0,""wins"":0,""losses"":0,""draws"":0,""winPercentage"":0,""eventsEntered"":0,""titles"":0,""finals"":0,""prizeMoney"":0,""points"":0}",,,,,,,,,,,,,,37,,false,false,true,,71,18,11,8,3,1,0,0,0,0,0,0,0,7,7,estimated from season exits versus eligible schedule | 7 eligible events not entered,Top 64,normal,,,true,true,false,true,0,0,0,,0,true,,mainTour,mainTour,under18-full-main-tour-access,,false,false,under18-full-main-tour-access
2030/31,wp-evan-mori-c,Evan Mori C,16,CHN,Rookie,Tour Survivor / Top 64,false,true,true,Federation Route,1,2,2032/33,At Risk,,39,39,39,39,39,,,,,,,80,88,82,79,80,98,83,0,20,1,1,0,100,1,,,,,,,0,29,1,1,0,100,1,0,0,"{""matches"":1,""wins"":1,""losses"":0,""draws"":0,""winPercentage"":100,""eventsEntered"":0,""titles"":1,""finals"":0,""prizeMoney"":0,""points"":0}",,,,,,,,,,,,,,,,false,false,true,,71,18,11,8,3,1,0,0,0,0,0,0,0,7,7,estimated from season exits versus eligible schedule | 7 eligible events not entered,Top 64,normal,,,true,true,false,false,0,0,0,,1,false,,mainTour,mainTour,,,true,true,
2030/31,wp-felix-turner,Felix Turner,25,POL,Established,Tour Survivor / Top 64,false,true,true,Ranking Retained,0,0,,Safe,38,38,40,38,40,40,,,,,38,-2,68,70,70,65,68,77,42,0,34,0,0,0,,0,,,,,,,0,0,0,0,0,0,0,0,0,"{""matches"":0,""wins"":0,""losses"":0,""draws"":0,""winPercentage"":0,""eventsEntered"":0,""titles"":0,""finals"":0,""prizeMoney"":0,""points"":0}",,,,,,,,,,,,,,38,,false,false,true,,71,18,11,8,3,1,0,0,0,0,0,0,0,7,7,estimated from season exits versus eligible schedule | 7 eligible events not entered,Top 64,normal,,,true,true,false,true,0,0,0,,0,true,,mainTour,mainTour,,,true,true,
2030/31,wp-finley-crane,Finley Crane,26,THA,Established,Tour Survivor / Top 64,false,true,true,Ranking Retained,0,0,,Safe,39,39,41,39,41,41,,,,,39,-2,70,72,72,67,70,79,42,0,37,0,0,0,,0,,,,,,,0,0,0,0,0,0,0,0,0,"{""matches"":0,""wins"":0,""losses"":0,""draws"":0,""winPercentage"":0,""eventsEntered"":0,""titles"":0,""finals"":0,""prizeMoney"":0,""points"":0}",,,,,,,,,,,,,,22,,false,false,true,,71,18,11,8,3,1,0,0,0,0,0,0,0,7,7,estimated from season exits versus eligible schedule | 7 eligible events not entered,Top 64,normal,,,true,true,false,true,0,0,0,,0,true,,mainTour,mainTour,,,true,true,
2030/31,wp-finley-holt,Finley Holt,26,THA,Established,Tour Survivor / Top 64,false,true,true,Ranking Retained,0,0,,Safe,40,40,42,40,42,42,,,,,40,-2,68,70,70,65,68,77,42,0,35,0,0,0,,0,,,,,,,0,0,0,0,0,0,0,0,0,"{""matches"":0,""wins"":0,""losses"":0,""draws"":0,""winPercentage"":0,""eventsEntered"":0,""titles"":0,""finals"":0,""prizeMoney"":0,""points"":0}",,,,,,,,,,,,,,33,,false,false,true,,71,18,11,8,3,1,0,0,0,0,0,0,0,7,7,estimated from season exits versus eligible schedule | 7 eligible events not entered,Top 64,normal,,,true,true,false,true,0,0,0,,0,true,,mainTour,mainTour,,,true,true,
2030/31,wp-finley-keane,Finley Keane,30,THA,Established,Tour Survivor / Top 64,false,true,true,Ranking Retained,0,0,,Safe,41,41,43,41,43,43,,,,,41,-2,68,68,70,65,68,77,42,0,35,0,0,0,,0,,,,,,,0,0,0,0,0,0,0,0,0,"{""matches"":0,""wins"":0,""losses"":0,""draws"":0,""winPercentage"":0,""eventsEntered"":0,""titles"":0,""finals"":0,""prizeMoney"":0,""points"":0}",,,,,,,,,,,,,,34,,false,false,true,,71,18,11,8,3,1,0,0,0,0,0,0,0,7,7,estimated from season exits versus eligible schedule | 7 eligible events not entered,Top 64,normal,,,true,true,false,true,0,0,0,,0,true,,mainTour,mainTour,,,true,true,
2030/31,wp-finley-mercer,Finley Mercer,32,THA,Established,Tour Survivor / Top 64,false,true,true,Ranking Retained,0,0,,Safe,42,42,44,42,44,44,,,,,42,-2,68,68,70,65,67,77,42,0,35,0,0,0,,0,,,,,,,0,0,0,0,0,0,0,0,0,"{""matches"":0,""wins"":0,""losses"":0,""draws"":0,""winPercentage"":0,""eventsEntered"":0,""titles"":0,""finals"":0,""prizeMoney"":0,""points"":0}",,,,,,,,,,,,,,35,,false,false,true,,71,18,11,8,3,1,0,0,0,0,0,0,0,7,7,estimated from season exits versus eligible schedule | 7 eligible events not entered,Top 64,normal,,,true,true,false,true,0,0,0,,0,true,,mainTour,mainTour,,,true,true,
2030/31,wp-finley-nash,Finley Nash,53,THA,Veteran,Tour Survivor / Top 64,false,true,true,Ranking Retained,0,0,,Safe,43,43,45,43,45,45,,,,,43,-2,68,68,66,63,58,69,27,25,35,0,0,0,,0,,,,,,,0,0,0,0,0,0,0,0,0,"{""matches"":0,""wins"":0,""losses"":0,""draws"":0,""winPercentage"":0,""eventsEntered"":0,""titles"":0,""finals"":0,""prizeMoney"":0,""points"":0}",,,,,,,,,,,,,,36,,false,false,true,,71,18,11,8,3,1,0,0,0,0,0,0,0,7,7,estimated from season exits versus eligible schedule | 7 eligible events not entered,Top 64,normal,,,true,true,false,true,0,0,0,,0,true,,mainTour,mainTour,,,true,true,
2030/31,wp-finley-sloan,Finley Sloan,29,THA,Established,Tour Survivor / Top 64,false,true,true,Ranking Retained,0,0,,Safe,44,44,46,44,46,46,,,,,44,-2,67,67,69,64,67,76,42,0,34,0,0,0,,0,,,,,,,0,0,0,0,0,0,0,0,0,"{""matches"":0,""wins"":0,""losses"":0,""draws"":0,""winPercentage"":0,""eventsEntered"":0,""titles"":0,""finals"":0,""prizeMoney"":0,""points"":0}",,,,,,,,,,,,,,37,,false,false,true,,71,18,11,8,3,1,0,0,0,0,0,0,0,7,7,estimated from season exits versus eligible schedule | 7 eligible events not entered,Top 64,normal,,,true,true,false,true,0,0,0,,0,true,,mainTour,mainTour,,,true,true,
2030/31,wp-finley-zhou,Finley Zhou,37,THA,Established,Tour Survivor / Top 64,false,true,true,Ranking Retained,0,0,,Safe,45,45,47,45,47,47,,,,,45,-2,67,67,68,64,65,76,42,0,34,0,0,0,,0,,,,,,,0,0,0,0,0,0,0,0,0,"{""matches"":0,""wins"":0,""losses"":0,""draws"":0,""winPercentage"":0,""eventsEntered"":0,""titles"":0,""finals"":0,""prizeMoney"":0,""points"":0}",,,,,,,,,,,,,,38,,false,false,true,,71,18,11,8,3,1,0,0,0,0,0,0,0,7,7,estimated from season exits versus eligible schedule | 7 eligible events not entered,Top 64,normal,,,true,true,false,true,0,0,0,,0,true,,mainTour,mainTour,,,true,true,
2030/31,wp-finn-cross,Finn Cross,18,SCO,Rookie,Tour Survivor / Top 64,false,true,true,Ranking Retained,0,0,,Safe,46,46,48,46,48,48,,,,,46,-2,89,96,91,90,89,99,83,0,35,0,0,0,,0,,,,,,,0,0,1,1,0,100,1,0,0,"{""matches"":1,""wins"":1,""losses"":0,""draws"":0,""winPercentage"":100,""eventsEntered"":0,""titles"":1,""finals"":0,""prizeMoney"":0,""points"":0}",,,,,,,,,,,,,,46,,false,false,true,,71,18,11,8,3,1,0,0,0,0,0,0,0,7,7,estimated from season exits versus eligible schedule | 7 eligible events not entered,Top 64,normal,,,true,true,false,true,0,0,0,,0,true,,mainTour,mainTour,under18-full-main-tour-access,,false,false,under18-full-main-tour-access
2030/31,wp-finn-cross-a,Finn Cross A,18,SCO,Rookie,Tour Survivor / Top 64,false,true,true,Ranking Retained,0,0,,Safe,47,47,49,47,49,49,,,,,47,-2,66,73,68,63,66,75,42,0,33,0,0,0,,0,,,,,,,0,0,0,0,0,0,0,0,0,"{""matches"":0,""wins"":0,""losses"":0,""draws"":0,""winPercentage"":0,""eventsEntered"":0,""titles"":0,""finals"":0,""prizeMoney"":0,""points"":0}",,,,,,,,,,,,,,47,,false,false,true,,71,18,11,8,3,1,0,0,0,0,0,0,0,7,7,estimated from season exits versus eligible schedule | 7 eligible events not entered,Top 64,normal,,,true,true,false,true,0,0,0,,0,true,,mainTour,mainTour,under18-full-main-tour-access,,false,false,under18-full-main-tour-access
2030/31,wp-finn-cross-b,Finn Cross B,15,SCO,Rookie,Tour Survivor / Top 64,false,true,true,Federation Route,1,2,2032/33,At Risk,,50,50,50,50,50,,,,,,,56,65,58,50,56,65,42,0,18,1,0,1,0,0,,,,,,,0,19,1,0,1,0,0,0,0,"{""matches"":1,""wins"":0,""losses"":1,""draws"":0,""winPercentage"":0,""eventsEntered"":0,""titles"":0,""finals"":0,""prizeMoney"":0,""points"":0}",,,,,,,,,,,,,,,,false,false,true,,71,18,11,8,3,1,0,0,0,0,0,0,0,7,7,estimated from season exits versus eligible schedule | 7 eligible events not entered,Top 64,normal,,,true,true,false,false,0,0,0,,0,false,,mainTour,mainTour,,,true,true,
2030/31,wp-harvey-crane,Harvey Crane,30,ENG,Established,Tour Survivor / Top 64,false,true,true,Ranking Retained,0,0,,Safe,48,48,51,48,51,51,,,,,48,-3,69,70,71,66,69,78,42,0,37,0,0,0,,0,,,,,,,0,0,0,0,0,0,0,0,0,"{""matches"":0,""wins"":0,""losses"":0,""draws"":0,""winPercentage"":0,""eventsEntered"":0,""titles"":0,""finals"":0,""prizeMoney"":0,""points"":0}",,,,,,,,,,,,,,25,,false,false,true,,71,18,11,8,3,1,0,0,0,0,0,0,0,7,7,estimated from season exits versus eligible schedule | 7 eligible events not entered,Top 64,normal,,,true,true,false,true,0,0,0,,0,true,,mainTour,mainTour,,,true,true,
2030/31,wp-harvey-holt,Harvey Holt,38,ENG,Established,Tour Survivor / Top 64,false,true,true,Ranking Retained,0,0,,Safe,49,49,52,49,52,52,,,,,49,-3,67,68,68,64,64,76,42,1,34,0,0,0,,0,,,,,,,0,0,0,0,0,0,0,0,0,"{""matches"":0,""wins"":0,""losses"":0,""draws"":0,""winPercentage"":0,""eventsEntered"":0,""titles"":0,""finals"":0,""prizeMoney"":0,""points"":0}",,,,,,,,,,,,,,40,,false,false,true,,71,18,11,8,3,1,0,0,0,0,0,0,0,7,7,estimated from season exits versus eligible schedule | 7 eligible events not entered,Top 64,normal,,,true,true,false,true,0,0,0,,0,true,,mainTour,mainTour,,,true,true,
2030/31,wp-harvey-keane,Harvey Keane,20,ENG,Rookie,Tour Survivor / Top 64,false,true,true,Ranking Retained,0,0,,Safe,50,50,53,50,53,53,,,,,50,-3,66,72,68,63,66,75,42,0,34,0,0,0,,0,,,,,,,0,0,0,0,0,0,0,0,0,"{""matches"":0,""wins"":0,""losses"":0,""draws"":0,""winPercentage"":0,""eventsEntered"":0,""titles"":0,""finals"":0,""prizeMoney"":0,""points"":0}",,,,,,,,,,,,,,41,,false,false,true,,71,18,11,8,3,1,0,0,0,0,0,0,0,7,7,estimated from season exits versus eligible schedule | 7 eligible events not entered,Top 64,normal,,,true,true,false,true,0,0,0,,0,true,,mainTour,mainTour,,,true,true,
2030/31,wp-harvey-mercer,Harvey Mercer,24,ENG,Rookie,Tour Survivor / Top 64,false,true,true,Ranking Retained,0,0,,Safe,51,51,54,51,54,54,,,,,51,-3,66,69,68,63,66,75,42,0,33,0,0,0,,0,,,,,,,0,0,0,0,0,0,0,0,0,"{""matches"":0,""wins"":0,""losses"":0,""draws"":0,""winPercentage"":0,""eventsEntered"":0,""titles"":0,""finals"":0,""prizeMoney"":0,""points"":0}",,,,,,,,,,,,,,42,,false,false,true,,71,18,11,8,3,1,0,0,0,0,0,0,0,7,7,estimated from season exits versus eligible schedule | 7 eligible events not entered,Top 64,normal,,,true,true,false,true,0,0,0,,0,true,,mainTour,mainTour,,,true,true,
2030/31,wp-harvey-nash,Harvey Nash,24,ENG,Rookie,Tour Survivor / Top 64,false,true,true,Ranking Retained,0,0,,Safe,52,52,55,52,55,55,,,,,52,-3,66,69,68,63,66,75,42,0,33,0,0,0,,0,,,,,,,0,0,0,0,0,0,0,0,0,"{""matches"":0,""wins"":0,""losses"":0,""draws"":0,""winPercentage"":0,""eventsEntered"":0,""titles"":0,""finals"":0,""prizeMoney"":0,""points"":0}",,,,,,,,,,,,,,43,,false,false,true,,71,18,11,8,3,1,0,0,0,0,0,0,0,7,7,estimated from season exits versus eligible schedule | 7 eligible events not entered,Top 64,normal,,,true,true,false,true,0,0,0,,0,true,,mainTour,mainTour,,,true,true,
2030/31,wp-harvey-sloan,Harvey Sloan,23,ENG,Rookie,Tour Survivor / Top 64,false,true,true,Ranking Retained,0,0,,Safe,53,53,56,53,56,56,,,,,53,-3,66,70,68,63,66,75,42,0,33,0,0,0,,0,,,,,,,0,0,0,0,0,0,0,0,0,"{""matches"":0,""wins"":0,""losses"":0,""draws"":0,""winPercentage"":0,""eventsEntered"":0,""titles"":0,""finals"":0,""prizeMoney"":0,""points"":0}",,,,,,,,,,,,,,44,,false,false,true,,71,18,11,8,3,1,0,0,0,0,0,0,0,7,7,estimated from season exits versus eligible schedule | 7 eligible events not entered,Top 64,normal,,,true,true,false,true,0,0,0,,0,true,,mainTour,mainTour,,,true,true,
2030/31,wp-harvey-zhou,Harvey Zhou,36,ENG,Established,Tour Survivor / Top 64,false,true,true,Ranking Retained,0,0,,Safe,54,54,57,54,57,57,,,,,54,-3,66,67,68,63,64,75,42,0,34,0,0,0,,0,,,,,,,0,0,0,0,0,0,0,0,0,"{""matches"":0,""wins"":0,""losses"":0,""draws"":0,""winPercentage"":0,""eventsEntered"":0,""titles"":0,""finals"":0,""prizeMoney"":0,""points"":0}",,,,,,,,,,,,,,41,,false,false,true,,71,18,11,8,3,1,0,0,0,0,0,0,0,7,7,estimated from season exits versus eligible schedule | 7 eligible events not entered,Top 64,normal,,,true,true,false,true,0,0,0,,0,true,,mainTour,mainTour,,,true,true,
2030/31,wp-hugo-cairn,Hugo Cairn,38,GER,Established,Tour Survivor / Top 64,false,true,true,Ranking Retained,0,0,,Safe,55,55,58,55,58,58,,,,,55,-3,70,73,71,68,67,79,42,1,40,0,0,0,,0,,,,,,,0,0,0,0,0,0,0,0,0,"{""matches"":0,""wins"":0,""losses"":0,""draws"":0,""winPercentage"":0,""eventsEntered"":0,""titles"":0,""finals"":0,""prizeMoney"":0,""points"":0}",,,,,,,,,,,,,,7,,false,false,true,,71,18,11,8,3,1,0,0,0,0,0,0,0,7,7,estimated from season exits versus eligible schedule | 7 eligible events not entered,Top 64,normal,,,true,true,false,true,0,0,0,,0,true,,mainTour,mainTour,,,true,true,
2030/31,wp-jamie-crane,Jamie Crane,37,NIR,Established,Tour Survivor / Top 64,false,true,true,Ranking Retained,0,0,,Safe,56,56,59,56,59,59,,,,,56,-3,69,71,70,66,67,78,42,0,38,0,0,0,,0,,,,,,,0,0,0,0,0,0,0,0,0,"{""matches"":0,""wins"":0,""losses"":0,""draws"":0,""winPercentage"":0,""eventsEntered"":0,""titles"":0,""finals"":0,""prizeMoney"":0,""points"":0}",,,,,,,,,,,,,,16,,false,false,true,,71,18,11,8,3,1,0,0,0,0,0,0,0,7,7,estimated from season exits versus eligible schedule | 7 eligible events not entered,Top 64,normal,,,true,true,false,true,0,0,0,,0,true,,mainTour,mainTour,,,true,true,
2030/31,wp-jamie-holt,Jamie Holt,29,NIR,Established,Tour Survivor / Top 64,false,true,true,Ranking Retained,0,0,,Safe,57,57,60,57,60,60,,,,,57,-3,65,66,67,62,65,74,42,0,32,0,0,0,,0,,,,,,,0,0,0,0,0,0,0,0,0,"{""matches"":0,""wins"":0,""losses"":0,""draws"":0,""winPercentage"":0,""eventsEntered"":0,""titles"":0,""finals"":0,""prizeMoney"":0,""points"":0}",,,,,,,,,,,,,,48,,false,false,true,,71,18,11,8,3,1,0,0,0,0,0,0,0,7,7,estimated from season exits versus eligible schedule | 7 eligible events not entered,Top 64,normal,,,true,true,false,true,0,0,0,,0,true,,mainTour,mainTour,,,true,true,
2030/31,wp-jamie-keane,Jamie Keane,29,NIR,Established,Tour Survivor / Top 64,false,true,true,Ranking Retained,0,0,,Safe,58,58,61,58,61,61,,,,,58,-3,65,66,67,62,65,74,42,0,32,0,0,0,,0,,,,,,,0,0,0,0,0,0,0,0,0,"{""matches"":0,""wins"":0,""losses"":0,""draws"":0,""winPercentage"":0,""eventsEntered"":0,""titles"":0,""finals"":0,""prizeMoney"":0,""points"":0}",,,,,,,,,,,,,,49,,false,false,true,,71,18,11,8,3,1,0,0,0,0,0,0,0,7,7,estimated from season exits versus eligible schedule | 7 eligible events not entered,Top 64,normal,,,true,true,false,true,0,0,0,,0,true,,mainTour,mainTour,,,true,true,
2030/31,wp-jamie-mercer,Jamie Mercer,23,NIR,Rookie,Tour Survivor / Top 64,false,true,true,Ranking Retained,0,0,,Safe,59,59,62,59,62,62,,,,,59,-3,65,69,67,62,65,74,42,0,32,0,0,0,,0,,,,,,,0,0,0,0,0,0,0,0,0,"{""matches"":0,""wins"":0,""losses"":0,""draws"":0,""winPercentage"":0,""eventsEntered"":0,""titles"":0,""finals"":0,""prizeMoney"":0,""points"":0}",,,,,,,,,,,,,,50,,false,false,true,,71,18,11,8,3,1,0,0,0,0,0,0,0,7,7,estimated from season exits versus eligible schedule | 7 eligible events not entered,Top 64,normal,,,true,true,false,true,0,0,0,,0,true,,mainTour,mainTour,,,true,true,
2030/31,wp-jamie-nash,Jamie Nash,49,NIR,Veteran,Tour Survivor / Top 64,false,true,true,Ranking Retained,0,0,,Safe,60,60,63,60,63,63,,,,,60,-3,64,65,63,59,56,67,31,19,32,0,0,0,,0,,,,,,,0,0,0,0,0,0,0,0,0,"{""matches"":0,""wins"":0,""losses"":0,""draws"":0,""winPercentage"":0,""eventsEntered"":0,""titles"":0,""finals"":0,""prizeMoney"":0,""points"":0}",,,,,,,,,,,,,,51,,false,false,true,,71,18,11,8,3,1,0,0,0,0,0,0,0,7,7,estimated from season exits versus eligible schedule | 7 eligible events not entered,Top 64,normal,,,true,true,false,true,0,0,0,,0,true,,mainTour,mainTour,,,true,true,
2030/31,wp-jamie-sloan,Jamie Sloan,36,NIR,Established,Tour Survivor / Top 64,false,true,true,Ranking Retained,0,0,,Safe,61,61,64,61,64,64,,,,,61,-3,64,65,66,61,62,73,42,0,32,0,0,0,,0,,,,,,,0,0,0,0,0,0,0,0,0,"{""matches"":0,""wins"":0,""losses"":0,""draws"":0,""winPercentage"":0,""eventsEntered"":0,""titles"":0,""finals"":0,""prizeMoney"":0,""points"":0}",,,,,,,,,,,,,,52,,false,false,true,,71,18,11,8,3,1,0,0,0,0,0,0,0,7,7,estimated from season exits versus eligible schedule | 7 eligible events not entered,Top 64,normal,,,true,true,false,true,0,0,0,,0,true,,mainTour,mainTour,,,true,true,
2030/31,wp-jamie-zhou,Jamie Zhou,27,NIR,Established,Bottom Tour / At Risk,false,true,true,Ranking Retained,0,0,,Safe,62,62,65,62,65,65,,,,,62,-3,67,69,69,64,67,76,42,0,35,0,0,0,,0,,,,,,,0,0,0,0,0,0,0,0,0,"{""matches"":0,""wins"":0,""losses"":0,""draws"":0,""winPercentage"":0,""eventsEntered"":0,""titles"":0,""finals"":0,""prizeMoney"":0,""points"":0}",,,,,,,,,,,,,,32,,false,false,true,,71,18,9,2,7,1,0,0,0,0,0,0,0,9,9,estimated from season exits versus eligible schedule | 9 eligible events not entered,Bottom Tour 65-128,normal,,,true,true,false,true,0,0,0,,0,true,,mainTour,mainTour,,,true,true,
2030/31,wp-jon-hart,Jon Hart,32,ENG,Established,Bottom Tour / At Risk,false,true,true,Ranking Retained,0,0,,Safe,63,63,66,63,66,66,,,,,63,-3,69,72,71,67,68,78,42,0,39,0,0,0,,0,,,,,,,0,0,0,0,0,0,0,0,0,"{""matches"":0,""wins"":0,""losses"":0,""draws"":0,""winPercentage"":0,""eventsEntered"":0,""titles"":0,""finals"":0,""prizeMoney"":0,""points"":0}",,,,,,,,,,,,,,10,,false,false,true,,71,18,9,2,7,1,0,0,0,0,0,0,0,9,9,estimated from season exits versus eligible schedule | 9 eligible events not entered,Bottom Tour 65-128,normal,,,true,true,false,true,0,0,0,,0,true,,mainTour,mainTour,,,true,true,
2030/31,wp-jude-sloan,Jude Sloan,19,WAL,Rookie,Bottom Tour / At Risk,false,true,true,Ranking Retained,0,0,,Safe,64,64,67,64,67,67,,,,,64,-3,71,77,73,69,71,83,56,0,32,0,0,0,,0,,,,,,,0,0,3,1,2,33.33333333333333,1,0,0,"{""matches"":3,""wins"":1,""losses"":2,""draws"":0,""winPercentage"":33.33333333333333,""eventsEntered"":0,""titles"":1,""finals"":0,""prizeMoney"":0,""points"":0}",,,,,,,,,,,,,,64,,false,false,true,,71,18,9,2,7,1,0,0,0,0,0,0,0,9,9,estimated from season exits versus eligible schedule | 9 eligible events not entered,Bottom Tour 65-128,normal,,,true,true,false,true,0,0,0,,0,true,,mainTour,mainTour,,,true,true,
2030/31,wp-jude-sloan-a,Jude Sloan A,16,WAL,Rookie,Rookie Pro / Bubble,false,true,true,Federation Route,1,2,2032/33,At Risk,65,65,68,65,68,68,,,,,65,-3,62,71,64,58,62,71,42,0,29,0,0,0,,0,,,,,,,0,0,0,0,0,0,0,0,0,"{""matches"":0,""wins"":0,""losses"":0,""draws"":0,""winPercentage"":0,""eventsEntered"":0,""titles"":0,""finals"":0,""prizeMoney"":0,""points"":0}",,,,,,,,,,,,,,65,,false,false,true,,71,18,9,2,7,1,0,0,0,0,0,0,0,9,9,estimated from season exits versus eligible schedule | 9 eligible events not entered,Rookie Pro,normal,,,true,true,false,true,0,0,0,,0,true,,mainTour,mainTour,,,true,true,
2030/31,wp-jude-sloan-b,Jude Sloan B,16,WAL,Rookie,Rookie Pro / Bubble,false,true,true,Federation Route,1,2,2032/33,At Risk,,69,69,69,69,69,,,,,,,55,63,57,49,55,64,42,3,18,2,0,2,0,0,,,,,,,0,14,2,0,2,0,0,0,0,"{""matches"":2,""wins"":0,""losses"":2,""draws"":0,""winPercentage"":0,""eventsEntered"":0,""titles"":0,""finals"":0,""prizeMoney"":0,""points"":0}",,,,,,,,,,,,,,,,false,false,true,,71,18,9,2,7,1,0,0,0,0,0,0,0,9,9,estimated from season exits versus eligible schedule | 9 eligible events not entered,Rookie Pro,normal,,,true,true,false,false,0,0,0,,0,false,,mainTour,mainTour,,,true,true,
2030/31,wp-kai-pryce,Kai Pryce,19,AUS,Rookie,Rookie Pro / Bubble,false,true,true,Playoff Route,1,2,2032/33,At Risk,,70,70,70,70,70,,,,,,,86,93,88,87,86,99,83,0,33,1,1,0,100,1,,,,,,,0,65,1,1,0,100,1,0,0,"{""matches"":1,""wins"":1,""losses"":0,""draws"":0,""winPercentage"":100,""eventsEntered"":0,""titles"":1,""finals"":0,""prizeMoney"":0,""points"":0}",,,,,,,,,,,,,,57,,false,false,true,,71,18,9,2,7,1,0,0,0,0,0,0,0,9,9,estimated from season exits versus eligible schedule | 9 eligible events not entered,Rookie Pro,normal,,,true,true,false,false,0,0,0,,1,false,,mainTour,mainTour,,,true,true,
2030/31,wp-kai-pryce-a,Kai Pryce A,19,AUS,Rookie,Rookie Pro / Bubble,false,true,true,Playoff Route,1,2,2032/33,At Risk,66,66,71,66,71,71,,,,,66,-5,62,69,64,58,62,71,42,0,29,0,0,0,,0,,,,,,,0,0,0,0,0,0,0,0,0,"{""matches"":0,""wins"":0,""losses"":0,""draws"":0,""winPercentage"":0,""eventsEntered"":0,""titles"":0,""finals"":0,""prizeMoney"":0,""points"":0}",,,,,,,,,,,,,,66,,false,false,true,,71,18,9,2,7,1,0,0,0,0,0,0,0,9,9,estimated from season exits versus eligible schedule | 9 eligible events not entered,Rookie Pro,normal,,,true,true,false,true,0,0,0,,0,true,,mainTour,mainTour,,,true,true,
2030/31,wp-kai-pryce-b,Kai Pryce B,16,AUS,Rookie,Rookie Pro / Bubble,false,true,true,Federation Route,1,2,2032/33,At Risk,67,67,72,67,72,72,,,,,67,-5,62,71,64,58,62,71,42,0,29,0,0,0,,0,,,,,,,0,0,0,0,0,0,0,0,0,"{""matches"":0,""wins"":0,""losses"":0,""draws"":0,""winPercentage"":0,""eventsEntered"":0,""titles"":0,""finals"":0,""prizeMoney"":0,""points"":0}",,,,,,,,,,,,,,67,,false,false,true,,71,18,9,2,7,1,0,0,0,0,0,0,0,9,9,estimated from season exits versus eligible schedule | 9 eligible events not entered,Rookie Pro,normal,,,true,true,false,true,0,0,0,,0,true,,mainTour,mainTour,,,true,true,
2030/31,wp-kai-pryce-c,Kai Pryce C,16,AUS,Rookie,Rookie Pro / Bubble,false,true,true,Federation Route,1,2,2032/33,At Risk,,73,73,73,73,73,,,,,,,66,74,68,63,66,80,63,1,20,2,1,1,50,1,,,,,,,0,14,2,1,1,50,1,0,0,"{""matches"":2,""wins"":1,""losses"":1,""draws"":0,""winPercentage"":50,""eventsEntered"":0,""titles"":1,""finals"":0,""prizeMoney"":0,""points"":0}",,,,,,,,,,,,,,,,false,false,true,,71,18,9,2,7,1,0,0,0,0,0,0,0,9,9,estimated from season exits versus eligible schedule | 9 eligible events not entered,Rookie Pro,normal,,,true,true,false,false,0,0,0,,1,false,,mainTour,mainTour,,,true,true,
2030/31,wp-kian-crane,Kian Crane,28,NED,Established,Rookie Pro / Bubble,false,true,true,Playoff Route,1,2,2032/33,At Risk,,74,74,74,74,74,,,,,,,67,70,69,64,67,76,42,0,37,0,0,0,,0,,,,,,,0,21,0,0,0,0,0,0,0,"{""matches"":0,""wins"":0,""losses"":0,""draws"":0,""winPercentage"":0,""eventsEntered"":0,""titles"":0,""finals"":0,""prizeMoney"":0,""points"":0}",,,,,,,,,,,,,,20,,false,false,true,,71,18,9,2,7,1,0,0,0,0,0,0,0,9,9,estimated from season exits versus eligible schedule | 9 eligible events not entered,Rookie Pro,normal,,,true,true,false,false,0,0,0,,0,false,,mainTour,mainTour,,,true,true,
2030/31,wp-kian-holt,Kian Holt,27,NED,Established,Rookie Pro / Bubble,false,true,true,Playoff Route,1,2,2032/33,At Risk,,75,75,75,75,75,,,,,,,86,88,88,87,86,99,83,0,34,1,1,0,100,1,,,,,,,0,65,1,1,0,100,1,0,0,"{""matches"":1,""wins"":1,""losses"":0,""draws"":0,""winPercentage"":100,""eventsEntered"":0,""titles"":1,""finals"":0,""prizeMoney"":0,""points"":0}",,,,,,,,,,,,,,52,,false,false,true,,71,18,9,2,7,1,0,0,0,0,0,0,0,9,9,estimated from season exits versus eligible schedule | 9 eligible events not entered,Rookie Pro,normal,,,true,true,false,false,0,0,0,,1,false,,mainTour,mainTour,,,true,true,
2030/31,wp-kian-keane,Kian Keane,32,NED,Established,Rookie Pro / Bubble,false,true,true,Playoff Route,1,2,2032/33,At Risk,,76,76,76,76,76,,,,,,,63,64,65,59,62,72,42,0,31,0,0,0,,0,,,,,,,0,15,0,0,0,0,0,0,0,"{""matches"":0,""wins"":0,""losses"":0,""draws"":0,""winPercentage"":0,""eventsEntered"":0,""titles"":0,""finals"":0,""prizeMoney"":0,""points"":0}",,,,,,,,,,,,,,57,,false,false,true,,71,18,9,2,7,1,0,0,0,0,0,0,0,9,9,estimated from season exits versus eligible schedule | 9 eligible events not entered,Rookie Pro,normal,,,true,true,false,false,0,0,0,,0,false,,mainTour,mainTour,,,true,true,
2030/31,wp-kian-mercer,Kian Mercer,26,NED,Established,Rookie Pro / Bubble,false,true,true,Playoff Route,1,2,2032/33,At Risk,,77,77,77,77,77,,,,,,,62,64,64,58,62,71,42,0,31,0,0,0,,0,,,,,,,0,30,0,0,0,0,0,0,0,"{""matches"":0,""wins"":0,""losses"":0,""draws"":0,""winPercentage"":0,""eventsEntered"":0,""titles"":0,""finals"":0,""prizeMoney"":0,""points"":0}",,,,,,,,,,,,,,58,,false,false,true,,71,18,9,2,7,1,0,0,0,0,0,0,0,9,9,estimated from season exits versus eligible schedule | 9 eligible events not entered,Rookie Pro,normal,,,true,true,false,false,0,0,0,,0,false,,mainTour,mainTour,,,true,true,
2030/31,wp-kian-nash,Kian Nash,36,NED,Established,Rookie Pro / Bubble,false,true,true,Playoff Route,1,2,2032/33,At Risk,,78,78,78,78,78,,,,,,,62,63,64,58,60,71,42,0,30,0,0,0,,0,,,,,,,0,6,0,0,0,0,0,0,0,"{""matches"":0,""wins"":0,""losses"":0,""draws"":0,""winPercentage"":0,""eventsEntered"":0,""titles"":0,""finals"":0,""prizeMoney"":0,""points"":0}",,,,,,,,,,,,,,59,,false,false,true,,71,18,9,2,7,1,0,0,0,0,0,0,0,9,9,estimated from season exits versus eligible schedule | 9 eligible events not entered,Rookie Pro,normal,,,true,true,false,false,0,0,0,,0,false,,mainTour,mainTour,,,true,true,
2030/31,wp-kian-sloan,Kian Sloan,27,NED,Established,Rookie Pro / Bubble,false,true,true,Playoff Route,1,2,2032/33,At Risk,,79,79,79,79,79,,,,,,,62,64,64,58,62,71,42,0,30,0,0,0,,0,,,,,,,0,24,0,0,0,0,0,0,0,"{""matches"":0,""wins"":0,""losses"":0,""draws"":0,""winPercentage"":0,""eventsEntered"":0,""titles"":0,""finals"":0,""prizeMoney"":0,""points"":0}",,,,,,,,,,,,,,60,,false,false,true,,71,18,9,2,7,1,0,0,0,0,0,0,0,9,9,estimated from season exits versus eligible schedule | 9 eligible events not entered,Rookie Pro,normal,,,true,true,false,false,0,0,0,,0,false,,mainTour,mainTour,,,true,true,
2030/31,wp-kian-zhou,Kian Zhou,29,NED,Established,Rookie Pro / Bubble,false,true,true,Playoff Route,1,2,2032/33,At Risk,,80,80,80,80,80,,,,,,,65,67,67,62,65,74,42,0,35,0,0,0,,0,,,,,,,0,18,0,0,0,0,0,0,0,"{""matches"":0,""wins"":0,""losses"":0,""draws"":0,""winPercentage"":0,""eventsEntered"":0,""titles"":0,""finals"":0,""prizeMoney"":0,""points"":0}",,,,,,,,,,,,,,36,,false,false,true,,71,18,9,2,7,1,0,0,0,0,0,0,0,9,9,estimated from season exits versus eligible schedule | 9 eligible events not entered,Rookie Pro,normal,,,true,true,false,false,0,0,0,,0,false,,mainTour,mainTour,,,true,true,
2030/31,wp-leo-keane,Leo Keane,25,POL,Established,Rookie Pro / Bubble,false,true,true,Federation Route,1,2,2032/33,At Risk,70,70,81,70,81,81,,,,,70,-11,61,64,63,57,61,70,42,0,30,0,0,0,,0,,,,,,,0,0,0,0,0,0,0,0,0,"{""matches"":0,""wins"":0,""losses"":0,""draws"":0,""winPercentage"":0,""eventsEntered"":0,""titles"":0,""finals"":0,""prizeMoney"":0,""points"":0}",,,,,,,,,,,,,,64,,false,false,true,,71,18,9,2,7,1,0,0,0,0,0,0,0,9,9,estimated from season exits versus eligible schedule | 9 eligible events not entered,Rookie Pro,normal,,,true,true,false,true,0,0,0,,0,true,,mainTour,mainTour,,,true,true,
2030/31,wp-lewis-crane,Lewis Crane,38,CHN,Established,Rookie Pro / Bubble,false,true,true,Playoff Route,1,2,2032/33,At Risk,,82,82,82,82,82,,,,,,,66,69,67,63,63,75,42,4,36,1,0,1,0,0,,,,,,,0,61,1,0,1,0,0,0,0,"{""matches"":1,""wins"":0,""losses"":1,""draws"":0,""winPercentage"":0,""eventsEntered"":0,""titles"":0,""finals"":0,""prizeMoney"":0,""points"":0}",,,,,,,,,,,,,,26,,false,false,true,,71,18,9,2,7,1,0,0,0,0,0,0,0,9,9,estimated from season exits versus eligible schedule | 9 eligible events not entered,Rookie Pro,normal,,,true,true,false,false,0,0,0,,0,false,,mainTour,mainTour,,,true,true,
2030/31,wp-lewis-holt,Lewis Holt,33,CHN,Established,Rookie Pro / Bubble,false,true,true,Playoff Route,1,2,2032/33,At Risk,,83,83,83,83,83,,,,,,,62,63,64,58,61,71,42,0,31,0,0,0,,0,,,,,,,0,12,0,0,0,0,0,0,0,"{""matches"":0,""wins"":0,""losses"":0,""draws"":0,""winPercentage"":0,""eventsEntered"":0,""titles"":0,""finals"":0,""prizeMoney"":0,""points"":0}",,,,,,,,,,,,,,58,,false,false,true,,71,18,9,2,7,1,0,0,0,0,0,0,0,9,9,estimated from season exits versus eligible schedule | 9 eligible events not entered,Rookie Pro,normal,,,true,true,false,false,0,0,0,,0,false,,mainTour,mainTour,,,true,true,
2030/31,wp-lewis-keane,Lewis Keane,25,CHN,Established,Rookie Pro / Bubble,false,true,true,Federation Route,1,2,2032/33,At Risk,74,74,84,74,84,84,,,,,74,-10,60,63,62,56,60,69,42,0,28,0,0,0,,0,,,,,,,0,0,0,0,0,0,0,0,0,"{""matches"":0,""wins"":0,""losses"":0,""draws"":0,""winPercentage"":0,""eventsEntered"":0,""titles"":0,""finals"":0,""prizeMoney"":0,""points"":0}",,,,,,,,,,,,,,70,,false,false,true,,71,18,9,2,7,1,0,0,0,0,0,0,0,9,9,estimated from season exits versus eligible schedule | 9 eligible events not entered,Rookie Pro,normal,,,true,true,false,true,0,0,0,,0,true,,mainTour,mainTour,,,true,true,
2030/31,wp-lewis-nash,Lewis Nash,25,CHN,Established,Rookie Pro / Bubble,false,true,true,Federation Route,1,2,2032/33,At Risk,76,76,85,76,85,85,,,,,76,-9,60,63,62,56,60,69,42,0,28,0,0,0,,0,,,,,,,0,0,0,0,0,0,0,0,0,"{""matches"":0,""wins"":0,""losses"":0,""draws"":0,""winPercentage"":0,""eventsEntered"":0,""titles"":0,""finals"":0,""prizeMoney"":0,""points"":0}",,,,,,,,,,,,,,72,,false,false,true,,71,18,9,2,7,1,0,0,0,0,0,0,0,9,9,estimated from season exits versus eligible schedule | 9 eligible events not entered,Rookie Pro,normal,,,true,true,false,true,0,0,0,,0,true,,mainTour,mainTour,,,true,true,
2030/31,wp-lewis-sloan,Lewis Sloan,22,CHN,Rookie,Rookie Pro / Bubble,false,true,true,Federation Route,1,2,2032/33,At Risk,77,77,86,77,86,86,,,,,77,-9,60,65,62,56,60,69,42,0,28,0,0,0,,0,,,,,,,0,0,0,0,0,0,0,0,0,"{""matches"":0,""wins"":0,""losses"":0,""draws"":0,""winPercentage"":0,""eventsEntered"":0,""titles"":0,""finals"":0,""prizeMoney"":0,""points"":0}",,,,,,,,,,,,,,73,,false,false,true,,71,18,9,2,7,1,0,0,0,0,0,0,0,9,9,estimated from season exits versus eligible schedule | 9 eligible events not entered,Rookie Pro,normal,,,true,true,false,true,0,0,0,,0,true,,mainTour,mainTour,,,true,true,
2030/31,wp-lewis-zhou,Lewis Zhou,35,CHN,Established,Rookie Pro / Bubble,false,true,true,Q School,1,2,2032/33,At Risk,,87,87,87,87,87,,,,,,,64,66,66,61,62,73,42,0,33,0,0,0,,0,,,,,,,0,63,0,0,0,0,0,0,0,"{""matches"":0,""wins"":0,""losses"":0,""draws"":0,""winPercentage"":0,""eventsEntered"":0,""titles"":0,""finals"":0,""prizeMoney"":0,""points"":0}",,,,,,,,,,,,,,42,,false,false,true,,71,18,9,2,7,1,0,0,0,0,0,0,0,9,9,estimated from season exits versus eligible schedule | 9 eligible events not entered,Rookie Pro,normal,,,true,true,false,false,0,0,0,,0,false,,mainTour,mainTour,,,true,true,
2030/31,wp-liam-crane,Liam Crane,36,CHN,Established,Rookie Pro / Bubble,false,true,true,Playoff Route,2,1,2031/32,Rookie Year 2,78,78,88,78,88,88,,,,,78,-10,67,71,69,65,65,76,42,0,39,0,0,0,,0,,,,,,,0,0,0,0,0,0,0,0,0,"{""matches"":0,""wins"":0,""losses"":0,""draws"":0,""winPercentage"":0,""eventsEntered"":0,""titles"":0,""finals"":0,""prizeMoney"":0,""points"":0}",,,,,,,,,,,,,,13,,false,false,true,,71,18,9,2,7,1,0,0,0,0,0,0,0,9,9,estimated from season exits versus eligible schedule | 9 eligible events not entered,Rookie Pro,normal,,,true,true,false,true,0,0,0,,0,true,,mainTour,mainTour,,,true,true,
2030/31,wp-liam-holt,Liam Holt,33,CHN,Established,Rookie Pro / Bubble,false,true,true,Playoff Route,2,1,2031/32,Rookie Year 2,80,80,89,80,89,89,,,,,80,-9,63,65,65,60,62,72,42,0,33,0,0,0,,0,,,,,,,0,0,0,0,0,0,0,0,0,"{""matches"":0,""wins"":0,""losses"":0,""draws"":0,""winPercentage"":0,""eventsEntered"":0,""titles"":0,""finals"":0,""prizeMoney"":0,""points"":0}",,,,,,,,,,,,,,45,,false,false,true,,71,18,9,2,7,1,0,0,0,0,0,0,0,9,9,estimated from season exits versus eligible schedule | 9 eligible events not entered,Rookie Pro,normal,,,true,true,false,true,0,0,0,,0,true,,mainTour,mainTour,,,true,true,
2030/31,wp-liam-keane,Liam Keane,32,CHN,Established,Rookie Pro / Bubble,false,true,true,Q School,2,1,2031/32,Rookie Year 2,81,81,90,81,90,90,,,,,81,-9,59,60,61,55,58,68,42,0,27,0,0,0,,0,,,,,,,0,0,0,0,0,0,0,0,0,"{""matches"":0,""wins"":0,""losses"":0,""draws"":0,""winPercentage"":0,""eventsEntered"":0,""titles"":0,""finals"":0,""prizeMoney"":0,""points"":0}",,,,,,,,,,,,,,78,,false,false,true,,71,18,9,2,7,1,0,0,0,0,0,0,0,9,9,estimated from season exits versus eligible schedule | 9 eligible events not entered,Rookie Pro,normal,,,true,true,false,true,0,0,0,,0,true,,mainTour,mainTour,,,true,true,
2030/31,wp-liam-nash,Liam Nash,32,CHN,Established,Rookie Pro / Bubble,false,true,true,Q School,2,1,2031/32,Rookie Year 2,83,83,91,83,91,91,,,,,83,-8,59,60,61,55,58,68,42,0,27,0,0,0,,0,,,,,,,0,0,0,0,0,0,0,0,0,"{""matches"":0,""wins"":0,""losses"":0,""draws"":0,""winPercentage"":0,""eventsEntered"":0,""titles"":0,""finals"":0,""prizeMoney"":0,""points"":0}",,,,,,,,,,,,,,79,,false,false,true,,71,18,9,2,7,1,0,0,0,0,0,0,0,9,9,estimated from season exits versus eligible schedule | 9 eligible events not entered,Rookie Pro,normal,,,true,true,false,true,0,0,0,,0,true,,mainTour,mainTour,,,true,true,
2030/31,wp-luca-mercer,Luca Mercer,18,THA,Rookie,Rookie Pro / Bubble,false,true,true,Federation Route,1,2,2032/33,At Risk,86,86,92,86,92,92,,,,,86,-6,58,66,60,54,58,67,42,0,26,0,0,0,,0,,,,,,,0,0,0,0,0,0,0,0,0,"{""matches"":0,""wins"":0,""losses"":0,""draws"":0,""winPercentage"":0,""eventsEntered"":0,""titles"":0,""finals"":0,""prizeMoney"":0,""points"":0}",,,,,,,,,,,,,,82,,false,false,true,,71,18,9,2,7,1,0,0,0,0,0,0,0,9,9,estimated from season exits versus eligible schedule | 9 eligible events not entered,Rookie Pro,normal,,,true,true,false,true,0,0,0,,0,true,,mainTour,mainTour,,,true,true,
2030/31,wp-luca-mercer-a,Luca Mercer A,16,ENG,Rookie,Rookie Pro / Bubble,false,true,true,Federation Route,1,2,2032/33,At Risk,87,87,93,87,93,93,,,,,87,-6,58,67,60,53,58,67,42,0,25,0,0,0,,0,,,,,,,0,0,0,0,0,0,0,0,0,"{""matches"":0,""wins"":0,""losses"":0,""draws"":0,""winPercentage"":0,""eventsEntered"":0,""titles"":0,""finals"":0,""prizeMoney"":0,""points"":0}",,,,,,,,,,,,,,87,,false,false,true,,71,18,9,2,7,1,0,0,0,0,0,0,0,9,9,estimated from season exits versus eligible schedule | 9 eligible events not entered,Rookie Pro,normal,,,true,true,false,true,0,0,0,,0,true,,mainTour,mainTour,,,true,true,
2030/31,wp-luca-mercer-b,Luca Mercer B,16,ENG,Rookie,Rookie Pro / Bubble,false,true,true,Federation Route,1,2,2032/33,At Risk,,94,94,94,94,94,,,,,,,69,77,71,67,69,84,71,3,22,3,2,1,66.66666666666666,2,,,,,,,0,67,3,2,1,66.66666666666666,2,0,0,"{""matches"":3,""wins"":2,""losses"":1,""draws"":0,""winPercentage"":66.66666666666666,""eventsEntered"":0,""titles"":2,""finals"":0,""prizeMoney"":0,""points"":0}",,,,,,,,,,,,,,,,false,false,true,,71,18,9,2,7,1,0,0,0,0,0,0,0,9,9,estimated from season exits versus eligible schedule | 9 eligible events not entered,Rookie Pro,normal,,,true,true,false,false,0,0,0,,2,false,,mainTour,mainTour,,,true,true,
2030/31,wp-luca-wren,Luca Wren,35,SCO,Established,Rookie Pro / Bubble,false,true,true,Playoff Route,2,1,2031/32,Rookie Year 2,88,88,95,88,95,95,,,,,88,-7,68,73,70,66,66,77,42,0,40,0,0,0,,0,,,,,,,0,0,0,0,0,0,0,0,0,"{""matches"":0,""wins"":0,""losses"":0,""draws"":0,""winPercentage"":0,""eventsEntered"":0,""titles"":0,""finals"":0,""prizeMoney"":0,""points"":0}",,,,,,,,,,,,,,4,,false,false,true,,71,18,9,2,7,1,0,0,0,0,0,0,0,9,9,estimated from season exits versus eligible schedule | 9 eligible events not entered,Rookie Pro,normal,,,true,true,false,true,0,0,0,,0,true,,mainTour,mainTour,,,true,true,
2030/31,wp-marcus-crane,Marcus Crane,38,WAL,Established,Rookie Pro / Bubble,false,true,true,Playoff Route,1,2,2032/33,At Risk,,96,96,96,96,96,,,,,,,89,93,90,91,86,99,83,1,41,1,1,0,100,1,,,,,,,0,116,1,1,0,100,1,0,0,"{""matches"":1,""wins"":1,""losses"":0,""draws"":0,""winPercentage"":100,""eventsEntered"":0,""titles"":1,""finals"":0,""prizeMoney"":0,""points"":0}",,,,,,,,,,,,,,14,,false,false,true,,71,18,9,2,7,1,0,0,0,0,0,0,0,9,9,estimated from season exits versus eligible schedule | 9 eligible events not entered,Rookie Pro,normal,,,true,true,false,false,0,0,0,,1,false,,mainTour,mainTour,,,true,true,
2030/31,wp-marcus-dawes,Marcus Dawes,32,WAL,Established,Rookie Pro / Bubble,false,true,true,Q School,2,1,2031/32,Rookie Year 2,89,89,97,89,97,97,,,,,89,-8,58,59,60,54,57,67,42,0,26,0,0,0,,0,,,,,,,0,0,0,0,0,0,0,0,0,"{""matches"":0,""wins"":0,""losses"":0,""draws"":0,""winPercentage"":0,""eventsEntered"":0,""titles"":0,""finals"":0,""prizeMoney"":0,""points"":0}",,,,,,,,,,,,,,85,,false,false,true,,71,18,9,2,7,1,0,0,0,0,0,0,0,9,9,estimated from season exits versus eligible schedule | 9 eligible events not entered,Rookie Pro,normal,,,true,true,false,true,0,0,0,,0,true,,mainTour,mainTour,,,true,true,
2030/31,wp-marcus-mercer,Marcus Mercer,22,WAL,Rookie,Rookie Pro / Bubble,false,true,true,Federation Route,1,2,2032/33,At Risk,91,91,98,91,98,98,,,,,91,-7,58,63,60,54,58,67,42,0,27,0,0,0,,0,,,,,,,0,0,0,0,0,0,0,0,0,"{""matches"":0,""wins"":0,""losses"":0,""draws"":0,""winPercentage"":0,""eventsEntered"":0,""titles"":0,""finals"":0,""prizeMoney"":0,""points"":0}",,,,,,,,,,,,,,78,,false,false,true,,71,18,9,2,7,1,0,0,0,0,0,0,0,9,9,estimated from season exits versus eligible schedule | 9 eligible events not entered,Rookie Pro,normal,,,true,true,false,true,0,0,0,,0,true,,mainTour,mainTour,,,true,true,
2030/31,wp-marcus-sloan,Marcus Sloan,32,WAL,Established,Rookie Pro / Bubble,false,true,true,Q School,2,1,2031/32,Rookie Year 2,93,93,99,93,99,99,,,,,93,-6,60,62,62,56,59,69,42,0,30,0,0,0,,0,,,,,,,0,0,0,0,0,0,0,0,0,"{""matches"":0,""wins"":0,""losses"":0,""draws"":0,""winPercentage"":0,""eventsEntered"":0,""titles"":0,""finals"":0,""prizeMoney"":0,""points"":0}",,,,,,,,,,,,,,62,,false,false,true,,71,18,9,2,7,1,0,0,0,0,0,0,0,9,9,estimated from season exits versus eligible schedule | 9 eligible events not entered,Rookie Pro,normal,,,true,true,false,true,0,0,0,,0,true,,mainTour,mainTour,,,true,true,
2030/31,wp-mason-keane,Mason Keane,23,IRL,Rookie,Rookie Pro / Bubble,false,true,true,Federation Route,1,2,2032/33,At Risk,96,96,100,96,100,100,,,,,96,-4,57,61,59,52,57,66,42,0,24,0,0,0,,0,,,,,,,0,0,0,0,0,0,0,0,0,"{""matches"":0,""wins"":0,""losses"":0,""draws"":0,""winPercentage"":0,""eventsEntered"":0,""titles"":0,""finals"":0,""prizeMoney"":0,""points"":0}",,,,,,,,,,,,,,92,,false,false,true,,71,18,9,2,7,1,0,0,0,0,0,0,0,9,9,estimated from season exits versus eligible schedule | 9 eligible events not entered,Rookie Pro,normal,,,true,true,false,true,0,0,0,,0,true,,mainTour,mainTour,,,true,true,
2030/31,wp-mason-mercer,Mason Mercer,25,IRL,Established,Rookie Pro / Bubble,false,true,true,Federation Route,1,2,2032/33,At Risk,97,97,101,97,101,101,,,,,97,-4,58,61,60,54,58,67,42,0,26,0,0,0,,0,,,,,,,0,0,0,0,0,0,0,0,0,"{""matches"":0,""wins"":0,""losses"":0,""draws"":0,""winPercentage"":0,""eventsEntered"":0,""titles"":0,""finals"":0,""prizeMoney"":0,""points"":0}",,,,,,,,,,,,,,81,,false,false,true,,71,18,9,2,7,1,0,0,0,0,0,0,0,9,9,estimated from season exits versus eligible schedule | 9 eligible events not entered,Rookie Pro,normal,,,true,true,false,true,0,0,0,,0,true,,mainTour,mainTour,,,true,true,
2030/31,wp-mika-keane,Mika Keane,18,WAL,Rookie,Rookie Pro / Bubble,false,true,true,Playoff Route,1,2,2032/33,At Risk,101,101,102,101,102,102,,,,,101,-1,56,63,58,51,56,65,42,0,24,0,0,0,,0,,,,,,,0,0,0,0,0,0,0,0,0,"{""matches"":0,""wins"":0,""losses"":0,""draws"":0,""winPercentage"":0,""eventsEntered"":0,""titles"":0,""finals"":0,""prizeMoney"":0,""points"":0}",,,,,,,,,,,,,,97,,false,false,true,,71,18,9,2,7,1,0,0,0,0,0,0,0,9,9,estimated from season exits versus eligible schedule | 9 eligible events not entered,Rookie Pro,normal,,,true,true,false,true,0,0,0,,0,true,,mainTour,mainTour,under18-full-main-tour-access,,false,false,under18-full-main-tour-access
2030/31,wp-mika-keane-a,Mika Keane A,18,WAL,Rookie,Rookie Pro / Bubble,false,true,true,Playoff Route,1,2,2032/33,At Risk,102,102,103,102,103,103,,,,,102,-1,55,62,57,50,55,64,42,0,23,0,0,0,,0,,,,,,,0,0,1,0,1,0,0,0,0,"{""matches"":1,""wins"":0,""losses"":1,""draws"":0,""winPercentage"":0,""eventsEntered"":0,""titles"":0,""finals"":0,""prizeMoney"":0,""points"":0}",,,,,,,,,,,,,,102,,false,false,true,,71,18,9,2,7,1,0,0,0,0,0,0,0,9,9,estimated from season exits versus eligible schedule | 9 eligible events not entered,Rookie Pro,normal,,,true,true,false,true,0,0,0,,0,true,,mainTour,mainTour,under18-full-main-tour-access,,false,false,under18-full-main-tour-access
2030/31,wp-mika-keane-b,Mika Keane B,16,IRL,Rookie,Rookie Pro / Bubble,false,true,true,Federation Route,1,2,2032/33,At Risk,,104,104,104,104,104,,,,,,,52,60,54,46,52,61,42,0,18,0,0,0,,0,,,,,,,0,2,0,0,0,0,0,0,0,"{""matches"":0,""wins"":0,""losses"":0,""draws"":0,""winPercentage"":0,""eventsEntered"":0,""titles"":0,""finals"":0,""prizeMoney"":0,""points"":0}",,,,,,,,,,,,,,,,false,false,true,,71,18,9,2,7,1,0,0,0,0,0,0,0,9,9,estimated from season exits versus eligible schedule | 9 eligible events not entered,Rookie Pro,normal,,,true,true,false,false,0,0,0,,0,false,,mainTour,mainTour,,,true,true,
2030/31,wp-milan-frost,Milan Frost,39,WAL,Established,Rookie Pro / Bubble,false,true,true,Playoff Route,2,1,2031/32,Rookie Year 2,103,103,105,103,105,105,,,,,103,-2,67,72,68,65,64,75,41,3,41,0,0,0,,0,,,,,,,0,0,0,0,0,0,0,0,0,"{""matches"":0,""wins"":0,""losses"":0,""draws"":0,""winPercentage"":0,""eventsEntered"":0,""titles"":0,""finals"":0,""prizeMoney"":0,""points"":0}",,,,,,,,,,,,,,2,,false,false,true,,71,18,9,2,7,1,0,0,0,0,0,0,0,9,9,estimated from season exits versus eligible schedule | 9 eligible events not entered,Rookie Pro,normal,,,true,true,false,true,0,0,0,,0,true,,mainTour,mainTour,,,true,true,
2030/31,wp-noah-bennett,Noah Bennett,20,IRL,Rookie,Rookie Pro / Bubble,false,true,true,Playoff Route,1,2,2032/33,At Risk,105,105,106,105,106,106,,,,,105,-1,55,61,57,50,55,64,42,0,23,0,0,0,,0,,,,,,,0,0,0,0,0,0,0,0,0,"{""matches"":0,""wins"":0,""losses"":0,""draws"":0,""winPercentage"":0,""eventsEntered"":0,""titles"":0,""finals"":0,""prizeMoney"":0,""points"":0}",,,,,,,,,,,,,,100,,false,false,true,,71,18,9,2,7,1,0,0,0,0,0,0,0,9,9,estimated from season exits versus eligible schedule | 9 eligible events not entered,Rookie Pro,normal,,,true,true,false,true,0,0,0,,0,true,,mainTour,mainTour,,,true,true,
2030/31,wp-noah-bennett-a,Noah Bennett A,18,AUS,Rookie,Rookie Pro / Bubble,false,true,true,Playoff Route,1,2,2032/33,At Risk,106,106,107,106,107,107,,,,,106,-1,54,61,56,49,54,63,42,0,22,0,0,0,,0,,,,,,,0,0,0,0,0,0,0,0,0,"{""matches"":0,""wins"":0,""losses"":0,""draws"":0,""winPercentage"":0,""eventsEntered"":0,""titles"":0,""finals"":0,""prizeMoney"":0,""points"":0}",,,,,,,,,,,,,,106,,false,false,true,,71,18,9,2,7,1,0,0,0,0,0,0,0,9,9,estimated from season exits versus eligible schedule | 9 eligible events not entered,Rookie Pro,normal,,,true,true,false,true,0,0,0,,0,true,,mainTour,mainTour,under18-full-main-tour-access,,false,false,under18-full-main-tour-access
2030/31,wp-noah-bennett-b,Noah Bennett B,15,AUS,Rookie,Rookie Pro / Bubble,false,true,true,Federation Route,1,2,2032/33,At Risk,,108,108,108,108,108,,,,,,,74,83,76,73,74,92,83,0,20,1,1,0,100,1,,,,,,,0,24,1,1,0,100,1,0,0,"{""matches"":1,""wins"":1,""losses"":0,""draws"":0,""winPercentage"":100,""eventsEntered"":0,""titles"":1,""finals"":0,""prizeMoney"":0,""points"":0}",,,,,,,,,,,,,,,,false,false,true,,71,18,9,2,7,1,0,0,0,0,0,0,0,9,9,estimated from season exits versus eligible schedule | 9 eligible events not entered,Rookie Pro,normal,,,true,true,false,false,0,0,0,,1,false,,mainTour,mainTour,,,true,true,
2030/31,wp-noah-veldt,Noah Veldt,37,NED,Established,Rookie Pro / Bubble,false,true,true,Playoff Route,1,2,2032/33,At Risk,,109,109,109,109,109,,,,,,,66,71,67,64,64,75,42,0,39,0,0,0,,0,,,,,,,0,51,0,0,0,0,0,0,0,"{""matches"":0,""wins"":0,""losses"":0,""draws"":0,""winPercentage"":0,""eventsEntered"":0,""titles"":0,""finals"":0,""prizeMoney"":0,""points"":0}",,,,,,,,,,,,,,11,,false,false,true,,71,18,9,2,7,1,0,0,0,0,0,0,0,9,9,estimated from season exits versus eligible schedule | 9 eligible events not entered,Rookie Pro,normal,,,true,true,false,false,0,0,0,,0,false,,mainTour,mainTour,,,true,true,
2030/31,wp-oliver-crane,Oliver Crane,38,ENG,Established,Rookie Pro / Bubble,false,true,true,Playoff Route,1,2,2032/33,At Risk,,110,110,110,110,110,,,,,,,65,70,66,63,62,74,42,1,39,0,0,0,,0,,,,,,,0,48,0,0,0,0,0,0,0,"{""matches"":0,""wins"":0,""losses"":0,""draws"":0,""winPercentage"":0,""eventsEntered"":0,""titles"":0,""finals"":0,""prizeMoney"":0,""points"":0}",,,,,,,,,,,,,,12,,false,false,true,,71,18,9,2,7,1,0,0,0,0,0,0,0,9,9,estimated from season exits versus eligible schedule | 9 eligible events not entered,Rookie Pro,normal,,,true,true,false,false,0,0,0,,0,false,,mainTour,mainTour,,,true,true,
2030/31,wp-oliver-dawes,Oliver Dawes,32,ENG,Established,Rookie Pro / Bubble,false,true,true,Q School,1,2,2032/33,At Risk,,111,111,111,111,111,,,,,,,54,54,56,49,53,63,42,0,23,0,0,0,,0,,,,,,,0,69,0,0,0,0,0,0,0,"{""matches"":0,""wins"":0,""losses"":0,""draws"":0,""winPercentage"":0,""eventsEntered"":0,""titles"":0,""finals"":0,""prizeMoney"":0,""points"":0}",,,,,,,,,,,,,,103,,false,false,true,,71,18,9,2,7,1,0,0,0,0,0,0,0,9,9,estimated from season exits versus eligible schedule | 9 eligible events not entered,Rookie Pro,normal,,,true,true,false,false,0,0,0,,0,false,,mainTour,mainTour,,,true,true,
2030/31,wp-oliver-zhou,Oliver Zhou,38,ENG,Established,Rookie Pro / Bubble,false,true,true,Playoff Route,1,2,2032/33,At Risk,,112,112,112,112,112,,,,,,,63,67,64,60,60,72,42,1,36,0,0,0,,0,,,,,,,0,42,0,0,0,0,0,0,0,"{""matches"":0,""wins"":0,""losses"":0,""draws"":0,""winPercentage"":0,""eventsEntered"":0,""titles"":0,""finals"":0,""prizeMoney"":0,""points"":0}",,,,,,,,,,,,,,28,,false,false,true,,71,18,9,2,7,1,0,0,0,0,0,0,0,9,9,estimated from season exits versus eligible schedule | 9 eligible events not entered,Rookie Pro,normal,,,true,true,false,false,0,0,0,,0,false,,mainTour,mainTour,,,true,true,
2030/31,wp-oscar-crane,Oscar Crane,36,ENG,Established,Rookie Pro / Bubble,false,true,true,Playoff Route,1,2,2032/33,At Risk,,113,113,113,113,113,,,,,,,64,68,66,61,62,73,42,0,37,0,0,0,,0,,,,,,,0,45,0,0,0,0,0,0,0,"{""matches"":0,""wins"":0,""losses"":0,""draws"":0,""winPercentage"":0,""eventsEntered"":0,""titles"":0,""finals"":0,""prizeMoney"":0,""points"":0}",,,,,,,,,,,,,,24,,false,false,true,,71,18,9,2,7,1,0,0,0,0,0,0,0,9,9,estimated from season exits versus eligible schedule | 9 eligible events not entered,Rookie Pro,normal,,,true,true,false,false,0,0,0,,0,false,,mainTour,mainTour,,,true,true,
2030/31,wp-oscar-holt,Oscar Holt,33,ENG,Established,Rookie Pro / Bubble,false,true,true,Q School,1,2,2032/33,At Risk,,114,114,114,114,114,,,,,,,60,63,62,56,59,69,42,0,31,0,0,0,,0,,,,,,,0,66,0,0,0,0,0,0,0,"{""matches"":0,""wins"":0,""losses"":0,""draws"":0,""winPercentage"":0,""eventsEntered"":0,""titles"":0,""finals"":0,""prizeMoney"":0,""points"":0}",,,,,,,,,,,,,,56,,false,false,true,,71,18,9,2,7,1,0,0,0,0,0,0,0,9,9,estimated from season exits versus eligible schedule | 9 eligible events not entered,Rookie Pro,normal,,,true,true,false,false,0,0,0,,0,false,,mainTour,mainTour,,,true,true,
2030/31,wp-oscar-sloan,Oscar Sloan,32,ENG,Established,Rookie Pro / Bubble,false,true,true,Playoff Route,2,1,2031/32,Rookie Year 2,115,115,115,115,115,115,,,,,115,0,58,60,60,54,57,67,42,0,28,0,0,0,,0,,,,,,,0,0,0,0,0,0,0,0,0,"{""matches"":0,""wins"":0,""losses"":0,""draws"":0,""winPercentage"":0,""eventsEntered"":0,""titles"":0,""finals"":0,""prizeMoney"":0,""points"":0}",,,,,,,,,,,,,,72,,false,false,true,,71,18,9,2,7,1,0,0,0,0,0,0,0,9,9,estimated from season exits versus eligible schedule | 9 eligible events not entered,Rookie Pro,normal,,,true,true,false,false,0,0,0,,0,false,,mainTour,mainTour,,,true,true,
2030/31,wp-oscar-zhou,Oscar Zhou,35,ENG,Established,Rookie Pro / Bubble,false,true,true,Playoff Route,1,2,2032/33,At Risk,,116,116,116,116,116,,,,,,,62,66,64,59,60,71,42,0,34,0,0,0,,0,,,,,,,0,60,0,0,0,0,0,0,0,"{""matches"":0,""wins"":0,""losses"":0,""draws"":0,""winPercentage"":0,""eventsEntered"":0,""titles"":0,""finals"":0,""prizeMoney"":0,""points"":0}",,,,,,,,,,,,,,40,,false,false,true,,71,18,9,2,7,1,0,0,0,0,0,0,0,9,9,estimated from season exits versus eligible schedule | 9 eligible events not entered,Rookie Pro,normal,,,true,true,false,false,0,0,0,,0,false,,mainTour,mainTour,,,true,true,
2030/31,wp-rory-flint,Rory Flint,33,ENG,Established,Rookie Pro / Bubble,false,true,true,Playoff Route,2,1,2031/32,Rookie Year 2,118,118,117,118,117,117,,,,,118,1,65,70,67,63,64,74,42,0,40,0,0,0,,0,,,,,,,0,0,0,0,0,0,0,0,0,"{""matches"":0,""wins"":0,""losses"":0,""draws"":0,""winPercentage"":0,""eventsEntered"":0,""titles"":0,""finals"":0,""prizeMoney"":0,""points"":0}",,,,,,,,,,,,,,8,,false,false,true,,71,18,9,2,7,1,0,0,0,0,0,0,0,9,9,estimated from season exits versus eligible schedule | 9 eligible events not entered,Rookie Pro,normal,,,true,true,false,false,0,0,0,,0,false,,mainTour,mainTour,,,true,true,
2030/31,wp-rory-vale,Rory Vale,18,ENG,Rookie,Rookie Pro / Bubble,false,true,true,Playoff Route,1,2,2032/33,At Risk,119,119,118,119,118,118,,,,,119,1,52,59,54,47,52,61,42,0,20,0,0,0,,0,,,,,,,0,0,0,0,0,0,0,0,0,"{""matches"":0,""wins"":0,""losses"":0,""draws"":0,""winPercentage"":0,""eventsEntered"":0,""titles"":0,""finals"":0,""prizeMoney"":0,""points"":0}",,,,,,,,,,,,,,118,,false,false,true,,71,18,9,2,7,1,0,0,0,0,0,0,0,9,9,estimated from season exits versus eligible schedule | 9 eligible events not entered,Rookie Pro,normal,,,true,true,false,false,0,0,0,,0,false,,mainTour,mainTour,under18-full-main-tour-access,,false,false,under18-full-main-tour-access
2030/31,wp-rory-vale-a,Rory Vale A,18,ENG,Rookie,Rookie Pro / Bubble,false,true,true,Playoff Route,1,2,2032/33,At Risk,120,120,119,120,119,119,,,,,120,1,52,59,54,47,52,61,42,0,20,0,0,0,,0,,,,,,,0,0,1,0,1,0,0,0,0,"{""matches"":1,""wins"":0,""losses"":1,""draws"":0,""winPercentage"":0,""eventsEntered"":0,""titles"":0,""finals"":0,""prizeMoney"":0,""points"":0}",,,,,,,,,,,,,,119,,false,false,true,,71,18,9,2,7,1,0,0,0,0,0,0,0,9,9,estimated from season exits versus eligible schedule | 9 eligible events not entered,Rookie Pro,normal,,,true,true,false,false,0,0,0,,0,false,,mainTour,mainTour,under18-full-main-tour-access,,false,false,under18-full-main-tour-access
2030/31,wp-rory-vale-b,Rory Vale B,18,ENG,Rookie,Rookie Pro / Bubble,false,true,true,Playoff Route,1,2,2032/33,At Risk,121,121,120,121,120,120,,,,,121,1,52,59,54,47,52,61,42,0,19,0,0,0,,0,,,,,,,0,0,0,0,0,0,0,0,0,"{""matches"":0,""wins"":0,""losses"":0,""draws"":0,""winPercentage"":0,""eventsEntered"":0,""titles"":0,""finals"":0,""prizeMoney"":0,""points"":0}",,,,,,,,,,,,,,120,,false,false,true,,71,18,9,2,7,1,0,0,0,0,0,0,0,9,9,estimated from season exits versus eligible schedule | 9 eligible events not entered,Rookie Pro,normal,,,true,true,false,false,0,0,0,,0,false,,mainTour,mainTour,under18-full-main-tour-access,,false,false,under18-full-main-tour-access
2030/31,wp-rory-vale-c,Rory Vale C,14,BEL,Rookie,Rookie Pro / Bubble,false,true,true,Federation Route,1,2,2032/33,At Risk,,121,121,121,121,121,,,,,,,51,61,53,45,51,60,42,0,18,,,,,,,,,,,,,,0,0,0,0,0,0,0,"{""matches"":0,""wins"":0,""losses"":0,""draws"":0,""winPercentage"":0,""eventsEntered"":0,""titles"":0,""finals"":0,""prizeMoney"":0,""points"":0}",,,,,,,,,,,,,,,,,false,true,,71,18,9,2,7,1,0,0,0,0,0,0,0,9,9,estimated from season exits versus eligible schedule | 9 eligible events not entered,Rookie Pro,normal,,,true,true,false,false,0,0,0,,0,false,,mainTour,mainTour,,,true,true,
2030/31,wp-theo-mercer,Theo Mercer,33,GER,Established,Rookie Pro / Bubble,false,true,true,Playoff Route,1,2,2032/33,At Risk,,122,122,122,122,122,,,,,,,56,58,58,52,55,65,42,0,26,0,0,0,,0,,,,,,,0,9,0,0,0,0,0,0,0,"{""matches"":0,""wins"":0,""losses"":0,""draws"":0,""winPercentage"":0,""eventsEntered"":0,""titles"":0,""finals"":0,""prizeMoney"":0,""points"":0}",,,,,,,,,,,,,,83,,false,false,true,,71,18,9,2,7,1,0,0,0,0,0,0,0,9,9,estimated from season exits versus eligible schedule | 9 eligible events not entered,Rookie Pro,normal,,,true,true,false,false,0,0,0,,0,false,,mainTour,mainTour,,,true,true,
2030/31,wp-theo-sloan,Theo Sloan,36,GER,Established,Rookie Pro / Bubble,false,true,true,Playoff Route,1,2,2032/33,At Risk,,123,123,123,123,123,,,,,,,58,61,60,54,56,67,42,0,29,0,0,0,,0,,,,,,,0,3,0,0,0,0,0,0,0,"{""matches"":0,""wins"":0,""losses"":0,""draws"":0,""winPercentage"":0,""eventsEntered"":0,""titles"":0,""finals"":0,""prizeMoney"":0,""points"":0}",,,,,,,,,,,,,,67,,false,false,true,,71,18,9,2,7,1,0,0,0,0,0,0,0,9,9,estimated from season exits versus eligible schedule | 9 eligible events not entered,Rookie Pro,normal,,,true,true,false,false,0,0,0,,0,false,,mainTour,mainTour,,,true,true,
2030/31,wp-theo-zhou,Theo Zhou,38,GER,Established,Rookie Pro / Bubble,false,true,true,Playoff Route,1,2,2032/33,At Risk,,124,124,124,124,124,,,,,,,61,65,62,58,58,70,42,1,35,0,0,0,,0,,,,,,,0,38,0,0,0,0,0,0,0,"{""matches"":0,""wins"":0,""losses"":0,""draws"":0,""winPercentage"":0,""eventsEntered"":0,""titles"":0,""finals"":0,""prizeMoney"":0,""points"":0}",,,,,,,,,,,,,,35,,false,false,true,,71,18,9,2,7,1,0,0,0,0,0,0,0,9,9,estimated from season exits versus eligible schedule | 9 eligible events not entered,Rookie Pro,normal,,,true,true,false,false,0,0,0,,0,false,,mainTour,mainTour,,,true,true,
2030/31,wp-toby-hale,Toby Hale,20,SCO,Rookie,Rookie Pro / Bubble,false,true,true,Federation Route,1,2,2032/33,At Risk,126,126,125,126,125,125,,,,,126,1,50,56,52,44,50,59,42,0,18,0,0,0,,0,,,,,,,0,0,0,0,0,0,0,0,0,"{""matches"":0,""wins"":0,""losses"":0,""draws"":0,""winPercentage"":0,""eventsEntered"":0,""titles"":0,""finals"":0,""prizeMoney"":0,""points"":0}",,,,,,,,,,,,,,126,,false,false,true,,71,18,9,2,7,1,0,0,0,0,0,0,0,9,9,estimated from season exits versus eligible schedule | 9 eligible events not entered,Rookie Pro,normal,,,true,true,false,false,0,0,0,,0,false,,mainTour,mainTour,,,true,true,
2030/31,wp-toby-hale-a,Toby Hale A,17,SCO,Rookie,Rookie Pro / Bubble,false,true,true,Federation Route,1,2,2032/33,At Risk,127,127,126,127,126,126,,,,,127,1,62,70,64,59,62,76,63,0,20,0,0,0,,0,,,,,,,0,0,2,1,1,50,1,0,0,"{""matches"":2,""wins"":1,""losses"":1,""draws"":0,""winPercentage"":50,""eventsEntered"":0,""titles"":1,""finals"":0,""prizeMoney"":0,""points"":0}",,,,,,,,,,,,,,127,,false,false,true,,71,18,9,2,7,1,0,0,0,0,0,0,0,9,9,estimated from season exits versus eligible schedule | 9 eligible events not entered,Rookie Pro,normal,,,true,true,false,false,0,0,0,,0,false,,mainTour,mainTour,,,true,true,
2030/31,wp-toby-hale-b,Toby Hale B,14,ENG,Rookie,Rookie Pro / Bubble,false,true,true,Federation Route,1,2,2032/33,At Risk,,127,127,127,127,127,,,,,,,50,60,52,44,50,59,42,0,18,,,,,,,,,,,,,,0,0,0,0,0,0,0,"{""matches"":0,""wins"":0,""losses"":0,""draws"":0,""winPercentage"":0,""eventsEntered"":0,""titles"":0,""finals"":0,""prizeMoney"":0,""points"":0}",,,,,,,,,,,,,,,,,false,true,,71,18,9,2,7,1,0,0,0,0,0,0,0,9,9,estimated from season exits versus eligible schedule | 9 eligible events not entered,Rookie Pro,normal,,,true,true,false,false,0,0,0,,0,false,,mainTour,mainTour,,,true,true,
2030/31,wp-tomas-bell,Tomas Bell,35,IRE,Established,Rookie Pro / Bubble,false,true,true,Playoff Route,2,1,2031/32,Rookie Year 2,128,128,128,128,128,128,,,,,128,0,65,71,67,63,63,74,42,0,40,0,0,0,,0,,,,,,,0,0,0,0,0,0,0,0,0,"{""matches"":0,""wins"":0,""losses"":0,""draws"":0,""winPercentage"":0,""eventsEntered"":0,""titles"":0,""finals"":0,""prizeMoney"":0,""points"":0}",,,,,,,,,,,,,,5,,false,false,true,,71,18,9,2,7,1,0,0,0,0,0,0,0,9,9,estimated from season exits versus eligible schedule | 9 eligible events not entered,Rookie Pro,normal,,,true,true,false,false,0,0,0,,0,false,,mainTour,mainTour,,,true,true,
2030/31,wp-arlo-dawes-d,Arlo Dawes D,16,BEL,Youth,Amateur,false,false,false,,0,0,,Amateur,,,,,,,,,,,,,50,58,52,44,50,59,42,0,18,,,,,,,,,,,,,,0,0,0,0,0,0,0,"{""matches"":0,""wins"":0,""losses"":0,""draws"":0,""winPercentage"":0,""eventsEntered"":0,""titles"":0,""finals"":0,""prizeMoney"":0,""points"":0}",,,,,,,,,,,,,,,,,false,false,,71,37,14,0,0,0,0,0,7,4,0,3,0,23,0,estimated from season exits versus eligible schedule | 23 eligible events not entered,Youth,normal,,,false,false,false,false,0,0,0,,0,false,,youth,youth,,,true,true,
2030/31,wp-evan-mori-d,Evan Mori D,16,CHN,Youth,Amateur,false,false,false,,0,0,,Amateur,,,,,,,,,,,,,50,58,52,44,50,59,42,0,18,,,,,,,,,,,,,,0,0,0,0,0,0,0,"{""matches"":0,""wins"":0,""losses"":0,""draws"":0,""winPercentage"":0,""eventsEntered"":0,""titles"":0,""finals"":0,""prizeMoney"":0,""points"":0}",,,,,,,,,,,,,,,,,false,false,,71,37,14,0,0,0,0,0,7,4,0,3,0,23,0,estimated from season exits versus eligible schedule | 23 eligible events not entered,Youth,normal,,,false,false,false,false,0,0,0,,0,false,,youth,youth,,,true,true,
2030/31,wp-finn-cross-c,Finn Cross C,15,SCO,Youth,Amateur,false,false,false,,0,0,,Amateur,,,,,,,,,,,,,50,59,52,44,50,59,42,0,18,,,,,,,,,,,,,,0,0,0,0,0,0,0,"{""matches"":0,""wins"":0,""losses"":0,""draws"":0,""winPercentage"":0,""eventsEntered"":0,""titles"":0,""finals"":0,""prizeMoney"":0,""points"":0}",,,,,,,,,,,,,,,,,false,false,,71,37,14,0,0,0,0,0,7,4,0,3,0,23,0,estimated from season exits versus eligible schedule | 23 eligible events not entered,Youth,normal,,,false,false,false,false,0,0,0,,0,false,,youth,youth,,,true,true,
2030/31,wp-leo-crane,Leo Crane,33,POL,Amateur,Q School,false,false,false,,0,0,,Amateur,68,68,,68,,,29,29,29,,68,,63,68,65,60,62,72,42,0,37,0,0,0,,0,,,,,,,0,0,0,0,0,0,0,0,0,"{""matches"":0,""wins"":0,""losses"":0,""draws"":0,""winPercentage"":0,""eventsEntered"":0,""titles"":0,""finals"":0,""prizeMoney"":0,""points"":0}",,,,,,,,,,,,,,21,,false,false,false,,71,18,3,0,0,0,0,0,0,3,0,0,0,15,8,estimated from season exits versus eligible schedule | 15 eligible events not entered,Q School,normal,,,false,false,false,false,0,0,0,,0,false,,amateur,qSchool,,,true,true,
2030/31,wp-leo-holt,Leo Holt,35,POL,Amateur,Q School,false,false,false,,0,0,,Amateur,69,69,,69,,,32,32,32,,69,,59,63,61,56,57,68,42,0,32,0,0,0,,0,,,,,,,0,0,0,0,0,0,0,0,0,"{""matches"":0,""wins"":0,""losses"":0,""draws"":0,""winPercentage"":0,""eventsEntered"":0,""titles"":0,""finals"":0,""prizeMoney"":0,""points"":0}",,,,,,,,,,,,,,53,,false,false,false,,71,18,3,0,0,0,0,0,0,3,0,0,0,15,8,estimated from season exits versus eligible schedule | 15 eligible events not entered,Q School,normal,,,false,false,false,false,0,0,0,,0,false,,amateur,qSchool,,,true,true,
2030/31,wp-leo-mercer,Leo Mercer,27,POL,Amateur,Q School,false,false,false,,0,0,,Amateur,71,71,,71,,,8,8,8,,71,,58,62,60,54,58,67,42,0,29,0,0,0,,0,,,,,,,0,0,0,0,0,0,0,0,0,"{""matches"":0,""wins"":0,""losses"":0,""draws"":0,""winPercentage"":0,""eventsEntered"":0,""titles"":0,""finals"":0,""prizeMoney"":0,""points"":0}",,,,,,,,,,,,,,65,,false,false,false,,71,18,3,0,0,0,0,0,0,3,0,0,0,15,8,estimated from season exits versus eligible schedule | 15 eligible events not entered,Q School,normal,,,false,false,false,false,0,0,0,,0,false,,qSchool,qSchool,,,true,true,
2030/31,wp-leo-nash,Leo Nash,27,POL,Amateur,Q School,false,false,false,,0,0,,Amateur,72,72,,72,,,9,9,9,,72,,57,61,59,53,57,66,42,0,29,0,0,0,,0,,,,,,,0,0,0,0,0,0,0,0,0,"{""matches"":0,""wins"":0,""losses"":0,""draws"":0,""winPercentage"":0,""eventsEntered"":0,""titles"":0,""finals"":0,""prizeMoney"":0,""points"":0}",,,,,,,,,,,,,,66,,false,false,false,,71,18,3,0,0,0,0,0,0,3,0,0,0,15,8,estimated from season exits versus eligible schedule | 15 eligible events not entered,Q School,normal,,,false,false,false,false,0,0,0,,0,false,,qSchool,qSchool,,,true,true,
2030/31,wp-leo-sloan,Leo Sloan,26,POL,Amateur,Q School,false,false,false,,0,0,,Amateur,73,73,,73,,,4,4,4,,73,,57,61,59,53,57,66,42,0,29,0,0,0,,0,,,,,,,0,0,0,0,0,0,0,0,0,"{""matches"":0,""wins"":0,""losses"":0,""draws"":0,""winPercentage"":0,""eventsEntered"":0,""titles"":0,""finals"":0,""prizeMoney"":0,""points"":0}",,,,,,,,,,,,,,67,,false,false,false,,71,18,3,0,0,0,0,0,0,3,0,0,0,15,8,estimated from season exits versus eligible schedule | 15 eligible events not entered,Q School,normal,,,false,false,false,false,0,0,0,,0,false,,qSchool,qSchool,,,true,true,
2030/31,wp-leo-zhou,Leo Zhou,54,POL,Veteran,Senior Tour / Legend Circuit,false,false,false,,0,0,,Amateur,,,,,,,,,,2,,,61,66,59,56,51,62,26,26,34,0,0,0,,0,,,,,,,0,2,0,0,0,0,0,0,0,"{""matches"":0,""wins"":0,""losses"":0,""draws"":0,""winPercentage"":0,""eventsEntered"":0,""titles"":0,""finals"":0,""prizeMoney"":0,""points"":0}",,,,,,,,,,,,,,37,,false,false,false,,71,6,6,0,0,0,0,0,0,0,0,0,6,0,0,,Senior/Legend,normal,,,false,false,false,false,0,0,0,,0,false,,senior,senior,,,true,true,
2030/31,wp-lewis-mercer,Lewis Mercer,27,CHN,Amateur,Q School,false,false,false,,0,0,,Amateur,75,75,,75,,,10,10,10,,75,,57,61,59,53,57,66,42,0,28,0,0,0,,0,,,,,,,0,0,0,0,0,0,0,0,0,"{""matches"":0,""wins"":0,""losses"":0,""draws"":0,""winPercentage"":0,""eventsEntered"":0,""titles"":0,""finals"":0,""prizeMoney"":0,""points"":0}",,,,,,,,,,,,,,71,,false,false,false,,71,18,3,0,0,0,0,0,0,3,0,0,0,15,8,estimated from season exits versus eligible schedule | 15 eligible events not entered,Q School,normal,,,false,false,false,false,0,0,0,,0,false,,qSchool,qSchool,,,true,true,
2030/31,wp-liam-dawes,Liam Dawes,30,CHN,Amateur,Q School,false,false,false,,0,0,,Amateur,79,79,,79,,,19,19,19,,79,,56,59,58,52,56,65,42,0,27,0,0,0,,0,,,,,,,0,0,0,0,0,0,0,0,0,"{""matches"":0,""wins"":0,""losses"":0,""draws"":0,""winPercentage"":0,""eventsEntered"":0,""titles"":0,""finals"":0,""prizeMoney"":0,""points"":0}",,,,,,,,,,,,,,76,,false,false,false,,71,18,3,0,0,0,0,0,0,3,0,0,0,15,8,estimated from season exits versus eligible schedule | 15 eligible events not entered,Q School,normal,,,false,false,false,false,0,0,0,,0,false,,qSchool,qSchool,,,true,true,
2030/31,wp-liam-mercer,Liam Mercer,36,CHN,Amateur,Amateur,false,false,false,,0,0,,Amateur,82,82,,82,,,33,,,,82,,56,59,58,52,54,65,42,0,27,0,0,0,,0,,,,,,,0,0,0,0,0,0,0,0,0,"{""matches"":0,""wins"":0,""losses"":0,""draws"":0,""winPercentage"":0,""eventsEntered"":0,""titles"":0,""finals"":0,""prizeMoney"":0,""points"":0}",,,,,,,,,,,,,,77,,false,false,false,,71,18,14,0,0,0,0,0,7,4,3,0,0,4,0,estimated from season exits versus eligible schedule | 4 eligible events not entered,Amateur,normal,,,false,false,false,false,0,0,0,,0,false,,amateur,amateur,,,true,true,
2030/31,wp-liam-sloan,Liam Sloan,30,CHN,Amateur,Q School,false,false,false,,0,0,,Amateur,84,84,,84,,,21,21,21,,84,,58,61,60,54,58,67,42,0,30,0,0,0,,0,,,,,,,0,0,0,0,0,0,0,0,0,"{""matches"":0,""wins"":0,""losses"":0,""draws"":0,""winPercentage"":0,""eventsEntered"":0,""titles"":0,""finals"":0,""prizeMoney"":0,""points"":0}",,,,,,,,,,,,,,61,,false,false,false,,71,18,3,0,0,0,0,0,0,3,0,0,0,15,8,estimated from season exits versus eligible schedule | 15 eligible events not entered,Q School,normal,,,false,false,false,false,0,0,0,,0,false,,qSchool,qSchool,,,true,true,
2030/31,wp-liam-zhou,Liam Zhou,31,CHN,Amateur,Q School,false,false,false,,0,0,,Amateur,85,85,,85,,,24,24,24,,85,,62,67,64,59,62,71,42,0,36,0,0,0,,0,,,,,,,0,0,0,0,0,0,0,0,0,"{""matches"":0,""wins"":0,""losses"":0,""draws"":0,""winPercentage"":0,""eventsEntered"":0,""titles"":0,""finals"":0,""prizeMoney"":0,""points"":0}",,,,,,,,,,,,,,29,,false,false,false,,71,18,3,0,0,0,0,0,0,3,0,0,0,15,8,estimated from season exits versus eligible schedule | 15 eligible events not entered,Q School,normal,,,false,false,false,false,0,0,0,,0,false,,qSchool,qSchool,,,true,true,
2030/31,wp-luca-mercer-c,Luca Mercer C,16,ENG,Youth,Amateur,false,false,false,,0,0,,Amateur,,,,,,,,,,,,,50,58,52,44,50,59,42,0,18,,,,,,,,,,,,,,0,0,0,0,0,0,0,"{""matches"":0,""wins"":0,""losses"":0,""draws"":0,""winPercentage"":0,""eventsEntered"":0,""titles"":0,""finals"":0,""prizeMoney"":0,""points"":0}",,,,,,,,,,,,,,,,,false,false,,71,37,14,0,0,0,0,0,7,4,0,3,0,23,0,estimated from season exits versus eligible schedule | 23 eligible events not entered,Youth,normal,,,false,false,false,false,0,0,0,,0,false,,youth,youth,,,true,true,
2030/31,wp-marcus-holt,Marcus Holt,31,WAL,Amateur,Q School,false,false,false,,0,0,,Amateur,90,90,,90,,,25,25,25,,90,,60,64,62,57,60,69,42,0,33,0,0,0,,0,,,,,,,0,0,0,0,0,0,0,0,0,"{""matches"":0,""wins"":0,""losses"":0,""draws"":0,""winPercentage"":0,""eventsEntered"":0,""titles"":0,""finals"":0,""prizeMoney"":0,""points"":0}",,,,,,,,,,,,,,46,,false,false,false,,71,18,3,0,0,0,0,0,0,3,0,0,0,15,8,estimated from season exits versus eligible schedule | 15 eligible events not entered,Q School,normal,,,false,false,false,false,0,0,0,,0,false,,amateur,qSchool,,,true,true,
2030/31,wp-marcus-keane,Marcus Keane,53,WAL,Veteran,Senior Tour / Legend Circuit,false,false,false,,0,0,,Amateur,,,,,,,,,,3,,,55,57,53,49,45,56,27,25,25,0,0,0,,0,,,,,,,0,1,0,0,0,0,0,0,0,"{""matches"":0,""wins"":0,""losses"":0,""draws"":0,""winPercentage"":0,""eventsEntered"":0,""titles"":0,""finals"":0,""prizeMoney"":0,""points"":0}",,,,,,,,,,,,,,88,,false,false,false,,71,6,6,0,0,0,0,0,0,0,0,0,6,0,0,,Senior/Legend,normal,,,false,false,false,false,0,0,0,,0,false,,amateur,senior,,,true,true,
2030/31,wp-marcus-nash,Marcus Nash,30,WAL,Amateur,Q School,false,false,false,,0,0,,Amateur,92,92,,92,,,22,22,22,,92,,55,57,57,50,55,64,42,0,25,0,0,0,,0,,,,,,,0,0,0,0,0,0,0,0,0,"{""matches"":0,""wins"":0,""losses"":0,""draws"":0,""winPercentage"":0,""eventsEntered"":0,""titles"":0,""finals"":0,""prizeMoney"":0,""points"":0}",,,,,,,,,,,,,,88,,false,false,false,,71,18,3,0,0,0,0,0,0,3,0,0,0,15,8,estimated from season exits versus eligible schedule | 15 eligible events not entered,Q School,normal,,,false,false,false,false,0,0,0,,0,false,,qSchool,qSchool,,,true,true,
2030/31,wp-marcus-zhou,Marcus Zhou,29,WAL,Amateur,Q School,false,false,false,,0,0,,Amateur,94,94,,94,,,15,15,15,,94,,62,67,64,59,62,71,42,0,36,0,0,0,,0,,,,,,,0,0,0,0,0,0,0,0,0,"{""matches"":0,""wins"":0,""losses"":0,""draws"":0,""winPercentage"":0,""eventsEntered"":0,""titles"":0,""finals"":0,""prizeMoney"":0,""points"":0}",,,,,,,,,,,,,,30,,false,false,false,,71,18,3,0,0,0,0,0,0,3,0,0,0,15,8,estimated from season exits versus eligible schedule | 15 eligible events not entered,Q School,normal,,,false,false,false,false,0,0,0,,0,false,,qSchool,qSchool,,,true,true,
2030/31,wp-mason-crane,Mason Crane,55,IRL,Veteran,Senior Tour / Legend Circuit,false,false,false,,0,0,,Amateur,,,,,,,,,,1,,,63,69,61,59,52,63,25,28,38,0,0,0,,0,,,,,,,0,3,0,0,0,0,0,0,0,"{""matches"":0,""wins"":0,""losses"":0,""draws"":0,""winPercentage"":0,""eventsEntered"":0,""titles"":0,""finals"":0,""prizeMoney"":0,""points"":0}",,,,,,,,,,,,,,17,,false,false,false,,71,6,6,0,0,0,0,0,0,0,0,0,6,0,0,,Senior/Legend,normal,,,false,false,false,false,0,0,0,,0,false,,senior,senior,,,true,true,
2030/31,wp-mason-holt,Mason Holt,28,IRL,Amateur,Q School,false,false,false,,0,0,,Amateur,95,95,,95,,,14,14,14,,95,,59,63,61,56,59,68,42,0,32,0,0,0,,0,,,,,,,0,0,0,0,0,0,0,0,0,"{""matches"":0,""wins"":0,""losses"":0,""draws"":0,""winPercentage"":0,""eventsEntered"":0,""titles"":0,""finals"":0,""prizeMoney"":0,""points"":0}",,,,,,,,,,,,,,49,,false,false,false,,71,18,3,0,0,0,0,0,0,3,0,0,0,15,8,estimated from season exits versus eligible schedule | 15 eligible events not entered,Q School,normal,,,false,false,false,false,0,0,0,,0,false,,qSchool,qSchool,,,true,true,
2030/31,wp-mason-nash,Mason Nash,25,IRL,Amateur,Q School,false,false,false,,0,0,,Amateur,98,98,,98,,,2,2,2,,98,,54,58,56,49,54,63,42,0,24,0,0,0,,0,,,,,,,0,0,0,0,0,0,0,0,0,"{""matches"":0,""wins"":0,""losses"":0,""draws"":0,""winPercentage"":0,""eventsEntered"":0,""titles"":0,""finals"":0,""prizeMoney"":0,""points"":0}",,,,,,,,,,,,,,94,,false,false,false,,71,18,3,0,0,0,0,0,0,3,0,0,0,15,8,estimated from season exits versus eligible schedule | 15 eligible events not entered,Q School,normal,,,false,false,false,false,0,0,0,,0,false,,qSchool,qSchool,,,true,true,
2030/31,wp-mason-sloan,Mason Sloan,26,IRL,Amateur,Q School,false,false,false,,0,0,,Amateur,99,99,,99,,,5,5,5,,99,,58,63,60,54,58,67,42,0,29,0,0,0,,0,,,,,,,0,0,0,0,0,0,0,0,0,"{""matches"":0,""wins"":0,""losses"":0,""draws"":0,""winPercentage"":0,""eventsEntered"":0,""titles"":0,""finals"":0,""prizeMoney"":0,""points"":0}",,,,,,,,,,,,,,65,,false,false,false,,71,18,3,0,0,0,0,0,0,3,0,0,0,15,8,estimated from season exits versus eligible schedule | 15 eligible events not entered,Q School,normal,,,false,false,false,false,0,0,0,,0,false,,qSchool,qSchool,,,true,true,
2030/31,wp-mason-zhou,Mason Zhou,30,IRL,Amateur,Q School,false,false,false,,0,0,,Amateur,100,100,,100,,,20,20,20,,100,,61,66,63,58,61,70,42,0,35,0,0,0,,0,,,,,,,0,0,0,0,0,0,0,0,0,"{""matches"":0,""wins"":0,""losses"":0,""draws"":0,""winPercentage"":0,""eventsEntered"":0,""titles"":0,""finals"":0,""prizeMoney"":0,""points"":0}",,,,,,,,,,,,,,33,,false,false,false,,71,18,3,0,0,0,0,0,0,3,0,0,0,15,8,estimated from season exits versus eligible schedule | 15 eligible events not entered,Q School,normal,,,false,false,false,false,0,0,0,,0,false,,qSchool,qSchool,,,true,true,
2030/31,wp-mika-keane-c,Mika Keane C,16,IRL,Youth,Amateur,false,false,false,,0,0,,Amateur,,,,,,,,,,,,,50,58,52,44,50,59,42,0,18,,,,,,,,,,,,,,0,0,0,0,0,0,0,"{""matches"":0,""wins"":0,""losses"":0,""draws"":0,""winPercentage"":0,""eventsEntered"":0,""titles"":0,""finals"":0,""prizeMoney"":0,""points"":0}",,,,,,,,,,,,,,,,,false,false,,71,37,14,0,0,0,0,0,7,4,0,3,0,23,0,estimated from season exits versus eligible schedule | 23 eligible events not entered,Youth,normal,,,false,false,false,false,0,0,0,,0,false,,youth,youth,,,true,true,
2030/31,wp-nico-arden,Nico Arden,33,BEL,Amateur,Q School,false,false,false,,0,0,,Amateur,104,104,,104,,,30,30,30,,104,,65,71,67,63,64,74,42,0,41,0,0,0,,0,,,,,,,0,0,0,0,0,0,0,0,0,"{""matches"":0,""wins"":0,""losses"":0,""draws"":0,""winPercentage"":0,""eventsEntered"":0,""titles"":0,""finals"":0,""prizeMoney"":0,""points"":0}",,,,,,,,,,,,,,1,,false,false,false,,71,18,3,0,0,0,0,0,0,3,0,0,0,15,8,estimated from season exits versus eligible schedule | 15 eligible events not entered,Q School,normal,,,false,false,false,false,0,0,0,,0,false,,amateur,qSchool,,,true,true,
2030/31,wp-noah-bennett-c,Noah Bennett C,15,AUS,Youth,Amateur,false,false,false,,0,0,,Amateur,,,,,,,,,,,,,50,59,52,44,50,59,42,0,18,,,,,,,,,,,,,,0,0,0,0,0,0,0,"{""matches"":0,""wins"":0,""losses"":0,""draws"":0,""winPercentage"":0,""eventsEntered"":0,""titles"":0,""finals"":0,""prizeMoney"":0,""points"":0}",,,,,,,,,,,,,,,,,false,false,,71,37,14,0,0,0,0,0,7,4,0,3,0,23,0,estimated from season exits versus eligible schedule | 23 eligible events not entered,Youth,normal,,,false,false,false,false,0,0,0,,0,false,,youth,youth,,,true,true,
2030/31,wp-oliver-holt,Oliver Holt,27,ENG,Amateur,Q School,false,false,false,,0,0,,Amateur,107,107,,107,,,11,11,11,,107,,60,65,62,57,60,69,42,0,33,0,0,0,,0,,,,,,,0,0,0,0,0,0,0,0,0,"{""matches"":0,""wins"":0,""losses"":0,""draws"":0,""winPercentage"":0,""eventsEntered"":0,""titles"":0,""finals"":0,""prizeMoney"":0,""points"":0}",,,,,,,,,,,,,,44,,false,false,false,,71,18,3,0,0,0,0,0,0,3,0,0,0,15,8,estimated from season exits versus eligible schedule | 15 eligible events not entered,Q School,normal,,,false,false,false,false,0,0,0,,0,false,,qSchool,qSchool,,,true,true,
2030/31,wp-oliver-keane,Oliver Keane,30,ENG,Amateur,Q School,false,false,false,,0,0,,Amateur,108,108,,108,,,23,23,23,,108,,54,56,56,49,54,63,42,0,24,0,0,0,,0,,,,,,,0,0,0,0,0,0,0,0,0,"{""matches"":0,""wins"":0,""losses"":0,""draws"":0,""winPercentage"":0,""eventsEntered"":0,""titles"":0,""finals"":0,""prizeMoney"":0,""points"":0}",,,,,,,,,,,,,,92,,false,false,false,,71,18,3,0,0,0,0,0,0,3,0,0,0,15,8,estimated from season exits versus eligible schedule | 15 eligible events not entered,Q School,normal,,,false,false,false,false,0,0,0,,0,false,,qSchool,qSchool,,,true,true,
2030/31,wp-oliver-mercer,Oliver Mercer,26,ENG,Amateur,Q School,false,false,false,,0,0,,Amateur,109,109,,109,,,6,6,6,,109,,56,60,58,52,56,65,42,0,27,0,0,0,,0,,,,,,,0,0,0,0,0,0,0,0,0,"{""matches"":0,""wins"":0,""losses"":0,""draws"":0,""winPercentage"":0,""eventsEntered"":0,""titles"":0,""finals"":0,""prizeMoney"":0,""points"":0}",,,,,,,,,,,,,,76,,false,false,false,,71,18,3,0,0,0,0,0,0,3,0,0,0,15,8,estimated from season exits versus eligible schedule | 15 eligible events not entered,Q School,normal,,,false,false,false,false,0,0,0,,0,false,,qSchool,qSchool,,,true,true,
2030/31,wp-oliver-nash,Oliver Nash,26,ENG,Amateur,Q School,false,false,false,,0,0,,Amateur,110,110,,110,,,7,7,7,,110,,53,55,55,48,53,62,42,0,22,0,0,0,,0,,,,,,,0,0,0,0,0,0,0,0,0,"{""matches"":0,""wins"":0,""losses"":0,""draws"":0,""winPercentage"":0,""eventsEntered"":0,""titles"":0,""finals"":0,""prizeMoney"":0,""points"":0}",,,,,,,,,,,,,,107,,false,false,false,,71,18,3,0,0,0,0,0,0,3,0,0,0,15,8,estimated from season exits versus eligible schedule | 15 eligible events not entered,Q School,normal,,,false,false,false,false,0,0,0,,0,false,,qSchool,qSchool,,,true,true,
2030/31,wp-oliver-sloan,Oliver Sloan,31,ENG,Amateur,Q School,false,false,false,,0,0,,Amateur,111,111,,111,,,26,26,26,,111,,58,61,60,54,58,67,42,0,30,0,0,0,,0,,,,,,,0,0,0,0,0,0,0,0,0,"{""matches"":0,""wins"":0,""losses"":0,""draws"":0,""winPercentage"":0,""eventsEntered"":0,""titles"":0,""finals"":0,""prizeMoney"":0,""points"":0}",,,,,,,,,,,,,,60,,false,false,false,,71,18,3,0,0,0,0,0,0,3,0,0,0,15,8,estimated from season exits versus eligible schedule | 15 eligible events not entered,Q School,normal,,,false,false,false,false,0,0,0,,0,false,,amateur,qSchool,,,true,true,
2030/31,wp-oscar-keane,Oscar Keane,27,ENG,Amateur,Q School,false,false,false,,0,0,,Amateur,112,112,,112,,,13,13,13,,112,,53,55,55,48,53,62,42,0,22,0,0,0,,0,,,,,,,0,0,0,0,0,0,0,0,0,"{""matches"":0,""wins"":0,""losses"":0,""draws"":0,""winPercentage"":0,""eventsEntered"":0,""titles"":0,""finals"":0,""prizeMoney"":0,""points"":0}",,,,,,,,,,,,,,104,,false,false,false,,71,18,3,0,0,0,0,0,0,3,0,0,0,15,8,estimated from season exits versus eligible schedule | 15 eligible events not entered,Q School,normal,,,false,false,false,false,0,0,0,,0,false,,qSchool,qSchool,,,true,true,
2030/31,wp-oscar-mercer,Oscar Mercer,29,ENG,Amateur,Q School,false,false,false,,0,0,,Amateur,113,113,,113,,,17,17,17,,113,,55,57,57,50,55,64,42,0,25,0,0,0,,0,,,,,,,0,0,0,0,0,0,0,0,0,"{""matches"":0,""wins"":0,""losses"":0,""draws"":0,""winPercentage"":0,""eventsEntered"":0,""titles"":0,""finals"":0,""prizeMoney"":0,""points"":0}",,,,,,,,,,,,,,88,,false,false,false,,71,18,3,0,0,0,0,0,0,3,0,0,0,15,8,estimated from season exits versus eligible schedule | 15 eligible events not entered,Q School,normal,,,false,false,false,false,0,0,0,,0,false,,qSchool,qSchool,,,true,true,
2030/31,wp-oscar-nash,Oscar Nash,29,ENG,Amateur,Q School,false,false,false,,0,0,,Amateur,114,114,,114,,,18,18,18,,114,,52,53,54,47,52,61,42,0,21,0,0,0,,0,,,,,,,0,0,0,0,0,0,0,0,0,"{""matches"":0,""wins"":0,""losses"":0,""draws"":0,""winPercentage"":0,""eventsEntered"":0,""titles"":0,""finals"":0,""prizeMoney"":0,""points"":0}",,,,,,,,,,,,,,114,,false,false,false,,71,18,3,0,0,0,0,0,0,3,0,0,0,15,8,estimated from season exits versus eligible schedule | 15 eligible events not entered,Q School,normal,,,false,false,false,false,0,0,0,,0,false,,qSchool,qSchool,,,true,true,
2030/31,wp-qualifier-16,Qualifier 16,34,INT,Amateur,Q School,false,false,false,,0,0,,Amateur,116,116,,116,,,31,31,31,,116,,60,61,62,57,57,67,51,23,30,9,1,8,11.11111111111111,1,,,,,,,0,25,20,5,15,25,5,0,0,"{""matches"":20,""wins"":5,""losses"":15,""draws"":0,""winPercentage"":25,""eventsEntered"":0,""titles"":5,""finals"":0,""prizeMoney"":0,""points"":0}",,,,,,,,,,,,,,116,,false,false,false,,71,18,9,0,0,0,0,0,5,4,0,0,0,9,2,estimated from season exits versus eligible schedule | 9 eligible events not entered,Q School,too high,,,false,false,false,false,0,0,0,,1,false,,amateur,qSchool,,,true,true,
2030/31,wp-rhys-mercer,Rhys Mercer,32,ENG,Amateur,Q School,false,false,false,,0,0,,Amateur,117,117,,117,,,28,28,28,,117,,65,71,67,63,64,74,42,0,40,0,0,0,,0,,,,,,,0,0,0,0,0,0,0,0,0,"{""matches"":0,""wins"":0,""losses"":0,""draws"":0,""winPercentage"":0,""eventsEntered"":0,""titles"":0,""finals"":0,""prizeMoney"":0,""points"":0}",,,,,,,,,,,,,,6,,false,false,false,,71,18,3,0,0,0,0,0,0,3,0,0,0,15,8,estimated from season exits versus eligible schedule | 15 eligible events not entered,Q School,normal,,,false,false,false,false,0,0,0,,0,false,,amateur,qSchool,,,true,true,
2030/31,wp-theo-crane,Theo Crane,29,GER,Amateur,Q School,false,false,false,,0,0,,Amateur,122,122,,122,,,16,16,16,,122,,63,68,65,60,63,72,42,0,38,0,0,0,,0,,,,,,,0,0,0,0,0,0,0,0,0,"{""matches"":0,""wins"":0,""losses"":0,""draws"":0,""winPercentage"":0,""eventsEntered"":0,""titles"":0,""finals"":0,""prizeMoney"":0,""points"":0}",,,,,,,,,,,,,,19,,false,false,false,,71,18,3,0,0,0,0,0,0,3,0,0,0,15,8,estimated from season exits versus eligible schedule | 15 eligible events not entered,Q School,normal,,,false,false,false,false,0,0,0,,0,false,,qSchool,qSchool,,,true,true,
2030/31,wp-theo-holt,Theo Holt,27,GER,Amateur,Q School,false,false,false,,0,0,,Amateur,123,123,,123,,,12,12,12,,123,,59,64,61,56,59,68,42,0,32,0,0,0,,0,,,,,,,0,0,0,0,0,0,0,0,0,"{""matches"":0,""wins"":0,""losses"":0,""draws"":0,""winPercentage"":0,""eventsEntered"":0,""titles"":0,""finals"":0,""prizeMoney"":0,""points"":0}",,,,,,,,,,,,,,51,,false,false,false,,71,18,3,0,0,0,0,0,0,3,0,0,0,15,8,estimated from season exits versus eligible schedule | 15 eligible events not entered,Q School,normal,,,false,false,false,false,0,0,0,,0,false,,qSchool,qSchool,,,true,true,
2030/31,wp-theo-keane,Theo Keane,25,GER,Amateur,Q School,false,false,false,,0,0,,Amateur,124,124,,124,,,3,3,3,,124,,53,57,55,48,53,62,42,0,23,0,0,0,,0,,,,,,,0,0,0,0,0,0,0,0,0,"{""matches"":0,""wins"":0,""losses"":0,""draws"":0,""winPercentage"":0,""eventsEntered"":0,""titles"":0,""finals"":0,""prizeMoney"":0,""points"":0}",,,,,,,,,,,,,,99,,false,false,false,,71,18,3,0,0,0,0,0,0,3,0,0,0,15,8,estimated from season exits versus eligible schedule | 15 eligible events not entered,Q School,normal,,,false,false,false,false,0,0,0,,0,false,,qSchool,qSchool,,,true,true,
2030/31,wp-theo-nash,Theo Nash,31,GER,Amateur,Q School,false,false,false,,0,0,,Amateur,125,125,,125,,,27,27,27,,125,,52,53,54,47,52,61,42,0,20,0,0,0,,0,,,,,,,0,0,0,0,0,0,0,0,0,"{""matches"":0,""wins"":0,""losses"":0,""draws"":0,""winPercentage"":0,""eventsEntered"":0,""titles"":0,""finals"":0,""prizeMoney"":0,""points"":0}",,,,,,,,,,,,,,115,,false,false,false,,71,18,3,0,0,0,0,0,0,3,0,0,0,15,8,estimated from season exits versus eligible schedule | 15 eligible events not entered,Q School,normal,,,false,false,false,false,0,0,0,,0,false,,amateur,qSchool,,,true,true,
